

         ___________________________________________________________
        |                                                          |
        | MOCCa v2.0 =                                             |
        |                                                          |
        |  #######   ##   #    # #####   ##   #      #    #  ####  |
        |     #     #  #  ##   #   #    #  #  #      #    # #      |
        |     #    #    # # #  #   #   #    # #      #    #  ####  |
        |     #    ###### #  # #   #   ###### #      #    #      # |
        |     #    #    # #   ##   #   #    # #      #    # #    # |
        |     #    #    # #    #   #   #    # ######  ####   ####  |
        |                                                          |
        |  Copyright  P.-H. Heenen, M. Bender & W. Ryssens         |
        |                                                          |
        |----------------------------------------------------------|
        | Runtype = Single-mode                                    |
        |-------------- Version Information -----------------------|
        |                                                          |
        | commit a411682d8567a90fa2d50f5d64d5d2a7b46638ba          |
        | Author: Wouter@Orome <wouter.ryssens@gmail.com>          |
        | Date:   Tue Jan 18 21:54:22 2022 +0100                   |
        |                                                          |
        |-------------- Symmetry Information ----------------------|
        |                                                          |
        | S.p. generators        = Rz,P,STy                        |
        | Axis reduction  X Y Z  =  1 1 1                          |
        | SYM_CODE               = 0 1 001 000 00 000 010 111      |
        | TRANS_CODE             = 0 1 001 000 10 000 010 111      |
        |-------------- Environment Information -------------------|
        |-------------- Compilation Information -------------------|
        | Compiled with:                                           |
        | GNU Fortran (Ubuntu 9.3.0-17ubuntu1~20.04) 9.3.0         |
        | Compilation flags reported:                              |
        | -O3 -Jmod -Wall -Wno-uninitialized                       |
        |__________________________________________________________|

         ___________________________________________________________
        | Symmetry-transformation of the input                     |
        | On file:                                                 |
        |    nx, ny, nz    =    12   12   12                       |
        |    dx            =  1.0000000 (fm)                       |
        |    nwn, nwn      =      20     20                        |
        |    (n+,n-)       = (    8    0   12    0)                |
        |    (p+,p-)       = (    8    0   12    0)                |
        | This calculation:                                        |
        |    nx, ny, nz    =    12   12   12                       |
        |    dx            =  1.0000000(fm)                        |
        |    nwn, nwn      =      40     40                        |
        |    (n+,n-)       = (    8    8   12   12)                |
        |    (p+,p-)       = (    8    8   12   12)                |
        |__________________________________________________________|

------------------------------General Information ------------------------------
 Mesh parameters
   nx =    12 ny =    12 nz =    12 mv =  1728
   dx =         1.0000000000 (fm  ) 
   dv =  8.00 (fm^3) 
 Nucleus
    N =   13.00000  Z =   12.00000
 Wavefunctions
  nwt =    80
  nwn =    40
  nwp =    40
 Inverse temperature Beta =   -1.000000000
 IO information
  inputfilename  =tant.Mg25.EFA.wf                
  outputfilename =tant.Mg25.EFA.T.wf              
 Information obtained from file 
      - version number          :     5
      - Bogoliubov transfo read?:     T
      - Bogoliubov transfo used?:     T
      - Blocking type           :     4
      - Blocknumber             :     1
      - Block lowest            : n+
      - Passed blocking test    :     T
 Checkpointiter =         0
 Filename for other output (not written if empty): 
    BXL output     =                                         
    DEN file       =                                         
    POT file       =                                         
    SPHF file      =                                         
    SPCAN file     =                                         
    TO file        =                                         
    BLOCK file     =                                         
 Convergence required
  Energy convergence           <  1.0E-11
  Multipole moment convergence <  1.0E-05
  Dispersion convergence       <  1.0E-05
  S.p. gradient convergenc     <  1.0E+00
  Fermi energy convergence     <  1.0E-03
  Angular momentum convergence <  1.0E-03
--------------------------------------------------------------------------------
 Evolution strategy: HEAVYBALL           
   maxiter =  200 printiter =    10
   Estimate (dt,mu) linear subproblem  : YES
   Estimate (dt,mu) pairing subproblem : YES
   Safety HFB-gradient                 :  0.1000
 Diagonalise the s.p. hamiltonian: YES
--------------------------------------------------------------------------------
 SCF iteration strategy: 
       Potential preconditioning
   Preconfactor=  1.0000
--------------------------------------------------------------------------------
 Pairing treatment: Hartree-Fock-Bogoliubov (HFB)                               
   Pairing strategy:Direct diagonalisation                                      
   Fermi-solver: BRENT                                                                                              
     -> Fermi tolerance:  1.000E-15
   Cutoff parameters  =      Symmetric Fermi
     dE (n,p) =  7.42 7.42 MeV 
     mu (n,p) =  0.50 0.50 MeV 
   Initialisation:
   -> started with HFB transformation from file
   Gas-treatment:  Normal
  Blocking Options
    Blocking type: 4
    Equal Filling    
    Blocknumber  =  1
    Blocklowest  =  n+
------------------------------- Multipole Moments-------------------------------
Maximum l considered =  10 (mass)   3 (magnetic) 
Quantisation Axis for the multipole moments:  Z
  With secondary axis ordering             :  X,Y
  Total permutation                        : (Z,X,Y)
Correction of spherical harmonics with COM: NOT ACTIVE
Cutoff parameters
  CutoffType =  0
  radd       =  0.40E+01
  acut       =  0.40E+00
  cutfac     =  0.10E+02
----------------------------- Cranking information -----------------------------
 Cranking frequencies:   
    Omega_X =           0.000
    Omega_Y =           0.000
    Omega_Z =           0.000
    => read from STDIN 
 Cranking target values: 
    J_X     =           0.000
    J_Y     =           0.000
    J_Z     =           0.000
 Cranking types:   0  0  0
 Cranking on the basis of SUMMED SPWF ANGULAR MOMENTUM
--------------------------------------------------------------------------------
 Parameterization name     BSkG1                         
 Functional name           BXL.FUNC            
 - - - - - - - - - - - - - - - - - - - - - - - - - - - - - - - -
 Parameters
    t0   -1882.355
    x0       0.196
    t1     344.790
    x1      -0.580
    t2      -2.432
    x2      69.985
    t3   12321.956
    x3       0.121
   wso     123.922
 sigma       0.300
   CT0       0.000
   CT1       0.000
 CSDS0       0.000
 CSDS1       0.000
  wsoq      83.519
    Vn    -644.921
    Vp    -682.559
 alpha       0.692
sigmap       0.773
 - - - - - - - - - - - - - - - - - - - - - - - - - - - - - - - -
 Coulomb Treatment =  2
   Only Direct contribution included.
   Discretisation of laplacian:   5-point stencil.
   Protonsize  =    0.895   0.000
   Neutronsize =    0.387   0.467
   Proton form factor  = One Gaussian
   Neutron form factor = Difference of two Gaussians
   Folding included self-consistently.
   Nucleon radii corrected for HO basis size.
 - - - - - - - - - - - - - - - - - - - - - - - - - - - - - - - -
 Center-of-mass options
   One-body: self-consistent
   Two-body: perturbative
     -> Attention: only calculated every  10 iterations.
 - - - - - - - - - - - - - - - - - - - - - - - - - - - - - - - -
 Rotational & vibrational correction 
    Included.    
     -> Attention: only calculated every  10 iterations.
    Rot. Param. b = 0.930
                c = 5.000
    Vib. Param. d = 0.000
                l = 0.000
                b = 0.000
    Cutoff :     ACTIVE
      window      = 7.420 7.420 (MeV)
      mu          = 0.500 0.500 (MeV)
 - - - - - - - - - - - - - - - - - - - - - - - - - - - - - - - -
 Elementary Constants
 e^2            =  1.43996446 (sqrt(MeV fm)) 
 hbar^2/(2*mn)  = 20.73553000 (MeV fm^2)
 hbar^2/(2*mp)  = 20.73553000 (MeV fm^2)
 - - - - - - - - - - -
 Skyrme coupling constants 
     __________________________________________________________
                                      Isospin representation
                                      C_0            C_1    
     __________________________________________________________
                 B_D_I_I_D_I_I   -1033.542718     655.319010
               B_D_I_I_D_Nm_Nm      39.303646     -35.932406
               B_D_I_Sm_D_I_Sm     -92.365101     470.588809
            B_D_I_Sm_D_I_Sm_DD      61.995458    -513.414842
             B_D_I_I_Lap_D_I_I     -51.361097     -15.905427
              B_D_I_I_D_I_I_DD    1088.825143    -637.405759
           B_C_I_NmSk_C_I_NmSk       0.000000      -0.000000
               B_C_I_Nm_C_I_Nm     -39.303646      35.932406
           B_D_I_Sm_Lap_D_I_Sm       0.000000       0.000000
            B_D_I_Sm_D_Nk_NkSm       0.000000       0.000000
       B_D_I_I_Derm_C_I_NxmSxm     -61.960789     -41.759343
        B_C_I_Nm_Derxm_D_I_Sxm     -61.960789     -41.759343
     __________________________________________________________
                                      BFH representation 
                                      C_0            C_q    
                 B_D_I_I_D_I_I    -705.883213     327.659505
               B_D_I_I_D_Nm_Nm      21.337442     -17.966203
               B_D_I_Sm_D_I_Sm     142.929304     235.294404
            B_D_I_Sm_D_I_Sm_DD    -194.711963    -256.707421
             B_D_I_I_Lap_D_I_I     -59.313810      -7.952713
              B_D_I_I_D_I_I_DD     770.122263    -318.702879
           B_C_I_NmSk_C_I_NmSk      -0.000000      -0.000000
               B_C_I_Nm_C_I_Nm     -21.337442      17.966203
           B_D_I_Sm_Lap_D_I_Sm       0.000000       0.000000
            B_D_I_Sm_D_Nk_NkSm       0.000000       0.000000
       B_D_I_I_Derm_C_I_NxmSxm     -82.840461     -20.879672
        B_C_I_Nm_Derxm_D_I_Sxm     -82.840461     -20.879672
     __________________________________________________________
                                      Pairing terms 
                                      neutron        proton 
               B_DP_I_I_DP_I_I    -161.230153    -170.639813
               B_CP_I_I_CP_I_I    -161.230153    -170.639813
     __________________________________________________________
--------------------- Hartree-Fock basis-------------------------------------------------------------------
__________________________________________________________________________________________________________
   Neutron wavefunctions
  i     P   Rz   occ          E       d2h    Delta |   JxT    JyT    Jz      J   |   SxT    SyT    Sz
----------------------------------------------------------------------------------------------------------
  1  1.00  1.0  1.0000     -38.084  1.2E-10   0.00 |  -0.50   0.50   0.50   0.52 |  -0.50   0.50   0.50
  9  1.00 -1.0  1.0000     -38.084  1.2E-10   0.00 |   0.50   0.50  -0.50   0.52 |   0.50   0.50  -0.50
 17 -1.00  1.0  1.0000     -27.095  2.6E-10   0.00 |  -0.84   0.84   0.50   1.44 |  -0.46   0.46   0.43
 29 -1.00 -1.0  1.0000     -27.095  2.6E-10   0.00 |   0.84   0.84  -0.50   1.44 |   0.46   0.46  -0.43
 19 -1.00  1.0  1.0000     -24.087  6.0E-09   0.00 |   0.00   0.00  -1.50   1.52 |   0.00   0.00  -0.50
 31 -1.00 -1.0  1.0000     -24.087  6.0E-09   0.00 |  -0.00   0.00   1.50   1.52 |  -0.00   0.00   0.50
 25 -1.00  1.0  1.0000     -19.598  5.8E-09   0.00 |   0.34  -0.34   0.50   0.68 |  -0.04   0.04  -0.43
 37 -1.00 -1.0  1.0000     -19.598  5.8E-09   0.00 |  -0.34  -0.34  -0.50   0.68 |   0.04   0.04   0.43
  2  1.00  1.0  1.0000     -15.687  1.7E-09   0.00 |  -1.28   1.28   0.50   2.27 |  -0.40   0.40   0.29
 10  1.00 -1.0  1.0000     -15.687  1.7E-09   0.00 |   1.28   1.28  -0.50   2.27 |   0.40   0.40  -0.29
  3  1.00  1.0  1.0000     -13.777  4.5E-09   0.00 |   0.00  -0.00  -1.50   2.49 |   0.00  -0.00  -0.43
 11  1.00 -1.0  1.0000     -13.777  4.5E-09   0.00 |  -0.00  -0.00   1.50   2.49 |  -0.00  -0.00   0.43
  4  1.00  1.0  0.5000     -11.112  2.2E-08   0.00 |  -0.00   0.00   2.50   2.52 |   0.00  -0.00   0.50
 12  1.00 -1.0  0.5000     -11.112  2.2E-08   0.00 |   0.00   0.00  -2.50   2.52 |  -0.00  -0.00  -0.50
  5  1.00  1.0  0.0000      -9.251  2.1E-08   0.00 |  -0.47   0.47   0.50   1.25 |  -0.34   0.34   0.18
 13  1.00 -1.0  0.0000      -9.251  2.1E-08   0.00 |   0.47   0.47  -0.50   1.25 |   0.34   0.34  -0.18
  6  1.00  1.0  0.0000      -6.322  1.1E-08   0.00 |   0.75  -0.75   0.50   1.40 |  -0.27   0.27   0.03
 14  1.00 -1.0  0.0000      -6.322  1.1E-08   0.00 |  -0.75  -0.75  -0.50   1.40 |   0.27   0.27  -0.03
 20 -1.00  1.0  0.0000      -4.459  4.4E-09   0.00 |  -1.60   1.60   0.50   2.95 |  -0.37   0.37   0.24
 32 -1.00 -1.0  0.0000      -4.459  4.4E-09   0.00 |   1.60   1.60  -0.50   2.95 |   0.37   0.37  -0.24
  7  1.00  1.0  0.0000      -3.667  8.1E-09   0.00 |  -0.00   0.00  -1.50   1.57 |  -0.00   0.00   0.43
 15  1.00 -1.0  0.0000      -3.667  8.1E-09   0.00 |   0.00   0.00   1.50   1.57 |   0.00   0.00  -0.43
 21 -1.00  1.0  0.0000      -2.906  1.1E-08   0.00 |   0.00  -0.00  -1.50   3.31 |   0.00  -0.00  -0.36
 33 -1.00 -1.0  0.0000      -2.906  1.1E-08   0.00 |  -0.00  -0.00   1.50   3.31 |  -0.00  -0.00   0.36
 22 -1.00  1.0  0.0000      -0.830  3.9E-07   0.00 |  -0.00   0.00   2.50   3.50 |   0.00  -0.00   0.45
 34 -1.00 -1.0  0.0000      -0.830  3.9E-07   0.00 |   0.00   0.00  -2.50   3.50 |  -0.00  -0.00  -0.45
 23 -1.00  1.0  0.0000      -0.233  3.9E-07   0.00 |  -0.67   0.67   0.50   2.01 |  -0.40   0.40   0.31
 35 -1.00 -1.0  0.0000      -0.233  3.9E-07   0.00 |   0.67   0.67  -0.50   2.01 |   0.40   0.40  -0.31
 28 -1.00  1.0  0.0000       0.889  1.3E-04   0.00 |   0.41   0.47  -1.17   1.96 |   0.36   0.36  -0.49
 40  1.00 -1.0  0.0000       0.889  1.3E-04   0.00 |  -0.41   0.47   1.17   1.96 |  -0.36   0.36   0.49
 24 -1.00  1.0  0.0000       0.911  1.6E-04   0.00 |  -0.57  -0.32   0.16   1.69 |  -0.37  -0.35  -0.48
 36 -1.00 -1.0  0.0000       0.911  1.6E-04   0.00 |   0.57  -0.32  -0.16   1.69 |   0.37  -0.35   0.48
 27 -1.00  1.0  0.0000       1.039  2.6E-05   0.00 |   0.50  -0.49   0.49   2.22 |   0.50  -0.50   0.50
 39 -1.00 -1.0  0.0000       1.039  2.6E-05   0.00 |  -0.50  -0.49  -0.49   2.22 |  -0.50  -0.50  -0.50
  8  1.00  1.0  0.0000       1.043  1.8E-06   0.00 |   0.14   0.16   0.47   2.05 |   0.13   0.13  -0.50
 16 -1.00 -1.0  0.0000       1.043  1.8E-06   0.00 |  -0.14   0.16  -0.47   2.05 |  -0.13   0.13   0.50
 18 -1.00  1.0  0.0000       1.606  1.6E-04   0.00 |  -0.48   0.48   0.43   2.19 |  -0.48   0.48   0.45
 30 -1.00 -1.0  0.0000       1.606  1.6E-04   0.00 |   0.48   0.48  -0.43   2.19 |   0.48   0.48  -0.45
 26 -1.00  1.0  0.0000       1.721  1.6E-04   0.00 |  -0.00   0.00  -3.40   3.49 |  -0.01   0.01  -0.48
 38 -1.00 -1.0  0.0000       1.721  1.6E-04   0.00 |   0.00   0.00   3.40   3.49 |   0.01   0.01   0.48
__________________________________________________________________________________________________________
   Proton  wavefunctions
  i     P   Rz   occ          E       d2h    Delta |   JxT    JyT    Jz      J   |   SxT    SyT    Sz
----------------------------------------------------------------------------------------------------------
 41  1.00  1.0  1.0000     -34.316  1.8E-10   0.00 |  -0.50   0.50   0.50   0.52 |  -0.50   0.50   0.50
 49  1.00 -1.0  1.0000     -34.316  1.8E-10   0.00 |   0.50   0.50  -0.50   0.52 |   0.50   0.50  -0.50
 57 -1.00  1.0  1.0000     -23.439  7.1E-10   0.00 |  -0.85   0.85   0.50   1.44 |  -0.46   0.46   0.42
 69 -1.00 -1.0  1.0000     -23.439  7.1E-10   0.00 |   0.85   0.85  -0.50   1.44 |   0.46   0.46  -0.42
 59 -1.00  1.0  1.0000     -20.861  7.8E-09   0.02 |   0.00   0.00  -1.50   1.52 |   0.00   0.00  -0.50
 71 -1.00 -1.0  1.0000     -20.861  7.8E-09   0.02 |  -0.00   0.00   1.50   1.52 |  -0.00   0.00   0.50
 65 -1.00  1.0  0.9948     -16.372  7.3E-09   1.04 |   0.35  -0.35   0.50   0.67 |  -0.04   0.04  -0.42
 77 -1.00 -1.0  0.9948     -16.372  7.3E-09   1.04 |  -0.35  -0.35  -0.50   0.67 |   0.04   0.04   0.42
 42  1.00  1.0  0.9625     -12.115  5.0E-09   1.19 |  -1.30   1.30   0.50   2.29 |  -0.39   0.39   0.28
 50  1.00 -1.0  0.9625     -12.115  5.0E-09   1.19 |   1.30   1.30  -0.50   2.29 |   0.39   0.39  -0.28
 43  1.00  1.0  0.8393     -10.456  8.5E-09   1.35 |   0.00  -0.00  -1.50   2.49 |   0.00  -0.00  -0.43
 51  1.00 -1.0  0.8393     -10.456  8.5E-09   1.35 |  -0.00  -0.00   1.50   2.49 |  -0.00  -0.00   0.43
 44  1.00  1.0  0.1721      -8.027  2.5E-08   1.36 |  -0.00   0.00   2.50   2.52 |   0.00  -0.00   0.50
 52  1.00 -1.0  0.1721      -8.027  2.5E-08   1.36 |   0.00   0.00  -2.50   2.52 |  -0.00  -0.00  -0.50
 45  1.00  1.0  0.0224      -5.772  2.4E-08   1.06 |  -0.43   0.43   0.50   1.21 |  -0.34   0.34   0.18
 53  1.00 -1.0  0.0224      -5.772  2.4E-08   1.06 |   0.43   0.43  -0.50   1.21 |   0.34   0.34  -0.18
 46  1.00  1.0  0.0079      -3.087  2.2E-08   1.09 |   0.73  -0.73   0.50   1.39 |  -0.27   0.27   0.04
 54  1.00 -1.0  0.0079      -3.087  2.2E-08   1.09 |  -0.73  -0.73  -0.50   1.39 |   0.27   0.27  -0.04
 60 -1.00  1.0  0.0005      -0.944  1.0E-08   0.38 |  -1.62   1.62   0.50   2.98 |  -0.37   0.37   0.23
 72 -1.00 -1.0  0.0005      -0.944  1.0E-08   0.38 |   1.62   1.62  -0.50   2.98 |   0.37   0.37  -0.23
 47  1.00  1.0  0.0005      -0.685  1.8E-08   0.37 |  -0.00   0.00  -1.50   1.57 |  -0.00   0.00   0.43
 55  1.00 -1.0  0.0005      -0.685  1.8E-08   0.37 |   0.00   0.00   1.50   1.57 |   0.00   0.00  -0.43
 61 -1.00  1.0  0.0000       0.453  1.9E-08   0.11 |   0.00  -0.00  -1.50   3.30 |   0.00  -0.00  -0.36
 73 -1.00 -1.0  0.0000       0.453  1.9E-08   0.11 |  -0.00  -0.00   1.50   3.30 |  -0.00  -0.00   0.36
 67 -1.00  1.0  0.0000       2.139  2.1E-06   0.00 |   0.48  -0.48   0.60   2.25 |   0.48  -0.48   0.50
 79 -1.00 -1.0  0.0000       2.139  2.1E-06   0.00 |  -0.48  -0.48  -0.60   2.25 |  -0.48  -0.48  -0.50
 48  1.00  1.0  0.0000       2.361  3.6E-07   0.00 |   0.12   0.12   0.49   2.11 |   0.11   0.11  -0.50
 56 -1.00 -1.0  0.0000       2.361  3.6E-07   0.00 |  -0.12   0.12  -0.49   2.11 |  -0.11   0.11   0.50
 62 -1.00  1.0  0.0000       2.400  3.3E-05   0.02 |   0.01  -0.00   2.38   3.44 |   0.01  -0.01   0.45
 74 -1.00 -1.0  0.0000       2.400  3.3E-05   0.02 |  -0.01  -0.00  -2.38   3.44 |  -0.01  -0.01  -0.45
 63 -1.00  1.0  0.0000       2.477  3.6E-05   0.01 |  -0.25   0.27   0.51   1.89 |  -0.44   0.43   0.37
 75 -1.00 -1.0  0.0000       2.477  3.6E-05   0.01 |   0.25   0.27  -0.51   1.89 |   0.44   0.43  -0.37
 68 -1.00  1.0  0.0000       2.662  8.0E-06   0.00 |   0.52   0.77  -0.74   2.15 |   0.46   0.48  -0.48
 80 -1.00 -1.0  0.0000       2.662  8.0E-06   0.00 |  -0.52   0.77   0.74   2.15 |  -0.46   0.48   0.48
 64 -1.00  1.0  0.0000       2.663  3.6E-06   0.00 |  -0.90  -0.43  -0.26   2.09 |  -0.49  -0.45  -0.46
 76 -1.00 -1.0  0.0000       2.663  3.6E-06   0.00 |   0.90  -0.43   0.26   2.09 |   0.49  -0.45   0.46
 66 -1.00  1.0  0.0000       3.762  3.9E-08   0.00 |  -0.63   0.63   0.50   2.36 |  -0.44   0.44   0.37
 78 -1.00 -1.0  0.0000       3.762  3.9E-08   0.00 |   0.63   0.63  -0.50   2.36 |   0.44   0.44  -0.37
 58 -1.00  1.0  0.0000       4.669  3.4E-06   0.00 |  -0.00   0.00  -3.21   3.60 |   0.00   0.00  -0.50
 70 -1.00 -1.0  0.0000       4.669  3.4E-06   0.00 |   0.00   0.00   3.21   3.60 |  -0.00   0.00   0.50
----------------------------------------------------------------------------------------------------------
--------------------- Canonical    basis-------------------------------------------------------------------
__________________________________________________________________________________________________________
   Neutron wavefunctions
  i     P   Rz   occ          E       d2h    Delta |   JxT    JyT    Jz      J   |   SxT    SyT    Sz
----------------------------------------------------------------------------------------------------------
  1  1.00  1.0  1.0000     -38.084  0.0E+00   0.00 |  -0.50   0.50   0.50   0.52 |  -0.50   0.50   0.50
  9  1.00 -1.0  1.0000     -38.084  0.0E+00   0.00 |   0.50   0.50  -0.50   0.52 |   0.50   0.50  -0.50
 17 -1.00  1.0  1.0000     -27.095  0.0E+00   0.00 |  -0.84   0.84   0.50   1.44 |  -0.46   0.46   0.43
 29 -1.00 -1.0  1.0000     -27.095  0.0E+00   0.00 |   0.84   0.84  -0.50   1.44 |   0.46   0.46  -0.43
 19 -1.00  1.0  1.0000     -24.087  0.0E+00   0.00 |   0.00   0.00  -1.50   1.52 |   0.00   0.00  -0.50
 31 -1.00 -1.0  1.0000     -24.087  0.0E+00   0.00 |  -0.00   0.00   1.50   1.52 |  -0.00   0.00   0.50
 25 -1.00  1.0  1.0000     -19.598  0.0E+00   0.00 |   0.34  -0.34   0.50   0.68 |  -0.04   0.04  -0.43
 37 -1.00 -1.0  1.0000     -19.598  0.0E+00   0.00 |  -0.34  -0.34  -0.50   0.68 |   0.04   0.04   0.43
  2  1.00  1.0  1.0000     -15.687  0.0E+00   0.00 |  -1.28   1.28   0.50   2.27 |  -0.40   0.40   0.29
 10  1.00 -1.0  1.0000     -15.687  0.0E+00   0.00 |   1.28   1.28  -0.50   2.27 |   0.40   0.40  -0.29
  3  1.00  1.0  1.0000     -13.777  0.0E+00   0.00 |   0.00  -0.00  -1.50   2.49 |   0.00  -0.00  -0.43
 11  1.00 -1.0  1.0000     -13.777  0.0E+00   0.00 |  -0.00  -0.00   1.50   2.49 |  -0.00  -0.00   0.43
  4  1.00  1.0  0.5000     -11.112  0.0E+00   0.00 |  -0.00   0.00   2.50   2.52 |   0.00  -0.00   0.50
 12  1.00 -1.0  0.5000     -11.112  0.0E+00   0.00 |   0.00   0.00  -2.50   2.52 |  -0.00  -0.00  -0.50
  5  1.00  1.0  0.0000      -9.251  0.0E+00   0.00 |  -0.47   0.47   0.50   1.25 |  -0.34   0.34   0.18
 13  1.00 -1.0  0.0000      -9.251  0.0E+00   0.00 |   0.47   0.47  -0.50   1.25 |   0.34   0.34  -0.18
  6  1.00  1.0  0.0000      -6.322  0.0E+00   0.00 |   0.75  -0.75   0.50   1.40 |  -0.27   0.27   0.03
 14  1.00 -1.0  0.0000      -6.322  0.0E+00   0.00 |  -0.75  -0.75  -0.50   1.40 |   0.27   0.27  -0.03
 28 -1.00  1.0  0.0000      -4.459  0.0E+00   0.00 |  -1.60   1.60   0.50   2.95 |  -0.37   0.37   0.24
 40  1.00 -1.0  0.0000      -4.459  0.0E+00   0.00 |   1.60   1.60  -0.50   2.95 |   0.37   0.37  -0.24
  7  1.00  1.0  0.0000      -3.667  0.0E+00   0.00 |  -0.00   0.00  -1.50   1.57 |  -0.00   0.00   0.43
 15  1.00 -1.0  0.0000      -3.667  0.0E+00   0.00 |   0.00   0.00   1.50   1.57 |   0.00   0.00  -0.43
 21 -1.00  1.0  0.0000      -2.906  0.0E+00   0.00 |   0.00  -0.00  -1.50   3.31 |   0.00  -0.00  -0.36
 33 -1.00 -1.0  0.0000      -2.906  0.0E+00   0.00 |  -0.00  -0.00   1.50   3.31 |  -0.00  -0.00   0.36
 22 -1.00  1.0  0.0000      -0.830  0.0E+00   0.00 |  -0.00   0.00   2.50   3.50 |   0.00  -0.00   0.45
 34 -1.00 -1.0  0.0000      -0.830  0.0E+00   0.00 |   0.00   0.00  -2.50   3.50 |  -0.00  -0.00  -0.45
 23 -1.00  1.0  0.0000      -0.233  0.0E+00   0.00 |  -0.67   0.67   0.50   2.01 |  -0.40   0.40   0.31
 35 -1.00 -1.0  0.0000      -0.233  0.0E+00   0.00 |   0.67   0.67  -0.50   2.01 |   0.40   0.40  -0.31
 20 -1.00  1.0  0.0000       0.889  0.0E+00   0.00 |   0.41   0.47  -1.17   1.96 |   0.36   0.36  -0.49
 32 -1.00 -1.0  0.0000       0.889  0.0E+00   0.00 |  -0.41   0.47   1.17   1.96 |  -0.36   0.36   0.49
 24 -1.00  1.0  0.0000       0.911  0.0E+00   0.00 |  -0.57  -0.32   0.16   1.69 |  -0.37  -0.35  -0.48
 36 -1.00 -1.0  0.0000       0.911  0.0E+00   0.00 |   0.57  -0.32  -0.16   1.69 |   0.37  -0.35   0.48
 27 -1.00  1.0  0.0000       1.039  0.0E+00   0.00 |   0.50  -0.49   0.49   2.22 |   0.50  -0.50   0.50
 39 -1.00 -1.0  0.0000       1.039  0.0E+00   0.00 |  -0.50  -0.49  -0.49   2.22 |  -0.50  -0.50  -0.50
  8  1.00  1.0  0.0000       1.043  0.0E+00   0.00 |   0.14   0.16   0.47   2.05 |   0.13   0.13  -0.50
 16 -1.00 -1.0  0.0000       1.043  0.0E+00   0.00 |  -0.14   0.16  -0.47   2.05 |  -0.13   0.13   0.50
 18 -1.00  1.0  0.0000       1.606  0.0E+00   0.00 |  -0.48   0.48   0.43   2.19 |  -0.48   0.48   0.45
 30 -1.00 -1.0  0.0000       1.606  0.0E+00   0.00 |   0.48   0.48  -0.43   2.19 |   0.48   0.48  -0.45
 26 -1.00  1.0  0.0000       1.721  0.0E+00   0.00 |  -0.00   0.00  -3.40   3.49 |  -0.01   0.01  -0.48
 38 -1.00 -1.0  0.0000       1.721  0.0E+00   0.00 |   0.00   0.00   3.40   3.49 |   0.01   0.01   0.48
__________________________________________________________________________________________________________
   Proton  wavefunctions
  i     P   Rz   occ          E       d2h    Delta |   JxT    JyT    Jz      J   |   SxT    SyT    Sz
----------------------------------------------------------------------------------------------------------
 41  1.00  1.0  1.0000     -34.316  0.0E+00   0.00 |  -0.50   0.50   0.50   0.52 |  -0.50   0.50   0.50
 49  1.00 -1.0  1.0000     -34.316  0.0E+00  -0.00 |   0.50   0.50  -0.50   0.52 |   0.50   0.50  -0.50
 57 -1.00  1.0  1.0000     -23.439  0.0E+00   0.00 |  -0.85   0.85   0.50   1.44 |  -0.46   0.46   0.42
 69 -1.00 -1.0  1.0000     -23.439  0.0E+00  -0.00 |   0.85   0.85  -0.50   1.44 |   0.46   0.46  -0.42
 59 -1.00  1.0  1.0000     -20.861  0.0E+00   0.02 |   0.00   0.00  -1.50   1.52 |   0.00   0.00  -0.50
 71 -1.00 -1.0  1.0000     -20.861  0.0E+00  -0.02 |  -0.00   0.00   1.50   1.52 |  -0.00   0.00   0.50
 65 -1.00  1.0  0.9948     -16.372  0.0E+00   1.04 |   0.35  -0.35   0.50   0.67 |  -0.04   0.04  -0.42
 77 -1.00 -1.0  0.9948     -16.372  0.0E+00  -1.04 |  -0.35  -0.35  -0.50   0.67 |   0.04   0.04   0.42
 42  1.00  1.0  0.9625     -12.115  0.0E+00   1.19 |  -1.30   1.30   0.50   2.29 |  -0.39   0.39   0.28
 50  1.00 -1.0  0.9625     -12.115  0.0E+00  -1.19 |   1.30   1.30  -0.50   2.29 |   0.39   0.39  -0.28
 43  1.00  1.0  0.8393     -10.456  0.0E+00   1.35 |   0.00  -0.00  -1.50   2.49 |   0.00  -0.00  -0.43
 51  1.00 -1.0  0.8393     -10.456  0.0E+00  -1.35 |  -0.00  -0.00   1.50   2.49 |  -0.00  -0.00   0.43
 44  1.00  1.0  0.1721      -8.027  0.0E+00   1.36 |  -0.00   0.00   2.50   2.52 |   0.00  -0.00   0.50
 52  1.00 -1.0  0.1721      -8.027  0.0E+00  -1.36 |   0.00   0.00  -2.50   2.52 |  -0.00  -0.00  -0.50
 45  1.00  1.0  0.0224      -5.772  0.0E+00   1.06 |  -0.43   0.43   0.50   1.21 |  -0.34   0.34   0.18
 53  1.00 -1.0  0.0224      -5.772  0.0E+00  -1.06 |   0.43   0.43  -0.50   1.21 |   0.34   0.34  -0.18
 46  1.00  1.0  0.0079      -3.087  0.0E+00   1.09 |   0.73  -0.73   0.50   1.39 |  -0.27   0.27   0.04
 54  1.00 -1.0  0.0079      -3.087  0.0E+00  -1.09 |  -0.73  -0.73  -0.50   1.39 |   0.27   0.27  -0.04
 68 -1.00  1.0  0.0005      -0.944  0.0E+00   0.38 |  -1.62   1.62   0.50   2.98 |  -0.37   0.37   0.23
 80 -1.00 -1.0  0.0005      -0.944  0.0E+00  -0.38 |   1.62   1.62  -0.50   2.98 |   0.37   0.37  -0.23
 47  1.00  1.0  0.0005      -0.685  0.0E+00   0.37 |  -0.00   0.00  -1.50   1.57 |  -0.00   0.00   0.43
 55  1.00 -1.0  0.0005      -0.685  0.0E+00  -0.37 |   0.00   0.00   1.50   1.57 |   0.00   0.00  -0.43
 61 -1.00  1.0  0.0000       0.453  0.0E+00   0.11 |   0.00  -0.00  -1.50   3.30 |   0.00  -0.00  -0.36
 73 -1.00 -1.0  0.0000       0.453  0.0E+00  -0.11 |  -0.00  -0.00   1.50   3.30 |  -0.00  -0.00   0.36
 67 -1.00  1.0  0.0000       2.139  0.0E+00   0.00 |   0.48  -0.48   0.60   2.25 |   0.48  -0.48   0.50
 79 -1.00 -1.0  0.0000       2.139  0.0E+00  -0.00 |  -0.48  -0.48  -0.60   2.25 |  -0.48  -0.48  -0.50
 48  1.00  1.0  0.0000       2.361  0.0E+00   0.00 |   0.12   0.12   0.49   2.11 |   0.11   0.11  -0.50
 56 -1.00 -1.0  0.0000       2.361  0.0E+00  -0.00 |  -0.12   0.12  -0.49   2.11 |  -0.11   0.11   0.50
 62 -1.00  1.0  0.0000       2.400  0.0E+00   0.02 |   0.01  -0.00   2.38   3.44 |   0.01  -0.01   0.45
 74 -1.00 -1.0  0.0000       2.400  0.0E+00  -0.02 |  -0.01  -0.00  -2.38   3.44 |  -0.01  -0.01  -0.45
 63 -1.00  1.0  0.0000       2.477  0.0E+00   0.00 |  -0.25   0.27   0.51   1.89 |  -0.44   0.43   0.37
 75 -1.00 -1.0  0.0000       2.477  0.0E+00  -0.00 |   0.25   0.27  -0.51   1.89 |   0.44   0.43  -0.37
 60 -1.00  1.0  0.0000       2.662  0.0E+00   0.00 |   0.52   0.77  -0.74   2.15 |   0.46   0.48  -0.48
 72 -1.00 -1.0  0.0000       2.662  0.0E+00  -0.00 |  -0.52   0.77   0.74   2.15 |  -0.46   0.48   0.48
 64 -1.00  1.0  0.0000       2.663  0.0E+00   0.00 |  -0.90  -0.43  -0.26   2.09 |  -0.49  -0.45  -0.46
 76 -1.00 -1.0  0.0000       2.663  0.0E+00  -0.00 |   0.90  -0.43   0.26   2.09 |   0.49  -0.45   0.46
 66 -1.00  1.0  0.0000       3.762  0.0E+00   0.00 |  -0.63   0.63   0.50   2.36 |  -0.44   0.44   0.37
 78 -1.00 -1.0  0.0000       3.762  0.0E+00  -0.00 |   0.63   0.63  -0.50   2.36 |   0.44   0.44  -0.37
 58 -1.00  1.0  0.0000       4.669  0.0E+00   0.00 |  -0.00   0.00  -3.21   3.60 |   0.00   0.00  -0.50
 70 -1.00 -1.0  0.0000       4.669  0.0E+00  -0.00 |   0.00   0.00   3.21   3.60 |  -0.00   0.00   0.50
----------------------------------------------------------------------------------------------------------
---------------------------------Quasiparticles---------------------------------
Block 1:  P=+1  neutrons
  N      Eqp       f_n      |   U   V  |   B  P  ov_TR |    JxT    JyT    Jz
________________________________________________________________________________
  1    -26.08      0.00E+00 |    1   0 |   -  -  0.000 |    0.00   0.00   0.50
  2    -13.05      0.00E+00 |    0  16 |   -  -  0.000 |    0.00   0.00   0.47
  3     -8.34      0.00E+00 |    0  15 |   -  -  0.000 |    0.00   0.00  -1.50
  4     -5.68      0.00E+00 |    0  14 |   -  -  0.000 |    0.00   0.00   0.50
  5     -3.68      0.00E+00 |    2   0 |   -  -  0.000 |    0.00   0.00   0.50
  6     -2.75      0.00E+00 |    0  13 |   -  -  0.000 |    0.00   0.00   0.50
  7     -1.77      0.00E+00 |    3   0 |   -  -  0.000 |    0.00   0.00  -1.50
  8     -0.89      5.00E-01 |    0  12 |   -  -  0.000 |    0.00   0.00   2.50
  9    -26.08      0.00E+00 |    9   0 |   -  -  0.000 |    0.00   0.00  -0.50
 10    -13.05      0.00E+00 |    0   8 |   -  -  0.000 |    0.00   0.00  -0.47
 11     -8.34      0.00E+00 |    0   7 |   -  -  0.000 |    0.00   0.00   1.50
 12     -5.68      0.00E+00 |    0   6 |   -  -  0.000 |    0.00   0.00  -0.50
 13     -3.68      0.00E+00 |   10   0 |   -  -  0.000 |    0.00   0.00  -0.50
 14     -2.75      0.00E+00 |    0   5 |   -  -  0.000 |    0.00   0.00  -0.50
 15     -1.77      0.00E+00 |   11   0 |   -  -  0.000 |    0.00   0.00   1.50
 16     -0.89      5.00E-01 |    0   4 |   -  -  0.000 |    0.00   0.00  -2.50
 17      0.89      5.00E-01 |    4   0 |   B  -  1.000 |    0.00   0.00   2.50
 18      1.77      1.00E+00 |    0  11 |   -  -  0.000 |    0.00   0.00  -1.50
 19      2.75      1.00E+00 |    5   0 |   -  -  0.000 |    0.00   0.00   0.50
 20      3.68      1.00E+00 |    0  10 |   -  -  0.000 |    0.00   0.00   0.50
 21      5.68      1.00E+00 |    6   0 |   -  -  0.000 |    0.00   0.00   0.50
 22      8.34      1.00E+00 |    7   0 |   -  -  0.000 |    0.00   0.00  -1.50
 23     13.05      1.00E+00 |    8   0 |   -  -  0.000 |    0.00   0.00   0.47
 24     26.08      1.00E+00 |    0   9 |   -  -  0.000 |    0.00   0.00   0.50
 25      0.89      5.00E-01 |   12   0 |   B  -  0.000 |    0.00   0.00  -2.50
 26      1.77      1.00E+00 |    0   3 |   -  -  0.000 |    0.00   0.00   1.50
 27      2.75      1.00E+00 |   13   0 |   -  -  0.000 |    0.00   0.00  -0.50
 28      3.68      1.00E+00 |    0   2 |   -  -  0.000 |    0.00   0.00  -0.50
 29      5.68      1.00E+00 |   14   0 |   -  -  0.000 |    0.00   0.00  -0.50
 30      8.34      1.00E+00 |   15   0 |   -  -  0.000 |    0.00   0.00   1.50
 31     13.05      1.00E+00 |   16   0 |   -  -  0.000 |    0.00   0.00  -0.47
 32     26.08      1.00E+00 |    0   1 |   -  -  0.000 |    0.00   0.00  -0.50

Block 3:  P=-1  neutrons
  N      Eqp       f_n      |   U   V  |   B  P  ov_TR |    JxT    JyT    Jz
________________________________________________________________________________
  1    -15.09      0.00E+00 |   17   0 |   -  -  0.000 |    0.00   0.00   0.50
  2    -13.72      0.00E+00 |    0  38 |   -  -  0.000 |    0.00   0.00  -3.40
  3    -13.61      0.00E+00 |    0  30 |   -  -  0.000 |    0.00   0.00   0.43
  4    -13.04      0.00E+00 |    0  39 |   -  -  0.000 |    0.00   0.00   0.49
  5    -12.91      0.00E+00 |    0  36 |   -  -  0.000 |    0.00   0.00   0.16
  6    -12.89      0.00E+00 |    0  40 |   -  -  0.000 |    0.00   0.00  -1.17
  7    -12.08      0.00E+00 |   19   0 |   -  -  0.000 |    0.00   0.00  -1.50
  8    -11.77      0.00E+00 |    0  35 |   -  -  0.000 |    0.00   0.00   0.50
  9    -11.17      0.00E+00 |    0  34 |   -  -  0.000 |    0.00   0.00   2.50
 10     -9.10      0.00E+00 |    0  33 |   -  -  0.000 |    0.00   0.00  -1.50
 11     -7.60      0.00E+00 |   25   0 |   -  -  0.000 |    0.00   0.00   0.50
 12     -7.54      0.00E+00 |    0  32 |   -  -  0.000 |    0.00   0.00   0.50
 13    -15.09      0.00E+00 |   29   0 |   -  -  0.000 |    0.00   0.00  -0.50
 14    -13.72      0.00E+00 |    0  26 |   -  -  0.000 |    0.00   0.00   3.40
 15    -13.61      0.00E+00 |    0  18 |   -  -  0.000 |    0.00   0.00  -0.43
 16    -13.04      0.00E+00 |    0  27 |   -  -  0.000 |    0.00   0.00  -0.49
 17    -12.91      0.00E+00 |    0  24 |   -  -  0.000 |    0.00   0.00  -0.16
 18    -12.89      0.00E+00 |    0  28 |   -  -  0.000 |    0.00   0.00   1.17
 19    -12.08      0.00E+00 |   31   0 |   -  -  0.000 |    0.00   0.00   1.50
 20    -11.77      0.00E+00 |    0  23 |   -  -  0.000 |    0.00   0.00  -0.50
 21    -11.17      0.00E+00 |    0  22 |   -  -  0.000 |    0.00   0.00  -2.50
 22     -9.10      0.00E+00 |    0  21 |   -  -  0.000 |    0.00   0.00   1.50
 23     -7.60      0.00E+00 |   37   0 |   -  -  0.000 |    0.00   0.00  -0.50
 24     -7.54      0.00E+00 |    0  20 |   -  -  0.000 |    0.00   0.00  -0.50
 25      7.54      1.00E+00 |   20   0 |   -  -  0.000 |    0.00   0.00   0.50
 26      7.60      1.00E+00 |    0  37 |   -  -  0.000 |    0.00   0.00   0.50
 27      9.10      1.00E+00 |   21   0 |   -  -  0.000 |    0.00   0.00  -1.50
 28     11.17      1.00E+00 |   22   0 |   -  -  0.000 |    0.00   0.00   2.50
 29     11.77      1.00E+00 |   23   0 |   -  -  0.000 |    0.00   0.00   0.50
 30     12.08      1.00E+00 |    0  31 |   -  -  0.000 |    0.00   0.00  -1.50
 31     12.89      1.00E+00 |   28   0 |   -  -  0.000 |    0.00   0.00  -1.17
 32     12.91      1.00E+00 |   24   0 |   -  -  0.000 |    0.00   0.00   0.16
 33     13.04      1.00E+00 |   27   0 |   -  -  0.000 |    0.00   0.00   0.49
 34     13.61      1.00E+00 |   18   0 |   -  -  0.000 |    0.00   0.00   0.43
 35     13.72      1.00E+00 |   26   0 |   -  -  0.000 |    0.00   0.00  -3.40
 36     15.09      1.00E+00 |    0  29 |   -  -  0.000 |    0.00   0.00   0.50
 37      7.54      1.00E+00 |   32   0 |   -  -  0.000 |    0.00   0.00  -0.50
 38      7.60      1.00E+00 |    0  25 |   -  -  0.000 |    0.00   0.00  -0.50
 39      9.10      1.00E+00 |   33   0 |   -  -  0.000 |    0.00   0.00   1.50
 40     11.17      1.00E+00 |   34   0 |   -  -  0.000 |    0.00   0.00  -2.50
 41     11.77      1.00E+00 |   35   0 |   -  -  0.000 |    0.00   0.00  -0.50
 42     12.08      1.00E+00 |    0  19 |   -  -  0.000 |    0.00   0.00   1.50
 43     12.89      1.00E+00 |   40   0 |   -  -  0.000 |    0.00   0.00   1.17
 44     12.91      1.00E+00 |   36   0 |   -  -  0.000 |    0.00   0.00  -0.16
 45     13.04      1.00E+00 |   39   0 |   -  -  0.000 |    0.00   0.00  -0.49
 46     13.61      1.00E+00 |   30   0 |   -  -  0.000 |    0.00   0.00  -0.43
 47     13.72      1.00E+00 |   38   0 |   -  -  0.000 |    0.00   0.00   3.40
 48     15.09      1.00E+00 |    0  17 |   -  -  0.000 |    0.00   0.00  -0.50

Block 5:  P=+1   protons
  N      Eqp       f_n      |   U   V  |   B  P  ov_TR |    JxT    JyT    Jz
________________________________________________________________________________
  1    -25.10      0.00E+00 |   41   0 |   -  -  0.000 |    0.00   0.00   0.50
  2    -11.57      0.00E+00 |    0  56 |   -  -  0.000 |    0.00   0.00   0.49
  3     -8.54      0.00E+00 |    0  55 |   -  -  0.000 |    0.00   0.00  -1.50
  4     -6.22      0.00E+00 |    0  54 |   -  -  0.000 |    0.00   0.00   0.50
  5     -3.63      0.00E+00 |   42  53 |   -  -  0.000 |    0.00   0.00   0.50
  6     -3.11      0.00E+00 |   42  53 |   -  -  0.000 |    0.00   0.00   0.50
  7     -1.83      0.00E+00 |   43  51 |   -  -  0.000 |    0.00   0.00  -1.50
  8     -1.81      0.00E+00 |   44  52 |   -  -  0.000 |    0.00   0.00   2.50
  9    -25.10      0.00E+00 |   49   0 |   -  -  0.000 |    0.00   0.00  -0.50
 10    -11.57      0.00E+00 |    0  48 |   -  -  0.000 |    0.00   0.00  -0.49
 11     -8.54      0.00E+00 |    0  47 |   -  -  0.000 |    0.00   0.00   1.50
 12     -6.22      0.00E+00 |    0  46 |   -  -  0.000 |    0.00   0.00  -0.50
 13     -3.63      0.00E+00 |   50  45 |   -  -  0.000 |    0.00   0.00  -0.50
 14     -3.11      0.00E+00 |   50  45 |   -  -  0.000 |    0.00   0.00  -0.50
 15     -1.83      0.00E+00 |   51  43 |   -  -  0.000 |    0.00   0.00   1.50
 16     -1.81      0.00E+00 |   52  44 |   -  -  0.000 |    0.00   0.00  -2.50
 17      1.81      1.00E+00 |   44  52 |   -  -  0.000 |    0.00   0.00   2.50
 18      1.83      1.00E+00 |   43  51 |   -  -  0.000 |    0.00   0.00  -1.50
 19      3.11      1.00E+00 |   45  50 |   -  -  0.000 |    0.00   0.00   0.50
 20      3.63      1.00E+00 |   45  50 |   -  -  0.000 |    0.00   0.00   0.50
 21      6.22      1.00E+00 |   46   0 |   -  -  0.000 |    0.00   0.00   0.50
 22      8.54      1.00E+00 |   47   0 |   -  -  0.000 |    0.00   0.00  -1.50
 23     11.57      1.00E+00 |   48   0 |   -  -  0.000 |    0.00   0.00   0.49
 24     25.10      1.00E+00 |    0  49 |   -  -  0.000 |    0.00   0.00   0.50
 25      1.81      1.00E+00 |   52  44 |   -  -  0.000 |    0.00   0.00  -2.50
 26      1.83      1.00E+00 |   51  43 |   -  -  0.000 |    0.00   0.00   1.50
 27      3.11      1.00E+00 |   53  42 |   -  -  0.000 |    0.00   0.00  -0.50
 28      3.63      1.00E+00 |   53  42 |   -  -  0.000 |    0.00   0.00  -0.50
 29      6.22      1.00E+00 |   54   0 |   -  -  0.000 |    0.00   0.00  -0.50
 30      8.54      1.00E+00 |   55   0 |   -  -  0.000 |    0.00   0.00   1.50
 31     11.57      1.00E+00 |   56   0 |   -  -  0.000 |    0.00   0.00  -0.49
 32     25.10      1.00E+00 |    0  41 |   -  -  0.000 |    0.00   0.00  -0.50

Block 7:  P=-1   protons
  N      Eqp       f_n      |   U   V  |   B  P  ov_TR |    JxT    JyT    Jz
________________________________________________________________________________
  1    -14.23      0.00E+00 |   57   0 |   -  -  0.000 |    0.00   0.00   0.50
  2    -13.88      0.00E+00 |    0  70 |   -  -  0.000 |    0.00   0.00  -3.21
  3    -12.98      0.00E+00 |    0  78 |   -  -  0.000 |    0.00   0.00   0.50
  4    -11.88      0.00E+00 |    0  76 |   -  -  0.000 |    0.00   0.00  -0.26
  5    -11.87      0.00E+00 |    0  80 |   -  -  0.000 |    0.00   0.00  -0.74
  6    -11.69      0.00E+00 |    0  75 |   -  -  0.000 |    0.00   0.00   0.51
  7    -11.65      0.00E+00 |   59   0 |   -  -  0.000 |    0.00   0.00  -1.50
  8    -11.61      0.00E+00 |    0  74 |   -  -  0.000 |    0.00   0.00   2.38
  9    -11.35      0.00E+00 |    0  79 |   -  -  0.000 |    0.00   0.00   0.60
 10     -9.67      0.00E+00 |    0  73 |   -  -  0.000 |    0.00   0.00  -1.50
 11     -8.28      0.00E+00 |    0  72 |   -  -  0.000 |    0.00   0.00   0.50
 12     -7.23      0.00E+00 |   65   0 |   -  -  0.000 |    0.00   0.00   0.50
 13    -14.23      0.00E+00 |   69   0 |   -  -  0.000 |    0.00   0.00  -0.50
 14    -13.88      0.00E+00 |    0  58 |   -  -  0.000 |    0.00   0.00   3.21
 15    -12.98      0.00E+00 |    0  66 |   -  -  0.000 |    0.00   0.00  -0.50
 16    -11.88      0.00E+00 |    0  64 |   -  -  0.000 |    0.00   0.00   0.26
 17    -11.87      0.00E+00 |    0  68 |   -  -  0.000 |    0.00   0.00   0.74
 18    -11.69      0.00E+00 |    0  63 |   -  -  0.000 |    0.00   0.00  -0.51
 19    -11.65      0.00E+00 |   71   0 |   -  -  0.000 |    0.00   0.00   1.50
 20    -11.61      0.00E+00 |    0  62 |   -  -  0.000 |    0.00   0.00  -2.38
 21    -11.35      0.00E+00 |    0  67 |   -  -  0.000 |    0.00   0.00  -0.60
 22     -9.67      0.00E+00 |    0  61 |   -  -  0.000 |    0.00   0.00   1.50
 23     -8.28      0.00E+00 |    0  60 |   -  -  0.000 |    0.00   0.00  -0.50
 24     -7.23      0.00E+00 |   77   0 |   -  -  0.000 |    0.00   0.00  -0.50
 25      7.23      1.00E+00 |    0  77 |   -  -  0.000 |    0.00   0.00   0.50
 26      8.28      1.00E+00 |   60   0 |   -  -  0.000 |    0.00   0.00   0.50
 27      9.67      1.00E+00 |   61   0 |   -  -  0.000 |    0.00   0.00  -1.50
 28     11.35      1.00E+00 |   67   0 |   -  -  0.000 |    0.00   0.00   0.60
 29     11.61      1.00E+00 |   62   0 |   -  -  0.000 |    0.00   0.00   2.38
 30     11.65      1.00E+00 |    0  71 |   -  -  0.000 |    0.00   0.00  -1.50
 31     11.69      1.00E+00 |   63   0 |   -  -  0.000 |    0.00   0.00   0.51
 32     11.87      1.00E+00 |   68   0 |   -  -  0.000 |    0.00   0.00  -0.74
 33     11.88      1.00E+00 |   64   0 |   -  -  0.000 |    0.00   0.00  -0.26
 34     12.98      1.00E+00 |   66   0 |   -  -  0.000 |    0.00   0.00   0.50
 35     13.88      1.00E+00 |   58   0 |   -  -  0.000 |    0.00   0.00  -3.21
 36     14.23      1.00E+00 |    0  69 |   -  -  0.000 |    0.00   0.00   0.50
 37      7.23      1.00E+00 |    0  65 |   -  -  0.000 |    0.00   0.00  -0.50
 38      8.28      1.00E+00 |   72   0 |   -  -  0.000 |    0.00   0.00  -0.50
 39      9.67      1.00E+00 |   73   0 |   -  -  0.000 |    0.00   0.00   1.50
 40     11.35      1.00E+00 |   79   0 |   -  -  0.000 |    0.00   0.00  -0.60
 41     11.61      1.00E+00 |   74   0 |   -  -  0.000 |    0.00   0.00  -2.38
 42     11.65      1.00E+00 |    0  59 |   -  -  0.000 |    0.00   0.00   1.50
 43     11.69      1.00E+00 |   75   0 |   -  -  0.000 |    0.00   0.00  -0.51
 44     11.87      1.00E+00 |   80   0 |   -  -  0.000 |    0.00   0.00   0.74
 45     11.88      1.00E+00 |   76   0 |   -  -  0.000 |    0.00   0.00   0.26
 46     12.98      1.00E+00 |   78   0 |   -  -  0.000 |    0.00   0.00  -0.50
 47     13.88      1.00E+00 |   70   0 |   -  -  0.000 |    0.00   0.00   3.21
 48     14.23      1.00E+00 |    0  57 |   -  -  0.000 |    0.00   0.00  -0.50

--------------------------------------------------------------------------------
------------------------ Electric Multipole Moments -------------------------
Quantisation Axis             : Z
  With secondary axis ordering: X,Y
______________________________________________________________________________
                   Neutrons        Protons          Charge         Total
______________________________________________________________________________
 Particles           13.0000         12.0000         12.0000         25.0000

Re  Q_{ 2 0}         12.7123         12.6239         12.6239         25.3362
Re  Q_{ 2 2}          0.0034          0.0026          0.0026          0.0060

Re  Q_{ 4 0}         28.8011         30.5982         31.4904         59.3993
Re  Q_{ 4 2}          0.0223          0.0211          0.0211          0.0434
Re  Q_{ 4 4}         -0.3687         -0.3199          0.2136         -0.6886

Re  Q_{ 6 0}         33.6100         42.9121         70.7761         76.5221
Re  Q_{ 6 2}          0.0965          0.1159          0.1181          0.2124
Re  Q_{ 6 4}          1.0406          0.5877          8.5381          1.6283
Re  Q_{ 6 6}          0.0011          0.0084          0.0127          0.0095

Re  Q_{ 8 0}        -76.2627         97.9621        366.4830         21.6994
Re  Q_{ 8 2}          0.2583        -10.0527         -8.9053         -9.7944
Re  Q_{ 8 4}         61.2235         90.4699        158.9826        151.6934
Re  Q_{ 8 6}         -0.0235         -5.1582         -4.5857         -5.1816
Re  Q_{ 8 8}         43.4060        110.5487        105.5708        153.9547

Re  Q_{10 0}       -522.2627     -28006.9233     -23526.2659     -28529.1861
Re  Q_{10 2}         -0.1158        -41.5522        -47.3583        -41.6680
Re  Q_{10 4}      -2001.2978      37643.0177      35196.3021      35641.7199
Re  Q_{10 6}          0.1037      -1367.0049      -1251.9746      -1366.9011
Re  Q_{10 8}      -3059.3605      38859.3286      35677.7779      35799.9681
Re  Q_{1010}          1.0288       -117.8930       -117.1618       -116.8642

 RMS radius           2.9887          2.9786          3.0250          2.9839
 Fourth mom.          3.2904          3.2824          3.3412          3.2865
______________________________________________________________________________
                   Neutrons        Protons          Charge         Total
______________________________________________________________________________

Beta_{ 2 0}       0.17300166      0.17179849      0.17179841      0.34480015
Beta_{ 2 2}       0.00004580      0.00003576      0.00003576      0.00008156

Beta_{ 4 0}       0.03183557      0.03382207      0.03480825      0.06565764
Beta_{ 4 2}       0.00002462      0.00002334      0.00002332      0.00004796
Beta_{ 4 4}      -0.00040758     -0.00035360      0.00023615     -0.00076118

Beta_{ 6 0}       0.00301752      0.00385266      0.00635430      0.00687018
Beta_{ 6 2}       0.00000866      0.00001041      0.00001060      0.00001907
Beta_{ 6 4}       0.00009343      0.00005276      0.00076655      0.00014619
Beta_{ 6 6}       0.00000010      0.00000075      0.00000114      0.00000085

Beta_{ 8 0}      -0.00055612      0.00071436      0.00267247      0.00015824
Beta_{ 8 2}       0.00000188     -0.00007331     -0.00006494     -0.00007142
Beta_{ 8 4}       0.00044645      0.00065972      0.00115933      0.00110618
Beta_{ 8 6}      -0.00000017     -0.00003761     -0.00003344     -0.00003779
Beta_{ 8 8}       0.00031653      0.00080614      0.00076984      0.00112267

Beta_{10 0}      -0.00030933     -0.01658829     -0.01393443     -0.01689762
Beta_{10 2}      -0.00000007     -0.00002461     -0.00002805     -0.00002468
Beta_{10 4}      -0.00118535      0.02229567      0.02084650      0.02111032
Beta_{10 6}       0.00000006     -0.00080967     -0.00074153     -0.00080961
Beta_{10 8}      -0.00181204      0.02301608      0.02113167      0.02120405
Beta_{1010}       0.00000061     -0.00006983     -0.00006939     -0.00006922


______________________________________________________________________________
                   Neutrons        Protons          Charge         Total
______________________________________________________________________________
Q_{ 2}               12.7123         12.6239         12.6239         25.3362
Q_{ 4}               28.8058         30.6016         31.4919         59.4074
Q_{ 6}               33.6425         42.9205         71.7989         76.5574
Q_{ 8}              130.6940        225.0856        455.3590        306.8262
Q_{10}             5196.3949      81499.9682      74699.5250      76952.0754
______________________________________________________________________________
                   Neutrons        Protons          Charge         Total
______________________________________________________________________________
Beta_{   2}       0.17300167      0.17179849      0.17179841      0.34480017
Beta_{   4}       0.03184081      0.03382578      0.03480987      0.06566650
Beta_{   6}       0.00302044      0.00385341      0.00644613      0.00687334
Beta_{   8}       0.00095305      0.00164137      0.00332057      0.00223744
Beta_{  10}       0.00307778      0.04827181      0.04424396      0.04557812
______________________________________________________________________________
 Cart. Moments X              Y              Z
 Cart. N      -20.1401344    -20.1662735     40.3064079
 Cart. P      -20.0028414    -20.0232477     40.0260891
 Cart. T      -40.1429758    -40.1895212     80.3324970
 (Q, gamma)    Q              Gamma
 (Q,g) N       40.3064108      0.0214525
 (Q,g) P       40.0260908      0.0168649
 (Q,g) T       80.3325015      0.0191667
 (iq1, iq2)    iq1            iq2
 iq    N       40.2976949      0.0174261
 iq    P       40.0192870      0.0136042
 iq    T       80.3169819      0.0310303
               X^2            Y^2            Z^2
 X^2_i N       31.9926809     31.9839679     52.1415284
 X^2_i P       28.8217798     28.8149777     48.8314233
 X^2_i T       60.8144607     60.7989456    100.9729517
----------------------------------------------------------------------------
--------------- Magnetic Multipole Moments ----------------
Quantisation Axis             : Z
  With secondary axis ordering: X,Y
 Units: 
   spin/orbit/total: hbar fm^(l-1)
   phys:             mu_N fm^(l-1)
______________________________________________________________________________
 Re Q^m_{ 1 0}     X           Y            Z        total
 Spin     n   -6.754E-19  -8.178E-19   4.505E-15   4.503E-15
          p    7.599E-19  -2.343E-18   3.842E-15   3.840E-15
          t    8.452E-20  -3.160E-18   8.347E-15   8.343E-15
 Orbital  n    2.480E-15   2.439E-15   1.437E-17   4.934E-15
          p    2.999E-15   2.976E-15   3.001E-18   5.978E-15
          t    5.480E-15   5.415E-15   1.737E-17   1.091E-14
 Total    n    2.480E-15   2.438E-15   4.519E-15   9.437E-15
          p    3.000E-15   2.973E-15   3.845E-15   9.818E-15
          t    5.480E-15   5.412E-15   8.364E-15   1.926E-14
 Phys     n    2.584E-18   3.129E-18  -1.724E-14  -1.723E-14
          p    3.003E-15   2.963E-15   2.146E-14   2.743E-14
          t    3.006E-15   2.966E-15   4.226E-15   1.020E-14
____________________________________________________________
 mu_z  n                                           -0.000000
 mu_z  p(S)                                         0.000000
 mu_z  p(L)                                         0.000000
 mu_z  p                                            0.000000
 mu_z  t                                            0.000000
______________________________________________________________________________
 Re Q^m_{ 3 0}     X           Y            Z        total
 Spin     n    3.012E-15   3.999E-15   1.146E-15   8.157E-15
          p    1.223E-14   1.298E-14   1.424E-14   3.944E-14
          t    1.524E-14   1.698E-14   1.538E-14   4.760E-14
 Orbital  n   -4.376E-15  -4.828E-15   2.812E-14   1.892E-14
          p   -1.569E-15  -1.382E-15   4.050E-14   3.755E-14
          t   -5.945E-15  -6.210E-15   6.863E-14   5.647E-14
 Total    n   -1.364E-15  -8.286E-16   2.927E-14   2.708E-14
          p    1.066E-14   1.160E-14   5.474E-14   7.699E-14
          t    9.293E-15   1.077E-14   8.401E-14   1.041E-13
 Phys     n   -1.152E-14  -1.530E-14  -4.386E-15  -3.121E-14
          p    6.672E-14   7.111E-14   1.200E-13   2.579E-13
          t    5.520E-14   5.581E-14   1.156E-13   2.267E-13
______________________________________________________________________________
 Re Q^m_{ 3 2}     X           Y            Z        total
 Spin     n   -2.745E-15   3.646E-15  -5.474E-17   8.464E-16
          p   -1.116E-14   1.186E-14   3.918E-16   1.089E-15
          t   -1.390E-14   1.550E-14   3.370E-16   1.935E-15
 Orbital  n    1.056E-14  -9.923E-15  -1.782E-16   4.594E-16
          p    1.049E-14  -1.020E-14  -1.763E-16   1.128E-16
          t    2.105E-14  -2.012E-14  -3.546E-16   5.722E-16
 Total    n    7.815E-15  -6.276E-15  -2.330E-16   1.306E-15
          p   -6.680E-16   1.654E-15   2.154E-16   1.201E-15
          t    7.147E-15  -4.622E-15  -1.754E-17   2.507E-15
 Phys     n    1.050E-14  -1.395E-14   2.094E-16  -3.238E-15
          p   -5.185E-14   5.603E-14   2.012E-15   6.193E-15
          t   -4.134E-14   4.208E-14   2.222E-15   2.955E-15
----------------------------------------------------------------------------
----------------------- Box Size Check -------------------------
 Xmax = (nx+0.5)dx = 11.500 fm,  max(rho(X=Xmax)) =    1.419E-08
 Ymax = (ny+0.5)dx = 11.500 fm,  max(rho(Y=Ymax)) =    1.422E-08
 Zmax = (nz+0.5)dx = 11.500 fm,  max(rho(Z=Zmax)) =    9.352E-09
---------------------Rotational properties--------------------
                Rigid rotor          (hbar^2/MeV)
              n              p              t 
 I_R X       2.0285361      1.8723043      3.9008404
 I_R Y       2.0287462      1.8724683      3.9012145
 I_R Z       1.5426826      1.3898075      2.9324901

                Belyaev                 (hbar^2/MeV) 
              n              p              t 
 I_B X       1.3605268      0.9416057      2.3021325
 I_B Y       1.3601611      0.9413250      2.3014861
 I_B Z       0.0000235      0.0000200      0.0000435

                Belyaev (collective)    (hbar^2/MeV) 
              n              p              t 
 I_B X       0.4453870      0.9416057      1.3869927
 I_B Y       0.4442402      0.9413250      1.3855652
 I_B Z       0.0000001      0.0000200      0.0000201

                 <J^2> - <J>^2          (hbar^2)
              n              p              t 
 J2_X        2.4675604      2.1403465      4.6079069
 J2_Y        2.4657181      2.1388757      4.6045938
 J2_Z        3.1248240      0.0001259      3.1249500
 J2_t        8.0581026      4.2793481     12.3374507

                 <J^2> - <J>^2 (coll.)  (hbar^2)
              n              p              t 
 J2_X        1.2431398      2.1413820      3.3845218
 J2_Y        1.2402514      2.1399722      3.3802236
 J2_Z        0.0000002      0.0000390      0.0000393
 J2_t        2.4833914      4.2813933      6.7647846
------------------------- Angular Momentum (hbar) --------------------------

               Spwfs(*)    Desired     Omega       E (MeV)      Densit. 
  __________________________________________________________________________
   J_x   |     0.00000     0.00000     0.00000    -0.00000     0.00000
   J_y   |     0.00000     0.00000     0.00000    -0.00000     0.00000
   J_z   |     0.00000     0.00000     0.00000    -0.00000     0.00000
  __________________________________________________________________________
   Size  |     0.00000     0.00000     0.00000                 0.00000
  --------------------------------------------------------------------------

   Open spin
               Neutrons   Protons
   _______________________________________________________
   x |   |     0.00000     0.00000
   y |   |     0.00000     0.00000
   z |   |     0.00000     0.00000
   _______________________________________________________
-------------------------- Pairing -------------------------
                          N         P 
 Fermi Level (MeV)    -12.00264362    -9.21265272
 Particles             13.00000000    12.00000000
 Dispersion             0.50000000     1.39730152
 Average gap   v^2      0.00000000     0.60005797
 Average gap   uv              NaN     1.22125178
------------------------------------------------------------
--------------------------------------------------------------------------------
 Skyrme Energy 
                                    Isoscalar      Isovector   |   Total
--------------------------------------------------------------------------------
  E_D_I_I_D_I_I                  -1776.320596       1.100971   -1775.219625
  E_D_I_I_D_Nm_Nm                   41.656232      -0.080785      41.575446
  E_D_I_Sm_D_I_Sm                    0.000000       0.000000       0.000000
  E_D_I_Sm_D_I_Sm_DD                -0.000000      -0.000000      -0.000000
  E_D_I_I_Lap_D_I_I                 73.289443       0.011710      73.301153
  E_D_I_I_D_I_I_DD                1030.923722      -0.545966    1030.377756
  E_C_I_NmSk_C_I_NmSk                0.000000       0.000000       0.000000
  E_C_I_Nm_C_I_Nm                   -0.000000       0.000000      -0.000000
  E_D_I_Sm_Lap_D_I_Sm               -0.000000       0.000000       0.000000
  E_D_I_Sm_D_Nk_NkSm                 0.000000       0.000000       0.000000
  E_D_I_I_Derm_C_I_NxmSxm          -26.100939      -0.022769     -26.123708
  E_C_I_Nm_Derxm_D_I_Sxm            -0.000000       0.000000      -0.000000
  E_DP_I_I_DP_I_I                                                 -1.583101
  E_CP_I_I_CP_I_I                                                 -0.000000
--------------------------------------------------------------------------------
                 Total Skyrme:                                  -657.672079
                    time-even:                                  -657.672079
                    time-odd :                                     0.000000
--------------------------------------------------------------------------------
--------------------------------------------------------------------------------
                                     neutron        proton         total
                Kinetic Energy:     229.615532     203.407434     433.022966
                    COM 1-body:      -9.184621      -8.136297     -17.320919
                    COM 2-body:       4.077661       3.486723       7.564383
                            ph:       4.077661       3.468112       7.545772
                            pp:       0.000000       0.018611       0.018611
                 Collective T:                                     -2.269189

                 Rotational  T:                                    -2.269189
                 Rotational  X:                                    -1.134685
                 Rotational  Y:                                    -1.134412
                 Rotational  Z:                                    -0.000092

                 Vibrational T:                                     0.000000
                 Vibrational X:                                    -0.000000
                 Vibrational Y:                                    -0.000000
                 Vibrational Z:                                    -0.000000


                Coulomb Direct:       0.000000      32.922328      32.922328
                      Exchange:       0.000000       0.000000       0.000000

               Pairing (delta):      -0.000000      -1.583101      -1.583101
               Pairing (densi):                                    -1.583101
--------------------------------------------------------------------------------
                  Total energy:                                  -203.752509
                    from spwfs:                                  -203.752505
                   E_fu - E_sp:                                -0.414786E-05
                   (no corr.) :                                  -209.047703
                      Routhian:                                  -203.752509
                         dE   :                                -0.203753E+03
                         dR   :                                -0.203753E+03
--------------------------------------------------------------------------------
--------------------------------------------------------------------------------------
 Iteration =    1
 dt    =   0.0204      mu   =   0.0000 gradn =    0.000E+00 D2H  =    4.840E-09
 E     =   -203.753    DE   = -0.42793E-10
 R     =   -203.753    DR   = -0.42793E-10
 R-E   =      0.000  D(R-E) =  0.00000E+00
 dmun  =  0.0E+00      dmup= -1.9E-07
 RQ20t =      25.3362   dQ =  1.8E-06  L =       0.0000   dL =  0.0E+00  dev =  0.0E+00
 RQ22t =       0.0060   dQ = -5.4E-06  L =       0.0000   dL =  0.0E+00  dev =  0.0E+00
 Jz    =       0.0000   dJZ= -5.3E-15 Om =       0.0000   dO =  0.0E+00  dev =  0.0E+00
--------------------------------------------------------------------------------------
 : Warning N(eps_F) decreases 
 A =  -12.00264362 FA =    -0.00000000 B =  -11.97264362 FB =    -0.00000000
 : Warning N(eps_F) decreases 
 A =  -12.00264362 FA =    -0.00000000 B =  -11.90264362 FB =    -0.00000000
 Iteration =    2
 dt    =   0.0378      mu   =   0.8549 gradn =    0.000E+00 D2H  =    5.538E-09
 E     =   -203.753    DE   = -0.80321E-10
 R     =   -203.753    DR   = -0.80321E-10
 R-E   =      0.000  D(R-E) =  0.00000E+00
 dmun  =  1.7E-02      dmup=  1.4E-08
 RQ20t =      25.3362   dQ = -1.4E-10  L =       0.0000   dL =  0.0E+00  dev =  0.0E+00
 RQ22t =       0.0060   dQ = -1.8E-05  L =       0.0000   dL =  0.0E+00  dev =  0.0E+00
 Jz    =       0.0000   dJZ= -9.7E-15 Om =       0.0000   dO =  0.0E+00  dev =  0.0E+00
--------------------------------------------------------------------------------------
 Iteration =    3
 dt    =   0.0378      mu   =   0.8562 gradn =    0.000E+00 D2H  =    5.632E-09
 E     =   -203.753    DE   = -0.12855E-09
 R     =   -203.753    DR   = -0.12855E-09
 R-E   =      0.000  D(R-E) =  0.00000E+00
 dmun  = -1.4E-01      dmup=  5.6E-08
 RQ20t =      25.3362   dQ =  6.9E-09  L =       0.0000   dL =  0.0E+00  dev =  0.0E+00
 RQ22t =       0.0059   dQ = -2.9E-05  L =       0.0000   dL =  0.0E+00  dev =  0.0E+00
 Jz    =       0.0000   dJZ=  1.0E-14 Om =       0.0000   dO =  0.0E+00  dev =  0.0E+00
--------------------------------------------------------------------------------------
 Iteration =    4
 dt    =   0.0376      mu   =   0.8459 gradn =    0.000E+00 D2H  =    5.503E-09
 E     =   -203.753    DE   = -0.96829E-10
 R     =   -203.753    DR   = -0.96829E-10
 R-E   =      0.000  D(R-E) =  0.00000E+00
 dmun  =  0.0E+00      dmup=  1.3E-07
 RQ20t =      25.3362   dQ =  5.2E-08  L =       0.0000   dL =  0.0E+00  dev =  0.0E+00
 RQ22t =       0.0059   dQ = -3.7E-05  L =       0.0000   dL =  0.0E+00  dev =  0.0E+00
 Jz    =       0.0000   dJZ=  7.9E-15 Om =       0.0000   dO =  0.0E+00  dev =  0.0E+00
--------------------------------------------------------------------------------------
 Iteration =    5
 dt    =   0.0376      mu   =   0.8459 gradn =    0.000E+00 D2H  =    5.383E-09
 E     =   -203.753    DE   = -0.23473E-10
 R     =   -203.753    DR   = -0.23473E-10
 R-E   =      0.000  D(R-E) =  0.00000E+00
 dmun  =  1.0E-02      dmup=  1.4E-07
 RQ20t =      25.3362   dQ =  1.0E-07  L =       0.0000   dL =  0.0E+00  dev =  0.0E+00
 RQ22t =       0.0059   dQ = -4.4E-05  L =       0.0000   dL =  0.0E+00  dev =  0.0E+00
 Jz    =       0.0000   dJZ=  1.6E-15 Om =       0.0000   dO =  0.0E+00  dev =  0.0E+00
--------------------------------------------------------------------------------------
 Iteration =    6
 dt    =   0.0376      mu   =   0.8466 gradn =    0.000E+00 D2H  =    5.237E-09
 E     =   -203.753    DE   =  0.14974E-10
 R     =   -203.753    DR   =  0.14974E-10
 R-E   =      0.000  D(R-E) =  0.00000E+00
 dmun  =  4.9E-03      dmup=  9.1E-08
 RQ20t =      25.3362   dQ =  1.4E-07  L =       0.0000   dL =  0.0E+00  dev =  0.0E+00
 RQ22t =       0.0058   dQ = -4.8E-05  L =       0.0000   dL =  0.0E+00  dev =  0.0E+00
 Jz    =       0.0000   dJZ=  8.1E-16 Om =       0.0000   dO =  0.0E+00  dev =  0.0E+00
--------------------------------------------------------------------------------------
 Iteration =    7
 dt    =   0.0376      mu   =   0.8469 gradn =    0.000E+00 D2H  =    5.125E-09
 E     =   -203.753    DE   =  0.33420E-10
 R     =   -203.753    DR   =  0.33420E-10
 R-E   =      0.000  D(R-E) =  0.00000E+00
 dmun  =  1.7E-03      dmup=  2.9E-09
 RQ20t =      25.3362   dQ =  1.7E-07  L =       0.0000   dL =  0.0E+00  dev =  0.0E+00
 RQ22t =       0.0058   dQ = -5.1E-05  L =       0.0000   dL =  0.0E+00  dev =  0.0E+00
 Jz    =       0.0000   dJZ= -6.0E-15 Om =       0.0000   dO =  0.0E+00  dev =  0.0E+00
--------------------------------------------------------------------------------------
 Iteration =    8
 dt    =   0.0376      mu   =   0.8471 gradn =    0.000E+00 D2H  =    5.018E-09
 E     =   -203.753    DE   =  0.16929E-10
 R     =   -203.753    DR   =  0.16929E-10
 R-E   =      0.000  D(R-E) =  0.00000E+00
 dmun  =  0.0E+00      dmup= -7.7E-08
 RQ20t =      25.3362   dQ =  1.8E-07  L =       0.0000   dL =  0.0E+00  dev =  0.0E+00
 RQ22t =       0.0057   dQ = -5.3E-05  L =       0.0000   dL =  0.0E+00  dev =  0.0E+00
 Jz    =       0.0000   dJZ= -1.2E-14 Om =       0.0000   dO =  0.0E+00  dev =  0.0E+00
--------------------------------------------------------------------------------------
 : Warning N(eps_F) decreases 
 A =  -12.11054105 FA =    -0.00000000 B =  -12.08054105 FB =    -0.00000000
 Iteration =    9
 dt    =   0.0376      mu   =   0.8471 gradn =    0.000E+00 D2H  =    4.892E-09
 E     =   -203.753    DE   = -0.13243E-10
 R     =   -203.753    DR   = -0.13243E-10
 R-E   =      0.000  D(R-E) =  0.00000E+00
 dmun  =  8.4E-02      dmup= -1.1E-07
 RQ20t =      25.3362   dQ =  1.8E-07  L =       0.0000   dL =  0.0E+00  dev =  0.0E+00
 RQ22t =       0.0057   dQ = -5.5E-05  L =       0.0000   dL =  0.0E+00  dev =  0.0E+00
 Jz    =       0.0000   dJZ=  1.4E-14 Om =       0.0000   dO =  0.0E+00  dev =  0.0E+00
--------------------------------------------------------------------------------------
--------------------------------------------------------------------------------------
                              Iteration =    10

--------------------- Hartree-Fock basis-------------------------------------------------------------------
__________________________________________________________________________________________________________
   Neutron wavefunctions
  i     P   Rz   occ          E       d2h    Delta |   JxT    JyT    Jz      J   |   SxT    SyT    Sz
----------------------------------------------------------------------------------------------------------
  9  1.00 -1.0  1.0000     -38.084  1.1E-10   0.00 |   0.50   0.50  -0.50   0.52 |   0.50   0.50  -0.50
  1  1.00  1.0  1.0000     -38.084  1.1E-10   0.00 |  -0.50   0.50   0.50   0.52 |  -0.50   0.50   0.50
 17 -1.00  1.0  1.0000     -27.095  2.2E-10   0.00 |  -0.84   0.84   0.50   1.44 |  -0.46   0.46   0.43
 29 -1.00 -1.0  1.0000     -27.095  2.3E-10   0.00 |   0.84   0.84  -0.50   1.44 |   0.46   0.46  -0.43
 19 -1.00  1.0  1.0000     -24.087  5.9E-09   0.00 |   0.00   0.00  -1.50   1.52 |   0.00   0.00  -0.50
 31 -1.00 -1.0  1.0000     -24.087  5.9E-09   0.00 |  -0.00   0.00   1.50   1.52 |  -0.00   0.00   0.50
 25 -1.00  1.0  1.0000     -19.598  5.7E-09   0.00 |   0.34  -0.34   0.50   0.68 |  -0.04   0.04  -0.43
 37 -1.00 -1.0  1.0000     -19.598  5.7E-09   0.00 |  -0.34  -0.34  -0.50   0.68 |   0.04   0.04   0.43
 10  1.00 -1.0  1.0000     -15.687  1.6E-09   0.00 |   1.28   1.28  -0.50   2.27 |   0.40   0.40  -0.29
  2  1.00  1.0  1.0000     -15.687  1.6E-09   0.00 |  -1.28   1.28   0.50   2.27 |  -0.40   0.40   0.29
 11  1.00 -1.0  1.0000     -13.777  4.4E-09   0.00 |  -0.00  -0.00   1.50   2.49 |  -0.00  -0.00   0.43
  3  1.00  1.0  1.0000     -13.777  4.4E-09   0.00 |   0.00  -0.00  -1.50   2.49 |   0.00  -0.00  -0.43
 12  1.00 -1.0  0.5000     -11.112  2.1E-08   0.00 |   0.00   0.00  -2.50   2.52 |  -0.00  -0.00  -0.50
  4  1.00  1.0  0.5000     -11.112  2.1E-08   0.00 |  -0.00   0.00   2.50   2.52 |   0.00  -0.00   0.50
  5  1.00  1.0  0.0000      -9.251  2.0E-08   0.00 |  -0.47   0.47   0.50   1.25 |  -0.34   0.34   0.18
 13  1.00 -1.0  0.0000      -9.251  2.0E-08   0.00 |   0.47   0.47  -0.50   1.25 |   0.34   0.34  -0.18
  6  1.00  1.0  0.0000      -6.322  1.1E-08   0.00 |   0.75  -0.75   0.50   1.40 |  -0.27   0.27   0.03
 14  1.00 -1.0  0.0000      -6.322  1.1E-08   0.00 |  -0.75  -0.75  -0.50   1.40 |   0.27   0.27  -0.03
 20 -1.00  1.0  0.0000      -4.459  4.1E-09   0.00 |  -1.60   1.60   0.50   2.95 |  -0.37   0.37   0.24
 32 -1.00 -1.0  0.0000      -4.459  4.1E-09   0.00 |   1.60   1.60  -0.50   2.95 |   0.37   0.37  -0.24
 15  1.00 -1.0  0.0000      -3.667  8.1E-09   0.00 |   0.00   0.00   1.50   1.57 |   0.00   0.00  -0.43
  7  1.00  1.0  0.0000      -3.667  8.1E-09   0.00 |  -0.00   0.00  -1.50   1.57 |  -0.00   0.00   0.43
 33 -1.00 -1.0  0.0000      -2.906  1.0E-08   0.00 |  -0.00  -0.00   1.50   3.31 |  -0.00  -0.00   0.36
 21 -1.00  1.0  0.0000      -2.906  1.0E-08   0.00 |   0.00  -0.00  -1.50   3.31 |   0.00  -0.00  -0.36
 34 -1.00 -1.0  0.0000      -0.830  3.5E-07   0.00 |   0.00   0.00  -2.50   3.50 |  -0.00  -0.00  -0.45
 22 -1.00  1.0  0.0000      -0.830  3.5E-07   0.00 |  -0.00   0.00   2.50   3.50 |   0.00  -0.00   0.45
 35 -1.00 -1.0  0.0000      -0.233  3.5E-07   0.00 |   0.67   0.67  -0.50   2.01 |   0.40   0.40  -0.31
 23 -1.00  1.0  0.0000      -0.233  3.5E-07   0.00 |  -0.67   0.67   0.50   2.01 |  -0.40   0.40   0.31
 28 -1.00  1.0  0.0000       0.889  1.3E-04   0.00 |   0.41   0.46  -1.17   1.96 |   0.36   0.36  -0.49
 40  1.00 -1.0  0.0000       0.889  1.3E-04   0.00 |  -0.41   0.46   1.17   1.96 |  -0.36   0.36   0.49
 24 -1.00  1.0  0.0000       0.911  1.6E-04   0.00 |  -0.57  -0.31   0.16   1.69 |  -0.37  -0.35  -0.48
 36 -1.00 -1.0  0.0000       0.911  1.6E-04   0.00 |   0.57  -0.31  -0.16   1.69 |   0.37  -0.35   0.48
 39 -1.00 -1.0  0.0000       1.039  2.5E-05   0.00 |  -0.50  -0.49  -0.49   2.22 |  -0.50  -0.50  -0.50
 27 -1.00  1.0  0.0000       1.039  2.5E-05   0.00 |   0.50  -0.49   0.49   2.22 |   0.50  -0.50   0.50
 16 -1.00 -1.0  0.0000       1.043  1.8E-06   0.00 |  -0.14   0.16  -0.47   2.05 |  -0.13   0.13   0.50
  8  1.00  1.0  0.0000       1.043  1.8E-06   0.00 |   0.14   0.16   0.47   2.05 |   0.13   0.13  -0.50
 18 -1.00  1.0  0.0000       1.606  1.5E-04   0.00 |  -0.48   0.48   0.44   2.19 |  -0.48   0.48   0.45
 30 -1.00 -1.0  0.0000       1.606  1.5E-04   0.00 |   0.48   0.48  -0.44   2.19 |   0.48   0.48  -0.45
 26 -1.00  1.0  0.0000       1.721  1.5E-04   0.00 |  -0.00   0.00  -3.40   3.49 |  -0.01   0.01  -0.48
 38 -1.00 -1.0  0.0000       1.721  1.5E-04   0.00 |   0.00   0.00   3.40   3.49 |   0.01   0.01   0.48
__________________________________________________________________________________________________________
   Proton  wavefunctions
  i     P   Rz   occ          E       d2h    Delta |   JxT    JyT    Jz      J   |   SxT    SyT    Sz
----------------------------------------------------------------------------------------------------------
 49  1.00 -1.0  1.0000     -34.316  1.1E-10   0.00 |   0.50   0.50  -0.50   0.52 |   0.50   0.50  -0.50
 41  1.00  1.0  1.0000     -34.316  1.2E-10   0.00 |  -0.50   0.50   0.50   0.52 |  -0.50   0.50   0.50
 57 -1.00  1.0  1.0000     -23.439  6.2E-10   0.00 |  -0.85   0.85   0.50   1.44 |  -0.46   0.46   0.42
 69 -1.00 -1.0  1.0000     -23.439  6.2E-10   0.00 |   0.85   0.85  -0.50   1.44 |   0.46   0.46  -0.42
 59 -1.00  1.0  1.0000     -20.861  7.4E-09   0.02 |   0.00   0.00  -1.50   1.52 |   0.00   0.00  -0.50
 71 -1.00 -1.0  1.0000     -20.861  7.4E-09   0.02 |  -0.00   0.00   1.50   1.52 |  -0.00   0.00   0.50
 65 -1.00  1.0  0.9948     -16.372  7.0E-09   1.04 |   0.35  -0.35   0.50   0.67 |  -0.04   0.04  -0.42
 77 -1.00 -1.0  0.9948     -16.372  7.0E-09   1.04 |  -0.35  -0.35  -0.50   0.67 |   0.04   0.04   0.42
 50  1.00 -1.0  0.9625     -12.115  4.6E-09   1.19 |   1.30   1.30  -0.50   2.29 |   0.39   0.39  -0.28
 42  1.00  1.0  0.9625     -12.115  4.6E-09   1.19 |  -1.30   1.30   0.50   2.29 |  -0.39   0.39   0.28
 43  1.00  1.0  0.8393     -10.456  8.1E-09   1.35 |   0.00  -0.00  -1.50   2.49 |   0.00  -0.00  -0.43
 51  1.00 -1.0  0.8393     -10.456  8.1E-09   1.35 |  -0.00  -0.00   1.50   2.49 |  -0.00  -0.00   0.43
 52  1.00 -1.0  0.1721      -8.027  2.4E-08   1.36 |   0.00   0.00  -2.50   2.52 |  -0.00  -0.00  -0.50
 44  1.00  1.0  0.1721      -8.027  2.4E-08   1.36 |  -0.00   0.00   2.50   2.52 |   0.00  -0.00   0.50
 45  1.00  1.0  0.0224      -5.772  2.3E-08   1.06 |  -0.43   0.43   0.50   1.21 |  -0.34   0.34   0.18
 53  1.00 -1.0  0.0224      -5.772  2.3E-08   1.06 |   0.43   0.43  -0.50   1.21 |   0.34   0.34  -0.18
 54  1.00 -1.0  0.0079      -3.087  2.1E-08   1.09 |  -0.73  -0.73  -0.50   1.39 |   0.27   0.27  -0.04
 46  1.00  1.0  0.0079      -3.087  2.1E-08   1.09 |   0.73  -0.73   0.50   1.39 |  -0.27   0.27   0.04
 72 -1.00 -1.0  0.0005      -0.944  9.7E-09   0.38 |   1.62   1.62  -0.50   2.98 |   0.37   0.37  -0.23
 60 -1.00  1.0  0.0005      -0.944  9.7E-09   0.38 |  -1.62   1.62   0.50   2.98 |  -0.37   0.37   0.23
 55  1.00 -1.0  0.0005      -0.685  1.8E-08   0.37 |   0.00   0.00   1.50   1.57 |   0.00   0.00  -0.43
 47  1.00  1.0  0.0005      -0.685  1.8E-08   0.37 |  -0.00   0.00  -1.50   1.57 |  -0.00   0.00   0.43
 61 -1.00  1.0  0.0000       0.453  1.8E-08   0.11 |   0.00  -0.00  -1.50   3.30 |   0.00  -0.00  -0.36
 73 -1.00 -1.0  0.0000       0.453  1.8E-08   0.11 |  -0.00  -0.00   1.50   3.30 |  -0.00  -0.00   0.36
 79 -1.00 -1.0  0.0000       2.139  1.9E-06   0.00 |  -0.48  -0.48  -0.60   2.25 |  -0.48  -0.48  -0.50
 67 -1.00  1.0  0.0000       2.139  1.9E-06   0.00 |   0.48  -0.48   0.60   2.25 |   0.48  -0.48   0.50
 48  1.00  1.0  0.0000       2.361  3.6E-07   0.00 |   0.12   0.12   0.49   2.11 |   0.11   0.11  -0.50
 56 -1.00 -1.0  0.0000       2.361  3.6E-07   0.00 |  -0.12   0.12  -0.49   2.11 |  -0.11   0.11   0.50
 62 -1.00  1.0  0.0000       2.400  3.2E-05   0.02 |   0.01  -0.00   2.38   3.44 |   0.01  -0.01   0.45
 74 -1.00 -1.0  0.0000       2.400  3.2E-05   0.02 |  -0.01  -0.00  -2.38   3.44 |  -0.01  -0.01  -0.45
 63 -1.00  1.0  0.0000       2.477  3.5E-05   0.01 |  -0.25   0.27   0.51   1.88 |  -0.44   0.43   0.37
 75 -1.00 -1.0  0.0000       2.477  3.5E-05   0.01 |   0.25   0.27  -0.51   1.88 |   0.44   0.43  -0.37
 80 -1.00 -1.0  0.0000       2.662  7.6E-06   0.00 |  -0.52   0.77   0.74   2.15 |  -0.46   0.48   0.48
 68 -1.00  1.0  0.0000       2.662  7.6E-06   0.00 |   0.52   0.77  -0.74   2.15 |   0.46   0.48  -0.48
 76 -1.00 -1.0  0.0000       2.663  3.5E-06   0.00 |   0.90  -0.43   0.26   2.09 |   0.49  -0.45   0.46
 64 -1.00  1.0  0.0000       2.663  3.5E-06   0.00 |  -0.90  -0.43  -0.26   2.09 |  -0.49  -0.45  -0.46
 66 -1.00  1.0  0.0000       3.762  3.7E-08   0.00 |  -0.63   0.63   0.50   2.36 |  -0.44   0.44   0.37
 78 -1.00 -1.0  0.0000       3.762  3.7E-08   0.00 |   0.63   0.63  -0.50   2.36 |   0.44   0.44  -0.37
 70 -1.00 -1.0  0.0000       4.669  3.0E-06   0.00 |   0.00   0.00   3.21   3.60 |  -0.00   0.00   0.50
 58 -1.00  1.0  0.0000       4.669  3.0E-06   0.00 |  -0.00   0.00  -3.21   3.60 |   0.00   0.00  -0.50
----------------------------------------------------------------------------------------------------------
--------------------- Canonical    basis-------------------------------------------------------------------
__________________________________________________________________________________________________________
   Neutron wavefunctions
  i     P   Rz   occ          E       d2h    Delta |   JxT    JyT    Jz      J   |   SxT    SyT    Sz
----------------------------------------------------------------------------------------------------------
  9  1.00 -1.0  1.0000     -38.084  0.0E+00   0.00 |   0.50   0.50  -0.50   0.52 |   0.50   0.50  -0.50
  1  1.00  1.0  1.0000     -38.084  0.0E+00   0.00 |  -0.50   0.50   0.50   0.52 |  -0.50   0.50   0.50
 17 -1.00  1.0  1.0000     -27.095  0.0E+00   0.00 |  -0.84   0.84   0.50   1.44 |  -0.46   0.46   0.43
 29 -1.00 -1.0  1.0000     -27.095  0.0E+00   0.00 |   0.84   0.84  -0.50   1.44 |   0.46   0.46  -0.43
 19 -1.00  1.0  1.0000     -24.087  0.0E+00   0.00 |   0.00   0.00  -1.50   1.52 |   0.00   0.00  -0.50
 31 -1.00 -1.0  1.0000     -24.087  0.0E+00   0.00 |  -0.00   0.00   1.50   1.52 |  -0.00   0.00   0.50
 25 -1.00  1.0  1.0000     -19.598  0.0E+00   0.00 |   0.34  -0.34   0.50   0.68 |  -0.04   0.04  -0.43
 37 -1.00 -1.0  1.0000     -19.598  0.0E+00   0.00 |  -0.34  -0.34  -0.50   0.68 |   0.04   0.04   0.43
 10  1.00 -1.0  1.0000     -15.687  0.0E+00   0.00 |   1.28   1.28  -0.50   2.27 |   0.40   0.40  -0.29
  2  1.00  1.0  1.0000     -15.687  0.0E+00   0.00 |  -1.28   1.28   0.50   2.27 |  -0.40   0.40   0.29
 11  1.00 -1.0  1.0000     -13.777  0.0E+00   0.00 |  -0.00  -0.00   1.50   2.49 |  -0.00  -0.00   0.43
  3  1.00  1.0  1.0000 *   -13.777  0.0E+00   0.00 |   0.00  -0.00  -1.50   2.49 |   0.00  -0.00  -0.43
 12  1.00 -1.0  0.5000     -11.112  0.0E+00   0.00 |   0.00   0.00  -2.50   2.52 |  -0.00  -0.00  -0.50
  4  1.00  1.0  0.5000     -11.112  0.0E+00   0.00 |  -0.00   0.00   2.50   2.52 |   0.00  -0.00   0.50
  5  1.00  1.0  0.0000      -9.251  0.0E+00   0.00 |  -0.47   0.47   0.50   1.25 |  -0.34   0.34   0.18
 13  1.00 -1.0  0.0000      -9.251  0.0E+00   0.00 |   0.47   0.47  -0.50   1.25 |   0.34   0.34  -0.18
  6  1.00  1.0  0.0000      -6.322  0.0E+00   0.00 |   0.75  -0.75   0.50   1.40 |  -0.27   0.27   0.03
 14  1.00 -1.0  0.0000      -6.322  0.0E+00   0.00 |  -0.75  -0.75  -0.50   1.40 |   0.27   0.27  -0.03
 28 -1.00  1.0  0.0000      -4.459  0.0E+00   0.00 |  -1.60   1.60   0.50   2.95 |  -0.37   0.37   0.24
 40  1.00 -1.0  0.0000      -4.459  0.0E+00   0.00 |   1.60   1.60  -0.50   2.95 |   0.37   0.37  -0.24
 15  1.00 -1.0  0.0000      -3.667  0.0E+00   0.00 |   0.00   0.00   1.50   1.57 |   0.00   0.00  -0.43
  7  1.00  1.0  0.0000      -3.667  0.0E+00   0.00 |  -0.00   0.00  -1.50   1.57 |  -0.00   0.00   0.43
 33 -1.00 -1.0  0.0000      -2.906  0.0E+00   0.00 |  -0.00  -0.00   1.50   3.31 |  -0.00  -0.00   0.36
 21 -1.00  1.0  0.0000      -2.906  0.0E+00   0.00 |   0.00  -0.00  -1.50   3.31 |   0.00  -0.00  -0.36
 34 -1.00 -1.0  0.0000      -0.830  0.0E+00   0.00 |   0.00   0.00  -2.50   3.50 |  -0.00  -0.00  -0.45
 22 -1.00  1.0  0.0000      -0.830  0.0E+00   0.00 |  -0.00   0.00   2.50   3.50 |   0.00  -0.00   0.45
 35 -1.00 -1.0  0.0000      -0.233  0.0E+00   0.00 |   0.67   0.67  -0.50   2.01 |   0.40   0.40  -0.31
 23 -1.00  1.0  0.0000      -0.233  0.0E+00   0.00 |  -0.67   0.67   0.50   2.01 |  -0.40   0.40   0.31
 20 -1.00  1.0  0.0000       0.889  0.0E+00   0.00 |   0.41   0.46  -1.17   1.96 |   0.36   0.36  -0.49
 32 -1.00 -1.0  0.0000       0.889  0.0E+00   0.00 |  -0.41   0.46   1.17   1.96 |  -0.36   0.36   0.49
 24 -1.00  1.0  0.0000       0.911  0.0E+00   0.00 |  -0.57  -0.31   0.16   1.69 |  -0.37  -0.35  -0.48
 36 -1.00 -1.0  0.0000       0.911  0.0E+00   0.00 |   0.57  -0.31  -0.16   1.69 |   0.37  -0.35   0.48
 39 -1.00 -1.0  0.0000       1.039  0.0E+00   0.00 |  -0.50  -0.49  -0.49   2.22 |  -0.50  -0.50  -0.50
 27 -1.00  1.0  0.0000       1.039  0.0E+00   0.00 |   0.50  -0.49   0.49   2.22 |   0.50  -0.50   0.50
 16 -1.00 -1.0  0.0000       1.043  0.0E+00   0.00 |  -0.14   0.16  -0.47   2.05 |  -0.13   0.13   0.50
  8  1.00  1.0  0.0000       1.043  0.0E+00   0.00 |   0.14   0.16   0.47   2.05 |   0.13   0.13  -0.50
 18 -1.00  1.0  0.0000       1.606  0.0E+00   0.00 |  -0.48   0.48   0.44   2.19 |  -0.48   0.48   0.45
 30 -1.00 -1.0  0.0000       1.606  0.0E+00   0.00 |   0.48   0.48  -0.44   2.19 |   0.48   0.48  -0.45
 26 -1.00  1.0  0.0000       1.721  0.0E+00   0.00 |  -0.00   0.00  -3.40   3.49 |  -0.01   0.01  -0.48
 38 -1.00 -1.0  0.0000       1.721  0.0E+00   0.00 |   0.00   0.00   3.40   3.49 |   0.01   0.01   0.48
__________________________________________________________________________________________________________
   Proton  wavefunctions
  i     P   Rz   occ          E       d2h    Delta |   JxT    JyT    Jz      J   |   SxT    SyT    Sz
----------------------------------------------------------------------------------------------------------
 49  1.00 -1.0  1.0000     -34.316  0.0E+00   0.00 |   0.50   0.50  -0.50   0.52 |   0.50   0.50  -0.50
 41  1.00  1.0  1.0000     -34.316  0.0E+00  -0.00 |  -0.50   0.50   0.50   0.52 |  -0.50   0.50   0.50
 57 -1.00  1.0  1.0000     -23.439  0.0E+00  -0.00 |  -0.85   0.85   0.50   1.44 |  -0.46   0.46   0.42
 69 -1.00 -1.0  1.0000     -23.439  0.0E+00   0.00 |   0.85   0.85  -0.50   1.44 |   0.46   0.46  -0.42
 59 -1.00  1.0  1.0000     -20.861  0.0E+00  -0.02 |   0.00   0.00  -1.50   1.52 |   0.00   0.00  -0.50
 71 -1.00 -1.0  1.0000     -20.861  0.0E+00   0.02 |  -0.00   0.00   1.50   1.52 |  -0.00   0.00   0.50
 65 -1.00  1.0  0.9948     -16.372  0.0E+00  -1.04 |   0.35  -0.35   0.50   0.67 |  -0.04   0.04  -0.42
 77 -1.00 -1.0  0.9948     -16.372  0.0E+00   1.04 |  -0.35  -0.35  -0.50   0.67 |   0.04   0.04   0.42
 50  1.00 -1.0  0.9625     -12.115  0.0E+00   1.19 |   1.30   1.30  -0.50   2.29 |   0.39   0.39  -0.28
 42  1.00  1.0  0.9625     -12.115  0.0E+00  -1.19 |  -1.30   1.30   0.50   2.29 |  -0.39   0.39   0.28
 43  1.00  1.0  0.8393     -10.456  0.0E+00  -1.35 |   0.00  -0.00  -1.50   2.49 |   0.00  -0.00  -0.43
 51  1.00 -1.0  0.8393     -10.456  0.0E+00   1.35 |  -0.00  -0.00   1.50   2.49 |  -0.00  -0.00   0.43
 52  1.00 -1.0  0.1721      -8.027  0.0E+00   1.36 |   0.00   0.00  -2.50   2.52 |  -0.00  -0.00  -0.50
 44  1.00  1.0  0.1721      -8.027  0.0E+00  -1.36 |  -0.00   0.00   2.50   2.52 |   0.00  -0.00   0.50
 45  1.00  1.0  0.0224      -5.772  0.0E+00  -1.06 |  -0.43   0.43   0.50   1.21 |  -0.34   0.34   0.18
 53  1.00 -1.0  0.0224      -5.772  0.0E+00   1.06 |   0.43   0.43  -0.50   1.21 |   0.34   0.34  -0.18
 54  1.00 -1.0  0.0079      -3.087  0.0E+00   1.09 |  -0.73  -0.73  -0.50   1.39 |   0.27   0.27  -0.04
 46  1.00  1.0  0.0079      -3.087  0.0E+00  -1.09 |   0.73  -0.73   0.50   1.39 |  -0.27   0.27   0.04
 80 -1.00 -1.0  0.0005      -0.944  0.0E+00   0.38 |   1.62   1.62  -0.50   2.98 |   0.37   0.37  -0.23
 68 -1.00  1.0  0.0005      -0.944  0.0E+00  -0.38 |  -1.62   1.62   0.50   2.98 |  -0.37   0.37   0.23
 55  1.00 -1.0  0.0005      -0.685  0.0E+00   0.37 |   0.00   0.00   1.50   1.57 |   0.00   0.00  -0.43
 47  1.00  1.0  0.0005      -0.685  0.0E+00  -0.37 |  -0.00   0.00  -1.50   1.57 |  -0.00   0.00   0.43
 61 -1.00  1.0  0.0000       0.453  0.0E+00  -0.11 |   0.00  -0.00  -1.50   3.30 |   0.00  -0.00  -0.36
 73 -1.00 -1.0  0.0000       0.453  0.0E+00   0.11 |  -0.00  -0.00   1.50   3.30 |  -0.00  -0.00   0.36
 79 -1.00 -1.0  0.0000       2.139  0.0E+00   0.00 |  -0.48  -0.48  -0.60   2.25 |  -0.48  -0.48  -0.50
 67 -1.00  1.0  0.0000       2.139  0.0E+00  -0.00 |   0.48  -0.48   0.60   2.25 |   0.48  -0.48   0.50
 48  1.00  1.0  0.0000       2.361  0.0E+00  -0.00 |   0.12   0.12   0.49   2.11 |   0.11   0.11  -0.50
 56 -1.00 -1.0  0.0000       2.361  0.0E+00   0.00 |  -0.12   0.12  -0.49   2.11 |  -0.11   0.11   0.50
 62 -1.00  1.0  0.0000       2.400  0.0E+00  -0.02 |   0.01  -0.00   2.38   3.44 |   0.01  -0.01   0.45
 74 -1.00 -1.0  0.0000       2.400  0.0E+00   0.02 |  -0.01  -0.00  -2.38   3.44 |  -0.01  -0.01  -0.45
 63 -1.00  1.0  0.0000       2.477  0.0E+00  -0.00 |  -0.25   0.27   0.51   1.88 |  -0.44   0.43   0.37
 75 -1.00 -1.0  0.0000       2.477  0.0E+00   0.00 |   0.25   0.27  -0.51   1.88 |   0.44   0.43  -0.37
 72 -1.00 -1.0  0.0000       2.662  0.0E+00   0.00 |  -0.52   0.77   0.74   2.15 |  -0.46   0.48   0.48
 60 -1.00  1.0  0.0000       2.662  0.0E+00  -0.00 |   0.52   0.77  -0.74   2.15 |   0.46   0.48  -0.48
 76 -1.00 -1.0  0.0000       2.663  0.0E+00   0.00 |   0.90  -0.43   0.26   2.09 |   0.49  -0.45   0.46
 64 -1.00  1.0  0.0000       2.663  0.0E+00  -0.00 |  -0.90  -0.43  -0.26   2.09 |  -0.49  -0.45  -0.46
 66 -1.00  1.0  0.0000       3.762  0.0E+00  -0.00 |  -0.63   0.63   0.50   2.36 |  -0.44   0.44   0.37
 78 -1.00 -1.0  0.0000       3.762  0.0E+00   0.00 |   0.63   0.63  -0.50   2.36 |   0.44   0.44  -0.37
 70 -1.00 -1.0  0.0000       4.669  0.0E+00   0.00 |   0.00   0.00   3.21   3.60 |  -0.00   0.00   0.50
 58 -1.00  1.0  0.0000       4.669  0.0E+00  -0.00 |  -0.00   0.00  -3.21   3.60 |   0.00   0.00  -0.50
----------------------------------------------------------------------------------------------------------
---------------------------------Quasiparticles---------------------------------
Block 1:  P=+1  neutrons
  N      Eqp       f_n      |   U   V  |   B  P  ov_TR |    JxT    JyT    Jz
________________________________________________________________________________
  1    -26.05      0.00E+00 |    1   0 |   -  -  0.000 |    0.00   0.00   0.50
  2    -13.07      0.00E+00 |    0  16 |   -  -  0.000 |    0.00   0.00   0.47
  3     -8.37      0.00E+00 |    0  15 |   -  -  0.000 |    0.00   0.00  -1.50
  4     -5.71      0.00E+00 |    0  14 |   -  -  0.000 |    0.00   0.00   0.50
  5     -3.66      0.00E+00 |    2   0 |   -  -  0.000 |    0.00   0.00   0.50
  6     -2.78      0.00E+00 |    0  13 |   -  -  0.000 |    0.00   0.00   0.50
  7     -1.75      0.00E+00 |    3   0 |   -  -  0.000 |    0.00   0.00  -1.50
  8     -0.92      5.00E-01 |    0  12 |   -  -  0.000 |    0.00   0.00   2.50
  9    -26.05      0.00E+00 |    9   0 |   -  -  0.000 |    0.00   0.00  -0.50
 10    -13.07      0.00E+00 |    0   8 |   -  -  0.000 |    0.00   0.00  -0.47
 11     -8.37      0.00E+00 |    0   7 |   -  -  0.000 |    0.00   0.00   1.50
 12     -5.71      0.00E+00 |    0   6 |   -  -  0.000 |    0.00   0.00  -0.50
 13     -3.66      0.00E+00 |   10   0 |   -  -  0.000 |    0.00   0.00  -0.50
 14     -2.78      0.00E+00 |    0   5 |   -  -  0.000 |    0.00   0.00  -0.50
 15     -1.75      0.00E+00 |   11   0 |   -  -  0.000 |    0.00   0.00   1.50
 16     -0.92      5.00E-01 |    0   4 |   -  -  0.000 |    0.00   0.00  -2.50
 17      0.92      5.00E-01 |    4   0 |   B  -  1.000 |    0.00   0.00   2.50
 18      1.75      1.00E+00 |    0  11 |   -  -  0.000 |    0.00   0.00  -1.50
 19      2.78      1.00E+00 |    5   0 |   -  -  0.000 |    0.00   0.00   0.50
 20      3.66      1.00E+00 |    0  10 |   -  -  0.000 |    0.00   0.00   0.50
 21      5.71      1.00E+00 |    6   0 |   -  -  0.000 |    0.00   0.00   0.50
 22      8.37      1.00E+00 |    7   0 |   -  -  0.000 |    0.00   0.00  -1.50
 23     13.07      1.00E+00 |    8   0 |   -  -  0.000 |    0.00   0.00   0.47
 24     26.05      1.00E+00 |    0   9 |   -  -  0.000 |    0.00   0.00   0.50
 25      0.92      5.00E-01 |   12   0 |   B  -  0.000 |    0.00   0.00  -2.50
 26      1.75      1.00E+00 |    0   3 |   -  -  0.000 |    0.00   0.00   1.50
 27      2.78      1.00E+00 |   13   0 |   -  -  0.000 |    0.00   0.00  -0.50
 28      3.66      1.00E+00 |    0   2 |   -  -  0.000 |    0.00   0.00  -0.50
 29      5.71      1.00E+00 |   14   0 |   -  -  0.000 |    0.00   0.00  -0.50
 30      8.37      1.00E+00 |   15   0 |   -  -  0.000 |    0.00   0.00   1.50
 31     13.07      1.00E+00 |   16   0 |   -  -  0.000 |    0.00   0.00  -0.47
 32     26.05      1.00E+00 |    0   1 |   -  -  0.000 |    0.00   0.00  -0.50

Block 3:  P=-1  neutrons
  N      Eqp       f_n      |   U   V  |   B  P  ov_TR |    JxT    JyT    Jz
________________________________________________________________________________
  1    -15.06      0.00E+00 |   17   0 |   -  -  0.000 |    0.00   0.00   0.50
  2    -13.75      0.00E+00 |    0  38 |   -  -  0.000 |    0.00   0.00  -3.40
  3    -13.64      0.00E+00 |    0  30 |   -  -  0.000 |    0.00   0.00   0.44
  4    -13.07      0.00E+00 |    0  39 |   -  -  0.000 |    0.00   0.00   0.49
  5    -12.94      0.00E+00 |    0  36 |   -  -  0.000 |    0.00   0.00   0.16
  6    -12.92      0.00E+00 |    0  40 |   -  -  0.000 |    0.00   0.00  -1.17
  7    -12.05      0.00E+00 |   19   0 |   -  -  0.000 |    0.00   0.00  -1.50
  8    -11.80      0.00E+00 |    0  35 |   -  -  0.000 |    0.00   0.00   0.50
  9    -11.20      0.00E+00 |    0  34 |   -  -  0.000 |    0.00   0.00   2.50
 10     -9.13      0.00E+00 |    0  33 |   -  -  0.000 |    0.00   0.00  -1.50
 11     -7.57      0.00E+00 |    0  32 |   -  -  0.000 |    0.00   0.00   0.50
 12     -7.57      0.00E+00 |   25   0 |   -  -  0.000 |    0.00   0.00   0.50
 13    -15.06      0.00E+00 |   29   0 |   -  -  0.000 |    0.00   0.00  -0.50
 14    -13.75      0.00E+00 |    0  26 |   -  -  0.000 |    0.00   0.00   3.40
 15    -13.64      0.00E+00 |    0  18 |   -  -  0.000 |    0.00   0.00  -0.44
 16    -13.07      0.00E+00 |    0  27 |   -  -  0.000 |    0.00   0.00  -0.49
 17    -12.94      0.00E+00 |    0  24 |   -  -  0.000 |    0.00   0.00  -0.16
 18    -12.92      0.00E+00 |    0  28 |   -  -  0.000 |    0.00   0.00   1.17
 19    -12.05      0.00E+00 |   31   0 |   -  -  0.000 |    0.00   0.00   1.50
 20    -11.80      0.00E+00 |    0  23 |   -  -  0.000 |    0.00   0.00  -0.50
 21    -11.20      0.00E+00 |    0  22 |   -  -  0.000 |    0.00   0.00  -2.50
 22     -9.13      0.00E+00 |    0  21 |   -  -  0.000 |    0.00   0.00   1.50
 23     -7.57      0.00E+00 |    0  20 |   -  -  0.000 |    0.00   0.00  -0.50
 24     -7.57      0.00E+00 |   37   0 |   -  -  0.000 |    0.00   0.00  -0.50
 25      7.57      1.00E+00 |    0  37 |   -  -  0.000 |    0.00   0.00   0.50
 26      7.57      1.00E+00 |   20   0 |   -  -  0.000 |    0.00   0.00   0.50
 27      9.13      1.00E+00 |   21   0 |   -  -  0.000 |    0.00   0.00  -1.50
 28     11.20      1.00E+00 |   22   0 |   -  -  0.000 |    0.00   0.00   2.50
 29     11.80      1.00E+00 |   23   0 |   -  -  0.000 |    0.00   0.00   0.50
 30     12.05      1.00E+00 |    0  31 |   -  -  0.000 |    0.00   0.00  -1.50
 31     12.92      1.00E+00 |   28   0 |   -  -  0.000 |    0.00   0.00  -1.17
 32     12.94      1.00E+00 |   24   0 |   -  -  0.000 |    0.00   0.00   0.16
 33     13.07      1.00E+00 |   27   0 |   -  -  0.000 |    0.00   0.00   0.49
 34     13.64      1.00E+00 |   18   0 |   -  -  0.000 |    0.00   0.00   0.44
 35     13.75      1.00E+00 |   26   0 |   -  -  0.000 |    0.00   0.00  -3.40
 36     15.06      1.00E+00 |    0  29 |   -  -  0.000 |    0.00   0.00   0.50
 37      7.57      1.00E+00 |    0  25 |   -  -  0.000 |    0.00   0.00  -0.50
 38      7.57      1.00E+00 |   32   0 |   -  -  0.000 |    0.00   0.00  -0.50
 39      9.13      1.00E+00 |   33   0 |   -  -  0.000 |    0.00   0.00   1.50
 40     11.20      1.00E+00 |   34   0 |   -  -  0.000 |    0.00   0.00  -2.50
 41     11.80      1.00E+00 |   35   0 |   -  -  0.000 |    0.00   0.00  -0.50
 42     12.05      1.00E+00 |    0  19 |   -  -  0.000 |    0.00   0.00   1.50
 43     12.92      1.00E+00 |   40   0 |   -  -  0.000 |    0.00   0.00   1.17
 44     12.94      1.00E+00 |   36   0 |   -  -  0.000 |    0.00   0.00  -0.16
 45     13.07      1.00E+00 |   39   0 |   -  -  0.000 |    0.00   0.00  -0.49
 46     13.64      1.00E+00 |   30   0 |   -  -  0.000 |    0.00   0.00  -0.44
 47     13.75      1.00E+00 |   38   0 |   -  -  0.000 |    0.00   0.00   3.40
 48     15.06      1.00E+00 |    0  17 |   -  -  0.000 |    0.00   0.00  -0.50

Block 5:  P=+1   protons
  N      Eqp       f_n      |   U   V  |   B  P  ov_TR |    JxT    JyT    Jz
________________________________________________________________________________
  1    -25.10      0.00E+00 |   41   0 |   -  -  0.000 |    0.00   0.00   0.50
  2    -11.57      0.00E+00 |    0  56 |   -  -  0.000 |    0.00   0.00   0.49
  3     -8.54      0.00E+00 |    0  55 |   -  -  0.000 |    0.00   0.00  -1.50
  4     -6.22      0.00E+00 |    0  54 |   -  -  0.000 |    0.00   0.00   0.50
  5     -3.63      0.00E+00 |   42  53 |   -  -  0.000 |    0.00   0.00   0.50
  6     -3.11      0.00E+00 |   42  53 |   -  -  0.000 |    0.00   0.00   0.50
  7     -1.83      0.00E+00 |   43  51 |   -  -  0.000 |    0.00   0.00  -1.50
  8     -1.81      0.00E+00 |   44  52 |   -  -  0.000 |    0.00   0.00   2.50
  9    -25.10      0.00E+00 |   49   0 |   -  -  0.000 |    0.00   0.00  -0.50
 10    -11.57      0.00E+00 |    0  48 |   -  -  0.000 |    0.00   0.00  -0.49
 11     -8.54      0.00E+00 |    0  47 |   -  -  0.000 |    0.00   0.00   1.50
 12     -6.22      0.00E+00 |    0  46 |   -  -  0.000 |    0.00   0.00  -0.50
 13     -3.63      0.00E+00 |   50  45 |   -  -  0.000 |    0.00   0.00  -0.50
 14     -3.11      0.00E+00 |   50  45 |   -  -  0.000 |    0.00   0.00  -0.50
 15     -1.83      0.00E+00 |   51  43 |   -  -  0.000 |    0.00   0.00   1.50
 16     -1.81      0.00E+00 |   52  44 |   -  -  0.000 |    0.00   0.00  -2.50
 17      1.81      1.00E+00 |   44  52 |   -  -  0.000 |    0.00   0.00   2.50
 18      1.83      1.00E+00 |   43  51 |   -  -  0.000 |    0.00   0.00  -1.50
 19      3.11      1.00E+00 |   45  50 |   -  -  0.000 |    0.00   0.00   0.50
 20      3.63      1.00E+00 |   45  50 |   -  -  0.000 |    0.00   0.00   0.50
 21      6.22      1.00E+00 |   46   0 |   -  -  0.000 |    0.00   0.00   0.50
 22      8.54      1.00E+00 |   47   0 |   -  -  0.000 |    0.00   0.00  -1.50
 23     11.57      1.00E+00 |   48   0 |   -  -  0.000 |    0.00   0.00   0.49
 24     25.10      1.00E+00 |    0  49 |   -  -  0.000 |    0.00   0.00   0.50
 25      1.81      1.00E+00 |   52  44 |   -  -  0.000 |    0.00   0.00  -2.50
 26      1.83      1.00E+00 |   51  43 |   -  -  0.000 |    0.00   0.00   1.50
 27      3.11      1.00E+00 |   53  42 |   -  -  0.000 |    0.00   0.00  -0.50
 28      3.63      1.00E+00 |   53  42 |   -  -  0.000 |    0.00   0.00  -0.50
 29      6.22      1.00E+00 |   54   0 |   -  -  0.000 |    0.00   0.00  -0.50
 30      8.54      1.00E+00 |   55   0 |   -  -  0.000 |    0.00   0.00   1.50
 31     11.57      1.00E+00 |   56   0 |   -  -  0.000 |    0.00   0.00  -0.49
 32     25.10      1.00E+00 |    0  41 |   -  -  0.000 |    0.00   0.00  -0.50

Block 7:  P=-1   protons
  N      Eqp       f_n      |   U   V  |   B  P  ov_TR |    JxT    JyT    Jz
________________________________________________________________________________
  1    -14.23      0.00E+00 |   57   0 |   -  -  0.000 |    0.00   0.00   0.50
  2    -13.88      0.00E+00 |    0  70 |   -  -  0.000 |    0.00   0.00  -3.21
  3    -12.98      0.00E+00 |    0  78 |   -  -  0.000 |    0.00   0.00   0.50
  4    -11.88      0.00E+00 |    0  76 |   -  -  0.000 |    0.00   0.00  -0.26
  5    -11.87      0.00E+00 |    0  80 |   -  -  0.000 |    0.00   0.00  -0.74
  6    -11.69      0.00E+00 |    0  75 |   -  -  0.000 |    0.00   0.00   0.51
  7    -11.65      0.00E+00 |   59   0 |   -  -  0.000 |    0.00   0.00  -1.50
  8    -11.61      0.00E+00 |    0  74 |   -  -  0.000 |    0.00   0.00   2.38
  9    -11.35      0.00E+00 |    0  79 |   -  -  0.000 |    0.00   0.00   0.60
 10     -9.67      0.00E+00 |    0  73 |   -  -  0.000 |    0.00   0.00  -1.50
 11     -8.28      0.00E+00 |    0  72 |   -  -  0.000 |    0.00   0.00   0.50
 12     -7.23      0.00E+00 |   65   0 |   -  -  0.000 |    0.00   0.00   0.50
 13    -14.23      0.00E+00 |   69   0 |   -  -  0.000 |    0.00   0.00  -0.50
 14    -13.88      0.00E+00 |    0  58 |   -  -  0.000 |    0.00   0.00   3.21
 15    -12.98      0.00E+00 |    0  66 |   -  -  0.000 |    0.00   0.00  -0.50
 16    -11.88      0.00E+00 |    0  64 |   -  -  0.000 |    0.00   0.00   0.26
 17    -11.87      0.00E+00 |    0  68 |   -  -  0.000 |    0.00   0.00   0.74
 18    -11.69      0.00E+00 |    0  63 |   -  -  0.000 |    0.00   0.00  -0.51
 19    -11.65      0.00E+00 |   71   0 |   -  -  0.000 |    0.00   0.00   1.50
 20    -11.61      0.00E+00 |    0  62 |   -  -  0.000 |    0.00   0.00  -2.38
 21    -11.35      0.00E+00 |    0  67 |   -  -  0.000 |    0.00   0.00  -0.60
 22     -9.67      0.00E+00 |    0  61 |   -  -  0.000 |    0.00   0.00   1.50
 23     -8.28      0.00E+00 |    0  60 |   -  -  0.000 |    0.00   0.00  -0.50
 24     -7.23      0.00E+00 |   77   0 |   -  -  0.000 |    0.00   0.00  -0.50
 25      7.23      1.00E+00 |    0  77 |   -  -  0.000 |    0.00   0.00   0.50
 26      8.28      1.00E+00 |   60   0 |   -  -  0.000 |    0.00   0.00   0.50
 27      9.67      1.00E+00 |   61   0 |   -  -  0.000 |    0.00   0.00  -1.50
 28     11.35      1.00E+00 |   67   0 |   -  -  0.000 |    0.00   0.00   0.60
 29     11.61      1.00E+00 |   62   0 |   -  -  0.000 |    0.00   0.00   2.38
 30     11.65      1.00E+00 |    0  71 |   -  -  0.000 |    0.00   0.00  -1.50
 31     11.69      1.00E+00 |   63   0 |   -  -  0.000 |    0.00   0.00   0.51
 32     11.87      1.00E+00 |   68   0 |   -  -  0.000 |    0.00   0.00  -0.74
 33     11.88      1.00E+00 |   64   0 |   -  -  0.000 |    0.00   0.00  -0.26
 34     12.98      1.00E+00 |   66   0 |   -  -  0.000 |    0.00   0.00   0.50
 35     13.88      1.00E+00 |   58   0 |   -  -  0.000 |    0.00   0.00  -3.21
 36     14.23      1.00E+00 |    0  69 |   -  -  0.000 |    0.00   0.00   0.50
 37      7.23      1.00E+00 |    0  65 |   -  -  0.000 |    0.00   0.00  -0.50
 38      8.28      1.00E+00 |   72   0 |   -  -  0.000 |    0.00   0.00  -0.50
 39      9.67      1.00E+00 |   73   0 |   -  -  0.000 |    0.00   0.00   1.50
 40     11.35      1.00E+00 |   79   0 |   -  -  0.000 |    0.00   0.00  -0.60
 41     11.61      1.00E+00 |   74   0 |   -  -  0.000 |    0.00   0.00  -2.38
 42     11.65      1.00E+00 |    0  59 |   -  -  0.000 |    0.00   0.00   1.50
 43     11.69      1.00E+00 |   75   0 |   -  -  0.000 |    0.00   0.00  -0.51
 44     11.87      1.00E+00 |   80   0 |   -  -  0.000 |    0.00   0.00   0.74
 45     11.88      1.00E+00 |   76   0 |   -  -  0.000 |    0.00   0.00   0.26
 46     12.98      1.00E+00 |   78   0 |   -  -  0.000 |    0.00   0.00  -0.50
 47     13.88      1.00E+00 |   70   0 |   -  -  0.000 |    0.00   0.00   3.21
 48     14.23      1.00E+00 |    0  57 |   -  -  0.000 |    0.00   0.00  -0.50

--------------------------------------------------------------------------------
------------------------ Electric Multipole Moments -------------------------
Quantisation Axis             : Z
  With secondary axis ordering: X,Y
______________________________________________________________________________
                   Neutrons        Protons          Charge         Total
______________________________________________________________________________
 Particles           13.0000         12.0000         12.0000         25.0000

Re  Q_{ 2 0}         12.7123         12.6239         12.6239         25.3362
Re  Q_{ 2 2}          0.0031          0.0025          0.0025          0.0056

Re  Q_{ 4 0}         28.8016         30.6003         31.4923         59.4018
Re  Q_{ 4 2}          0.0208          0.0199          0.0198          0.0406
Re  Q_{ 4 4}         -0.3684         -0.3182          0.2152         -0.6866

Re  Q_{ 6 0}         33.6165         42.5261         70.4195         76.1426
Re  Q_{ 6 2}          0.0898          0.1045          0.1066          0.1942
Re  Q_{ 6 4}          1.0242          1.1776          9.0835          2.2018
Re  Q_{ 6 6}          0.0010          0.0051          0.0088          0.0060

Re  Q_{ 8 0}        -80.9548          9.1075        287.5345        -71.8473
Re  Q_{ 8 2}          0.2431        -21.5716        -19.0657        -21.3285
Re  Q_{ 8 4}         58.6322         41.4526        113.9547        100.0849
Re  Q_{ 8 6}         -0.0210         -7.2443         -7.2800         -7.2653
Re  Q_{ 8 8}         38.6701         38.1528         39.0805         76.8229

Re  Q_{10 0}      -1147.4056      12835.8407      13440.1287      11688.4351
Re  Q_{10 2}         -0.1337        188.9912        205.2415        188.8575
Re  Q_{10 4}      -1427.3118        105.5877       1181.7767      -1321.7241
Re  Q_{10 6}         -0.0545      -1997.7146      -2040.8189      -1997.7691
Re  Q_{10 8}      -2462.7644      -4283.0845      -3957.1517      -6745.8490
Re  Q_{1010}          0.8475       -173.7943       -160.3698       -172.9468

 RMS radius           2.9887          2.9786          3.0250          2.9839
 Fourth mom.          3.2904          3.2824          3.3412          3.2865
______________________________________________________________________________
                   Neutrons        Protons          Charge         Total
______________________________________________________________________________

Beta_{ 2 0}       0.17300168      0.17179851      0.17179843      0.34480019
Beta_{ 2 2}       0.00004280      0.00003337      0.00003337      0.00007617

Beta_{ 4 0}       0.03183609      0.03382429      0.03481030      0.06566038
Beta_{ 4 2}       0.00002296      0.00002197      0.00002192      0.00004493
Beta_{ 4 4}      -0.00040723     -0.00035172      0.00023790     -0.00075895

Beta_{ 6 0}       0.00301810      0.00381801      0.00632228      0.00683611
Beta_{ 6 2}       0.00000806      0.00000938      0.00000957      0.00001744
Beta_{ 6 4}       0.00009196      0.00010572      0.00081552      0.00019768
Beta_{ 6 6}       0.00000009      0.00000046      0.00000079      0.00000054

Beta_{ 8 0}      -0.00059034      0.00006641      0.00209676     -0.00052392
Beta_{ 8 2}       0.00000177     -0.00015730     -0.00013903     -0.00015553
Beta_{ 8 4}       0.00042756      0.00030228      0.00083098      0.00072984
Beta_{ 8 6}      -0.00000015     -0.00005283     -0.00005309     -0.00005298
Beta_{ 8 8}       0.00028199      0.00027822      0.00028498      0.00056021

Beta_{10 0}      -0.00067960      0.00760257      0.00796049      0.00692297
Beta_{10 2}      -0.00000008      0.00011194      0.00012156      0.00011186
Beta_{10 4}      -0.00084539      0.00006254      0.00069996     -0.00078285
Beta_{10 6}      -0.00000003     -0.00118323     -0.00120876     -0.00118326
Beta_{10 8}      -0.00145868     -0.00253684     -0.00234379     -0.00399551
Beta_{1010}       0.00000050     -0.00010294     -0.00009499     -0.00010244


______________________________________________________________________________
                   Neutrons        Protons          Charge         Total
______________________________________________________________________________
Q_{ 2}               12.7123         12.6239         12.6239         25.3362
Q_{ 4}               28.8063         30.6036         31.4938         59.4098
Q_{ 6}               33.6480         42.5589         71.5818         76.2068
Q_{ 8}              128.1407         86.4089        335.4623        194.9741
Q_{10}             4185.8567      14477.0267      14940.3453      15467.3753
______________________________________________________________________________
                   Neutrons        Protons          Charge         Total
______________________________________________________________________________
Beta_{   2}       0.17300169      0.17179852      0.17179844      0.34480020
Beta_{   4}       0.03184131      0.03382796      0.03481194      0.06566918
Beta_{   6}       0.00302092      0.00382095      0.00642663      0.00684187
Beta_{   8}       0.00093443      0.00063011      0.00244626      0.00142179
Beta_{  10}       0.00247925      0.00857463      0.00884905      0.00916121
______________________________________________________________________________
 Cart. Moments X              Y              Z
 Cart. N      -20.1409928    -20.1654186     40.3064114
 Cart. P      -20.0035261    -20.0225684     40.0260945
 Cart. T      -40.1445189    -40.1879870     80.3325060
 (Q, gamma)    Q              Gamma
 (Q,g) N       40.3064139      0.0200464
 (Q,g) P       40.0260960      0.0157376
 (Q,g) T       80.3325099      0.0178995
 (iq1, iq2)    iq1            iq2
 iq    N       40.2982695      0.0162838
 iq    P       40.0197471      0.0126949
 iq    T       80.3180166      0.0289787
               X^2            Y^2            Z^2
 X^2_i N       31.9923894     31.9842475     52.1415241
 X^2_i P       28.8215409     28.8151935     48.8314145
 X^2_i T       60.8139303     60.7994409    100.9729386
----------------------------------------------------------------------------
--------------- Magnetic Multipole Moments ----------------
Quantisation Axis             : Z
  With secondary axis ordering: X,Y
 Units: 
   spin/orbit/total: hbar fm^(l-1)
   phys:             mu_N fm^(l-1)
______________________________________________________________________________
 Re Q^m_{ 1 0}     X           Y            Z        total
 Spin     n   -1.011E-17  -3.573E-18   3.132E-15   3.118E-15
          p   -4.742E-18   4.668E-18   3.775E-15   3.775E-15
          t   -1.485E-17   1.095E-18   6.907E-15   6.894E-15
 Orbital  n    2.028E-15   2.138E-15  -1.814E-17   4.147E-15
          p    2.866E-15   2.812E-15  -2.395E-17   5.655E-15
          t    4.894E-15   4.950E-15  -4.210E-17   9.802E-15
 Total    n    2.018E-15   2.134E-15   3.114E-15   7.266E-15
          p    2.862E-15   2.817E-15   3.752E-15   9.430E-15
          t    4.880E-15   4.951E-15   6.865E-15   1.670E-14
 Phys     n    3.868E-17   1.367E-17  -1.198E-14  -1.193E-14
          p    2.840E-15   2.838E-15   2.107E-14   2.674E-14
          t    2.879E-15   2.852E-15   9.083E-15   1.481E-14
____________________________________________________________
 mu_z  n                                           -0.000000
 mu_z  p(S)                                         0.000000
 mu_z  p(L)                                         0.000000
 mu_z  p                                            0.000000
 mu_z  t                                            0.000000
______________________________________________________________________________
 Re Q^m_{ 3 0}     X           Y            Z        total
 Spin     n    7.184E-15   4.629E-15   7.660E-15   1.947E-14
          p    1.094E-14   8.468E-15  -8.754E-15   1.065E-14
          t    1.812E-14   1.310E-14  -1.093E-15   3.013E-14
 Orbital  n   -8.537E-15  -1.209E-14   1.632E-14  -4.305E-15
          p   -1.188E-15   3.364E-16   4.439E-14   4.354E-14
          t   -9.725E-15  -1.176E-14   6.072E-14   3.923E-14
 Total    n   -1.353E-15  -7.464E-15   2.398E-14   1.517E-14
          p    9.750E-15   8.805E-15   3.564E-14   5.419E-14
          t    8.397E-15   1.341E-15   5.962E-14   6.936E-14
 Phys     n   -2.749E-14  -1.771E-14  -2.931E-14  -7.450E-14
          p    5.991E-14   4.764E-14  -4.507E-15   1.030E-13
          t    3.243E-14   2.993E-14  -3.381E-14   2.854E-14
______________________________________________________________________________
 Re Q^m_{ 3 2}     X           Y            Z        total
 Spin     n   -6.615E-15   4.226E-15   1.125E-15  -1.263E-15
          p   -1.003E-14   7.695E-15   9.775E-16  -1.362E-15
          t   -1.665E-14   1.192E-14   2.103E-15  -2.625E-15
 Orbital  n    1.088E-14  -6.874E-15  -4.313E-15  -3.113E-16
          p    9.720E-15  -9.875E-15   5.975E-15   5.820E-15
          t    2.060E-14  -1.675E-14   1.662E-15   5.509E-15
 Total    n    4.261E-15  -2.647E-15  -3.188E-15  -1.575E-15
          p   -3.148E-16  -2.179E-15   6.953E-15   4.458E-15
          t    3.946E-15  -4.827E-15   3.765E-15   2.884E-15
 Phys     n    2.531E-14  -1.617E-14  -4.305E-15   4.833E-15
          p   -4.633E-14   3.311E-14   1.144E-14  -1.785E-15
          t   -2.102E-14   1.694E-14   7.130E-15   3.048E-15
----------------------------------------------------------------------------
----------------------- Box Size Check -------------------------
 Xmax = (nx+0.5)dx = 11.500 fm,  max(rho(X=Xmax)) =    1.419E-08
 Ymax = (ny+0.5)dx = 11.500 fm,  max(rho(Y=Ymax)) =    1.422E-08
 Zmax = (nz+0.5)dx = 11.500 fm,  max(rho(Z=Zmax)) =    9.352E-09
---------------------Rotational properties--------------------
                Rigid rotor          (hbar^2/MeV)
              n              p              t 
 I_R X       2.0285427      1.8723093      3.9008520
 I_R Y       2.0287391      1.8724623      3.9012014
 I_R Z       1.5426823      1.3898069      2.9324892

                Belyaev                 (hbar^2/MeV) 
              n              p              t 
 I_B X       1.3603133      0.9415970      2.3019103
 I_B Y       1.3599705      0.9413338      2.3013044
 I_B Z       0.0000232      0.0000200      0.0000432

                Belyaev (collective)    (hbar^2/MeV) 
              n              p              t 
 I_B X       0.4452642      0.9415970      1.3868612
 I_B Y       0.4441878      0.9413338      1.3855216
 I_B Z       0.0000001      0.0000200      0.0000201

                 <J^2> - <J>^2          (hbar^2)
              n              p              t 
 J2_X        2.4664326      2.1403007      4.6067333
 J2_Y        2.4647045      2.1389218      4.6036263
 J2_Z        3.1248234      0.0001259      3.1249493
 J2_t        8.0559605      4.2793484     12.3353089

                 <J^2> - <J>^2 (coll.)  (hbar^2)
              n              p              t 
 J2_X        1.2424057      2.1413381      3.3837438
 J2_Y        1.2396953      2.1400164      3.3797117
 J2_Z        0.0000002      0.0000390      0.0000392
 J2_t        2.4821012      4.2813935      6.7634948
------------------------- Angular Momentum (hbar) --------------------------

               Spwfs(*)    Desired     Omega       E (MeV)      Densit. 
  __________________________________________________________________________
   J_x   |     0.00000     0.00000     0.00000    -0.00000     0.00000
   J_y   |     0.00000     0.00000     0.00000    -0.00000     0.00000
   J_z   |     0.00000     0.00000     0.00000    -0.00000     0.00000
  __________________________________________________________________________
   Size  |     0.00000     0.00000     0.00000                 0.00000
  --------------------------------------------------------------------------

   Open spin
               Neutrons   Protons
   _______________________________________________________
   x |   |     0.00000     0.00000
   y |   |     0.00000     0.00000
   z |   |     0.00000     0.00000
   _______________________________________________________
-------------------------- Pairing -------------------------
                          N         P 
 Fermi Level (MeV)    -12.03179105    -9.21265275
 Particles             13.00000000    12.00000000
 Dispersion             0.50000000     1.39730142
 Average gap   v^2      0.00000000     0.60005795
 Average gap   uv              NaN     1.22125167
------------------------------------------------------------
--------------------------------------------------------------------------------
 Skyrme Energy 
                                    Isoscalar      Isovector   |   Total
--------------------------------------------------------------------------------
  E_D_I_I_D_I_I                  -1776.320599       1.100970   -1775.219629
  E_D_I_I_D_Nm_Nm                   41.656232      -0.080785      41.575446
  E_D_I_Sm_D_I_Sm                    0.000000       0.000000       0.000000
  E_D_I_Sm_D_I_Sm_DD                -0.000000      -0.000000      -0.000000
  E_D_I_I_Lap_D_I_I                 73.289443       0.011710      73.301154
  E_D_I_I_D_I_I_DD                1030.923724      -0.545966    1030.377758
  E_C_I_NmSk_C_I_NmSk                0.000000       0.000000       0.000000
  E_C_I_Nm_C_I_Nm                   -0.000000       0.000000      -0.000000
  E_D_I_Sm_Lap_D_I_Sm               -0.000000       0.000000       0.000000
  E_D_I_Sm_D_Nk_NkSm                 0.000000       0.000000       0.000000
  E_D_I_I_Derm_C_I_NxmSxm          -26.100939      -0.022769     -26.123708
  E_C_I_Nm_Derxm_D_I_Sxm            -0.000000       0.000000      -0.000000
  E_DP_I_I_DP_I_I                                                 -1.583101
  E_CP_I_I_CP_I_I                                                 -0.000000
--------------------------------------------------------------------------------
                 Total Skyrme:                                  -657.672080
                    time-even:                                  -657.672080
                    time-odd :                                     0.000000
--------------------------------------------------------------------------------
--------------------------------------------------------------------------------
                                     neutron        proton         total
                Kinetic Energy:     229.615531     203.407435     433.022967
                    COM 1-body:      -9.184621      -8.136297     -17.320919
                    COM 2-body:       4.077660       3.486723       7.564383
                            ph:       4.077660       3.468112       7.545772
                            pp:       0.000000       0.018611       0.018611
                 Collective T:                                     -2.268900

                 Rotational  T:                                    -2.268900
                 Rotational  X:                                    -1.134532
                 Rotational  Y:                                    -1.134276
                 Rotational  Z:                                    -0.000092

                 Vibrational T:                                     0.000000
                 Vibrational X:                                    -0.000000
                 Vibrational Y:                                    -0.000000
                 Vibrational Z:                                    -0.000000


                Coulomb Direct:       0.000000      32.922328      32.922328
                      Exchange:       0.000000       0.000000       0.000000

               Pairing (delta):      -0.000000      -1.583101      -1.583101
               Pairing (densi):                                    -1.583101
--------------------------------------------------------------------------------
                  Total energy:                                  -203.752220
                    from spwfs:                                  -203.752219
                   E_fu - E_sp:                                -0.115389E-06
                   (no corr.) :                                  -209.047703
                      Routhian:                                  -203.752220
                         dE   :                                 0.289558E-03
                         dR   :                                 0.289558E-03
--------------------------------------------------------------------------------
 Iteration =   11
 dt    =   0.0378      mu   =   0.8527 gradn =    0.000E+00 D2H  =    4.603E-09
 E     =   -203.752    DE   = -0.49188E-10
 R     =   -203.752    DR   = -0.49188E-10
 R-E   =      0.000  D(R-E) =  0.00000E+00
 dmun  =  3.7E-03      dmup= -1.9E-08
 RQ20t =      25.3362   dQ =  1.3E-07  L =       0.0000   dL =  0.0E+00  dev =  0.0E+00
 RQ22t =       0.0055   dQ = -5.6E-05  L =       0.0000   dL =  0.0E+00  dev =  0.0E+00
 Jz    =       0.0000   dJZ= -4.7E-15 Om =       0.0000   dO =  0.0E+00  dev =  0.0E+00
--------------------------------------------------------------------------------------
 : Warning N(eps_F) decreases 
 A =  -12.02812438 FA =    -0.00000000 B =  -12.01812438 FB =    -0.00000000
 Iteration =   12
 dt    =   0.0378      mu   =   0.8530 gradn =    0.000E+00 D2H  =    4.446E-09
 E     =   -203.752    DE   = -0.31075E-10
 R     =   -203.752    DR   = -0.31075E-10
 R-E   =      0.000  D(R-E) =  0.00000E+00
 dmun  =  3.3E-02      dmup=  5.3E-08
 RQ20t =      25.3362   dQ =  1.1E-07  L =       0.0000   dL =  0.0E+00  dev =  0.0E+00
 RQ22t =       0.0055   dQ = -5.7E-05  L =       0.0000   dL =  0.0E+00  dev =  0.0E+00
 Jz    =       0.0000   dJZ=  8.1E-15 Om =       0.0000   dO =  0.0E+00  dev =  0.0E+00
--------------------------------------------------------------------------------------
 Iteration =   13
 dt    =   0.0378      mu   =   0.8555 gradn =    0.000E+00 D2H  =    4.301E-09
 E     =   -203.752    DE   = -0.73734E-11
 R     =   -203.752    DR   = -0.73734E-11
 R-E   =      0.000  D(R-E) =  0.00000E+00
 dmun  =  2.2E-04      dmup=  9.3E-08
 RQ20t =      25.3362   dQ =  9.3E-08  L =       0.0000   dL =  0.0E+00  dev =  0.0E+00
 RQ22t =       0.0054   dQ = -5.8E-05  L =       0.0000   dL =  0.0E+00  dev =  0.0E+00
 Jz    =       0.0000   dJZ=  1.0E-14 Om =       0.0000   dO =  0.0E+00  dev =  0.0E+00
--------------------------------------------------------------------------------------
 Iteration =   14
 dt    =   0.0378      mu   =   0.8555 gradn =    0.000E+00 D2H  =    4.157E-09
 E     =   -203.752    DE   =  0.70486E-11
 R     =   -203.752    DR   =  0.70486E-11
 R-E   =      0.000  D(R-E) =  0.00000E+00
 dmun  = -5.0E-03      dmup=  8.2E-08
 RQ20t =      25.3362   dQ =  8.0E-08  L =       0.0000   dL =  0.0E+00  dev =  0.0E+00
 RQ22t =       0.0054   dQ = -5.9E-05  L =       0.0000   dL =  0.0E+00  dev =  0.0E+00
 Jz    =       0.0000   dJZ= -8.8E-15 Om =       0.0000   dO =  0.0E+00  dev =  0.0E+00
--------------------------------------------------------------------------------------
 Iteration =   15
 dt    =   0.0378      mu   =   0.8551 gradn =    0.000E+00 D2H  =    4.013E-09
 E     =   -203.752    DE   = -0.37871E-11
 R     =   -203.752    DR   = -0.37871E-11
 R-E   =      0.000  D(R-E) =  0.00000E+00
 dmun  =  1.5E-02      dmup=  2.9E-08
 RQ20t =      25.3362   dQ =  7.0E-08  L =       0.0000   dL =  0.0E+00  dev =  0.0E+00
 RQ22t =       0.0053   dQ = -6.0E-05  L =       0.0000   dL =  0.0E+00  dev =  0.0E+00
 Jz    =       0.0000   dJZ=  4.2E-15 Om =       0.0000   dO =  0.0E+00  dev =  0.0E+00
--------------------------------------------------------------------------------------
 Iteration =   16
 dt    =   0.0378      mu   =   0.8563 gradn =    0.000E+00 D2H  =    3.872E-09
 E     =   -203.752    DE   = -0.39967E-10
 R     =   -203.752    DR   = -0.39967E-10
 R-E   =      0.000  D(R-E) =  0.00000E+00
 dmun  = -3.1E-03      dmup= -3.5E-08
 RQ20t =      25.3362   dQ =  6.3E-08  L =       0.0000   dL =  0.0E+00  dev =  0.0E+00
 RQ22t =       0.0052   dQ = -6.1E-05  L =       0.0000   dL =  0.0E+00  dev =  0.0E+00
 Jz    =       0.0000   dJZ= -4.7E-15 Om =       0.0000   dO =  0.0E+00  dev =  0.0E+00
--------------------------------------------------------------------------------------
 : Warning N(eps_F) decreases 
 A =  -11.99799736 FA =     0.00000000 B =  -11.98799736 FB =     0.00000000
 Iteration =   17
 dt    =   0.0378      mu   =   0.8560 gradn =    0.000E+00 D2H  =    3.738E-09
 E     =   -203.752    DE   = -0.73722E-10
 R     =   -203.752    DR   = -0.73722E-10
 R-E   =      0.000  D(R-E) =  0.00000E+00
 dmun  = -2.9E-02      dmup= -7.5E-08
 RQ20t =      25.3362   dQ =  6.0E-08  L =       0.0000   dL =  0.0E+00  dev =  0.0E+00
 RQ22t =       0.0052   dQ = -6.2E-05  L =       0.0000   dL =  0.0E+00  dev =  0.0E+00
 Jz    =       0.0000   dJZ= -1.1E-14 Om =       0.0000   dO =  0.0E+00  dev =  0.0E+00
--------------------------------------------------------------------------------------
 Iteration =   18
 dt    =   0.0378      mu   =   0.8539 gradn =    0.000E+00 D2H  =    3.614E-09
 E     =   -203.752    DE   = -0.90645E-10
 R     =   -203.752    DR   = -0.90645E-10
 R-E   =      0.000  D(R-E) =  0.00000E+00
 dmun  =  0.0E+00      dmup= -6.9E-08
 RQ20t =      25.3362   dQ =  6.0E-08  L =       0.0000   dL =  0.0E+00  dev =  0.0E+00
 RQ22t =       0.0051   dQ = -6.2E-05  L =       0.0000   dL =  0.0E+00  dev =  0.0E+00
 Jz    =       0.0000   dJZ=  1.3E-14 Om =       0.0000   dO =  0.0E+00  dev =  0.0E+00
--------------------------------------------------------------------------------------
 Iteration =   19
 dt    =   0.0378      mu   =   0.8539 gradn =    0.000E+00 D2H  =    3.505E-09
 E     =   -203.752    DE   = -0.71747E-10
 R     =   -203.752    DR   = -0.71747E-10
 R-E   =      0.000  D(R-E) =  0.00000E+00
 dmun  = -6.1E-03      dmup= -2.1E-08
 RQ20t =      25.3362   dQ =  6.2E-08  L =       0.0000   dL =  0.0E+00  dev =  0.0E+00
 RQ22t =       0.0051   dQ = -6.3E-05  L =       0.0000   dL =  0.0E+00  dev =  0.0E+00
 Jz    =       0.0000   dJZ= -7.3E-15 Om =       0.0000   dO =  0.0E+00  dev =  0.0E+00
--------------------------------------------------------------------------------------
 : Warning N(eps_F) decreases 
 A =  -12.02265339 FA =    -0.00000000 B =  -11.96265339 FB =    -0.00000000
--------------------------------------------------------------------------------------
                              Iteration =    20

--------------------- Hartree-Fock basis-------------------------------------------------------------------
__________________________________________________________________________________________________________
   Neutron wavefunctions
  i     P   Rz   occ          E       d2h    Delta |   JxT    JyT    Jz      J   |   SxT    SyT    Sz
----------------------------------------------------------------------------------------------------------
  9  1.00 -1.0  1.0000     -38.084  1.1E-10   0.00 |   0.50   0.50  -0.50   0.52 |   0.50   0.50  -0.50
  1  1.00  1.0  1.0000     -38.084  1.2E-10   0.00 |  -0.50   0.50   0.50   0.52 |  -0.50   0.50   0.50
 17 -1.00  1.0  1.0000     -27.095  2.0E-10   0.00 |  -0.84   0.84   0.50   1.44 |  -0.46   0.46   0.43
 29 -1.00 -1.0  1.0000     -27.095  2.1E-10   0.00 |   0.84   0.84  -0.50   1.44 |   0.46   0.46  -0.43
 19 -1.00  1.0  1.0000     -24.087  4.0E-09   0.00 |   0.00   0.00  -1.50   1.52 |   0.00   0.00  -0.50
 31 -1.00 -1.0  1.0000     -24.087  4.0E-09   0.00 |  -0.00   0.00   1.50   1.52 |  -0.00   0.00   0.50
 25 -1.00  1.0  1.0000     -19.598  3.9E-09   0.00 |   0.34  -0.34   0.50   0.68 |  -0.04   0.04  -0.43
 37 -1.00 -1.0  1.0000     -19.598  3.9E-09   0.00 |  -0.34  -0.34  -0.50   0.68 |   0.04   0.04   0.43
 10  1.00 -1.0  1.0000     -15.687  1.2E-09   0.00 |   1.28   1.28  -0.50   2.27 |   0.40   0.40  -0.29
  2  1.00  1.0  1.0000     -15.687  1.2E-09   0.00 |  -1.28   1.28   0.50   2.27 |  -0.40   0.40   0.29
  3  1.00  1.0  1.0000     -13.777  3.0E-09   0.00 |   0.00  -0.00  -1.50   2.49 |   0.00  -0.00  -0.43
 11  1.00 -1.0  1.0000     -13.777  3.0E-09   0.00 |  -0.00  -0.00   1.50   2.49 |  -0.00  -0.00   0.43
 12  1.00 -1.0  0.5000     -11.112  1.5E-08   0.00 |   0.00   0.00  -2.50   2.52 |  -0.00  -0.00  -0.50
  4  1.00  1.0  0.5000     -11.112  1.5E-08   0.00 |  -0.00   0.00   2.50   2.52 |   0.00  -0.00   0.50
  5  1.00  1.0  0.0000      -9.251  1.5E-08   0.00 |  -0.47   0.47   0.50   1.25 |  -0.34   0.34   0.18
 13  1.00 -1.0  0.0000      -9.251  1.5E-08   0.00 |   0.47   0.47  -0.50   1.25 |   0.34   0.34  -0.18
  6  1.00  1.0  0.0000      -6.322  7.5E-09   0.00 |   0.75  -0.75   0.50   1.40 |  -0.27   0.27   0.03
 14  1.00 -1.0  0.0000      -6.322  7.5E-09   0.00 |  -0.75  -0.75  -0.50   1.40 |   0.27   0.27  -0.03
 32 -1.00 -1.0  0.0000      -4.459  3.1E-09   0.00 |   1.60   1.60  -0.50   2.95 |   0.37   0.37  -0.24
 20 -1.00  1.0  0.0000      -4.459  3.1E-09   0.00 |  -1.60   1.60   0.50   2.95 |  -0.37   0.37   0.24
 15  1.00 -1.0  0.0000      -3.667  5.5E-09   0.00 |   0.00   0.00   1.50   1.57 |   0.00   0.00  -0.43
  7  1.00  1.0  0.0000      -3.667  5.5E-09   0.00 |  -0.00   0.00  -1.50   1.57 |  -0.00   0.00   0.43
 33 -1.00 -1.0  0.0000      -2.906  7.4E-09   0.00 |  -0.00  -0.00   1.50   3.31 |  -0.00  -0.00   0.36
 21 -1.00  1.0  0.0000      -2.906  7.4E-09   0.00 |   0.00  -0.00  -1.50   3.31 |   0.00  -0.00  -0.36
 34 -1.00 -1.0  0.0000      -0.830  2.8E-07   0.00 |   0.00   0.00  -2.50   3.50 |  -0.00  -0.00  -0.45
 22 -1.00  1.0  0.0000      -0.830  2.8E-07   0.00 |  -0.00   0.00   2.50   3.50 |   0.00  -0.00   0.45
 35 -1.00 -1.0  0.0000      -0.233  2.8E-07   0.00 |   0.67   0.67  -0.50   2.01 |   0.40   0.40  -0.31
 23 -1.00  1.0  0.0000      -0.233  2.8E-07   0.00 |  -0.67   0.67   0.50   2.01 |  -0.40   0.40   0.31
 28 -1.00  1.0  0.0000       0.889  1.3E-04   0.00 |   0.41   0.46  -1.18   1.96 |   0.36   0.36  -0.49
 40  1.00 -1.0  0.0000       0.889  1.3E-04   0.00 |  -0.41   0.46   1.18   1.96 |  -0.36   0.36   0.49
 36 -1.00 -1.0  0.0000       0.911  1.5E-04   0.00 |   0.56  -0.31  -0.17   1.69 |   0.37  -0.35   0.48
 24 -1.00  1.0  0.0000       0.911  1.5E-04   0.00 |  -0.56  -0.31   0.17   1.69 |  -0.37  -0.35  -0.48
 39 -1.00 -1.0  0.0000       1.039  2.2E-05   0.00 |  -0.50  -0.49  -0.49   2.22 |  -0.50  -0.50  -0.50
 27 -1.00  1.0  0.0000       1.039  2.2E-05   0.00 |   0.50  -0.49   0.49   2.22 |   0.50  -0.50   0.50
 16 -1.00 -1.0  0.0000       1.043  1.8E-06   0.00 |  -0.14   0.16  -0.47   2.05 |  -0.13   0.13   0.50
  8  1.00  1.0  0.0000       1.043  1.8E-06   0.00 |   0.14   0.16   0.47   2.05 |   0.13   0.13  -0.50
 30 -1.00 -1.0  0.0000       1.606  1.4E-04   0.00 |   0.48   0.48  -0.44   2.18 |   0.48   0.48  -0.45
 18 -1.00  1.0  0.0000       1.606  1.4E-04   0.00 |  -0.48   0.48   0.44   2.18 |  -0.48   0.48   0.45
 26 -1.00  1.0  0.0000       1.721  1.4E-04   0.00 |  -0.00   0.00  -3.41   3.49 |  -0.01   0.01  -0.49
 38 -1.00 -1.0  0.0000       1.721  1.4E-04   0.00 |   0.00   0.00   3.41   3.49 |   0.01   0.01   0.49
__________________________________________________________________________________________________________
   Proton  wavefunctions
  i     P   Rz   occ          E       d2h    Delta |   JxT    JyT    Jz      J   |   SxT    SyT    Sz
----------------------------------------------------------------------------------------------------------
 49  1.00 -1.0  1.0000     -34.316  1.1E-10   0.00 |   0.50   0.50  -0.50   0.52 |   0.50   0.50  -0.50
 41  1.00  1.0  1.0000     -34.316  1.3E-10   0.00 |  -0.50   0.50   0.50   0.52 |  -0.50   0.50   0.50
 57 -1.00  1.0  1.0000     -23.439  5.0E-10   0.00 |  -0.85   0.85   0.50   1.44 |  -0.46   0.46   0.42
 69 -1.00 -1.0  1.0000     -23.439  5.0E-10   0.00 |   0.85   0.85  -0.50   1.44 |   0.46   0.46  -0.42
 59 -1.00  1.0  1.0000     -20.861  5.3E-09   0.02 |   0.00   0.00  -1.50   1.52 |   0.00   0.00  -0.50
 71 -1.00 -1.0  1.0000     -20.861  5.3E-09   0.02 |  -0.00   0.00   1.50   1.52 |  -0.00   0.00   0.50
 77 -1.00 -1.0  0.9948     -16.372  4.9E-09   1.04 |  -0.35  -0.35  -0.50   0.67 |   0.04   0.04   0.42
 65 -1.00  1.0  0.9948     -16.372  4.9E-09   1.04 |   0.35  -0.35   0.50   0.67 |  -0.04   0.04  -0.42
 42  1.00  1.0  0.9625     -12.115  3.6E-09   1.19 |  -1.30   1.30   0.50   2.29 |  -0.39   0.39   0.28
 50  1.00 -1.0  0.9625     -12.115  3.6E-09   1.19 |   1.30   1.30  -0.50   2.29 |   0.39   0.39  -0.28
 51  1.00 -1.0  0.8393     -10.456  5.8E-09   1.35 |  -0.00  -0.00   1.50   2.49 |  -0.00  -0.00   0.43
 43  1.00  1.0  0.8393     -10.456  5.8E-09   1.35 |   0.00  -0.00  -1.50   2.49 |   0.00  -0.00  -0.43
 44  1.00  1.0  0.1721      -8.027  1.7E-08   1.36 |  -0.00   0.00   2.50   2.52 |   0.00  -0.00   0.50
 52  1.00 -1.0  0.1721      -8.027  1.7E-08   1.36 |   0.00   0.00  -2.50   2.52 |  -0.00  -0.00  -0.50
 53  1.00 -1.0  0.0224      -5.772  1.7E-08   1.06 |   0.43   0.43  -0.50   1.21 |   0.34   0.34  -0.18
 45  1.00  1.0  0.0224      -5.772  1.7E-08   1.06 |  -0.43   0.43   0.50   1.21 |  -0.34   0.34   0.18
 46  1.00  1.0  0.0079      -3.087  1.5E-08   1.09 |   0.73  -0.73   0.50   1.39 |  -0.27   0.27   0.04
 54  1.00 -1.0  0.0079      -3.087  1.5E-08   1.09 |  -0.73  -0.73  -0.50   1.39 |   0.27   0.27  -0.04
 72 -1.00 -1.0  0.0005      -0.944  7.5E-09   0.38 |   1.62   1.62  -0.50   2.98 |   0.37   0.37  -0.23
 60 -1.00  1.0  0.0005      -0.944  7.5E-09   0.38 |  -1.62   1.62   0.50   2.98 |  -0.37   0.37   0.23
 55  1.00 -1.0  0.0005      -0.685  1.2E-08   0.37 |   0.00   0.00   1.50   1.57 |   0.00   0.00  -0.43
 47  1.00  1.0  0.0005      -0.685  1.2E-08   0.37 |  -0.00   0.00  -1.50   1.57 |  -0.00   0.00   0.43
 73 -1.00 -1.0  0.0000       0.453  1.3E-08   0.11 |  -0.00  -0.00   1.50   3.30 |  -0.00  -0.00   0.36
 61 -1.00  1.0  0.0000       0.453  1.3E-08   0.11 |   0.00  -0.00  -1.50   3.30 |   0.00  -0.00  -0.36
 79 -1.00 -1.0  0.0000       2.139  1.6E-06   0.00 |  -0.48  -0.48  -0.60   2.25 |  -0.48  -0.48  -0.50
 67 -1.00  1.0  0.0000       2.139  1.6E-06   0.00 |   0.48  -0.48   0.60   2.25 |   0.48  -0.48   0.50
 48  1.00  1.0  0.0000       2.361  3.7E-07   0.00 |   0.12   0.12   0.49   2.11 |   0.11   0.11  -0.50
 56 -1.00 -1.0  0.0000       2.361  3.7E-07   0.00 |  -0.12   0.12  -0.49   2.11 |  -0.11   0.11   0.50
 74 -1.00 -1.0  0.0000       2.400  3.0E-05   0.02 |  -0.01  -0.00  -2.38   3.44 |  -0.01  -0.01  -0.45
 62 -1.00  1.0  0.0000       2.400  3.0E-05   0.02 |   0.01  -0.00   2.38   3.44 |   0.01  -0.01   0.45
 75 -1.00 -1.0  0.0000       2.477  3.3E-05   0.01 |   0.25   0.27  -0.51   1.88 |   0.44   0.43  -0.37
 63 -1.00  1.0  0.0000       2.477  3.3E-05   0.01 |  -0.25   0.27   0.51   1.88 |  -0.44   0.43   0.37
 68 -1.00  1.0  0.0000       2.662  7.0E-06   0.00 |   0.52   0.77  -0.75   2.15 |   0.46   0.48  -0.48
 80 -1.00 -1.0  0.0000       2.662  7.0E-06   0.00 |  -0.52   0.77   0.75   2.15 |  -0.46   0.48   0.48
 76 -1.00 -1.0  0.0000       2.663  3.3E-06   0.00 |   0.90  -0.43   0.26   2.09 |   0.49  -0.45   0.46
 64 -1.00  1.0  0.0000       2.663  3.3E-06   0.00 |  -0.90  -0.43  -0.26   2.09 |  -0.49  -0.45  -0.46
 78 -1.00 -1.0  0.0000       3.762  2.8E-08   0.00 |   0.63   0.63  -0.50   2.36 |   0.44   0.44  -0.37
 66 -1.00  1.0  0.0000       3.762  2.8E-08   0.00 |  -0.63   0.63   0.50   2.36 |  -0.44   0.44   0.37
 58 -1.00  1.0  0.0000       4.669  2.3E-06   0.00 |  -0.00   0.00  -3.21   3.60 |   0.00   0.00  -0.50
 70 -1.00 -1.0  0.0000       4.669  2.3E-06   0.00 |   0.00   0.00   3.21   3.60 |  -0.00   0.00   0.50
----------------------------------------------------------------------------------------------------------
--------------------- Canonical    basis-------------------------------------------------------------------
__________________________________________________________________________________________________________
   Neutron wavefunctions
  i     P   Rz   occ          E       d2h    Delta |   JxT    JyT    Jz      J   |   SxT    SyT    Sz
----------------------------------------------------------------------------------------------------------
  9  1.00 -1.0  1.0000     -38.084  0.0E+00   0.00 |   0.50   0.50  -0.50   0.52 |   0.50   0.50  -0.50
  1  1.00  1.0  1.0000     -38.084  0.0E+00   0.00 |  -0.50   0.50   0.50   0.52 |  -0.50   0.50   0.50
 17 -1.00  1.0  1.0000     -27.095  0.0E+00   0.00 |  -0.84   0.84   0.50   1.44 |  -0.46   0.46   0.43
 29 -1.00 -1.0  1.0000     -27.095  0.0E+00   0.00 |   0.84   0.84  -0.50   1.44 |   0.46   0.46  -0.43
 19 -1.00  1.0  1.0000     -24.087  0.0E+00   0.00 |   0.00   0.00  -1.50   1.52 |   0.00   0.00  -0.50
 31 -1.00 -1.0  1.0000     -24.087  0.0E+00   0.00 |  -0.00   0.00   1.50   1.52 |  -0.00   0.00   0.50
 25 -1.00  1.0  1.0000     -19.598  0.0E+00   0.00 |   0.34  -0.34   0.50   0.68 |  -0.04   0.04  -0.43
 37 -1.00 -1.0  1.0000     -19.598  0.0E+00   0.00 |  -0.34  -0.34  -0.50   0.68 |   0.04   0.04   0.43
 10  1.00 -1.0  1.0000     -15.687  0.0E+00   0.00 |   1.28   1.28  -0.50   2.27 |   0.40   0.40  -0.29
  2  1.00  1.0  1.0000     -15.687  0.0E+00   0.00 |  -1.28   1.28   0.50   2.27 |  -0.40   0.40   0.29
  3  1.00  1.0  1.0000 *   -13.777  0.0E+00   0.00 |   0.00  -0.00  -1.50   2.49 |   0.00  -0.00  -0.43
 11  1.00 -1.0  1.0000     -13.777  0.0E+00   0.00 |  -0.00  -0.00   1.50   2.49 |  -0.00  -0.00   0.43
 12  1.00 -1.0  0.5000     -11.112  0.0E+00   0.00 |   0.00   0.00  -2.50   2.52 |  -0.00  -0.00  -0.50
  4  1.00  1.0  0.5000     -11.112  0.0E+00   0.00 |  -0.00   0.00   2.50   2.52 |   0.00  -0.00   0.50
  5  1.00  1.0  0.0000      -9.251  0.0E+00   0.00 |  -0.47   0.47   0.50   1.25 |  -0.34   0.34   0.18
 13  1.00 -1.0  0.0000      -9.251  0.0E+00   0.00 |   0.47   0.47  -0.50   1.25 |   0.34   0.34  -0.18
  6  1.00  1.0  0.0000      -6.322  0.0E+00   0.00 |   0.75  -0.75   0.50   1.40 |  -0.27   0.27   0.03
 14  1.00 -1.0  0.0000      -6.322  0.0E+00   0.00 |  -0.75  -0.75  -0.50   1.40 |   0.27   0.27  -0.03
 40  1.00 -1.0  0.0000      -4.459  0.0E+00   0.00 |   1.60   1.60  -0.50   2.95 |   0.37   0.37  -0.24
 28 -1.00  1.0  0.0000      -4.459  0.0E+00   0.00 |  -1.60   1.60   0.50   2.95 |  -0.37   0.37   0.24
 15  1.00 -1.0  0.0000      -3.667  0.0E+00   0.00 |   0.00   0.00   1.50   1.57 |   0.00   0.00  -0.43
  7  1.00  1.0  0.0000      -3.667  0.0E+00   0.00 |  -0.00   0.00  -1.50   1.57 |  -0.00   0.00   0.43
 33 -1.00 -1.0  0.0000      -2.906  0.0E+00   0.00 |  -0.00  -0.00   1.50   3.31 |  -0.00  -0.00   0.36
 21 -1.00  1.0  0.0000      -2.906  0.0E+00   0.00 |   0.00  -0.00  -1.50   3.31 |   0.00  -0.00  -0.36
 34 -1.00 -1.0  0.0000      -0.830  0.0E+00   0.00 |   0.00   0.00  -2.50   3.50 |  -0.00  -0.00  -0.45
 22 -1.00  1.0  0.0000      -0.830  0.0E+00   0.00 |  -0.00   0.00   2.50   3.50 |   0.00  -0.00   0.45
 35 -1.00 -1.0  0.0000      -0.233  0.0E+00   0.00 |   0.67   0.67  -0.50   2.01 |   0.40   0.40  -0.31
 23 -1.00  1.0  0.0000      -0.233  0.0E+00   0.00 |  -0.67   0.67   0.50   2.01 |  -0.40   0.40   0.31
 20 -1.00  1.0  0.0000       0.889  0.0E+00   0.00 |   0.41   0.46  -1.18   1.96 |   0.36   0.36  -0.49
 32 -1.00 -1.0  0.0000       0.889  0.0E+00   0.00 |  -0.41   0.46   1.18   1.96 |  -0.36   0.36   0.49
 36 -1.00 -1.0  0.0000       0.911  0.0E+00   0.00 |   0.56  -0.31  -0.17   1.69 |   0.37  -0.35   0.48
 24 -1.00  1.0  0.0000       0.911  0.0E+00   0.00 |  -0.56  -0.31   0.17   1.69 |  -0.37  -0.35  -0.48
 39 -1.00 -1.0  0.0000       1.039  0.0E+00   0.00 |  -0.50  -0.49  -0.49   2.22 |  -0.50  -0.50  -0.50
 27 -1.00  1.0  0.0000       1.039  0.0E+00   0.00 |   0.50  -0.49   0.49   2.22 |   0.50  -0.50   0.50
 16 -1.00 -1.0  0.0000       1.043  0.0E+00   0.00 |  -0.14   0.16  -0.47   2.05 |  -0.13   0.13   0.50
  8  1.00  1.0  0.0000       1.043  0.0E+00   0.00 |   0.14   0.16   0.47   2.05 |   0.13   0.13  -0.50
 30 -1.00 -1.0  0.0000       1.606  0.0E+00   0.00 |   0.48   0.48  -0.44   2.18 |   0.48   0.48  -0.45
 18 -1.00  1.0  0.0000       1.606  0.0E+00   0.00 |  -0.48   0.48   0.44   2.18 |  -0.48   0.48   0.45
 26 -1.00  1.0  0.0000       1.721  0.0E+00   0.00 |  -0.00   0.00  -3.41   3.49 |  -0.01   0.01  -0.49
 38 -1.00 -1.0  0.0000       1.721  0.0E+00   0.00 |   0.00   0.00   3.41   3.49 |   0.01   0.01   0.49
__________________________________________________________________________________________________________
   Proton  wavefunctions
  i     P   Rz   occ          E       d2h    Delta |   JxT    JyT    Jz      J   |   SxT    SyT    Sz
----------------------------------------------------------------------------------------------------------
 49  1.00 -1.0  1.0000     -34.316  0.0E+00   0.00 |   0.50   0.50  -0.50   0.52 |   0.50   0.50  -0.50
 41  1.00  1.0  1.0000     -34.316  0.0E+00  -0.00 |  -0.50   0.50   0.50   0.52 |  -0.50   0.50   0.50
 57 -1.00  1.0  1.0000     -23.439  0.0E+00  -0.00 |  -0.85   0.85   0.50   1.44 |  -0.46   0.46   0.42
 69 -1.00 -1.0  1.0000     -23.439  0.0E+00   0.00 |   0.85   0.85  -0.50   1.44 |   0.46   0.46  -0.42
 59 -1.00  1.0  1.0000     -20.861  0.0E+00  -0.02 |   0.00   0.00  -1.50   1.52 |   0.00   0.00  -0.50
 71 -1.00 -1.0  1.0000     -20.861  0.0E+00   0.02 |  -0.00   0.00   1.50   1.52 |  -0.00   0.00   0.50
 77 -1.00 -1.0  0.9948     -16.372  0.0E+00   1.04 |  -0.35  -0.35  -0.50   0.67 |   0.04   0.04   0.42
 65 -1.00  1.0  0.9948     -16.372  0.0E+00  -1.04 |   0.35  -0.35   0.50   0.67 |  -0.04   0.04  -0.42
 42  1.00  1.0  0.9625     -12.115  0.0E+00  -1.19 |  -1.30   1.30   0.50   2.29 |  -0.39   0.39   0.28
 50  1.00 -1.0  0.9625     -12.115  0.0E+00   1.19 |   1.30   1.30  -0.50   2.29 |   0.39   0.39  -0.28
 51  1.00 -1.0  0.8393     -10.456  0.0E+00   1.35 |  -0.00  -0.00   1.50   2.49 |  -0.00  -0.00   0.43
 43  1.00  1.0  0.8393     -10.456  0.0E+00  -1.35 |   0.00  -0.00  -1.50   2.49 |   0.00  -0.00  -0.43
 44  1.00  1.0  0.1721      -8.027  0.0E+00  -1.36 |  -0.00   0.00   2.50   2.52 |   0.00  -0.00   0.50
 52  1.00 -1.0  0.1721      -8.027  0.0E+00   1.36 |   0.00   0.00  -2.50   2.52 |  -0.00  -0.00  -0.50
 53  1.00 -1.0  0.0224      -5.772  0.0E+00   1.06 |   0.43   0.43  -0.50   1.21 |   0.34   0.34  -0.18
 45  1.00  1.0  0.0224      -5.772  0.0E+00  -1.06 |  -0.43   0.43   0.50   1.21 |  -0.34   0.34   0.18
 46  1.00  1.0  0.0079      -3.087  0.0E+00  -1.09 |   0.73  -0.73   0.50   1.39 |  -0.27   0.27   0.04
 54  1.00 -1.0  0.0079      -3.087  0.0E+00   1.09 |  -0.73  -0.73  -0.50   1.39 |   0.27   0.27  -0.04
 68 -1.00  1.0  0.0005      -0.944  0.0E+00  -0.38 |  -1.62   1.62   0.50   2.98 |  -0.37   0.37   0.23
 80 -1.00 -1.0  0.0005      -0.944  0.0E+00   0.38 |   1.62   1.62  -0.50   2.98 |   0.37   0.37  -0.23
 55  1.00 -1.0  0.0005      -0.685  0.0E+00   0.37 |   0.00   0.00   1.50   1.57 |   0.00   0.00  -0.43
 47  1.00  1.0  0.0005      -0.685  0.0E+00  -0.37 |  -0.00   0.00  -1.50   1.57 |  -0.00   0.00   0.43
 73 -1.00 -1.0  0.0000       0.453  0.0E+00   0.11 |  -0.00  -0.00   1.50   3.30 |  -0.00  -0.00   0.36
 61 -1.00  1.0  0.0000       0.453  0.0E+00  -0.11 |   0.00  -0.00  -1.50   3.30 |   0.00  -0.00  -0.36
 79 -1.00 -1.0  0.0000       2.139  0.0E+00   0.00 |  -0.48  -0.48  -0.60   2.25 |  -0.48  -0.48  -0.50
 67 -1.00  1.0  0.0000       2.139  0.0E+00  -0.00 |   0.48  -0.48   0.60   2.25 |   0.48  -0.48   0.50
 48  1.00  1.0  0.0000       2.361  0.0E+00  -0.00 |   0.12   0.12   0.49   2.11 |   0.11   0.11  -0.50
 56 -1.00 -1.0  0.0000       2.361  0.0E+00   0.00 |  -0.12   0.12  -0.49   2.11 |  -0.11   0.11   0.50
 74 -1.00 -1.0  0.0000       2.400  0.0E+00   0.02 |  -0.01  -0.00  -2.38   3.44 |  -0.01  -0.01  -0.45
 62 -1.00  1.0  0.0000       2.400  0.0E+00  -0.02 |   0.01  -0.00   2.38   3.44 |   0.01  -0.01   0.45
 75 -1.00 -1.0  0.0000       2.477  0.0E+00   0.00 |   0.25   0.27  -0.51   1.88 |   0.44   0.43  -0.37
 63 -1.00  1.0  0.0000       2.477  0.0E+00  -0.00 |  -0.25   0.27   0.51   1.88 |  -0.44   0.43   0.37
 60 -1.00  1.0  0.0000       2.662  0.0E+00  -0.00 |   0.52   0.77  -0.75   2.15 |   0.46   0.48  -0.48
 72 -1.00 -1.0  0.0000       2.662  0.0E+00   0.00 |  -0.52   0.77   0.75   2.15 |  -0.46   0.48   0.48
 76 -1.00 -1.0  0.0000       2.663  0.0E+00   0.00 |   0.90  -0.43   0.26   2.09 |   0.49  -0.45   0.46
 64 -1.00  1.0  0.0000       2.663  0.0E+00  -0.00 |  -0.90  -0.43  -0.26   2.09 |  -0.49  -0.45  -0.46
 78 -1.00 -1.0  0.0000       3.762  0.0E+00   0.00 |   0.63   0.63  -0.50   2.36 |   0.44   0.44  -0.37
 66 -1.00  1.0  0.0000       3.762  0.0E+00  -0.00 |  -0.63   0.63   0.50   2.36 |  -0.44   0.44   0.37
 58 -1.00  1.0  0.0000       4.669  0.0E+00  -0.00 |  -0.00   0.00  -3.21   3.60 |   0.00   0.00  -0.50
 70 -1.00 -1.0  0.0000       4.669  0.0E+00   0.00 |   0.00   0.00   3.21   3.60 |  -0.00   0.00   0.50
----------------------------------------------------------------------------------------------------------
---------------------------------Quasiparticles---------------------------------
Block 1:  P=+1  neutrons
  N      Eqp       f_n      |   U   V  |   B  P  ov_TR |    JxT    JyT    Jz
________________________________________________________________________________
  1    -26.10      0.00E+00 |    1   0 |   -  -  0.000 |    0.00   0.00   0.50
  2    -13.03      0.00E+00 |    0  16 |   -  -  0.000 |    0.00   0.00   0.47
  3     -8.32      0.00E+00 |    0  15 |   -  -  0.000 |    0.00   0.00  -1.50
  4     -5.66      0.00E+00 |    0  14 |   -  -  0.000 |    0.00   0.00   0.50
  5     -3.70      0.00E+00 |    2   0 |   -  -  0.000 |    0.00   0.00   0.50
  6     -2.73      0.00E+00 |    0  13 |   -  -  0.000 |    0.00   0.00   0.50
  7     -1.79      0.00E+00 |    3   0 |   -  -  0.000 |    0.00   0.00  -1.50
  8     -0.87      5.00E-01 |    0  12 |   -  -  0.000 |    0.00   0.00   2.50
  9    -26.10      0.00E+00 |    9   0 |   -  -  0.000 |    0.00   0.00  -0.50
 10    -13.03      0.00E+00 |    0   8 |   -  -  0.000 |    0.00   0.00  -0.47
 11     -8.32      0.00E+00 |    0   7 |   -  -  0.000 |    0.00   0.00   1.50
 12     -5.66      0.00E+00 |    0   6 |   -  -  0.000 |    0.00   0.00  -0.50
 13     -3.70      0.00E+00 |   10   0 |   -  -  0.000 |    0.00   0.00  -0.50
 14     -2.73      0.00E+00 |    0   5 |   -  -  0.000 |    0.00   0.00  -0.50
 15     -1.79      0.00E+00 |   11   0 |   -  -  0.000 |    0.00   0.00   1.50
 16     -0.87      5.00E-01 |    0   4 |   -  -  0.000 |    0.00   0.00  -2.50
 17      0.87      5.00E-01 |    4   0 |   B  -  1.000 |    0.00   0.00   2.50
 18      1.79      1.00E+00 |    0  11 |   -  -  0.000 |    0.00   0.00  -1.50
 19      2.73      1.00E+00 |    5   0 |   -  -  0.000 |    0.00   0.00   0.50
 20      3.70      1.00E+00 |    0  10 |   -  -  0.000 |    0.00   0.00   0.50
 21      5.66      1.00E+00 |    6   0 |   -  -  0.000 |    0.00   0.00   0.50
 22      8.32      1.00E+00 |    7   0 |   -  -  0.000 |    0.00   0.00  -1.50
 23     13.03      1.00E+00 |    8   0 |   -  -  0.000 |    0.00   0.00   0.47
 24     26.10      1.00E+00 |    0   9 |   -  -  0.000 |    0.00   0.00   0.50
 25      0.87      5.00E-01 |   12   0 |   B  -  0.000 |    0.00   0.00  -2.50
 26      1.79      1.00E+00 |    0   3 |   -  -  0.000 |    0.00   0.00   1.50
 27      2.73      1.00E+00 |   13   0 |   -  -  0.000 |    0.00   0.00  -0.50
 28      3.70      1.00E+00 |    0   2 |   -  -  0.000 |    0.00   0.00  -0.50
 29      5.66      1.00E+00 |   14   0 |   -  -  0.000 |    0.00   0.00  -0.50
 30      8.32      1.00E+00 |   15   0 |   -  -  0.000 |    0.00   0.00   1.50
 31     13.03      1.00E+00 |   16   0 |   -  -  0.000 |    0.00   0.00  -0.47
 32     26.10      1.00E+00 |    0   1 |   -  -  0.000 |    0.00   0.00  -0.50

Block 3:  P=-1  neutrons
  N      Eqp       f_n      |   U   V  |   B  P  ov_TR |    JxT    JyT    Jz
________________________________________________________________________________
  1    -15.11      0.00E+00 |   17   0 |   -  -  0.000 |    0.00   0.00   0.50
  2    -13.71      0.00E+00 |    0  38 |   -  -  0.000 |    0.00   0.00  -3.41
  3    -13.59      0.00E+00 |    0  30 |   -  -  0.000 |    0.00   0.00   0.44
  4    -13.02      0.00E+00 |    0  39 |   -  -  0.000 |    0.00   0.00   0.49
  5    -12.90      0.00E+00 |    0  36 |   -  -  0.000 |    0.00   0.00   0.17
  6    -12.87      0.00E+00 |    0  40 |   -  -  0.000 |    0.00   0.00  -1.18
  7    -12.10      0.00E+00 |   19   0 |   -  -  0.000 |    0.00   0.00  -1.50
  8    -11.75      0.00E+00 |    0  35 |   -  -  0.000 |    0.00   0.00   0.50
  9    -11.15      0.00E+00 |    0  34 |   -  -  0.000 |    0.00   0.00   2.50
 10     -9.08      0.00E+00 |    0  33 |   -  -  0.000 |    0.00   0.00  -1.50
 11     -7.61      0.00E+00 |   25   0 |   -  -  0.000 |    0.00   0.00   0.50
 12     -7.53      0.00E+00 |    0  32 |   -  -  0.000 |    0.00   0.00   0.50
 13    -15.11      0.00E+00 |   29   0 |   -  -  0.000 |    0.00   0.00  -0.50
 14    -13.71      0.00E+00 |    0  26 |   -  -  0.000 |    0.00   0.00   3.41
 15    -13.59      0.00E+00 |    0  18 |   -  -  0.000 |    0.00   0.00  -0.44
 16    -13.02      0.00E+00 |    0  27 |   -  -  0.000 |    0.00   0.00  -0.49
 17    -12.90      0.00E+00 |    0  24 |   -  -  0.000 |    0.00   0.00  -0.17
 18    -12.87      0.00E+00 |    0  28 |   -  -  0.000 |    0.00   0.00   1.18
 19    -12.10      0.00E+00 |   31   0 |   -  -  0.000 |    0.00   0.00   1.50
 20    -11.75      0.00E+00 |    0  23 |   -  -  0.000 |    0.00   0.00  -0.50
 21    -11.15      0.00E+00 |    0  22 |   -  -  0.000 |    0.00   0.00  -2.50
 22     -9.08      0.00E+00 |    0  21 |   -  -  0.000 |    0.00   0.00   1.50
 23     -7.61      0.00E+00 |   37   0 |   -  -  0.000 |    0.00   0.00  -0.50
 24     -7.53      0.00E+00 |    0  20 |   -  -  0.000 |    0.00   0.00  -0.50
 25      7.53      1.00E+00 |   20   0 |   -  -  0.000 |    0.00   0.00   0.50
 26      7.61      1.00E+00 |    0  37 |   -  -  0.000 |    0.00   0.00   0.50
 27      9.08      1.00E+00 |   21   0 |   -  -  0.000 |    0.00   0.00  -1.50
 28     11.15      1.00E+00 |   22   0 |   -  -  0.000 |    0.00   0.00   2.50
 29     11.75      1.00E+00 |   23   0 |   -  -  0.000 |    0.00   0.00   0.50
 30     12.10      1.00E+00 |    0  31 |   -  -  0.000 |    0.00   0.00  -1.50
 31     12.87      1.00E+00 |   28   0 |   -  -  0.000 |    0.00   0.00  -1.18
 32     12.90      1.00E+00 |   24   0 |   -  -  0.000 |    0.00   0.00   0.17
 33     13.02      1.00E+00 |   27   0 |   -  -  0.000 |    0.00   0.00   0.49
 34     13.59      1.00E+00 |   18   0 |   -  -  0.000 |    0.00   0.00   0.44
 35     13.71      1.00E+00 |   26   0 |   -  -  0.000 |    0.00   0.00  -3.41
 36     15.11      1.00E+00 |    0  29 |   -  -  0.000 |    0.00   0.00   0.50
 37      7.53      1.00E+00 |   32   0 |   -  -  0.000 |    0.00   0.00  -0.50
 38      7.61      1.00E+00 |    0  25 |   -  -  0.000 |    0.00   0.00  -0.50
 39      9.08      1.00E+00 |   33   0 |   -  -  0.000 |    0.00   0.00   1.50
 40     11.15      1.00E+00 |   34   0 |   -  -  0.000 |    0.00   0.00  -2.50
 41     11.75      1.00E+00 |   35   0 |   -  -  0.000 |    0.00   0.00  -0.50
 42     12.10      1.00E+00 |    0  19 |   -  -  0.000 |    0.00   0.00   1.50
 43     12.87      1.00E+00 |   40   0 |   -  -  0.000 |    0.00   0.00   1.18
 44     12.90      1.00E+00 |   36   0 |   -  -  0.000 |    0.00   0.00  -0.17
 45     13.02      1.00E+00 |   39   0 |   -  -  0.000 |    0.00   0.00  -0.49
 46     13.59      1.00E+00 |   30   0 |   -  -  0.000 |    0.00   0.00  -0.44
 47     13.71      1.00E+00 |   38   0 |   -  -  0.000 |    0.00   0.00   3.41
 48     15.11      1.00E+00 |    0  17 |   -  -  0.000 |    0.00   0.00  -0.50

Block 5:  P=+1   protons
  N      Eqp       f_n      |   U   V  |   B  P  ov_TR |    JxT    JyT    Jz
________________________________________________________________________________
  1    -25.10      0.00E+00 |   41   0 |   -  -  0.000 |    0.00   0.00   0.50
  2    -11.57      0.00E+00 |    0  56 |   -  -  0.000 |    0.00   0.00   0.49
  3     -8.54      0.00E+00 |    0  55 |   -  -  0.000 |    0.00   0.00  -1.50
  4     -6.22      0.00E+00 |    0  54 |   -  -  0.000 |    0.00   0.00   0.50
  5     -3.63      0.00E+00 |   42  53 |   -  -  0.000 |    0.00   0.00   0.50
  6     -3.11      0.00E+00 |   42  53 |   -  -  0.000 |    0.00   0.00   0.50
  7     -1.83      0.00E+00 |   43  51 |   -  -  0.000 |    0.00   0.00  -1.50
  8     -1.81      0.00E+00 |   44  52 |   -  -  0.000 |    0.00   0.00   2.50
  9    -25.10      0.00E+00 |   49   0 |   -  -  0.000 |    0.00   0.00  -0.50
 10    -11.57      0.00E+00 |    0  48 |   -  -  0.000 |    0.00   0.00  -0.49
 11     -8.54      0.00E+00 |    0  47 |   -  -  0.000 |    0.00   0.00   1.50
 12     -6.22      0.00E+00 |    0  46 |   -  -  0.000 |    0.00   0.00  -0.50
 13     -3.63      0.00E+00 |   50  45 |   -  -  0.000 |    0.00   0.00  -0.50
 14     -3.11      0.00E+00 |   50  45 |   -  -  0.000 |    0.00   0.00  -0.50
 15     -1.83      0.00E+00 |   51  43 |   -  -  0.000 |    0.00   0.00   1.50
 16     -1.81      0.00E+00 |   52  44 |   -  -  0.000 |    0.00   0.00  -2.50
 17      1.81      1.00E+00 |   44  52 |   -  -  0.000 |    0.00   0.00   2.50
 18      1.83      1.00E+00 |   43  51 |   -  -  0.000 |    0.00   0.00  -1.50
 19      3.11      1.00E+00 |   45  50 |   -  -  0.000 |    0.00   0.00   0.50
 20      3.63      1.00E+00 |   45  50 |   -  -  0.000 |    0.00   0.00   0.50
 21      6.22      1.00E+00 |   46   0 |   -  -  0.000 |    0.00   0.00   0.50
 22      8.54      1.00E+00 |   47   0 |   -  -  0.000 |    0.00   0.00  -1.50
 23     11.57      1.00E+00 |   48   0 |   -  -  0.000 |    0.00   0.00   0.49
 24     25.10      1.00E+00 |    0  49 |   -  -  0.000 |    0.00   0.00   0.50
 25      1.81      1.00E+00 |   52  44 |   -  -  0.000 |    0.00   0.00  -2.50
 26      1.83      1.00E+00 |   51  43 |   -  -  0.000 |    0.00   0.00   1.50
 27      3.11      1.00E+00 |   53  42 |   -  -  0.000 |    0.00   0.00  -0.50
 28      3.63      1.00E+00 |   53  42 |   -  -  0.000 |    0.00   0.00  -0.50
 29      6.22      1.00E+00 |   54   0 |   -  -  0.000 |    0.00   0.00  -0.50
 30      8.54      1.00E+00 |   55   0 |   -  -  0.000 |    0.00   0.00   1.50
 31     11.57      1.00E+00 |   56   0 |   -  -  0.000 |    0.00   0.00  -0.49
 32     25.10      1.00E+00 |    0  41 |   -  -  0.000 |    0.00   0.00  -0.50

Block 7:  P=-1   protons
  N      Eqp       f_n      |   U   V  |   B  P  ov_TR |    JxT    JyT    Jz
________________________________________________________________________________
  1    -14.23      0.00E+00 |   57   0 |   -  -  0.000 |    0.00   0.00   0.50
  2    -13.88      0.00E+00 |    0  70 |   -  -  0.000 |    0.00   0.00  -3.21
  3    -12.98      0.00E+00 |    0  78 |   -  -  0.000 |    0.00   0.00   0.50
  4    -11.88      0.00E+00 |    0  76 |   -  -  0.000 |    0.00   0.00  -0.26
  5    -11.87      0.00E+00 |    0  80 |   -  -  0.000 |    0.00   0.00  -0.75
  6    -11.69      0.00E+00 |    0  75 |   -  -  0.000 |    0.00   0.00   0.51
  7    -11.65      0.00E+00 |   59   0 |   -  -  0.000 |    0.00   0.00  -1.50
  8    -11.61      0.00E+00 |    0  74 |   -  -  0.000 |    0.00   0.00   2.38
  9    -11.35      0.00E+00 |    0  79 |   -  -  0.000 |    0.00   0.00   0.60
 10     -9.67      0.00E+00 |    0  73 |   -  -  0.000 |    0.00   0.00  -1.50
 11     -8.28      0.00E+00 |    0  72 |   -  -  0.000 |    0.00   0.00   0.50
 12     -7.23      0.00E+00 |   65   0 |   -  -  0.000 |    0.00   0.00   0.50
 13    -14.23      0.00E+00 |   69   0 |   -  -  0.000 |    0.00   0.00  -0.50
 14    -13.88      0.00E+00 |    0  58 |   -  -  0.000 |    0.00   0.00   3.21
 15    -12.98      0.00E+00 |    0  66 |   -  -  0.000 |    0.00   0.00  -0.50
 16    -11.88      0.00E+00 |    0  64 |   -  -  0.000 |    0.00   0.00   0.26
 17    -11.87      0.00E+00 |    0  68 |   -  -  0.000 |    0.00   0.00   0.75
 18    -11.69      0.00E+00 |    0  63 |   -  -  0.000 |    0.00   0.00  -0.51
 19    -11.65      0.00E+00 |   71   0 |   -  -  0.000 |    0.00   0.00   1.50
 20    -11.61      0.00E+00 |    0  62 |   -  -  0.000 |    0.00   0.00  -2.38
 21    -11.35      0.00E+00 |    0  67 |   -  -  0.000 |    0.00   0.00  -0.60
 22     -9.67      0.00E+00 |    0  61 |   -  -  0.000 |    0.00   0.00   1.50
 23     -8.28      0.00E+00 |    0  60 |   -  -  0.000 |    0.00   0.00  -0.50
 24     -7.23      0.00E+00 |   77   0 |   -  -  0.000 |    0.00   0.00  -0.50
 25      7.23      1.00E+00 |    0  77 |   -  -  0.000 |    0.00   0.00   0.50
 26      8.28      1.00E+00 |   60   0 |   -  -  0.000 |    0.00   0.00   0.50
 27      9.67      1.00E+00 |   61   0 |   -  -  0.000 |    0.00   0.00  -1.50
 28     11.35      1.00E+00 |   67   0 |   -  -  0.000 |    0.00   0.00   0.60
 29     11.61      1.00E+00 |   62   0 |   -  -  0.000 |    0.00   0.00   2.38
 30     11.65      1.00E+00 |    0  71 |   -  -  0.000 |    0.00   0.00  -1.50
 31     11.69      1.00E+00 |   63   0 |   -  -  0.000 |    0.00   0.00   0.51
 32     11.87      1.00E+00 |   68   0 |   -  -  0.000 |    0.00   0.00  -0.75
 33     11.88      1.00E+00 |   64   0 |   -  -  0.000 |    0.00   0.00  -0.26
 34     12.98      1.00E+00 |   66   0 |   -  -  0.000 |    0.00   0.00   0.50
 35     13.88      1.00E+00 |   58   0 |   -  -  0.000 |    0.00   0.00  -3.21
 36     14.23      1.00E+00 |    0  69 |   -  -  0.000 |    0.00   0.00   0.50
 37      7.23      1.00E+00 |    0  65 |   -  -  0.000 |    0.00   0.00  -0.50
 38      8.28      1.00E+00 |   72   0 |   -  -  0.000 |    0.00   0.00  -0.50
 39      9.67      1.00E+00 |   73   0 |   -  -  0.000 |    0.00   0.00   1.50
 40     11.35      1.00E+00 |   79   0 |   -  -  0.000 |    0.00   0.00  -0.60
 41     11.61      1.00E+00 |   74   0 |   -  -  0.000 |    0.00   0.00  -2.38
 42     11.65      1.00E+00 |    0  59 |   -  -  0.000 |    0.00   0.00   1.50
 43     11.69      1.00E+00 |   75   0 |   -  -  0.000 |    0.00   0.00  -0.51
 44     11.87      1.00E+00 |   80   0 |   -  -  0.000 |    0.00   0.00   0.75
 45     11.88      1.00E+00 |   76   0 |   -  -  0.000 |    0.00   0.00   0.26
 46     12.98      1.00E+00 |   78   0 |   -  -  0.000 |    0.00   0.00  -0.50
 47     13.88      1.00E+00 |   70   0 |   -  -  0.000 |    0.00   0.00   3.21
 48     14.23      1.00E+00 |    0  57 |   -  -  0.000 |    0.00   0.00  -0.50

--------------------------------------------------------------------------------
------------------------ Electric Multipole Moments -------------------------
Quantisation Axis             : Z
  With secondary axis ordering: X,Y
______________________________________________________________________________
                   Neutrons        Protons          Charge         Total
______________________________________________________________________________
 Particles           13.0000         12.0000         12.0000         25.0000

Re  Q_{ 2 0}         12.7123         12.6239         12.6239         25.3362
Re  Q_{ 2 2}          0.0028          0.0022          0.0022          0.0050

Re  Q_{ 4 0}         28.8016         30.6003         31.4923         59.4018
Re  Q_{ 4 2}          0.0185          0.0178          0.0177          0.0363
Re  Q_{ 4 4}         -0.3684         -0.3182          0.2152         -0.6866

Re  Q_{ 6 0}         33.6165         42.5264         70.4198         76.1429
Re  Q_{ 6 2}          0.0803          0.0949          0.0967          0.1751
Re  Q_{ 6 4}          1.0242          1.1772          9.0831          2.2015
Re  Q_{ 6 6}          0.0009          0.0049          0.0082          0.0058

Re  Q_{ 8 0}        -80.9552          9.1881        287.6106        -71.7671
Re  Q_{ 8 2}          0.2177        -21.6159        -19.1243        -21.3981
Re  Q_{ 8 4}         58.6320         41.4306        113.9355        100.0627
Re  Q_{ 8 6}         -0.0185         -7.2584         -7.3029         -7.2769
Re  Q_{ 8 8}         38.6704         38.1559         39.0847         76.8262

Re  Q_{10 0}      -1147.4266      12830.0011      13433.5711      11682.5745
Re  Q_{10 2}         -0.1386        190.4196        206.4508        190.2810
Re  Q_{10 4}      -1427.3192        113.2795       1189.6603      -1314.0396
Re  Q_{10 6}         -0.0725      -2000.5623      -2043.6191      -2000.6347
Re  Q_{10 8}      -2462.7623      -4281.6798      -3955.4087      -6744.4421
Re  Q_{1010}          0.7095       -172.3190       -158.8775       -171.6095

 RMS radius           2.9887          2.9786          3.0250          2.9839
 Fourth mom.          3.2904          3.2824          3.3412          3.2865
______________________________________________________________________________
                   Neutrons        Protons          Charge         Total
______________________________________________________________________________

Beta_{ 2 0}       0.17300168      0.17179851      0.17179843      0.34480020
Beta_{ 2 2}       0.00003820      0.00002980      0.00002980      0.00006800

Beta_{ 4 0}       0.03183609      0.03382429      0.03481030      0.06566038
Beta_{ 4 2}       0.00002050      0.00001964      0.00001959      0.00004014
Beta_{ 4 4}      -0.00040723     -0.00035172      0.00023790     -0.00075895

Beta_{ 6 0}       0.00301810      0.00381804      0.00632232      0.00683613
Beta_{ 6 2}       0.00000721      0.00000852      0.00000868      0.00001572
Beta_{ 6 4}       0.00009196      0.00010569      0.00081549      0.00019765
Beta_{ 6 6}       0.00000008      0.00000044      0.00000073      0.00000052

Beta_{ 8 0}      -0.00059034      0.00006700      0.00209731     -0.00052334
Beta_{ 8 2}       0.00000159     -0.00015763     -0.00013946     -0.00015604
Beta_{ 8 4}       0.00042756      0.00030212      0.00083084      0.00072968
Beta_{ 8 6}      -0.00000014     -0.00005293     -0.00005325     -0.00005306
Beta_{ 8 8}       0.00028199      0.00027824      0.00028501      0.00056023

Beta_{10 0}      -0.00067961      0.00759911      0.00795660      0.00691950
Beta_{10 2}      -0.00000008      0.00011278      0.00012228      0.00011270
Beta_{10 4}      -0.00084539      0.00006709      0.00070463     -0.00077830
Beta_{10 6}      -0.00000004     -0.00118492     -0.00121042     -0.00118496
Beta_{10 8}      -0.00145868     -0.00253601     -0.00234276     -0.00399468
Beta_{1010}       0.00000042     -0.00010206     -0.00009410     -0.00010164


______________________________________________________________________________
                   Neutrons        Protons          Charge         Total
______________________________________________________________________________
Q_{ 2}               12.7123         12.6239         12.6239         25.3362
Q_{ 4}               28.8063         30.6036         31.4938         59.4098
Q_{ 6}               33.6479         42.5592         71.5820         76.2069
Q_{ 8}              128.1408         86.4235        335.5233        194.9405
Q_{10}             4185.8650      14471.9233      14935.5420      15461.1558
______________________________________________________________________________
                   Neutrons        Protons          Charge         Total
______________________________________________________________________________
Beta_{   2}       0.17300169      0.17179852      0.17179844      0.34480021
Beta_{   4}       0.03184131      0.03382796      0.03481193      0.06566918
Beta_{   6}       0.00302092      0.00382098      0.00642665      0.00684188
Beta_{   8}       0.00093443      0.00063022      0.00244670      0.00142155
Beta_{  10}       0.00247926      0.00857161      0.00884621      0.00915752
______________________________________________________________________________
 Cart. Moments X              Y              Z
 Cart. N      -20.1423073    -20.1641058     40.3064131
 Cart. P      -20.0045435    -20.0215519     40.0260954
 Cart. T      -40.1468508    -40.1856577     80.3325085
 (Q, gamma)    Q              Gamma
 (Q,g) N       40.3064150      0.0178901
 (Q,g) P       40.0260966      0.0140567
 (Q,g) T       80.3325116      0.0159801
 (iq1, iq2)    iq1            iq2
 iq    N       40.2991469      0.0145323
 iq    P       40.0204259      0.0113389
 iq    T       80.3195729      0.0258712
               X^2            Y^2            Z^2
 X^2_i N       31.9919515     31.9846853     52.1415249
 X^2_i P       28.8212017     28.8155322     48.8314147
 X^2_i T       60.8131531     60.8002175    100.9729396
----------------------------------------------------------------------------
--------------- Magnetic Multipole Moments ----------------
Quantisation Axis             : Z
  With secondary axis ordering: X,Y
 Units: 
   spin/orbit/total: hbar fm^(l-1)
   phys:             mu_N fm^(l-1)
______________________________________________________________________________
 Re Q^m_{ 1 0}     X           Y            Z        total
 Spin     n   -1.978E-18   6.394E-19   4.221E-15   4.220E-15
          p    1.010E-18  -3.032E-18   1.901E-15   1.899E-15
          t   -9.679E-19  -2.392E-18   6.122E-15   6.119E-15
 Orbital  n    3.871E-15   3.927E-15  -4.967E-17   7.749E-15
          p    2.040E-15   2.024E-15  -1.762E-17   4.046E-15
          t    5.911E-15   5.951E-15  -6.730E-17   1.180E-14
 Total    n    3.869E-15   3.928E-15   4.172E-15   1.197E-14
          p    2.041E-15   2.021E-15   1.883E-15   5.945E-15
          t    5.910E-15   5.949E-15   6.055E-15   1.791E-14
 Phys     n    7.569E-18  -2.446E-18  -1.615E-14  -1.615E-14
          p    2.046E-15   2.007E-15   1.060E-14   1.465E-14
          t    2.053E-15   2.004E-15  -5.550E-15  -1.493E-15
____________________________________________________________
 mu_z  n                                           -0.000000
 mu_z  p(S)                                         0.000000
 mu_z  p(L)                                         0.000000
 mu_z  p                                            0.000000
 mu_z  t                                           -0.000000
______________________________________________________________________________
 Re Q^m_{ 3 0}     X           Y            Z        total
 Spin     n    8.207E-15   7.370E-15   6.672E-15   2.225E-14
          p    4.068E-15   4.168E-15   1.211E-14   2.034E-14
          t    1.228E-14   1.154E-14   1.878E-14   4.259E-14
 Orbital  n   -9.549E-15  -1.150E-14   4.950E-14   2.845E-14
          p   -5.661E-15  -3.259E-15   2.315E-14   1.423E-14
          t   -1.521E-14  -1.476E-14   7.264E-14   4.267E-14
 Total    n   -1.342E-15  -4.130E-15   5.617E-14   5.070E-14
          p   -1.592E-15   9.088E-16   3.525E-14   3.457E-14
          t   -2.934E-15  -3.221E-15   9.142E-14   8.527E-14
 Phys     n   -3.140E-14  -2.820E-14  -2.553E-14  -8.513E-14
          p    1.706E-14   2.002E-14   9.077E-14   1.279E-13
          t   -1.434E-14  -8.175E-15   6.525E-14   4.273E-14
______________________________________________________________________________
 Re Q^m_{ 3 2}     X           Y            Z        total
 Spin     n   -7.482E-15   6.731E-15   3.393E-16  -4.117E-16
          p   -3.717E-15   3.800E-15  -6.359E-16  -5.533E-16
          t   -1.120E-14   1.053E-14  -2.966E-16  -9.650E-16
 Orbital  n    1.345E-14  -1.298E-14   6.212E-15   6.683E-15
          p    5.005E-15  -6.971E-15   2.802E-15   8.362E-16
          t    1.846E-14  -1.995E-14   9.014E-15   7.520E-15
 Total    n    5.973E-15  -6.252E-15   6.551E-15   6.272E-15
          p    1.287E-15  -3.171E-15   2.167E-15   2.829E-16
          t    7.260E-15  -9.423E-15   8.718E-15   6.555E-15
 Phys     n    2.863E-14  -2.575E-14  -1.298E-15   1.575E-15
          p   -1.576E-14   1.426E-14  -7.498E-16  -2.255E-15
          t    1.287E-14  -1.150E-14  -2.048E-15  -6.796E-16
----------------------------------------------------------------------------
----------------------- Box Size Check -------------------------
 Xmax = (nx+0.5)dx = 11.500 fm,  max(rho(X=Xmax)) =    1.419E-08
 Ymax = (ny+0.5)dx = 11.500 fm,  max(rho(Y=Ymax)) =    1.422E-08
 Zmax = (nz+0.5)dx = 11.500 fm,  max(rho(Z=Zmax)) =    9.351E-09
---------------------Rotational properties--------------------
                Rigid rotor          (hbar^2/MeV)
              n              p              t 
 I_R X       2.0285533      1.8723174      3.9008708
 I_R Y       2.0287285      1.8724542      3.9011827
 I_R Z       1.5426823      1.3898069      2.9324892

                Belyaev                 (hbar^2/MeV) 
              n              p              t 
 I_B X       1.3606218      0.9415825      2.3022043
 I_B Y       1.3603170      0.9413485      2.3016655
 I_B Z       0.0000233      0.0000200      0.0000433

                Belyaev (collective)    (hbar^2/MeV) 
              n              p              t 
 I_B X       0.4453459      0.9415825      1.3869283
 I_B Y       0.4443892      0.9413485      1.3857377
 I_B Z       0.0000001      0.0000200      0.0000200

                 <J^2> - <J>^2          (hbar^2)
              n              p              t 
 J2_X        2.4680702      2.1402241      4.6082943
 J2_Y        2.4665346      2.1389986      4.6055332
 J2_Z        3.1248244      0.0001258      3.1249502
 J2_t        8.0594292      4.2793486     12.3387778

                 <J^2> - <J>^2 (coll.)  (hbar^2)
              n              p              t 
 J2_X        1.2432964      2.1412647      3.3845611
 J2_Y        1.2408876      2.1400901      3.3809777
 J2_Z        0.0000002      0.0000389      0.0000391
 J2_t        2.4841841      4.2813937      6.7655778
------------------------- Angular Momentum (hbar) --------------------------

               Spwfs(*)    Desired     Omega       E (MeV)      Densit. 
  __________________________________________________________________________
   J_x   |     0.00000     0.00000     0.00000    -0.00000     0.00000
   J_y   |     0.00000     0.00000     0.00000    -0.00000     0.00000
   J_z   |     0.00000     0.00000     0.00000    -0.00000     0.00000
  __________________________________________________________________________
   Size  |     0.00000     0.00000     0.00000                 0.00000
  --------------------------------------------------------------------------

   Open spin
               Neutrons   Protons
   _______________________________________________________
   x |   |     0.00000     0.00000
   y |   |     0.00000     0.00000
   z |   |     0.00000     0.00000
   _______________________________________________________
-------------------------- Pairing -------------------------
                          N         P 
 Fermi Level (MeV)    -11.98515339    -9.21265267
 Particles             13.00000000    12.00000000
 Dispersion             0.50000000     1.39730134
 Average gap   v^2      0.00000000     0.60005794
 Average gap   uv              NaN     1.22125158
------------------------------------------------------------
--------------------------------------------------------------------------------
 Skyrme Energy 
                                    Isoscalar      Isovector   |   Total
--------------------------------------------------------------------------------
  E_D_I_I_D_I_I                  -1776.320596       1.100970   -1775.219626
  E_D_I_I_D_Nm_Nm                   41.656232      -0.080785      41.575446
  E_D_I_Sm_D_I_Sm                    0.000000       0.000000       0.000000
  E_D_I_Sm_D_I_Sm_DD                -0.000000      -0.000000      -0.000000
  E_D_I_I_Lap_D_I_I                 73.289443       0.011710      73.301154
  E_D_I_I_D_I_I_DD                1030.923722      -0.545966    1030.377756
  E_C_I_NmSk_C_I_NmSk                0.000000       0.000000       0.000000
  E_C_I_Nm_C_I_Nm                   -0.000000       0.000000      -0.000000
  E_D_I_Sm_Lap_D_I_Sm               -0.000000       0.000000       0.000000
  E_D_I_Sm_D_Nk_NkSm                 0.000000       0.000000       0.000000
  E_D_I_I_Derm_C_I_NxmSxm          -26.100939      -0.022769     -26.123708
  E_C_I_Nm_Derxm_D_I_Sxm            -0.000000      -0.000000      -0.000000
  E_DP_I_I_DP_I_I                                                 -1.583101
  E_CP_I_I_CP_I_I                                                 -0.000000
--------------------------------------------------------------------------------
                 Total Skyrme:                                  -657.672079
                    time-even:                                  -657.672079
                    time-odd :                                     0.000000
--------------------------------------------------------------------------------
--------------------------------------------------------------------------------
                                     neutron        proton         total
                Kinetic Energy:     229.615530     203.407437     433.022966
                    COM 1-body:      -9.184621      -8.136297     -17.320919
                    COM 2-body:       4.077660       3.486723       7.564383
                            ph:       4.077660       3.468112       7.545772
                            pp:       0.000000       0.018611       0.018611
                 Collective T:                                     -2.269366

                 Rotational  T:                                    -2.269366
                 Rotational  X:                                    -1.134751
                 Rotational  Y:                                    -1.134524
                 Rotational  Z:                                    -0.000092

                 Vibrational T:                                     0.000000
                 Vibrational X:                                    -0.000000
                 Vibrational Y:                                    -0.000000
                 Vibrational Z:                                    -0.000000


                Coulomb Direct:       0.000000      32.922328      32.922328
                      Exchange:       0.000000       0.000000       0.000000

               Pairing (delta):       0.000000      -1.583101      -1.583101
               Pairing (densi):                                    -1.583101
--------------------------------------------------------------------------------
                  Total energy:                                  -203.752686
                    from spwfs:                                  -203.752686
                   E_fu - E_sp:                                -0.109287E-06
                   (no corr.) :                                  -209.047703
                      Routhian:                                  -203.752686
                         dE   :                                -0.466708E-03
                         dR   :                                -0.466708E-03
--------------------------------------------------------------------------------
 : Warning N(eps_F) decreases 
 A =  -11.98515339 FA =    -0.00000000 B =  -11.95515339 FB =    -0.00000000
 Iteration =   21
 dt    =   0.0378      mu   =   0.8562 gradn =    0.000E+00 D2H  =    3.320E-09
 E     =   -203.753    DE   =  0.35493E-10
 R     =   -203.753    DR   =  0.35493E-10
 R-E   =      0.000  D(R-E) =  0.00000E+00
 dmun  =  4.9E-02      dmup=  8.7E-08
 RQ20t =      25.3362   dQ =  6.0E-08  L =       0.0000   dL =  0.0E+00  dev =  0.0E+00
 RQ22t =       0.0049   dQ = -6.3E-05  L =       0.0000   dL =  0.0E+00  dev =  0.0E+00
 Jz    =       0.0000   dJZ= -9.1E-15 Om =       0.0000   dO =  0.0E+00  dev =  0.0E+00
--------------------------------------------------------------------------------------
 Iteration =   22
 dt    =   0.0379      mu   =   0.8600 gradn =    0.000E+00 D2H  =    3.239E-09
 E     =   -203.753    DE   =  0.76252E-10
 R     =   -203.753    DR   =  0.76252E-10
 R-E   =      0.000  D(R-E) =  0.00000E+00
 dmun  =  0.0E+00      dmup=  9.1E-08
 RQ20t =      25.3362   dQ =  5.3E-08  L =       0.0000   dL =  0.0E+00  dev =  0.0E+00
 RQ22t =       0.0049   dQ = -6.3E-05  L =       0.0000   dL =  0.0E+00  dev =  0.0E+00
 Jz    =       0.0000   dJZ=  2.3E-14 Om =       0.0000   dO =  0.0E+00  dev =  0.0E+00
--------------------------------------------------------------------------------------
 Iteration =   23
 dt    =   0.0379      mu   =   0.8600 gradn =    0.000E+00 D2H  =    3.157E-09
 E     =   -203.753    DE   =  0.78037E-10
 R     =   -203.753    DR   =  0.78037E-10
 R-E   =      0.000  D(R-E) =  0.00000E+00
 dmun  = -3.9E-03      dmup=  5.2E-08
 RQ20t =      25.3362   dQ =  4.2E-08  L =       0.0000   dL =  0.0E+00  dev =  0.0E+00
 RQ22t =       0.0048   dQ = -6.3E-05  L =       0.0000   dL =  0.0E+00  dev =  0.0E+00
 Jz    =       0.0000   dJZ= -9.7E-15 Om =       0.0000   dO =  0.0E+00  dev =  0.0E+00
--------------------------------------------------------------------------------------
 Iteration =   24
 dt    =   0.0379      mu   =   0.8597 gradn =    0.000E+00 D2H  =    3.078E-09
 E     =   -203.753    DE   =  0.39937E-10
 R     =   -203.753    DR   =  0.39937E-10
 R-E   =      0.000  D(R-E) =  0.00000E+00
 dmun  = -8.5E-03      dmup= -1.1E-08
 RQ20t =      25.3362   dQ =  3.0E-08  L =       0.0000   dL =  0.0E+00  dev =  0.0E+00
 RQ22t =       0.0047   dQ = -6.3E-05  L =       0.0000   dL =  0.0E+00  dev =  0.0E+00
 Jz    =       0.0000   dJZ= -2.8E-15 Om =       0.0000   dO =  0.0E+00  dev =  0.0E+00
--------------------------------------------------------------------------------------
 Iteration =   25
 dt    =   0.0379      mu   =   0.8590 gradn =    0.000E+00 D2H  =    3.004E-09
 E     =   -203.753    DE   = -0.21849E-10
 R     =   -203.753    DR   = -0.21849E-10
 R-E   =      0.000  D(R-E) =  0.00000E+00
 dmun  =  0.0E+00      dmup= -6.6E-08
 RQ20t =      25.3362   dQ =  1.9E-08  L =       0.0000   dL =  0.0E+00  dev =  0.0E+00
 RQ22t =       0.0047   dQ = -6.3E-05  L =       0.0000   dL =  0.0E+00  dev =  0.0E+00
 Jz    =       0.0000   dJZ=  1.3E-14 Om =       0.0000   dO =  0.0E+00  dev =  0.0E+00
--------------------------------------------------------------------------------------
 Iteration =   26
 dt    =   0.0379      mu   =   0.8590 gradn =    0.000E+00 D2H  =    2.932E-09
 E     =   -203.753    DE   = -0.79407E-10
 R     =   -203.753    DR   = -0.79407E-10
 R-E   =      0.000  D(R-E) =  0.00000E+00
 dmun  =  9.0E-03      dmup= -8.8E-08
 RQ20t =      25.3362   dQ =  1.4E-08  L =       0.0000   dL =  0.0E+00  dev =  0.0E+00
 RQ22t =       0.0046   dQ = -6.2E-05  L =       0.0000   dL =  0.0E+00  dev =  0.0E+00
 Jz    =       0.0000   dJZ= -4.0E-16 Om =       0.0000   dO =  0.0E+00  dev =  0.0E+00
--------------------------------------------------------------------------------------
 Iteration =   27
 dt    =   0.0379      mu   =   0.8597 gradn =    0.000E+00 D2H  =    2.862E-09
 E     =   -203.753    DE   = -0.10739E-09
 R     =   -203.753    DR   = -0.10739E-09
 R-E   =      0.000  D(R-E) =  0.00000E+00
 dmun  =  0.0E+00      dmup= -6.6E-08
 RQ20t =      25.3362   dQ =  1.4E-08  L =       0.0000   dL =  0.0E+00  dev =  0.0E+00
 RQ22t =       0.0046   dQ = -6.1E-05  L =       0.0000   dL =  0.0E+00  dev =  0.0E+00
 Jz    =       0.0000   dJZ= -7.7E-15 Om =       0.0000   dO =  0.0E+00  dev =  0.0E+00
--------------------------------------------------------------------------------------
 Iteration =   28
 dt    =   0.0379      mu   =   0.8597 gradn =    0.000E+00 D2H  =    2.791E-09
 E     =   -203.753    DE   = -0.93470E-10
 R     =   -203.753    DR   = -0.93470E-10
 R-E   =      0.000  D(R-E) =  0.00000E+00
 dmun  =  1.3E-02      dmup= -1.2E-08
 RQ20t =      25.3362   dQ =  2.0E-08  L =       0.0000   dL =  0.0E+00  dev =  0.0E+00
 RQ22t =       0.0045   dQ = -6.1E-05  L =       0.0000   dL =  0.0E+00  dev =  0.0E+00
 Jz    =       0.0000   dJZ= -3.8E-15 Om =       0.0000   dO =  0.0E+00  dev =  0.0E+00
--------------------------------------------------------------------------------------
 Iteration =   29
 dt    =   0.0379      mu   =   0.8608 gradn =    0.000E+00 D2H  =    2.717E-09
 E     =   -203.753    DE   = -0.45224E-10
 R     =   -203.753    DR   = -0.45224E-10
 R-E   =      0.000  D(R-E) =  0.00000E+00
 dmun  = -5.1E-03      dmup=  4.8E-08
 RQ20t =      25.3362   dQ =  2.7E-08  L =       0.0000   dL =  0.0E+00  dev =  0.0E+00
 RQ22t =       0.0044   dQ = -6.0E-05  L =       0.0000   dL =  0.0E+00  dev =  0.0E+00
 Jz    =       0.0000   dJZ=  1.3E-14 Om =       0.0000   dO =  0.0E+00  dev =  0.0E+00
--------------------------------------------------------------------------------------
--------------------------------------------------------------------------------------
                              Iteration =    30

--------------------- Hartree-Fock basis-------------------------------------------------------------------
__________________________________________________________________________________________________________
   Neutron wavefunctions
  i     P   Rz   occ          E       d2h    Delta |   JxT    JyT    Jz      J   |   SxT    SyT    Sz
----------------------------------------------------------------------------------------------------------
  9  1.00 -1.0  1.0000     -38.084  6.2E-11   0.00 |   0.50   0.50  -0.50   0.52 |   0.50   0.50  -0.50
  1  1.00  1.0  1.0000     -38.084  7.2E-11   0.00 |  -0.50   0.50   0.50   0.52 |  -0.50   0.50   0.50
 29 -1.00 -1.0  1.0000     -27.095  1.4E-10   0.00 |   0.84   0.84  -0.50   1.44 |   0.46   0.46  -0.43
 17 -1.00  1.0  1.0000     -27.095  1.3E-10   0.00 |  -0.84   0.84   0.50   1.44 |  -0.46   0.46   0.43
 31 -1.00 -1.0  1.0000     -24.087  3.2E-09   0.00 |  -0.00   0.00   1.50   1.52 |  -0.00   0.00   0.50
 19 -1.00  1.0  1.0000     -24.087  3.2E-09   0.00 |   0.00   0.00  -1.50   1.52 |   0.00   0.00  -0.50
 25 -1.00  1.0  1.0000     -19.598  3.1E-09   0.00 |   0.34  -0.34   0.50   0.68 |  -0.04   0.04  -0.43
 37 -1.00 -1.0  1.0000     -19.598  3.1E-09   0.00 |  -0.34  -0.34  -0.50   0.68 |   0.04   0.04   0.43
  2  1.00  1.0  1.0000     -15.687  9.0E-10   0.00 |  -1.28   1.28   0.50   2.27 |  -0.40   0.40   0.29
 10  1.00 -1.0  1.0000     -15.687  9.1E-10   0.00 |   1.28   1.28  -0.50   2.27 |   0.40   0.40  -0.29
  3  1.00  1.0  1.0000     -13.777  2.4E-09   0.00 |   0.00  -0.00  -1.50   2.49 |   0.00  -0.00  -0.43
 11  1.00 -1.0  1.0000     -13.777  2.4E-09   0.00 |  -0.00  -0.00   1.50   2.49 |  -0.00  -0.00   0.43
 12  1.00 -1.0  0.5000     -11.112  1.2E-08   0.00 |   0.00   0.00  -2.50   2.52 |  -0.00  -0.00  -0.50
  4  1.00  1.0  0.5000     -11.112  1.2E-08   0.00 |  -0.00   0.00   2.50   2.52 |   0.00  -0.00   0.50
  5  1.00  1.0  0.0000      -9.251  1.1E-08   0.00 |  -0.47   0.47   0.50   1.25 |  -0.34   0.34   0.18
 13  1.00 -1.0  0.0000      -9.251  1.1E-08   0.00 |   0.47   0.47  -0.50   1.25 |   0.34   0.34  -0.18
 14  1.00 -1.0  0.0000      -6.322  5.8E-09   0.00 |  -0.75  -0.75  -0.50   1.40 |   0.27   0.27  -0.03
  6  1.00  1.0  0.0000      -6.322  5.8E-09   0.00 |   0.75  -0.75   0.50   1.40 |  -0.27   0.27   0.03
 32 -1.00 -1.0  0.0000      -4.459  2.3E-09   0.00 |   1.60   1.60  -0.50   2.95 |   0.37   0.37  -0.24
 20 -1.00  1.0  0.0000      -4.459  2.3E-09   0.00 |  -1.60   1.60   0.50   2.95 |  -0.37   0.37   0.24
 15  1.00 -1.0  0.0000      -3.667  4.2E-09   0.00 |   0.00   0.00   1.50   1.57 |   0.00   0.00  -0.43
  7  1.00  1.0  0.0000      -3.667  4.2E-09   0.00 |  -0.00   0.00  -1.50   1.57 |  -0.00   0.00   0.43
 21 -1.00  1.0  0.0000      -2.906  5.6E-09   0.00 |   0.00  -0.00  -1.50   3.31 |   0.00  -0.00  -0.36
 33 -1.00 -1.0  0.0000      -2.906  5.6E-09   0.00 |  -0.00  -0.00   1.50   3.31 |  -0.00  -0.00   0.36
 34 -1.00 -1.0  0.0000      -0.830  2.2E-07   0.00 |   0.00   0.00  -2.50   3.50 |  -0.00  -0.00  -0.45
 22 -1.00  1.0  0.0000      -0.830  2.2E-07   0.00 |  -0.00   0.00   2.50   3.50 |   0.00  -0.00   0.45
 35 -1.00 -1.0  0.0000      -0.233  2.2E-07   0.00 |   0.67   0.67  -0.50   2.01 |   0.40   0.40  -0.31
 23 -1.00  1.0  0.0000      -0.233  2.2E-07   0.00 |  -0.67   0.67   0.50   2.01 |  -0.40   0.40   0.31
 28 -1.00  1.0  0.0000       0.889  1.3E-04   0.00 |   0.40   0.46  -1.18   1.96 |   0.35   0.36  -0.49
 40  1.00 -1.0  0.0000       0.889  1.3E-04   0.00 |  -0.40   0.46   1.18   1.96 |  -0.35   0.36   0.49
 36 -1.00 -1.0  0.0000       0.911  1.5E-04   0.00 |   0.56  -0.31  -0.17   1.69 |   0.37  -0.35   0.48
 24 -1.00  1.0  0.0000       0.911  1.5E-04   0.00 |  -0.56  -0.31   0.17   1.69 |  -0.37  -0.35  -0.48
 39 -1.00 -1.0  0.0000       1.039  2.0E-05   0.00 |  -0.50  -0.49  -0.49   2.22 |  -0.50  -0.50  -0.50
 27 -1.00  1.0  0.0000       1.039  2.0E-05   0.00 |   0.50  -0.49   0.49   2.22 |   0.50  -0.50   0.50
 16 -1.00 -1.0  0.0000       1.043  1.8E-06   0.00 |  -0.14   0.16  -0.47   2.05 |  -0.13   0.13   0.50
  8  1.00  1.0  0.0000       1.043  1.8E-06   0.00 |   0.14   0.16   0.47   2.05 |   0.13   0.13  -0.50
 18 -1.00  1.0  0.0000       1.606  1.3E-04   0.00 |  -0.48   0.48   0.45   2.18 |  -0.48   0.48   0.45
 30 -1.00 -1.0  0.0000       1.606  1.3E-04   0.00 |   0.48   0.48  -0.45   2.18 |   0.48   0.48  -0.45
 26 -1.00  1.0  0.0000       1.721  1.3E-04   0.00 |  -0.00   0.00  -3.41   3.49 |  -0.01   0.01  -0.49
 38 -1.00 -1.0  0.0000       1.721  1.3E-04   0.00 |   0.00   0.00   3.41   3.49 |   0.01   0.01   0.49
__________________________________________________________________________________________________________
   Proton  wavefunctions
  i     P   Rz   occ          E       d2h    Delta |   JxT    JyT    Jz      J   |   SxT    SyT    Sz
----------------------------------------------------------------------------------------------------------
 49  1.00 -1.0  1.0000     -34.316  6.5E-11   0.00 |   0.50   0.50  -0.50   0.52 |   0.50   0.50  -0.50
 41  1.00  1.0  1.0000     -34.316  7.7E-11   0.00 |  -0.50   0.50   0.50   0.52 |  -0.50   0.50   0.50
 57 -1.00  1.0  1.0000     -23.439  3.6E-10   0.00 |  -0.85   0.85   0.50   1.44 |  -0.46   0.46   0.42
 69 -1.00 -1.0  1.0000     -23.439  3.6E-10   0.00 |   0.85   0.85  -0.50   1.44 |   0.46   0.46  -0.42
 59 -1.00  1.0  1.0000     -20.861  4.1E-09   0.02 |   0.00   0.00  -1.50   1.52 |   0.00   0.00  -0.50
 71 -1.00 -1.0  1.0000     -20.861  4.1E-09   0.02 |  -0.00   0.00   1.50   1.52 |  -0.00   0.00   0.50
 65 -1.00  1.0  0.9948     -16.372  3.8E-09   1.04 |   0.35  -0.35   0.50   0.67 |  -0.04   0.04  -0.42
 77 -1.00 -1.0  0.9948     -16.372  3.8E-09   1.04 |  -0.35  -0.35  -0.50   0.67 |   0.04   0.04   0.42
 50  1.00 -1.0  0.9625     -12.115  2.7E-09   1.19 |   1.30   1.30  -0.50   2.29 |   0.39   0.39  -0.28
 42  1.00  1.0  0.9625     -12.115  2.7E-09   1.19 |  -1.30   1.30   0.50   2.29 |  -0.39   0.39   0.28
 51  1.00 -1.0  0.8393     -10.456  4.6E-09   1.35 |  -0.00  -0.00   1.50   2.49 |  -0.00  -0.00   0.43
 43  1.00  1.0  0.8393     -10.456  4.6E-09   1.35 |   0.00  -0.00  -1.50   2.49 |   0.00  -0.00  -0.43
 44  1.00  1.0  0.1721      -8.027  1.3E-08   1.36 |  -0.00   0.00   2.50   2.52 |   0.00  -0.00   0.50
 52  1.00 -1.0  0.1721      -8.027  1.3E-08   1.36 |   0.00   0.00  -2.50   2.52 |  -0.00  -0.00  -0.50
 53  1.00 -1.0  0.0224      -5.772  1.3E-08   1.06 |   0.43   0.43  -0.50   1.21 |   0.34   0.34  -0.18
 45  1.00  1.0  0.0224      -5.772  1.3E-08   1.06 |  -0.43   0.43   0.50   1.21 |  -0.34   0.34   0.18
 46  1.00  1.0  0.0079      -3.087  1.1E-08   1.09 |   0.73  -0.73   0.50   1.39 |  -0.27   0.27   0.04
 54  1.00 -1.0  0.0079      -3.087  1.1E-08   1.09 |  -0.73  -0.73  -0.50   1.39 |   0.27   0.27  -0.04
 60 -1.00  1.0  0.0005      -0.944  5.7E-09   0.38 |  -1.62   1.62   0.50   2.98 |  -0.37   0.37   0.23
 72 -1.00 -1.0  0.0005      -0.944  5.7E-09   0.38 |   1.62   1.62  -0.50   2.98 |   0.37   0.37  -0.23
 55  1.00 -1.0  0.0005      -0.685  9.4E-09   0.37 |   0.00   0.00   1.50   1.57 |   0.00   0.00  -0.43
 47  1.00  1.0  0.0005      -0.685  9.4E-09   0.37 |  -0.00   0.00  -1.50   1.57 |  -0.00   0.00   0.43
 73 -1.00 -1.0  0.0000       0.453  1.0E-08   0.11 |  -0.00  -0.00   1.50   3.30 |  -0.00  -0.00   0.36
 61 -1.00  1.0  0.0000       0.453  1.0E-08   0.11 |   0.00  -0.00  -1.50   3.30 |   0.00  -0.00  -0.36
 67 -1.00  1.0  0.0000       2.139  1.3E-06   0.00 |   0.48  -0.48   0.60   2.25 |   0.48  -0.48   0.50
 79 -1.00 -1.0  0.0000       2.139  1.3E-06   0.00 |  -0.48  -0.48  -0.60   2.25 |  -0.48  -0.48  -0.50
 48  1.00  1.0  0.0000       2.361  3.7E-07   0.00 |   0.12   0.12   0.49   2.11 |   0.11   0.11  -0.50
 56 -1.00 -1.0  0.0000       2.361  3.7E-07   0.00 |  -0.12   0.12  -0.49   2.11 |  -0.11   0.11   0.50
 62 -1.00  1.0  0.0000       2.400  2.8E-05   0.02 |   0.01  -0.00   2.38   3.44 |   0.01  -0.01   0.45
 74 -1.00 -1.0  0.0000       2.400  2.8E-05   0.02 |  -0.01  -0.00  -2.38   3.44 |  -0.01  -0.01  -0.45
 63 -1.00  1.0  0.0000       2.477  3.1E-05   0.01 |  -0.25   0.27   0.51   1.88 |  -0.44   0.43   0.37
 75 -1.00 -1.0  0.0000       2.477  3.1E-05   0.01 |   0.25   0.27  -0.51   1.88 |   0.44   0.43  -0.37
 68 -1.00  1.0  0.0000       2.662  6.3E-06   0.00 |   0.52   0.78  -0.75   2.15 |   0.46   0.48  -0.48
 80 -1.00 -1.0  0.0000       2.662  6.3E-06   0.00 |  -0.52   0.78   0.75   2.15 |  -0.46   0.48   0.48
 76 -1.00 -1.0  0.0000       2.663  3.1E-06   0.00 |   0.90  -0.43   0.26   2.09 |   0.49  -0.45   0.46
 64 -1.00  1.0  0.0000       2.663  3.1E-06   0.00 |  -0.90  -0.43  -0.26   2.09 |  -0.49  -0.45  -0.46
 66 -1.00  1.0  0.0000       3.762  2.1E-08   0.00 |  -0.63   0.63   0.50   2.36 |  -0.44   0.44   0.37
 78 -1.00 -1.0  0.0000       3.762  2.1E-08   0.00 |   0.63   0.63  -0.50   2.36 |   0.44   0.44  -0.37
 70 -1.00 -1.0  0.0000       4.669  1.8E-06   0.00 |   0.00   0.00   3.21   3.60 |   0.00   0.00   0.50
 58 -1.00  1.0  0.0000       4.669  1.8E-06   0.00 |  -0.00   0.00  -3.21   3.60 |  -0.00   0.00  -0.50
----------------------------------------------------------------------------------------------------------
--------------------- Canonical    basis-------------------------------------------------------------------
__________________________________________________________________________________________________________
   Neutron wavefunctions
  i     P   Rz   occ          E       d2h    Delta |   JxT    JyT    Jz      J   |   SxT    SyT    Sz
----------------------------------------------------------------------------------------------------------
  9  1.00 -1.0  1.0000     -38.084  0.0E+00   0.00 |   0.50   0.50  -0.50   0.52 |   0.50   0.50  -0.50
  1  1.00  1.0  1.0000     -38.084  0.0E+00   0.00 |  -0.50   0.50   0.50   0.52 |  -0.50   0.50   0.50
 29 -1.00 -1.0  1.0000     -27.095  0.0E+00   0.00 |   0.84   0.84  -0.50   1.44 |   0.46   0.46  -0.43
 17 -1.00  1.0  1.0000     -27.095  0.0E+00   0.00 |  -0.84   0.84   0.50   1.44 |  -0.46   0.46   0.43
 31 -1.00 -1.0  1.0000     -24.087  0.0E+00   0.00 |  -0.00   0.00   1.50   1.52 |  -0.00   0.00   0.50
 19 -1.00  1.0  1.0000     -24.087  0.0E+00   0.00 |   0.00   0.00  -1.50   1.52 |   0.00   0.00  -0.50
 25 -1.00  1.0  1.0000     -19.598  0.0E+00   0.00 |   0.34  -0.34   0.50   0.68 |  -0.04   0.04  -0.43
 37 -1.00 -1.0  1.0000     -19.598  0.0E+00   0.00 |  -0.34  -0.34  -0.50   0.68 |   0.04   0.04   0.43
  2  1.00  1.0  1.0000     -15.687  0.0E+00   0.00 |  -1.28   1.28   0.50   2.27 |  -0.40   0.40   0.29
 10  1.00 -1.0  1.0000     -15.687  0.0E+00   0.00 |   1.28   1.28  -0.50   2.27 |   0.40   0.40  -0.29
  3  1.00  1.0  1.0000 *   -13.777  0.0E+00   0.00 |   0.00  -0.00  -1.50   2.49 |   0.00  -0.00  -0.43
 11  1.00 -1.0  1.0000     -13.777  0.0E+00   0.00 |  -0.00  -0.00   1.50   2.49 |  -0.00  -0.00   0.43
 12  1.00 -1.0  0.5000     -11.112  0.0E+00   0.00 |   0.00   0.00  -2.50   2.52 |  -0.00  -0.00  -0.50
  4  1.00  1.0  0.5000     -11.112  0.0E+00   0.00 |  -0.00   0.00   2.50   2.52 |   0.00  -0.00   0.50
  5  1.00  1.0  0.0000      -9.251  0.0E+00   0.00 |  -0.47   0.47   0.50   1.25 |  -0.34   0.34   0.18
 13  1.00 -1.0  0.0000      -9.251  0.0E+00   0.00 |   0.47   0.47  -0.50   1.25 |   0.34   0.34  -0.18
 14  1.00 -1.0  0.0000      -6.322  0.0E+00   0.00 |  -0.75  -0.75  -0.50   1.40 |   0.27   0.27  -0.03
  6  1.00  1.0  0.0000      -6.322  0.0E+00   0.00 |   0.75  -0.75   0.50   1.40 |  -0.27   0.27   0.03
 40  1.00 -1.0  0.0000      -4.459  0.0E+00   0.00 |   1.60   1.60  -0.50   2.95 |   0.37   0.37  -0.24
 28 -1.00  1.0  0.0000      -4.459  0.0E+00   0.00 |  -1.60   1.60   0.50   2.95 |  -0.37   0.37   0.24
 15  1.00 -1.0  0.0000      -3.667  0.0E+00   0.00 |   0.00   0.00   1.50   1.57 |   0.00   0.00  -0.43
  7  1.00  1.0  0.0000      -3.667  0.0E+00   0.00 |  -0.00   0.00  -1.50   1.57 |  -0.00   0.00   0.43
 21 -1.00  1.0  0.0000      -2.906  0.0E+00   0.00 |   0.00  -0.00  -1.50   3.31 |   0.00  -0.00  -0.36
 33 -1.00 -1.0  0.0000      -2.906  0.0E+00   0.00 |  -0.00  -0.00   1.50   3.31 |  -0.00  -0.00   0.36
 34 -1.00 -1.0  0.0000      -0.830  0.0E+00   0.00 |   0.00   0.00  -2.50   3.50 |  -0.00  -0.00  -0.45
 22 -1.00  1.0  0.0000      -0.830  0.0E+00   0.00 |  -0.00   0.00   2.50   3.50 |   0.00  -0.00   0.45
 35 -1.00 -1.0  0.0000      -0.233  0.0E+00   0.00 |   0.67   0.67  -0.50   2.01 |   0.40   0.40  -0.31
 23 -1.00  1.0  0.0000      -0.233  0.0E+00   0.00 |  -0.67   0.67   0.50   2.01 |  -0.40   0.40   0.31
 20 -1.00  1.0  0.0000       0.889  0.0E+00   0.00 |   0.40   0.46  -1.18   1.96 |   0.35   0.36  -0.49
 32 -1.00 -1.0  0.0000       0.889  0.0E+00   0.00 |  -0.40   0.46   1.18   1.96 |  -0.35   0.36   0.49
 36 -1.00 -1.0  0.0000       0.911  0.0E+00   0.00 |   0.56  -0.31  -0.17   1.69 |   0.37  -0.35   0.48
 24 -1.00  1.0  0.0000       0.911  0.0E+00   0.00 |  -0.56  -0.31   0.17   1.69 |  -0.37  -0.35  -0.48
 39 -1.00 -1.0  0.0000       1.039  0.0E+00   0.00 |  -0.50  -0.49  -0.49   2.22 |  -0.50  -0.50  -0.50
 27 -1.00  1.0  0.0000       1.039  0.0E+00   0.00 |   0.50  -0.49   0.49   2.22 |   0.50  -0.50   0.50
 16 -1.00 -1.0  0.0000       1.043  0.0E+00   0.00 |  -0.14   0.16  -0.47   2.05 |  -0.13   0.13   0.50
  8  1.00  1.0  0.0000       1.043  0.0E+00   0.00 |   0.14   0.16   0.47   2.05 |   0.13   0.13  -0.50
 18 -1.00  1.0  0.0000       1.606  0.0E+00   0.00 |  -0.48   0.48   0.45   2.18 |  -0.48   0.48   0.45
 30 -1.00 -1.0  0.0000       1.606  0.0E+00   0.00 |   0.48   0.48  -0.45   2.18 |   0.48   0.48  -0.45
 26 -1.00  1.0  0.0000       1.721  0.0E+00   0.00 |  -0.00   0.00  -3.41   3.49 |  -0.01   0.01  -0.49
 38 -1.00 -1.0  0.0000       1.721  0.0E+00   0.00 |   0.00   0.00   3.41   3.49 |   0.01   0.01   0.49
__________________________________________________________________________________________________________
   Proton  wavefunctions
  i     P   Rz   occ          E       d2h    Delta |   JxT    JyT    Jz      J   |   SxT    SyT    Sz
----------------------------------------------------------------------------------------------------------
 49  1.00 -1.0  1.0000     -34.316  0.0E+00   0.00 |   0.50   0.50  -0.50   0.52 |   0.50   0.50  -0.50
 41  1.00  1.0  1.0000     -34.316  0.0E+00  -0.00 |  -0.50   0.50   0.50   0.52 |  -0.50   0.50   0.50
 57 -1.00  1.0  1.0000     -23.439  0.0E+00  -0.00 |  -0.85   0.85   0.50   1.44 |  -0.46   0.46   0.42
 69 -1.00 -1.0  1.0000     -23.439  0.0E+00   0.00 |   0.85   0.85  -0.50   1.44 |   0.46   0.46  -0.42
 59 -1.00  1.0  1.0000     -20.861  0.0E+00  -0.02 |   0.00   0.00  -1.50   1.52 |   0.00   0.00  -0.50
 71 -1.00 -1.0  1.0000     -20.861  0.0E+00   0.02 |  -0.00   0.00   1.50   1.52 |  -0.00   0.00   0.50
 65 -1.00  1.0  0.9948     -16.372  0.0E+00  -1.04 |   0.35  -0.35   0.50   0.67 |  -0.04   0.04  -0.42
 77 -1.00 -1.0  0.9948     -16.372  0.0E+00   1.04 |  -0.35  -0.35  -0.50   0.67 |   0.04   0.04   0.42
 50  1.00 -1.0  0.9625     -12.115  0.0E+00   1.19 |   1.30   1.30  -0.50   2.29 |   0.39   0.39  -0.28
 42  1.00  1.0  0.9625     -12.115  0.0E+00  -1.19 |  -1.30   1.30   0.50   2.29 |  -0.39   0.39   0.28
 51  1.00 -1.0  0.8393     -10.456  0.0E+00   1.35 |  -0.00  -0.00   1.50   2.49 |  -0.00  -0.00   0.43
 43  1.00  1.0  0.8393     -10.456  0.0E+00  -1.35 |   0.00  -0.00  -1.50   2.49 |   0.00  -0.00  -0.43
 44  1.00  1.0  0.1721      -8.027  0.0E+00  -1.36 |  -0.00   0.00   2.50   2.52 |   0.00  -0.00   0.50
 52  1.00 -1.0  0.1721      -8.027  0.0E+00   1.36 |   0.00   0.00  -2.50   2.52 |  -0.00  -0.00  -0.50
 53  1.00 -1.0  0.0224      -5.772  0.0E+00   1.06 |   0.43   0.43  -0.50   1.21 |   0.34   0.34  -0.18
 45  1.00  1.0  0.0224      -5.772  0.0E+00  -1.06 |  -0.43   0.43   0.50   1.21 |  -0.34   0.34   0.18
 46  1.00  1.0  0.0079      -3.087  0.0E+00  -1.09 |   0.73  -0.73   0.50   1.39 |  -0.27   0.27   0.04
 54  1.00 -1.0  0.0079      -3.087  0.0E+00   1.09 |  -0.73  -0.73  -0.50   1.39 |   0.27   0.27  -0.04
 68 -1.00  1.0  0.0005      -0.944  0.0E+00  -0.38 |  -1.62   1.62   0.50   2.98 |  -0.37   0.37   0.23
 80 -1.00 -1.0  0.0005      -0.944  0.0E+00   0.38 |   1.62   1.62  -0.50   2.98 |   0.37   0.37  -0.23
 55  1.00 -1.0  0.0005      -0.685  0.0E+00   0.37 |   0.00   0.00   1.50   1.57 |   0.00   0.00  -0.43
 47  1.00  1.0  0.0005      -0.685  0.0E+00  -0.37 |  -0.00   0.00  -1.50   1.57 |  -0.00   0.00   0.43
 73 -1.00 -1.0  0.0000       0.453  0.0E+00   0.11 |  -0.00  -0.00   1.50   3.30 |  -0.00  -0.00   0.36
 61 -1.00  1.0  0.0000       0.453  0.0E+00  -0.11 |   0.00  -0.00  -1.50   3.30 |   0.00  -0.00  -0.36
 67 -1.00  1.0  0.0000       2.139  0.0E+00  -0.00 |   0.48  -0.48   0.60   2.25 |   0.48  -0.48   0.50
 79 -1.00 -1.0  0.0000       2.139  0.0E+00   0.00 |  -0.48  -0.48  -0.60   2.25 |  -0.48  -0.48  -0.50
 48  1.00  1.0  0.0000       2.361  0.0E+00  -0.00 |   0.12   0.12   0.49   2.11 |   0.11   0.11  -0.50
 56 -1.00 -1.0  0.0000       2.361  0.0E+00   0.00 |  -0.12   0.12  -0.49   2.11 |  -0.11   0.11   0.50
 62 -1.00  1.0  0.0000       2.400  0.0E+00  -0.02 |   0.01  -0.00   2.38   3.44 |   0.01  -0.01   0.45
 74 -1.00 -1.0  0.0000       2.400  0.0E+00   0.02 |  -0.01  -0.00  -2.38   3.44 |  -0.01  -0.01  -0.45
 63 -1.00  1.0  0.0000       2.477  0.0E+00  -0.00 |  -0.25   0.27   0.51   1.88 |  -0.44   0.43   0.37
 75 -1.00 -1.0  0.0000       2.477  0.0E+00   0.00 |   0.25   0.27  -0.51   1.88 |   0.44   0.43  -0.37
 60 -1.00  1.0  0.0000       2.662  0.0E+00  -0.00 |   0.52   0.77  -0.75   2.15 |   0.46   0.48  -0.48
 72 -1.00 -1.0  0.0000       2.662  0.0E+00   0.00 |  -0.52   0.77   0.75   2.15 |  -0.46   0.48   0.48
 76 -1.00 -1.0  0.0000       2.663  0.0E+00   0.00 |   0.90  -0.43   0.26   2.09 |   0.49  -0.45   0.46
 64 -1.00  1.0  0.0000       2.663  0.0E+00  -0.00 |  -0.90  -0.43  -0.26   2.09 |  -0.49  -0.45  -0.46
 66 -1.00  1.0  0.0000       3.762  0.0E+00  -0.00 |  -0.63   0.63   0.50   2.36 |  -0.44   0.44   0.37
 78 -1.00 -1.0  0.0000       3.762  0.0E+00   0.00 |   0.63   0.63  -0.50   2.36 |   0.44   0.44  -0.37
 70 -1.00 -1.0  0.0000       4.669  0.0E+00   0.00 |   0.00   0.00   3.21   3.60 |   0.00   0.00   0.50
 58 -1.00  1.0  0.0000       4.669  0.0E+00  -0.00 |  -0.00   0.00  -3.21   3.60 |  -0.00   0.00  -0.50
----------------------------------------------------------------------------------------------------------
---------------------------------Quasiparticles---------------------------------
Block 1:  P=+1  neutrons
  N      Eqp       f_n      |   U   V  |   B  P  ov_TR |    JxT    JyT    Jz
________________________________________________________________________________
  1    -26.18      0.00E+00 |    1   0 |   -  -  0.000 |    0.00   0.00   0.50
  2    -12.95      0.00E+00 |    0  16 |   -  -  0.000 |    0.00   0.00   0.47
  3     -8.24      0.00E+00 |    0  15 |   -  -  0.000 |    0.00   0.00  -1.50
  4     -5.59      0.00E+00 |    0  14 |   -  -  0.000 |    0.00   0.00   0.50
  5     -3.78      0.00E+00 |    2   0 |   -  -  0.000 |    0.00   0.00   0.50
  6     -2.66      0.00E+00 |    0  13 |   -  -  0.000 |    0.00   0.00   0.50
  7     -1.87      0.00E+00 |    3   0 |   -  -  0.000 |    0.00   0.00  -1.50
  8     -0.80      5.00E-01 |    0  12 |   -  -  0.000 |    0.00   0.00   2.50
  9    -26.18      0.00E+00 |    9   0 |   -  -  0.000 |    0.00   0.00  -0.50
 10    -12.95      0.00E+00 |    0   8 |   -  -  0.000 |    0.00   0.00  -0.47
 11     -8.24      0.00E+00 |    0   7 |   -  -  0.000 |    0.00   0.00   1.50
 12     -5.59      0.00E+00 |    0   6 |   -  -  0.000 |    0.00   0.00  -0.50
 13     -3.78      0.00E+00 |   10   0 |   -  -  0.000 |    0.00   0.00  -0.50
 14     -2.66      0.00E+00 |    0   5 |   -  -  0.000 |    0.00   0.00  -0.50
 15     -1.87      0.00E+00 |   11   0 |   -  -  0.000 |    0.00   0.00   1.50
 16     -0.80      5.00E-01 |    0   4 |   -  -  0.000 |    0.00   0.00  -2.50
 17      0.80      5.00E-01 |    4   0 |   B  -  1.000 |    0.00   0.00   2.50
 18      1.87      1.00E+00 |    0  11 |   -  -  0.000 |    0.00   0.00  -1.50
 19      2.66      1.00E+00 |    5   0 |   -  -  0.000 |    0.00   0.00   0.50
 20      3.78      1.00E+00 |    0  10 |   -  -  0.000 |    0.00   0.00   0.50
 21      5.59      1.00E+00 |    6   0 |   -  -  0.000 |    0.00   0.00   0.50
 22      8.24      1.00E+00 |    7   0 |   -  -  0.000 |    0.00   0.00  -1.50
 23     12.95      1.00E+00 |    8   0 |   -  -  0.000 |    0.00   0.00   0.47
 24     26.18      1.00E+00 |    0   9 |   -  -  0.000 |    0.00   0.00   0.50
 25      0.80      5.00E-01 |   12   0 |   B  -  0.000 |    0.00   0.00  -2.50
 26      1.87      1.00E+00 |    0   3 |   -  -  0.000 |    0.00   0.00   1.50
 27      2.66      1.00E+00 |   13   0 |   -  -  0.000 |    0.00   0.00  -0.50
 28      3.78      1.00E+00 |    0   2 |   -  -  0.000 |    0.00   0.00  -0.50
 29      5.59      1.00E+00 |   14   0 |   -  -  0.000 |    0.00   0.00  -0.50
 30      8.24      1.00E+00 |   15   0 |   -  -  0.000 |    0.00   0.00   1.50
 31     12.95      1.00E+00 |   16   0 |   -  -  0.000 |    0.00   0.00  -0.47
 32     26.18      1.00E+00 |    0   1 |   -  -  0.000 |    0.00   0.00  -0.50

Block 3:  P=-1  neutrons
  N      Eqp       f_n      |   U   V  |   B  P  ov_TR |    JxT    JyT    Jz
________________________________________________________________________________
  1    -15.19      0.00E+00 |   17   0 |   -  -  0.000 |    0.00   0.00   0.50
  2    -13.63      0.00E+00 |    0  38 |   -  -  0.000 |    0.00   0.00  -3.41
  3    -13.51      0.00E+00 |    0  30 |   -  -  0.000 |    0.00   0.00   0.45
  4    -12.95      0.00E+00 |    0  39 |   -  -  0.000 |    0.00   0.00   0.49
  5    -12.82      0.00E+00 |    0  36 |   -  -  0.000 |    0.00   0.00   0.17
  6    -12.80      0.00E+00 |    0  40 |   -  -  0.000 |    0.00   0.00  -1.18
  7    -12.18      0.00E+00 |   19   0 |   -  -  0.000 |    0.00   0.00  -1.50
  8    -11.67      0.00E+00 |    0  35 |   -  -  0.000 |    0.00   0.00   0.50
  9    -11.08      0.00E+00 |    0  34 |   -  -  0.000 |    0.00   0.00   2.50
 10     -9.00      0.00E+00 |    0  33 |   -  -  0.000 |    0.00   0.00  -1.50
 11     -7.69      0.00E+00 |   25   0 |   -  -  0.000 |    0.00   0.00   0.50
 12     -7.45      0.00E+00 |    0  32 |   -  -  0.000 |    0.00   0.00   0.50
 13    -15.19      0.00E+00 |   29   0 |   -  -  0.000 |    0.00   0.00  -0.50
 14    -13.63      0.00E+00 |    0  26 |   -  -  0.000 |    0.00   0.00   3.41
 15    -13.51      0.00E+00 |    0  18 |   -  -  0.000 |    0.00   0.00  -0.45
 16    -12.95      0.00E+00 |    0  27 |   -  -  0.000 |    0.00   0.00  -0.49
 17    -12.82      0.00E+00 |    0  24 |   -  -  0.000 |    0.00   0.00  -0.17
 18    -12.80      0.00E+00 |    0  28 |   -  -  0.000 |    0.00   0.00   1.18
 19    -12.18      0.00E+00 |   31   0 |   -  -  0.000 |    0.00   0.00   1.50
 20    -11.67      0.00E+00 |    0  23 |   -  -  0.000 |    0.00   0.00  -0.50
 21    -11.08      0.00E+00 |    0  22 |   -  -  0.000 |    0.00   0.00  -2.50
 22     -9.00      0.00E+00 |    0  21 |   -  -  0.000 |    0.00   0.00   1.50
 23     -7.69      0.00E+00 |   37   0 |   -  -  0.000 |    0.00   0.00  -0.50
 24     -7.45      0.00E+00 |    0  20 |   -  -  0.000 |    0.00   0.00  -0.50
 25      7.45      1.00E+00 |   20   0 |   -  -  0.000 |    0.00   0.00   0.50
 26      7.69      1.00E+00 |    0  37 |   -  -  0.000 |    0.00   0.00   0.50
 27      9.00      1.00E+00 |   21   0 |   -  -  0.000 |    0.00   0.00  -1.50
 28     11.08      1.00E+00 |   22   0 |   -  -  0.000 |    0.00   0.00   2.50
 29     11.67      1.00E+00 |   23   0 |   -  -  0.000 |    0.00   0.00   0.50
 30     12.18      1.00E+00 |    0  31 |   -  -  0.000 |    0.00   0.00  -1.50
 31     12.80      1.00E+00 |   28   0 |   -  -  0.000 |    0.00   0.00  -1.18
 32     12.82      1.00E+00 |   24   0 |   -  -  0.000 |    0.00   0.00   0.17
 33     12.95      1.00E+00 |   27   0 |   -  -  0.000 |    0.00   0.00   0.49
 34     13.51      1.00E+00 |   18   0 |   -  -  0.000 |    0.00   0.00   0.45
 35     13.63      1.00E+00 |   26   0 |   -  -  0.000 |    0.00   0.00  -3.41
 36     15.19      1.00E+00 |    0  29 |   -  -  0.000 |    0.00   0.00   0.50
 37      7.45      1.00E+00 |   32   0 |   -  -  0.000 |    0.00   0.00  -0.50
 38      7.69      1.00E+00 |    0  25 |   -  -  0.000 |    0.00   0.00  -0.50
 39      9.00      1.00E+00 |   33   0 |   -  -  0.000 |    0.00   0.00   1.50
 40     11.08      1.00E+00 |   34   0 |   -  -  0.000 |    0.00   0.00  -2.50
 41     11.67      1.00E+00 |   35   0 |   -  -  0.000 |    0.00   0.00  -0.50
 42     12.18      1.00E+00 |    0  19 |   -  -  0.000 |    0.00   0.00   1.50
 43     12.80      1.00E+00 |   40   0 |   -  -  0.000 |    0.00   0.00   1.18
 44     12.82      1.00E+00 |   36   0 |   -  -  0.000 |    0.00   0.00  -0.17
 45     12.95      1.00E+00 |   39   0 |   -  -  0.000 |    0.00   0.00  -0.49
 46     13.51      1.00E+00 |   30   0 |   -  -  0.000 |    0.00   0.00  -0.45
 47     13.63      1.00E+00 |   38   0 |   -  -  0.000 |    0.00   0.00   3.41
 48     15.19      1.00E+00 |    0  17 |   -  -  0.000 |    0.00   0.00  -0.50

Block 5:  P=+1   protons
  N      Eqp       f_n      |   U   V  |   B  P  ov_TR |    JxT    JyT    Jz
________________________________________________________________________________
  1    -25.10      0.00E+00 |   41   0 |   -  -  0.000 |    0.00   0.00   0.50
  2    -11.57      0.00E+00 |    0  56 |   -  -  0.000 |    0.00   0.00   0.49
  3     -8.54      0.00E+00 |    0  55 |   -  -  0.000 |    0.00   0.00  -1.50
  4     -6.22      0.00E+00 |    0  54 |   -  -  0.000 |    0.00   0.00   0.50
  5     -3.63      0.00E+00 |   42  53 |   -  -  0.000 |    0.00   0.00   0.50
  6     -3.11      0.00E+00 |   42  53 |   -  -  0.000 |    0.00   0.00   0.50
  7     -1.83      0.00E+00 |   43  51 |   -  -  0.000 |    0.00   0.00  -1.50
  8     -1.81      0.00E+00 |   44  52 |   -  -  0.000 |    0.00   0.00   2.50
  9    -25.10      0.00E+00 |   49   0 |   -  -  0.000 |    0.00   0.00  -0.50
 10    -11.57      0.00E+00 |    0  48 |   -  -  0.000 |    0.00   0.00  -0.49
 11     -8.54      0.00E+00 |    0  47 |   -  -  0.000 |    0.00   0.00   1.50
 12     -6.22      0.00E+00 |    0  46 |   -  -  0.000 |    0.00   0.00  -0.50
 13     -3.63      0.00E+00 |   50  45 |   -  -  0.000 |    0.00   0.00  -0.50
 14     -3.11      0.00E+00 |   50  45 |   -  -  0.000 |    0.00   0.00  -0.50
 15     -1.83      0.00E+00 |   51  43 |   -  -  0.000 |    0.00   0.00   1.50
 16     -1.81      0.00E+00 |   52  44 |   -  -  0.000 |    0.00   0.00  -2.50
 17      1.81      1.00E+00 |   44  52 |   -  -  0.000 |    0.00   0.00   2.50
 18      1.83      1.00E+00 |   43  51 |   -  -  0.000 |    0.00   0.00  -1.50
 19      3.11      1.00E+00 |   45  50 |   -  -  0.000 |    0.00   0.00   0.50
 20      3.63      1.00E+00 |   45  50 |   -  -  0.000 |    0.00   0.00   0.50
 21      6.22      1.00E+00 |   46   0 |   -  -  0.000 |    0.00   0.00   0.50
 22      8.54      1.00E+00 |   47   0 |   -  -  0.000 |    0.00   0.00  -1.50
 23     11.57      1.00E+00 |   48   0 |   -  -  0.000 |    0.00   0.00   0.49
 24     25.10      1.00E+00 |    0  49 |   -  -  0.000 |    0.00   0.00   0.50
 25      1.81      1.00E+00 |   52  44 |   -  -  0.000 |    0.00   0.00  -2.50
 26      1.83      1.00E+00 |   51  43 |   -  -  0.000 |    0.00   0.00   1.50
 27      3.11      1.00E+00 |   53  42 |   -  -  0.000 |    0.00   0.00  -0.50
 28      3.63      1.00E+00 |   53  42 |   -  -  0.000 |    0.00   0.00  -0.50
 29      6.22      1.00E+00 |   54   0 |   -  -  0.000 |    0.00   0.00  -0.50
 30      8.54      1.00E+00 |   55   0 |   -  -  0.000 |    0.00   0.00   1.50
 31     11.57      1.00E+00 |   56   0 |   -  -  0.000 |    0.00   0.00  -0.49
 32     25.10      1.00E+00 |    0  41 |   -  -  0.000 |    0.00   0.00  -0.50

Block 7:  P=-1   protons
  N      Eqp       f_n      |   U   V  |   B  P  ov_TR |    JxT    JyT    Jz
________________________________________________________________________________
  1    -14.23      0.00E+00 |   57   0 |   -  -  0.000 |    0.00   0.00   0.50
  2    -13.88      0.00E+00 |    0  70 |   -  -  0.000 |    0.00   0.00  -3.21
  3    -12.98      0.00E+00 |    0  78 |   -  -  0.000 |    0.00   0.00   0.50
  4    -11.88      0.00E+00 |    0  76 |   -  -  0.000 |    0.00   0.00  -0.26
  5    -11.87      0.00E+00 |    0  80 |   -  -  0.000 |    0.00   0.00  -0.75
  6    -11.69      0.00E+00 |    0  75 |   -  -  0.000 |    0.00   0.00   0.51
  7    -11.65      0.00E+00 |   59   0 |   -  -  0.000 |    0.00   0.00  -1.50
  8    -11.61      0.00E+00 |    0  74 |   -  -  0.000 |    0.00   0.00   2.38
  9    -11.35      0.00E+00 |    0  79 |   -  -  0.000 |    0.00   0.00   0.60
 10     -9.67      0.00E+00 |    0  73 |   -  -  0.000 |    0.00   0.00  -1.50
 11     -8.28      0.00E+00 |    0  72 |   -  -  0.000 |    0.00   0.00   0.50
 12     -7.23      0.00E+00 |   65   0 |   -  -  0.000 |    0.00   0.00   0.50
 13    -14.23      0.00E+00 |   69   0 |   -  -  0.000 |    0.00   0.00  -0.50
 14    -13.88      0.00E+00 |    0  58 |   -  -  0.000 |    0.00   0.00   3.21
 15    -12.98      0.00E+00 |    0  66 |   -  -  0.000 |    0.00   0.00  -0.50
 16    -11.88      0.00E+00 |    0  64 |   -  -  0.000 |    0.00   0.00   0.26
 17    -11.87      0.00E+00 |    0  68 |   -  -  0.000 |    0.00   0.00   0.75
 18    -11.69      0.00E+00 |    0  63 |   -  -  0.000 |    0.00   0.00  -0.51
 19    -11.65      0.00E+00 |   71   0 |   -  -  0.000 |    0.00   0.00   1.50
 20    -11.61      0.00E+00 |    0  62 |   -  -  0.000 |    0.00   0.00  -2.38
 21    -11.35      0.00E+00 |    0  67 |   -  -  0.000 |    0.00   0.00  -0.60
 22     -9.67      0.00E+00 |    0  61 |   -  -  0.000 |    0.00   0.00   1.50
 23     -8.28      0.00E+00 |    0  60 |   -  -  0.000 |    0.00   0.00  -0.50
 24     -7.23      0.00E+00 |   77   0 |   -  -  0.000 |    0.00   0.00  -0.50
 25      7.23      1.00E+00 |    0  77 |   -  -  0.000 |    0.00   0.00   0.50
 26      8.28      1.00E+00 |   60   0 |   -  -  0.000 |    0.00   0.00   0.50
 27      9.67      1.00E+00 |   61   0 |   -  -  0.000 |    0.00   0.00  -1.50
 28     11.35      1.00E+00 |   67   0 |   -  -  0.000 |    0.00   0.00   0.60
 29     11.61      1.00E+00 |   62   0 |   -  -  0.000 |    0.00   0.00   2.38
 30     11.65      1.00E+00 |    0  71 |   -  -  0.000 |    0.00   0.00  -1.50
 31     11.69      1.00E+00 |   63   0 |   -  -  0.000 |    0.00   0.00   0.51
 32     11.87      1.00E+00 |   68   0 |   -  -  0.000 |    0.00   0.00  -0.75
 33     11.88      1.00E+00 |   64   0 |   -  -  0.000 |    0.00   0.00  -0.26
 34     12.98      1.00E+00 |   66   0 |   -  -  0.000 |    0.00   0.00   0.50
 35     13.88      1.00E+00 |   58   0 |   -  -  0.000 |    0.00   0.00  -3.21
 36     14.23      1.00E+00 |    0  69 |   -  -  0.000 |    0.00   0.00   0.50
 37      7.23      1.00E+00 |    0  65 |   -  -  0.000 |    0.00   0.00  -0.50
 38      8.28      1.00E+00 |   72   0 |   -  -  0.000 |    0.00   0.00  -0.50
 39      9.67      1.00E+00 |   73   0 |   -  -  0.000 |    0.00   0.00   1.50
 40     11.35      1.00E+00 |   79   0 |   -  -  0.000 |    0.00   0.00  -0.60
 41     11.61      1.00E+00 |   74   0 |   -  -  0.000 |    0.00   0.00  -2.38
 42     11.65      1.00E+00 |    0  59 |   -  -  0.000 |    0.00   0.00   1.50
 43     11.69      1.00E+00 |   75   0 |   -  -  0.000 |    0.00   0.00  -0.51
 44     11.87      1.00E+00 |   80   0 |   -  -  0.000 |    0.00   0.00   0.75
 45     11.88      1.00E+00 |   76   0 |   -  -  0.000 |    0.00   0.00   0.26
 46     12.98      1.00E+00 |   78   0 |   -  -  0.000 |    0.00   0.00  -0.50
 47     13.88      1.00E+00 |   70   0 |   -  -  0.000 |    0.00   0.00   3.21
 48     14.23      1.00E+00 |    0  57 |   -  -  0.000 |    0.00   0.00  -0.50

--------------------------------------------------------------------------------
------------------------ Electric Multipole Moments -------------------------
Quantisation Axis             : Z
  With secondary axis ordering: X,Y
______________________________________________________________________________
                   Neutrons        Protons          Charge         Total
______________________________________________________________________________
 Particles           13.0000         12.0000         12.0000         25.0000

Re  Q_{ 2 0}         12.7123         12.6239         12.6239         25.3362
Re  Q_{ 2 2}          0.0025          0.0019          0.0019          0.0044

Re  Q_{ 4 0}         28.8016         30.6003         31.4923         59.4018
Re  Q_{ 4 2}          0.0163          0.0156          0.0156          0.0319
Re  Q_{ 4 4}         -0.3684         -0.3182          0.2152         -0.6866

Re  Q_{ 6 0}         33.6165         42.5297         70.4231         76.1462
Re  Q_{ 6 2}          0.0705          0.0856          0.0871          0.1561
Re  Q_{ 6 4}          1.0242          1.1748          9.0807          2.1990
Re  Q_{ 6 6}          0.0008          0.0061          0.0089          0.0069

Re  Q_{ 8 0}        -80.9551          8.7399        287.1577        -72.2152
Re  Q_{ 8 2}          0.1918        -21.7854        -19.3085        -21.5936
Re  Q_{ 8 4}         58.6320         42.0691        114.5769        100.7011
Re  Q_{ 8 6}         -0.0158         -6.8332         -6.8867         -6.8490
Re  Q_{ 8 8}         38.6702         38.4646         39.3946         77.1349

Re  Q_{10 0}      -1147.4034      12823.3971      13426.3346      11675.9938
Re  Q_{10 2}         -0.2074        194.7655        210.5953        194.5581
Re  Q_{10 4}      -1427.3193         67.0307       1143.5975      -1360.2886
Re  Q_{10 6}         -0.1368      -2084.0605      -2127.0306      -2084.1973
Re  Q_{10 8}      -2462.7527      -4145.3467      -3818.7689      -6608.0993
Re  Q_{1010}          0.5071       -246.9546       -233.4303       -246.4475

 RMS radius           2.9887          2.9786          3.0250          2.9839
 Fourth mom.          3.2904          3.2824          3.3412          3.2865
______________________________________________________________________________
                   Neutrons        Protons          Charge         Total
______________________________________________________________________________

Beta_{ 2 0}       0.17300168      0.17179852      0.17179844      0.34480020
Beta_{ 2 2}       0.00003347      0.00002612      0.00002612      0.00005958

Beta_{ 4 0}       0.03183609      0.03382428      0.03481029      0.06566037
Beta_{ 4 2}       0.00001799      0.00001726      0.00001721      0.00003525
Beta_{ 4 4}      -0.00040723     -0.00035174      0.00023788     -0.00075896

Beta_{ 6 0}       0.00301810      0.00381833      0.00632261      0.00683643
Beta_{ 6 2}       0.00000633      0.00000768      0.00000782      0.00001401
Beta_{ 6 4}       0.00009196      0.00010547      0.00081527      0.00019743
Beta_{ 6 6}       0.00000007      0.00000055      0.00000080      0.00000062

Beta_{ 8 0}      -0.00059034      0.00006373      0.00209401     -0.00052661
Beta_{ 8 2}       0.00000140     -0.00015886     -0.00014080     -0.00015747
Beta_{ 8 4}       0.00042756      0.00030678      0.00083552      0.00073433
Beta_{ 8 6}      -0.00000012     -0.00004983     -0.00005022     -0.00004994
Beta_{ 8 8}       0.00028199      0.00028049      0.00028727      0.00056248

Beta_{10 0}      -0.00067960      0.00759520      0.00795232      0.00691560
Beta_{10 2}      -0.00000012      0.00011536      0.00012473      0.00011524
Beta_{10 4}      -0.00084539      0.00003970      0.00067734     -0.00080569
Beta_{10 6}      -0.00000008     -0.00123437     -0.00125982     -0.00123445
Beta_{10 8}      -0.00145867     -0.00245526     -0.00226183     -0.00391393
Beta_{1010}       0.00000030     -0.00014627     -0.00013826     -0.00014597


______________________________________________________________________________
                   Neutrons        Protons          Charge         Total
______________________________________________________________________________
Q_{ 2}               12.7123         12.6239         12.6239         25.3362
Q_{ 4}               28.8063         30.6036         31.4938         59.4098
Q_{ 6}               33.6478         42.5623         71.5846         76.2100
Q_{ 8}              128.1405         87.2792        335.6480        196.0164
Q_{10}             4185.8473      14411.8269      14875.9633      15370.3770
______________________________________________________________________________
                   Neutrons        Protons          Charge         Total
______________________________________________________________________________
Beta_{   2}       0.17300169      0.17179852      0.17179844      0.34480021
Beta_{   4}       0.03184131      0.03382795      0.03481192      0.06566916
Beta_{   6}       0.00302091      0.00382126      0.00642689      0.00684216
Beta_{   8}       0.00093443      0.00063646      0.00244761      0.00142939
Beta_{  10}       0.00247925      0.00853601      0.00881092      0.00910376
______________________________________________________________________________
 Cart. Moments X              Y              Z
 Cart. N      -20.1436567    -20.1627567     40.3064134
 Cart. P      -20.0055961    -20.0204999     40.0260960
 Cart. T      -40.1492528    -40.1832566     80.3325094
 (Q, gamma)    Q              Gamma
 (Q,g) N       40.3064149      0.0156755
 (Q,g) P       40.0260969      0.0123173
 (Q,g) T       80.3325118      0.0140022
 (iq1, iq2)    iq1            iq2
 iq    N       40.3000467      0.0127333
 iq    P       40.0211281      0.0099359
 iq    T       80.3211748      0.0226692
               X^2            Y^2            Z^2
 X^2_i N       31.9915015     31.9851349     52.1415249
 X^2_i P       28.8208509     28.8158830     48.8314149
 X^2_i T       60.8123524     60.8010178    100.9729398
----------------------------------------------------------------------------
--------------- Magnetic Multipole Moments ----------------
Quantisation Axis             : Z
  With secondary axis ordering: X,Y
 Units: 
   spin/orbit/total: hbar fm^(l-1)
   phys:             mu_N fm^(l-1)
______________________________________________________________________________
 Re Q^m_{ 1 0}     X           Y            Z        total
 Spin     n    9.371E-19   2.564E-18   4.985E-15   4.988E-15
          p    8.716E-18  -2.721E-18   1.562E-15   1.568E-15
          t    9.653E-18  -1.565E-19   6.547E-15   6.557E-15
 Orbital  n    5.468E-15   5.226E-15   2.014E-17   1.071E-14
          p    1.802E-15   1.912E-15  -1.250E-17   3.702E-15
          t    7.270E-15   7.138E-15   7.649E-18   1.442E-14
 Total    n    5.468E-15   5.228E-15   5.005E-15   1.570E-14
          p    1.811E-15   1.910E-15   1.550E-15   5.270E-15
          t    7.279E-15   7.138E-15   6.555E-15   2.097E-14
 Phys     n   -3.585E-18  -9.811E-18  -1.907E-14  -1.909E-14
          p    1.851E-15   1.897E-15   8.714E-15   1.246E-14
          t    1.847E-15   1.887E-15  -1.036E-14  -6.624E-15
____________________________________________________________
 mu_z  n                                           -0.000000
 mu_z  p(S)                                         0.000000
 mu_z  p(L)                                         0.000000
 mu_z  p                                            0.000000
 mu_z  t                                           -0.000000
______________________________________________________________________________
 Re Q^m_{ 3 0}     X           Y            Z        total
 Spin     n    6.180E-15   6.673E-15  -2.647E-15   1.021E-14
          p   -5.336E-15  -5.415E-16  -1.526E-14  -2.114E-14
          t    8.444E-16   6.132E-15  -1.791E-14  -1.094E-14
 Orbital  n   -7.959E-15  -6.770E-15   6.923E-14   5.450E-14
          p   -9.132E-15  -8.500E-15   1.154E-14  -6.093E-15
          t   -1.709E-14  -1.527E-14   8.077E-14   4.841E-14
 Total    n   -1.779E-15  -9.673E-17   6.658E-14   6.471E-14
          p   -1.447E-14  -9.041E-15  -3.726E-15  -2.723E-14
          t   -1.625E-14  -9.138E-15   6.286E-14   3.747E-14
 Phys     n   -2.365E-14  -2.553E-14   1.013E-14  -3.905E-14
          p   -3.894E-14  -1.152E-14  -7.373E-14  -1.242E-13
          t   -6.258E-14  -3.706E-14  -6.360E-14  -1.632E-13
______________________________________________________________________________
 Re Q^m_{ 3 2}     X           Y            Z        total
 Spin     n   -5.664E-15   6.042E-15   1.018E-15   1.396E-15
          p    4.937E-15  -4.306E-16  -1.803E-15   2.704E-15
          t   -7.271E-16   5.612E-15  -7.846E-16   4.100E-15
 Orbital  n    2.102E-14  -1.881E-14  -7.242E-16   1.483E-15
          p    5.025E-15  -4.952E-15  -4.670E-16  -3.932E-16
          t    2.604E-14  -2.376E-14  -1.191E-15   1.090E-15
 Total    n    1.535E-14  -1.277E-14   2.937E-16   2.879E-15
          p    9.962E-15  -5.382E-15  -2.270E-15   2.311E-15
          t    2.532E-14  -1.815E-14  -1.976E-15   5.189E-15
 Phys     n    2.167E-14  -2.312E-14  -3.895E-15  -5.341E-15
          p    3.260E-14  -7.357E-15  -1.054E-14   1.471E-14
          t    5.427E-14  -3.047E-14  -1.443E-14   9.369E-15
----------------------------------------------------------------------------
----------------------- Box Size Check -------------------------
 Xmax = (nx+0.5)dx = 11.500 fm,  max(rho(X=Xmax)) =    1.419E-08
 Ymax = (ny+0.5)dx = 11.500 fm,  max(rho(Y=Ymax)) =    1.422E-08
 Zmax = (nz+0.5)dx = 11.500 fm,  max(rho(Z=Zmax)) =    9.351E-09
---------------------Rotational properties--------------------
                Rigid rotor          (hbar^2/MeV)
              n              p              t 
 I_R X       2.0285641      1.8723259      3.9008901
 I_R Y       2.0287177      1.8724457      3.9011634
 I_R Z       1.5426823      1.3898069      2.9324892

                Belyaev                 (hbar^2/MeV) 
              n              p              t 
 I_B X       1.3612012      0.9415681      2.3027694
 I_B Y       1.3609340      0.9413629      2.3022969
 I_B Z       0.0000236      0.0000199      0.0000436

                Belyaev (collective)    (hbar^2/MeV) 
              n              p              t 
 I_B X       0.4455383      0.9415681      1.3871065
 I_B Y       0.4447002      0.9413629      1.3860631
 I_B Z       0.0000001      0.0000199      0.0000200

                 <J^2> - <J>^2          (hbar^2)
              n              p              t 
 J2_X        2.4711062      2.1401488      4.6112550
 J2_Y        2.4697603      2.1390741      4.6088344
 J2_Z        3.1248263      0.0001257      3.1249520
 J2_t        8.0656928      4.2793486     12.3450414

                 <J^2> - <J>^2 (coll.)  (hbar^2)
              n              p              t 
 J2_X        1.2449884      2.1411925      3.3861809
 J2_Y        1.2428773      2.1401625      3.3830397
 J2_Z        0.0000001      0.0000389      0.0000390
 J2_t        2.4878658      4.2813938      6.7692596
------------------------- Angular Momentum (hbar) --------------------------

               Spwfs(*)    Desired     Omega       E (MeV)      Densit. 
  __________________________________________________________________________
   J_x   |     0.00000     0.00000     0.00000    -0.00000     0.00000
   J_y   |     0.00000     0.00000     0.00000    -0.00000     0.00000
   J_z   |     0.00000     0.00000     0.00000    -0.00000     0.00000
  __________________________________________________________________________
   Size  |     0.00000     0.00000     0.00000                 0.00000
  --------------------------------------------------------------------------

   Open spin
               Neutrons   Protons
   _______________________________________________________
   x |   |     0.00000     0.00000
   y |   |     0.00000     0.00000
   z |   |     0.00000     0.00000
   _______________________________________________________
-------------------------- Pairing -------------------------
                          N         P 
 Fermi Level (MeV)    -11.90763978    -9.21265255
 Particles             13.00000000    12.00000000
 Dispersion             0.50000000     1.39730126
 Average gap   v^2      0.00000000     0.60005791
 Average gap   uv              NaN     1.22125148
------------------------------------------------------------
--------------------------------------------------------------------------------
 Skyrme Energy 
                                    Isoscalar      Isovector   |   Total
--------------------------------------------------------------------------------
  E_D_I_I_D_I_I                  -1776.320599       1.100970   -1775.219629
  E_D_I_I_D_Nm_Nm                   41.656232      -0.080785      41.575446
  E_D_I_Sm_D_I_Sm                    0.000000       0.000000       0.000000
  E_D_I_Sm_D_I_Sm_DD                -0.000000      -0.000000      -0.000000
  E_D_I_I_Lap_D_I_I                 73.289443       0.011710      73.301154
  E_D_I_I_D_I_I_DD                1030.923724      -0.545966    1030.377758
  E_C_I_NmSk_C_I_NmSk                0.000000       0.000000       0.000000
  E_C_I_Nm_C_I_Nm                   -0.000000       0.000000      -0.000000
  E_D_I_Sm_Lap_D_I_Sm               -0.000000       0.000000       0.000000
  E_D_I_Sm_D_Nk_NkSm                 0.000000       0.000000       0.000000
  E_D_I_I_Derm_C_I_NxmSxm          -26.100939      -0.022769     -26.123708
  E_C_I_Nm_Derxm_D_I_Sxm            -0.000000      -0.000000      -0.000000
  E_DP_I_I_DP_I_I                                                 -1.583101
  E_CP_I_I_CP_I_I                                                 -0.000000
--------------------------------------------------------------------------------
                 Total Skyrme:                                  -657.672080
                    time-even:                                  -657.672080
                    time-odd :                                     0.000000
--------------------------------------------------------------------------------
--------------------------------------------------------------------------------
                                     neutron        proton         total
                Kinetic Energy:     229.615530     203.407437     433.022967
                    COM 1-body:      -9.184621      -8.136297     -17.320919
                    COM 2-body:       4.077660       3.486723       7.564383
                            ph:       4.077660       3.468112       7.545772
                            pp:       0.000000       0.018611       0.018611
                 Collective T:                                     -2.270189

                 Rotational  T:                                    -2.270189
                 Rotational  X:                                    -1.135148
                 Rotational  Y:                                    -1.134949
                 Rotational  Z:                                    -0.000092

                 Vibrational T:                                     0.000000
                 Vibrational X:                                    -0.000000
                 Vibrational Y:                                    -0.000000
                 Vibrational Z:                                    -0.000000


                Coulomb Direct:       0.000000      32.922328      32.922328
                      Exchange:       0.000000       0.000000       0.000000

               Pairing (delta):      -0.000000      -1.583101      -1.583101
               Pairing (densi):                                    -1.583101
--------------------------------------------------------------------------------
                  Total energy:                                  -203.753509
                    from spwfs:                                  -203.753509
                   E_fu - E_sp:                                -0.957055E-07
                   (no corr.) :                                  -209.047703
                      Routhian:                                  -203.753509
                         dE   :                                -0.822408E-03
                         dR   :                                -0.822408E-03
--------------------------------------------------------------------------------
 Iteration =   31
 dt    =   0.0380      mu   =   0.8623 gradn =    0.000E+00 D2H  =    2.574E-09
 E     =   -203.754    DE   =  0.62134E-10
 R     =   -203.754    DR   =  0.62134E-10
 R-E   =      0.000  D(R-E) =  0.00000E+00
 dmun  =  5.0E-03      dmup=  8.6E-08
 RQ20t =      25.3362   dQ =  3.3E-08  L =       0.0000   dL =  0.0E+00  dev =  0.0E+00
 RQ22t =       0.0043   dQ = -5.9E-05  L =       0.0000   dL =  0.0E+00  dev =  0.0E+00
 Jz    =       0.0000   dJZ=  4.0E-15 Om =       0.0000   dO =  0.0E+00  dev =  0.0E+00
--------------------------------------------------------------------------------------
 : Warning N(eps_F) decreases 
 A =  -11.90263978 FA =    -0.00000000 B =  -11.87263978 FB =    -0.00000000
 : Warning N(eps_F) decreases 
 A =  -11.90263978 FA =    -0.00000000 B =  -11.84263978 FB =    -0.00000000
 Iteration =   32
 dt    =   0.0380      mu   =   0.8627 gradn =    0.000E+00 D2H  =    2.500E-09
 E     =   -203.754    DE   =  0.78563E-10
 R     =   -203.754    DR   =  0.78563E-10
 R-E   =      0.000  D(R-E) =  0.00000E+00
 dmun  =  6.4E-02      dmup=  4.9E-08
 RQ20t =      25.3362   dQ =  2.7E-08  L =       0.0000   dL =  0.0E+00  dev =  0.0E+00
 RQ22t =       0.0043   dQ = -5.8E-05  L =       0.0000   dL =  0.0E+00  dev =  0.0E+00
 Jz    =       0.0000   dJZ= -5.0E-15 Om =       0.0000   dO =  0.0E+00  dev =  0.0E+00
--------------------------------------------------------------------------------------
 : Warning N(eps_F) decreases 
 A =  -11.84875089 FA =     0.00000000 B =  -11.83875089 FB =     0.00000000
 Iteration =   33
 dt    =   0.0381      mu   =   0.8680 gradn =    0.000E+00 D2H  =    2.428E-09
 E     =   -203.754    DE   =  0.50345E-10
 R     =   -203.754    DR   =  0.50345E-10
 R-E   =      0.000  D(R-E) =  0.00000E+00
 dmun  = -2.0E-02      dmup= -5.4E-09
 RQ20t =      25.3362   dQ =  1.7E-08  L =       0.0000   dL =  0.0E+00  dev =  0.0E+00
 RQ22t =       0.0042   dQ = -5.8E-05  L =       0.0000   dL =  0.0E+00  dev =  0.0E+00
 Jz    =       0.0000   dJZ= -2.1E-14 Om =       0.0000   dO =  0.0E+00  dev =  0.0E+00
--------------------------------------------------------------------------------------
 Iteration =   34
 dt    =   0.0380      mu   =   0.8663 gradn =    0.000E+00 D2H  =    2.352E-09
 E     =   -203.754    DE   =  0.37773E-11
 R     =   -203.754    DR   =  0.37773E-11
 R-E   =      0.000  D(R-E) =  0.00000E+00
 dmun  =  0.0E+00      dmup= -5.3E-08
 RQ20t =      25.3362   dQ =  5.1E-09  L =       0.0000   dL =  0.0E+00  dev =  0.0E+00
 RQ22t =       0.0041   dQ = -5.8E-05  L =       0.0000   dL =  0.0E+00  dev =  0.0E+00
 Jz    =       0.0000   dJZ=  1.6E-14 Om =       0.0000   dO =  0.0E+00  dev =  0.0E+00
--------------------------------------------------------------------------------------
 Iteration =   35
 dt    =   0.0380      mu   =   0.8663 gradn =    0.000E+00 D2H  =    2.282E-09
 E     =   -203.754    DE   = -0.55823E-10
 R     =   -203.754    DR   = -0.55823E-10
 R-E   =      0.000  D(R-E) =  0.00000E+00
 dmun  =  0.0E+00      dmup= -7.3E-08
 RQ20t =      25.3362   dQ = -4.4E-09  L =       0.0000   dL =  0.0E+00  dev =  0.0E+00
 RQ22t =       0.0041   dQ = -5.7E-05  L =       0.0000   dL =  0.0E+00  dev =  0.0E+00
 Jz    =       0.0000   dJZ=  2.4E-15 Om =       0.0000   dO =  0.0E+00  dev =  0.0E+00
--------------------------------------------------------------------------------------
 Iteration =   36
 dt    =   0.0380      mu   =   0.8663 gradn =    0.000E+00 D2H  =    2.211E-09
 E     =   -203.754    DE   = -0.80066E-10
 R     =   -203.754    DR   = -0.80066E-10
 R-E   =      0.000  D(R-E) =  0.00000E+00
 dmun  =  0.0E+00      dmup= -5.9E-08
 RQ20t =      25.3362   dQ = -9.0E-09  L =       0.0000   dL =  0.0E+00  dev =  0.0E+00
 RQ22t =       0.0040   dQ = -5.7E-05  L =       0.0000   dL =  0.0E+00  dev =  0.0E+00
 Jz    =       0.0000   dJZ=  7.1E-15 Om =       0.0000   dO =  0.0E+00  dev =  0.0E+00
--------------------------------------------------------------------------------------
 Iteration =   37
 dt    =   0.0380      mu   =   0.8663 gradn =    0.000E+00 D2H  =    2.142E-09
 E     =   -203.754    DE   = -0.74621E-10
 R     =   -203.754    DR   = -0.74621E-10
 R-E   =      0.000  D(R-E) =  0.00000E+00
 dmun  =  3.0E-02      dmup= -1.8E-08
 RQ20t =      25.3362   dQ = -7.8E-09  L =       0.0000   dL =  0.0E+00  dev =  0.0E+00
 RQ22t =       0.0040   dQ = -5.6E-05  L =       0.0000   dL =  0.0E+00  dev =  0.0E+00
 Jz    =       0.0000   dJZ= -5.1E-16 Om =       0.0000   dO =  0.0E+00  dev =  0.0E+00
--------------------------------------------------------------------------------------
 Iteration =   38
 dt    =   0.0381      mu   =   0.8688 gradn =    0.000E+00 D2H  =    2.079E-09
 E     =   -203.754    DE   = -0.47529E-10
 R     =   -203.754    DR   = -0.47529E-10
 R-E   =      0.000  D(R-E) =  0.00000E+00
 dmun  =  3.5E-03      dmup=  2.9E-08
 RQ20t =      25.3362   dQ = -2.1E-09  L =       0.0000   dL =  0.0E+00  dev =  0.0E+00
 RQ22t =       0.0039   dQ = -5.6E-05  L =       0.0000   dL =  0.0E+00  dev =  0.0E+00
 Jz    =       0.0000   dJZ= -9.3E-15 Om =       0.0000   dO =  0.0E+00  dev =  0.0E+00
--------------------------------------------------------------------------------------
 Iteration =   39
 dt    =   0.0381      mu   =   0.8691 gradn =    0.000E+00 D2H  =    2.016E-09
 E     =   -203.754    DE   = -0.26237E-11
 R     =   -203.754    DR   = -0.26237E-11
 R-E   =      0.000  D(R-E) =  0.00000E+00
 dmun  = -8.4E-03      dmup=  6.1E-08
 RQ20t =      25.3362   dQ =  5.2E-09  L =       0.0000   dL =  0.0E+00  dev =  0.0E+00
 RQ22t =       0.0039   dQ = -5.6E-05  L =       0.0000   dL =  0.0E+00  dev =  0.0E+00
 Jz    =       0.0000   dJZ=  2.9E-15 Om =       0.0000   dO =  0.0E+00  dev =  0.0E+00
--------------------------------------------------------------------------------------
--------------------------------------------------------------------------------------
                              Iteration =    40

--------------------- Hartree-Fock basis-------------------------------------------------------------------
__________________________________________________________________________________________________________
   Neutron wavefunctions
  i     P   Rz   occ          E       d2h    Delta |   JxT    JyT    Jz      J   |   SxT    SyT    Sz
----------------------------------------------------------------------------------------------------------
  9  1.00 -1.0  1.0000     -38.084  5.0E-11   0.00 |   0.50   0.50  -0.50   0.52 |   0.50   0.50  -0.50
  1  1.00  1.0  1.0000     -38.084  5.3E-11   0.00 |  -0.50   0.50   0.50   0.52 |  -0.50   0.50   0.50
 29 -1.00 -1.0  1.0000     -27.095  1.0E-10   0.00 |   0.84   0.84  -0.50   1.44 |   0.46   0.46  -0.43
 17 -1.00  1.0  1.0000     -27.095  1.0E-10   0.00 |  -0.84   0.84   0.50   1.44 |  -0.46   0.46   0.43
 31 -1.00 -1.0  1.0000     -24.087  2.4E-09   0.00 |  -0.00   0.00   1.50   1.52 |  -0.00   0.00   0.50
 19 -1.00  1.0  1.0000     -24.087  2.4E-09   0.00 |   0.00   0.00  -1.50   1.52 |   0.00   0.00  -0.50
 25 -1.00  1.0  1.0000     -19.598  2.3E-09   0.00 |   0.34  -0.34   0.50   0.68 |  -0.04   0.04  -0.43
 37 -1.00 -1.0  1.0000     -19.598  2.3E-09   0.00 |  -0.34  -0.34  -0.50   0.68 |   0.04   0.04   0.43
 10  1.00 -1.0  1.0000     -15.687  6.7E-10   0.00 |   1.28   1.28  -0.50   2.27 |   0.40   0.40  -0.29
  2  1.00  1.0  1.0000     -15.687  6.7E-10   0.00 |  -1.28   1.28   0.50   2.27 |  -0.40   0.40   0.29
  3  1.00  1.0  1.0000     -13.777  1.8E-09   0.00 |   0.00  -0.00  -1.50   2.49 |   0.00  -0.00  -0.43
 11  1.00 -1.0  1.0000     -13.777  1.8E-09   0.00 |  -0.00  -0.00   1.50   2.49 |  -0.00  -0.00   0.43
 12  1.00 -1.0  0.5000     -11.112  8.4E-09   0.00 |   0.00   0.00  -2.50   2.52 |  -0.00  -0.00  -0.50
  4  1.00  1.0  0.5000     -11.112  8.4E-09   0.00 |  -0.00   0.00   2.50   2.52 |   0.00  -0.00   0.50
  5  1.00  1.0  0.0000      -9.251  8.2E-09   0.00 |  -0.47   0.47   0.50   1.25 |  -0.34   0.34   0.18
 13  1.00 -1.0  0.0000      -9.251  8.2E-09   0.00 |   0.47   0.47  -0.50   1.25 |   0.34   0.34  -0.18
 14  1.00 -1.0  0.0000      -6.322  4.3E-09   0.00 |  -0.75  -0.75  -0.50   1.40 |   0.27   0.27  -0.03
  6  1.00  1.0  0.0000      -6.322  4.3E-09   0.00 |   0.75  -0.75   0.50   1.40 |  -0.27   0.27   0.03
 20 -1.00  1.0  0.0000      -4.459  1.7E-09   0.00 |  -1.60   1.60   0.50   2.95 |  -0.37   0.37   0.24
 32 -1.00 -1.0  0.0000      -4.459  1.7E-09   0.00 |   1.60   1.60  -0.50   2.95 |   0.37   0.37  -0.24
 15  1.00 -1.0  0.0000      -3.667  3.1E-09   0.00 |   0.00   0.00   1.50   1.57 |   0.00   0.00  -0.43
  7  1.00  1.0  0.0000      -3.667  3.1E-09   0.00 |  -0.00   0.00  -1.50   1.57 |  -0.00   0.00   0.43
 21 -1.00  1.0  0.0000      -2.906  4.1E-09   0.00 |   0.00  -0.00  -1.50   3.31 |   0.00  -0.00  -0.36
 33 -1.00 -1.0  0.0000      -2.906  4.1E-09   0.00 |  -0.00  -0.00   1.50   3.31 |  -0.00  -0.00   0.36
 34 -1.00 -1.0  0.0000      -0.830  1.7E-07   0.00 |   0.00   0.00  -2.50   3.50 |  -0.00  -0.00  -0.45
 22 -1.00  1.0  0.0000      -0.830  1.7E-07   0.00 |  -0.00   0.00   2.50   3.50 |   0.00  -0.00   0.45
 35 -1.00 -1.0  0.0000      -0.233  1.7E-07   0.00 |   0.67   0.67  -0.50   2.01 |   0.40   0.40  -0.31
 23 -1.00  1.0  0.0000      -0.233  1.7E-07   0.00 |  -0.67   0.67   0.50   2.01 |  -0.40   0.40   0.31
 28 -1.00  1.0  0.0000       0.889  1.3E-04   0.00 |   0.40   0.45  -1.19   1.96 |   0.35   0.35  -0.49
 40  1.00 -1.0  0.0000       0.889  1.3E-04   0.00 |  -0.40   0.45   1.19   1.96 |  -0.35   0.35   0.49
 24 -1.00  1.0  0.0000       0.911  1.5E-04   0.00 |  -0.56  -0.30   0.18   1.69 |  -0.36  -0.34  -0.48
 36 -1.00 -1.0  0.0000       0.911  1.5E-04   0.00 |   0.56  -0.30  -0.18   1.69 |   0.36  -0.34   0.48
 27 -1.00  1.0  0.0000       1.039  1.8E-05   0.00 |   0.50  -0.49   0.49   2.22 |   0.50  -0.50   0.50
 39 -1.00 -1.0  0.0000       1.039  1.8E-05   0.00 |  -0.50  -0.49  -0.49   2.22 |  -0.50  -0.50  -0.50
  8  1.00  1.0  0.0000       1.043  1.8E-06   0.00 |   0.14   0.16   0.47   2.05 |   0.13   0.13  -0.50
 16 -1.00 -1.0  0.0000       1.043  1.8E-06   0.00 |  -0.14   0.16  -0.47   2.05 |  -0.13   0.13   0.50
 30 -1.00 -1.0  0.0000       1.606  1.2E-04   0.00 |   0.49   0.49  -0.45   2.18 |   0.48   0.48  -0.45
 18 -1.00  1.0  0.0000       1.606  1.2E-04   0.00 |  -0.49   0.49   0.45   2.18 |  -0.48   0.48   0.45
 26 -1.00  1.0  0.0000       1.721  1.2E-04   0.00 |  -0.00   0.00  -3.42   3.50 |  -0.01   0.01  -0.49
 38 -1.00 -1.0  0.0000       1.721  1.2E-04   0.00 |   0.00   0.00   3.42   3.50 |   0.01   0.01   0.49
__________________________________________________________________________________________________________
   Proton  wavefunctions
  i     P   Rz   occ          E       d2h    Delta |   JxT    JyT    Jz      J   |   SxT    SyT    Sz
----------------------------------------------------------------------------------------------------------
 49  1.00 -1.0  1.0000     -34.316  6.6E-11   0.00 |   0.50   0.50  -0.50   0.52 |   0.50   0.50  -0.50
 41  1.00  1.0  1.0000     -34.316  7.5E-11   0.00 |  -0.50   0.50   0.50   0.52 |  -0.50   0.50   0.50
 57 -1.00  1.0  1.0000     -23.439  2.7E-10   0.00 |  -0.85   0.85   0.50   1.44 |  -0.46   0.46   0.42
 69 -1.00 -1.0  1.0000     -23.439  2.7E-10   0.00 |   0.85   0.85  -0.50   1.44 |   0.46   0.46  -0.42
 59 -1.00  1.0  1.0000     -20.861  3.1E-09   0.02 |   0.00   0.00  -1.50   1.52 |   0.00   0.00  -0.50
 71 -1.00 -1.0  1.0000     -20.861  3.1E-09   0.02 |  -0.00   0.00   1.50   1.52 |  -0.00   0.00   0.50
 65 -1.00  1.0  0.9948     -16.372  2.8E-09   1.04 |   0.35  -0.35   0.50   0.67 |  -0.04   0.04  -0.42
 77 -1.00 -1.0  0.9948     -16.372  2.8E-09   1.04 |  -0.35  -0.35  -0.50   0.67 |   0.04   0.04   0.42
 50  1.00 -1.0  0.9625     -12.115  2.0E-09   1.19 |   1.30   1.30  -0.50   2.29 |   0.39   0.39  -0.28
 42  1.00  1.0  0.9625     -12.115  2.0E-09   1.19 |  -1.30   1.30   0.50   2.29 |  -0.39   0.39   0.28
 51  1.00 -1.0  0.8393     -10.456  3.4E-09   1.35 |  -0.00  -0.00   1.50   2.49 |  -0.00  -0.00   0.43
 43  1.00  1.0  0.8393     -10.456  3.4E-09   1.35 |   0.00  -0.00  -1.50   2.49 |   0.00  -0.00  -0.43
 52  1.00 -1.0  0.1721      -8.027  9.6E-09   1.36 |   0.00   0.00  -2.50   2.52 |  -0.00  -0.00  -0.50
 44  1.00  1.0  0.1721      -8.027  9.6E-09   1.36 |  -0.00   0.00   2.50   2.52 |   0.00  -0.00   0.50
 53  1.00 -1.0  0.0224      -5.772  9.4E-09   1.06 |   0.43   0.43  -0.50   1.21 |   0.34   0.34  -0.18
 45  1.00  1.0  0.0224      -5.772  9.4E-09   1.06 |  -0.43   0.43   0.50   1.21 |  -0.34   0.34   0.18
 54  1.00 -1.0  0.0079      -3.087  8.4E-09   1.09 |  -0.73  -0.73  -0.50   1.39 |   0.27   0.27  -0.04
 46  1.00  1.0  0.0079      -3.087  8.4E-09   1.09 |   0.73  -0.73   0.50   1.39 |  -0.27   0.27   0.04
 60 -1.00  1.0  0.0005      -0.944  4.2E-09   0.38 |  -1.62   1.62   0.50   2.98 |  -0.37   0.37   0.23
 72 -1.00 -1.0  0.0005      -0.944  4.2E-09   0.38 |   1.62   1.62  -0.50   2.98 |   0.37   0.37  -0.23
 55  1.00 -1.0  0.0005      -0.685  7.0E-09   0.37 |   0.00   0.00   1.50   1.57 |   0.00   0.00  -0.43
 47  1.00  1.0  0.0005      -0.685  7.0E-09   0.37 |  -0.00   0.00  -1.50   1.57 |  -0.00   0.00   0.43
 61 -1.00  1.0  0.0000       0.453  7.4E-09   0.11 |   0.00  -0.00  -1.50   3.30 |   0.00  -0.00  -0.36
 73 -1.00 -1.0  0.0000       0.453  7.4E-09   0.11 |  -0.00  -0.00   1.50   3.30 |  -0.00  -0.00   0.36
 67 -1.00  1.0  0.0000       2.139  1.0E-06   0.00 |   0.48  -0.48   0.60   2.25 |   0.48  -0.48   0.50
 79 -1.00 -1.0  0.0000       2.139  1.0E-06   0.00 |  -0.48  -0.48  -0.60   2.25 |  -0.48  -0.48  -0.50
 48  1.00  1.0  0.0000       2.361  3.7E-07   0.00 |   0.12   0.12   0.49   2.11 |   0.11   0.11  -0.50
 56 -1.00 -1.0  0.0000       2.361  3.7E-07   0.00 |  -0.12   0.12  -0.49   2.11 |  -0.11   0.11   0.50
 62 -1.00  1.0  0.0000       2.400  2.7E-05   0.02 |   0.01  -0.00   2.38   3.44 |   0.01  -0.01   0.45
 74 -1.00 -1.0  0.0000       2.400  2.7E-05   0.02 |  -0.01  -0.00  -2.38   3.44 |  -0.01  -0.01  -0.45
 75 -1.00 -1.0  0.0000       2.477  2.9E-05   0.01 |   0.25   0.27  -0.51   1.88 |   0.44   0.43  -0.37
 63 -1.00  1.0  0.0000       2.477  2.9E-05   0.01 |  -0.25   0.27   0.51   1.88 |  -0.44   0.43   0.37
 68 -1.00  1.0  0.0000       2.662  5.7E-06   0.00 |   0.52   0.78  -0.75   2.15 |   0.46   0.48  -0.48
 80 -1.00 -1.0  0.0000       2.662  5.7E-06   0.00 |  -0.52   0.78   0.75   2.15 |  -0.46   0.48   0.48
 64 -1.00  1.0  0.0000       2.663  3.0E-06   0.00 |  -0.90  -0.43  -0.25   2.09 |  -0.49  -0.45  -0.46
 76 -1.00 -1.0  0.0000       2.663  3.0E-06   0.00 |   0.90  -0.43   0.25   2.09 |   0.49  -0.45   0.46
 78 -1.00 -1.0  0.0000       3.762  1.5E-08   0.00 |   0.63   0.63  -0.50   2.36 |   0.44   0.44  -0.37
 66 -1.00  1.0  0.0000       3.762  1.5E-08   0.00 |  -0.63   0.63   0.50   2.36 |  -0.44   0.44   0.37
 70 -1.00 -1.0  0.0000       4.669  1.3E-06   0.00 |   0.00   0.00   3.21   3.60 |   0.00   0.00   0.50
 58 -1.00  1.0  0.0000       4.669  1.3E-06   0.00 |  -0.00   0.00  -3.21   3.60 |  -0.00   0.00  -0.50
----------------------------------------------------------------------------------------------------------
--------------------- Canonical    basis-------------------------------------------------------------------
__________________________________________________________________________________________________________
   Neutron wavefunctions
  i     P   Rz   occ          E       d2h    Delta |   JxT    JyT    Jz      J   |   SxT    SyT    Sz
----------------------------------------------------------------------------------------------------------
  9  1.00 -1.0  1.0000     -38.084  0.0E+00   0.00 |   0.50   0.50  -0.50   0.52 |   0.50   0.50  -0.50
  1  1.00  1.0  1.0000     -38.084  0.0E+00   0.00 |  -0.50   0.50   0.50   0.52 |  -0.50   0.50   0.50
 29 -1.00 -1.0  1.0000     -27.095  0.0E+00   0.00 |   0.84   0.84  -0.50   1.44 |   0.46   0.46  -0.43
 17 -1.00  1.0  1.0000     -27.095  0.0E+00   0.00 |  -0.84   0.84   0.50   1.44 |  -0.46   0.46   0.43
 31 -1.00 -1.0  1.0000     -24.087  0.0E+00   0.00 |  -0.00   0.00   1.50   1.52 |  -0.00   0.00   0.50
 19 -1.00  1.0  1.0000     -24.087  0.0E+00   0.00 |   0.00   0.00  -1.50   1.52 |   0.00   0.00  -0.50
 25 -1.00  1.0  1.0000     -19.598  0.0E+00   0.00 |   0.34  -0.34   0.50   0.68 |  -0.04   0.04  -0.43
 37 -1.00 -1.0  1.0000     -19.598  0.0E+00   0.00 |  -0.34  -0.34  -0.50   0.68 |   0.04   0.04   0.43
 10  1.00 -1.0  1.0000     -15.687  0.0E+00   0.00 |   1.28   1.28  -0.50   2.27 |   0.40   0.40  -0.29
  2  1.00  1.0  1.0000     -15.687  0.0E+00   0.00 |  -1.28   1.28   0.50   2.27 |  -0.40   0.40   0.29
  3  1.00  1.0  1.0000 *   -13.777  0.0E+00   0.00 |   0.00  -0.00  -1.50   2.49 |   0.00  -0.00  -0.43
 11  1.00 -1.0  1.0000     -13.777  0.0E+00   0.00 |  -0.00  -0.00   1.50   2.49 |  -0.00  -0.00   0.43
 12  1.00 -1.0  0.5000     -11.112  0.0E+00   0.00 |   0.00   0.00  -2.50   2.52 |  -0.00  -0.00  -0.50
  4  1.00  1.0  0.5000     -11.112  0.0E+00   0.00 |  -0.00   0.00   2.50   2.52 |   0.00  -0.00   0.50
  5  1.00  1.0  0.0000      -9.251  0.0E+00   0.00 |  -0.47   0.47   0.50   1.25 |  -0.34   0.34   0.18
 13  1.00 -1.0  0.0000      -9.251  0.0E+00   0.00 |   0.47   0.47  -0.50   1.25 |   0.34   0.34  -0.18
 14  1.00 -1.0  0.0000      -6.322  0.0E+00   0.00 |  -0.75  -0.75  -0.50   1.40 |   0.27   0.27  -0.03
  6  1.00  1.0  0.0000      -6.322  0.0E+00   0.00 |   0.75  -0.75   0.50   1.40 |  -0.27   0.27   0.03
 28 -1.00  1.0  0.0000      -4.459  0.0E+00   0.00 |  -1.60   1.60   0.50   2.95 |  -0.37   0.37   0.24
 40  1.00 -1.0  0.0000      -4.459  0.0E+00   0.00 |   1.60   1.60  -0.50   2.95 |   0.37   0.37  -0.24
 15  1.00 -1.0  0.0000      -3.667  0.0E+00   0.00 |   0.00   0.00   1.50   1.57 |   0.00   0.00  -0.43
  7  1.00  1.0  0.0000      -3.667  0.0E+00   0.00 |  -0.00   0.00  -1.50   1.57 |  -0.00   0.00   0.43
 21 -1.00  1.0  0.0000      -2.906  0.0E+00   0.00 |   0.00  -0.00  -1.50   3.31 |   0.00  -0.00  -0.36
 33 -1.00 -1.0  0.0000      -2.906  0.0E+00   0.00 |  -0.00  -0.00   1.50   3.31 |  -0.00  -0.00   0.36
 34 -1.00 -1.0  0.0000      -0.830  0.0E+00   0.00 |   0.00   0.00  -2.50   3.50 |  -0.00  -0.00  -0.45
 22 -1.00  1.0  0.0000      -0.830  0.0E+00   0.00 |  -0.00   0.00   2.50   3.50 |   0.00  -0.00   0.45
 35 -1.00 -1.0  0.0000      -0.233  0.0E+00   0.00 |   0.67   0.67  -0.50   2.01 |   0.40   0.40  -0.31
 23 -1.00  1.0  0.0000      -0.233  0.0E+00   0.00 |  -0.67   0.67   0.50   2.01 |  -0.40   0.40   0.31
 20 -1.00  1.0  0.0000       0.889  0.0E+00   0.00 |   0.40   0.45  -1.19   1.96 |   0.35   0.35  -0.49
 32 -1.00 -1.0  0.0000       0.889  0.0E+00   0.00 |  -0.40   0.45   1.19   1.96 |  -0.35   0.35   0.49
 24 -1.00  1.0  0.0000       0.911  0.0E+00   0.00 |  -0.56  -0.30   0.18   1.69 |  -0.36  -0.34  -0.48
 36 -1.00 -1.0  0.0000       0.911  0.0E+00   0.00 |   0.56  -0.30  -0.18   1.69 |   0.36  -0.34   0.48
 27 -1.00  1.0  0.0000       1.039  0.0E+00   0.00 |   0.50  -0.49   0.49   2.22 |   0.50  -0.50   0.50
 39 -1.00 -1.0  0.0000       1.039  0.0E+00   0.00 |  -0.50  -0.49  -0.49   2.22 |  -0.50  -0.50  -0.50
  8  1.00  1.0  0.0000       1.043  0.0E+00   0.00 |   0.14   0.16   0.47   2.05 |   0.13   0.13  -0.50
 16 -1.00 -1.0  0.0000       1.043  0.0E+00   0.00 |  -0.14   0.16  -0.47   2.05 |  -0.13   0.13   0.50
 30 -1.00 -1.0  0.0000       1.606  0.0E+00   0.00 |   0.49   0.49  -0.45   2.18 |   0.48   0.48  -0.45
 18 -1.00  1.0  0.0000       1.606  0.0E+00   0.00 |  -0.49   0.49   0.45   2.18 |  -0.48   0.48   0.45
 26 -1.00  1.0  0.0000       1.721  0.0E+00   0.00 |  -0.00   0.00  -3.42   3.50 |  -0.01   0.01  -0.49
 38 -1.00 -1.0  0.0000       1.721  0.0E+00   0.00 |   0.00   0.00   3.42   3.50 |   0.01   0.01   0.49
__________________________________________________________________________________________________________
   Proton  wavefunctions
  i     P   Rz   occ          E       d2h    Delta |   JxT    JyT    Jz      J   |   SxT    SyT    Sz
----------------------------------------------------------------------------------------------------------
 49  1.00 -1.0  1.0000     -34.316  0.0E+00   0.00 |   0.50   0.50  -0.50   0.52 |   0.50   0.50  -0.50
 41  1.00  1.0  1.0000     -34.316  0.0E+00  -0.00 |  -0.50   0.50   0.50   0.52 |  -0.50   0.50   0.50
 57 -1.00  1.0  1.0000     -23.439  0.0E+00  -0.00 |  -0.85   0.85   0.50   1.44 |  -0.46   0.46   0.42
 69 -1.00 -1.0  1.0000     -23.439  0.0E+00   0.00 |   0.85   0.85  -0.50   1.44 |   0.46   0.46  -0.42
 59 -1.00  1.0  1.0000     -20.861  0.0E+00  -0.02 |   0.00   0.00  -1.50   1.52 |   0.00   0.00  -0.50
 71 -1.00 -1.0  1.0000     -20.861  0.0E+00   0.02 |  -0.00   0.00   1.50   1.52 |  -0.00   0.00   0.50
 65 -1.00  1.0  0.9948     -16.372  0.0E+00  -1.04 |   0.35  -0.35   0.50   0.67 |  -0.04   0.04  -0.42
 77 -1.00 -1.0  0.9948     -16.372  0.0E+00   1.04 |  -0.35  -0.35  -0.50   0.67 |   0.04   0.04   0.42
 50  1.00 -1.0  0.9625     -12.115  0.0E+00   1.19 |   1.30   1.30  -0.50   2.29 |   0.39   0.39  -0.28
 42  1.00  1.0  0.9625     -12.115  0.0E+00  -1.19 |  -1.30   1.30   0.50   2.29 |  -0.39   0.39   0.28
 51  1.00 -1.0  0.8393     -10.456  0.0E+00   1.35 |  -0.00  -0.00   1.50   2.49 |  -0.00  -0.00   0.43
 43  1.00  1.0  0.8393     -10.456  0.0E+00  -1.35 |   0.00  -0.00  -1.50   2.49 |   0.00  -0.00  -0.43
 52  1.00 -1.0  0.1721      -8.027  0.0E+00   1.36 |   0.00   0.00  -2.50   2.52 |  -0.00  -0.00  -0.50
 44  1.00  1.0  0.1721      -8.027  0.0E+00  -1.36 |  -0.00   0.00   2.50   2.52 |   0.00  -0.00   0.50
 53  1.00 -1.0  0.0224      -5.772  0.0E+00   1.06 |   0.43   0.43  -0.50   1.21 |   0.34   0.34  -0.18
 45  1.00  1.0  0.0224      -5.772  0.0E+00  -1.06 |  -0.43   0.43   0.50   1.21 |  -0.34   0.34   0.18
 54  1.00 -1.0  0.0079      -3.087  0.0E+00   1.09 |  -0.73  -0.73  -0.50   1.39 |   0.27   0.27  -0.04
 46  1.00  1.0  0.0079      -3.087  0.0E+00  -1.09 |   0.73  -0.73   0.50   1.39 |  -0.27   0.27   0.04
 68 -1.00  1.0  0.0005      -0.944  0.0E+00  -0.38 |  -1.62   1.62   0.50   2.98 |  -0.37   0.37   0.23
 80 -1.00 -1.0  0.0005      -0.944  0.0E+00   0.38 |   1.62   1.62  -0.50   2.98 |   0.37   0.37  -0.23
 55  1.00 -1.0  0.0005      -0.685  0.0E+00   0.37 |   0.00   0.00   1.50   1.57 |   0.00   0.00  -0.43
 47  1.00  1.0  0.0005      -0.685  0.0E+00  -0.37 |  -0.00   0.00  -1.50   1.57 |  -0.00   0.00   0.43
 61 -1.00  1.0  0.0000       0.453  0.0E+00  -0.11 |   0.00  -0.00  -1.50   3.30 |   0.00  -0.00  -0.36
 73 -1.00 -1.0  0.0000       0.453  0.0E+00   0.11 |  -0.00  -0.00   1.50   3.30 |  -0.00  -0.00   0.36
 67 -1.00  1.0  0.0000       2.139  0.0E+00  -0.00 |   0.48  -0.48   0.60   2.25 |   0.48  -0.48   0.50
 79 -1.00 -1.0  0.0000       2.139  0.0E+00   0.00 |  -0.48  -0.48  -0.60   2.25 |  -0.48  -0.48  -0.50
 48  1.00  1.0  0.0000       2.361  0.0E+00  -0.00 |   0.12   0.12   0.49   2.11 |   0.11   0.11  -0.50
 56 -1.00 -1.0  0.0000       2.361  0.0E+00   0.00 |  -0.12   0.12  -0.49   2.11 |  -0.11   0.11   0.50
 62 -1.00  1.0  0.0000       2.400  0.0E+00  -0.02 |   0.01  -0.00   2.38   3.44 |   0.01  -0.01   0.45
 74 -1.00 -1.0  0.0000       2.400  0.0E+00   0.02 |  -0.01  -0.00  -2.38   3.44 |  -0.01  -0.01  -0.45
 75 -1.00 -1.0  0.0000       2.477  0.0E+00   0.00 |   0.25   0.27  -0.51   1.88 |   0.44   0.43  -0.37
 63 -1.00  1.0  0.0000       2.477  0.0E+00  -0.00 |  -0.25   0.27   0.51   1.88 |  -0.44   0.43   0.37
 60 -1.00  1.0  0.0000       2.662  0.0E+00  -0.00 |   0.52   0.78  -0.75   2.15 |   0.46   0.48  -0.48
 72 -1.00 -1.0  0.0000       2.662  0.0E+00   0.00 |  -0.52   0.78   0.75   2.15 |  -0.46   0.48   0.48
 64 -1.00  1.0  0.0000       2.663  0.0E+00  -0.00 |  -0.90  -0.43  -0.25   2.09 |  -0.49  -0.45  -0.46
 76 -1.00 -1.0  0.0000       2.663  0.0E+00   0.00 |   0.90  -0.43   0.25   2.09 |   0.49  -0.45   0.46
 78 -1.00 -1.0  0.0000       3.762  0.0E+00   0.00 |   0.63   0.63  -0.50   2.36 |   0.44   0.44  -0.37
 66 -1.00  1.0  0.0000       3.762  0.0E+00  -0.00 |  -0.63   0.63   0.50   2.36 |  -0.44   0.44   0.37
 70 -1.00 -1.0  0.0000       4.669  0.0E+00   0.00 |   0.00   0.00   3.21   3.60 |   0.00   0.00   0.50
 58 -1.00  1.0  0.0000       4.669  0.0E+00  -0.00 |  -0.00   0.00  -3.21   3.60 |  -0.00   0.00  -0.50
----------------------------------------------------------------------------------------------------------
---------------------------------Quasiparticles---------------------------------
Block 1:  P=+1  neutrons
  N      Eqp       f_n      |   U   V  |   B  P  ov_TR |    JxT    JyT    Jz
________________________________________________________________________________
  1    -26.23      0.00E+00 |    1   0 |   -  -  0.000 |    0.00   0.00   0.50
  2    -12.90      0.00E+00 |    0  16 |   -  -  0.000 |    0.00   0.00   0.47
  3     -8.19      0.00E+00 |    0  15 |   -  -  0.000 |    0.00   0.00  -1.50
  4     -5.53      0.00E+00 |    0  14 |   -  -  0.000 |    0.00   0.00   0.50
  5     -3.83      0.00E+00 |    2   0 |   -  -  0.000 |    0.00   0.00   0.50
  6     -2.60      0.00E+00 |    0  13 |   -  -  0.000 |    0.00   0.00   0.50
  7     -1.92      0.00E+00 |    3   0 |   -  -  0.000 |    0.00   0.00  -1.50
  8     -0.74      5.00E-01 |    0  12 |   -  -  0.000 |    0.00   0.00   2.50
  9    -26.23      0.00E+00 |    9   0 |   -  -  0.000 |    0.00   0.00  -0.50
 10    -12.90      0.00E+00 |    0   8 |   -  -  0.000 |    0.00   0.00  -0.47
 11     -8.19      0.00E+00 |    0   7 |   -  -  0.000 |    0.00   0.00   1.50
 12     -5.53      0.00E+00 |    0   6 |   -  -  0.000 |    0.00   0.00  -0.50
 13     -3.83      0.00E+00 |   10   0 |   -  -  0.000 |    0.00   0.00  -0.50
 14     -2.60      0.00E+00 |    0   5 |   -  -  0.000 |    0.00   0.00  -0.50
 15     -1.92      0.00E+00 |   11   0 |   -  -  0.000 |    0.00   0.00   1.50
 16     -0.74      5.00E-01 |    0   4 |   -  -  0.000 |    0.00   0.00  -2.50
 17      0.74      5.00E-01 |    4   0 |   B  -  1.000 |    0.00   0.00   2.50
 18      1.92      1.00E+00 |    0  11 |   -  -  0.000 |    0.00   0.00  -1.50
 19      2.60      1.00E+00 |    5   0 |   -  -  0.000 |    0.00   0.00   0.50
 20      3.83      1.00E+00 |    0  10 |   -  -  0.000 |    0.00   0.00   0.50
 21      5.53      1.00E+00 |    6   0 |   -  -  0.000 |    0.00   0.00   0.50
 22      8.19      1.00E+00 |    7   0 |   -  -  0.000 |    0.00   0.00  -1.50
 23     12.90      1.00E+00 |    8   0 |   -  -  0.000 |    0.00   0.00   0.47
 24     26.23      1.00E+00 |    0   9 |   -  -  0.000 |    0.00   0.00   0.50
 25      0.74      5.00E-01 |   12   0 |   B  -  0.000 |    0.00   0.00  -2.50
 26      1.92      1.00E+00 |    0   3 |   -  -  0.000 |    0.00   0.00   1.50
 27      2.60      1.00E+00 |   13   0 |   -  -  0.000 |    0.00   0.00  -0.50
 28      3.83      1.00E+00 |    0   2 |   -  -  0.000 |    0.00   0.00  -0.50
 29      5.53      1.00E+00 |   14   0 |   -  -  0.000 |    0.00   0.00  -0.50
 30      8.19      1.00E+00 |   15   0 |   -  -  0.000 |    0.00   0.00   1.50
 31     12.90      1.00E+00 |   16   0 |   -  -  0.000 |    0.00   0.00  -0.47
 32     26.23      1.00E+00 |    0   1 |   -  -  0.000 |    0.00   0.00  -0.50

Block 3:  P=-1  neutrons
  N      Eqp       f_n      |   U   V  |   B  P  ov_TR |    JxT    JyT    Jz
________________________________________________________________________________
  1    -15.24      0.00E+00 |   17   0 |   -  -  0.000 |    0.00   0.00   0.50
  2    -13.58      0.00E+00 |    0  38 |   -  -  0.000 |    0.00   0.00  -3.42
  3    -13.46      0.00E+00 |    0  30 |   -  -  0.000 |    0.00   0.00   0.45
  4    -12.90      0.00E+00 |    0  39 |   -  -  0.000 |    0.00   0.00   0.49
  5    -12.77      0.00E+00 |    0  36 |   -  -  0.000 |    0.00   0.00   0.18
  6    -12.74      0.00E+00 |    0  40 |   -  -  0.000 |    0.00   0.00  -1.19
  7    -12.23      0.00E+00 |   19   0 |   -  -  0.000 |    0.00   0.00  -1.50
  8    -11.62      0.00E+00 |    0  35 |   -  -  0.000 |    0.00   0.00   0.50
  9    -11.03      0.00E+00 |    0  34 |   -  -  0.000 |    0.00   0.00   2.50
 10     -8.95      0.00E+00 |    0  33 |   -  -  0.000 |    0.00   0.00  -1.50
 11     -7.74      0.00E+00 |   25   0 |   -  -  0.000 |    0.00   0.00   0.50
 12     -7.40      0.00E+00 |    0  32 |   -  -  0.000 |    0.00   0.00   0.50
 13    -15.24      0.00E+00 |   29   0 |   -  -  0.000 |    0.00   0.00  -0.50
 14    -13.58      0.00E+00 |    0  26 |   -  -  0.000 |    0.00   0.00   3.42
 15    -13.46      0.00E+00 |    0  18 |   -  -  0.000 |    0.00   0.00  -0.45
 16    -12.90      0.00E+00 |    0  27 |   -  -  0.000 |    0.00   0.00  -0.49
 17    -12.77      0.00E+00 |    0  24 |   -  -  0.000 |    0.00   0.00  -0.18
 18    -12.74      0.00E+00 |    0  28 |   -  -  0.000 |    0.00   0.00   1.19
 19    -12.23      0.00E+00 |   31   0 |   -  -  0.000 |    0.00   0.00   1.50
 20    -11.62      0.00E+00 |    0  23 |   -  -  0.000 |    0.00   0.00  -0.50
 21    -11.03      0.00E+00 |    0  22 |   -  -  0.000 |    0.00   0.00  -2.50
 22     -8.95      0.00E+00 |    0  21 |   -  -  0.000 |    0.00   0.00   1.50
 23     -7.74      0.00E+00 |   37   0 |   -  -  0.000 |    0.00   0.00  -0.50
 24     -7.40      0.00E+00 |    0  20 |   -  -  0.000 |    0.00   0.00  -0.50
 25      7.40      1.00E+00 |   20   0 |   -  -  0.000 |    0.00   0.00   0.50
 26      7.74      1.00E+00 |    0  37 |   -  -  0.000 |    0.00   0.00   0.50
 27      8.95      1.00E+00 |   21   0 |   -  -  0.000 |    0.00   0.00  -1.50
 28     11.03      1.00E+00 |   22   0 |   -  -  0.000 |    0.00   0.00   2.50
 29     11.62      1.00E+00 |   23   0 |   -  -  0.000 |    0.00   0.00   0.50
 30     12.23      1.00E+00 |    0  31 |   -  -  0.000 |    0.00   0.00  -1.50
 31     12.74      1.00E+00 |   28   0 |   -  -  0.000 |    0.00   0.00  -1.19
 32     12.77      1.00E+00 |   24   0 |   -  -  0.000 |    0.00   0.00   0.18
 33     12.90      1.00E+00 |   27   0 |   -  -  0.000 |    0.00   0.00   0.49
 34     13.46      1.00E+00 |   18   0 |   -  -  0.000 |    0.00   0.00   0.45
 35     13.58      1.00E+00 |   26   0 |   -  -  0.000 |    0.00   0.00  -3.42
 36     15.24      1.00E+00 |    0  29 |   -  -  0.000 |    0.00   0.00   0.50
 37      7.40      1.00E+00 |   32   0 |   -  -  0.000 |    0.00   0.00  -0.50
 38      7.74      1.00E+00 |    0  25 |   -  -  0.000 |    0.00   0.00  -0.50
 39      8.95      1.00E+00 |   33   0 |   -  -  0.000 |    0.00   0.00   1.50
 40     11.03      1.00E+00 |   34   0 |   -  -  0.000 |    0.00   0.00  -2.50
 41     11.62      1.00E+00 |   35   0 |   -  -  0.000 |    0.00   0.00  -0.50
 42     12.23      1.00E+00 |    0  19 |   -  -  0.000 |    0.00   0.00   1.50
 43     12.74      1.00E+00 |   40   0 |   -  -  0.000 |    0.00   0.00   1.19
 44     12.77      1.00E+00 |   36   0 |   -  -  0.000 |    0.00   0.00  -0.18
 45     12.90      1.00E+00 |   39   0 |   -  -  0.000 |    0.00   0.00  -0.49
 46     13.46      1.00E+00 |   30   0 |   -  -  0.000 |    0.00   0.00  -0.45
 47     13.58      1.00E+00 |   38   0 |   -  -  0.000 |    0.00   0.00   3.42
 48     15.24      1.00E+00 |    0  17 |   -  -  0.000 |    0.00   0.00  -0.50

Block 5:  P=+1   protons
  N      Eqp       f_n      |   U   V  |   B  P  ov_TR |    JxT    JyT    Jz
________________________________________________________________________________
  1    -25.10      0.00E+00 |   41   0 |   -  -  0.000 |    0.00   0.00   0.50
  2    -11.57      0.00E+00 |    0  56 |   -  -  0.000 |    0.00   0.00   0.49
  3     -8.54      0.00E+00 |    0  55 |   -  -  0.000 |    0.00   0.00  -1.50
  4     -6.22      0.00E+00 |    0  54 |   -  -  0.000 |    0.00   0.00   0.50
  5     -3.63      0.00E+00 |   42  53 |   -  -  0.000 |    0.00   0.00   0.50
  6     -3.11      0.00E+00 |   42  53 |   -  -  0.000 |    0.00   0.00   0.50
  7     -1.83      0.00E+00 |   43  51 |   -  -  0.000 |    0.00   0.00  -1.50
  8     -1.81      0.00E+00 |   44  52 |   -  -  0.000 |    0.00   0.00   2.50
  9    -25.10      0.00E+00 |   49   0 |   -  -  0.000 |    0.00   0.00  -0.50
 10    -11.57      0.00E+00 |    0  48 |   -  -  0.000 |    0.00   0.00  -0.49
 11     -8.54      0.00E+00 |    0  47 |   -  -  0.000 |    0.00   0.00   1.50
 12     -6.22      0.00E+00 |    0  46 |   -  -  0.000 |    0.00   0.00  -0.50
 13     -3.63      0.00E+00 |   50  45 |   -  -  0.000 |    0.00   0.00  -0.50
 14     -3.11      0.00E+00 |   50  45 |   -  -  0.000 |    0.00   0.00  -0.50
 15     -1.83      0.00E+00 |   51  43 |   -  -  0.000 |    0.00   0.00   1.50
 16     -1.81      0.00E+00 |   52  44 |   -  -  0.000 |    0.00   0.00  -2.50
 17      1.81      1.00E+00 |   44  52 |   -  -  0.000 |    0.00   0.00   2.50
 18      1.83      1.00E+00 |   43  51 |   -  -  0.000 |    0.00   0.00  -1.50
 19      3.11      1.00E+00 |   45  50 |   -  -  0.000 |    0.00   0.00   0.50
 20      3.63      1.00E+00 |   45  50 |   -  -  0.000 |    0.00   0.00   0.50
 21      6.22      1.00E+00 |   46   0 |   -  -  0.000 |    0.00   0.00   0.50
 22      8.54      1.00E+00 |   47   0 |   -  -  0.000 |    0.00   0.00  -1.50
 23     11.57      1.00E+00 |   48   0 |   -  -  0.000 |    0.00   0.00   0.49
 24     25.10      1.00E+00 |    0  49 |   -  -  0.000 |    0.00   0.00   0.50
 25      1.81      1.00E+00 |   52  44 |   -  -  0.000 |    0.00   0.00  -2.50
 26      1.83      1.00E+00 |   51  43 |   -  -  0.000 |    0.00   0.00   1.50
 27      3.11      1.00E+00 |   53  42 |   -  -  0.000 |    0.00   0.00  -0.50
 28      3.63      1.00E+00 |   53  42 |   -  -  0.000 |    0.00   0.00  -0.50
 29      6.22      1.00E+00 |   54   0 |   -  -  0.000 |    0.00   0.00  -0.50
 30      8.54      1.00E+00 |   55   0 |   -  -  0.000 |    0.00   0.00   1.50
 31     11.57      1.00E+00 |   56   0 |   -  -  0.000 |    0.00   0.00  -0.49
 32     25.10      1.00E+00 |    0  41 |   -  -  0.000 |    0.00   0.00  -0.50

Block 7:  P=-1   protons
  N      Eqp       f_n      |   U   V  |   B  P  ov_TR |    JxT    JyT    Jz
________________________________________________________________________________
  1    -14.23      0.00E+00 |   57   0 |   -  -  0.000 |    0.00   0.00   0.50
  2    -13.88      0.00E+00 |    0  70 |   -  -  0.000 |    0.00   0.00  -3.21
  3    -12.98      0.00E+00 |    0  78 |   -  -  0.000 |    0.00   0.00   0.50
  4    -11.88      0.00E+00 |    0  76 |   -  -  0.000 |    0.00   0.00  -0.25
  5    -11.87      0.00E+00 |    0  80 |   -  -  0.000 |    0.00   0.00  -0.75
  6    -11.69      0.00E+00 |    0  75 |   -  -  0.000 |    0.00   0.00   0.51
  7    -11.65      0.00E+00 |   59   0 |   -  -  0.000 |    0.00   0.00  -1.50
  8    -11.61      0.00E+00 |    0  74 |   -  -  0.000 |    0.00   0.00   2.38
  9    -11.35      0.00E+00 |    0  79 |   -  -  0.000 |    0.00   0.00   0.60
 10     -9.67      0.00E+00 |    0  73 |   -  -  0.000 |    0.00   0.00  -1.50
 11     -8.28      0.00E+00 |    0  72 |   -  -  0.000 |    0.00   0.00   0.50
 12     -7.23      0.00E+00 |   65   0 |   -  -  0.000 |    0.00   0.00   0.50
 13    -14.23      0.00E+00 |   69   0 |   -  -  0.000 |    0.00   0.00  -0.50
 14    -13.88      0.00E+00 |    0  58 |   -  -  0.000 |    0.00   0.00   3.21
 15    -12.98      0.00E+00 |    0  66 |   -  -  0.000 |    0.00   0.00  -0.50
 16    -11.88      0.00E+00 |    0  64 |   -  -  0.000 |    0.00   0.00   0.25
 17    -11.87      0.00E+00 |    0  68 |   -  -  0.000 |    0.00   0.00   0.75
 18    -11.69      0.00E+00 |    0  63 |   -  -  0.000 |    0.00   0.00  -0.51
 19    -11.65      0.00E+00 |   71   0 |   -  -  0.000 |    0.00   0.00   1.50
 20    -11.61      0.00E+00 |    0  62 |   -  -  0.000 |    0.00   0.00  -2.38
 21    -11.35      0.00E+00 |    0  67 |   -  -  0.000 |    0.00   0.00  -0.60
 22     -9.67      0.00E+00 |    0  61 |   -  -  0.000 |    0.00   0.00   1.50
 23     -8.28      0.00E+00 |    0  60 |   -  -  0.000 |    0.00   0.00  -0.50
 24     -7.23      0.00E+00 |   77   0 |   -  -  0.000 |    0.00   0.00  -0.50
 25      7.23      1.00E+00 |    0  77 |   -  -  0.000 |    0.00   0.00   0.50
 26      8.28      1.00E+00 |   60   0 |   -  -  0.000 |    0.00   0.00   0.50
 27      9.67      1.00E+00 |   61   0 |   -  -  0.000 |    0.00   0.00  -1.50
 28     11.35      1.00E+00 |   67   0 |   -  -  0.000 |    0.00   0.00   0.60
 29     11.61      1.00E+00 |   62   0 |   -  -  0.000 |    0.00   0.00   2.38
 30     11.65      1.00E+00 |    0  71 |   -  -  0.000 |    0.00   0.00  -1.50
 31     11.69      1.00E+00 |   63   0 |   -  -  0.000 |    0.00   0.00   0.51
 32     11.87      1.00E+00 |   68   0 |   -  -  0.000 |    0.00   0.00  -0.75
 33     11.88      1.00E+00 |   64   0 |   -  -  0.000 |    0.00   0.00  -0.25
 34     12.98      1.00E+00 |   66   0 |   -  -  0.000 |    0.00   0.00   0.50
 35     13.88      1.00E+00 |   58   0 |   -  -  0.000 |    0.00   0.00  -3.21
 36     14.23      1.00E+00 |    0  69 |   -  -  0.000 |    0.00   0.00   0.50
 37      7.23      1.00E+00 |    0  65 |   -  -  0.000 |    0.00   0.00  -0.50
 38      8.28      1.00E+00 |   72   0 |   -  -  0.000 |    0.00   0.00  -0.50
 39      9.67      1.00E+00 |   73   0 |   -  -  0.000 |    0.00   0.00   1.50
 40     11.35      1.00E+00 |   79   0 |   -  -  0.000 |    0.00   0.00  -0.60
 41     11.61      1.00E+00 |   74   0 |   -  -  0.000 |    0.00   0.00  -2.38
 42     11.65      1.00E+00 |    0  59 |   -  -  0.000 |    0.00   0.00   1.50
 43     11.69      1.00E+00 |   75   0 |   -  -  0.000 |    0.00   0.00  -0.51
 44     11.87      1.00E+00 |   80   0 |   -  -  0.000 |    0.00   0.00   0.75
 45     11.88      1.00E+00 |   76   0 |   -  -  0.000 |    0.00   0.00   0.25
 46     12.98      1.00E+00 |   78   0 |   -  -  0.000 |    0.00   0.00  -0.50
 47     13.88      1.00E+00 |   70   0 |   -  -  0.000 |    0.00   0.00   3.21
 48     14.23      1.00E+00 |    0  57 |   -  -  0.000 |    0.00   0.00  -0.50

--------------------------------------------------------------------------------
------------------------ Electric Multipole Moments -------------------------
Quantisation Axis             : Z
  With secondary axis ordering: X,Y
______________________________________________________________________________
                   Neutrons        Protons          Charge         Total
______________________________________________________________________________
 Particles           13.0000         12.0000         12.0000         25.0000

Re  Q_{ 2 0}         12.7123         12.6239         12.6239         25.3362
Re  Q_{ 2 2}          0.0021          0.0017          0.0017          0.0038

Re  Q_{ 4 0}         28.8016         30.6002         31.4923         59.4018
Re  Q_{ 4 2}          0.0142          0.0136          0.0136          0.0278
Re  Q_{ 4 4}         -0.3684         -0.3182          0.2152         -0.6866

Re  Q_{ 6 0}         33.6165         42.5300         70.4235         76.1465
Re  Q_{ 6 2}          0.0613          0.0763          0.0776          0.1377
Re  Q_{ 6 4}          1.0242          1.1745          9.0804          2.1987
Re  Q_{ 6 6}          0.0007          0.0059          0.0083          0.0066

Re  Q_{ 8 0}        -80.9552          8.8212        287.2343        -72.1340
Re  Q_{ 8 2}          0.1671        -21.8304        -19.3671        -21.6633
Re  Q_{ 8 4}         58.6320         42.0479        114.5585        100.6799
Re  Q_{ 8 6}         -0.0138         -6.8476         -6.9096         -6.8614
Re  Q_{ 8 8}         38.6702         38.4678         39.3990         77.1381

Re  Q_{10 0}      -1147.4025      12817.1178      13419.3576      11669.7153
Re  Q_{10 2}         -0.1239        196.3513        211.9768        196.2274
Re  Q_{10 4}      -1427.3111         74.6412       1151.4114      -1352.6700
Re  Q_{10 6}         -0.0658      -2086.9053      -2129.8349      -2086.9711
Re  Q_{10 8}      -2462.7563      -4143.9102      -3816.9817      -6606.6665
Re  Q_{1010}          0.5231       -245.3446       -231.7940       -244.8214

 RMS radius           2.9887          2.9786          3.0250          2.9839
 Fourth mom.          3.2904          3.2824          3.3412          3.2865
______________________________________________________________________________
                   Neutrons        Protons          Charge         Total
______________________________________________________________________________

Beta_{ 2 0}       0.17300168      0.17179852      0.17179844      0.34480020
Beta_{ 2 2}       0.00002911      0.00002272      0.00002272      0.00005183

Beta_{ 4 0}       0.03183609      0.03382428      0.03481028      0.06566037
Beta_{ 4 2}       0.00001565      0.00001505      0.00001500      0.00003070
Beta_{ 4 4}      -0.00040723     -0.00035174      0.00023788     -0.00075897

Beta_{ 6 0}       0.00301810      0.00381836      0.00632264      0.00683646
Beta_{ 6 2}       0.00000551      0.00000685      0.00000696      0.00001236
Beta_{ 6 4}       0.00009195      0.00010544      0.00081524      0.00019740
Beta_{ 6 6}       0.00000006      0.00000053      0.00000075      0.00000059

Beta_{ 8 0}      -0.00059034      0.00006433      0.00209457     -0.00052602
Beta_{ 8 2}       0.00000122     -0.00015919     -0.00014123     -0.00015797
Beta_{ 8 4}       0.00042756      0.00030662      0.00083538      0.00073418
Beta_{ 8 6}      -0.00000010     -0.00004993     -0.00005039     -0.00005003
Beta_{ 8 8}       0.00028199      0.00028052      0.00028731      0.00056251

Beta_{10 0}      -0.00067960      0.00759148      0.00794818      0.00691188
Beta_{10 2}      -0.00000007      0.00011630      0.00012555      0.00011622
Beta_{10 4}      -0.00084539      0.00004421      0.00068197     -0.00080118
Beta_{10 6}      -0.00000004     -0.00123606     -0.00126148     -0.00123610
Beta_{10 8}      -0.00145867     -0.00245441     -0.00226077     -0.00391308
Beta_{1010}       0.00000031     -0.00014532     -0.00013729     -0.00014501


______________________________________________________________________________
                   Neutrons        Protons          Charge         Total
______________________________________________________________________________
Q_{ 2}               12.7123         12.6239         12.6239         25.3362
Q_{ 4}               28.8063         30.6036         31.4937         59.4098
Q_{ 6}               33.6478         42.5626         71.5848         76.2102
Q_{ 8}              128.1405         87.2945        335.7097        195.9835
Q_{10}             4185.8457      14406.2999      14870.7455      15363.7741
______________________________________________________________________________
                   Neutrons        Protons          Charge         Total
______________________________________________________________________________
Beta_{   2}       0.17300169      0.17179852      0.17179844      0.34480021
Beta_{   4}       0.03184130      0.03382794      0.03481192      0.06566915
Beta_{   6}       0.00302091      0.00382128      0.00642690      0.00684218
Beta_{   8}       0.00093443      0.00063657      0.00244806      0.00142915
Beta_{  10}       0.00247924      0.00853274      0.00880783      0.00909985
______________________________________________________________________________
 Cart. Moments X              Y              Z
 Cart. N      -20.1449002    -20.1615132     40.3064134
 Cart. P      -20.0065651    -20.0195311     40.0260962
 Cart. T      -40.1514653    -40.1810443     80.3325096
 (Q, gamma)    Q              Gamma
 (Q,g) N       40.3064145      0.0136344
 (Q,g) P       40.0260969      0.0107158
 (Q,g) T       80.3325114      0.0121802
 (iq1, iq2)    iq1            iq2
 iq    N       40.3008757      0.0110753
 iq    P       40.0217742      0.0086440
 iq    T       80.3226500      0.0197193
               X^2            Y^2            Z^2
 X^2_i N       31.9910869     31.9855493     52.1415248
 X^2_i P       28.8205279     28.8162059     48.8314150
 X^2_i T       60.8116148     60.8017552    100.9729398
----------------------------------------------------------------------------
--------------- Magnetic Multipole Moments ----------------
Quantisation Axis             : Z
  With secondary axis ordering: X,Y
 Units: 
   spin/orbit/total: hbar fm^(l-1)
   phys:             mu_N fm^(l-1)
______________________________________________________________________________
 Re Q^m_{ 1 0}     X           Y            Z        total
 Spin     n   -2.458E-18  -4.589E-18   5.570E-15   5.563E-15
          p   -3.246E-18  -1.750E-18   5.013E-15   5.008E-15
          t   -5.704E-18  -6.339E-18   1.058E-14   1.057E-14
 Orbital  n    3.351E-15   3.545E-15  -4.357E-17   6.852E-15
          p    3.268E-15   3.145E-15   8.660E-18   6.422E-15
          t    6.619E-15   6.690E-15  -3.491E-17   1.327E-14
 Total    n    3.348E-15   3.540E-15   5.527E-15   1.242E-14
          p    3.265E-15   3.144E-15   5.021E-15   1.143E-14
          t    6.613E-15   6.684E-15   1.055E-14   2.384E-14
 Phys     n    9.406E-18   1.756E-17  -2.131E-14  -2.128E-14
          p    3.250E-15   3.136E-15   2.801E-14   3.440E-14
          t    3.259E-15   3.153E-15   6.699E-15   1.311E-14
____________________________________________________________
 mu_z  n                                           -0.000000
 mu_z  p(S)                                         0.000000
 mu_z  p(L)                                         0.000000
 mu_z  p                                            0.000000
 mu_z  t                                            0.000000
______________________________________________________________________________
 Re Q^m_{ 3 0}     X           Y            Z        total
 Spin     n    1.024E-14   1.182E-14   1.866E-14   4.072E-14
          p    1.598E-14   1.614E-14   2.881E-14   6.094E-14
          t    2.622E-14   2.796E-14   4.747E-14   1.017E-13
 Orbital  n    1.926E-15   3.194E-15   6.371E-14   6.883E-14
          p    6.282E-16   1.595E-15   4.740E-14   4.962E-14
          t    2.554E-15   4.789E-15   1.111E-13   1.185E-13
 Total    n    1.217E-14   1.501E-14   8.238E-14   1.096E-13
          p    1.661E-14   1.774E-14   7.621E-14   1.106E-13
          t    2.878E-14   3.275E-14   1.586E-13   2.201E-13
 Phys     n   -3.919E-14  -4.521E-14  -7.141E-14  -1.558E-13
          p    8.990E-14   9.177E-14   2.083E-13   3.900E-13
          t    5.072E-14   4.657E-14   1.369E-13   2.342E-13
______________________________________________________________________________
 Re Q^m_{ 3 2}     X           Y            Z        total
 Spin     n   -9.349E-15   1.081E-14  -8.842E-16   5.775E-16
          p   -1.462E-14   1.475E-14  -3.808E-16  -2.538E-16
          t   -2.397E-14   2.556E-14  -1.265E-15   3.237E-16
 Orbital  n    8.388E-15  -1.255E-14   1.027E-14   6.103E-15
          p    1.079E-14  -1.030E-14  -2.359E-15  -1.866E-15
          t    1.918E-14  -2.285E-14   7.908E-15   4.237E-15
 Total    n   -9.603E-16  -1.742E-15   9.383E-15   6.681E-15
          p   -3.829E-15   4.449E-15  -2.740E-15  -2.120E-15
          t   -4.790E-15   2.708E-15   6.643E-15   4.561E-15
 Phys     n    3.577E-14  -4.136E-14   3.383E-15  -2.210E-15
          p   -7.088E-14   7.209E-14  -4.486E-15  -3.283E-15
          t   -3.511E-14   3.072E-14  -1.103E-15  -5.493E-15
----------------------------------------------------------------------------
----------------------- Box Size Check -------------------------
 Xmax = (nx+0.5)dx = 11.500 fm,  max(rho(X=Xmax)) =    1.419E-08
 Ymax = (ny+0.5)dx = 11.500 fm,  max(rho(Y=Ymax)) =    1.422E-08
 Zmax = (nz+0.5)dx = 11.500 fm,  max(rho(Z=Zmax)) =    9.350E-09
---------------------Rotational properties--------------------
                Rigid rotor          (hbar^2/MeV)
              n              p              t 
 I_R X       2.0285741      1.8723337      3.9009078
 I_R Y       2.0287077      1.8724379      3.9011456
 I_R Z       1.5426823      1.3898069      2.9324892

                Belyaev                 (hbar^2/MeV) 
              n              p              t 
 I_B X       1.3616256      0.9415547      2.3031803
 I_B Y       1.3613936      0.9413764      2.3027700
 I_B Z       0.0000239      0.0000199      0.0000438

                Belyaev (collective)    (hbar^2/MeV) 
              n              p              t 
 I_B X       0.4456641      0.9415547      1.3872188
 I_B Y       0.4449364      0.9413764      1.3863128
 I_B Z       0.0000000      0.0000199      0.0000200

                 <J^2> - <J>^2          (hbar^2)
              n              p              t 
 J2_X        2.4733027      2.1400784      4.6133811
 J2_Y        2.4721338      2.1391446      4.6112784
 J2_Z        3.1248276      0.0001257      3.1249533
 J2_t        8.0702641      4.2793486     12.3496128

                 <J^2> - <J>^2 (coll.)  (hbar^2)
              n              p              t 
 J2_X        1.2461628      2.1411250      3.3872879
 J2_Y        1.2443293      2.1402300      3.3845592
 J2_Z        0.0000001      0.0000388      0.0000389
 J2_t        2.4904922      4.2813938      6.7718860
------------------------- Angular Momentum (hbar) --------------------------

               Spwfs(*)    Desired     Omega       E (MeV)      Densit. 
  __________________________________________________________________________
   J_x   |     0.00000     0.00000     0.00000    -0.00000     0.00000
   J_y   |     0.00000     0.00000     0.00000    -0.00000     0.00000
   J_z   |     0.00000     0.00000     0.00000    -0.00000     0.00000
  __________________________________________________________________________
   Size  |     0.00000     0.00000     0.00000                 0.00000
  --------------------------------------------------------------------------

   Open spin
               Neutrons   Protons
   _______________________________________________________
   x |   |     0.00000     0.00000
   y |   |     0.00000     0.00000
   z |   |     0.00000     0.00000
   _______________________________________________________
-------------------------- Pairing -------------------------
                          N         P 
 Fermi Level (MeV)    -11.85561488    -9.21265247
 Particles             13.00000000    12.00000000
 Dispersion             0.50000000     1.39730121
 Average gap   v^2      0.00000000     0.60005789
 Average gap   uv              NaN     1.22125138
------------------------------------------------------------
--------------------------------------------------------------------------------
 Skyrme Energy 
                                    Isoscalar      Isovector   |   Total
--------------------------------------------------------------------------------
  E_D_I_I_D_I_I                  -1776.320601       1.100970   -1775.219630
  E_D_I_I_D_Nm_Nm                   41.656232      -0.080785      41.575446
  E_D_I_Sm_D_I_Sm                    0.000000       0.000000       0.000000
  E_D_I_Sm_D_I_Sm_DD                -0.000000      -0.000000      -0.000000
  E_D_I_I_Lap_D_I_I                 73.289444       0.011710      73.301154
  E_D_I_I_D_I_I_DD                1030.923725      -0.545966    1030.377759
  E_C_I_NmSk_C_I_NmSk                0.000000       0.000000       0.000000
  E_C_I_Nm_C_I_Nm                   -0.000000       0.000000      -0.000000
  E_D_I_Sm_Lap_D_I_Sm               -0.000000       0.000000       0.000000
  E_D_I_Sm_D_Nk_NkSm                 0.000000       0.000000       0.000000
  E_D_I_I_Derm_C_I_NxmSxm          -26.100939      -0.022769     -26.123709
  E_C_I_Nm_Derxm_D_I_Sxm            -0.000000      -0.000000      -0.000000
  E_DP_I_I_DP_I_I                                                 -1.583101
  E_CP_I_I_CP_I_I                                                 -0.000000
--------------------------------------------------------------------------------
                 Total Skyrme:                                  -657.672080
                    time-even:                                  -657.672080
                    time-odd :                                     0.000000
--------------------------------------------------------------------------------
--------------------------------------------------------------------------------
                                     neutron        proton         total
                Kinetic Energy:     229.615531     203.407436     433.022967
                    COM 1-body:      -9.184621      -8.136297     -17.320919
                    COM 2-body:       4.077660       3.486723       7.564383
                            ph:       4.077660       3.468112       7.545772
                            pp:       0.000000       0.018611       0.018611
                 Collective T:                                     -2.270773

                 Rotational  T:                                    -2.270773
                 Rotational  X:                                    -1.135427
                 Rotational  Y:                                    -1.135254
                 Rotational  Z:                                    -0.000091

                 Vibrational T:                                     0.000000
                 Vibrational X:                                    -0.000000
                 Vibrational Y:                                    -0.000000
                 Vibrational Z:                                    -0.000000


                Coulomb Direct:       0.000000      32.922328      32.922328
                      Exchange:       0.000000       0.000000       0.000000

               Pairing (delta):      -0.000000      -1.583101      -1.583101
               Pairing (densi):                                    -1.583101
--------------------------------------------------------------------------------
                  Total energy:                                  -203.754093
                    from spwfs:                                  -203.754093
                   E_fu - E_sp:                                -0.673546E-07
                   (no corr.) :                                  -209.047703
                      Routhian:                                  -203.754093
                         dE   :                                -0.584172E-03
                         dR   :                                -0.584172E-03
--------------------------------------------------------------------------------
 : Warning N(eps_F) decreases 
 A =  -11.85561488 FA =    -0.00000000 B =  -11.84561488 FB =    -0.00000000
 Iteration =   41
 dt    =   0.0380      mu   =   0.8666 gradn =    0.000E+00 D2H  =    1.897E-09
 E     =   -203.754    DE   =  0.54123E-10
 R     =   -203.754    DR   =  0.54123E-10
 R-E   =      0.000  D(R-E) =  0.00000E+00
 dmun  =  1.6E-02      dmup=  4.3E-08
 RQ20t =      25.3362   dQ =  1.4E-08  L =       0.0000   dL =  0.0E+00  dev =  0.0E+00
 RQ22t =       0.0038   dQ = -5.5E-05  L =       0.0000   dL =  0.0E+00  dev =  0.0E+00
 Jz    =       0.0000   dJZ=  5.6E-16 Om =       0.0000   dO =  0.0E+00  dev =  0.0E+00
--------------------------------------------------------------------------------------
 Iteration =   42
 dt    =   0.0381      mu   =   0.8679 gradn =    0.000E+00 D2H  =    1.840E-09
 E     =   -203.754    DE   =  0.40712E-10
 R     =   -203.754    DR   =  0.40712E-10
 R-E   =      0.000  D(R-E) =  0.00000E+00
 dmun  =  3.7E-02      dmup=  4.5E-09
 RQ20t =      25.3362   dQ =  1.2E-08  L =       0.0000   dL =  0.0E+00  dev =  0.0E+00
 RQ22t =       0.0037   dQ = -5.4E-05  L =       0.0000   dL =  0.0E+00  dev =  0.0E+00
 Jz    =       0.0000   dJZ= -1.0E-14 Om =       0.0000   dO =  0.0E+00  dev =  0.0E+00
--------------------------------------------------------------------------------------
 : Warning N(eps_F) decreases 
 A =  -11.80263435 FA =    -0.00000000 B =  -11.79263435 FB =    -0.00000000
 Iteration =   43
 dt    =   0.0381      mu   =   0.8711 gradn =    0.000E+00 D2H  =    1.788E-09
 E     =   -203.754    DE   =  0.96195E-11
 R     =   -203.754    DR   =  0.96195E-11
 R-E   =      0.000  D(R-E) =  0.00000E+00
 dmun  =  6.9E-03      dmup= -3.2E-08
 RQ20t =      25.3362   dQ =  6.9E-09  L =       0.0000   dL =  0.0E+00  dev =  0.0E+00
 RQ22t =       0.0036   dQ = -5.4E-05  L =       0.0000   dL =  0.0E+00  dev =  0.0E+00
 Jz    =       0.0000   dJZ=  1.8E-14 Om =       0.0000   dO =  0.0E+00  dev =  0.0E+00
--------------------------------------------------------------------------------------
 : Warning N(eps_F) decreases 
 A =  -11.82575935 FA =     0.00000000 B =  -11.79575935 FB =     0.00000000
 Iteration =   44
 dt    =   0.0382      mu   =   0.8717 gradn =    0.000E+00 D2H  =    1.734E-09
 E     =   -203.754    DE   = -0.24861E-10
 R     =   -203.754    DR   = -0.24861E-10
 R-E   =      0.000  D(R-E) =  0.00000E+00
 dmun  = -8.7E-02      dmup= -5.0E-08
 RQ20t =      25.3362   dQ =  2.7E-08  L =       0.0000   dL =  0.0E+00  dev =  0.0E+00
 RQ22t =       0.0036   dQ = -5.3E-05  L =       0.0000   dL =  0.0E+00  dev =  0.0E+00
 Jz    =       0.0000   dJZ= -1.0E-14 Om =       0.0000   dO =  0.0E+00  dev =  0.0E+00
--------------------------------------------------------------------------------------
 Iteration =   45
 dt    =   0.0380      mu   =   0.8643 gradn =    0.000E+00 D2H  =    1.685E-09
 E     =   -203.754    DE   = -0.52933E-10
 R     =   -203.754    DR   = -0.52933E-10
 R-E   =      0.000  D(R-E) =  0.00000E+00
 dmun  =  5.0E-03      dmup= -4.5E-08
 RQ20t =      25.3362   dQ = -3.2E-09  L =       0.0000   dL =  0.0E+00  dev =  0.0E+00
 RQ22t =       0.0035   dQ = -5.2E-05  L =       0.0000   dL =  0.0E+00  dev =  0.0E+00
 Jz    =       0.0000   dJZ=  1.0E-14 Om =       0.0000   dO =  0.0E+00  dev =  0.0E+00
--------------------------------------------------------------------------------------
 Iteration =   46
 dt    =   0.0380      mu   =   0.8647 gradn =    0.000E+00 D2H  =    1.636E-09
 E     =   -203.754    DE   = -0.56349E-10
 R     =   -203.754    DR   = -0.56349E-10
 R-E   =      0.000  D(R-E) =  0.00000E+00
 dmun  = -3.8E-03      dmup= -1.9E-08
 RQ20t =      25.3362   dQ = -4.1E-09  L =       0.0000   dL =  0.0E+00  dev =  0.0E+00
 RQ22t =       0.0035   dQ = -5.1E-05  L =       0.0000   dL =  0.0E+00  dev =  0.0E+00
 Jz    =       0.0000   dJZ= -3.7E-14 Om =       0.0000   dO =  0.0E+00  dev =  0.0E+00
--------------------------------------------------------------------------------------
 Iteration =   47
 dt    =   0.0380      mu   =   0.8644 gradn =    0.000E+00 D2H  =    1.590E-09
 E     =   -203.754    DE   = -0.39398E-10
 R     =   -203.754    DR   = -0.39398E-10
 R-E   =      0.000  D(R-E) =  0.00000E+00
 dmun  =  0.0E+00      dmup=  1.3E-08
 RQ20t =      25.3362   dQ = -1.3E-09  L =       0.0000   dL =  0.0E+00  dev =  0.0E+00
 RQ22t =       0.0034   dQ = -5.1E-05  L =       0.0000   dL =  0.0E+00  dev =  0.0E+00
 Jz    =       0.0000   dJZ=  2.0E-14 Om =       0.0000   dO =  0.0E+00  dev =  0.0E+00
--------------------------------------------------------------------------------------
 Iteration =   48
 dt    =   0.0380      mu   =   0.8644 gradn =    0.000E+00 D2H  =    1.547E-09
 E     =   -203.754    DE   = -0.89914E-11
 R     =   -203.754    DR   = -0.89914E-11
 R-E   =      0.000  D(R-E) =  0.00000E+00
 dmun  =  0.0E+00      dmup=  3.8E-08
 RQ20t =      25.3362   dQ =  3.9E-09  L =       0.0000   dL =  0.0E+00  dev =  0.0E+00
 RQ22t =       0.0034   dQ = -5.0E-05  L =       0.0000   dL =  0.0E+00  dev =  0.0E+00
 Jz    =       0.0000   dJZ=  3.0E-15 Om =       0.0000   dO =  0.0E+00  dev =  0.0E+00
--------------------------------------------------------------------------------------
 Iteration =   49
 dt    =   0.0380      mu   =   0.8644 gradn =    0.000E+00 D2H  =    1.504E-09
 E     =   -203.754    DE   =  0.18155E-10
 R     =   -203.754    DR   =  0.18155E-10
 R-E   =      0.000  D(R-E) =  0.00000E+00
 dmun  =  1.1E-03      dmup=  4.5E-08
 RQ20t =      25.3362   dQ =  9.4E-09  L =       0.0000   dL =  0.0E+00  dev =  0.0E+00
 RQ22t =       0.0033   dQ = -4.9E-05  L =       0.0000   dL =  0.0E+00  dev =  0.0E+00
 Jz    =       0.0000   dJZ=  2.2E-15 Om =       0.0000   dO =  0.0E+00  dev =  0.0E+00
--------------------------------------------------------------------------------------
--------------------------------------------------------------------------------------
                              Iteration =    50

--------------------- Hartree-Fock basis-------------------------------------------------------------------
__________________________________________________________________________________________________________
   Neutron wavefunctions
  i     P   Rz   occ          E       d2h    Delta |   JxT    JyT    Jz      J   |   SxT    SyT    Sz
----------------------------------------------------------------------------------------------------------
  9  1.00 -1.0  1.0000     -38.084  3.5E-11   0.00 |   0.50   0.50  -0.50   0.52 |   0.50   0.50  -0.50
  1  1.00  1.0  1.0000     -38.084  4.0E-11   0.00 |  -0.50   0.50   0.50   0.52 |  -0.50   0.50   0.50
 29 -1.00 -1.0  1.0000     -27.095  7.8E-11   0.00 |   0.84   0.84  -0.50   1.44 |   0.46   0.46  -0.43
 17 -1.00  1.0  1.0000     -27.095  7.9E-11   0.00 |  -0.84   0.84   0.50   1.44 |  -0.46   0.46   0.43
 31 -1.00 -1.0  1.0000     -24.087  1.8E-09   0.00 |  -0.00   0.00   1.50   1.52 |  -0.00   0.00   0.50
 19 -1.00  1.0  1.0000     -24.087  1.8E-09   0.00 |   0.00   0.00  -1.50   1.52 |   0.00   0.00  -0.50
 25 -1.00  1.0  1.0000     -19.598  1.7E-09   0.00 |   0.34  -0.34   0.50   0.68 |  -0.04   0.04  -0.43
 37 -1.00 -1.0  1.0000     -19.598  1.7E-09   0.00 |  -0.34  -0.34  -0.50   0.68 |   0.04   0.04   0.43
 10  1.00 -1.0  1.0000     -15.687  5.0E-10   0.00 |   1.28   1.28  -0.50   2.27 |   0.40   0.40  -0.29
  2  1.00  1.0  1.0000     -15.687  5.0E-10   0.00 |  -1.28   1.28   0.50   2.27 |  -0.40   0.40   0.29
  3  1.00  1.0  1.0000     -13.777  1.3E-09   0.00 |   0.00  -0.00  -1.50   2.49 |   0.00  -0.00  -0.43
 11  1.00 -1.0  1.0000     -13.777  1.3E-09   0.00 |  -0.00  -0.00   1.50   2.49 |  -0.00  -0.00   0.43
 12  1.00 -1.0  0.5000     -11.112  6.3E-09   0.00 |   0.00   0.00  -2.50   2.52 |  -0.00  -0.00  -0.50
  4  1.00  1.0  0.5000     -11.112  6.3E-09   0.00 |  -0.00   0.00   2.50   2.52 |   0.00  -0.00   0.50
  5  1.00  1.0  0.0000      -9.251  6.1E-09   0.00 |  -0.47   0.47   0.50   1.25 |  -0.34   0.34   0.18
 13  1.00 -1.0  0.0000      -9.251  6.1E-09   0.00 |   0.47   0.47  -0.50   1.25 |   0.34   0.34  -0.18
  6  1.00  1.0  0.0000      -6.322  3.3E-09   0.00 |   0.75  -0.75   0.50   1.40 |  -0.27   0.27   0.03
 14  1.00 -1.0  0.0000      -6.322  3.3E-09   0.00 |  -0.75  -0.75  -0.50   1.40 |   0.27   0.27  -0.03
 20 -1.00  1.0  0.0000      -4.459  1.3E-09   0.00 |  -1.60   1.60   0.50   2.95 |  -0.37   0.37   0.24
 32 -1.00 -1.0  0.0000      -4.459  1.3E-09   0.00 |   1.60   1.60  -0.50   2.95 |   0.37   0.37  -0.24
 15  1.00 -1.0  0.0000      -3.667  2.4E-09   0.00 |   0.00   0.00   1.50   1.57 |   0.00   0.00  -0.43
  7  1.00  1.0  0.0000      -3.667  2.4E-09   0.00 |  -0.00   0.00  -1.50   1.57 |  -0.00   0.00   0.43
 21 -1.00  1.0  0.0000      -2.906  3.1E-09   0.00 |   0.00  -0.00  -1.50   3.31 |   0.00  -0.00  -0.36
 33 -1.00 -1.0  0.0000      -2.906  3.1E-09   0.00 |  -0.00  -0.00   1.50   3.31 |  -0.00  -0.00   0.36
 34 -1.00 -1.0  0.0000      -0.830  1.2E-07   0.00 |   0.00   0.00  -2.50   3.50 |  -0.00  -0.00  -0.45
 22 -1.00  1.0  0.0000      -0.830  1.2E-07   0.00 |  -0.00   0.00   2.50   3.50 |   0.00  -0.00   0.45
 35 -1.00 -1.0  0.0000      -0.233  1.3E-07   0.00 |   0.67   0.67  -0.50   2.01 |   0.40   0.40  -0.31
 23 -1.00  1.0  0.0000      -0.233  1.3E-07   0.00 |  -0.67   0.67   0.50   2.01 |  -0.40   0.40   0.31
 40  1.00 -1.0  0.0000       0.889  1.3E-04   0.00 |  -0.40   0.45   1.20   1.96 |  -0.35   0.35   0.49
 28 -1.00  1.0  0.0000       0.889  1.3E-04   0.00 |   0.40   0.45  -1.20   1.96 |   0.35   0.35  -0.49
 36 -1.00 -1.0  0.0000       0.911  1.4E-04   0.00 |   0.55  -0.30  -0.19   1.68 |   0.36  -0.34   0.48
 24 -1.00  1.0  0.0000       0.911  1.4E-04   0.00 |  -0.55  -0.30   0.19   1.68 |  -0.36  -0.34  -0.48
 39 -1.00 -1.0  0.0000       1.039  1.6E-05   0.00 |  -0.50  -0.49  -0.49   2.22 |  -0.50  -0.50  -0.50
 27 -1.00  1.0  0.0000       1.039  1.6E-05   0.00 |   0.50  -0.49   0.49   2.22 |   0.50  -0.50   0.50
 16 -1.00 -1.0  0.0000       1.043  1.8E-06   0.00 |  -0.14   0.16  -0.47   2.05 |  -0.13   0.13   0.50
  8  1.00  1.0  0.0000       1.043  1.8E-06   0.00 |   0.14   0.16   0.47   2.05 |   0.13   0.13  -0.50
 30 -1.00 -1.0  0.0000       1.606  1.1E-04   0.00 |   0.49   0.49  -0.45   2.18 |   0.48   0.48  -0.46
 18 -1.00  1.0  0.0000       1.606  1.1E-04   0.00 |  -0.49   0.49   0.45   2.18 |  -0.48   0.48   0.46
 26 -1.00  1.0  0.0000       1.721  1.1E-04   0.00 |  -0.00   0.00  -3.42   3.50 |  -0.01   0.01  -0.49
 38 -1.00 -1.0  0.0000       1.721  1.1E-04   0.00 |   0.00   0.00   3.42   3.50 |   0.01   0.01   0.49
__________________________________________________________________________________________________________
   Proton  wavefunctions
  i     P   Rz   occ          E       d2h    Delta |   JxT    JyT    Jz      J   |   SxT    SyT    Sz
----------------------------------------------------------------------------------------------------------
 49  1.00 -1.0  1.0000     -34.316  4.9E-11   0.00 |   0.50   0.50  -0.50   0.52 |   0.50   0.50  -0.50
 41  1.00  1.0  1.0000     -34.316  6.2E-11   0.00 |  -0.50   0.50   0.50   0.52 |  -0.50   0.50   0.50
 69 -1.00 -1.0  1.0000     -23.439  2.0E-10   0.00 |   0.85   0.85  -0.50   1.44 |   0.46   0.46  -0.42
 57 -1.00  1.0  1.0000     -23.439  2.1E-10   0.00 |  -0.85   0.85   0.50   1.44 |  -0.46   0.46   0.42
 59 -1.00  1.0  1.0000     -20.861  2.3E-09   0.02 |   0.00   0.00  -1.50   1.52 |   0.00   0.00  -0.50
 71 -1.00 -1.0  1.0000     -20.861  2.3E-09   0.02 |  -0.00   0.00   1.50   1.52 |  -0.00   0.00   0.50
 77 -1.00 -1.0  0.9948     -16.372  2.1E-09   1.04 |  -0.35  -0.35  -0.50   0.67 |   0.04   0.04   0.42
 65 -1.00  1.0  0.9948     -16.372  2.1E-09   1.04 |   0.35  -0.35   0.50   0.67 |  -0.04   0.04  -0.42
 42  1.00  1.0  0.9625     -12.115  1.5E-09   1.19 |  -1.30   1.30   0.50   2.29 |  -0.39   0.39   0.28
 50  1.00 -1.0  0.9625     -12.115  1.5E-09   1.19 |   1.30   1.30  -0.50   2.29 |   0.39   0.39  -0.28
 43  1.00  1.0  0.8393     -10.456  2.5E-09   1.35 |   0.00  -0.00  -1.50   2.49 |   0.00  -0.00  -0.43
 51  1.00 -1.0  0.8393     -10.456  2.5E-09   1.35 |  -0.00  -0.00   1.50   2.49 |  -0.00  -0.00   0.43
 44  1.00  1.0  0.1721      -8.027  7.2E-09   1.36 |  -0.00   0.00   2.50   2.52 |   0.00  -0.00   0.50
 52  1.00 -1.0  0.1721      -8.027  7.2E-09   1.36 |   0.00   0.00  -2.50   2.52 |  -0.00  -0.00  -0.50
 45  1.00  1.0  0.0224      -5.772  7.0E-09   1.06 |  -0.43   0.43   0.50   1.21 |  -0.34   0.34   0.18
 53  1.00 -1.0  0.0224      -5.772  7.0E-09   1.06 |   0.43   0.43  -0.50   1.21 |   0.34   0.34  -0.18
 54  1.00 -1.0  0.0079      -3.087  6.3E-09   1.09 |  -0.73  -0.73  -0.50   1.39 |   0.27   0.27  -0.04
 46  1.00  1.0  0.0079      -3.087  6.3E-09   1.09 |   0.73  -0.73   0.50   1.39 |  -0.27   0.27   0.04
 72 -1.00 -1.0  0.0005      -0.944  3.1E-09   0.38 |   1.62   1.62  -0.50   2.98 |   0.37   0.37  -0.23
 60 -1.00  1.0  0.0005      -0.944  3.1E-09   0.38 |  -1.62   1.62   0.50   2.98 |  -0.37   0.37   0.23
 55  1.00 -1.0  0.0005      -0.685  5.3E-09   0.37 |   0.00   0.00   1.50   1.57 |   0.00   0.00  -0.43
 47  1.00  1.0  0.0005      -0.685  5.3E-09   0.37 |  -0.00   0.00  -1.50   1.57 |  -0.00   0.00   0.43
 73 -1.00 -1.0  0.0000       0.453  5.5E-09   0.11 |  -0.00  -0.00   1.50   3.30 |  -0.00  -0.00   0.36
 61 -1.00  1.0  0.0000       0.453  5.5E-09   0.11 |   0.00  -0.00  -1.50   3.30 |   0.00  -0.00  -0.36
 67 -1.00  1.0  0.0000       2.139  8.0E-07   0.00 |   0.48  -0.48   0.60   2.25 |   0.48  -0.48   0.50
 79 -1.00 -1.0  0.0000       2.139  8.0E-07   0.00 |  -0.48  -0.48  -0.60   2.25 |  -0.48  -0.48  -0.50
 48  1.00  1.0  0.0000       2.361  3.7E-07   0.00 |   0.12   0.12   0.49   2.11 |   0.11   0.11  -0.50
 56 -1.00 -1.0  0.0000       2.361  3.7E-07   0.00 |  -0.12   0.12  -0.49   2.11 |  -0.11   0.11   0.50
 62 -1.00  1.0  0.0000       2.400  2.5E-05   0.02 |   0.01  -0.00   2.39   3.44 |   0.01  -0.01   0.45
 74 -1.00 -1.0  0.0000       2.400  2.5E-05   0.02 |  -0.01  -0.00  -2.39   3.44 |  -0.01  -0.01  -0.45
 75 -1.00 -1.0  0.0000       2.478  2.7E-05   0.01 |   0.25   0.27  -0.51   1.88 |   0.44   0.43  -0.37
 63 -1.00  1.0  0.0000       2.478  2.7E-05   0.01 |  -0.25   0.27   0.51   1.88 |  -0.44   0.43   0.37
 68 -1.00  1.0  0.0000       2.662  5.2E-06   0.00 |   0.52   0.78  -0.75   2.15 |   0.46   0.48  -0.48
 80 -1.00 -1.0  0.0000       2.662  5.2E-06   0.00 |  -0.52   0.78   0.75   2.15 |  -0.46   0.48   0.48
 76 -1.00 -1.0  0.0000       2.663  2.9E-06   0.00 |   0.90  -0.43   0.25   2.09 |   0.49  -0.45   0.46
 64 -1.00  1.0  0.0000       2.663  2.9E-06   0.00 |  -0.90  -0.43  -0.25   2.09 |  -0.49  -0.45  -0.46
 66 -1.00  1.0  0.0000       3.762  1.1E-08   0.00 |  -0.63   0.63   0.50   2.36 |  -0.44   0.44   0.37
 78 -1.00 -1.0  0.0000       3.762  1.1E-08   0.00 |   0.63   0.63  -0.50   2.36 |   0.44   0.44  -0.37
 70 -1.00 -1.0  0.0000       4.669  9.7E-07   0.00 |   0.00   0.00   3.21   3.60 |   0.00   0.00   0.50
 58 -1.00  1.0  0.0000       4.669  9.7E-07   0.00 |  -0.00   0.00  -3.21   3.60 |  -0.00   0.00  -0.50
----------------------------------------------------------------------------------------------------------
--------------------- Canonical    basis-------------------------------------------------------------------
__________________________________________________________________________________________________________
   Neutron wavefunctions
  i     P   Rz   occ          E       d2h    Delta |   JxT    JyT    Jz      J   |   SxT    SyT    Sz
----------------------------------------------------------------------------------------------------------
  9  1.00 -1.0  1.0000     -38.084  0.0E+00   0.00 |   0.50   0.50  -0.50   0.52 |   0.50   0.50  -0.50
  1  1.00  1.0  1.0000     -38.084  0.0E+00   0.00 |  -0.50   0.50   0.50   0.52 |  -0.50   0.50   0.50
 29 -1.00 -1.0  1.0000     -27.095  0.0E+00   0.00 |   0.84   0.84  -0.50   1.44 |   0.46   0.46  -0.43
 17 -1.00  1.0  1.0000     -27.095  0.0E+00   0.00 |  -0.84   0.84   0.50   1.44 |  -0.46   0.46   0.43
 31 -1.00 -1.0  1.0000     -24.087  0.0E+00   0.00 |  -0.00   0.00   1.50   1.52 |  -0.00   0.00   0.50
 19 -1.00  1.0  1.0000     -24.087  0.0E+00   0.00 |   0.00   0.00  -1.50   1.52 |   0.00   0.00  -0.50
 25 -1.00  1.0  1.0000     -19.598  0.0E+00   0.00 |   0.34  -0.34   0.50   0.68 |  -0.04   0.04  -0.43
 37 -1.00 -1.0  1.0000     -19.598  0.0E+00   0.00 |  -0.34  -0.34  -0.50   0.68 |   0.04   0.04   0.43
 10  1.00 -1.0  1.0000     -15.687  0.0E+00   0.00 |   1.28   1.28  -0.50   2.27 |   0.40   0.40  -0.29
  2  1.00  1.0  1.0000 *   -15.687  0.0E+00   0.00 |  -1.28   1.28   0.50   2.27 |  -0.40   0.40   0.29
  3  1.00  1.0  1.0000     -13.777  0.0E+00   0.00 |   0.00  -0.00  -1.50   2.49 |   0.00  -0.00  -0.43
 11  1.00 -1.0  1.0000     -13.777  0.0E+00   0.00 |  -0.00  -0.00   1.50   2.49 |  -0.00  -0.00   0.43
 12  1.00 -1.0  0.5000     -11.112  0.0E+00   0.00 |   0.00   0.00  -2.50   2.52 |  -0.00  -0.00  -0.50
  4  1.00  1.0  0.5000     -11.112  0.0E+00   0.00 |  -0.00   0.00   2.50   2.52 |   0.00  -0.00   0.50
  5  1.00  1.0  0.0000      -9.251  0.0E+00   0.00 |  -0.47   0.47   0.50   1.25 |  -0.34   0.34   0.18
 13  1.00 -1.0  0.0000      -9.251  0.0E+00   0.00 |   0.47   0.47  -0.50   1.25 |   0.34   0.34  -0.18
  6  1.00  1.0  0.0000      -6.322  0.0E+00   0.00 |   0.75  -0.75   0.50   1.40 |  -0.27   0.27   0.03
 14  1.00 -1.0  0.0000      -6.322  0.0E+00   0.00 |  -0.75  -0.75  -0.50   1.40 |   0.27   0.27  -0.03
 28 -1.00  1.0  0.0000      -4.459  0.0E+00   0.00 |  -1.60   1.60   0.50   2.95 |  -0.37   0.37   0.24
 40  1.00 -1.0  0.0000      -4.459  0.0E+00   0.00 |   1.60   1.60  -0.50   2.95 |   0.37   0.37  -0.24
 15  1.00 -1.0  0.0000      -3.667  0.0E+00   0.00 |   0.00   0.00   1.50   1.57 |   0.00   0.00  -0.43
  7  1.00  1.0  0.0000      -3.667  0.0E+00   0.00 |  -0.00   0.00  -1.50   1.57 |  -0.00   0.00   0.43
 21 -1.00  1.0  0.0000      -2.906  0.0E+00   0.00 |   0.00  -0.00  -1.50   3.31 |   0.00  -0.00  -0.36
 33 -1.00 -1.0  0.0000      -2.906  0.0E+00   0.00 |  -0.00  -0.00   1.50   3.31 |  -0.00  -0.00   0.36
 34 -1.00 -1.0  0.0000      -0.830  0.0E+00   0.00 |   0.00   0.00  -2.50   3.50 |  -0.00  -0.00  -0.45
 22 -1.00  1.0  0.0000      -0.830  0.0E+00   0.00 |  -0.00   0.00   2.50   3.50 |   0.00  -0.00   0.45
 35 -1.00 -1.0  0.0000      -0.233  0.0E+00   0.00 |   0.67   0.67  -0.50   2.01 |   0.40   0.40  -0.31
 23 -1.00  1.0  0.0000      -0.233  0.0E+00   0.00 |  -0.67   0.67   0.50   2.01 |  -0.40   0.40   0.31
 32 -1.00 -1.0  0.0000       0.889  0.0E+00   0.00 |  -0.40   0.45   1.20   1.96 |  -0.35   0.35   0.49
 20 -1.00  1.0  0.0000       0.889  0.0E+00   0.00 |   0.40   0.45  -1.20   1.96 |   0.35   0.35  -0.49
 36 -1.00 -1.0  0.0000       0.911  0.0E+00   0.00 |   0.55  -0.30  -0.19   1.68 |   0.36  -0.34   0.48
 24 -1.00  1.0  0.0000       0.911  0.0E+00   0.00 |  -0.55  -0.30   0.19   1.68 |  -0.36  -0.34  -0.48
 39 -1.00 -1.0  0.0000       1.039  0.0E+00   0.00 |  -0.50  -0.49  -0.49   2.22 |  -0.50  -0.50  -0.50
 27 -1.00  1.0  0.0000       1.039  0.0E+00   0.00 |   0.50  -0.49   0.49   2.22 |   0.50  -0.50   0.50
 16 -1.00 -1.0  0.0000       1.043  0.0E+00   0.00 |  -0.14   0.16  -0.47   2.05 |  -0.13   0.13   0.50
  8  1.00  1.0  0.0000       1.043  0.0E+00   0.00 |   0.14   0.16   0.47   2.05 |   0.13   0.13  -0.50
 30 -1.00 -1.0  0.0000       1.606  0.0E+00   0.00 |   0.49   0.49  -0.45   2.18 |   0.48   0.48  -0.46
 18 -1.00  1.0  0.0000       1.606  0.0E+00   0.00 |  -0.49   0.49   0.45   2.18 |  -0.48   0.48   0.46
 26 -1.00  1.0  0.0000       1.721  0.0E+00   0.00 |  -0.00   0.00  -3.42   3.50 |  -0.01   0.01  -0.49
 38 -1.00 -1.0  0.0000       1.721  0.0E+00   0.00 |   0.00   0.00   3.42   3.50 |   0.01   0.01   0.49
__________________________________________________________________________________________________________
   Proton  wavefunctions
  i     P   Rz   occ          E       d2h    Delta |   JxT    JyT    Jz      J   |   SxT    SyT    Sz
----------------------------------------------------------------------------------------------------------
 49  1.00 -1.0  1.0000     -34.316  0.0E+00   0.00 |   0.50   0.50  -0.50   0.52 |   0.50   0.50  -0.50
 41  1.00  1.0  1.0000     -34.316  0.0E+00  -0.00 |  -0.50   0.50   0.50   0.52 |  -0.50   0.50   0.50
 69 -1.00 -1.0  1.0000     -23.439  0.0E+00   0.00 |   0.85   0.85  -0.50   1.44 |   0.46   0.46  -0.42
 57 -1.00  1.0  1.0000     -23.439  0.0E+00  -0.00 |  -0.85   0.85   0.50   1.44 |  -0.46   0.46   0.42
 59 -1.00  1.0  1.0000     -20.861  0.0E+00  -0.02 |   0.00   0.00  -1.50   1.52 |   0.00   0.00  -0.50
 71 -1.00 -1.0  1.0000     -20.861  0.0E+00   0.02 |  -0.00   0.00   1.50   1.52 |  -0.00   0.00   0.50
 77 -1.00 -1.0  0.9948     -16.372  0.0E+00   1.04 |  -0.35  -0.35  -0.50   0.67 |   0.04   0.04   0.42
 65 -1.00  1.0  0.9948     -16.372  0.0E+00  -1.04 |   0.35  -0.35   0.50   0.67 |  -0.04   0.04  -0.42
 42  1.00  1.0  0.9625     -12.115  0.0E+00  -1.19 |  -1.30   1.30   0.50   2.29 |  -0.39   0.39   0.28
 50  1.00 -1.0  0.9625     -12.115  0.0E+00   1.19 |   1.30   1.30  -0.50   2.29 |   0.39   0.39  -0.28
 43  1.00  1.0  0.8393     -10.456  0.0E+00  -1.35 |   0.00  -0.00  -1.50   2.49 |   0.00  -0.00  -0.43
 51  1.00 -1.0  0.8393     -10.456  0.0E+00   1.35 |  -0.00  -0.00   1.50   2.49 |  -0.00  -0.00   0.43
 44  1.00  1.0  0.1721      -8.027  0.0E+00  -1.36 |  -0.00   0.00   2.50   2.52 |   0.00  -0.00   0.50
 52  1.00 -1.0  0.1721      -8.027  0.0E+00   1.36 |   0.00   0.00  -2.50   2.52 |  -0.00  -0.00  -0.50
 45  1.00  1.0  0.0224      -5.772  0.0E+00  -1.06 |  -0.43   0.43   0.50   1.21 |  -0.34   0.34   0.18
 53  1.00 -1.0  0.0224      -5.772  0.0E+00   1.06 |   0.43   0.43  -0.50   1.21 |   0.34   0.34  -0.18
 54  1.00 -1.0  0.0079      -3.087  0.0E+00   1.09 |  -0.73  -0.73  -0.50   1.39 |   0.27   0.27  -0.04
 46  1.00  1.0  0.0079      -3.087  0.0E+00  -1.09 |   0.73  -0.73   0.50   1.39 |  -0.27   0.27   0.04
 80 -1.00 -1.0  0.0005      -0.944  0.0E+00   0.38 |   1.62   1.62  -0.50   2.98 |   0.37   0.37  -0.23
 68 -1.00  1.0  0.0005      -0.944  0.0E+00  -0.38 |  -1.62   1.62   0.50   2.98 |  -0.37   0.37   0.23
 55  1.00 -1.0  0.0005      -0.685  0.0E+00   0.37 |   0.00   0.00   1.50   1.57 |   0.00   0.00  -0.43
 47  1.00  1.0  0.0005      -0.685  0.0E+00  -0.37 |  -0.00   0.00  -1.50   1.57 |  -0.00   0.00   0.43
 73 -1.00 -1.0  0.0000       0.453  0.0E+00   0.11 |  -0.00  -0.00   1.50   3.30 |  -0.00  -0.00   0.36
 61 -1.00  1.0  0.0000       0.453  0.0E+00  -0.11 |   0.00  -0.00  -1.50   3.30 |   0.00  -0.00  -0.36
 67 -1.00  1.0  0.0000       2.139  0.0E+00  -0.00 |   0.48  -0.48   0.60   2.25 |   0.48  -0.48   0.50
 79 -1.00 -1.0  0.0000       2.139  0.0E+00   0.00 |  -0.48  -0.48  -0.60   2.25 |  -0.48  -0.48  -0.50
 48  1.00  1.0  0.0000       2.361  0.0E+00  -0.00 |   0.12   0.12   0.49   2.11 |   0.11   0.11  -0.50
 56 -1.00 -1.0  0.0000       2.361  0.0E+00   0.00 |  -0.12   0.12  -0.49   2.11 |  -0.11   0.11   0.50
 62 -1.00  1.0  0.0000       2.400  0.0E+00  -0.02 |   0.01  -0.00   2.39   3.44 |   0.01  -0.01   0.45
 74 -1.00 -1.0  0.0000       2.400  0.0E+00   0.02 |  -0.01  -0.00  -2.39   3.44 |  -0.01  -0.01  -0.45
 75 -1.00 -1.0  0.0000       2.478  0.0E+00   0.00 |   0.25   0.27  -0.51   1.88 |   0.44   0.43  -0.37
 63 -1.00  1.0  0.0000       2.478  0.0E+00  -0.00 |  -0.25   0.27   0.51   1.88 |  -0.44   0.43   0.37
 60 -1.00  1.0  0.0000       2.662  0.0E+00  -0.00 |   0.52   0.78  -0.75   2.15 |   0.46   0.48  -0.48
 72 -1.00 -1.0  0.0000       2.662  0.0E+00   0.00 |  -0.52   0.78   0.75   2.15 |  -0.46   0.48   0.48
 76 -1.00 -1.0  0.0000       2.663  0.0E+00   0.00 |   0.90  -0.43   0.25   2.09 |   0.49  -0.45   0.46
 64 -1.00  1.0  0.0000       2.663  0.0E+00  -0.00 |  -0.90  -0.43  -0.25   2.09 |  -0.49  -0.45  -0.46
 66 -1.00  1.0  0.0000       3.762  0.0E+00  -0.00 |  -0.63   0.63   0.50   2.36 |  -0.44   0.44   0.37
 78 -1.00 -1.0  0.0000       3.762  0.0E+00   0.00 |   0.63   0.63  -0.50   2.36 |   0.44   0.44  -0.37
 70 -1.00 -1.0  0.0000       4.669  0.0E+00   0.00 |   0.00   0.00   3.21   3.60 |   0.00   0.00   0.50
 58 -1.00  1.0  0.0000       4.669  0.0E+00  -0.00 |  -0.00   0.00  -3.21   3.60 |  -0.00   0.00  -0.50
----------------------------------------------------------------------------------------------------------
---------------------------------Quasiparticles---------------------------------
Block 1:  P=+1  neutrons
  N      Eqp       f_n      |   U   V  |   B  P  ov_TR |    JxT    JyT    Jz
________________________________________________________________________________
  1    -26.19      0.00E+00 |    1   0 |   -  -  0.000 |    0.00   0.00   0.50
  2    -12.94      0.00E+00 |    0  16 |   -  -  0.000 |    0.00   0.00   0.47
  3     -8.23      0.00E+00 |    0  15 |   -  -  0.000 |    0.00   0.00  -1.50
  4     -5.57      0.00E+00 |    0  14 |   -  -  0.000 |    0.00   0.00   0.50
  5     -3.79      0.00E+00 |    2   0 |   -  -  0.000 |    0.00   0.00   0.50
  6     -2.65      0.00E+00 |    0  13 |   -  -  0.000 |    0.00   0.00   0.50
  7     -1.88      0.00E+00 |    3   0 |   -  -  0.000 |    0.00   0.00  -1.50
  8     -0.78      5.00E-01 |    0  12 |   -  -  0.000 |    0.00   0.00   2.50
  9    -26.19      0.00E+00 |    9   0 |   -  -  0.000 |    0.00   0.00  -0.50
 10    -12.94      0.00E+00 |    0   8 |   -  -  0.000 |    0.00   0.00  -0.47
 11     -8.23      0.00E+00 |    0   7 |   -  -  0.000 |    0.00   0.00   1.50
 12     -5.57      0.00E+00 |    0   6 |   -  -  0.000 |    0.00   0.00  -0.50
 13     -3.79      0.00E+00 |   10   0 |   -  -  0.000 |    0.00   0.00  -0.50
 14     -2.65      0.00E+00 |    0   5 |   -  -  0.000 |    0.00   0.00  -0.50
 15     -1.88      0.00E+00 |   11   0 |   -  -  0.000 |    0.00   0.00   1.50
 16     -0.78      5.00E-01 |    0   4 |   -  -  0.000 |    0.00   0.00  -2.50
 17      0.78      5.00E-01 |    4   0 |   B  -  1.000 |    0.00   0.00   2.50
 18      1.88      1.00E+00 |    0  11 |   -  -  0.000 |    0.00   0.00  -1.50
 19      2.65      1.00E+00 |    5   0 |   -  -  0.000 |    0.00   0.00   0.50
 20      3.79      1.00E+00 |    0  10 |   -  -  0.000 |    0.00   0.00   0.50
 21      5.57      1.00E+00 |    6   0 |   -  -  0.000 |    0.00   0.00   0.50
 22      8.23      1.00E+00 |    7   0 |   -  -  0.000 |    0.00   0.00  -1.50
 23     12.94      1.00E+00 |    8   0 |   -  -  0.000 |    0.00   0.00   0.47
 24     26.19      1.00E+00 |    0   9 |   -  -  0.000 |    0.00   0.00   0.50
 25      0.78      5.00E-01 |   12   0 |   B  -  0.000 |    0.00   0.00  -2.50
 26      1.88      1.00E+00 |    0   3 |   -  -  0.000 |    0.00   0.00   1.50
 27      2.65      1.00E+00 |   13   0 |   -  -  0.000 |    0.00   0.00  -0.50
 28      3.79      1.00E+00 |    0   2 |   -  -  0.000 |    0.00   0.00  -0.50
 29      5.57      1.00E+00 |   14   0 |   -  -  0.000 |    0.00   0.00  -0.50
 30      8.23      1.00E+00 |   15   0 |   -  -  0.000 |    0.00   0.00   1.50
 31     12.94      1.00E+00 |   16   0 |   -  -  0.000 |    0.00   0.00  -0.47
 32     26.19      1.00E+00 |    0   1 |   -  -  0.000 |    0.00   0.00  -0.50

Block 3:  P=-1  neutrons
  N      Eqp       f_n      |   U   V  |   B  P  ov_TR |    JxT    JyT    Jz
________________________________________________________________________________
  1    -15.20      0.00E+00 |   17   0 |   -  -  0.000 |    0.00   0.00   0.50
  2    -13.62      0.00E+00 |    0  38 |   -  -  0.000 |    0.00   0.00  -3.42
  3    -13.50      0.00E+00 |    0  30 |   -  -  0.000 |    0.00   0.00   0.45
  4    -12.94      0.00E+00 |    0  39 |   -  -  0.000 |    0.00   0.00   0.49
  5    -12.81      0.00E+00 |    0  36 |   -  -  0.000 |    0.00   0.00   0.19
  6    -12.79      0.00E+00 |    0  40 |   -  -  0.000 |    0.00   0.00  -1.20
  7    -12.19      0.00E+00 |   19   0 |   -  -  0.000 |    0.00   0.00  -1.50
  8    -11.66      0.00E+00 |    0  35 |   -  -  0.000 |    0.00   0.00   0.50
  9    -11.07      0.00E+00 |    0  34 |   -  -  0.000 |    0.00   0.00   2.50
 10     -8.99      0.00E+00 |    0  33 |   -  -  0.000 |    0.00   0.00  -1.50
 11     -7.70      0.00E+00 |   25   0 |   -  -  0.000 |    0.00   0.00   0.50
 12     -7.44      0.00E+00 |    0  32 |   -  -  0.000 |    0.00   0.00   0.50
 13    -15.20      0.00E+00 |   29   0 |   -  -  0.000 |    0.00   0.00  -0.50
 14    -13.62      0.00E+00 |    0  26 |   -  -  0.000 |    0.00   0.00   3.42
 15    -13.50      0.00E+00 |    0  18 |   -  -  0.000 |    0.00   0.00  -0.45
 16    -12.94      0.00E+00 |    0  27 |   -  -  0.000 |    0.00   0.00  -0.49
 17    -12.81      0.00E+00 |    0  24 |   -  -  0.000 |    0.00   0.00  -0.19
 18    -12.79      0.00E+00 |    0  28 |   -  -  0.000 |    0.00   0.00   1.20
 19    -12.19      0.00E+00 |   31   0 |   -  -  0.000 |    0.00   0.00   1.50
 20    -11.66      0.00E+00 |    0  23 |   -  -  0.000 |    0.00   0.00  -0.50
 21    -11.07      0.00E+00 |    0  22 |   -  -  0.000 |    0.00   0.00  -2.50
 22     -8.99      0.00E+00 |    0  21 |   -  -  0.000 |    0.00   0.00   1.50
 23     -7.70      0.00E+00 |   37   0 |   -  -  0.000 |    0.00   0.00  -0.50
 24     -7.44      0.00E+00 |    0  20 |   -  -  0.000 |    0.00   0.00  -0.50
 25      7.44      1.00E+00 |   20   0 |   -  -  0.000 |    0.00   0.00   0.50
 26      7.70      1.00E+00 |    0  37 |   -  -  0.000 |    0.00   0.00   0.50
 27      8.99      1.00E+00 |   21   0 |   -  -  0.000 |    0.00   0.00  -1.50
 28     11.07      1.00E+00 |   22   0 |   -  -  0.000 |    0.00   0.00   2.50
 29     11.66      1.00E+00 |   23   0 |   -  -  0.000 |    0.00   0.00   0.50
 30     12.19      1.00E+00 |    0  31 |   -  -  0.000 |    0.00   0.00  -1.50
 31     12.79      1.00E+00 |   28   0 |   -  -  0.000 |    0.00   0.00  -1.20
 32     12.81      1.00E+00 |   24   0 |   -  -  0.000 |    0.00   0.00   0.19
 33     12.94      1.00E+00 |   27   0 |   -  -  0.000 |    0.00   0.00   0.49
 34     13.50      1.00E+00 |   18   0 |   -  -  0.000 |    0.00   0.00   0.45
 35     13.62      1.00E+00 |   26   0 |   -  -  0.000 |    0.00   0.00  -3.42
 36     15.20      1.00E+00 |    0  29 |   -  -  0.000 |    0.00   0.00   0.50
 37      7.44      1.00E+00 |   32   0 |   -  -  0.000 |    0.00   0.00  -0.50
 38      7.70      1.00E+00 |    0  25 |   -  -  0.000 |    0.00   0.00  -0.50
 39      8.99      1.00E+00 |   33   0 |   -  -  0.000 |    0.00   0.00   1.50
 40     11.07      1.00E+00 |   34   0 |   -  -  0.000 |    0.00   0.00  -2.50
 41     11.66      1.00E+00 |   35   0 |   -  -  0.000 |    0.00   0.00  -0.50
 42     12.19      1.00E+00 |    0  19 |   -  -  0.000 |    0.00   0.00   1.50
 43     12.79      1.00E+00 |   40   0 |   -  -  0.000 |    0.00   0.00   1.20
 44     12.81      1.00E+00 |   36   0 |   -  -  0.000 |    0.00   0.00  -0.19
 45     12.94      1.00E+00 |   39   0 |   -  -  0.000 |    0.00   0.00  -0.49
 46     13.50      1.00E+00 |   30   0 |   -  -  0.000 |    0.00   0.00  -0.45
 47     13.62      1.00E+00 |   38   0 |   -  -  0.000 |    0.00   0.00   3.42
 48     15.20      1.00E+00 |    0  17 |   -  -  0.000 |    0.00   0.00  -0.50

Block 5:  P=+1   protons
  N      Eqp       f_n      |   U   V  |   B  P  ov_TR |    JxT    JyT    Jz
________________________________________________________________________________
  1    -25.10      0.00E+00 |   41   0 |   -  -  0.000 |    0.00   0.00   0.50
  2    -11.57      0.00E+00 |    0  56 |   -  -  0.000 |    0.00   0.00   0.49
  3     -8.54      0.00E+00 |    0  55 |   -  -  0.000 |    0.00   0.00  -1.50
  4     -6.22      0.00E+00 |    0  54 |   -  -  0.000 |    0.00   0.00   0.50
  5     -3.63      0.00E+00 |   42  53 |   -  -  0.000 |    0.00   0.00   0.50
  6     -3.11      0.00E+00 |   42  53 |   -  -  0.000 |    0.00   0.00   0.50
  7     -1.83      0.00E+00 |   43  51 |   -  -  0.000 |    0.00   0.00  -1.50
  8     -1.81      0.00E+00 |   44  52 |   -  -  0.000 |    0.00   0.00   2.50
  9    -25.10      0.00E+00 |   49   0 |   -  -  0.000 |    0.00   0.00  -0.50
 10    -11.57      0.00E+00 |    0  48 |   -  -  0.000 |    0.00   0.00  -0.49
 11     -8.54      0.00E+00 |    0  47 |   -  -  0.000 |    0.00   0.00   1.50
 12     -6.22      0.00E+00 |    0  46 |   -  -  0.000 |    0.00   0.00  -0.50
 13     -3.63      0.00E+00 |   50  45 |   -  -  0.000 |    0.00   0.00  -0.50
 14     -3.11      0.00E+00 |   50  45 |   -  -  0.000 |    0.00   0.00  -0.50
 15     -1.83      0.00E+00 |   51  43 |   -  -  0.000 |    0.00   0.00   1.50
 16     -1.81      0.00E+00 |   52  44 |   -  -  0.000 |    0.00   0.00  -2.50
 17      1.81      1.00E+00 |   44  52 |   -  -  0.000 |    0.00   0.00   2.50
 18      1.83      1.00E+00 |   43  51 |   -  -  0.000 |    0.00   0.00  -1.50
 19      3.11      1.00E+00 |   45  50 |   -  -  0.000 |    0.00   0.00   0.50
 20      3.63      1.00E+00 |   45  50 |   -  -  0.000 |    0.00   0.00   0.50
 21      6.22      1.00E+00 |   46   0 |   -  -  0.000 |    0.00   0.00   0.50
 22      8.54      1.00E+00 |   47   0 |   -  -  0.000 |    0.00   0.00  -1.50
 23     11.57      1.00E+00 |   48   0 |   -  -  0.000 |    0.00   0.00   0.49
 24     25.10      1.00E+00 |    0  49 |   -  -  0.000 |    0.00   0.00   0.50
 25      1.81      1.00E+00 |   52  44 |   -  -  0.000 |    0.00   0.00  -2.50
 26      1.83      1.00E+00 |   51  43 |   -  -  0.000 |    0.00   0.00   1.50
 27      3.11      1.00E+00 |   53  42 |   -  -  0.000 |    0.00   0.00  -0.50
 28      3.63      1.00E+00 |   53  42 |   -  -  0.000 |    0.00   0.00  -0.50
 29      6.22      1.00E+00 |   54   0 |   -  -  0.000 |    0.00   0.00  -0.50
 30      8.54      1.00E+00 |   55   0 |   -  -  0.000 |    0.00   0.00   1.50
 31     11.57      1.00E+00 |   56   0 |   -  -  0.000 |    0.00   0.00  -0.49
 32     25.10      1.00E+00 |    0  41 |   -  -  0.000 |    0.00   0.00  -0.50

Block 7:  P=-1   protons
  N      Eqp       f_n      |   U   V  |   B  P  ov_TR |    JxT    JyT    Jz
________________________________________________________________________________
  1    -14.23      0.00E+00 |   57   0 |   -  -  0.000 |    0.00   0.00   0.50
  2    -13.88      0.00E+00 |    0  70 |   -  -  0.000 |    0.00   0.00  -3.21
  3    -12.98      0.00E+00 |    0  78 |   -  -  0.000 |    0.00   0.00   0.50
  4    -11.88      0.00E+00 |    0  76 |   -  -  0.000 |    0.00   0.00  -0.25
  5    -11.87      0.00E+00 |    0  80 |   -  -  0.000 |    0.00   0.00  -0.75
  6    -11.69      0.00E+00 |    0  75 |   -  -  0.000 |    0.00   0.00   0.51
  7    -11.65      0.00E+00 |   59   0 |   -  -  0.000 |    0.00   0.00  -1.50
  8    -11.61      0.00E+00 |    0  74 |   -  -  0.000 |    0.00   0.00   2.39
  9    -11.35      0.00E+00 |    0  79 |   -  -  0.000 |    0.00   0.00   0.60
 10     -9.67      0.00E+00 |    0  73 |   -  -  0.000 |    0.00   0.00  -1.50
 11     -8.28      0.00E+00 |    0  72 |   -  -  0.000 |    0.00   0.00   0.50
 12     -7.23      0.00E+00 |   65   0 |   -  -  0.000 |    0.00   0.00   0.50
 13    -14.23      0.00E+00 |   69   0 |   -  -  0.000 |    0.00   0.00  -0.50
 14    -13.88      0.00E+00 |    0  58 |   -  -  0.000 |    0.00   0.00   3.21
 15    -12.98      0.00E+00 |    0  66 |   -  -  0.000 |    0.00   0.00  -0.50
 16    -11.88      0.00E+00 |    0  64 |   -  -  0.000 |    0.00   0.00   0.25
 17    -11.87      0.00E+00 |    0  68 |   -  -  0.000 |    0.00   0.00   0.75
 18    -11.69      0.00E+00 |    0  63 |   -  -  0.000 |    0.00   0.00  -0.51
 19    -11.65      0.00E+00 |   71   0 |   -  -  0.000 |    0.00   0.00   1.50
 20    -11.61      0.00E+00 |    0  62 |   -  -  0.000 |    0.00   0.00  -2.39
 21    -11.35      0.00E+00 |    0  67 |   -  -  0.000 |    0.00   0.00  -0.60
 22     -9.67      0.00E+00 |    0  61 |   -  -  0.000 |    0.00   0.00   1.50
 23     -8.28      0.00E+00 |    0  60 |   -  -  0.000 |    0.00   0.00  -0.50
 24     -7.23      0.00E+00 |   77   0 |   -  -  0.000 |    0.00   0.00  -0.50
 25      7.23      1.00E+00 |    0  77 |   -  -  0.000 |    0.00   0.00   0.50
 26      8.28      1.00E+00 |   60   0 |   -  -  0.000 |    0.00   0.00   0.50
 27      9.67      1.00E+00 |   61   0 |   -  -  0.000 |    0.00   0.00  -1.50
 28     11.35      1.00E+00 |   67   0 |   -  -  0.000 |    0.00   0.00   0.60
 29     11.61      1.00E+00 |   62   0 |   -  -  0.000 |    0.00   0.00   2.39
 30     11.65      1.00E+00 |    0  71 |   -  -  0.000 |    0.00   0.00  -1.50
 31     11.69      1.00E+00 |   63   0 |   -  -  0.000 |    0.00   0.00   0.51
 32     11.87      1.00E+00 |   68   0 |   -  -  0.000 |    0.00   0.00  -0.75
 33     11.88      1.00E+00 |   64   0 |   -  -  0.000 |    0.00   0.00  -0.25
 34     12.98      1.00E+00 |   66   0 |   -  -  0.000 |    0.00   0.00   0.50
 35     13.88      1.00E+00 |   58   0 |   -  -  0.000 |    0.00   0.00  -3.21
 36     14.23      1.00E+00 |    0  69 |   -  -  0.000 |    0.00   0.00   0.50
 37      7.23      1.00E+00 |    0  65 |   -  -  0.000 |    0.00   0.00  -0.50
 38      8.28      1.00E+00 |   72   0 |   -  -  0.000 |    0.00   0.00  -0.50
 39      9.67      1.00E+00 |   73   0 |   -  -  0.000 |    0.00   0.00   1.50
 40     11.35      1.00E+00 |   79   0 |   -  -  0.000 |    0.00   0.00  -0.60
 41     11.61      1.00E+00 |   74   0 |   -  -  0.000 |    0.00   0.00  -2.39
 42     11.65      1.00E+00 |    0  59 |   -  -  0.000 |    0.00   0.00   1.50
 43     11.69      1.00E+00 |   75   0 |   -  -  0.000 |    0.00   0.00  -0.51
 44     11.87      1.00E+00 |   80   0 |   -  -  0.000 |    0.00   0.00   0.75
 45     11.88      1.00E+00 |   76   0 |   -  -  0.000 |    0.00   0.00   0.25
 46     12.98      1.00E+00 |   78   0 |   -  -  0.000 |    0.00   0.00  -0.50
 47     13.88      1.00E+00 |   70   0 |   -  -  0.000 |    0.00   0.00   3.21
 48     14.23      1.00E+00 |    0  57 |   -  -  0.000 |    0.00   0.00  -0.50

--------------------------------------------------------------------------------
------------------------ Electric Multipole Moments -------------------------
Quantisation Axis             : Z
  With secondary axis ordering: X,Y
______________________________________________________________________________
                   Neutrons        Protons          Charge         Total
______________________________________________________________________________
 Particles           13.0000         12.0000         12.0000         25.0000

Re  Q_{ 2 0}         12.7123         12.6239         12.6239         25.3362
Re  Q_{ 2 2}          0.0018          0.0014          0.0014          0.0033

Re  Q_{ 4 0}         28.8016         30.6002         31.4922         59.4018
Re  Q_{ 4 2}          0.0122          0.0118          0.0118          0.0240
Re  Q_{ 4 4}         -0.3684         -0.3182          0.2152         -0.6866

Re  Q_{ 6 0}         33.6165         42.5298         70.4235         76.1463
Re  Q_{ 6 2}          0.0530          0.0677          0.0687          0.1207
Re  Q_{ 6 4}          1.0242          1.1656          9.0723          2.1898
Re  Q_{ 6 6}          0.0006          0.0052          0.0073          0.0058

Re  Q_{ 8 0}        -80.9554         11.1259        289.3075        -69.8294
Re  Q_{ 8 2}          0.1450        -22.1197        -19.6418        -21.9748
Re  Q_{ 8 4}         58.6319         40.5611        113.2816         99.1930
Re  Q_{ 8 6}         -0.0115         -7.5757         -7.5800         -7.5872
Re  Q_{ 8 8}         38.6702         38.7307         39.6430         77.4009

Re  Q_{10 0}      -1147.4053      12721.6514      13302.4069      11574.2461
Re  Q_{10 2}         -0.1453        220.1972        236.4180        220.0520
Re  Q_{10 4}      -1427.3035        600.5440       1639.3521       -826.7595
Re  Q_{10 6}         -0.1326      -2343.8273      -2355.7568      -2343.9599
Re  Q_{10 8}      -2462.7535      -3702.2359      -3415.3607      -6164.9895
Re  Q_{1010}          0.3260       -218.0413       -206.4725       -217.7153

 RMS radius           2.9887          2.9786          3.0250          2.9839
 Fourth mom.          3.2904          3.2824          3.3412          3.2865
______________________________________________________________________________
                   Neutrons        Protons          Charge         Total
______________________________________________________________________________

Beta_{ 2 0}       0.17300168      0.17179852      0.17179844      0.34480020
Beta_{ 2 2}       0.00002516      0.00001963      0.00001963      0.00004479

Beta_{ 4 0}       0.03183609      0.03382425      0.03481026      0.06566034
Beta_{ 4 2}       0.00001352      0.00001304      0.00001299      0.00002656
Beta_{ 4 4}      -0.00040723     -0.00035175      0.00023787     -0.00075898

Beta_{ 6 0}       0.00301810      0.00381834      0.00632264      0.00683643
Beta_{ 6 2}       0.00000476      0.00000608      0.00000617      0.00001084
Beta_{ 6 4}       0.00009195      0.00010465      0.00081451      0.00019660
Beta_{ 6 6}       0.00000006      0.00000046      0.00000065      0.00000052

Beta_{ 8 0}      -0.00059034      0.00008113      0.00210969     -0.00050921
Beta_{ 8 2}       0.00000106     -0.00016130     -0.00014323     -0.00016024
Beta_{ 8 4}       0.00042756      0.00029578      0.00082607      0.00072334
Beta_{ 8 6}      -0.00000008     -0.00005524     -0.00005527     -0.00005533
Beta_{ 8 8}       0.00028199      0.00028243      0.00028908      0.00056442

Beta_{10 0}      -0.00067960      0.00753494      0.00787891      0.00685534
Beta_{10 2}      -0.00000009      0.00013042      0.00014003      0.00013034
Beta_{10 4}      -0.00084538      0.00035570      0.00097098     -0.00048968
Beta_{10 6}      -0.00000008     -0.00138823     -0.00139530     -0.00138831
Beta_{10 8}      -0.00145867     -0.00219281     -0.00202289     -0.00365148
Beta_{1010}       0.00000019     -0.00012914     -0.00012229     -0.00012895


______________________________________________________________________________
                   Neutrons        Protons          Charge         Total
______________________________________________________________________________
Q_{ 2}               12.7123         12.6239         12.6239         25.3362
Q_{ 4}               28.8063         30.6035         31.4937         59.4097
Q_{ 6}               33.6477         42.5618         71.5827         76.2094
Q_{ 8}              128.1404         86.6469        336.7401        193.9519
Q_{10}             4185.8380      14182.8746      14729.3783      14917.2507
______________________________________________________________________________
                   Neutrons        Protons          Charge         Total
______________________________________________________________________________
Beta_{   2}       0.17300169      0.17179852      0.17179844      0.34480021
Beta_{   4}       0.03184130      0.03382791      0.03481189      0.06566912
Beta_{   6}       0.00302091      0.00382121      0.00642672      0.00684210
Beta_{   8}       0.00093443      0.00063185      0.00245558      0.00141434
Beta_{  10}       0.00247924      0.00840041      0.00872410      0.00883537
______________________________________________________________________________
 Cart. Moments X              Y              Z
 Cart. N      -20.1460284    -20.1603850     40.3064134
 Cart. P      -20.0074467    -20.0186498     40.0260964
 Cart. T      -40.1534751    -40.1790348     80.3325099
 (Q, gamma)    Q              Gamma
 (Q,g) N       40.3064143      0.0117825
 (Q,g) P       40.0260970      0.0092589
 (Q,g) T       80.3325112      0.0105251
 (iq1, iq2)    iq1            iq2
 iq    N       40.3016279      0.0095710
 iq    P       40.0223621      0.0074687
 iq    T       80.3239900      0.0170398
               X^2            Y^2            Z^2
 X^2_i N       31.9907108     31.9859253     52.1415248
 X^2_i P       28.8202341     28.8164997     48.8314151
 X^2_i T       60.8109449     60.8024250    100.9729399
----------------------------------------------------------------------------
--------------- Magnetic Multipole Moments ----------------
Quantisation Axis             : Z
  With secondary axis ordering: X,Y
 Units: 
   spin/orbit/total: hbar fm^(l-1)
   phys:             mu_N fm^(l-1)
______________________________________________________________________________
 Re Q^m_{ 1 0}     X           Y            Z        total
 Spin     n   -1.297E-18   4.280E-18   6.754E-15   6.757E-15
          p   -4.674E-19   9.523E-19   2.075E-15   2.075E-15
          t   -1.765E-18   5.232E-18   8.829E-15   8.832E-15
 Orbital  n    6.347E-15   6.407E-15   3.001E-17   1.278E-14
          p    3.067E-15   3.039E-15   2.463E-17   6.131E-15
          t    9.414E-15   9.446E-15   5.463E-17   1.892E-14
 Total    n    6.346E-15   6.411E-15   6.784E-15   1.954E-14
          p    3.067E-15   3.040E-15   2.100E-15   8.206E-15
          t    9.412E-15   9.451E-15   8.884E-15   2.775E-14
 Phys     n    4.964E-18  -1.637E-17  -2.584E-14  -2.585E-14
          p    3.064E-15   3.044E-15   1.162E-14   1.772E-14
          t    3.069E-15   3.028E-15  -1.422E-14  -8.127E-15
____________________________________________________________
 mu_z  n                                           -0.000000
 mu_z  p(S)                                         0.000000
 mu_z  p(L)                                         0.000000
 mu_z  p                                            0.000000
 mu_z  t                                           -0.000000
______________________________________________________________________________
 Re Q^m_{ 3 0}     X           Y            Z        total
 Spin     n    9.179E-15   7.025E-15   1.596E-14   3.217E-14
          p   -5.826E-15  -7.186E-15  -2.650E-14  -3.951E-14
          t    3.353E-15  -1.608E-16  -1.054E-14  -7.345E-15
 Orbital  n   -9.624E-15  -1.293E-14   7.819E-14   5.564E-14
          p   -6.234E-15  -6.789E-15   2.280E-14   9.781E-15
          t   -1.586E-14  -1.972E-14   1.010E-13   6.542E-14
 Total    n   -4.442E-16  -5.902E-15   9.415E-14   8.780E-14
          p   -1.206E-14  -1.398E-14  -3.695E-15  -2.973E-14
          t   -1.250E-14  -1.988E-14   9.046E-14   5.807E-14
 Phys     n   -3.512E-14  -2.688E-14  -6.107E-14  -1.231E-13
          p   -3.878E-14  -4.693E-14  -1.252E-13  -2.109E-13
          t   -7.390E-14  -7.381E-14  -1.863E-13  -3.340E-13
______________________________________________________________________________
 Re Q^m_{ 3 2}     X           Y            Z        total
 Spin     n   -8.379E-15   6.367E-15  -1.486E-15  -3.498E-15
          p    5.233E-15  -6.546E-15  -2.345E-17  -1.337E-15
          t   -3.146E-15  -1.790E-16  -1.509E-15  -4.835E-15
 Orbital  n    2.401E-14  -2.278E-14  -1.838E-15  -6.139E-16
          p    1.066E-14  -9.798E-15  -1.240E-16   7.330E-16
          t    3.466E-14  -3.258E-14  -1.962E-15   1.191E-16
 Total    n    1.563E-14  -1.642E-14  -3.324E-15  -4.112E-15
          p    1.589E-14  -1.634E-14  -1.474E-16  -6.036E-16
          t    3.152E-14  -3.276E-14  -3.472E-15  -4.716E-15
 Phys     n    3.206E-14  -2.436E-14   5.685E-15   1.338E-14
          p    3.988E-14  -4.636E-14  -2.550E-16  -6.733E-15
          t    7.194E-14  -7.072E-14   5.430E-15   6.651E-15
----------------------------------------------------------------------------
----------------------- Box Size Check -------------------------
 Xmax = (nx+0.5)dx = 11.500 fm,  max(rho(X=Xmax)) =    1.419E-08
 Ymax = (ny+0.5)dx = 11.500 fm,  max(rho(Y=Ymax)) =    1.422E-08
 Zmax = (nz+0.5)dx = 11.500 fm,  max(rho(Z=Zmax)) =    9.349E-09
---------------------Rotational properties--------------------
                Rigid rotor          (hbar^2/MeV)
              n              p              t 
 I_R X       2.0285832      1.8723408      3.9009240
 I_R Y       2.0286986      1.8724308      3.9011294
 I_R Z       1.5426823      1.3898069      2.9324892

                Belyaev                 (hbar^2/MeV) 
              n              p              t 
 I_B X       1.3612611      0.9415426      2.3028038
 I_B Y       1.3610605      0.9413886      2.3024491
 I_B Z       0.0000235      0.0000199      0.0000434

                Belyaev (collective)    (hbar^2/MeV) 
              n              p              t 
 I_B X       0.4454721      0.9415426      1.3870148
 I_B Y       0.4448434      0.9413886      1.3862319
 I_B Z       0.0000000      0.0000199      0.0000199

                 <J^2> - <J>^2          (hbar^2)
              n              p              t 
 J2_X        2.4714224      2.1400150      4.6114374
 J2_Y        2.4704121      2.1392080      4.6096201
 J2_Z        3.1248265      0.0001256      3.1249522
 J2_t        8.0666610      4.2793487     12.3460097

                 <J^2> - <J>^2 (coll.)  (hbar^2)
              n              p              t 
 J2_X        1.2450051      2.1410643      3.3860694
 J2_Y        1.2434209      2.1402908      3.3837117
 J2_Z        0.0000001      0.0000388      0.0000388
 J2_t        2.4884260      4.2813939      6.7698199
------------------------- Angular Momentum (hbar) --------------------------

               Spwfs(*)    Desired     Omega       E (MeV)      Densit. 
  __________________________________________________________________________
   J_x   |     0.00000     0.00000     0.00000    -0.00000     0.00000
   J_y   |     0.00000     0.00000     0.00000    -0.00000     0.00000
   J_z   |     0.00000     0.00000     0.00000    -0.00000     0.00000
  __________________________________________________________________________
   Size  |     0.00000     0.00000     0.00000                 0.00000
  --------------------------------------------------------------------------

   Open spin
               Neutrons   Protons
   _______________________________________________________
   x |   |     0.00000     0.00000
   y |   |     0.00000     0.00000
   z |   |     0.00000     0.00000
   _______________________________________________________
-------------------------- Pairing -------------------------
                          N         P 
 Fermi Level (MeV)    -11.89632693    -9.21265244
 Particles             13.00000000    12.00000000
 Dispersion             0.50000000     1.39730116
 Average gap   v^2      0.00000000     0.60005787
 Average gap   uv              NaN     1.22125130
------------------------------------------------------------
--------------------------------------------------------------------------------
 Skyrme Energy 
                                    Isoscalar      Isovector   |   Total
--------------------------------------------------------------------------------
  E_D_I_I_D_I_I                  -1776.320602       1.100970   -1775.219632
  E_D_I_I_D_Nm_Nm                   41.656232      -0.080785      41.575446
  E_D_I_Sm_D_I_Sm                    0.000000       0.000000       0.000000
  E_D_I_Sm_D_I_Sm_DD                -0.000000      -0.000000      -0.000000
  E_D_I_I_Lap_D_I_I                 73.289444       0.011710      73.301154
  E_D_I_I_D_I_I_DD                1030.923726      -0.545966    1030.377760
  E_C_I_NmSk_C_I_NmSk                0.000000       0.000000       0.000000
  E_C_I_Nm_C_I_Nm                   -0.000000       0.000000      -0.000000
  E_D_I_Sm_Lap_D_I_Sm               -0.000000       0.000000       0.000000
  E_D_I_Sm_D_Nk_NkSm                 0.000000       0.000000       0.000000
  E_D_I_I_Derm_C_I_NxmSxm          -26.100939      -0.022769     -26.123709
  E_C_I_Nm_Derxm_D_I_Sxm            -0.000000      -0.000000      -0.000000
  E_DP_I_I_DP_I_I                                                 -1.583100
  E_CP_I_I_CP_I_I                                                 -0.000000
--------------------------------------------------------------------------------
                 Total Skyrme:                                  -657.672081
                    time-even:                                  -657.672081
                    time-odd :                                     0.000000
--------------------------------------------------------------------------------
--------------------------------------------------------------------------------
                                     neutron        proton         total
                Kinetic Energy:     229.615531     203.407436     433.022968
                    COM 1-body:      -9.184621      -8.136297     -17.320919
                    COM 2-body:       4.077661       3.486723       7.564384
                            ph:       4.077661       3.468112       7.545772
                            pp:       0.000000       0.018611       0.018611
                 Collective T:                                     -2.270313

                 Rotational  T:                                    -2.270313
                 Rotational  X:                                    -1.135186
                 Rotational  Y:                                    -1.135036
                 Rotational  Z:                                    -0.000091

                 Vibrational T:                                     0.000000
                 Vibrational X:                                    -0.000000
                 Vibrational Y:                                    -0.000000
                 Vibrational Z:                                    -0.000000


                Coulomb Direct:       0.000000      32.922328      32.922328
                      Exchange:       0.000000       0.000000       0.000000

               Pairing (delta):      -0.000000      -1.583100      -1.583100
               Pairing (densi):                                    -1.583100
--------------------------------------------------------------------------------
                  Total energy:                                  -203.753633
                    from spwfs:                                  -203.753633
                   E_fu - E_sp:                                -0.622571E-07
                   (no corr.) :                                  -209.047703
                      Routhian:                                  -203.753633
                         dE   :                                 0.459781E-03
                         dR   :                                 0.459781E-03
--------------------------------------------------------------------------------
 Iteration =   51
 dt    =   0.0380      mu   =   0.8632 gradn =    0.000E+00 D2H  =    1.418E-09
 E     =   -203.754    DE   =  0.31236E-10
 R     =   -203.754    DR   =  0.31236E-10
 R-E   =      0.000  D(R-E) =  0.00000E+00
 dmun  =  0.0E+00      dmup=  9.1E-09
 RQ20t =      25.3362   dQ =  1.8E-08  L =       0.0000   dL =  0.0E+00  dev =  0.0E+00
 RQ22t =       0.0032   dQ = -4.7E-05  L =       0.0000   dL =  0.0E+00  dev =  0.0E+00
 Jz    =       0.0000   dJZ= -2.1E-14 Om =       0.0000   dO =  0.0E+00  dev =  0.0E+00
--------------------------------------------------------------------------------------
 Iteration =   52
 dt    =   0.0380      mu   =   0.8632 gradn =    0.000E+00 D2H  =    1.380E-09
 E     =   -203.754    DE   =  0.11743E-10
 R     =   -203.754    DR   =  0.11743E-10
 R-E   =      0.000  D(R-E) =  0.00000E+00
 dmun  =  0.0E+00      dmup= -1.5E-08
 RQ20t =      25.3362   dQ =  1.1E-08  L =       0.0000   dL =  0.0E+00  dev =  0.0E+00
 RQ22t =       0.0032   dQ = -4.7E-05  L =       0.0000   dL =  0.0E+00  dev =  0.0E+00
 Jz    =       0.0000   dJZ=  1.1E-15 Om =       0.0000   dO =  0.0E+00  dev =  0.0E+00
--------------------------------------------------------------------------------------
 Iteration =   53
 dt    =   0.0380      mu   =   0.8632 gradn =    0.000E+00 D2H  =    1.341E-09
 E     =   -203.754    DE   = -0.12667E-10
 R     =   -203.754    DR   = -0.12667E-10
 R-E   =      0.000  D(R-E) =  0.00000E+00
 dmun  = -1.2E-03      dmup= -3.0E-08
 RQ20t =      25.3362   dQ =  7.2E-09  L =       0.0000   dL =  0.0E+00  dev =  0.0E+00
 RQ22t =       0.0032   dQ = -4.6E-05  L =       0.0000   dL =  0.0E+00  dev =  0.0E+00
 Jz    =       0.0000   dJZ= -6.6E-15 Om =       0.0000   dO =  0.0E+00  dev =  0.0E+00
--------------------------------------------------------------------------------------
 Iteration =   54
 dt    =   0.0380      mu   =   0.8631 gradn =    0.000E+00 D2H  =    1.303E-09
 E     =   -203.754    DE   = -0.29570E-10
 R     =   -203.754    DR   = -0.29570E-10
 R-E   =      0.000  D(R-E) =  0.00000E+00
 dmun  =  0.0E+00      dmup= -2.9E-08
 RQ20t =      25.3362   dQ =  3.1E-09  L =       0.0000   dL =  0.0E+00  dev =  0.0E+00
 RQ22t =       0.0031   dQ = -4.5E-05  L =       0.0000   dL =  0.0E+00  dev =  0.0E+00
 Jz    =       0.0000   dJZ= -8.9E-15 Om =       0.0000   dO =  0.0E+00  dev =  0.0E+00
--------------------------------------------------------------------------------------
 : Warning N(eps_F) decreases 
 A =  -11.89749359 FA =    -0.00000000 B =  -11.83749359 FB =    -0.00000000
 Iteration =   55
 dt    =   0.0380      mu   =   0.8631 gradn =    0.000E+00 D2H  =    1.268E-09
 E     =   -203.754    DE   = -0.39510E-10
 R     =   -203.754    DR   = -0.39510E-10
 R-E   =      0.000  D(R-E) =  0.00000E+00
 dmun  =  5.0E-02      dmup= -1.5E-08
 RQ20t =      25.3362   dQ =  7.7E-10  L =       0.0000   dL =  0.0E+00  dev =  0.0E+00
 RQ22t =       0.0031   dQ = -4.5E-05  L =       0.0000   dL =  0.0E+00  dev =  0.0E+00
 Jz    =       0.0000   dJZ=  1.6E-14 Om =       0.0000   dO =  0.0E+00  dev =  0.0E+00
--------------------------------------------------------------------------------------
 Iteration =   56
 dt    =   0.0381      mu   =   0.8673 gradn =    0.000E+00 D2H  =    1.232E-09
 E     =   -203.754    DE   = -0.25795E-10
 R     =   -203.754    DR   = -0.25795E-10
 R-E   =      0.000  D(R-E) =  0.00000E+00
 dmun  =  3.7E-02      dmup=  4.4E-09
 RQ20t =      25.3362   dQ =  1.0E-09  L =       0.0000   dL =  0.0E+00  dev =  0.0E+00
 RQ22t =       0.0030   dQ = -4.4E-05  L =       0.0000   dL =  0.0E+00  dev =  0.0E+00
 Jz    =       0.0000   dJZ=  2.5E-15 Om =       0.0000   dO =  0.0E+00  dev =  0.0E+00
--------------------------------------------------------------------------------------
 Iteration =   57
 dt    =   0.0381      mu   =   0.8704 gradn =    0.000E+00 D2H  =    1.191E-09
 E     =   -203.754    DE   = -0.12604E-10
 R     =   -203.754    DR   = -0.12604E-10
 R-E   =      0.000  D(R-E) =  0.00000E+00
 dmun  = -7.7E-03      dmup=  2.1E-08
 RQ20t =      25.3362   dQ =  3.4E-09  L =       0.0000   dL =  0.0E+00  dev =  0.0E+00
 RQ22t =       0.0030   dQ = -4.4E-05  L =       0.0000   dL =  0.0E+00  dev =  0.0E+00
 Jz    =       0.0000   dJZ=  7.4E-15 Om =       0.0000   dO =  0.0E+00  dev =  0.0E+00
--------------------------------------------------------------------------------------
 : Warning N(eps_F) decreases 
 A =  -11.81841621 FA =    -0.00000000 B =  -11.80841621 FB =    -0.00000000
 : Warning N(eps_F) decreases 
 A =  -11.81841621 FA =    -0.00000000 B =  -11.78841621 FB =    -0.00000000
 : Warning N(eps_F) decreases 
 A =  -11.81841621 FA =    -0.00000000 B =  -11.71841621 FB =    -0.00000000
 Iteration =   58
 dt    =   0.0381      mu   =   0.8697 gradn =    0.000E+00 D2H  =    1.158E-09
 E     =   -203.754    DE   =  0.14344E-10
 R     =   -203.754    DR   =  0.14344E-10
 R-E   =      0.000  D(R-E) =  0.00000E+00
 dmun  =  1.3E-01      dmup=  2.8E-08
 RQ20t =      25.3362   dQ =  6.8E-09  L =       0.0000   dL =  0.0E+00  dev =  0.0E+00
 RQ22t =       0.0029   dQ = -4.3E-05  L =       0.0000   dL =  0.0E+00  dev =  0.0E+00
 Jz    =       0.0000   dJZ= -1.1E-14 Om =       0.0000   dO =  0.0E+00  dev =  0.0E+00
--------------------------------------------------------------------------------------
 : Warning N(eps_F) decreases 
 A =  -11.69264902 FA =    -0.00000000 B =  -11.63264902 FB =    -0.00000000
 Iteration =   59
 dt    =   0.0384      mu   =   0.8811 gradn =    0.000E+00 D2H  =    1.121E-09
 E     =   -203.754    DE   =  0.11991E-10
 R     =   -203.754    DR   =  0.11991E-10
 R-E   =      0.000  D(R-E) =  0.00000E+00
 dmun  =  2.1E-01      dmup=  2.3E-08
 RQ20t =      25.3362   dQ =  9.6E-09  L =       0.0000   dL =  0.0E+00  dev =  0.0E+00
 RQ22t =       0.0029   dQ = -4.3E-05  L =       0.0000   dL =  0.0E+00  dev =  0.0E+00
 Jz    =       0.0000   dJZ=  6.8E-15 Om =       0.0000   dO =  0.0E+00  dev =  0.0E+00
--------------------------------------------------------------------------------------
--------------------------------------------------------------------------------------
                              Iteration =    60

--------------------- Hartree-Fock basis-------------------------------------------------------------------
__________________________________________________________________________________________________________
   Neutron wavefunctions
  i     P   Rz   occ          E       d2h    Delta |   JxT    JyT    Jz      J   |   SxT    SyT    Sz
----------------------------------------------------------------------------------------------------------
  9  1.00 -1.0  1.0000     -38.084  2.7E-11   0.00 |   0.50   0.50  -0.50   0.52 |   0.50   0.50  -0.50
  1  1.00  1.0  1.0000     -38.084  4.1E-11   0.00 |  -0.50   0.50   0.50   0.52 |  -0.50   0.50   0.50
 17 -1.00  1.0  1.0000     -27.095  5.0E-11   0.00 |  -0.84   0.84   0.50   1.44 |  -0.46   0.46   0.43
 29 -1.00 -1.0  1.0000     -27.095  5.1E-11   0.00 |   0.84   0.84  -0.50   1.44 |   0.46   0.46  -0.43
 19 -1.00  1.0  1.0000     -24.087  1.3E-09   0.00 |   0.00   0.00  -1.50   1.52 |   0.00   0.00  -0.50
 31 -1.00 -1.0  1.0000     -24.087  1.3E-09   0.00 |  -0.00   0.00   1.50   1.52 |  -0.00   0.00   0.50
 25 -1.00  1.0  1.0000     -19.598  1.3E-09   0.00 |   0.34  -0.34   0.50   0.68 |  -0.04   0.04  -0.43
 37 -1.00 -1.0  1.0000     -19.598  1.3E-09   0.00 |  -0.34  -0.34  -0.50   0.68 |   0.04   0.04   0.43
 10  1.00 -1.0  1.0000     -15.687  3.7E-10   0.00 |   1.28   1.28  -0.50   2.27 |   0.40   0.40  -0.29
  2  1.00  1.0  1.0000     -15.687  3.7E-10   0.00 |  -1.28   1.28   0.50   2.27 |  -0.40   0.40   0.29
  3  1.00  1.0  1.0000     -13.777  9.8E-10   0.00 |   0.00  -0.00  -1.50   2.49 |   0.00  -0.00  -0.43
 11  1.00 -1.0  1.0000     -13.777  9.8E-10   0.00 |  -0.00  -0.00   1.50   2.49 |  -0.00  -0.00   0.43
 12  1.00 -1.0  0.5000     -11.112  4.7E-09   0.00 |   0.00   0.00  -2.50   2.52 |  -0.00  -0.00  -0.50
  4  1.00  1.0  0.5000     -11.112  4.7E-09   0.00 |  -0.00   0.00   2.50   2.52 |   0.00  -0.00   0.50
  5  1.00  1.0  0.0000      -9.251  4.6E-09   0.00 |  -0.47   0.47   0.50   1.25 |  -0.34   0.34   0.18
 13  1.00 -1.0  0.0000      -9.251  4.6E-09   0.00 |   0.47   0.47  -0.50   1.25 |   0.34   0.34  -0.18
  6  1.00  1.0  0.0000      -6.322  2.5E-09   0.00 |   0.75  -0.75   0.50   1.40 |  -0.27   0.27   0.03
 14  1.00 -1.0  0.0000      -6.322  2.5E-09   0.00 |  -0.75  -0.75  -0.50   1.40 |   0.27   0.27  -0.03
 32 -1.00 -1.0  0.0000      -4.459  9.5E-10   0.00 |   1.60   1.60  -0.50   2.95 |   0.37   0.37  -0.24
 20 -1.00  1.0  0.0000      -4.459  9.5E-10   0.00 |  -1.60   1.60   0.50   2.95 |  -0.37   0.37   0.24
 15  1.00 -1.0  0.0000      -3.667  1.8E-09   0.00 |   0.00   0.00   1.50   1.57 |   0.00   0.00  -0.43
  7  1.00  1.0  0.0000      -3.667  1.8E-09   0.00 |  -0.00   0.00  -1.50   1.57 |  -0.00   0.00   0.43
 21 -1.00  1.0  0.0000      -2.906  2.3E-09   0.00 |   0.00  -0.00  -1.50   3.31 |   0.00  -0.00  -0.36
 33 -1.00 -1.0  0.0000      -2.906  2.3E-09   0.00 |  -0.00  -0.00   1.50   3.31 |  -0.00  -0.00   0.36
 34 -1.00 -1.0  0.0000      -0.830  9.4E-08   0.00 |   0.00   0.00  -2.50   3.50 |  -0.00  -0.00  -0.45
 22 -1.00  1.0  0.0000      -0.830  9.4E-08   0.00 |  -0.00   0.00   2.50   3.50 |   0.00  -0.00   0.45
 35 -1.00 -1.0  0.0000      -0.233  9.4E-08   0.00 |   0.67   0.67  -0.50   2.01 |   0.40   0.40  -0.31
 23 -1.00  1.0  0.0000      -0.233  9.4E-08   0.00 |  -0.67   0.67   0.50   2.01 |  -0.40   0.40   0.31
 40  1.00 -1.0  0.0000       0.889  1.2E-04   0.00 |  -0.39   0.44   1.20   1.97 |  -0.34   0.35   0.49
 28 -1.00  1.0  0.0000       0.889  1.2E-04   0.00 |   0.39   0.44  -1.20   1.97 |   0.34   0.35  -0.49
 24 -1.00  1.0  0.0000       0.911  1.4E-04   0.00 |  -0.55  -0.29   0.20   1.68 |  -0.36  -0.34  -0.48
 36 -1.00 -1.0  0.0000       0.911  1.4E-04   0.00 |   0.55  -0.29  -0.20   1.68 |   0.36  -0.34   0.48
 39 -1.00 -1.0  0.0000       1.039  1.4E-05   0.00 |  -0.50  -0.49  -0.49   2.22 |  -0.50  -0.50  -0.50
 27 -1.00  1.0  0.0000       1.039  1.4E-05   0.00 |   0.50  -0.49   0.49   2.22 |   0.50  -0.50   0.50
  8  1.00  1.0  0.0000       1.043  1.8E-06   0.00 |   0.14   0.16   0.47   2.05 |   0.13   0.13  -0.50
 16 -1.00 -1.0  0.0000       1.043  1.8E-06   0.00 |  -0.14   0.16  -0.47   2.05 |  -0.13   0.13   0.50
 30 -1.00 -1.0  0.0000       1.606  9.6E-05   0.00 |   0.49   0.49  -0.46   2.18 |   0.48   0.48  -0.46
 18 -1.00  1.0  0.0000       1.606  9.6E-05   0.00 |  -0.49   0.49   0.46   2.18 |  -0.48   0.48   0.46
 26 -1.00  1.0  0.0000       1.721  9.6E-05   0.00 |  -0.00   0.00  -3.43   3.50 |  -0.01   0.01  -0.49
 38 -1.00 -1.0  0.0000       1.721  9.6E-05   0.00 |   0.00   0.00   3.43   3.50 |   0.01   0.01   0.49
__________________________________________________________________________________________________________
   Proton  wavefunctions
  i     P   Rz   occ          E       d2h    Delta |   JxT    JyT    Jz      J   |   SxT    SyT    Sz
----------------------------------------------------------------------------------------------------------
 49  1.00 -1.0  1.0000     -34.316  3.4E-11   0.00 |   0.50   0.50  -0.50   0.52 |   0.50   0.50  -0.50
 41  1.00  1.0  1.0000     -34.316  4.6E-11   0.00 |  -0.50   0.50   0.50   0.52 |  -0.50   0.50   0.50
 57 -1.00  1.0  1.0000     -23.439  1.5E-10   0.00 |  -0.85   0.85   0.50   1.44 |  -0.46   0.46   0.42
 69 -1.00 -1.0  1.0000     -23.439  1.5E-10   0.00 |   0.85   0.85  -0.50   1.44 |   0.46   0.46  -0.42
 59 -1.00  1.0  1.0000     -20.861  1.7E-09   0.02 |   0.00   0.00  -1.50   1.52 |   0.00   0.00  -0.50
 71 -1.00 -1.0  1.0000     -20.861  1.7E-09   0.02 |  -0.00   0.00   1.50   1.52 |  -0.00   0.00   0.50
 65 -1.00  1.0  0.9948     -16.372  1.6E-09   1.04 |   0.35  -0.35   0.50   0.67 |  -0.04   0.04  -0.42
 77 -1.00 -1.0  0.9948     -16.372  1.6E-09   1.04 |  -0.35  -0.35  -0.50   0.67 |   0.04   0.04   0.42
 42  1.00  1.0  0.9625     -12.115  1.1E-09   1.19 |  -1.30   1.30   0.50   2.29 |  -0.39   0.39   0.28
 50  1.00 -1.0  0.9625     -12.115  1.1E-09   1.19 |   1.30   1.30  -0.50   2.29 |   0.39   0.39  -0.28
 43  1.00  1.0  0.8393     -10.456  1.9E-09   1.35 |   0.00  -0.00  -1.50   2.49 |   0.00  -0.00  -0.43
 51  1.00 -1.0  0.8393     -10.456  1.9E-09   1.35 |  -0.00  -0.00   1.50   2.49 |  -0.00  -0.00   0.43
 44  1.00  1.0  0.1721      -8.027  5.4E-09   1.36 |  -0.00   0.00   2.50   2.52 |   0.00  -0.00   0.50
 52  1.00 -1.0  0.1721      -8.027  5.4E-09   1.36 |   0.00   0.00  -2.50   2.52 |  -0.00  -0.00  -0.50
 45  1.00  1.0  0.0224      -5.772  5.3E-09   1.06 |  -0.43   0.43   0.50   1.21 |  -0.34   0.34   0.18
 53  1.00 -1.0  0.0224      -5.772  5.3E-09   1.06 |   0.43   0.43  -0.50   1.21 |   0.34   0.34  -0.18
 54  1.00 -1.0  0.0079      -3.087  4.7E-09   1.09 |  -0.73  -0.73  -0.50   1.39 |   0.27   0.27  -0.04
 46  1.00  1.0  0.0079      -3.087  4.7E-09   1.09 |   0.73  -0.73   0.50   1.39 |  -0.27   0.27   0.04
 72 -1.00 -1.0  0.0005      -0.944  2.3E-09   0.38 |   1.62   1.62  -0.50   2.98 |   0.37   0.37  -0.23
 60 -1.00  1.0  0.0005      -0.944  2.3E-09   0.38 |  -1.62   1.62   0.50   2.98 |  -0.37   0.37   0.23
 55  1.00 -1.0  0.0005      -0.685  4.0E-09   0.37 |   0.00   0.00   1.50   1.57 |   0.00   0.00  -0.43
 47  1.00  1.0  0.0005      -0.685  4.0E-09   0.37 |  -0.00   0.00  -1.50   1.57 |  -0.00   0.00   0.43
 73 -1.00 -1.0  0.0000       0.453  4.1E-09   0.11 |  -0.00  -0.00   1.50   3.30 |  -0.00  -0.00   0.36
 61 -1.00  1.0  0.0000       0.453  4.1E-09   0.11 |   0.00  -0.00  -1.50   3.30 |   0.00  -0.00  -0.36
 79 -1.00 -1.0  0.0000       2.139  6.3E-07   0.00 |  -0.48  -0.48  -0.60   2.25 |  -0.48  -0.48  -0.50
 67 -1.00  1.0  0.0000       2.139  6.3E-07   0.00 |   0.48  -0.48   0.60   2.25 |   0.48  -0.48   0.50
 48  1.00  1.0  0.0000       2.361  3.7E-07   0.00 |   0.12   0.13   0.49   2.11 |   0.11   0.11  -0.50
 56 -1.00 -1.0  0.0000       2.361  3.7E-07   0.00 |  -0.12   0.13  -0.49   2.11 |  -0.11   0.11   0.50
 62 -1.00  1.0  0.0000       2.400  2.4E-05   0.02 |   0.01  -0.00   2.39   3.44 |   0.01  -0.01   0.45
 74 -1.00 -1.0  0.0000       2.400  2.4E-05   0.02 |  -0.01  -0.00  -2.39   3.44 |  -0.01  -0.01  -0.45
 75 -1.00 -1.0  0.0000       2.478  2.5E-05   0.01 |   0.25   0.27  -0.51   1.88 |   0.44   0.43  -0.37
 63 -1.00  1.0  0.0000       2.478  2.5E-05   0.01 |  -0.25   0.27   0.51   1.88 |  -0.44   0.43   0.37
 68 -1.00  1.0  0.0000       2.662  4.7E-06   0.00 |   0.52   0.78  -0.75   2.15 |   0.46   0.48  -0.48
 80 -1.00 -1.0  0.0000       2.662  4.7E-06   0.00 |  -0.52   0.78   0.75   2.15 |  -0.46   0.48   0.48
 64 -1.00  1.0  0.0000       2.663  2.8E-06   0.00 |  -0.90  -0.43  -0.25   2.09 |  -0.49  -0.45  -0.46
 76 -1.00 -1.0  0.0000       2.663  2.8E-06   0.00 |   0.90  -0.43   0.25   2.09 |   0.49  -0.45   0.46
 78 -1.00 -1.0  0.0000       3.762  8.5E-09   0.00 |   0.63   0.63  -0.50   2.36 |   0.44   0.44  -0.37
 66 -1.00  1.0  0.0000       3.762  8.5E-09   0.00 |  -0.63   0.63   0.50   2.36 |  -0.44   0.44   0.37
 58 -1.00  1.0  0.0000       4.669  7.1E-07   0.00 |  -0.00   0.00  -3.21   3.60 |  -0.00   0.00  -0.50
 70 -1.00 -1.0  0.0000       4.669  7.1E-07   0.00 |   0.00   0.00   3.21   3.60 |   0.00   0.00   0.50
----------------------------------------------------------------------------------------------------------
--------------------- Canonical    basis-------------------------------------------------------------------
__________________________________________________________________________________________________________
   Neutron wavefunctions
  i     P   Rz   occ          E       d2h    Delta |   JxT    JyT    Jz      J   |   SxT    SyT    Sz
----------------------------------------------------------------------------------------------------------
  9  1.00 -1.0  1.0000     -38.084  0.0E+00   0.00 |   0.50   0.50  -0.50   0.52 |   0.50   0.50  -0.50
  1  1.00  1.0  1.0000     -38.084  0.0E+00   0.00 |  -0.50   0.50   0.50   0.52 |  -0.50   0.50   0.50
 17 -1.00  1.0  1.0000     -27.095  0.0E+00   0.00 |  -0.84   0.84   0.50   1.44 |  -0.46   0.46   0.43
 29 -1.00 -1.0  1.0000     -27.095  0.0E+00   0.00 |   0.84   0.84  -0.50   1.44 |   0.46   0.46  -0.43
 19 -1.00  1.0  1.0000     -24.087  0.0E+00   0.00 |   0.00   0.00  -1.50   1.52 |   0.00   0.00  -0.50
 31 -1.00 -1.0  1.0000     -24.087  0.0E+00   0.00 |  -0.00   0.00   1.50   1.52 |  -0.00   0.00   0.50
 25 -1.00  1.0  1.0000     -19.598  0.0E+00   0.00 |   0.34  -0.34   0.50   0.68 |  -0.04   0.04  -0.43
 37 -1.00 -1.0  1.0000     -19.598  0.0E+00   0.00 |  -0.34  -0.34  -0.50   0.68 |   0.04   0.04   0.43
 10  1.00 -1.0  1.0000     -15.687  0.0E+00   0.00 |   1.28   1.28  -0.50   2.27 |   0.40   0.40  -0.29
  2  1.00  1.0  1.0000     -15.687  0.0E+00   0.00 |  -1.28   1.28   0.50   2.27 |  -0.40   0.40   0.29
  3  1.00  1.0  1.0000 *   -13.777  0.0E+00   0.00 |   0.00  -0.00  -1.50   2.49 |   0.00  -0.00  -0.43
 11  1.00 -1.0  1.0000     -13.777  0.0E+00   0.00 |  -0.00  -0.00   1.50   2.49 |  -0.00  -0.00   0.43
 12  1.00 -1.0  0.5000     -11.112  0.0E+00   0.00 |   0.00   0.00  -2.50   2.52 |  -0.00  -0.00  -0.50
  4  1.00  1.0  0.5000     -11.112  0.0E+00   0.00 |  -0.00   0.00   2.50   2.52 |   0.00  -0.00   0.50
  5  1.00  1.0  0.0000      -9.251  0.0E+00   0.00 |  -0.47   0.47   0.50   1.25 |  -0.34   0.34   0.18
 13  1.00 -1.0  0.0000      -9.251  0.0E+00   0.00 |   0.47   0.47  -0.50   1.25 |   0.34   0.34  -0.18
  6  1.00  1.0  0.0000      -6.322  0.0E+00   0.00 |   0.75  -0.75   0.50   1.40 |  -0.27   0.27   0.03
 14  1.00 -1.0  0.0000      -6.322  0.0E+00   0.00 |  -0.75  -0.75  -0.50   1.40 |   0.27   0.27  -0.03
 40  1.00 -1.0  0.0000      -4.459  0.0E+00   0.00 |   1.60   1.60  -0.50   2.95 |   0.37   0.37  -0.24
 28 -1.00  1.0  0.0000      -4.459  0.0E+00   0.00 |  -1.60   1.60   0.50   2.95 |  -0.37   0.37   0.24
 15  1.00 -1.0  0.0000      -3.667  0.0E+00   0.00 |   0.00   0.00   1.50   1.57 |   0.00   0.00  -0.43
  7  1.00  1.0  0.0000      -3.667  0.0E+00   0.00 |  -0.00   0.00  -1.50   1.57 |  -0.00   0.00   0.43
 21 -1.00  1.0  0.0000      -2.906  0.0E+00   0.00 |   0.00  -0.00  -1.50   3.31 |   0.00  -0.00  -0.36
 33 -1.00 -1.0  0.0000      -2.906  0.0E+00   0.00 |  -0.00  -0.00   1.50   3.31 |  -0.00  -0.00   0.36
 34 -1.00 -1.0  0.0000      -0.830  0.0E+00   0.00 |   0.00   0.00  -2.50   3.50 |  -0.00  -0.00  -0.45
 22 -1.00  1.0  0.0000      -0.830  0.0E+00   0.00 |  -0.00   0.00   2.50   3.50 |   0.00  -0.00   0.45
 35 -1.00 -1.0  0.0000      -0.233  0.0E+00   0.00 |   0.67   0.67  -0.50   2.01 |   0.40   0.40  -0.31
 23 -1.00  1.0  0.0000      -0.233  0.0E+00   0.00 |  -0.67   0.67   0.50   2.01 |  -0.40   0.40   0.31
 32 -1.00 -1.0  0.0000       0.889  0.0E+00   0.00 |  -0.39   0.44   1.20   1.97 |  -0.34   0.35   0.49
 20 -1.00  1.0  0.0000       0.889  0.0E+00   0.00 |   0.39   0.44  -1.20   1.97 |   0.34   0.35  -0.49
 24 -1.00  1.0  0.0000       0.911  0.0E+00   0.00 |  -0.55  -0.29   0.20   1.68 |  -0.36  -0.34  -0.48
 36 -1.00 -1.0  0.0000       0.911  0.0E+00   0.00 |   0.55  -0.29  -0.20   1.68 |   0.36  -0.34   0.48
 39 -1.00 -1.0  0.0000       1.039  0.0E+00   0.00 |  -0.50  -0.49  -0.49   2.22 |  -0.50  -0.50  -0.50
 27 -1.00  1.0  0.0000       1.039  0.0E+00   0.00 |   0.50  -0.49   0.49   2.22 |   0.50  -0.50   0.50
  8  1.00  1.0  0.0000       1.043  0.0E+00   0.00 |   0.14   0.16   0.47   2.05 |   0.13   0.13  -0.50
 16 -1.00 -1.0  0.0000       1.043  0.0E+00   0.00 |  -0.14   0.16  -0.47   2.05 |  -0.13   0.13   0.50
 30 -1.00 -1.0  0.0000       1.606  0.0E+00   0.00 |   0.49   0.49  -0.46   2.18 |   0.48   0.48  -0.46
 18 -1.00  1.0  0.0000       1.606  0.0E+00   0.00 |  -0.49   0.49   0.46   2.18 |  -0.48   0.48   0.46
 26 -1.00  1.0  0.0000       1.721  0.0E+00   0.00 |  -0.00   0.00  -3.43   3.50 |  -0.01   0.01  -0.49
 38 -1.00 -1.0  0.0000       1.721  0.0E+00   0.00 |   0.00   0.00   3.43   3.50 |   0.01   0.01   0.49
__________________________________________________________________________________________________________
   Proton  wavefunctions
  i     P   Rz   occ          E       d2h    Delta |   JxT    JyT    Jz      J   |   SxT    SyT    Sz
----------------------------------------------------------------------------------------------------------
 49  1.00 -1.0  1.0000     -34.316  0.0E+00   0.00 |   0.50   0.50  -0.50   0.52 |   0.50   0.50  -0.50
 41  1.00  1.0  1.0000     -34.316  0.0E+00  -0.00 |  -0.50   0.50   0.50   0.52 |  -0.50   0.50   0.50
 57 -1.00  1.0  1.0000     -23.439  0.0E+00  -0.00 |  -0.85   0.85   0.50   1.44 |  -0.46   0.46   0.42
 69 -1.00 -1.0  1.0000     -23.439  0.0E+00   0.00 |   0.85   0.85  -0.50   1.44 |   0.46   0.46  -0.42
 59 -1.00  1.0  1.0000     -20.861  0.0E+00  -0.02 |   0.00   0.00  -1.50   1.52 |   0.00   0.00  -0.50
 71 -1.00 -1.0  1.0000     -20.861  0.0E+00   0.02 |  -0.00   0.00   1.50   1.52 |  -0.00   0.00   0.50
 65 -1.00  1.0  0.9948     -16.372  0.0E+00  -1.04 |   0.35  -0.35   0.50   0.67 |  -0.04   0.04  -0.42
 77 -1.00 -1.0  0.9948     -16.372  0.0E+00   1.04 |  -0.35  -0.35  -0.50   0.67 |   0.04   0.04   0.42
 42  1.00  1.0  0.9625     -12.115  0.0E+00  -1.19 |  -1.30   1.30   0.50   2.29 |  -0.39   0.39   0.28
 50  1.00 -1.0  0.9625     -12.115  0.0E+00   1.19 |   1.30   1.30  -0.50   2.29 |   0.39   0.39  -0.28
 43  1.00  1.0  0.8393     -10.456  0.0E+00  -1.35 |   0.00  -0.00  -1.50   2.49 |   0.00  -0.00  -0.43
 51  1.00 -1.0  0.8393     -10.456  0.0E+00   1.35 |  -0.00  -0.00   1.50   2.49 |  -0.00  -0.00   0.43
 44  1.00  1.0  0.1721      -8.027  0.0E+00  -1.36 |  -0.00   0.00   2.50   2.52 |   0.00  -0.00   0.50
 52  1.00 -1.0  0.1721      -8.027  0.0E+00   1.36 |   0.00   0.00  -2.50   2.52 |  -0.00  -0.00  -0.50
 45  1.00  1.0  0.0224      -5.772  0.0E+00  -1.06 |  -0.43   0.43   0.50   1.21 |  -0.34   0.34   0.18
 53  1.00 -1.0  0.0224      -5.772  0.0E+00   1.06 |   0.43   0.43  -0.50   1.21 |   0.34   0.34  -0.18
 54  1.00 -1.0  0.0079      -3.087  0.0E+00   1.09 |  -0.73  -0.73  -0.50   1.39 |   0.27   0.27  -0.04
 46  1.00  1.0  0.0079      -3.087  0.0E+00  -1.09 |   0.73  -0.73   0.50   1.39 |  -0.27   0.27   0.04
 80 -1.00 -1.0  0.0005      -0.944  0.0E+00   0.38 |   1.62   1.62  -0.50   2.98 |   0.37   0.37  -0.23
 68 -1.00  1.0  0.0005      -0.944  0.0E+00  -0.38 |  -1.62   1.62   0.50   2.98 |  -0.37   0.37   0.23
 55  1.00 -1.0  0.0005      -0.685  0.0E+00   0.37 |   0.00   0.00   1.50   1.57 |   0.00   0.00  -0.43
 47  1.00  1.0  0.0005      -0.685  0.0E+00  -0.37 |  -0.00   0.00  -1.50   1.57 |  -0.00   0.00   0.43
 73 -1.00 -1.0  0.0000       0.453  0.0E+00   0.11 |  -0.00  -0.00   1.50   3.30 |  -0.00  -0.00   0.36
 61 -1.00  1.0  0.0000       0.453  0.0E+00  -0.11 |   0.00  -0.00  -1.50   3.30 |   0.00  -0.00  -0.36
 79 -1.00 -1.0  0.0000       2.139  0.0E+00   0.00 |  -0.48  -0.48  -0.60   2.25 |  -0.48  -0.48  -0.50
 67 -1.00  1.0  0.0000       2.139  0.0E+00  -0.00 |   0.48  -0.48   0.60   2.25 |   0.48  -0.48   0.50
 48  1.00  1.0  0.0000       2.361  0.0E+00  -0.00 |   0.12   0.13   0.49   2.11 |   0.11   0.11  -0.50
 56 -1.00 -1.0  0.0000       2.361  0.0E+00   0.00 |  -0.12   0.13  -0.49   2.11 |  -0.11   0.11   0.50
 62 -1.00  1.0  0.0000       2.400  0.0E+00  -0.02 |   0.01  -0.00   2.39   3.44 |   0.01  -0.01   0.45
 74 -1.00 -1.0  0.0000       2.400  0.0E+00   0.02 |  -0.01  -0.00  -2.39   3.44 |  -0.01  -0.01  -0.45
 75 -1.00 -1.0  0.0000       2.478  0.0E+00   0.00 |   0.25   0.27  -0.51   1.88 |   0.44   0.43  -0.37
 63 -1.00  1.0  0.0000       2.478  0.0E+00  -0.00 |  -0.25   0.27   0.51   1.88 |  -0.44   0.43   0.37
 60 -1.00  1.0  0.0000       2.662  0.0E+00  -0.00 |   0.52   0.78  -0.75   2.15 |   0.46   0.48  -0.48
 72 -1.00 -1.0  0.0000       2.662  0.0E+00   0.00 |  -0.52   0.78   0.75   2.15 |  -0.46   0.48   0.48
 64 -1.00  1.0  0.0000       2.663  0.0E+00  -0.00 |  -0.90  -0.43  -0.25   2.09 |  -0.49  -0.45  -0.46
 76 -1.00 -1.0  0.0000       2.663  0.0E+00   0.00 |   0.90  -0.43   0.25   2.09 |   0.49  -0.45   0.46
 78 -1.00 -1.0  0.0000       3.762  0.0E+00   0.00 |   0.63   0.63  -0.50   2.36 |   0.44   0.44  -0.37
 66 -1.00  1.0  0.0000       3.762  0.0E+00  -0.00 |  -0.63   0.63   0.50   2.36 |  -0.44   0.44   0.37
 58 -1.00  1.0  0.0000       4.669  0.0E+00  -0.00 |  -0.00   0.00  -3.21   3.60 |  -0.00   0.00  -0.50
 70 -1.00 -1.0  0.0000       4.669  0.0E+00   0.00 |   0.00   0.00   3.21   3.60 |   0.00   0.00   0.50
----------------------------------------------------------------------------------------------------------
---------------------------------Quasiparticles---------------------------------
Block 1:  P=+1  neutrons
  N      Eqp       f_n      |   U   V  |   B  P  ov_TR |    JxT    JyT    Jz
________________________________________________________________________________
  1    -26.63      0.00E+00 |    1   0 |   -  -  0.000 |    0.00   0.00   0.50
  2    -12.50      0.00E+00 |    0  16 |   -  -  0.000 |    0.00   0.00   0.47
  3     -7.79      0.00E+00 |    0  15 |   -  -  0.000 |    0.00   0.00  -1.50
  4     -5.14      0.00E+00 |    0  14 |   -  -  0.000 |    0.00   0.00   0.50
  5     -4.23      0.00E+00 |    2   0 |   -  -  0.000 |    0.00   0.00   0.50
  6     -2.32      0.00E+00 |    3   0 |   -  -  0.000 |    0.00   0.00  -1.50
  7     -2.21      0.00E+00 |    0  13 |   -  -  0.000 |    0.00   0.00   0.50
  8     -0.35      5.00E-01 |    0  12 |   -  -  0.000 |    0.00   0.00   2.50
  9    -26.63      0.00E+00 |    9   0 |   -  -  0.000 |    0.00   0.00  -0.50
 10    -12.50      0.00E+00 |    0   8 |   -  -  0.000 |    0.00   0.00  -0.47
 11     -7.79      0.00E+00 |    0   7 |   -  -  0.000 |    0.00   0.00   1.50
 12     -5.14      0.00E+00 |    0   6 |   -  -  0.000 |    0.00   0.00  -0.50
 13     -4.23      0.00E+00 |   10   0 |   -  -  0.000 |    0.00   0.00  -0.50
 14     -2.32      0.00E+00 |   11   0 |   -  -  0.000 |    0.00   0.00   1.50
 15     -2.21      0.00E+00 |    0   5 |   -  -  0.000 |    0.00   0.00  -0.50
 16     -0.35      5.00E-01 |    0   4 |   -  -  0.000 |    0.00   0.00  -2.50
 17      0.35      5.00E-01 |    4   0 |   B  -  1.000 |    0.00   0.00   2.50
 18      2.21      1.00E+00 |    5   0 |   -  -  0.000 |    0.00   0.00   0.50
 19      2.32      1.00E+00 |    0  11 |   -  -  0.000 |    0.00   0.00  -1.50
 20      4.23      1.00E+00 |    0  10 |   -  -  0.000 |    0.00   0.00   0.50
 21      5.14      1.00E+00 |    6   0 |   -  -  0.000 |    0.00   0.00   0.50
 22      7.79      1.00E+00 |    7   0 |   -  -  0.000 |    0.00   0.00  -1.50
 23     12.50      1.00E+00 |    8   0 |   -  -  0.000 |    0.00   0.00   0.47
 24     26.63      1.00E+00 |    0   9 |   -  -  0.000 |    0.00   0.00   0.50
 25      0.35      5.00E-01 |   12   0 |   B  -  0.000 |    0.00   0.00  -2.50
 26      2.21      1.00E+00 |   13   0 |   -  -  0.000 |    0.00   0.00  -0.50
 27      2.32      1.00E+00 |    0   3 |   -  -  0.000 |    0.00   0.00   1.50
 28      4.23      1.00E+00 |    0   2 |   -  -  0.000 |    0.00   0.00  -0.50
 29      5.14      1.00E+00 |   14   0 |   -  -  0.000 |    0.00   0.00  -0.50
 30      7.79      1.00E+00 |   15   0 |   -  -  0.000 |    0.00   0.00   1.50
 31     12.50      1.00E+00 |   16   0 |   -  -  0.000 |    0.00   0.00  -0.47
 32     26.63      1.00E+00 |    0   1 |   -  -  0.000 |    0.00   0.00  -0.50

Block 3:  P=-1  neutrons
  N      Eqp       f_n      |   U   V  |   B  P  ov_TR |    JxT    JyT    Jz
________________________________________________________________________________
  1    -15.64      0.00E+00 |   17   0 |   -  -  0.000 |    0.00   0.00   0.50
  2    -13.18      0.00E+00 |    0  38 |   -  -  0.000 |    0.00   0.00  -3.43
  3    -13.06      0.00E+00 |    0  30 |   -  -  0.000 |    0.00   0.00   0.46
  4    -12.63      0.00E+00 |   19   0 |   -  -  0.000 |    0.00   0.00  -1.50
  5    -12.50      0.00E+00 |    0  39 |   -  -  0.000 |    0.00   0.00   0.49
  6    -12.37      0.00E+00 |    0  36 |   -  -  0.000 |    0.00   0.00   0.20
  7    -12.35      0.00E+00 |    0  40 |   -  -  0.000 |    0.00   0.00  -1.20
  8    -11.22      0.00E+00 |    0  35 |   -  -  0.000 |    0.00   0.00   0.50
  9    -10.63      0.00E+00 |    0  34 |   -  -  0.000 |    0.00   0.00   2.50
 10     -8.55      0.00E+00 |    0  33 |   -  -  0.000 |    0.00   0.00  -1.50
 11     -8.14      0.00E+00 |   25   0 |   -  -  0.000 |    0.00   0.00   0.50
 12     -7.00      0.00E+00 |    0  32 |   -  -  0.000 |    0.00   0.00   0.50
 13    -15.64      0.00E+00 |   29   0 |   -  -  0.000 |    0.00   0.00  -0.50
 14    -13.18      0.00E+00 |    0  26 |   -  -  0.000 |    0.00   0.00   3.43
 15    -13.06      0.00E+00 |    0  18 |   -  -  0.000 |    0.00   0.00  -0.46
 16    -12.63      0.00E+00 |   31   0 |   -  -  0.000 |    0.00   0.00   1.50
 17    -12.50      0.00E+00 |    0  27 |   -  -  0.000 |    0.00   0.00  -0.49
 18    -12.37      0.00E+00 |    0  24 |   -  -  0.000 |    0.00   0.00  -0.20
 19    -12.35      0.00E+00 |    0  28 |   -  -  0.000 |    0.00   0.00   1.20
 20    -11.22      0.00E+00 |    0  23 |   -  -  0.000 |    0.00   0.00  -0.50
 21    -10.63      0.00E+00 |    0  22 |   -  -  0.000 |    0.00   0.00  -2.50
 22     -8.55      0.00E+00 |    0  21 |   -  -  0.000 |    0.00   0.00   1.50
 23     -8.14      0.00E+00 |   37   0 |   -  -  0.000 |    0.00   0.00  -0.50
 24     -7.00      0.00E+00 |    0  20 |   -  -  0.000 |    0.00   0.00  -0.50
 25      7.00      1.00E+00 |   20   0 |   -  -  0.000 |    0.00   0.00   0.50
 26      8.14      1.00E+00 |    0  37 |   -  -  0.000 |    0.00   0.00   0.50
 27      8.55      1.00E+00 |   21   0 |   -  -  0.000 |    0.00   0.00  -1.50
 28     10.63      1.00E+00 |   22   0 |   -  -  0.000 |    0.00   0.00   2.50
 29     11.22      1.00E+00 |   23   0 |   -  -  0.000 |    0.00   0.00   0.50
 30     12.35      1.00E+00 |   28   0 |   -  -  0.000 |    0.00   0.00  -1.20
 31     12.37      1.00E+00 |   24   0 |   -  -  0.000 |    0.00   0.00   0.20
 32     12.50      1.00E+00 |   27   0 |   -  -  0.000 |    0.00   0.00   0.49
 33     12.63      1.00E+00 |    0  31 |   -  -  0.000 |    0.00   0.00  -1.50
 34     13.06      1.00E+00 |   18   0 |   -  -  0.000 |    0.00   0.00   0.46
 35     13.18      1.00E+00 |   26   0 |   -  -  0.000 |    0.00   0.00  -3.43
 36     15.64      1.00E+00 |    0  29 |   -  -  0.000 |    0.00   0.00   0.50
 37      7.00      1.00E+00 |   32   0 |   -  -  0.000 |    0.00   0.00  -0.50
 38      8.14      1.00E+00 |    0  25 |   -  -  0.000 |    0.00   0.00  -0.50
 39      8.55      1.00E+00 |   33   0 |   -  -  0.000 |    0.00   0.00   1.50
 40     10.63      1.00E+00 |   34   0 |   -  -  0.000 |    0.00   0.00  -2.50
 41     11.22      1.00E+00 |   35   0 |   -  -  0.000 |    0.00   0.00  -0.50
 42     12.35      1.00E+00 |   40   0 |   -  -  0.000 |    0.00   0.00   1.20
 43     12.37      1.00E+00 |   36   0 |   -  -  0.000 |    0.00   0.00  -0.20
 44     12.50      1.00E+00 |   39   0 |   -  -  0.000 |    0.00   0.00  -0.49
 45     12.63      1.00E+00 |    0  19 |   -  -  0.000 |    0.00   0.00   1.50
 46     13.06      1.00E+00 |   30   0 |   -  -  0.000 |    0.00   0.00  -0.46
 47     13.18      1.00E+00 |   38   0 |   -  -  0.000 |    0.00   0.00   3.43
 48     15.64      1.00E+00 |    0  17 |   -  -  0.000 |    0.00   0.00  -0.50

Block 5:  P=+1   protons
  N      Eqp       f_n      |   U   V  |   B  P  ov_TR |    JxT    JyT    Jz
________________________________________________________________________________
  1    -25.10      0.00E+00 |   41   0 |   -  -  0.000 |    0.00   0.00   0.50
  2    -11.57      0.00E+00 |    0  56 |   -  -  0.000 |    0.00   0.00   0.49
  3     -8.54      0.00E+00 |    0  55 |   -  -  0.000 |    0.00   0.00  -1.50
  4     -6.22      0.00E+00 |    0  54 |   -  -  0.000 |    0.00   0.00   0.50
  5     -3.63      0.00E+00 |   42  53 |   -  -  0.000 |    0.00   0.00   0.50
  6     -3.11      0.00E+00 |   42  53 |   -  -  0.000 |    0.00   0.00   0.50
  7     -1.83      0.00E+00 |   43  51 |   -  -  0.000 |    0.00   0.00  -1.50
  8     -1.81      0.00E+00 |   44  52 |   -  -  0.000 |    0.00   0.00   2.50
  9    -25.10      0.00E+00 |   49   0 |   -  -  0.000 |    0.00   0.00  -0.50
 10    -11.57      0.00E+00 |    0  48 |   -  -  0.000 |    0.00   0.00  -0.49
 11     -8.54      0.00E+00 |    0  47 |   -  -  0.000 |    0.00   0.00   1.50
 12     -6.22      0.00E+00 |    0  46 |   -  -  0.000 |    0.00   0.00  -0.50
 13     -3.63      0.00E+00 |   50  45 |   -  -  0.000 |    0.00   0.00  -0.50
 14     -3.11      0.00E+00 |   50  45 |   -  -  0.000 |    0.00   0.00  -0.50
 15     -1.83      0.00E+00 |   51  43 |   -  -  0.000 |    0.00   0.00   1.50
 16     -1.81      0.00E+00 |   52  44 |   -  -  0.000 |    0.00   0.00  -2.50
 17      1.81      1.00E+00 |   44  52 |   -  -  0.000 |    0.00   0.00   2.50
 18      1.83      1.00E+00 |   43  51 |   -  -  0.000 |    0.00   0.00  -1.50
 19      3.11      1.00E+00 |   45  50 |   -  -  0.000 |    0.00   0.00   0.50
 20      3.63      1.00E+00 |   45  50 |   -  -  0.000 |    0.00   0.00   0.50
 21      6.22      1.00E+00 |   46   0 |   -  -  0.000 |    0.00   0.00   0.50
 22      8.54      1.00E+00 |   47   0 |   -  -  0.000 |    0.00   0.00  -1.50
 23     11.57      1.00E+00 |   48   0 |   -  -  0.000 |    0.00   0.00   0.49
 24     25.10      1.00E+00 |    0  49 |   -  -  0.000 |    0.00   0.00   0.50
 25      1.81      1.00E+00 |   52  44 |   -  -  0.000 |    0.00   0.00  -2.50
 26      1.83      1.00E+00 |   51  43 |   -  -  0.000 |    0.00   0.00   1.50
 27      3.11      1.00E+00 |   53  42 |   -  -  0.000 |    0.00   0.00  -0.50
 28      3.63      1.00E+00 |   53  42 |   -  -  0.000 |    0.00   0.00  -0.50
 29      6.22      1.00E+00 |   54   0 |   -  -  0.000 |    0.00   0.00  -0.50
 30      8.54      1.00E+00 |   55   0 |   -  -  0.000 |    0.00   0.00   1.50
 31     11.57      1.00E+00 |   56   0 |   -  -  0.000 |    0.00   0.00  -0.49
 32     25.10      1.00E+00 |    0  41 |   -  -  0.000 |    0.00   0.00  -0.50

Block 7:  P=-1   protons
  N      Eqp       f_n      |   U   V  |   B  P  ov_TR |    JxT    JyT    Jz
________________________________________________________________________________
  1    -14.23      0.00E+00 |   57   0 |   -  -  0.000 |    0.00   0.00   0.50
  2    -13.88      0.00E+00 |    0  70 |   -  -  0.000 |    0.00   0.00  -3.21
  3    -12.98      0.00E+00 |    0  78 |   -  -  0.000 |    0.00   0.00   0.50
  4    -11.88      0.00E+00 |    0  76 |   -  -  0.000 |    0.00   0.00  -0.25
  5    -11.87      0.00E+00 |    0  80 |   -  -  0.000 |    0.00   0.00  -0.75
  6    -11.69      0.00E+00 |    0  75 |   -  -  0.000 |    0.00   0.00   0.51
  7    -11.65      0.00E+00 |   59   0 |   -  -  0.000 |    0.00   0.00  -1.50
  8    -11.61      0.00E+00 |    0  74 |   -  -  0.000 |    0.00   0.00   2.39
  9    -11.35      0.00E+00 |    0  79 |   -  -  0.000 |    0.00   0.00   0.60
 10     -9.67      0.00E+00 |    0  73 |   -  -  0.000 |    0.00   0.00  -1.50
 11     -8.28      0.00E+00 |    0  72 |   -  -  0.000 |    0.00   0.00   0.50
 12     -7.23      0.00E+00 |   65   0 |   -  -  0.000 |    0.00   0.00   0.50
 13    -14.23      0.00E+00 |   69   0 |   -  -  0.000 |    0.00   0.00  -0.50
 14    -13.88      0.00E+00 |    0  58 |   -  -  0.000 |    0.00   0.00   3.21
 15    -12.98      0.00E+00 |    0  66 |   -  -  0.000 |    0.00   0.00  -0.50
 16    -11.88      0.00E+00 |    0  64 |   -  -  0.000 |    0.00   0.00   0.25
 17    -11.87      0.00E+00 |    0  68 |   -  -  0.000 |    0.00   0.00   0.75
 18    -11.69      0.00E+00 |    0  63 |   -  -  0.000 |    0.00   0.00  -0.51
 19    -11.65      0.00E+00 |   71   0 |   -  -  0.000 |    0.00   0.00   1.50
 20    -11.61      0.00E+00 |    0  62 |   -  -  0.000 |    0.00   0.00  -2.39
 21    -11.35      0.00E+00 |    0  67 |   -  -  0.000 |    0.00   0.00  -0.60
 22     -9.67      0.00E+00 |    0  61 |   -  -  0.000 |    0.00   0.00   1.50
 23     -8.28      0.00E+00 |    0  60 |   -  -  0.000 |    0.00   0.00  -0.50
 24     -7.23      0.00E+00 |   77   0 |   -  -  0.000 |    0.00   0.00  -0.50
 25      7.23      1.00E+00 |    0  77 |   -  -  0.000 |    0.00   0.00   0.50
 26      8.28      1.00E+00 |   60   0 |   -  -  0.000 |    0.00   0.00   0.50
 27      9.67      1.00E+00 |   61   0 |   -  -  0.000 |    0.00   0.00  -1.50
 28     11.35      1.00E+00 |   67   0 |   -  -  0.000 |    0.00   0.00   0.60
 29     11.61      1.00E+00 |   62   0 |   -  -  0.000 |    0.00   0.00   2.39
 30     11.65      1.00E+00 |    0  71 |   -  -  0.000 |    0.00   0.00  -1.50
 31     11.69      1.00E+00 |   63   0 |   -  -  0.000 |    0.00   0.00   0.51
 32     11.87      1.00E+00 |   68   0 |   -  -  0.000 |    0.00   0.00  -0.75
 33     11.88      1.00E+00 |   64   0 |   -  -  0.000 |    0.00   0.00  -0.25
 34     12.98      1.00E+00 |   66   0 |   -  -  0.000 |    0.00   0.00   0.50
 35     13.88      1.00E+00 |   58   0 |   -  -  0.000 |    0.00   0.00  -3.21
 36     14.23      1.00E+00 |    0  69 |   -  -  0.000 |    0.00   0.00   0.50
 37      7.23      1.00E+00 |    0  65 |   -  -  0.000 |    0.00   0.00  -0.50
 38      8.28      1.00E+00 |   72   0 |   -  -  0.000 |    0.00   0.00  -0.50
 39      9.67      1.00E+00 |   73   0 |   -  -  0.000 |    0.00   0.00   1.50
 40     11.35      1.00E+00 |   79   0 |   -  -  0.000 |    0.00   0.00  -0.60
 41     11.61      1.00E+00 |   74   0 |   -  -  0.000 |    0.00   0.00  -2.39
 42     11.65      1.00E+00 |    0  59 |   -  -  0.000 |    0.00   0.00   1.50
 43     11.69      1.00E+00 |   75   0 |   -  -  0.000 |    0.00   0.00  -0.51
 44     11.87      1.00E+00 |   80   0 |   -  -  0.000 |    0.00   0.00   0.75
 45     11.88      1.00E+00 |   76   0 |   -  -  0.000 |    0.00   0.00   0.25
 46     12.98      1.00E+00 |   78   0 |   -  -  0.000 |    0.00   0.00  -0.50
 47     13.88      1.00E+00 |   70   0 |   -  -  0.000 |    0.00   0.00   3.21
 48     14.23      1.00E+00 |    0  57 |   -  -  0.000 |    0.00   0.00  -0.50

--------------------------------------------------------------------------------
------------------------ Electric Multipole Moments -------------------------
Quantisation Axis             : Z
  With secondary axis ordering: X,Y
______________________________________________________________________________
                   Neutrons        Protons          Charge         Total
______________________________________________________________________________
 Particles           13.0000         12.0000         12.0000         25.0000

Re  Q_{ 2 0}         12.7123         12.6239         12.6239         25.3362
Re  Q_{ 2 2}          0.0016          0.0012          0.0012          0.0028

Re  Q_{ 4 0}         28.8016         30.6002         31.4922         59.4018
Re  Q_{ 4 2}          0.0106          0.0102          0.0102          0.0208
Re  Q_{ 4 4}         -0.3684         -0.3182          0.2152         -0.6866

Re  Q_{ 6 0}         33.6165         42.5324         70.4261         76.1489
Re  Q_{ 6 2}          0.0458          0.0600          0.0608          0.1058
Re  Q_{ 6 4}          1.0242          1.1599          9.0666          2.1841
Re  Q_{ 6 6}          0.0005          0.0044          0.0062          0.0050

Re  Q_{ 8 0}        -80.9553         11.9823        290.1592        -68.9730
Re  Q_{ 8 2}          0.1247        -22.2312        -19.7637        -22.1065
Re  Q_{ 8 4}         58.6319         40.5398        113.2629         99.1717
Re  Q_{ 8 6}         -0.0103         -8.0563         -8.0672         -8.0666
Re  Q_{ 8 8}         38.6702         38.9936         39.9068         77.6638

Re  Q_{10 0}      -1147.4006      12451.6497      13031.8933      11304.2491
Re  Q_{10 2}         -0.1429        252.8914        268.9499        252.7485
Re  Q_{10 4}      -1427.3036        909.5975       1948.4004       -517.7061
Re  Q_{10 6}         -0.0983      -2411.8497      -2423.7048      -2411.9481
Re  Q_{10 8}      -2462.7520      -3409.9791      -3123.0101      -5872.7311
Re  Q_{1010}          0.3457       -190.6317       -179.0696       -190.2860

 RMS radius           2.9887          2.9786          3.0250          2.9839
 Fourth mom.          3.2904          3.2824          3.3412          3.2865
______________________________________________________________________________
                   Neutrons        Protons          Charge         Total
______________________________________________________________________________

Beta_{ 2 0}       0.17300169      0.17179852      0.17179844      0.34480020
Beta_{ 2 2}       0.00002173      0.00001695      0.00001695      0.00003868

Beta_{ 4 0}       0.03183609      0.03382423      0.03481023      0.06566031
Beta_{ 4 2}       0.00001168      0.00001130      0.00001125      0.00002297
Beta_{ 4 4}      -0.00040723     -0.00035176      0.00023786     -0.00075899

Beta_{ 6 0}       0.00301810      0.00381857      0.00632288      0.00683667
Beta_{ 6 2}       0.00000411      0.00000539      0.00000546      0.00000950
Beta_{ 6 4}       0.00009195      0.00010413      0.00081400      0.00019609
Beta_{ 6 6}       0.00000005      0.00000040      0.00000056      0.00000045

Beta_{ 8 0}      -0.00059034      0.00008738      0.00211590     -0.00050297
Beta_{ 8 2}       0.00000091     -0.00016211     -0.00014412     -0.00016121
Beta_{ 8 4}       0.00042756      0.00029562      0.00082594      0.00072318
Beta_{ 8 6}      -0.00000008     -0.00005875     -0.00005883     -0.00005882
Beta_{ 8 8}       0.00028199      0.00028435      0.00029101      0.00056634

Beta_{10 0}      -0.00067960      0.00737502      0.00771869      0.00669542
Beta_{10 2}      -0.00000008      0.00014979      0.00015930      0.00014970
Beta_{10 4}      -0.00084538      0.00053875      0.00115402     -0.00030663
Beta_{10 6}      -0.00000006     -0.00142852     -0.00143554     -0.00142858
Beta_{10 8}      -0.00145867     -0.00201970     -0.00184973     -0.00347837
Beta_{1010}       0.00000020     -0.00011291     -0.00010606     -0.00011270


______________________________________________________________________________
                   Neutrons        Protons          Charge         Total
______________________________________________________________________________
Q_{ 2}               12.7123         12.6239         12.6239         25.3362
Q_{ 4}               28.8063         30.6035         31.4937         59.4097
Q_{ 6}               33.6477         42.5641         71.5838         76.2116
Q_{ 8}              128.1404         87.1194        337.5585        193.9025
Q_{10}             4185.8350      13848.7854      14452.9113      14461.5074
______________________________________________________________________________
                   Neutrons        Protons          Charge         Total
______________________________________________________________________________
Beta_{   2}       0.17300169      0.17179852      0.17179844      0.34480021
Beta_{   4}       0.03184130      0.03382789      0.03481186      0.06566909
Beta_{   6}       0.00302090      0.00382142      0.00642682      0.00684230
Beta_{   8}       0.00093443      0.00063529      0.00246154      0.00141398
Beta_{  10}       0.00247924      0.00820253      0.00856035      0.00856544
______________________________________________________________________________
 Cart. Moments X              Y              Z
 Cart. N      -20.1470061    -20.1594075     40.3064135
 Cart. P      -20.0082113    -20.0178852     40.0260966
 Cart. T      -40.1552174    -40.1772927     80.3325101
 (Q, gamma)    Q              Gamma
 (Q,g) N       40.3064142      0.0101779
 (Q,g) P       40.0260969      0.0079950
 (Q,g) T       80.3325111      0.0090903
 (iq1, iq2)    iq1            iq2
 iq    N       40.3022797      0.0082676
 iq    P       40.0228719      0.0064493
 iq    T       80.3251516      0.0147169
               X^2            Y^2            Z^2
 X^2_i N       31.9903849     31.9862511     52.1415248
 X^2_i P       28.8199792     28.8167546     48.8314152
 X^2_i T       60.8103642     60.8030057    100.9729400
----------------------------------------------------------------------------
--------------- Magnetic Multipole Moments ----------------
Quantisation Axis             : Z
  With secondary axis ordering: X,Y
 Units: 
   spin/orbit/total: hbar fm^(l-1)
   phys:             mu_N fm^(l-1)
______________________________________________________________________________
 Re Q^m_{ 1 0}     X           Y            Z        total
 Spin     n   -8.629E-19  -5.333E-18   4.282E-15   4.275E-15
          p   -1.694E-18  -1.536E-18   2.965E-15   2.962E-15
          t   -2.557E-18  -6.870E-18   7.247E-15   7.237E-15
 Orbital  n    2.994E-15   3.006E-15  -1.390E-17   5.986E-15
          p    1.102E-15   1.135E-15  -3.155E-18   2.234E-15
          t    4.096E-15   4.141E-15  -1.705E-17   8.221E-15
 Total    n    2.993E-15   3.001E-15   4.268E-15   1.026E-14
          p    1.101E-15   1.134E-15   2.962E-15   5.196E-15
          t    4.094E-15   4.134E-15   7.230E-15   1.546E-14
 Phys     n    3.302E-18   2.041E-17  -1.638E-14  -1.636E-14
          p    1.093E-15   1.127E-15   1.656E-14   1.878E-14
          t    1.096E-15   1.147E-15   1.781E-16   2.421E-15
____________________________________________________________
 mu_z  n                                           -0.000000
 mu_z  p(S)                                         0.000000
 mu_z  p(L)                                         0.000000
 mu_z  p                                            0.000000
 mu_z  t                                            0.000000
______________________________________________________________________________
 Re Q^m_{ 3 0}     X           Y            Z        total
 Spin     n   -2.161E-15  -1.531E-15  -1.314E-14  -1.683E-14
          p   -5.956E-15  -6.791E-15  -1.691E-14  -2.966E-14
          t   -8.117E-15  -8.322E-15  -3.005E-14  -4.649E-14
 Orbital  n   -6.332E-15  -6.270E-15   3.700E-14   2.439E-14
          p   -4.247E-15  -3.158E-15   4.322E-15  -3.083E-15
          t   -1.058E-14  -9.428E-15   4.132E-14   2.131E-14
 Total    n   -8.494E-15  -7.801E-15   2.386E-14   7.564E-15
          p   -1.020E-14  -9.949E-15  -1.259E-14  -3.274E-14
          t   -1.870E-14  -1.775E-14   1.127E-14  -2.518E-14
 Phys     n    8.270E-15   5.859E-15   5.026E-14   6.439E-14
          p   -3.751E-14  -4.109E-14  -9.014E-14  -1.687E-13
          t   -2.924E-14  -3.523E-14  -3.988E-14  -1.044E-13
______________________________________________________________________________
 Re Q^m_{ 3 2}     X           Y            Z        total
 Spin     n    1.956E-15  -1.320E-15   5.635E-16   1.200E-15
          p    5.472E-15  -6.177E-15   1.513E-15   8.086E-16
          t    7.429E-15  -7.497E-15   2.076E-15   2.008E-15
 Orbital  n    1.191E-14  -1.053E-14  -3.860E-15  -2.478E-15
          p    3.899E-15  -4.790E-15  -2.244E-15  -3.136E-15
          t    1.581E-14  -1.532E-14  -6.104E-15  -5.614E-15
 Total    n    1.387E-14  -1.185E-14  -3.296E-15  -1.278E-15
          p    9.371E-15  -1.097E-14  -7.316E-16  -2.327E-15
          t    2.324E-14  -2.282E-14  -4.028E-15  -3.606E-15
 Phys     n   -7.485E-15   5.051E-15  -2.156E-15  -4.590E-15
          p    3.447E-14  -3.929E-14   6.205E-15   1.381E-15
          t    2.698E-14  -3.424E-14   4.050E-15  -3.209E-15
----------------------------------------------------------------------------
----------------------- Box Size Check -------------------------
 Xmax = (nx+0.5)dx = 11.500 fm,  max(rho(X=Xmax)) =    1.419E-08
 Ymax = (ny+0.5)dx = 11.500 fm,  max(rho(Y=Ymax)) =    1.422E-08
 Zmax = (nz+0.5)dx = 11.500 fm,  max(rho(Z=Zmax)) =    9.349E-09
---------------------Rotational properties--------------------
                Rigid rotor          (hbar^2/MeV)
              n              p              t 
 I_R X       2.0285911      1.8723469      3.9009380
 I_R Y       2.0286907      1.8724247      3.9011154
 I_R Z       1.5426823      1.3898069      2.9324892

                Belyaev                 (hbar^2/MeV) 
              n              p              t 
 I_B X       1.3662141      0.9415322      2.3077462
 I_B Y       1.3660416      0.9413991      2.3074407
 I_B Z       0.0000278      0.0000199      0.0000477

                Belyaev (collective)    (hbar^2/MeV) 
              n              p              t 
 I_B X       0.4473157      0.9415322      1.3888478
 I_B Y       0.4467722      0.9413991      1.3881713
 I_B Z       0.0000000      0.0000199      0.0000199

                 <J^2> - <J>^2          (hbar^2)
              n              p              t 
 J2_X        2.4961564      2.1399601      4.6361165
 J2_Y        2.4952860      2.1392630      4.6345489
 J2_Z        3.1248429      0.0001256      3.1249685
 J2_t        8.1162853      4.2793487     12.3956340

                 <J^2> - <J>^2 (coll.)  (hbar^2)
              n              p              t 
 J2_X        1.2582328      2.1410117      3.3992445
 J2_Y        1.2568624      2.1403435      3.3972059
 J2_Z        0.0000001      0.0000387      0.0000388
 J2_t        2.5150953      4.2813939      6.7964892
------------------------- Angular Momentum (hbar) --------------------------

               Spwfs(*)    Desired     Omega       E (MeV)      Densit. 
  __________________________________________________________________________
   J_x   |     0.00000     0.00000     0.00000    -0.00000     0.00000
   J_y   |     0.00000     0.00000     0.00000    -0.00000     0.00000
   J_z   |     0.00000     0.00000     0.00000    -0.00000     0.00000
  __________________________________________________________________________
   Size  |     0.00000     0.00000     0.00000                 0.00000
  --------------------------------------------------------------------------

   Open spin
               Neutrons   Protons
   _______________________________________________________
   x |   |     0.00000     0.00000
   y |   |     0.00000     0.00000
   z |   |     0.00000     0.00000
   _______________________________________________________
-------------------------- Pairing -------------------------
                          N         P 
 Fermi Level (MeV)    -11.45766648    -9.21265243
 Particles             13.00000000    12.00000000
 Dispersion             0.50000000     1.39730112
 Average gap   v^2      0.00000000     0.60005785
 Average gap   uv              NaN     1.22125122
------------------------------------------------------------
--------------------------------------------------------------------------------
 Skyrme Energy 
                                    Isoscalar      Isovector   |   Total
--------------------------------------------------------------------------------
  E_D_I_I_D_I_I                  -1776.320603       1.100970   -1775.219632
  E_D_I_I_D_Nm_Nm                   41.656232      -0.080785      41.575446
  E_D_I_Sm_D_I_Sm                    0.000000       0.000000       0.000000
  E_D_I_Sm_D_I_Sm_DD                -0.000000      -0.000000      -0.000000
  E_D_I_I_Lap_D_I_I                 73.289444       0.011710      73.301154
  E_D_I_I_D_I_I_DD                1030.923726      -0.545966    1030.377761
  E_C_I_NmSk_C_I_NmSk                0.000000       0.000000       0.000000
  E_C_I_Nm_C_I_Nm                   -0.000000       0.000000      -0.000000
  E_D_I_Sm_Lap_D_I_Sm               -0.000000       0.000000       0.000000
  E_D_I_Sm_D_Nk_NkSm                 0.000000       0.000000       0.000000
  E_D_I_I_Derm_C_I_NxmSxm          -26.100939      -0.022769     -26.123709
  E_C_I_Nm_Derxm_D_I_Sxm            -0.000000       0.000000      -0.000000
  E_DP_I_I_DP_I_I                                                 -1.583100
  E_CP_I_I_CP_I_I                                                 -0.000000
--------------------------------------------------------------------------------
                 Total Skyrme:                                  -657.672081
                    time-even:                                  -657.672081
                    time-odd :                                     0.000000
--------------------------------------------------------------------------------
--------------------------------------------------------------------------------
                                     neutron        proton         total
                Kinetic Energy:     229.615532     203.407436     433.022968
                    COM 1-body:      -9.184621      -8.136297     -17.320919
                    COM 2-body:       4.077660       3.486723       7.564384
                            ph:       4.077660       3.468112       7.545772
                            pp:       0.000000       0.018611       0.018611
                 Collective T:                                     -2.276161

                 Rotational  T:                                    -2.276161
                 Rotational  X:                                    -1.138099
                 Rotational  Y:                                    -1.137971
                 Rotational  Z:                                    -0.000091

                 Vibrational T:                                     0.000000
                 Vibrational X:                                    -0.000000
                 Vibrational Y:                                    -0.000000
                 Vibrational Z:                                    -0.000000


                Coulomb Direct:       0.000000      32.922328      32.922328
                      Exchange:       0.000000       0.000000       0.000000

               Pairing (delta):      -0.000000      -1.583100      -1.583100
               Pairing (densi):                                    -1.583100
--------------------------------------------------------------------------------
                  Total energy:                                  -203.759480
                    from spwfs:                                  -203.759480
                   E_fu - E_sp:                                -0.566262E-07
                   (no corr.) :                                  -209.047703
                      Routhian:                                  -203.759480
                         dE   :                                -0.584726E-02
                         dR   :                                -0.584726E-02
--------------------------------------------------------------------------------
 Iteration =   61
 dt    =   0.0389      mu   =   0.9070 gradn =    0.000E+00 D2H  =    1.048E-09
 E     =   -203.759    DE   =  0.66396E-11
 R     =   -203.759    DR   =  0.66396E-11
 R-E   =      0.000  D(R-E) =  0.00000E+00
 dmun  =  8.9E-02      dmup= -6.4E-09
 RQ20t =      25.3362   dQ =  9.7E-09  L =       0.0000   dL =  0.0E+00  dev =  0.0E+00
 RQ22t =       0.0028   dQ = -4.5E-05  L =       0.0000   dL =  0.0E+00  dev =  0.0E+00
 Jz    =       0.0000   dJZ= -8.2E-15 Om =       0.0000   dO =  0.0E+00  dev =  0.0E+00
--------------------------------------------------------------------------------------
 Iteration =   62
 dt    =   0.0392      mu   =   0.9193 gradn =    0.000E+00 D2H  =    1.007E-09
 E     =   -203.759    DE   = -0.53518E-11
 R     =   -203.759    DR   = -0.53518E-11
 R-E   =      0.000  D(R-E) =  0.00000E+00
 dmun  = -2.5E-03      dmup= -1.7E-08
 RQ20t =      25.3362   dQ =  7.0E-09  L =       0.0000   dL =  0.0E+00  dev =  0.0E+00
 RQ22t =       0.0028   dQ = -4.6E-05  L =       0.0000   dL =  0.0E+00  dev =  0.0E+00
 Jz    =       0.0000   dJZ=  2.4E-14 Om =       0.0000   dO =  0.0E+00  dev =  0.0E+00
--------------------------------------------------------------------------------------
 : Warning N(eps_F) decreases 
 A =  -11.37148592 FA =    -0.00000000 B =  -11.36148592 FB =    -0.00000000
 : Warning N(eps_F) decreases 
 A =  -11.37148592 FA =    -0.00000000 B =  -11.34148592 FB =    -0.00000000
 Iteration =   63
 dt    =   0.0391      mu   =   0.9189 gradn =    0.000E+00 D2H  =    9.604E-10
 E     =   -203.759    DE   = -0.20844E-10
 R     =   -203.759    DR   = -0.20844E-10
 R-E   =      0.000  D(R-E) =  0.00000E+00
 dmun  =  5.8E-02      dmup= -1.9E-08
 RQ20t =      25.3362   dQ =  3.7E-09  L =       0.0000   dL =  0.0E+00  dev =  0.0E+00
 RQ22t =       0.0027   dQ = -4.7E-05  L =       0.0000   dL =  0.0E+00  dev =  0.0E+00
 Jz    =       0.0000   dJZ= -4.9E-15 Om =       0.0000   dO =  0.0E+00  dev =  0.0E+00
--------------------------------------------------------------------------------------
 : Warning N(eps_F) decreases 
 A =  -11.34348592 FA =     0.00000000 B =  -11.31348592 FB =     0.00000000
 Iteration =   64
 dt    =   0.0393      mu   =   0.9282 gradn =    0.000E+00 D2H  =    9.180E-10
 E     =   -203.759    DE   = -0.25710E-10
 R     =   -203.759    DR   = -0.25710E-10
 R-E   =      0.000  D(R-E) =  0.00000E+00
 dmun  = -3.2E-02      dmup= -1.2E-08
 RQ20t =      25.3362   dQ =  1.1E-09  L =       0.0000   dL =  0.0E+00  dev =  0.0E+00
 RQ22t =       0.0027   dQ = -4.9E-05  L =       0.0000   dL =  0.0E+00  dev =  0.0E+00
 Jz    =       0.0000   dJZ=  3.4E-15 Om =       0.0000   dO =  0.0E+00  dev =  0.0E+00
--------------------------------------------------------------------------------------
 Iteration =   65
 dt    =   0.0392      mu   =   0.9230 gradn =    0.000E+00 D2H  =    8.704E-10
 E     =   -203.759    DE   = -0.23420E-10
 R     =   -203.759    DR   = -0.23420E-10
 R-E   =      0.000  D(R-E) =  0.00000E+00
 dmun  = -1.8E-02      dmup=  1.2E-09
 RQ20t =      25.3362   dQ =  1.8E-10  L =       0.0000   dL =  0.0E+00  dev =  0.0E+00
 RQ22t =       0.0026   dQ = -4.9E-05  L =       0.0000   dL =  0.0E+00  dev =  0.0E+00
 Jz    =       0.0000   dJZ= -3.9E-15 Om =       0.0000   dO =  0.0E+00  dev =  0.0E+00
--------------------------------------------------------------------------------------
 Iteration =   66
 dt    =   0.0392      mu   =   0.9202 gradn =    0.000E+00 D2H  =    8.273E-10
 E     =   -203.759    DE   = -0.12077E-10
 R     =   -203.759    DR   = -0.12077E-10
 R-E   =      0.000  D(R-E) =  0.00000E+00
 dmun  = -1.0E-01      dmup=  1.4E-08
 RQ20t =      25.3362   dQ =  1.2E-09  L =       0.0000   dL =  0.0E+00  dev =  0.0E+00
 RQ22t =       0.0026   dQ = -5.0E-05  L =       0.0000   dL =  0.0E+00  dev =  0.0E+00
 Jz    =       0.0000   dJZ= -9.5E-17 Om =       0.0000   dO =  0.0E+00  dev =  0.0E+00
--------------------------------------------------------------------------------------
 Iteration =   67
 dt    =   0.0389      mu   =   0.9063 gradn =    0.000E+00 D2H  =    7.857E-10
 E     =   -203.759    DE   =  0.37382E-12
 R     =   -203.759    DR   =  0.37382E-12
 R-E   =      0.000  D(R-E) =  0.00000E+00
 dmun  = -2.1E-02      dmup=  2.0E-08
 RQ20t =      25.3362   dQ =  3.4E-09  L =       0.0000   dL =  0.0E+00  dev =  0.0E+00
 RQ22t =       0.0025   dQ = -4.9E-05  L =       0.0000   dL =  0.0E+00  dev =  0.0E+00
 Jz    =       0.0000   dJZ= -7.7E-15 Om =       0.0000   dO =  0.0E+00  dev =  0.0E+00
--------------------------------------------------------------------------------------
 Iteration =   68
 dt    =   0.0388      mu   =   0.9037 gradn =    0.000E+00 D2H  =    7.471E-10
 E     =   -203.759    DE   =  0.10268E-10
 R     =   -203.759    DR   =  0.10268E-10
 R-E   =      0.000  D(R-E) =  0.00000E+00
 dmun  = -2.8E-02      dmup=  1.8E-08
 RQ20t =      25.3362   dQ =  5.7E-09  L =       0.0000   dL =  0.0E+00  dev =  0.0E+00
 RQ22t =       0.0025   dQ = -4.9E-05  L =       0.0000   dL =  0.0E+00  dev =  0.0E+00
 Jz    =       0.0000   dJZ= -4.0E-15 Om =       0.0000   dO =  0.0E+00  dev =  0.0E+00
--------------------------------------------------------------------------------------
 Iteration =   69
 dt    =   0.0388      mu   =   0.9003 gradn =    0.000E+00 D2H  =    7.121E-10
 E     =   -203.759    DE   =  0.11944E-10
 R     =   -203.759    DR   =  0.11944E-10
 R-E   =      0.000  D(R-E) =  0.00000E+00
 dmun  =  8.0E-02      dmup=  8.5E-09
 RQ20t =      25.3362   dQ =  7.0E-09  L =       0.0000   dL =  0.0E+00  dev =  0.0E+00
 RQ22t =       0.0024   dQ = -4.8E-05  L =       0.0000   dL =  0.0E+00  dev =  0.0E+00
 Jz    =       0.0000   dJZ=  4.1E-15 Om =       0.0000   dO =  0.0E+00  dev =  0.0E+00
--------------------------------------------------------------------------------------
--------------------------------------------------------------------------------------
                              Iteration =    70

--------------------- Hartree-Fock basis-------------------------------------------------------------------
__________________________________________________________________________________________________________
   Neutron wavefunctions
  i     P   Rz   occ          E       d2h    Delta |   JxT    JyT    Jz      J   |   SxT    SyT    Sz
----------------------------------------------------------------------------------------------------------
  9  1.00 -1.0  1.0000     -38.084  1.7E-11   0.00 |   0.50   0.50  -0.50   0.52 |   0.50   0.50  -0.50
  1  1.00  1.0  1.0000     -38.084  3.0E-11   0.00 |  -0.50   0.50   0.50   0.52 |  -0.50   0.50   0.50
 29 -1.00 -1.0  1.0000     -27.095  3.2E-11   0.00 |   0.84   0.84  -0.50   1.44 |   0.46   0.46  -0.43
 17 -1.00  1.0  1.0000     -27.095  3.2E-11   0.00 |  -0.84   0.84   0.50   1.44 |  -0.46   0.46   0.43
 19 -1.00  1.0  1.0000     -24.087  8.0E-10   0.00 |   0.00   0.00  -1.50   1.52 |   0.00   0.00  -0.50
 31 -1.00 -1.0  1.0000     -24.087  8.0E-10   0.00 |  -0.00   0.00   1.50   1.52 |  -0.00   0.00   0.50
 25 -1.00  1.0  1.0000     -19.598  7.8E-10   0.00 |   0.34  -0.34   0.50   0.68 |  -0.04   0.04  -0.43
 37 -1.00 -1.0  1.0000     -19.598  7.8E-10   0.00 |  -0.34  -0.34  -0.50   0.68 |   0.04   0.04   0.43
 10  1.00 -1.0  1.0000     -15.687  2.3E-10   0.00 |   1.28   1.28  -0.50   2.27 |   0.40   0.40  -0.29
  2  1.00  1.0  1.0000     -15.687  2.4E-10   0.00 |  -1.28   1.28   0.50   2.27 |  -0.40   0.40   0.29
  3  1.00  1.0  1.0000     -13.777  6.0E-10   0.00 |   0.00  -0.00  -1.50   2.49 |   0.00  -0.00  -0.43
 11  1.00 -1.0  1.0000     -13.777  6.0E-10   0.00 |  -0.00  -0.00   1.50   2.49 |  -0.00  -0.00   0.43
 12  1.00 -1.0  0.5000     -11.112  3.0E-09   0.00 |   0.00   0.00  -2.50   2.52 |  -0.00  -0.00  -0.50
  4  1.00  1.0  0.5000     -11.112  3.0E-09   0.00 |  -0.00   0.00   2.50   2.52 |   0.00  -0.00   0.50
  5  1.00  1.0  0.0000      -9.251  2.9E-09   0.00 |  -0.47   0.47   0.50   1.25 |  -0.34   0.34   0.18
 13  1.00 -1.0  0.0000      -9.251  2.9E-09   0.00 |   0.47   0.47  -0.50   1.25 |   0.34   0.34  -0.18
  6  1.00  1.0  0.0000      -6.322  1.5E-09   0.00 |   0.75  -0.75   0.50   1.40 |  -0.27   0.27   0.03
 14  1.00 -1.0  0.0000      -6.322  1.5E-09   0.00 |  -0.75  -0.75  -0.50   1.40 |   0.27   0.27  -0.03
 32 -1.00 -1.0  0.0000      -4.459  6.1E-10   0.00 |   1.60   1.60  -0.50   2.95 |   0.37   0.37  -0.24
 20 -1.00  1.0  0.0000      -4.459  6.1E-10   0.00 |  -1.60   1.60   0.50   2.95 |  -0.37   0.37   0.24
 15  1.00 -1.0  0.0000      -3.667  1.1E-09   0.00 |   0.00   0.00   1.50   1.57 |   0.00   0.00  -0.43
  7  1.00  1.0  0.0000      -3.667  1.1E-09   0.00 |  -0.00   0.00  -1.50   1.57 |  -0.00   0.00   0.43
 21 -1.00  1.0  0.0000      -2.906  1.4E-09   0.00 |   0.00  -0.00  -1.50   3.31 |   0.00  -0.00  -0.36
 33 -1.00 -1.0  0.0000      -2.906  1.4E-09   0.00 |  -0.00  -0.00   1.50   3.31 |  -0.00  -0.00   0.36
 34 -1.00 -1.0  0.0000      -0.830  6.4E-08   0.00 |   0.00   0.00  -2.50   3.50 |  -0.00  -0.00  -0.45
 22 -1.00  1.0  0.0000      -0.830  6.4E-08   0.00 |  -0.00   0.00   2.50   3.50 |   0.00  -0.00   0.45
 35 -1.00 -1.0  0.0000      -0.233  6.4E-08   0.00 |   0.67   0.67  -0.50   2.01 |   0.40   0.40  -0.31
 23 -1.00  1.0  0.0000      -0.233  6.4E-08   0.00 |  -0.67   0.67   0.50   2.01 |  -0.40   0.40   0.31
 40  1.00 -1.0  0.0000       0.889  1.2E-04   0.00 |  -0.39   0.44   1.21   1.97 |  -0.34   0.34   0.49
 28 -1.00  1.0  0.0000       0.889  1.2E-04   0.00 |   0.39   0.44  -1.21   1.97 |   0.34   0.34  -0.49
 36 -1.00 -1.0  0.0000       0.911  1.3E-04   0.00 |   0.54  -0.29  -0.20   1.68 |   0.35  -0.33   0.48
 24 -1.00  1.0  0.0000       0.911  1.3E-04   0.00 |  -0.54  -0.29   0.20   1.68 |  -0.35  -0.33  -0.48
 39 -1.00 -1.0  0.0000       1.039  1.2E-05   0.00 |  -0.50  -0.49  -0.49   2.22 |  -0.50  -0.50  -0.50
 27 -1.00  1.0  0.0000       1.039  1.2E-05   0.00 |   0.50  -0.49   0.49   2.22 |   0.50  -0.50   0.50
  8  1.00  1.0  0.0000       1.043  1.9E-06   0.00 |   0.14   0.16   0.47   2.05 |   0.13   0.13  -0.50
 16 -1.00 -1.0  0.0000       1.043  1.9E-06   0.00 |  -0.14   0.16  -0.47   2.05 |  -0.13   0.13   0.50
 30 -1.00 -1.0  0.0000       1.606  8.4E-05   0.00 |   0.49   0.49  -0.46   2.18 |   0.48   0.48  -0.46
 18 -1.00  1.0  0.0000       1.606  8.4E-05   0.00 |  -0.49   0.49   0.46   2.18 |  -0.48   0.48   0.46
 26 -1.00  1.0  0.0000       1.721  8.4E-05   0.00 |  -0.00   0.00  -3.43   3.50 |  -0.00   0.00  -0.49
 38 -1.00 -1.0  0.0000       1.721  8.4E-05   0.00 |   0.00   0.00   3.43   3.50 |   0.00   0.00   0.49
__________________________________________________________________________________________________________
   Proton  wavefunctions
  i     P   Rz   occ          E       d2h    Delta |   JxT    JyT    Jz      J   |   SxT    SyT    Sz
----------------------------------------------------------------------------------------------------------
 49  1.00 -1.0  1.0000     -34.316  2.8E-11   0.00 |   0.50   0.50  -0.50   0.52 |   0.50   0.50  -0.50
 41  1.00  1.0  1.0000     -34.316  3.7E-11   0.00 |  -0.50   0.50   0.50   0.52 |  -0.50   0.50   0.50
 57 -1.00  1.0  1.0000     -23.439  9.3E-11   0.00 |  -0.85   0.85   0.50   1.44 |  -0.46   0.46   0.42
 69 -1.00 -1.0  1.0000     -23.439  9.6E-11   0.00 |   0.85   0.85  -0.50   1.44 |   0.46   0.46  -0.42
 59 -1.00  1.0  1.0000     -20.861  1.1E-09   0.02 |   0.00   0.00  -1.50   1.52 |   0.00   0.00  -0.50
 71 -1.00 -1.0  1.0000     -20.861  1.1E-09   0.02 |  -0.00   0.00   1.50   1.52 |  -0.00   0.00   0.50
 65 -1.00  1.0  0.9948     -16.372  9.8E-10   1.04 |   0.35  -0.35   0.50   0.67 |  -0.04   0.04  -0.42
 77 -1.00 -1.0  0.9948     -16.372  9.8E-10   1.04 |  -0.35  -0.35  -0.50   0.67 |   0.04   0.04   0.42
 42  1.00  1.0  0.9625     -12.115  7.1E-10   1.19 |  -1.30   1.30   0.50   2.29 |  -0.39   0.39   0.28
 50  1.00 -1.0  0.9625     -12.115  7.1E-10   1.19 |   1.30   1.30  -0.50   2.29 |   0.39   0.39  -0.28
 43  1.00  1.0  0.8393     -10.456  1.2E-09   1.35 |   0.00  -0.00  -1.50   2.49 |   0.00  -0.00  -0.43
 51  1.00 -1.0  0.8393     -10.456  1.2E-09   1.35 |  -0.00  -0.00   1.50   2.49 |  -0.00  -0.00   0.43
 44  1.00  1.0  0.1721      -8.027  3.4E-09   1.36 |  -0.00   0.00   2.50   2.52 |   0.00  -0.00   0.50
 52  1.00 -1.0  0.1721      -8.027  3.4E-09   1.36 |   0.00   0.00  -2.50   2.52 |  -0.00  -0.00  -0.50
 45  1.00  1.0  0.0224      -5.772  3.3E-09   1.06 |  -0.43   0.43   0.50   1.21 |  -0.34   0.34   0.18
 53  1.00 -1.0  0.0224      -5.772  3.3E-09   1.06 |   0.43   0.43  -0.50   1.21 |   0.34   0.34  -0.18
 46  1.00  1.0  0.0079      -3.087  2.9E-09   1.09 |   0.73  -0.73   0.50   1.39 |  -0.27   0.27   0.04
 54  1.00 -1.0  0.0079      -3.087  2.9E-09   1.09 |  -0.73  -0.73  -0.50   1.39 |   0.27   0.27  -0.04
 72 -1.00 -1.0  0.0005      -0.944  1.5E-09   0.38 |   1.62   1.62  -0.50   2.98 |   0.37   0.37  -0.23
 60 -1.00  1.0  0.0005      -0.944  1.5E-09   0.38 |  -1.62   1.62   0.50   2.98 |  -0.37   0.37   0.23
 55  1.00 -1.0  0.0005      -0.685  2.5E-09   0.37 |   0.00   0.00   1.50   1.57 |   0.00   0.00  -0.43
 47  1.00  1.0  0.0005      -0.685  2.5E-09   0.37 |  -0.00   0.00  -1.50   1.57 |  -0.00   0.00   0.43
 61 -1.00  1.0  0.0000       0.453  2.6E-09   0.11 |   0.00  -0.00  -1.50   3.30 |   0.00  -0.00  -0.36
 73 -1.00 -1.0  0.0000       0.453  2.6E-09   0.11 |  -0.00  -0.00   1.50   3.30 |  -0.00  -0.00   0.36
 67 -1.00  1.0  0.0000       2.139  4.6E-07   0.00 |   0.48  -0.48   0.60   2.25 |   0.48  -0.48   0.50
 79 -1.00 -1.0  0.0000       2.139  4.6E-07   0.00 |  -0.48  -0.48  -0.60   2.25 |  -0.48  -0.48  -0.50
 56 -1.00 -1.0  0.0000       2.361  3.8E-07   0.00 |  -0.12   0.13  -0.49   2.11 |  -0.11   0.11   0.50
 48  1.00  1.0  0.0000       2.361  3.8E-07   0.00 |   0.12   0.13   0.49   2.11 |   0.11   0.11  -0.50
 62 -1.00  1.0  0.0000       2.400  2.2E-05   0.02 |   0.01  -0.00   2.39   3.44 |   0.01  -0.01   0.45
 74 -1.00 -1.0  0.0000       2.400  2.2E-05   0.02 |  -0.01  -0.00  -2.39   3.44 |  -0.01  -0.01  -0.45
 63 -1.00  1.0  0.0000       2.478  2.3E-05   0.01 |  -0.25   0.27   0.51   1.88 |  -0.44   0.43   0.37
 75 -1.00 -1.0  0.0000       2.478  2.3E-05   0.01 |   0.25   0.27  -0.51   1.88 |   0.44   0.43  -0.37
 80 -1.00 -1.0  0.0000       2.662  4.3E-06   0.00 |  -0.52   0.78   0.75   2.15 |  -0.46   0.48   0.48
 68 -1.00  1.0  0.0000       2.662  4.3E-06   0.00 |   0.52   0.78  -0.75   2.15 |   0.46   0.48  -0.48
 64 -1.00  1.0  0.0000       2.663  2.7E-06   0.00 |  -0.90  -0.43  -0.25   2.09 |  -0.49  -0.45  -0.46
 76 -1.00 -1.0  0.0000       2.663  2.7E-06   0.00 |   0.90  -0.43   0.25   2.09 |   0.49  -0.45   0.46
 66 -1.00  1.0  0.0000       3.762  5.5E-09   0.00 |  -0.63   0.63   0.50   2.36 |  -0.44   0.44   0.37
 78 -1.00 -1.0  0.0000       3.762  5.5E-09   0.00 |   0.63   0.63  -0.50   2.36 |   0.44   0.44  -0.37
 70 -1.00 -1.0  0.0000       4.669  4.8E-07   0.00 |   0.00   0.00   3.21   3.60 |   0.00   0.00   0.50
 58 -1.00  1.0  0.0000       4.669  4.8E-07   0.00 |  -0.00   0.00  -3.21   3.60 |  -0.00   0.00  -0.50
----------------------------------------------------------------------------------------------------------
--------------------- Canonical    basis-------------------------------------------------------------------
__________________________________________________________________________________________________________
   Neutron wavefunctions
  i     P   Rz   occ          E       d2h    Delta |   JxT    JyT    Jz      J   |   SxT    SyT    Sz
----------------------------------------------------------------------------------------------------------
  9  1.00 -1.0  1.0000     -38.084  0.0E+00   0.00 |   0.50   0.50  -0.50   0.52 |   0.50   0.50  -0.50
  1  1.00  1.0  1.0000     -38.084  0.0E+00   0.00 |  -0.50   0.50   0.50   0.52 |  -0.50   0.50   0.50
 29 -1.00 -1.0  1.0000     -27.095  0.0E+00   0.00 |   0.84   0.84  -0.50   1.44 |   0.46   0.46  -0.43
 17 -1.00  1.0  1.0000     -27.095  0.0E+00   0.00 |  -0.84   0.84   0.50   1.44 |  -0.46   0.46   0.43
 19 -1.00  1.0  1.0000     -24.087  0.0E+00   0.00 |   0.00   0.00  -1.50   1.52 |   0.00   0.00  -0.50
 31 -1.00 -1.0  1.0000     -24.087  0.0E+00   0.00 |  -0.00   0.00   1.50   1.52 |  -0.00   0.00   0.50
 25 -1.00  1.0  1.0000     -19.598  0.0E+00   0.00 |   0.34  -0.34   0.50   0.68 |  -0.04   0.04  -0.43
 37 -1.00 -1.0  1.0000     -19.598  0.0E+00   0.00 |  -0.34  -0.34  -0.50   0.68 |   0.04   0.04   0.43
 10  1.00 -1.0  1.0000     -15.687  0.0E+00   0.00 |   1.28   1.28  -0.50   2.27 |   0.40   0.40  -0.29
  2  1.00  1.0  1.0000     -15.687  0.0E+00   0.00 |  -1.28   1.28   0.50   2.27 |  -0.40   0.40   0.29
  3  1.00  1.0  1.0000 *   -13.777  0.0E+00   0.00 |   0.00  -0.00  -1.50   2.49 |   0.00  -0.00  -0.43
 11  1.00 -1.0  1.0000     -13.777  0.0E+00   0.00 |  -0.00  -0.00   1.50   2.49 |  -0.00  -0.00   0.43
 12  1.00 -1.0  0.5000     -11.112  0.0E+00   0.00 |   0.00   0.00  -2.50   2.52 |  -0.00  -0.00  -0.50
  4  1.00  1.0  0.5000     -11.112  0.0E+00   0.00 |  -0.00   0.00   2.50   2.52 |   0.00  -0.00   0.50
  5  1.00  1.0  0.0000      -9.251  0.0E+00   0.00 |  -0.47   0.47   0.50   1.25 |  -0.34   0.34   0.18
 13  1.00 -1.0  0.0000      -9.251  0.0E+00   0.00 |   0.47   0.47  -0.50   1.25 |   0.34   0.34  -0.18
  6  1.00  1.0  0.0000      -6.322  0.0E+00   0.00 |   0.75  -0.75   0.50   1.40 |  -0.27   0.27   0.03
 14  1.00 -1.0  0.0000      -6.322  0.0E+00   0.00 |  -0.75  -0.75  -0.50   1.40 |   0.27   0.27  -0.03
 40  1.00 -1.0  0.0000      -4.459  0.0E+00   0.00 |   1.60   1.60  -0.50   2.95 |   0.37   0.37  -0.24
 28 -1.00  1.0  0.0000      -4.459  0.0E+00   0.00 |  -1.60   1.60   0.50   2.95 |  -0.37   0.37   0.24
 15  1.00 -1.0  0.0000      -3.667  0.0E+00   0.00 |   0.00   0.00   1.50   1.57 |   0.00   0.00  -0.43
  7  1.00  1.0  0.0000      -3.667  0.0E+00   0.00 |  -0.00   0.00  -1.50   1.57 |  -0.00   0.00   0.43
 21 -1.00  1.0  0.0000      -2.906  0.0E+00   0.00 |   0.00  -0.00  -1.50   3.31 |   0.00  -0.00  -0.36
 33 -1.00 -1.0  0.0000      -2.906  0.0E+00   0.00 |  -0.00  -0.00   1.50   3.31 |  -0.00  -0.00   0.36
 34 -1.00 -1.0  0.0000      -0.830  0.0E+00   0.00 |   0.00   0.00  -2.50   3.50 |  -0.00  -0.00  -0.45
 22 -1.00  1.0  0.0000      -0.830  0.0E+00   0.00 |  -0.00   0.00   2.50   3.50 |   0.00  -0.00   0.45
 35 -1.00 -1.0  0.0000      -0.233  0.0E+00   0.00 |   0.67   0.67  -0.50   2.01 |   0.40   0.40  -0.31
 23 -1.00  1.0  0.0000      -0.233  0.0E+00   0.00 |  -0.67   0.67   0.50   2.01 |  -0.40   0.40   0.31
 32 -1.00 -1.0  0.0000       0.889  0.0E+00   0.00 |  -0.39   0.44   1.21   1.97 |  -0.34   0.34   0.49
 20 -1.00  1.0  0.0000       0.889  0.0E+00   0.00 |   0.39   0.44  -1.21   1.97 |   0.34   0.34  -0.49
 36 -1.00 -1.0  0.0000       0.911  0.0E+00   0.00 |   0.54  -0.29  -0.20   1.68 |   0.35  -0.33   0.48
 24 -1.00  1.0  0.0000       0.911  0.0E+00   0.00 |  -0.54  -0.29   0.20   1.68 |  -0.35  -0.33  -0.48
 39 -1.00 -1.0  0.0000       1.039  0.0E+00   0.00 |  -0.50  -0.49  -0.49   2.22 |  -0.50  -0.50  -0.50
 27 -1.00  1.0  0.0000       1.039  0.0E+00   0.00 |   0.50  -0.49   0.49   2.22 |   0.50  -0.50   0.50
  8  1.00  1.0  0.0000       1.043  0.0E+00   0.00 |   0.14   0.16   0.47   2.05 |   0.13   0.13  -0.50
 16 -1.00 -1.0  0.0000       1.043  0.0E+00   0.00 |  -0.14   0.16  -0.47   2.05 |  -0.13   0.13   0.50
 30 -1.00 -1.0  0.0000       1.606  0.0E+00   0.00 |   0.49   0.49  -0.46   2.18 |   0.48   0.48  -0.46
 18 -1.00  1.0  0.0000       1.606  0.0E+00   0.00 |  -0.49   0.49   0.46   2.18 |  -0.48   0.48   0.46
 26 -1.00  1.0  0.0000       1.721  0.0E+00   0.00 |  -0.00   0.00  -3.43   3.50 |  -0.00   0.00  -0.49
 38 -1.00 -1.0  0.0000       1.721  0.0E+00   0.00 |   0.00   0.00   3.43   3.50 |   0.00   0.00   0.49
__________________________________________________________________________________________________________
   Proton  wavefunctions
  i     P   Rz   occ          E       d2h    Delta |   JxT    JyT    Jz      J   |   SxT    SyT    Sz
----------------------------------------------------------------------------------------------------------
 49  1.00 -1.0  1.0000     -34.316  0.0E+00   0.00 |   0.50   0.50  -0.50   0.52 |   0.50   0.50  -0.50
 41  1.00  1.0  1.0000     -34.316  0.0E+00  -0.00 |  -0.50   0.50   0.50   0.52 |  -0.50   0.50   0.50
 57 -1.00  1.0  1.0000     -23.439  0.0E+00  -0.00 |  -0.85   0.85   0.50   1.44 |  -0.46   0.46   0.42
 69 -1.00 -1.0  1.0000     -23.439  0.0E+00   0.00 |   0.85   0.85  -0.50   1.44 |   0.46   0.46  -0.42
 59 -1.00  1.0  1.0000     -20.861  0.0E+00  -0.02 |   0.00   0.00  -1.50   1.52 |   0.00   0.00  -0.50
 71 -1.00 -1.0  1.0000     -20.861  0.0E+00   0.02 |  -0.00   0.00   1.50   1.52 |  -0.00   0.00   0.50
 65 -1.00  1.0  0.9948     -16.372  0.0E+00  -1.04 |   0.35  -0.35   0.50   0.67 |  -0.04   0.04  -0.42
 77 -1.00 -1.0  0.9948     -16.372  0.0E+00   1.04 |  -0.35  -0.35  -0.50   0.67 |   0.04   0.04   0.42
 42  1.00  1.0  0.9625     -12.115  0.0E+00  -1.19 |  -1.30   1.30   0.50   2.29 |  -0.39   0.39   0.28
 50  1.00 -1.0  0.9625     -12.115  0.0E+00   1.19 |   1.30   1.30  -0.50   2.29 |   0.39   0.39  -0.28
 43  1.00  1.0  0.8393     -10.456  0.0E+00  -1.35 |   0.00  -0.00  -1.50   2.49 |   0.00  -0.00  -0.43
 51  1.00 -1.0  0.8393     -10.456  0.0E+00   1.35 |  -0.00  -0.00   1.50   2.49 |  -0.00  -0.00   0.43
 44  1.00  1.0  0.1721      -8.027  0.0E+00  -1.36 |  -0.00   0.00   2.50   2.52 |   0.00  -0.00   0.50
 52  1.00 -1.0  0.1721      -8.027  0.0E+00   1.36 |   0.00   0.00  -2.50   2.52 |  -0.00  -0.00  -0.50
 45  1.00  1.0  0.0224      -5.772  0.0E+00  -1.06 |  -0.43   0.43   0.50   1.21 |  -0.34   0.34   0.18
 53  1.00 -1.0  0.0224      -5.772  0.0E+00   1.06 |   0.43   0.43  -0.50   1.21 |   0.34   0.34  -0.18
 46  1.00  1.0  0.0079      -3.087  0.0E+00  -1.09 |   0.73  -0.73   0.50   1.39 |  -0.27   0.27   0.04
 54  1.00 -1.0  0.0079      -3.087  0.0E+00   1.09 |  -0.73  -0.73  -0.50   1.39 |   0.27   0.27  -0.04
 80 -1.00 -1.0  0.0005      -0.944  0.0E+00   0.38 |   1.62   1.62  -0.50   2.98 |   0.37   0.37  -0.23
 68 -1.00  1.0  0.0005      -0.944  0.0E+00  -0.38 |  -1.62   1.62   0.50   2.98 |  -0.37   0.37   0.23
 55  1.00 -1.0  0.0005      -0.685  0.0E+00   0.37 |   0.00   0.00   1.50   1.57 |   0.00   0.00  -0.43
 47  1.00  1.0  0.0005      -0.685  0.0E+00  -0.37 |  -0.00   0.00  -1.50   1.57 |  -0.00   0.00   0.43
 61 -1.00  1.0  0.0000       0.453  0.0E+00  -0.11 |   0.00  -0.00  -1.50   3.30 |   0.00  -0.00  -0.36
 73 -1.00 -1.0  0.0000       0.453  0.0E+00   0.11 |  -0.00  -0.00   1.50   3.30 |  -0.00  -0.00   0.36
 67 -1.00  1.0  0.0000       2.139  0.0E+00  -0.00 |   0.48  -0.48   0.60   2.25 |   0.48  -0.48   0.50
 79 -1.00 -1.0  0.0000       2.139  0.0E+00   0.00 |  -0.48  -0.48  -0.60   2.25 |  -0.48  -0.48  -0.50
 56 -1.00 -1.0  0.0000       2.361  0.0E+00   0.00 |  -0.12   0.13  -0.49   2.11 |  -0.11   0.11   0.50
 48  1.00  1.0  0.0000       2.361  0.0E+00  -0.00 |   0.12   0.13   0.49   2.11 |   0.11   0.11  -0.50
 62 -1.00  1.0  0.0000       2.400  0.0E+00  -0.02 |   0.01  -0.00   2.39   3.44 |   0.01  -0.01   0.45
 74 -1.00 -1.0  0.0000       2.400  0.0E+00   0.02 |  -0.01  -0.00  -2.39   3.44 |  -0.01  -0.01  -0.45
 63 -1.00  1.0  0.0000       2.478  0.0E+00  -0.00 |  -0.25   0.27   0.51   1.88 |  -0.44   0.43   0.37
 75 -1.00 -1.0  0.0000       2.478  0.0E+00   0.00 |   0.25   0.27  -0.51   1.88 |   0.44   0.43  -0.37
 72 -1.00 -1.0  0.0000       2.662  0.0E+00   0.00 |  -0.52   0.78   0.75   2.15 |  -0.46   0.48   0.48
 60 -1.00  1.0  0.0000       2.662  0.0E+00  -0.00 |   0.52   0.78  -0.75   2.15 |   0.46   0.48  -0.48
 64 -1.00  1.0  0.0000       2.663  0.0E+00  -0.00 |  -0.90  -0.43  -0.25   2.09 |  -0.49  -0.45  -0.46
 76 -1.00 -1.0  0.0000       2.663  0.0E+00   0.00 |   0.90  -0.43   0.25   2.09 |   0.49  -0.45   0.46
 66 -1.00  1.0  0.0000       3.762  0.0E+00  -0.00 |  -0.63   0.63   0.50   2.36 |  -0.44   0.44   0.37
 78 -1.00 -1.0  0.0000       3.762  0.0E+00   0.00 |   0.63   0.63  -0.50   2.36 |   0.44   0.44  -0.37
 70 -1.00 -1.0  0.0000       4.669  0.0E+00   0.00 |   0.00   0.00   3.21   3.60 |   0.00   0.00   0.50
 58 -1.00  1.0  0.0000       4.669  0.0E+00  -0.00 |  -0.00   0.00  -3.21   3.60 |  -0.00   0.00  -0.50
----------------------------------------------------------------------------------------------------------
---------------------------------Quasiparticles---------------------------------
Block 1:  P=+1  neutrons
  N      Eqp       f_n      |   U   V  |   B  P  ov_TR |    JxT    JyT    Jz
________________________________________________________________________________
  1    -26.66      0.00E+00 |    1   0 |   -  -  0.000 |    0.00   0.00   0.50
  2    -12.47      0.00E+00 |    0  16 |   -  -  0.000 |    0.00   0.00   0.47
  3     -7.76      0.00E+00 |    0  15 |   -  -  0.000 |    0.00   0.00  -1.50
  4     -5.10      0.00E+00 |    0  14 |   -  -  0.000 |    0.00   0.00   0.50
  5     -4.26      0.00E+00 |    2   0 |   -  -  0.000 |    0.00   0.00   0.50
  6     -2.35      0.00E+00 |    3   0 |   -  -  0.000 |    0.00   0.00  -1.50
  7     -2.17      0.00E+00 |    0  13 |   -  -  0.000 |    0.00   0.00   0.50
  8     -0.31      5.00E-01 |    0  12 |   -  -  0.000 |    0.00   0.00   2.50
  9    -26.66      0.00E+00 |    9   0 |   -  -  0.000 |    0.00   0.00  -0.50
 10    -12.47      0.00E+00 |    0   8 |   -  -  0.000 |    0.00   0.00  -0.47
 11     -7.76      0.00E+00 |    0   7 |   -  -  0.000 |    0.00   0.00   1.50
 12     -5.10      0.00E+00 |    0   6 |   -  -  0.000 |    0.00   0.00  -0.50
 13     -4.26      0.00E+00 |   10   0 |   -  -  0.000 |    0.00   0.00  -0.50
 14     -2.35      0.00E+00 |   11   0 |   -  -  0.000 |    0.00   0.00   1.50
 15     -2.17      0.00E+00 |    0   5 |   -  -  0.000 |    0.00   0.00  -0.50
 16     -0.31      5.00E-01 |    0   4 |   -  -  0.000 |    0.00   0.00  -2.50
 17      0.31      5.00E-01 |    4   0 |   B  -  1.000 |    0.00   0.00   2.50
 18      2.17      1.00E+00 |    5   0 |   -  -  0.000 |    0.00   0.00   0.50
 19      2.35      1.00E+00 |    0  11 |   -  -  0.000 |    0.00   0.00  -1.50
 20      4.26      1.00E+00 |    0  10 |   -  -  0.000 |    0.00   0.00   0.50
 21      5.10      1.00E+00 |    6   0 |   -  -  0.000 |    0.00   0.00   0.50
 22      7.76      1.00E+00 |    7   0 |   -  -  0.000 |    0.00   0.00  -1.50
 23     12.47      1.00E+00 |    8   0 |   -  -  0.000 |    0.00   0.00   0.47
 24     26.66      1.00E+00 |    0   9 |   -  -  0.000 |    0.00   0.00   0.50
 25      0.31      5.00E-01 |   12   0 |   B  -  0.000 |    0.00   0.00  -2.50
 26      2.17      1.00E+00 |   13   0 |   -  -  0.000 |    0.00   0.00  -0.50
 27      2.35      1.00E+00 |    0   3 |   -  -  0.000 |    0.00   0.00   1.50
 28      4.26      1.00E+00 |    0   2 |   -  -  0.000 |    0.00   0.00  -0.50
 29      5.10      1.00E+00 |   14   0 |   -  -  0.000 |    0.00   0.00  -0.50
 30      7.76      1.00E+00 |   15   0 |   -  -  0.000 |    0.00   0.00   1.50
 31     12.47      1.00E+00 |   16   0 |   -  -  0.000 |    0.00   0.00  -0.47
 32     26.66      1.00E+00 |    0   1 |   -  -  0.000 |    0.00   0.00  -0.50

Block 3:  P=-1  neutrons
  N      Eqp       f_n      |   U   V  |   B  P  ov_TR |    JxT    JyT    Jz
________________________________________________________________________________
  1    -15.67      0.00E+00 |   17   0 |   -  -  0.000 |    0.00   0.00   0.50
  2    -13.14      0.00E+00 |    0  38 |   -  -  0.000 |    0.00   0.00  -3.43
  3    -13.03      0.00E+00 |    0  30 |   -  -  0.000 |    0.00   0.00   0.46
  4    -12.66      0.00E+00 |   19   0 |   -  -  0.000 |    0.00   0.00  -1.50
  5    -12.46      0.00E+00 |    0  39 |   -  -  0.000 |    0.00   0.00   0.49
  6    -12.33      0.00E+00 |    0  36 |   -  -  0.000 |    0.00   0.00   0.20
  7    -12.31      0.00E+00 |    0  40 |   -  -  0.000 |    0.00   0.00  -1.21
  8    -11.19      0.00E+00 |    0  35 |   -  -  0.000 |    0.00   0.00   0.50
  9    -10.59      0.00E+00 |    0  34 |   -  -  0.000 |    0.00   0.00   2.50
 10     -8.52      0.00E+00 |    0  33 |   -  -  0.000 |    0.00   0.00  -1.50
 11     -8.17      0.00E+00 |   25   0 |   -  -  0.000 |    0.00   0.00   0.50
 12     -6.96      0.00E+00 |    0  32 |   -  -  0.000 |    0.00   0.00   0.50
 13    -15.67      0.00E+00 |   29   0 |   -  -  0.000 |    0.00   0.00  -0.50
 14    -13.14      0.00E+00 |    0  26 |   -  -  0.000 |    0.00   0.00   3.43
 15    -13.03      0.00E+00 |    0  18 |   -  -  0.000 |    0.00   0.00  -0.46
 16    -12.66      0.00E+00 |   31   0 |   -  -  0.000 |    0.00   0.00   1.50
 17    -12.46      0.00E+00 |    0  27 |   -  -  0.000 |    0.00   0.00  -0.49
 18    -12.33      0.00E+00 |    0  24 |   -  -  0.000 |    0.00   0.00  -0.20
 19    -12.31      0.00E+00 |    0  28 |   -  -  0.000 |    0.00   0.00   1.21
 20    -11.19      0.00E+00 |    0  23 |   -  -  0.000 |    0.00   0.00  -0.50
 21    -10.59      0.00E+00 |    0  22 |   -  -  0.000 |    0.00   0.00  -2.50
 22     -8.52      0.00E+00 |    0  21 |   -  -  0.000 |    0.00   0.00   1.50
 23     -8.17      0.00E+00 |   37   0 |   -  -  0.000 |    0.00   0.00  -0.50
 24     -6.96      0.00E+00 |    0  20 |   -  -  0.000 |    0.00   0.00  -0.50
 25      6.96      1.00E+00 |   20   0 |   -  -  0.000 |    0.00   0.00   0.50
 26      8.17      1.00E+00 |    0  37 |   -  -  0.000 |    0.00   0.00   0.50
 27      8.52      1.00E+00 |   21   0 |   -  -  0.000 |    0.00   0.00  -1.50
 28     10.59      1.00E+00 |   22   0 |   -  -  0.000 |    0.00   0.00   2.50
 29     11.19      1.00E+00 |   23   0 |   -  -  0.000 |    0.00   0.00   0.50
 30     12.31      1.00E+00 |   28   0 |   -  -  0.000 |    0.00   0.00  -1.21
 31     12.33      1.00E+00 |   24   0 |   -  -  0.000 |    0.00   0.00   0.20
 32     12.46      1.00E+00 |   27   0 |   -  -  0.000 |    0.00   0.00   0.49
 33     12.66      1.00E+00 |    0  31 |   -  -  0.000 |    0.00   0.00  -1.50
 34     13.03      1.00E+00 |   18   0 |   -  -  0.000 |    0.00   0.00   0.46
 35     13.14      1.00E+00 |   26   0 |   -  -  0.000 |    0.00   0.00  -3.43
 36     15.67      1.00E+00 |    0  29 |   -  -  0.000 |    0.00   0.00   0.50
 37      6.96      1.00E+00 |   32   0 |   -  -  0.000 |    0.00   0.00  -0.50
 38      8.17      1.00E+00 |    0  25 |   -  -  0.000 |    0.00   0.00  -0.50
 39      8.52      1.00E+00 |   33   0 |   -  -  0.000 |    0.00   0.00   1.50
 40     10.59      1.00E+00 |   34   0 |   -  -  0.000 |    0.00   0.00  -2.50
 41     11.19      1.00E+00 |   35   0 |   -  -  0.000 |    0.00   0.00  -0.50
 42     12.31      1.00E+00 |   40   0 |   -  -  0.000 |    0.00   0.00   1.21
 43     12.33      1.00E+00 |   36   0 |   -  -  0.000 |    0.00   0.00  -0.20
 44     12.46      1.00E+00 |   39   0 |   -  -  0.000 |    0.00   0.00  -0.49
 45     12.66      1.00E+00 |    0  19 |   -  -  0.000 |    0.00   0.00   1.50
 46     13.03      1.00E+00 |   30   0 |   -  -  0.000 |    0.00   0.00  -0.46
 47     13.14      1.00E+00 |   38   0 |   -  -  0.000 |    0.00   0.00   3.43
 48     15.67      1.00E+00 |    0  17 |   -  -  0.000 |    0.00   0.00  -0.50

Block 5:  P=+1   protons
  N      Eqp       f_n      |   U   V  |   B  P  ov_TR |    JxT    JyT    Jz
________________________________________________________________________________
  1    -25.10      0.00E+00 |   41   0 |   -  -  0.000 |    0.00   0.00   0.50
  2    -11.57      0.00E+00 |    0  56 |   -  -  0.000 |    0.00   0.00   0.49
  3     -8.54      0.00E+00 |    0  55 |   -  -  0.000 |    0.00   0.00  -1.50
  4     -6.22      0.00E+00 |    0  54 |   -  -  0.000 |    0.00   0.00   0.50
  5     -3.63      0.00E+00 |   42  53 |   -  -  0.000 |    0.00   0.00   0.50
  6     -3.11      0.00E+00 |   42  53 |   -  -  0.000 |    0.00   0.00   0.50
  7     -1.83      0.00E+00 |   43  51 |   -  -  0.000 |    0.00   0.00  -1.50
  8     -1.81      0.00E+00 |   44  52 |   -  -  0.000 |    0.00   0.00   2.50
  9    -25.10      0.00E+00 |   49   0 |   -  -  0.000 |    0.00   0.00  -0.50
 10    -11.57      0.00E+00 |    0  48 |   -  -  0.000 |    0.00   0.00  -0.49
 11     -8.54      0.00E+00 |    0  47 |   -  -  0.000 |    0.00   0.00   1.50
 12     -6.22      0.00E+00 |    0  46 |   -  -  0.000 |    0.00   0.00  -0.50
 13     -3.63      0.00E+00 |   50  45 |   -  -  0.000 |    0.00   0.00  -0.50
 14     -3.11      0.00E+00 |   50  45 |   -  -  0.000 |    0.00   0.00  -0.50
 15     -1.83      0.00E+00 |   51  43 |   -  -  0.000 |    0.00   0.00   1.50
 16     -1.81      0.00E+00 |   52  44 |   -  -  0.000 |    0.00   0.00  -2.50
 17      1.81      1.00E+00 |   44  52 |   -  -  0.000 |    0.00   0.00   2.50
 18      1.83      1.00E+00 |   43  51 |   -  -  0.000 |    0.00   0.00  -1.50
 19      3.11      1.00E+00 |   45  50 |   -  -  0.000 |    0.00   0.00   0.50
 20      3.63      1.00E+00 |   45  50 |   -  -  0.000 |    0.00   0.00   0.50
 21      6.22      1.00E+00 |   46   0 |   -  -  0.000 |    0.00   0.00   0.50
 22      8.54      1.00E+00 |   47   0 |   -  -  0.000 |    0.00   0.00  -1.50
 23     11.57      1.00E+00 |   48   0 |   -  -  0.000 |    0.00   0.00   0.49
 24     25.10      1.00E+00 |    0  49 |   -  -  0.000 |    0.00   0.00   0.50
 25      1.81      1.00E+00 |   52  44 |   -  -  0.000 |    0.00   0.00  -2.50
 26      1.83      1.00E+00 |   51  43 |   -  -  0.000 |    0.00   0.00   1.50
 27      3.11      1.00E+00 |   53  42 |   -  -  0.000 |    0.00   0.00  -0.50
 28      3.63      1.00E+00 |   53  42 |   -  -  0.000 |    0.00   0.00  -0.50
 29      6.22      1.00E+00 |   54   0 |   -  -  0.000 |    0.00   0.00  -0.50
 30      8.54      1.00E+00 |   55   0 |   -  -  0.000 |    0.00   0.00   1.50
 31     11.57      1.00E+00 |   56   0 |   -  -  0.000 |    0.00   0.00  -0.49
 32     25.10      1.00E+00 |    0  41 |   -  -  0.000 |    0.00   0.00  -0.50

Block 7:  P=-1   protons
  N      Eqp       f_n      |   U   V  |   B  P  ov_TR |    JxT    JyT    Jz
________________________________________________________________________________
  1    -14.23      0.00E+00 |   57   0 |   -  -  0.000 |    0.00   0.00   0.50
  2    -13.88      0.00E+00 |    0  70 |   -  -  0.000 |    0.00   0.00  -3.21
  3    -12.98      0.00E+00 |    0  78 |   -  -  0.000 |    0.00   0.00   0.50
  4    -11.88      0.00E+00 |    0  76 |   -  -  0.000 |    0.00   0.00  -0.25
  5    -11.87      0.00E+00 |    0  80 |   -  -  0.000 |    0.00   0.00  -0.75
  6    -11.69      0.00E+00 |    0  75 |   -  -  0.000 |    0.00   0.00   0.51
  7    -11.65      0.00E+00 |   59   0 |   -  -  0.000 |    0.00   0.00  -1.50
  8    -11.61      0.00E+00 |    0  74 |   -  -  0.000 |    0.00   0.00   2.39
  9    -11.35      0.00E+00 |    0  79 |   -  -  0.000 |    0.00   0.00   0.60
 10     -9.67      0.00E+00 |    0  73 |   -  -  0.000 |    0.00   0.00  -1.50
 11     -8.28      0.00E+00 |    0  72 |   -  -  0.000 |    0.00   0.00   0.50
 12     -7.23      0.00E+00 |   65   0 |   -  -  0.000 |    0.00   0.00   0.50
 13    -14.23      0.00E+00 |   69   0 |   -  -  0.000 |    0.00   0.00  -0.50
 14    -13.88      0.00E+00 |    0  58 |   -  -  0.000 |    0.00   0.00   3.21
 15    -12.98      0.00E+00 |    0  66 |   -  -  0.000 |    0.00   0.00  -0.50
 16    -11.88      0.00E+00 |    0  64 |   -  -  0.000 |    0.00   0.00   0.25
 17    -11.87      0.00E+00 |    0  68 |   -  -  0.000 |    0.00   0.00   0.75
 18    -11.69      0.00E+00 |    0  63 |   -  -  0.000 |    0.00   0.00  -0.51
 19    -11.65      0.00E+00 |   71   0 |   -  -  0.000 |    0.00   0.00   1.50
 20    -11.61      0.00E+00 |    0  62 |   -  -  0.000 |    0.00   0.00  -2.39
 21    -11.35      0.00E+00 |    0  67 |   -  -  0.000 |    0.00   0.00  -0.60
 22     -9.67      0.00E+00 |    0  61 |   -  -  0.000 |    0.00   0.00   1.50
 23     -8.28      0.00E+00 |    0  60 |   -  -  0.000 |    0.00   0.00  -0.50
 24     -7.23      0.00E+00 |   77   0 |   -  -  0.000 |    0.00   0.00  -0.50
 25      7.23      1.00E+00 |    0  77 |   -  -  0.000 |    0.00   0.00   0.50
 26      8.28      1.00E+00 |   60   0 |   -  -  0.000 |    0.00   0.00   0.50
 27      9.67      1.00E+00 |   61   0 |   -  -  0.000 |    0.00   0.00  -1.50
 28     11.35      1.00E+00 |   67   0 |   -  -  0.000 |    0.00   0.00   0.60
 29     11.61      1.00E+00 |   62   0 |   -  -  0.000 |    0.00   0.00   2.39
 30     11.65      1.00E+00 |    0  71 |   -  -  0.000 |    0.00   0.00  -1.50
 31     11.69      1.00E+00 |   63   0 |   -  -  0.000 |    0.00   0.00   0.51
 32     11.87      1.00E+00 |   68   0 |   -  -  0.000 |    0.00   0.00  -0.75
 33     11.88      1.00E+00 |   64   0 |   -  -  0.000 |    0.00   0.00  -0.25
 34     12.98      1.00E+00 |   66   0 |   -  -  0.000 |    0.00   0.00   0.50
 35     13.88      1.00E+00 |   58   0 |   -  -  0.000 |    0.00   0.00  -3.21
 36     14.23      1.00E+00 |    0  69 |   -  -  0.000 |    0.00   0.00   0.50
 37      7.23      1.00E+00 |    0  65 |   -  -  0.000 |    0.00   0.00  -0.50
 38      8.28      1.00E+00 |   72   0 |   -  -  0.000 |    0.00   0.00  -0.50
 39      9.67      1.00E+00 |   73   0 |   -  -  0.000 |    0.00   0.00   1.50
 40     11.35      1.00E+00 |   79   0 |   -  -  0.000 |    0.00   0.00  -0.60
 41     11.61      1.00E+00 |   74   0 |   -  -  0.000 |    0.00   0.00  -2.39
 42     11.65      1.00E+00 |    0  59 |   -  -  0.000 |    0.00   0.00   1.50
 43     11.69      1.00E+00 |   75   0 |   -  -  0.000 |    0.00   0.00  -0.51
 44     11.87      1.00E+00 |   80   0 |   -  -  0.000 |    0.00   0.00   0.75
 45     11.88      1.00E+00 |   76   0 |   -  -  0.000 |    0.00   0.00   0.25
 46     12.98      1.00E+00 |   78   0 |   -  -  0.000 |    0.00   0.00  -0.50
 47     13.88      1.00E+00 |   70   0 |   -  -  0.000 |    0.00   0.00   3.21
 48     14.23      1.00E+00 |    0  57 |   -  -  0.000 |    0.00   0.00  -0.50

--------------------------------------------------------------------------------
------------------------ Electric Multipole Moments -------------------------
Quantisation Axis             : Z
  With secondary axis ordering: X,Y
______________________________________________________________________________
                   Neutrons        Protons          Charge         Total
______________________________________________________________________________
 Particles           13.0000         12.0000         12.0000         25.0000

Re  Q_{ 2 0}         12.7123         12.6239         12.6239         25.3362
Re  Q_{ 2 2}          0.0013          0.0010          0.0010          0.0024

Re  Q_{ 4 0}         28.8016         30.6002         31.4922         59.4018
Re  Q_{ 4 2}          0.0088          0.0085          0.0085          0.0173
Re  Q_{ 4 4}         -0.3684         -0.3182          0.2152         -0.6866

Re  Q_{ 6 0}         33.6165         42.5327         70.4264         76.1492
Re  Q_{ 6 2}          0.0381          0.0522          0.0528          0.0904
Re  Q_{ 6 4}          1.0242          1.1595          9.0663          2.1837
Re  Q_{ 6 6}          0.0005          0.0043          0.0057          0.0047

Re  Q_{ 8 0}        -80.9553         12.0639        290.2358        -68.8913
Re  Q_{ 8 2}          0.1045        -22.2762        -19.8198        -22.1717
Re  Q_{ 8 4}         58.6319         40.5183        113.2443         99.1502
Re  Q_{ 8 6}         -0.0081         -8.0735         -8.0914         -8.0816
Re  Q_{ 8 8}         38.6702         38.9971         39.9115         77.6672

Re  Q_{10 0}      -1147.3998      12444.5386      13024.1289      11297.1388
Re  Q_{10 2}         -0.1111        254.4616        270.3680        254.3505
Re  Q_{10 4}      -1427.3061        918.0294       1956.9550       -509.2767
Re  Q_{10 6}         -0.0827      -2415.2026      -2426.9686      -2415.2854
Re  Q_{10 8}      -2462.7525      -3407.4463      -3120.2268      -5870.1987
Re  Q_{1010}          0.2571       -188.9780       -177.3959       -188.7209

 RMS radius           2.9887          2.9786          3.0250          2.9839
 Fourth mom.          3.2904          3.2824          3.3412          3.2865
______________________________________________________________________________
                   Neutrons        Protons          Charge         Total
______________________________________________________________________________

Beta_{ 2 0}       0.17300169      0.17179852      0.17179844      0.34480020
Beta_{ 2 2}       0.00001805      0.00001409      0.00001409      0.00003214

Beta_{ 4 0}       0.03183609      0.03382422      0.03481023      0.06566031
Beta_{ 4 2}       0.00000971      0.00000943      0.00000939      0.00001914
Beta_{ 4 4}      -0.00040723     -0.00035176      0.00023786     -0.00075899

Beta_{ 6 0}       0.00301810      0.00381860      0.00632291      0.00683670
Beta_{ 6 2}       0.00000342      0.00000469      0.00000474      0.00000811
Beta_{ 6 4}       0.00009195      0.00010410      0.00081397      0.00019606
Beta_{ 6 6}       0.00000004      0.00000038      0.00000051      0.00000043

Beta_{ 8 0}      -0.00059034      0.00008797      0.00211646     -0.00050237
Beta_{ 8 2}       0.00000076     -0.00016244     -0.00014453     -0.00016168
Beta_{ 8 4}       0.00042756      0.00029547      0.00082580      0.00072302
Beta_{ 8 6}      -0.00000006     -0.00005887     -0.00005900     -0.00005893
Beta_{ 8 8}       0.00028199      0.00028437      0.00029104      0.00056636

Beta_{10 0}      -0.00067960      0.00737080      0.00771409      0.00669121
Beta_{10 2}      -0.00000007      0.00015072      0.00016014      0.00015065
Beta_{10 4}      -0.00084538      0.00054374      0.00115909     -0.00030164
Beta_{10 6}      -0.00000005     -0.00143051     -0.00143747     -0.00143056
Beta_{10 8}      -0.00145867     -0.00201820     -0.00184809     -0.00347687
Beta_{1010}       0.00000015     -0.00011193     -0.00010507     -0.00011178


______________________________________________________________________________
                   Neutrons        Protons          Charge         Total
______________________________________________________________________________
Q_{ 2}               12.7123         12.6239         12.6239         25.3362
Q_{ 4}               28.8063         30.6035         31.4937         59.4097
Q_{ 6}               33.6477         42.5644         71.5841         76.2119
Q_{ 8}              128.1403         87.1399        337.6208        193.8704
Q_{10}             4185.8370      13843.4393      14448.1279      14454.4237
______________________________________________________________________________
                   Neutrons        Protons          Charge         Total
______________________________________________________________________________
Beta_{   2}       0.17300169      0.17179852      0.17179844      0.34480021
Beta_{   4}       0.03184130      0.03382788      0.03481186      0.06566909
Beta_{   6}       0.00302090      0.00382145      0.00642684      0.00684233
Beta_{   8}       0.00093442      0.00063544      0.00246200      0.00141374
Beta_{  10}       0.00247924      0.00819936      0.00855752      0.00856124
______________________________________________________________________________
 Cart. Moments X              Y              Z
 Cart. N      -20.1480560    -20.1583577     40.3064137
 Cart. P      -20.0090272    -20.0170693     40.0260966
 Cart. T      -40.1570832    -40.1754270     80.3325102
 (Q, gamma)    Q              Gamma
 (Q,g) N       40.3064141      0.0084547
 (Q,g) P       40.0260969      0.0066464
 (Q,g) T       80.3325109      0.0075537
 (iq1, iq2)    iq1            iq2
 iq    N       40.3029797      0.0068678
 iq    P       40.0234159      0.0053614
 iq    T       80.3263956      0.0122292
               X^2            Y^2            Z^2
 X^2_i N       31.9900350     31.9866011     52.1415249
 X^2_i P       28.8197072     28.8170265     48.8314151
 X^2_i T       60.8097422     60.8036275    100.9729400
----------------------------------------------------------------------------
--------------- Magnetic Multipole Moments ----------------
Quantisation Axis             : Z
  With secondary axis ordering: X,Y
 Units: 
   spin/orbit/total: hbar fm^(l-1)
   phys:             mu_N fm^(l-1)
______________________________________________________________________________
 Re Q^m_{ 1 0}     X           Y            Z        total
 Spin     n   -3.973E-18  -4.101E-19   4.077E-15   4.072E-15
          p    3.491E-18   4.081E-18   1.173E-15   1.180E-15
          t   -4.817E-19   3.671E-18   5.250E-15   5.253E-15
 Orbital  n    2.584E-15   2.667E-15  -5.534E-17   5.196E-15
          p    8.817E-16   8.920E-16  -3.009E-17   1.744E-15
          t    3.466E-15   3.559E-15  -8.543E-17   6.940E-15
 Total    n    2.580E-15   2.667E-15   4.021E-15   9.268E-15
          p    8.852E-16   8.961E-16   1.143E-15   2.924E-15
          t    3.465E-15   3.563E-15   5.164E-15   1.219E-14
 Phys     n    1.520E-17   1.569E-18  -1.560E-14  -1.558E-14
          p    9.012E-16   9.148E-16   6.521E-15   8.337E-15
          t    9.164E-16   9.164E-16  -9.077E-15  -7.244E-15
____________________________________________________________
 mu_z  n                                           -0.000000
 mu_z  p(S)                                         0.000000
 mu_z  p(L)                                         0.000000
 mu_z  p                                            0.000000
 mu_z  t                                           -0.000000
______________________________________________________________________________
 Re Q^m_{ 3 0}     X           Y            Z        total
 Spin     n    5.230E-15   3.563E-15  -2.210E-14  -1.330E-14
          p   -5.944E-15  -6.110E-15  -2.984E-15  -1.504E-14
          t   -7.139E-16  -2.547E-15  -2.508E-14  -2.834E-14
 Orbital  n   -7.422E-15  -7.102E-15   3.828E-14   2.376E-14
          p   -3.113E-15  -1.996E-15   7.674E-15   2.565E-15
          t   -1.054E-14  -9.098E-15   4.596E-14   2.633E-14
 Total    n   -2.192E-15  -3.539E-15   1.619E-14   1.046E-14
          p   -9.057E-15  -8.106E-15   4.691E-15  -1.247E-14
          t   -1.125E-14  -1.165E-14   2.088E-14  -2.015E-15
 Phys     n   -2.001E-14  -1.363E-14   8.454E-14   5.089E-14
          p   -3.632E-14  -3.613E-14  -8.992E-15  -8.144E-14
          t   -5.633E-14  -4.976E-14   7.554E-14  -3.054E-14
______________________________________________________________________________
 Re Q^m_{ 3 2}     X           Y            Z        total
 Spin     n   -4.846E-15   3.284E-15   2.398E-16  -1.322E-15
          p    5.444E-15  -5.559E-15  -2.069E-16  -3.223E-16
          t    5.982E-16  -2.276E-15   3.289E-17  -1.645E-15
 Orbital  n    1.020E-14  -1.167E-14  -2.040E-15  -3.514E-15
          p    2.216E-15  -3.108E-15  -1.132E-15  -2.025E-15
          t    1.241E-14  -1.478E-14  -3.172E-15  -5.538E-15
 Total    n    5.351E-15  -8.387E-15  -1.800E-15  -4.836E-15
          p    7.660E-15  -8.667E-15  -1.339E-15  -2.347E-15
          t    1.301E-14  -1.705E-14  -3.139E-15  -7.183E-15
 Phys     n    1.854E-14  -1.256E-14  -9.176E-16   5.059E-15
          p    3.263E-14  -3.416E-14  -2.288E-15  -3.825E-15
          t    5.117E-14  -4.673E-14  -3.206E-15   1.234E-15
----------------------------------------------------------------------------
----------------------- Box Size Check -------------------------
 Xmax = (nx+0.5)dx = 11.500 fm,  max(rho(X=Xmax)) =    1.419E-08
 Ymax = (ny+0.5)dx = 11.500 fm,  max(rho(Y=Ymax)) =    1.422E-08
 Zmax = (nz+0.5)dx = 11.500 fm,  max(rho(Z=Zmax)) =    9.348E-09
---------------------Rotational properties--------------------
                Rigid rotor          (hbar^2/MeV)
              n              p              t 
 I_R X       2.0285995      1.8723535      3.9009530
 I_R Y       2.0286823      1.8724181      3.9011004
 I_R Z       1.5426823      1.3898069      2.9324892

                Belyaev                 (hbar^2/MeV) 
              n              p              t 
 I_B X       1.3667006      0.9415208      2.3082213
 I_B Y       1.3665577      0.9414105      2.3079682
 I_B Z       0.0000282      0.0000199      0.0000481

                Belyaev (collective)    (hbar^2/MeV) 
              n              p              t 
 I_B X       0.4474503      0.9415208      1.3889711
 I_B Y       0.4470003      0.9414105      1.3884108
 I_B Z       0.0000000      0.0000199      0.0000199

                 <J^2> - <J>^2          (hbar^2)
              n              p              t 
 J2_X        2.4985342      2.1399004      4.6384346
 J2_Y        2.4978131      2.1393227      4.6371359
 J2_Z        3.1248446      0.0001256      3.1249702
 J2_t        8.1211919      4.2793487     12.4005407

                 <J^2> - <J>^2 (coll.)  (hbar^2)
              n              p              t 
 J2_X        1.2593766      2.1409544      3.4003311
 J2_Y        1.2582414      2.1404008      3.3986422
 J2_Z        0.0000000      0.0000387      0.0000387
 J2_t        2.5176180      4.2813939      6.7990119
------------------------- Angular Momentum (hbar) --------------------------

               Spwfs(*)    Desired     Omega       E (MeV)      Densit. 
  __________________________________________________________________________
   J_x   |     0.00000     0.00000     0.00000    -0.00000     0.00000
   J_y   |     0.00000     0.00000     0.00000    -0.00000     0.00000
   J_z   |     0.00000     0.00000     0.00000    -0.00000     0.00000
  __________________________________________________________________________
   Size  |     0.00000     0.00000     0.00000                 0.00000
  --------------------------------------------------------------------------

   Open spin
               Neutrons   Protons
   _______________________________________________________
   x |   |     0.00000     0.00000
   y |   |     0.00000     0.00000
   z |   |     0.00000     0.00000
   _______________________________________________________
-------------------------- Pairing -------------------------
                          N         P 
 Fermi Level (MeV)    -11.42326080    -9.21265243
 Particles             13.00000000    12.00000000
 Dispersion             0.50000000     1.39730108
 Average gap   v^2      0.00000000     0.60005784
 Average gap   uv              NaN     1.22125114
------------------------------------------------------------
--------------------------------------------------------------------------------
 Skyrme Energy 
                                    Isoscalar      Isovector   |   Total
--------------------------------------------------------------------------------
  E_D_I_I_D_I_I                  -1776.320604       1.100970   -1775.219633
  E_D_I_I_D_Nm_Nm                   41.656232      -0.080785      41.575446
  E_D_I_Sm_D_I_Sm                    0.000000       0.000000       0.000000
  E_D_I_Sm_D_I_Sm_DD                -0.000000      -0.000000      -0.000000
  E_D_I_I_Lap_D_I_I                 73.289444       0.011710      73.301154
  E_D_I_I_D_I_I_DD                1030.923727      -0.545966    1030.377761
  E_C_I_NmSk_C_I_NmSk                0.000000       0.000000       0.000000
  E_C_I_Nm_C_I_Nm                   -0.000000       0.000000      -0.000000
  E_D_I_Sm_Lap_D_I_Sm               -0.000000       0.000000       0.000000
  E_D_I_Sm_D_Nk_NkSm                 0.000000       0.000000       0.000000
  E_D_I_I_Derm_C_I_NxmSxm          -26.100940      -0.022769     -26.123709
  E_C_I_Nm_Derxm_D_I_Sxm            -0.000000      -0.000000      -0.000000
  E_DP_I_I_DP_I_I                                                 -1.583100
  E_CP_I_I_CP_I_I                                                 -0.000000
--------------------------------------------------------------------------------
                 Total Skyrme:                                  -657.672081
                    time-even:                                  -657.672081
                    time-odd :                                     0.000000
--------------------------------------------------------------------------------
--------------------------------------------------------------------------------
                                     neutron        proton         total
                Kinetic Energy:     229.615532     203.407436     433.022968
                    COM 1-body:      -9.184621      -8.136297     -17.320919
                    COM 2-body:       4.077660       3.486723       7.564384
                            ph:       4.077660       3.468112       7.545772
                            pp:       0.000000       0.018611       0.018611
                 Collective T:                                     -2.276708

                 Rotational  T:                                    -2.276708
                 Rotational  X:                                    -1.138362
                 Rotational  Y:                                    -1.138255
                 Rotational  Z:                                    -0.000091

                 Vibrational T:                                     0.000000
                 Vibrational X:                                    -0.000000
                 Vibrational Y:                                    -0.000000
                 Vibrational Z:                                    -0.000000


                Coulomb Direct:       0.000000      32.922328      32.922328
                      Exchange:       0.000000       0.000000       0.000000

               Pairing (delta):      -0.000000      -1.583100      -1.583100
               Pairing (densi):                                    -1.583100
--------------------------------------------------------------------------------
                  Total energy:                                  -203.760028
                    from spwfs:                                  -203.760028
                   E_fu - E_sp:                                -0.613088E-07
                   (no corr.) :                                  -209.047703
                      Routhian:                                  -203.760028
                         dE   :                                -0.547309E-03
                         dR   :                                -0.547309E-03
--------------------------------------------------------------------------------
 : Warning N(eps_F) decreases 
 A =  -11.42326080 FA =    -0.00000000 B =  -11.39326080 FB =    -0.00000000
 Iteration =   71
 dt    =   0.0390      mu   =   0.9115 gradn =    0.000E+00 D2H  =    6.478E-10
 E     =   -203.760    DE   = -0.12583E-11
 R     =   -203.760    DR   = -0.12583E-11
 R-E   =      0.000  D(R-E) =  0.00000E+00
 dmun  =  3.5E-02      dmup= -1.1E-08
 RQ20t =      25.3362   dQ = -1.1E-09  L =       0.0000   dL =  0.0E+00  dev =  0.0E+00
 RQ22t =       0.0023   dQ = -4.8E-05  L =       0.0000   dL =  0.0E+00  dev =  0.0E+00
 Jz    =       0.0000   dJZ=  1.6E-14 Om =       0.0000   dO =  0.0E+00  dev =  0.0E+00
--------------------------------------------------------------------------------------
 Iteration =   72
 dt    =   0.0391      mu   =   0.9164 gradn =    0.000E+00 D2H  =    6.155E-10
 E     =   -203.760    DE   = -0.12423E-10
 R     =   -203.760    DR   = -0.12423E-10
 R-E   =      0.000  D(R-E) =  0.00000E+00
 dmun  =  0.0E+00      dmup= -1.4E-08
 RQ20t =      25.3362   dQ =  1.6E-09  L =       0.0000   dL =  0.0E+00  dev =  0.0E+00
 RQ22t =       0.0023   dQ = -4.8E-05  L =       0.0000   dL =  0.0E+00  dev =  0.0E+00
 Jz    =       0.0000   dJZ=  5.6E-17 Om =       0.0000   dO =  0.0E+00  dev =  0.0E+00
--------------------------------------------------------------------------------------
 Iteration =   73
 dt    =   0.0391      mu   =   0.9164 gradn =    0.000E+00 D2H  =    5.879E-10
 E     =   -203.760    DE   = -0.18208E-10
 R     =   -203.760    DR   = -0.18208E-10
 R-E   =      0.000  D(R-E) =  0.00000E+00
 dmun  =  3.6E-02      dmup= -9.0E-09
 RQ20t =      25.3362   dQ = -7.3E-10  L =       0.0000   dL =  0.0E+00  dev =  0.0E+00
 RQ22t =       0.0022   dQ = -4.8E-05  L =       0.0000   dL =  0.0E+00  dev =  0.0E+00
 Jz    =       0.0000   dJZ= -1.7E-15 Om =       0.0000   dO =  0.0E+00  dev =  0.0E+00
--------------------------------------------------------------------------------------
 Iteration =   74
 dt    =   0.0392      mu   =   0.9218 gradn =    0.000E+00 D2H  =    5.584E-10
 E     =   -203.760    DE   = -0.16085E-10
 R     =   -203.760    DR   = -0.16085E-10
 R-E   =      0.000  D(R-E) =  0.00000E+00
 dmun  =  0.0E+00      dmup= -1.8E-10
 RQ20t =      25.3362   dQ = -1.9E-09  L =       0.0000   dL =  0.0E+00  dev =  0.0E+00
 RQ22t =       0.0022   dQ = -4.8E-05  L =       0.0000   dL =  0.0E+00  dev =  0.0E+00
 Jz    =       0.0000   dJZ= -3.5E-16 Om =       0.0000   dO =  0.0E+00  dev =  0.0E+00
--------------------------------------------------------------------------------------
 Iteration =   75
 dt    =   0.0392      mu   =   0.9218 gradn =    0.000E+00 D2H  =    5.330E-10
 E     =   -203.760    DE   = -0.10280E-10
 R     =   -203.760    DR   = -0.10280E-10
 R-E   =      0.000  D(R-E) =  0.00000E+00
 dmun  =  6.7E-03      dmup=  8.7E-09
 RQ20t =      25.3362   dQ = -1.5E-09  L =       0.0000   dL =  0.0E+00  dev =  0.0E+00
 RQ22t =       0.0021   dQ = -4.8E-05  L =       0.0000   dL =  0.0E+00  dev =  0.0E+00
 Jz    =       0.0000   dJZ=  5.7E-15 Om =       0.0000   dO =  0.0E+00  dev =  0.0E+00
--------------------------------------------------------------------------------------
 Iteration =   76
 dt    =   0.0392      mu   =   0.9229 gradn =    0.000E+00 D2H  =    5.056E-10
 E     =   -203.760    DE   = -0.74625E-12
 R     =   -203.760    DR   = -0.74625E-12
 R-E   =      0.000  D(R-E) =  0.00000E+00
 dmun  =  0.0E+00      dmup=  1.4E-08
 RQ20t =      25.3362   dQ =  5.5E-11  L =       0.0000   dL =  0.0E+00  dev =  0.0E+00
 RQ22t =       0.0021   dQ = -4.8E-05  L =       0.0000   dL =  0.0E+00  dev =  0.0E+00
 Jz    =       0.0000   dJZ=  1.3E-15 Om =       0.0000   dO =  0.0E+00  dev =  0.0E+00
--------------------------------------------------------------------------------------
 Iteration =   77
 dt    =   0.0392      mu   =   0.9229 gradn =    0.000E+00 D2H  =    4.816E-10
 E     =   -203.760    DE   =  0.52922E-11
 R     =   -203.760    DR   =  0.52922E-11
 R-E   =      0.000  D(R-E) =  0.00000E+00
 dmun  =  1.0E-02      dmup=  1.3E-08
 RQ20t =      25.3362   dQ =  1.8E-09  L =       0.0000   dL =  0.0E+00  dev =  0.0E+00
 RQ22t =       0.0020   dQ = -4.8E-05  L =       0.0000   dL =  0.0E+00  dev =  0.0E+00
 Jz    =       0.0000   dJZ= -1.5E-14 Om =       0.0000   dO =  0.0E+00  dev =  0.0E+00
--------------------------------------------------------------------------------------
 Iteration =   78
 dt    =   0.0393      mu   =   0.9245 gradn =    0.000E+00 D2H  =    4.571E-10
 E     =   -203.760    DE   =  0.82891E-11
 R     =   -203.760    DR   =  0.82891E-11
 R-E   =      0.000  D(R-E) =  0.00000E+00
 dmun  = -8.3E-03      dmup=  6.9E-09
 RQ20t =      25.3362   dQ =  2.9E-09  L =       0.0000   dL =  0.0E+00  dev =  0.0E+00
 RQ22t =       0.0020   dQ = -4.7E-05  L =       0.0000   dL =  0.0E+00  dev =  0.0E+00
 Jz    =       0.0000   dJZ=  7.9E-15 Om =       0.0000   dO =  0.0E+00  dev =  0.0E+00
--------------------------------------------------------------------------------------
 Iteration =   79
 dt    =   0.0392      mu   =   0.9231 gradn =    0.000E+00 D2H  =    4.334E-10
 E     =   -203.760    DE   =  0.43160E-11
 R     =   -203.760    DR   =  0.43160E-11
 R-E   =      0.000  D(R-E) =  0.00000E+00
 dmun  =  2.0E-02      dmup= -9.4E-10
 RQ20t =      25.3362   dQ =  2.8E-09  L =       0.0000   dL =  0.0E+00  dev =  0.0E+00
 RQ22t =       0.0019   dQ = -4.7E-05  L =       0.0000   dL =  0.0E+00  dev =  0.0E+00
 Jz    =       0.0000   dJZ=  7.8E-16 Om =       0.0000   dO =  0.0E+00  dev =  0.0E+00
--------------------------------------------------------------------------------------
--------------------------------------------------------------------------------------
                              Iteration =    80

--------------------- Hartree-Fock basis-------------------------------------------------------------------
__________________________________________________________________________________________________________
   Neutron wavefunctions
  i     P   Rz   occ          E       d2h    Delta |   JxT    JyT    Jz      J   |   SxT    SyT    Sz
----------------------------------------------------------------------------------------------------------
  9  1.00 -1.0  1.0000     -38.084  1.5E-11   0.00 |   0.50   0.50  -0.50   0.52 |   0.50   0.50  -0.50
  1  1.00  1.0  1.0000     -38.084  1.9E-11   0.00 |  -0.50   0.50   0.50   0.52 |  -0.50   0.50   0.50
 17 -1.00  1.0  1.0000     -27.095  7.7E-12   0.00 |  -0.84   0.84   0.50   1.44 |  -0.46   0.46   0.43
 29 -1.00 -1.0  1.0000     -27.095  1.8E-11   0.00 |   0.84   0.84  -0.50   1.44 |   0.46   0.46  -0.43
 19 -1.00  1.0  1.0000     -24.087  4.9E-10   0.00 |   0.00   0.00  -1.50   1.52 |   0.00   0.00  -0.50
 31 -1.00 -1.0  1.0000     -24.087  4.9E-10   0.00 |  -0.00   0.00   1.50   1.52 |  -0.00   0.00   0.50
 25 -1.00  1.0  1.0000     -19.598  4.8E-10   0.00 |   0.34  -0.34   0.50   0.68 |  -0.04   0.04  -0.43
 37 -1.00 -1.0  1.0000     -19.598  4.8E-10   0.00 |  -0.34  -0.34  -0.50   0.68 |   0.04   0.04   0.43
  2  1.00  1.0  1.0000     -15.687  1.4E-10   0.00 |  -1.28   1.28   0.50   2.27 |  -0.40   0.40   0.29
 10  1.00 -1.0  1.0000     -15.687  1.4E-10   0.00 |   1.28   1.28  -0.50   2.27 |   0.40   0.40  -0.29
 11  1.00 -1.0  1.0000     -13.777  3.7E-10   0.00 |  -0.00  -0.00   1.50   2.49 |  -0.00  -0.00   0.43
  3  1.00  1.0  1.0000     -13.777  3.7E-10   0.00 |   0.00  -0.00  -1.50   2.49 |   0.00  -0.00  -0.43
 12  1.00 -1.0  0.5000     -11.112  1.8E-09   0.00 |   0.00   0.00  -2.50   2.52 |  -0.00  -0.00  -0.50
  4  1.00  1.0  0.5000     -11.112  1.8E-09   0.00 |  -0.00   0.00   2.50   2.52 |   0.00  -0.00   0.50
  5  1.00  1.0  0.0000      -9.251  1.7E-09   0.00 |  -0.47   0.47   0.50   1.25 |  -0.34   0.34   0.18
 13  1.00 -1.0  0.0000      -9.251  1.7E-09   0.00 |   0.47   0.47  -0.50   1.25 |   0.34   0.34  -0.18
 14  1.00 -1.0  0.0000      -6.322  8.9E-10   0.00 |  -0.75  -0.75  -0.50   1.40 |   0.27   0.27  -0.03
  6  1.00  1.0  0.0000      -6.322  8.9E-10   0.00 |   0.75  -0.75   0.50   1.40 |  -0.27   0.27   0.03
 20 -1.00  1.0  0.0000      -4.459  3.6E-10   0.00 |  -1.60   1.60   0.50   2.95 |  -0.37   0.37   0.24
 32 -1.00 -1.0  0.0000      -4.459  3.6E-10   0.00 |   1.60   1.60  -0.50   2.95 |   0.37   0.37  -0.24
 15  1.00 -1.0  0.0000      -3.667  6.4E-10   0.00 |   0.00   0.00   1.50   1.57 |   0.00   0.00  -0.43
  7  1.00  1.0  0.0000      -3.667  6.4E-10   0.00 |  -0.00   0.00  -1.50   1.57 |  -0.00   0.00   0.43
 21 -1.00  1.0  0.0000      -2.906  8.5E-10   0.00 |   0.00  -0.00  -1.50   3.31 |   0.00  -0.00  -0.36
 33 -1.00 -1.0  0.0000      -2.906  8.5E-10   0.00 |  -0.00  -0.00   1.50   3.31 |  -0.00  -0.00   0.36
 34 -1.00 -1.0  0.0000      -0.830  3.9E-08   0.00 |   0.00   0.00  -2.50   3.50 |  -0.00  -0.00  -0.45
 22 -1.00  1.0  0.0000      -0.830  3.9E-08   0.00 |  -0.00   0.00   2.50   3.50 |   0.00  -0.00   0.45
 35 -1.00 -1.0  0.0000      -0.233  3.9E-08   0.00 |   0.67   0.67  -0.50   2.01 |   0.40   0.40  -0.31
 23 -1.00  1.0  0.0000      -0.233  3.9E-08   0.00 |  -0.67   0.67   0.50   2.01 |  -0.40   0.40   0.31
 28 -1.00  1.0  0.0000       0.889  1.2E-04   0.00 |   0.38   0.43  -1.22   1.97 |   0.34   0.34  -0.49
 40  1.00 -1.0  0.0000       0.889  1.2E-04   0.00 |  -0.38   0.43   1.22   1.97 |  -0.34   0.34   0.49
 24 -1.00  1.0  0.0000       0.911  1.3E-04   0.00 |  -0.54  -0.28   0.21   1.68 |  -0.35  -0.33  -0.48
 36 -1.00 -1.0  0.0000       0.911  1.3E-04   0.00 |   0.54  -0.28  -0.21   1.68 |   0.35  -0.33   0.48
 39 -1.00 -1.0  0.0000       1.039  1.0E-05   0.00 |  -0.50  -0.49  -0.49   2.22 |  -0.50  -0.50  -0.50
 27 -1.00  1.0  0.0000       1.039  1.0E-05   0.00 |   0.50  -0.49   0.49   2.22 |   0.50  -0.50   0.50
 16 -1.00 -1.0  0.0000       1.043  1.9E-06   0.00 |  -0.14   0.16  -0.47   2.05 |  -0.13   0.13   0.50
  8  1.00  1.0  0.0000       1.043  1.9E-06   0.00 |   0.14   0.16   0.47   2.05 |   0.13   0.13  -0.50
 30 -1.00 -1.0  0.0000       1.606  7.2E-05   0.00 |   0.49   0.49  -0.47   2.17 |   0.48   0.48  -0.46
 18 -1.00  1.0  0.0000       1.606  7.2E-05   0.00 |  -0.49   0.49   0.47   2.17 |  -0.48   0.48   0.46
 26 -1.00  1.0  0.0000       1.722  7.2E-05   0.00 |  -0.00   0.00  -3.43   3.50 |  -0.00   0.00  -0.49
 38 -1.00 -1.0  0.0000       1.722  7.2E-05   0.00 |   0.00   0.00   3.43   3.50 |   0.00   0.00   0.49
__________________________________________________________________________________________________________
   Proton  wavefunctions
  i     P   Rz   occ          E       d2h    Delta |   JxT    JyT    Jz      J   |   SxT    SyT    Sz
----------------------------------------------------------------------------------------------------------
 49  1.00 -1.0  1.0000     -34.316  1.5E-11   0.00 |   0.50   0.50  -0.50   0.52 |   0.50   0.50  -0.50
 41  1.00  1.0  1.0000     -34.316  3.0E-11   0.00 |  -0.50   0.50   0.50   0.52 |  -0.50   0.50   0.50
 57 -1.00  1.0  1.0000     -23.439  4.8E-11   0.00 |  -0.85   0.85   0.50   1.44 |  -0.46   0.46   0.42
 69 -1.00 -1.0  1.0000     -23.439  5.3E-11   0.00 |   0.85   0.85  -0.50   1.44 |   0.46   0.46  -0.42
 59 -1.00  1.0  1.0000     -20.861  6.4E-10   0.02 |   0.00   0.00  -1.50   1.52 |   0.00   0.00  -0.50
 71 -1.00 -1.0  1.0000     -20.861  6.4E-10   0.02 |  -0.00   0.00   1.50   1.52 |  -0.00   0.00   0.50
 77 -1.00 -1.0  0.9948     -16.372  5.9E-10   1.04 |  -0.35  -0.35  -0.50   0.67 |   0.04   0.04   0.42
 65 -1.00  1.0  0.9948     -16.372  5.9E-10   1.04 |   0.35  -0.35   0.50   0.67 |  -0.04   0.04  -0.42
 42  1.00  1.0  0.9625     -12.115  4.2E-10   1.19 |  -1.30   1.30   0.50   2.29 |  -0.39   0.39   0.28
 50  1.00 -1.0  0.9625     -12.115  4.2E-10   1.19 |   1.30   1.30  -0.50   2.29 |   0.39   0.39  -0.28
 51  1.00 -1.0  0.8393     -10.456  7.1E-10   1.35 |  -0.00  -0.00   1.50   2.49 |  -0.00  -0.00   0.43
 43  1.00  1.0  0.8393     -10.456  7.1E-10   1.35 |   0.00  -0.00  -1.50   2.49 |   0.00  -0.00  -0.43
 44  1.00  1.0  0.1721      -8.027  2.0E-09   1.36 |  -0.00   0.00   2.50   2.52 |   0.00  -0.00   0.50
 52  1.00 -1.0  0.1721      -8.027  2.0E-09   1.36 |   0.00   0.00  -2.50   2.52 |  -0.00  -0.00  -0.50
 45  1.00  1.0  0.0224      -5.772  2.0E-09   1.06 |  -0.43   0.43   0.50   1.21 |  -0.34   0.34   0.18
 53  1.00 -1.0  0.0224      -5.772  2.0E-09   1.06 |   0.43   0.43  -0.50   1.21 |   0.34   0.34  -0.18
 46  1.00  1.0  0.0079      -3.087  1.7E-09   1.09 |   0.73  -0.73   0.50   1.39 |  -0.27   0.27   0.04
 54  1.00 -1.0  0.0079      -3.087  1.7E-09   1.09 |  -0.73  -0.73  -0.50   1.39 |   0.27   0.27  -0.04
 72 -1.00 -1.0  0.0005      -0.944  8.8E-10   0.38 |   1.62   1.62  -0.50   2.98 |   0.37   0.37  -0.23
 60 -1.00  1.0  0.0005      -0.944  8.8E-10   0.38 |  -1.62   1.62   0.50   2.98 |  -0.37   0.37   0.23
 55  1.00 -1.0  0.0005      -0.685  1.5E-09   0.37 |   0.00   0.00   1.50   1.57 |   0.00   0.00  -0.43
 47  1.00  1.0  0.0005      -0.685  1.5E-09   0.37 |  -0.00   0.00  -1.50   1.57 |  -0.00   0.00   0.43
 73 -1.00 -1.0  0.0000       0.453  1.6E-09   0.11 |  -0.00  -0.00   1.50   3.30 |  -0.00  -0.00   0.36
 61 -1.00  1.0  0.0000       0.453  1.6E-09   0.11 |   0.00  -0.00  -1.50   3.30 |   0.00  -0.00  -0.36
 79 -1.00 -1.0  0.0000       2.139  3.1E-07   0.00 |  -0.48  -0.48  -0.60   2.25 |  -0.48  -0.48  -0.50
 67 -1.00  1.0  0.0000       2.139  3.1E-07   0.00 |   0.48  -0.48   0.60   2.25 |   0.48  -0.48   0.50
 56 -1.00 -1.0  0.0000       2.361  3.8E-07   0.00 |  -0.12   0.13  -0.49   2.11 |  -0.11   0.11   0.50
 48  1.00  1.0  0.0000       2.361  3.8E-07   0.00 |   0.12   0.13   0.49   2.11 |   0.11   0.11  -0.50
 62 -1.00  1.0  0.0000       2.400  2.0E-05   0.02 |   0.01  -0.01   2.39   3.44 |   0.01  -0.02   0.45
 74 -1.00 -1.0  0.0000       2.400  2.0E-05   0.02 |  -0.01  -0.01  -2.39   3.44 |  -0.01  -0.02  -0.45
 63 -1.00  1.0  0.0000       2.478  2.1E-05   0.01 |  -0.25   0.26   0.51   1.88 |  -0.44   0.43   0.37
 75 -1.00 -1.0  0.0000       2.478  2.1E-05   0.01 |   0.25   0.26  -0.51   1.88 |   0.44   0.43  -0.37
 80 -1.00 -1.0  0.0000       2.662  3.8E-06   0.00 |  -0.52   0.78   0.75   2.15 |  -0.46   0.48   0.48
 68 -1.00  1.0  0.0000       2.662  3.8E-06   0.00 |   0.52   0.78  -0.75   2.15 |   0.46   0.48  -0.48
 64 -1.00  1.0  0.0000       2.663  2.6E-06   0.00 |  -0.89  -0.42  -0.25   2.09 |  -0.49  -0.45  -0.46
 76 -1.00 -1.0  0.0000       2.663  2.6E-06   0.00 |   0.89  -0.42   0.25   2.09 |   0.49  -0.45   0.46
 66 -1.00  1.0  0.0000       3.762  3.3E-09   0.00 |  -0.63   0.63   0.50   2.36 |  -0.44   0.44   0.37
 78 -1.00 -1.0  0.0000       3.762  3.3E-09   0.00 |   0.63   0.63  -0.50   2.36 |   0.44   0.44  -0.37
 70 -1.00 -1.0  0.0000       4.669  2.9E-07   0.00 |   0.00   0.00   3.21   3.60 |   0.00   0.00   0.50
 58 -1.00  1.0  0.0000       4.669  2.9E-07   0.00 |  -0.00   0.00  -3.21   3.60 |  -0.00   0.00  -0.50
----------------------------------------------------------------------------------------------------------
--------------------- Canonical    basis-------------------------------------------------------------------
__________________________________________________________________________________________________________
   Neutron wavefunctions
  i     P   Rz   occ          E       d2h    Delta |   JxT    JyT    Jz      J   |   SxT    SyT    Sz
----------------------------------------------------------------------------------------------------------
  9  1.00 -1.0  1.0000     -38.084  0.0E+00   0.00 |   0.50   0.50  -0.50   0.52 |   0.50   0.50  -0.50
  1  1.00  1.0  1.0000     -38.084  0.0E+00   0.00 |  -0.50   0.50   0.50   0.52 |  -0.50   0.50   0.50
 17 -1.00  1.0  1.0000     -27.095  0.0E+00   0.00 |  -0.84   0.84   0.50   1.44 |  -0.46   0.46   0.43
 29 -1.00 -1.0  1.0000     -27.095  0.0E+00   0.00 |   0.84   0.84  -0.50   1.44 |   0.46   0.46  -0.43
 19 -1.00  1.0  1.0000     -24.087  0.0E+00   0.00 |   0.00   0.00  -1.50   1.52 |   0.00   0.00  -0.50
 31 -1.00 -1.0  1.0000     -24.087  0.0E+00   0.00 |  -0.00   0.00   1.50   1.52 |  -0.00   0.00   0.50
 25 -1.00  1.0  1.0000     -19.598  0.0E+00   0.00 |   0.34  -0.34   0.50   0.68 |  -0.04   0.04  -0.43
 37 -1.00 -1.0  1.0000     -19.598  0.0E+00   0.00 |  -0.34  -0.34  -0.50   0.68 |   0.04   0.04   0.43
  2  1.00  1.0  1.0000     -15.687  0.0E+00   0.00 |  -1.28   1.28   0.50   2.27 |  -0.40   0.40   0.29
 10  1.00 -1.0  1.0000     -15.687  0.0E+00   0.00 |   1.28   1.28  -0.50   2.27 |   0.40   0.40  -0.29
 11  1.00 -1.0  1.0000     -13.777  0.0E+00   0.00 |  -0.00  -0.00   1.50   2.49 |  -0.00  -0.00   0.43
  3  1.00  1.0  1.0000 *   -13.777  0.0E+00   0.00 |   0.00  -0.00  -1.50   2.49 |   0.00  -0.00  -0.43
 12  1.00 -1.0  0.5000     -11.112  0.0E+00   0.00 |   0.00   0.00  -2.50   2.52 |  -0.00  -0.00  -0.50
  4  1.00  1.0  0.5000     -11.112  0.0E+00   0.00 |  -0.00   0.00   2.50   2.52 |   0.00  -0.00   0.50
  5  1.00  1.0  0.0000      -9.251  0.0E+00   0.00 |  -0.47   0.47   0.50   1.25 |  -0.34   0.34   0.18
 13  1.00 -1.0  0.0000      -9.251  0.0E+00   0.00 |   0.47   0.47  -0.50   1.25 |   0.34   0.34  -0.18
 14  1.00 -1.0  0.0000      -6.322  0.0E+00   0.00 |  -0.75  -0.75  -0.50   1.40 |   0.27   0.27  -0.03
  6  1.00  1.0  0.0000      -6.322  0.0E+00   0.00 |   0.75  -0.75   0.50   1.40 |  -0.27   0.27   0.03
 28 -1.00  1.0  0.0000      -4.459  0.0E+00   0.00 |  -1.60   1.60   0.50   2.95 |  -0.37   0.37   0.24
 40  1.00 -1.0  0.0000      -4.459  0.0E+00   0.00 |   1.60   1.60  -0.50   2.95 |   0.37   0.37  -0.24
 15  1.00 -1.0  0.0000      -3.667  0.0E+00   0.00 |   0.00   0.00   1.50   1.57 |   0.00   0.00  -0.43
  7  1.00  1.0  0.0000      -3.667  0.0E+00   0.00 |  -0.00   0.00  -1.50   1.57 |  -0.00   0.00   0.43
 21 -1.00  1.0  0.0000      -2.906  0.0E+00   0.00 |   0.00  -0.00  -1.50   3.31 |   0.00  -0.00  -0.36
 33 -1.00 -1.0  0.0000      -2.906  0.0E+00   0.00 |  -0.00  -0.00   1.50   3.31 |  -0.00  -0.00   0.36
 34 -1.00 -1.0  0.0000      -0.830  0.0E+00   0.00 |   0.00   0.00  -2.50   3.50 |  -0.00  -0.00  -0.45
 22 -1.00  1.0  0.0000      -0.830  0.0E+00   0.00 |  -0.00   0.00   2.50   3.50 |   0.00  -0.00   0.45
 35 -1.00 -1.0  0.0000      -0.233  0.0E+00   0.00 |   0.67   0.67  -0.50   2.01 |   0.40   0.40  -0.31
 23 -1.00  1.0  0.0000      -0.233  0.0E+00   0.00 |  -0.67   0.67   0.50   2.01 |  -0.40   0.40   0.31
 20 -1.00  1.0  0.0000       0.889  0.0E+00   0.00 |   0.38   0.43  -1.22   1.97 |   0.34   0.34  -0.49
 32 -1.00 -1.0  0.0000       0.889  0.0E+00   0.00 |  -0.38   0.43   1.22   1.97 |  -0.34   0.34   0.49
 24 -1.00  1.0  0.0000       0.911  0.0E+00   0.00 |  -0.54  -0.28   0.21   1.68 |  -0.35  -0.33  -0.48
 36 -1.00 -1.0  0.0000       0.911  0.0E+00   0.00 |   0.54  -0.28  -0.21   1.68 |   0.35  -0.33   0.48
 39 -1.00 -1.0  0.0000       1.039  0.0E+00   0.00 |  -0.50  -0.49  -0.49   2.22 |  -0.50  -0.50  -0.50
 27 -1.00  1.0  0.0000       1.039  0.0E+00   0.00 |   0.50  -0.49   0.49   2.22 |   0.50  -0.50   0.50
 16 -1.00 -1.0  0.0000       1.043  0.0E+00   0.00 |  -0.14   0.16  -0.47   2.05 |  -0.13   0.13   0.50
  8  1.00  1.0  0.0000       1.043  0.0E+00   0.00 |   0.14   0.16   0.47   2.05 |   0.13   0.13  -0.50
 30 -1.00 -1.0  0.0000       1.606  0.0E+00   0.00 |   0.49   0.49  -0.47   2.17 |   0.48   0.48  -0.46
 18 -1.00  1.0  0.0000       1.606  0.0E+00   0.00 |  -0.49   0.49   0.47   2.17 |  -0.48   0.48   0.46
 26 -1.00  1.0  0.0000       1.722  0.0E+00   0.00 |  -0.00   0.00  -3.43   3.50 |  -0.00   0.00  -0.49
 38 -1.00 -1.0  0.0000       1.722  0.0E+00   0.00 |   0.00   0.00   3.43   3.50 |   0.00   0.00   0.49
__________________________________________________________________________________________________________
   Proton  wavefunctions
  i     P   Rz   occ          E       d2h    Delta |   JxT    JyT    Jz      J   |   SxT    SyT    Sz
----------------------------------------------------------------------------------------------------------
 49  1.00 -1.0  1.0000     -34.316  0.0E+00   0.00 |   0.50   0.50  -0.50   0.52 |   0.50   0.50  -0.50
 41  1.00  1.0  1.0000     -34.316  0.0E+00  -0.00 |  -0.50   0.50   0.50   0.52 |  -0.50   0.50   0.50
 57 -1.00  1.0  1.0000     -23.439  0.0E+00  -0.00 |  -0.85   0.85   0.50   1.44 |  -0.46   0.46   0.42
 69 -1.00 -1.0  1.0000     -23.439  0.0E+00   0.00 |   0.85   0.85  -0.50   1.44 |   0.46   0.46  -0.42
 59 -1.00  1.0  1.0000     -20.861  0.0E+00  -0.02 |   0.00   0.00  -1.50   1.52 |   0.00   0.00  -0.50
 71 -1.00 -1.0  1.0000     -20.861  0.0E+00   0.02 |  -0.00   0.00   1.50   1.52 |  -0.00   0.00   0.50
 77 -1.00 -1.0  0.9948     -16.372  0.0E+00   1.04 |  -0.35  -0.35  -0.50   0.67 |   0.04   0.04   0.42
 65 -1.00  1.0  0.9948     -16.372  0.0E+00  -1.04 |   0.35  -0.35   0.50   0.67 |  -0.04   0.04  -0.42
 42  1.00  1.0  0.9625     -12.115  0.0E+00  -1.19 |  -1.30   1.30   0.50   2.29 |  -0.39   0.39   0.28
 50  1.00 -1.0  0.9625     -12.115  0.0E+00   1.19 |   1.30   1.30  -0.50   2.29 |   0.39   0.39  -0.28
 51  1.00 -1.0  0.8393     -10.456  0.0E+00   1.35 |  -0.00  -0.00   1.50   2.49 |  -0.00  -0.00   0.43
 43  1.00  1.0  0.8393     -10.456  0.0E+00  -1.35 |   0.00  -0.00  -1.50   2.49 |   0.00  -0.00  -0.43
 44  1.00  1.0  0.1721      -8.027  0.0E+00  -1.36 |  -0.00   0.00   2.50   2.52 |   0.00  -0.00   0.50
 52  1.00 -1.0  0.1721      -8.027  0.0E+00   1.36 |   0.00   0.00  -2.50   2.52 |  -0.00  -0.00  -0.50
 45  1.00  1.0  0.0224      -5.772  0.0E+00  -1.06 |  -0.43   0.43   0.50   1.21 |  -0.34   0.34   0.18
 53  1.00 -1.0  0.0224      -5.772  0.0E+00   1.06 |   0.43   0.43  -0.50   1.21 |   0.34   0.34  -0.18
 46  1.00  1.0  0.0079      -3.087  0.0E+00  -1.09 |   0.73  -0.73   0.50   1.39 |  -0.27   0.27   0.04
 54  1.00 -1.0  0.0079      -3.087  0.0E+00   1.09 |  -0.73  -0.73  -0.50   1.39 |   0.27   0.27  -0.04
 80 -1.00 -1.0  0.0005      -0.944  0.0E+00   0.38 |   1.62   1.62  -0.50   2.98 |   0.37   0.37  -0.23
 68 -1.00  1.0  0.0005      -0.944  0.0E+00  -0.38 |  -1.62   1.62   0.50   2.98 |  -0.37   0.37   0.23
 55  1.00 -1.0  0.0005      -0.685  0.0E+00   0.37 |   0.00   0.00   1.50   1.57 |   0.00   0.00  -0.43
 47  1.00  1.0  0.0005      -0.685  0.0E+00  -0.37 |  -0.00   0.00  -1.50   1.57 |  -0.00   0.00   0.43
 73 -1.00 -1.0  0.0000       0.453  0.0E+00   0.11 |  -0.00  -0.00   1.50   3.30 |  -0.00  -0.00   0.36
 61 -1.00  1.0  0.0000       0.453  0.0E+00  -0.11 |   0.00  -0.00  -1.50   3.30 |   0.00  -0.00  -0.36
 79 -1.00 -1.0  0.0000       2.139  0.0E+00   0.00 |  -0.48  -0.48  -0.60   2.25 |  -0.48  -0.48  -0.50
 67 -1.00  1.0  0.0000       2.139  0.0E+00  -0.00 |   0.48  -0.48   0.60   2.25 |   0.48  -0.48   0.50
 56 -1.00 -1.0  0.0000       2.361  0.0E+00   0.00 |  -0.12   0.13  -0.49   2.11 |  -0.11   0.11   0.50
 48  1.00  1.0  0.0000       2.361  0.0E+00  -0.00 |   0.12   0.13   0.49   2.11 |   0.11   0.11  -0.50
 62 -1.00  1.0  0.0000       2.400  0.0E+00  -0.02 |   0.01  -0.01   2.39   3.44 |   0.01  -0.02   0.45
 74 -1.00 -1.0  0.0000       2.400  0.0E+00   0.02 |  -0.01  -0.01  -2.39   3.44 |  -0.01  -0.02  -0.45
 63 -1.00  1.0  0.0000       2.478  0.0E+00  -0.00 |  -0.25   0.26   0.51   1.88 |  -0.44   0.43   0.37
 75 -1.00 -1.0  0.0000       2.478  0.0E+00   0.00 |   0.25   0.26  -0.51   1.88 |   0.44   0.43  -0.37
 72 -1.00 -1.0  0.0000       2.662  0.0E+00   0.00 |  -0.52   0.78   0.75   2.15 |  -0.46   0.48   0.48
 60 -1.00  1.0  0.0000       2.662  0.0E+00  -0.00 |   0.52   0.78  -0.75   2.15 |   0.46   0.48  -0.48
 64 -1.00  1.0  0.0000       2.663  0.0E+00  -0.00 |  -0.89  -0.42  -0.25   2.09 |  -0.49  -0.45  -0.46
 76 -1.00 -1.0  0.0000       2.663  0.0E+00   0.00 |   0.89  -0.42   0.25   2.09 |   0.49  -0.45   0.46
 66 -1.00  1.0  0.0000       3.762  0.0E+00  -0.00 |  -0.63   0.63   0.50   2.36 |  -0.44   0.44   0.37
 78 -1.00 -1.0  0.0000       3.762  0.0E+00   0.00 |   0.63   0.63  -0.50   2.36 |   0.44   0.44  -0.37
 70 -1.00 -1.0  0.0000       4.669  0.0E+00   0.00 |   0.00   0.00   3.21   3.60 |   0.00   0.00   0.50
 58 -1.00  1.0  0.0000       4.669  0.0E+00  -0.00 |  -0.00   0.00  -3.21   3.60 |  -0.00   0.00  -0.50
----------------------------------------------------------------------------------------------------------
---------------------------------Quasiparticles---------------------------------
Block 1:  P=+1  neutrons
  N      Eqp       f_n      |   U   V  |   B  P  ov_TR |    JxT    JyT    Jz
________________________________________________________________________________
  1    -26.76      0.00E+00 |    1   0 |   -  -  0.000 |    0.00   0.00   0.50
  2    -12.37      0.00E+00 |    0  16 |   -  -  0.000 |    0.00   0.00   0.47
  3     -7.66      0.00E+00 |    0  15 |   -  -  0.000 |    0.00   0.00  -1.50
  4     -5.00      0.00E+00 |    0  14 |   -  -  0.000 |    0.00   0.00   0.50
  5     -4.36      0.00E+00 |    2   0 |   -  -  0.000 |    0.00   0.00   0.50
  6     -2.45      0.00E+00 |    3   0 |   -  -  0.000 |    0.00   0.00  -1.50
  7     -2.07      0.00E+00 |    0  13 |   -  -  0.000 |    0.00   0.00   0.50
  8     -0.21      5.00E-01 |    0  12 |   -  -  0.000 |    0.00   0.00   2.50
  9    -26.76      0.00E+00 |    9   0 |   -  -  0.000 |    0.00   0.00  -0.50
 10    -12.37      0.00E+00 |    0   8 |   -  -  0.000 |    0.00   0.00  -0.47
 11     -7.66      0.00E+00 |    0   7 |   -  -  0.000 |    0.00   0.00   1.50
 12     -5.00      0.00E+00 |    0   6 |   -  -  0.000 |    0.00   0.00  -0.50
 13     -4.36      0.00E+00 |   10   0 |   -  -  0.000 |    0.00   0.00  -0.50
 14     -2.45      0.00E+00 |   11   0 |   -  -  0.000 |    0.00   0.00   1.50
 15     -2.07      0.00E+00 |    0   5 |   -  -  0.000 |    0.00   0.00  -0.50
 16     -0.21      5.00E-01 |    0   4 |   -  -  0.000 |    0.00   0.00  -2.50
 17      0.21      5.00E-01 |    4   0 |   B  -  1.000 |    0.00   0.00   2.50
 18      2.07      1.00E+00 |    5   0 |   -  -  0.000 |    0.00   0.00   0.50
 19      2.45      1.00E+00 |    0  11 |   -  -  0.000 |    0.00   0.00  -1.50
 20      4.36      1.00E+00 |    0  10 |   -  -  0.000 |    0.00   0.00   0.50
 21      5.00      1.00E+00 |    6   0 |   -  -  0.000 |    0.00   0.00   0.50
 22      7.66      1.00E+00 |    7   0 |   -  -  0.000 |    0.00   0.00  -1.50
 23     12.37      1.00E+00 |    8   0 |   -  -  0.000 |    0.00   0.00   0.47
 24     26.76      1.00E+00 |    0   9 |   -  -  0.000 |    0.00   0.00   0.50
 25      0.21      5.00E-01 |   12   0 |   B  -  0.000 |    0.00   0.00  -2.50
 26      2.07      1.00E+00 |   13   0 |   -  -  0.000 |    0.00   0.00  -0.50
 27      2.45      1.00E+00 |    0   3 |   -  -  0.000 |    0.00   0.00   1.50
 28      4.36      1.00E+00 |    0   2 |   -  -  0.000 |    0.00   0.00  -0.50
 29      5.00      1.00E+00 |   14   0 |   -  -  0.000 |    0.00   0.00  -0.50
 30      7.66      1.00E+00 |   15   0 |   -  -  0.000 |    0.00   0.00   1.50
 31     12.37      1.00E+00 |   16   0 |   -  -  0.000 |    0.00   0.00  -0.47
 32     26.76      1.00E+00 |    0   1 |   -  -  0.000 |    0.00   0.00  -0.50

Block 3:  P=-1  neutrons
  N      Eqp       f_n      |   U   V  |   B  P  ov_TR |    JxT    JyT    Jz
________________________________________________________________________________
  1    -15.77      0.00E+00 |   17   0 |   -  -  0.000 |    0.00   0.00   0.50
  2    -13.05      0.00E+00 |    0  38 |   -  -  0.000 |    0.00   0.00  -3.43
  3    -12.93      0.00E+00 |    0  30 |   -  -  0.000 |    0.00   0.00   0.47
  4    -12.76      0.00E+00 |   19   0 |   -  -  0.000 |    0.00   0.00  -1.50
  5    -12.36      0.00E+00 |    0  39 |   -  -  0.000 |    0.00   0.00   0.49
  6    -12.24      0.00E+00 |    0  36 |   -  -  0.000 |    0.00   0.00   0.21
  7    -12.21      0.00E+00 |    0  40 |   -  -  0.000 |    0.00   0.00  -1.22
  8    -11.09      0.00E+00 |    0  35 |   -  -  0.000 |    0.00   0.00   0.50
  9    -10.49      0.00E+00 |    0  34 |   -  -  0.000 |    0.00   0.00   2.50
 10     -8.42      0.00E+00 |    0  33 |   -  -  0.000 |    0.00   0.00  -1.50
 11     -8.27      0.00E+00 |   25   0 |   -  -  0.000 |    0.00   0.00   0.50
 12     -6.86      0.00E+00 |    0  32 |   -  -  0.000 |    0.00   0.00   0.50
 13    -15.77      0.00E+00 |   29   0 |   -  -  0.000 |    0.00   0.00  -0.50
 14    -13.05      0.00E+00 |    0  26 |   -  -  0.000 |    0.00   0.00   3.43
 15    -12.93      0.00E+00 |    0  18 |   -  -  0.000 |    0.00   0.00  -0.47
 16    -12.76      0.00E+00 |   31   0 |   -  -  0.000 |    0.00   0.00   1.50
 17    -12.36      0.00E+00 |    0  27 |   -  -  0.000 |    0.00   0.00  -0.49
 18    -12.24      0.00E+00 |    0  24 |   -  -  0.000 |    0.00   0.00  -0.21
 19    -12.21      0.00E+00 |    0  28 |   -  -  0.000 |    0.00   0.00   1.22
 20    -11.09      0.00E+00 |    0  23 |   -  -  0.000 |    0.00   0.00  -0.50
 21    -10.49      0.00E+00 |    0  22 |   -  -  0.000 |    0.00   0.00  -2.50
 22     -8.42      0.00E+00 |    0  21 |   -  -  0.000 |    0.00   0.00   1.50
 23     -8.27      0.00E+00 |   37   0 |   -  -  0.000 |    0.00   0.00  -0.50
 24     -6.86      0.00E+00 |    0  20 |   -  -  0.000 |    0.00   0.00  -0.50
 25      6.86      1.00E+00 |   20   0 |   -  -  0.000 |    0.00   0.00   0.50
 26      8.27      1.00E+00 |    0  37 |   -  -  0.000 |    0.00   0.00   0.50
 27      8.42      1.00E+00 |   21   0 |   -  -  0.000 |    0.00   0.00  -1.50
 28     10.49      1.00E+00 |   22   0 |   -  -  0.000 |    0.00   0.00   2.50
 29     11.09      1.00E+00 |   23   0 |   -  -  0.000 |    0.00   0.00   0.50
 30     12.21      1.00E+00 |   28   0 |   -  -  0.000 |    0.00   0.00  -1.22
 31     12.24      1.00E+00 |   24   0 |   -  -  0.000 |    0.00   0.00   0.21
 32     12.36      1.00E+00 |   27   0 |   -  -  0.000 |    0.00   0.00   0.49
 33     12.76      1.00E+00 |    0  31 |   -  -  0.000 |    0.00   0.00  -1.50
 34     12.93      1.00E+00 |   18   0 |   -  -  0.000 |    0.00   0.00   0.47
 35     13.05      1.00E+00 |   26   0 |   -  -  0.000 |    0.00   0.00  -3.43
 36     15.77      1.00E+00 |    0  29 |   -  -  0.000 |    0.00   0.00   0.50
 37      6.86      1.00E+00 |   32   0 |   -  -  0.000 |    0.00   0.00  -0.50
 38      8.27      1.00E+00 |    0  25 |   -  -  0.000 |    0.00   0.00  -0.50
 39      8.42      1.00E+00 |   33   0 |   -  -  0.000 |    0.00   0.00   1.50
 40     10.49      1.00E+00 |   34   0 |   -  -  0.000 |    0.00   0.00  -2.50
 41     11.09      1.00E+00 |   35   0 |   -  -  0.000 |    0.00   0.00  -0.50
 42     12.21      1.00E+00 |   40   0 |   -  -  0.000 |    0.00   0.00   1.22
 43     12.24      1.00E+00 |   36   0 |   -  -  0.000 |    0.00   0.00  -0.21
 44     12.36      1.00E+00 |   39   0 |   -  -  0.000 |    0.00   0.00  -0.49
 45     12.76      1.00E+00 |    0  19 |   -  -  0.000 |    0.00   0.00   1.50
 46     12.93      1.00E+00 |   30   0 |   -  -  0.000 |    0.00   0.00  -0.47
 47     13.05      1.00E+00 |   38   0 |   -  -  0.000 |    0.00   0.00   3.43
 48     15.77      1.00E+00 |    0  17 |   -  -  0.000 |    0.00   0.00  -0.50

Block 5:  P=+1   protons
  N      Eqp       f_n      |   U   V  |   B  P  ov_TR |    JxT    JyT    Jz
________________________________________________________________________________
  1    -25.10      0.00E+00 |   41   0 |   -  -  0.000 |    0.00   0.00   0.50
  2    -11.57      0.00E+00 |    0  56 |   -  -  0.000 |    0.00   0.00   0.49
  3     -8.54      0.00E+00 |    0  55 |   -  -  0.000 |    0.00   0.00  -1.50
  4     -6.22      0.00E+00 |    0  54 |   -  -  0.000 |    0.00   0.00   0.50
  5     -3.63      0.00E+00 |   42  53 |   -  -  0.000 |    0.00   0.00   0.50
  6     -3.11      0.00E+00 |   42  53 |   -  -  0.000 |    0.00   0.00   0.50
  7     -1.83      0.00E+00 |   43  51 |   -  -  0.000 |    0.00   0.00  -1.50
  8     -1.81      0.00E+00 |   44  52 |   -  -  0.000 |    0.00   0.00   2.50
  9    -25.10      0.00E+00 |   49   0 |   -  -  0.000 |    0.00   0.00  -0.50
 10    -11.57      0.00E+00 |    0  48 |   -  -  0.000 |    0.00   0.00  -0.49
 11     -8.54      0.00E+00 |    0  47 |   -  -  0.000 |    0.00   0.00   1.50
 12     -6.22      0.00E+00 |    0  46 |   -  -  0.000 |    0.00   0.00  -0.50
 13     -3.63      0.00E+00 |   50  45 |   -  -  0.000 |    0.00   0.00  -0.50
 14     -3.11      0.00E+00 |   50  45 |   -  -  0.000 |    0.00   0.00  -0.50
 15     -1.83      0.00E+00 |   51  43 |   -  -  0.000 |    0.00   0.00   1.50
 16     -1.81      0.00E+00 |   52  44 |   -  -  0.000 |    0.00   0.00  -2.50
 17      1.81      1.00E+00 |   44  52 |   -  -  0.000 |    0.00   0.00   2.50
 18      1.83      1.00E+00 |   43  51 |   -  -  0.000 |    0.00   0.00  -1.50
 19      3.11      1.00E+00 |   45  50 |   -  -  0.000 |    0.00   0.00   0.50
 20      3.63      1.00E+00 |   45  50 |   -  -  0.000 |    0.00   0.00   0.50
 21      6.22      1.00E+00 |   46   0 |   -  -  0.000 |    0.00   0.00   0.50
 22      8.54      1.00E+00 |   47   0 |   -  -  0.000 |    0.00   0.00  -1.50
 23     11.57      1.00E+00 |   48   0 |   -  -  0.000 |    0.00   0.00   0.49
 24     25.10      1.00E+00 |    0  49 |   -  -  0.000 |    0.00   0.00   0.50
 25      1.81      1.00E+00 |   52  44 |   -  -  0.000 |    0.00   0.00  -2.50
 26      1.83      1.00E+00 |   51  43 |   -  -  0.000 |    0.00   0.00   1.50
 27      3.11      1.00E+00 |   53  42 |   -  -  0.000 |    0.00   0.00  -0.50
 28      3.63      1.00E+00 |   53  42 |   -  -  0.000 |    0.00   0.00  -0.50
 29      6.22      1.00E+00 |   54   0 |   -  -  0.000 |    0.00   0.00  -0.50
 30      8.54      1.00E+00 |   55   0 |   -  -  0.000 |    0.00   0.00   1.50
 31     11.57      1.00E+00 |   56   0 |   -  -  0.000 |    0.00   0.00  -0.49
 32     25.10      1.00E+00 |    0  41 |   -  -  0.000 |    0.00   0.00  -0.50

Block 7:  P=-1   protons
  N      Eqp       f_n      |   U   V  |   B  P  ov_TR |    JxT    JyT    Jz
________________________________________________________________________________
  1    -14.23      0.00E+00 |   57   0 |   -  -  0.000 |    0.00   0.00   0.50
  2    -13.88      0.00E+00 |    0  70 |   -  -  0.000 |    0.00   0.00  -3.21
  3    -12.98      0.00E+00 |    0  78 |   -  -  0.000 |    0.00   0.00   0.50
  4    -11.88      0.00E+00 |    0  76 |   -  -  0.000 |    0.00   0.00  -0.25
  5    -11.87      0.00E+00 |    0  80 |   -  -  0.000 |    0.00   0.00  -0.75
  6    -11.69      0.00E+00 |    0  75 |   -  -  0.000 |    0.00   0.00   0.51
  7    -11.65      0.00E+00 |   59   0 |   -  -  0.000 |    0.00   0.00  -1.50
  8    -11.61      0.00E+00 |    0  74 |   -  -  0.000 |    0.00   0.00   2.39
  9    -11.35      0.00E+00 |    0  79 |   -  -  0.000 |    0.00   0.00   0.60
 10     -9.67      0.00E+00 |    0  73 |   -  -  0.000 |    0.00   0.00  -1.50
 11     -8.28      0.00E+00 |    0  72 |   -  -  0.000 |    0.00   0.00   0.50
 12     -7.23      0.00E+00 |   65   0 |   -  -  0.000 |    0.00   0.00   0.50
 13    -14.23      0.00E+00 |   69   0 |   -  -  0.000 |    0.00   0.00  -0.50
 14    -13.88      0.00E+00 |    0  58 |   -  -  0.000 |    0.00   0.00   3.21
 15    -12.98      0.00E+00 |    0  66 |   -  -  0.000 |    0.00   0.00  -0.50
 16    -11.88      0.00E+00 |    0  64 |   -  -  0.000 |    0.00   0.00   0.25
 17    -11.87      0.00E+00 |    0  68 |   -  -  0.000 |    0.00   0.00   0.75
 18    -11.69      0.00E+00 |    0  63 |   -  -  0.000 |    0.00   0.00  -0.51
 19    -11.65      0.00E+00 |   71   0 |   -  -  0.000 |    0.00   0.00   1.50
 20    -11.61      0.00E+00 |    0  62 |   -  -  0.000 |    0.00   0.00  -2.39
 21    -11.35      0.00E+00 |    0  67 |   -  -  0.000 |    0.00   0.00  -0.60
 22     -9.67      0.00E+00 |    0  61 |   -  -  0.000 |    0.00   0.00   1.50
 23     -8.28      0.00E+00 |    0  60 |   -  -  0.000 |    0.00   0.00  -0.50
 24     -7.23      0.00E+00 |   77   0 |   -  -  0.000 |    0.00   0.00  -0.50
 25      7.23      1.00E+00 |    0  77 |   -  -  0.000 |    0.00   0.00   0.50
 26      8.28      1.00E+00 |   60   0 |   -  -  0.000 |    0.00   0.00   0.50
 27      9.67      1.00E+00 |   61   0 |   -  -  0.000 |    0.00   0.00  -1.50
 28     11.35      1.00E+00 |   67   0 |   -  -  0.000 |    0.00   0.00   0.60
 29     11.61      1.00E+00 |   62   0 |   -  -  0.000 |    0.00   0.00   2.39
 30     11.65      1.00E+00 |    0  71 |   -  -  0.000 |    0.00   0.00  -1.50
 31     11.69      1.00E+00 |   63   0 |   -  -  0.000 |    0.00   0.00   0.51
 32     11.87      1.00E+00 |   68   0 |   -  -  0.000 |    0.00   0.00  -0.75
 33     11.88      1.00E+00 |   64   0 |   -  -  0.000 |    0.00   0.00  -0.25
 34     12.98      1.00E+00 |   66   0 |   -  -  0.000 |    0.00   0.00   0.50
 35     13.88      1.00E+00 |   58   0 |   -  -  0.000 |    0.00   0.00  -3.21
 36     14.23      1.00E+00 |    0  69 |   -  -  0.000 |    0.00   0.00   0.50
 37      7.23      1.00E+00 |    0  65 |   -  -  0.000 |    0.00   0.00  -0.50
 38      8.28      1.00E+00 |   72   0 |   -  -  0.000 |    0.00   0.00  -0.50
 39      9.67      1.00E+00 |   73   0 |   -  -  0.000 |    0.00   0.00   1.50
 40     11.35      1.00E+00 |   79   0 |   -  -  0.000 |    0.00   0.00  -0.60
 41     11.61      1.00E+00 |   74   0 |   -  -  0.000 |    0.00   0.00  -2.39
 42     11.65      1.00E+00 |    0  59 |   -  -  0.000 |    0.00   0.00   1.50
 43     11.69      1.00E+00 |   75   0 |   -  -  0.000 |    0.00   0.00  -0.51
 44     11.87      1.00E+00 |   80   0 |   -  -  0.000 |    0.00   0.00   0.75
 45     11.88      1.00E+00 |   76   0 |   -  -  0.000 |    0.00   0.00   0.25
 46     12.98      1.00E+00 |   78   0 |   -  -  0.000 |    0.00   0.00  -0.50
 47     13.88      1.00E+00 |   70   0 |   -  -  0.000 |    0.00   0.00   3.21
 48     14.23      1.00E+00 |    0  57 |   -  -  0.000 |    0.00   0.00  -0.50

--------------------------------------------------------------------------------
------------------------ Electric Multipole Moments -------------------------
Quantisation Axis             : Z
  With secondary axis ordering: X,Y
______________________________________________________________________________
                   Neutrons        Protons          Charge         Total
______________________________________________________________________________
 Particles           13.0000         12.0000         12.0000         25.0000

Re  Q_{ 2 0}         12.7123         12.6239         12.6239         25.3362
Re  Q_{ 2 2}          0.0011          0.0008          0.0008          0.0019

Re  Q_{ 4 0}         28.8016         30.6002         31.4922         59.4017
Re  Q_{ 4 2}          0.0070          0.0069          0.0068          0.0139
Re  Q_{ 4 4}         -0.3684         -0.3182          0.2152         -0.6867

Re  Q_{ 6 0}         33.6165         42.5361         70.4298         76.1526
Re  Q_{ 6 2}          0.0306          0.0434          0.0437          0.0739
Re  Q_{ 6 4}          1.0242          1.1557          9.0624          2.1799
Re  Q_{ 6 6}          0.0004          0.0026          0.0037          0.0030

Re  Q_{ 8 0}        -80.9552         12.3718        290.5383        -68.5834
Re  Q_{ 8 2}          0.0840        -22.3528        -19.9072        -22.2687
Re  Q_{ 8 4}         58.6319         40.8059        113.5349         99.4378
Re  Q_{ 8 6}         -0.0064         -9.0767         -9.1014         -9.0831
Re  Q_{ 8 8}         38.6702         39.0789         39.9945         77.7491

Re  Q_{10 0}      -1147.4027      12223.2660      12802.3211      11075.8633
Re  Q_{10 2}         -0.1263        324.2623        339.9770        324.1361
Re  Q_{10 4}      -1427.3073       1067.5249       2106.5170       -359.7824
Re  Q_{10 6}         -0.1076      -2454.0704      -2465.7835      -2454.1780
Re  Q_{10 8}      -2462.7530      -3336.9888      -3049.5706      -5799.7418
Re  Q_{1010}          0.1397       -131.7560       -120.2184       -131.6163

 RMS radius           2.9887          2.9786          3.0250          2.9839
 Fourth mom.          3.2904          3.2824          3.3412          3.2865
______________________________________________________________________________
                   Neutrons        Protons          Charge         Total
______________________________________________________________________________

Beta_{ 2 0}       0.17300169      0.17179852      0.17179844      0.34480021
Beta_{ 2 2}       0.00001441      0.00001125      0.00001125      0.00002566

Beta_{ 4 0}       0.03183609      0.03382420      0.03481021      0.06566029
Beta_{ 4 2}       0.00000776      0.00000760      0.00000755      0.00001536
Beta_{ 4 4}      -0.00040723     -0.00035177      0.00023785     -0.00075900

Beta_{ 6 0}       0.00301810      0.00381890      0.00632321      0.00683700
Beta_{ 6 2}       0.00000274      0.00000389      0.00000392      0.00000664
Beta_{ 6 4}       0.00009195      0.00010376      0.00081363      0.00019571
Beta_{ 6 6}       0.00000004      0.00000023      0.00000033      0.00000027

Beta_{ 8 0}      -0.00059034      0.00009022      0.00211866     -0.00050012
Beta_{ 8 2}       0.00000061     -0.00016300     -0.00014517     -0.00016239
Beta_{ 8 4}       0.00042756      0.00029757      0.00082792      0.00072512
Beta_{ 8 6}      -0.00000005     -0.00006619     -0.00006637     -0.00006624
Beta_{ 8 8}       0.00028199      0.00028497      0.00029165      0.00056696

Beta_{10 0}      -0.00067960      0.00723975      0.00758272      0.00656015
Beta_{10 2}      -0.00000007      0.00019206      0.00020137      0.00019198
Beta_{10 4}      -0.00084538      0.00063229      0.00124767     -0.00021310
Beta_{10 6}      -0.00000006     -0.00145353     -0.00146046     -0.00145359
Beta_{10 8}      -0.00145867     -0.00197647     -0.00180624     -0.00343514
Beta_{1010}       0.00000008     -0.00007804     -0.00007120     -0.00007796


______________________________________________________________________________
                   Neutrons        Protons          Charge         Total
______________________________________________________________________________
Q_{ 2}               12.7123         12.6239         12.6239         25.3362
Q_{ 4}               28.8063         30.6035         31.4937         59.4097
Q_{ 6}               33.6477         42.5675         71.5864         76.2150
Q_{ 8}              128.1403         87.7593        338.1571        194.2320
Q_{10}             4185.8392      13647.2844      14275.6528      14230.1931
______________________________________________________________________________
                   Neutrons        Protons          Charge         Total
______________________________________________________________________________
Beta_{   2}       0.17300169      0.17179852      0.17179844      0.34480021
Beta_{   4}       0.03184130      0.03382786      0.03481184      0.06566907
Beta_{   6}       0.00302090      0.00382173      0.00642705      0.00684261
Beta_{   8}       0.00093442      0.00063996      0.00246591      0.00141638
Beta_{  10}       0.00247924      0.00808318      0.00845536      0.00842843
______________________________________________________________________________
 Cart. Moments X              Y              Z
 Cart. N      -20.1490952    -20.1573186     40.3064137
 Cart. P      -20.0098378    -20.0162588     40.0260965
 Cart. T      -40.1589329    -40.1735773     80.3325103
 (Q, gamma)    Q              Gamma
 (Q,g) N       40.3064140      0.0067490
 (Q,g) P       40.0260967      0.0053067
 (Q,g) T       80.3325107      0.0060304
 (iq1, iq2)    iq1            iq2
 iq    N       40.3036726      0.0054823
 iq    P       40.0239562      0.0042807
 iq    T       80.3276288      0.0097630
               X^2            Y^2            Z^2
 X^2_i N       31.9896886     31.9869474     52.1415249
 X^2_i P       28.8194370     28.8172967     48.8314151
 X^2_i T       60.8091256     60.8042441    100.9729400
----------------------------------------------------------------------------
--------------- Magnetic Multipole Moments ----------------
Quantisation Axis             : Z
  With secondary axis ordering: X,Y
 Units: 
   spin/orbit/total: hbar fm^(l-1)
   phys:             mu_N fm^(l-1)
______________________________________________________________________________
 Re Q^m_{ 1 0}     X           Y            Z        total
 Spin     n    3.509E-18  -8.495E-18   6.049E-15   6.044E-15
          p   -6.665E-18  -1.789E-18   2.226E-15   2.217E-15
          t   -3.156E-18  -1.028E-17   8.274E-15   8.261E-15
 Orbital  n    5.285E-15   5.188E-15  -2.070E-17   1.045E-14
          p    1.800E-15   1.715E-15  -3.160E-17   3.483E-15
          t    7.085E-15   6.903E-15  -5.230E-17   1.394E-14
 Total    n    5.289E-15   5.179E-15   6.028E-15   1.650E-14
          p    1.793E-15   1.713E-15   2.194E-15   5.700E-15
          t    7.082E-15   6.893E-15   8.222E-15   2.220E-14
 Phys     n   -1.343E-17   3.250E-17  -2.314E-14  -2.312E-14
          p    1.763E-15   1.705E-15   1.240E-14   1.587E-14
          t    1.749E-15   1.738E-15  -1.074E-14  -7.255E-15
____________________________________________________________
 mu_z  n                                           -0.000000
 mu_z  p(S)                                         0.000000
 mu_z  p(L)                                         0.000000
 mu_z  p                                            0.000000
 mu_z  t                                           -0.000000
______________________________________________________________________________
 Re Q^m_{ 3 0}     X           Y            Z        total
 Spin     n    7.505E-15   1.285E-14   1.044E-15   2.140E-14
          p    8.092E-16  -3.835E-17   4.615E-15   5.385E-15
          t    8.314E-15   1.281E-14   5.659E-15   2.679E-14
 Orbital  n   -8.317E-15  -9.318E-15   7.184E-14   5.420E-14
          p   -1.012E-14  -9.488E-15   1.345E-14  -6.161E-15
          t   -1.844E-14  -1.881E-14   8.529E-14   4.804E-14
 Total    n   -8.121E-16   3.535E-15   7.288E-14   7.560E-14
          p   -9.316E-15  -9.526E-15   1.807E-14  -7.751E-16
          t   -1.013E-14  -5.991E-15   9.095E-14   7.483E-14
 Phys     n   -2.871E-14  -4.918E-14  -3.994E-15  -8.189E-14
          p   -5.605E-15  -9.702E-15   3.923E-14   2.392E-14
          t   -3.432E-14  -5.888E-14   3.524E-14  -5.796E-14
______________________________________________________________________________
 Re Q^m_{ 3 2}     X           Y            Z        total
 Spin     n   -6.734E-15   1.178E-14   4.648E-16   5.508E-15
          p   -8.596E-16  -2.362E-17   8.250E-16  -5.822E-17
          t   -7.593E-15   1.175E-14   1.290E-15   5.450E-15
 Orbital  n    1.929E-14  -1.832E-14   1.467E-15   2.434E-15
          p    6.216E-15  -4.586E-15  -5.865E-15  -4.235E-15
          t    2.550E-14  -2.291E-14  -4.398E-15  -1.801E-15
 Total    n    1.256E-14  -6.545E-15   1.932E-15   7.943E-15
          p    5.357E-15  -4.610E-15  -5.040E-15  -4.293E-15
          t    1.791E-14  -1.115E-14  -3.108E-15   3.649E-15
 Phys     n    2.576E-14  -4.506E-14  -1.778E-15  -2.108E-14
          p    1.414E-15  -4.718E-15  -1.257E-15  -4.560E-15
          t    2.718E-14  -4.978E-14  -3.035E-15  -2.564E-14
----------------------------------------------------------------------------
----------------------- Box Size Check -------------------------
 Xmax = (nx+0.5)dx = 11.500 fm,  max(rho(X=Xmax)) =    1.419E-08
 Ymax = (ny+0.5)dx = 11.500 fm,  max(rho(Y=Ymax)) =    1.422E-08
 Zmax = (nz+0.5)dx = 11.500 fm,  max(rho(Z=Zmax)) =    9.347E-09
---------------------Rotational properties--------------------
                Rigid rotor          (hbar^2/MeV)
              n              p              t 
 I_R X       2.0286079      1.8723600      3.9009679
 I_R Y       2.0286740      1.8724116      3.9010856
 I_R Z       1.5426823      1.3898069      2.9324892

                Belyaev                 (hbar^2/MeV) 
              n              p              t 
 I_B X       1.3681938      0.9415096      2.3097034
 I_B Y       1.3680799      0.9414217      2.3095016
 I_B Z       0.0000295      0.0000199      0.0000494

                Belyaev (collective)    (hbar^2/MeV) 
              n              p              t 
 I_B X       0.4479478      0.9415096      1.3894574
 I_B Y       0.4475895      0.9414217      1.3890112
 I_B Z       0.0000000      0.0000199      0.0000199

                 <J^2> - <J>^2          (hbar^2)
              n              p              t 
 J2_X        2.5058343      2.1398420      4.6456762
 J2_Y        2.5052597      2.1393812      4.6446409
 J2_Z        3.1248497      0.0001256      3.1249753
 J2_t        8.1359437      4.2793488     12.4152925

                 <J^2> - <J>^2 (coll.)  (hbar^2)
              n              p              t 
 J2_X        1.2630445      2.1408984      3.4039429
 J2_Y        1.2621398      2.1404569      3.4025967
 J2_Z        0.0000000      0.0000387      0.0000387
 J2_t        2.5251843      4.2813940      6.8065782
------------------------- Angular Momentum (hbar) --------------------------

               Spwfs(*)    Desired     Omega       E (MeV)      Densit. 
  __________________________________________________________________________
   J_x   |     0.00000     0.00000     0.00000    -0.00000     0.00000
   J_y   |     0.00000     0.00000     0.00000    -0.00000     0.00000
   J_z   |     0.00000     0.00000     0.00000    -0.00000     0.00000
  __________________________________________________________________________
   Size  |     0.00000     0.00000     0.00000                 0.00000
  --------------------------------------------------------------------------

   Open spin
               Neutrons   Protons
   _______________________________________________________
   x |   |     0.00000     0.00000
   y |   |     0.00000     0.00000
   z |   |     0.00000     0.00000
   _______________________________________________________
-------------------------- Pairing -------------------------
                          N         P 
 Fermi Level (MeV)    -11.32411094    -9.21265243
 Particles             13.00000000    12.00000000
 Dispersion             0.50000000     1.39730105
 Average gap   v^2      0.00000000     0.60005783
 Average gap   uv              NaN     1.22125107
------------------------------------------------------------
--------------------------------------------------------------------------------
 Skyrme Energy 
                                    Isoscalar      Isovector   |   Total
--------------------------------------------------------------------------------
  E_D_I_I_D_I_I                  -1776.320604       1.100970   -1775.219634
  E_D_I_I_D_Nm_Nm                   41.656232      -0.080785      41.575446
  E_D_I_Sm_D_I_Sm                    0.000000       0.000000       0.000000
  E_D_I_Sm_D_I_Sm_DD                -0.000000      -0.000000      -0.000000
  E_D_I_I_Lap_D_I_I                 73.289444       0.011710      73.301154
  E_D_I_I_D_I_I_DD                1030.923727      -0.545966    1030.377762
  E_C_I_NmSk_C_I_NmSk                0.000000       0.000000       0.000000
  E_C_I_Nm_C_I_Nm                   -0.000000       0.000000      -0.000000
  E_D_I_Sm_Lap_D_I_Sm               -0.000000       0.000000       0.000000
  E_D_I_Sm_D_Nk_NkSm                 0.000000       0.000000       0.000000
  E_D_I_I_Derm_C_I_NxmSxm          -26.100940      -0.022769     -26.123709
  E_C_I_Nm_Derxm_D_I_Sxm            -0.000000       0.000000      -0.000000
  E_DP_I_I_DP_I_I                                                 -1.583100
  E_CP_I_I_CP_I_I                                                 -0.000000
--------------------------------------------------------------------------------
                 Total Skyrme:                                  -657.672081
                    time-even:                                  -657.672081
                    time-odd :                                     0.000000
--------------------------------------------------------------------------------
--------------------------------------------------------------------------------
                                     neutron        proton         total
                Kinetic Energy:     229.615532     203.407437     433.022968
                    COM 1-body:      -9.184621      -8.136297     -17.320919
                    COM 2-body:       4.077660       3.486723       7.564384
                            ph:       4.077660       3.468112       7.545772
                            pp:       0.000000       0.018611       0.018611
                 Collective T:                                     -2.278350

                 Rotational  T:                                    -2.278350
                 Rotational  X:                                    -1.139172
                 Rotational  Y:                                    -1.139087
                 Rotational  Z:                                    -0.000091

                 Vibrational T:                                     0.000000
                 Vibrational X:                                    -0.000000
                 Vibrational Y:                                    -0.000000
                 Vibrational Z:                                    -0.000000


                Coulomb Direct:       0.000000      32.922328      32.922328
                      Exchange:       0.000000       0.000000       0.000000

               Pairing (delta):      -0.000000      -1.583100      -1.583100
               Pairing (densi):                                    -1.583100
--------------------------------------------------------------------------------
                  Total energy:                                  -203.761670
                    from spwfs:                                  -203.761670
                   E_fu - E_sp:                                -0.600230E-07
                   (no corr.) :                                  -209.047703
                      Routhian:                                  -203.761670
                         dE   :                                -0.164199E-02
                         dR   :                                -0.164199E-02
--------------------------------------------------------------------------------
 Iteration =   81
 dt    =   0.0393      mu   =   0.9264 gradn =    0.000E+00 D2H  =    3.884E-10
 E     =   -203.762    DE   = -0.90880E-11
 R     =   -203.762    DR   = -0.90880E-11
 R-E   =      0.000  D(R-E) =  0.00000E+00
 dmun  =  7.5E-03      dmup= -9.3E-09
 RQ20t =      25.3362   dQ = -5.5E-10  L =       0.0000   dL =  0.0E+00  dev =  0.0E+00
 RQ22t =       0.0018   dQ = -4.6E-05  L =       0.0000   dL =  0.0E+00  dev =  0.0E+00
 Jz    =       0.0000   dJZ= -7.2E-16 Om =       0.0000   dO =  0.0E+00  dev =  0.0E+00
--------------------------------------------------------------------------------------
 Iteration =   82
 dt    =   0.0393      mu   =   0.9277 gradn =    0.000E+00 D2H  =    3.672E-10
 E     =   -203.762    DE   = -0.11931E-10
 R     =   -203.762    DR   = -0.11931E-10
 R-E   =      0.000  D(R-E) =  0.00000E+00
 dmun  =  9.2E-03      dmup= -6.5E-09
 RQ20t =      25.3362   dQ = -2.4E-09  L =       0.0000   dL =  0.0E+00  dev =  0.0E+00
 RQ22t =       0.0018   dQ = -4.6E-05  L =       0.0000   dL =  0.0E+00  dev =  0.0E+00
 Jz    =       0.0000   dJZ= -3.0E-15 Om =       0.0000   dO =  0.0E+00  dev =  0.0E+00
--------------------------------------------------------------------------------------
 Iteration =   83
 dt    =   0.0385      mu   =   0.8892 gradn =    0.000E+00 D2H  =    3.416E-10
 E     =   -203.762    DE   = -0.12953E-10
 R     =   -203.762    DR   = -0.12953E-10
 R-E   =      0.000  D(R-E) =  0.00000E+00
 dmun  =  0.0E+00      dmup= -5.0E-10
 RQ20t =      25.3362   dQ = -3.3E-09  L =       0.0000   dL =  0.0E+00  dev =  0.0E+00
 RQ22t =       0.0017   dQ = -4.4E-05  L =       0.0000   dL =  0.0E+00  dev =  0.0E+00
 Jz    =       0.0000   dJZ=  1.8E-15 Om =       0.0000   dO =  0.0E+00  dev =  0.0E+00
--------------------------------------------------------------------------------------
 Iteration =   84
 dt    =   0.0385      mu   =   0.8892 gradn =    0.000E+00 D2H  =    3.293E-10
 E     =   -203.762    DE   = -0.59531E-11
 R     =   -203.762    DR   = -0.59531E-11
 R-E   =      0.000  D(R-E) =  0.00000E+00
 dmun  = -1.0E-01      dmup=  5.6E-09
 RQ20t =      25.3362   dQ = -3.1E-09  L =       0.0000   dL =  0.0E+00  dev =  0.0E+00
 RQ22t =       0.0017   dQ = -4.2E-05  L =       0.0000   dL =  0.0E+00  dev =  0.0E+00
 Jz    =       0.0000   dJZ=  1.2E-14 Om =       0.0000   dO =  0.0E+00  dev =  0.0E+00
--------------------------------------------------------------------------------------
 : Warning N(eps_F) decreases 
 A =  -11.46744427 FA =     0.00000000 B =  -11.40744427 FB =     0.00000000
 Iteration =   85
 dt    =   0.0390      mu   =   0.9137 gradn =    0.000E+00 D2H  =    3.149E-10
 E     =   -203.762    DE   = -0.69366E-12
 R     =   -203.762    DR   = -0.69366E-12
 R-E   =      0.000  D(R-E) =  0.00000E+00
 dmun  = -4.0E-02      dmup=  9.1E-09
 RQ20t =      25.3362   dQ = -2.0E-09  L =       0.0000   dL =  0.0E+00  dev =  0.0E+00
 RQ22t =       0.0017   dQ = -4.1E-05  L =       0.0000   dL =  0.0E+00  dev =  0.0E+00
 Jz    =       0.0000   dJZ= -9.0E-15 Om =       0.0000   dO =  0.0E+00  dev =  0.0E+00
--------------------------------------------------------------------------------------
 Iteration =   86
 dt    =   0.0389      mu   =   0.9083 gradn =    0.000E+00 D2H  =    3.015E-10
 E     =   -203.762    DE   =  0.43256E-11
 R     =   -203.762    DR   =  0.43256E-11
 R-E   =      0.000  D(R-E) =  0.00000E+00
 dmun  =  1.5E-02      dmup=  8.8E-09
 RQ20t =      25.3362   dQ =  6.2E-09  L =       0.0000   dL =  0.0E+00  dev =  0.0E+00
 RQ22t =       0.0016   dQ = -4.0E-05  L =       0.0000   dL =  0.0E+00  dev =  0.0E+00
 Jz    =       0.0000   dJZ=  1.1E-15 Om =       0.0000   dO =  0.0E+00  dev =  0.0E+00
--------------------------------------------------------------------------------------
 : Warning N(eps_F) decreases 
 A =  -11.43268162 FA =    -0.00000000 B =  -11.33268162 FB =    -0.00000000
 Iteration =   87
 dt    =   0.0390      mu   =   0.9103 gradn =    0.000E+00 D2H  =    2.865E-10
 E     =   -203.762    DE   =  0.65117E-11
 R     =   -203.762    DR   =  0.65117E-11
 R-E   =      0.000  D(R-E) =  0.00000E+00
 dmun  =  2.6E-01      dmup=  5.0E-09
 RQ20t =      25.3362   dQ = -2.3E-11  L =       0.0000   dL =  0.0E+00  dev =  0.0E+00
 RQ22t =       0.0016   dQ = -3.9E-05  L =       0.0000   dL =  0.0E+00  dev =  0.0E+00
 Jz    =       0.0000   dJZ= -2.9E-15 Om =       0.0000   dO =  0.0E+00  dev =  0.0E+00
--------------------------------------------------------------------------------------
 Iteration =   88
 dt    =   0.0385      mu   =   0.8892 gradn =    0.000E+00 D2H  =    2.737E-10
 E     =   -203.762    DE   =  0.21949E-11
 R     =   -203.762    DR   =  0.21949E-11
 R-E   =      0.000  D(R-E) =  0.00000E+00
 dmun  =  8.1E-03      dmup= -1.7E-10
 RQ20t =      25.3362   dQ =  2.2E-11  L =       0.0000   dL =  0.0E+00  dev =  0.0E+00
 RQ22t =       0.0016   dQ = -3.8E-05  L =       0.0000   dL =  0.0E+00  dev =  0.0E+00
 Jz    =       0.0000   dJZ= -9.7E-15 Om =       0.0000   dO =  0.0E+00  dev =  0.0E+00
--------------------------------------------------------------------------------------
 Iteration =   89
 dt    =   0.0385      mu   =   0.8892 gradn =    0.000E+00 D2H  =    2.596E-10
 E     =   -203.762    DE   =  0.20197E-12
 R     =   -203.762    DR   =  0.20197E-12
 R-E   =      0.000  D(R-E) =  0.00000E+00
 dmun  =  4.5E-03      dmup= -4.6E-09
 RQ20t =      25.3362   dQ =  1.4E-08  L =       0.0000   dL =  0.0E+00  dev =  0.0E+00
 RQ22t =       0.0015   dQ = -3.6E-05  L =       0.0000   dL =  0.0E+00  dev =  0.0E+00
 Jz    =       0.0000   dJZ=  1.1E-14 Om =       0.0000   dO =  0.0E+00  dev =  0.0E+00
--------------------------------------------------------------------------------------
--------------------------------------------------------------------------------------
                              Iteration =    90

--------------------- Hartree-Fock basis-------------------------------------------------------------------
__________________________________________________________________________________________________________
   Neutron wavefunctions
  i     P   Rz   occ          E       d2h    Delta |   JxT    JyT    Jz      J   |   SxT    SyT    Sz
----------------------------------------------------------------------------------------------------------
  9  1.00 -1.0  1.0000     -38.084  1.3E-11   0.00 |   0.50   0.50  -0.50   0.52 |   0.50   0.50  -0.50
  1  1.00  1.0  1.0000     -38.084  8.6E-12   0.00 |  -0.50   0.50   0.50   0.52 |  -0.50   0.50   0.50
 29 -1.00 -1.0  1.0000     -27.095  1.4E-11   0.00 |   0.84   0.84  -0.50   1.44 |   0.46   0.46  -0.43
 17 -1.00  1.0  1.0000     -27.095  1.7E-11   0.00 |  -0.84   0.84   0.50   1.44 |  -0.46   0.46   0.43
 31 -1.00 -1.0  1.0000     -24.087  3.0E-10   0.00 |  -0.00   0.00   1.50   1.52 |  -0.00   0.00   0.50
 19 -1.00  1.0  1.0000     -24.087  3.1E-10   0.00 |   0.00   0.00  -1.50   1.52 |   0.00   0.00  -0.50
 25 -1.00  1.0  1.0000     -19.598  3.0E-10   0.00 |   0.34  -0.34   0.50   0.68 |  -0.04   0.04  -0.43
 37 -1.00 -1.0  1.0000     -19.598  3.0E-10   0.00 |  -0.34  -0.34  -0.50   0.68 |   0.04   0.04   0.43
 10  1.00 -1.0  1.0000     -15.687  8.6E-11   0.00 |   1.28   1.28  -0.50   2.27 |   0.40   0.40  -0.29
  2  1.00  1.0  1.0000     -15.687  8.7E-11   0.00 |  -1.28   1.28   0.50   2.27 |  -0.40   0.40   0.29
 11  1.00 -1.0  1.0000     -13.777  2.3E-10   0.00 |  -0.00  -0.00   1.50   2.49 |  -0.00  -0.00   0.43
  3  1.00  1.0  1.0000     -13.777  2.3E-10   0.00 |   0.00  -0.00  -1.50   2.49 |   0.00  -0.00  -0.43
  4  1.00  1.0  0.5000     -11.112  1.0E-09   0.00 |  -0.00   0.00   2.50   2.52 |   0.00  -0.00   0.50
 12  1.00 -1.0  0.5000     -11.112  1.0E-09   0.00 |   0.00   0.00  -2.50   2.52 |  -0.00  -0.00  -0.50
  5  1.00  1.0  0.0000      -9.251  1.0E-09   0.00 |  -0.47   0.47   0.50   1.25 |  -0.34   0.34   0.18
 13  1.00 -1.0  0.0000      -9.251  1.0E-09   0.00 |   0.47   0.47  -0.50   1.25 |   0.34   0.34  -0.18
  6  1.00  1.0  0.0000      -6.322  5.7E-10   0.00 |   0.75  -0.75   0.50   1.40 |  -0.27   0.27   0.03
 14  1.00 -1.0  0.0000      -6.322  5.7E-10   0.00 |  -0.75  -0.75  -0.50   1.40 |   0.27   0.27  -0.03
 20 -1.00  1.0  0.0000      -4.459  2.1E-10   0.00 |  -1.60   1.60   0.50   2.95 |  -0.37   0.37   0.24
 32 -1.00 -1.0  0.0000      -4.459  2.1E-10   0.00 |   1.60   1.60  -0.50   2.95 |   0.37   0.37  -0.24
 15  1.00 -1.0  0.0000      -3.667  4.1E-10   0.00 |   0.00   0.00   1.50   1.57 |   0.00   0.00  -0.43
  7  1.00  1.0  0.0000      -3.667  4.1E-10   0.00 |  -0.00   0.00  -1.50   1.57 |  -0.00   0.00   0.43
 21 -1.00  1.0  0.0000      -2.906  5.2E-10   0.00 |   0.00  -0.00  -1.50   3.31 |   0.00  -0.00  -0.36
 33 -1.00 -1.0  0.0000      -2.906  5.2E-10   0.00 |  -0.00  -0.00   1.50   3.31 |  -0.00  -0.00   0.36
 34 -1.00 -1.0  0.0000      -0.830  2.3E-08   0.00 |   0.00   0.00  -2.50   3.50 |  -0.00  -0.00  -0.45
 22 -1.00  1.0  0.0000      -0.830  2.3E-08   0.00 |  -0.00   0.00   2.50   3.50 |   0.00  -0.00   0.45
 35 -1.00 -1.0  0.0000      -0.233  2.3E-08   0.00 |   0.67   0.67  -0.50   2.01 |   0.40   0.40  -0.31
 23 -1.00  1.0  0.0000      -0.233  2.3E-08   0.00 |  -0.67   0.67   0.50   2.01 |  -0.40   0.40   0.31
 40  1.00 -1.0  0.0000       0.888  1.1E-04   0.00 |  -0.38   0.42   1.23   1.97 |  -0.33   0.33   0.49
 28 -1.00  1.0  0.0000       0.888  1.1E-04   0.00 |   0.38   0.42  -1.23   1.97 |   0.33   0.33  -0.49
 24 -1.00  1.0  0.0000       0.912  1.2E-04   0.00 |  -0.53  -0.27   0.22   1.68 |  -0.34  -0.32  -0.48
 36 -1.00 -1.0  0.0000       0.912  1.2E-04   0.00 |   0.53  -0.27  -0.22   1.68 |   0.34  -0.32   0.48
 27 -1.00  1.0  0.0000       1.040  8.6E-06   0.00 |   0.50  -0.49   0.49   2.22 |   0.50  -0.50   0.50
 39 -1.00 -1.0  0.0000       1.040  8.6E-06   0.00 |  -0.50  -0.49  -0.49   2.22 |  -0.50  -0.50  -0.50
 16 -1.00 -1.0  0.0000       1.043  1.9E-06   0.00 |  -0.14   0.16  -0.47   2.05 |  -0.14   0.14   0.50
  8  1.00  1.0  0.0000       1.043  1.9E-06   0.00 |   0.14   0.16   0.47   2.05 |   0.14   0.14  -0.50
 18 -1.00  1.0  0.0000       1.605  6.1E-05   0.00 |  -0.49   0.49   0.47   2.17 |  -0.48   0.48   0.46
 30 -1.00 -1.0  0.0000       1.605  6.1E-05   0.00 |   0.49   0.49  -0.47   2.17 |   0.48   0.48  -0.46
 38 -1.00 -1.0  0.0000       1.722  6.1E-05   0.00 |   0.00   0.00   3.44   3.50 |   0.00   0.00   0.49
 26 -1.00  1.0  0.0000       1.722  6.1E-05   0.00 |  -0.00   0.00  -3.44   3.50 |  -0.00   0.00  -0.49
__________________________________________________________________________________________________________
   Proton  wavefunctions
  i     P   Rz   occ          E       d2h    Delta |   JxT    JyT    Jz      J   |   SxT    SyT    Sz
----------------------------------------------------------------------------------------------------------
 49  1.00 -1.0  1.0000     -34.316  1.5E-11   0.00 |   0.50   0.50  -0.50   0.52 |   0.50   0.50  -0.50
 41  1.00  1.0  1.0000     -34.316  2.8E-11   0.00 |  -0.50   0.50   0.50   0.52 |  -0.50   0.50   0.50
 57 -1.00  1.0  1.0000     -23.439  2.9E-11   0.00 |  -0.85   0.85   0.50   1.44 |  -0.46   0.46   0.42
 69 -1.00 -1.0  1.0000     -23.439  3.1E-11   0.00 |   0.85   0.85  -0.50   1.44 |   0.46   0.46  -0.42
 59 -1.00  1.0  1.0000     -20.861  3.8E-10   0.02 |   0.00  -0.00  -1.50   1.52 |   0.00   0.00  -0.50
 71 -1.00 -1.0  1.0000     -20.861  3.8E-10   0.02 |  -0.00  -0.00   1.50   1.52 |  -0.00   0.00   0.50
 77 -1.00 -1.0  0.9948     -16.372  3.5E-10   1.04 |  -0.35  -0.35  -0.50   0.67 |   0.04   0.04   0.42
 65 -1.00  1.0  0.9948     -16.372  3.5E-10   1.04 |   0.35  -0.35   0.50   0.67 |  -0.04   0.04  -0.42
 42  1.00  1.0  0.9625     -12.115  2.4E-10   1.19 |  -1.30   1.30   0.50   2.29 |  -0.39   0.39   0.28
 50  1.00 -1.0  0.9625     -12.115  2.4E-10   1.19 |   1.30   1.30  -0.50   2.29 |   0.39   0.39  -0.28
 43  1.00  1.0  0.8393     -10.456  4.2E-10   1.35 |   0.00  -0.00  -1.50   2.49 |   0.00  -0.00  -0.43
 51  1.00 -1.0  0.8393     -10.456  4.2E-10   1.35 |  -0.00  -0.00   1.50   2.49 |  -0.00  -0.00   0.43
 52  1.00 -1.0  0.1721      -8.027  1.2E-09   1.36 |   0.00   0.00  -2.50   2.52 |  -0.00  -0.00  -0.50
 44  1.00  1.0  0.1721      -8.027  1.2E-09   1.36 |  -0.00   0.00   2.50   2.52 |   0.00  -0.00   0.50
 53  1.00 -1.0  0.0224      -5.772  1.2E-09   1.06 |   0.43   0.43  -0.50   1.21 |   0.34   0.34  -0.18
 45  1.00  1.0  0.0224      -5.772  1.2E-09   1.06 |  -0.43   0.43   0.50   1.21 |  -0.34   0.34   0.18
 54  1.00 -1.0  0.0079      -3.087  1.1E-09   1.09 |  -0.73  -0.73  -0.50   1.39 |   0.27   0.27  -0.04
 46  1.00  1.0  0.0079      -3.087  1.1E-09   1.09 |   0.73  -0.73   0.50   1.39 |  -0.27   0.27   0.04
 72 -1.00 -1.0  0.0005      -0.944  5.1E-10   0.38 |   1.62   1.62  -0.50   2.98 |   0.37   0.37  -0.23
 60 -1.00  1.0  0.0005      -0.944  5.1E-10   0.38 |  -1.62   1.62   0.50   2.98 |  -0.37   0.37   0.23
 55  1.00 -1.0  0.0005      -0.685  8.9E-10   0.37 |   0.00   0.00   1.50   1.57 |   0.00   0.00  -0.43
 47  1.00  1.0  0.0005      -0.685  8.9E-10   0.37 |  -0.00   0.00  -1.50   1.57 |  -0.00   0.00   0.43
 61 -1.00  1.0  0.0000       0.453  9.1E-10   0.11 |   0.00  -0.00  -1.50   3.30 |   0.00  -0.00  -0.36
 73 -1.00 -1.0  0.0000       0.453  9.1E-10   0.11 |  -0.00  -0.00   1.50   3.30 |  -0.00  -0.00   0.36
 67 -1.00  1.0  0.0000       2.139  2.0E-07   0.00 |   0.48  -0.48   0.60   2.25 |   0.48  -0.48   0.50
 79 -1.00 -1.0  0.0000       2.139  2.0E-07   0.00 |  -0.48  -0.48  -0.60   2.25 |  -0.48  -0.48  -0.50
 48  1.00  1.0  0.0000       2.361  3.8E-07   0.00 |   0.12   0.13   0.49   2.11 |   0.11   0.11  -0.50
 56 -1.00 -1.0  0.0000       2.361  3.8E-07   0.00 |  -0.12   0.13  -0.49   2.11 |  -0.11   0.11   0.50
 62 -1.00  1.0  0.0000       2.400  1.8E-05   0.02 |   0.01  -0.01   2.39   3.44 |   0.01  -0.02   0.45
 74 -1.00 -1.0  0.0000       2.400  1.8E-05   0.02 |  -0.01  -0.01  -2.39   3.44 |  -0.01  -0.02  -0.45
 63 -1.00  1.0  0.0000       2.478  1.9E-05   0.01 |  -0.25   0.26   0.51   1.88 |  -0.44   0.43   0.37
 75 -1.00 -1.0  0.0000       2.478  1.9E-05   0.01 |   0.25   0.26  -0.51   1.88 |   0.44   0.43  -0.37
 80 -1.00 -1.0  0.0000       2.662  3.4E-06   0.00 |  -0.52   0.78   0.76   2.16 |  -0.46   0.48   0.48
 68 -1.00  1.0  0.0000       2.662  3.4E-06   0.00 |   0.52   0.78  -0.76   2.16 |   0.46   0.48  -0.48
 64 -1.00  1.0  0.0000       2.663  2.5E-06   0.00 |  -0.89  -0.42  -0.25   2.09 |  -0.49  -0.45  -0.46
 76 -1.00 -1.0  0.0000       2.663  2.5E-06   0.00 |   0.89  -0.42   0.25   2.09 |   0.49  -0.45   0.46
 66 -1.00  1.0  0.0000       3.762  1.9E-09   0.00 |  -0.63   0.63   0.50   2.36 |  -0.44   0.44   0.37
 78 -1.00 -1.0  0.0000       3.762  1.9E-09   0.00 |   0.63   0.63  -0.50   2.36 |   0.44   0.44  -0.37
 70 -1.00 -1.0  0.0000       4.669  1.7E-07   0.00 |   0.00   0.00   3.21   3.60 |   0.00   0.00   0.50
 58 -1.00  1.0  0.0000       4.669  1.7E-07   0.00 |  -0.00   0.00  -3.21   3.60 |  -0.00   0.00  -0.50
----------------------------------------------------------------------------------------------------------
--------------------- Canonical    basis-------------------------------------------------------------------
__________________________________________________________________________________________________________
   Neutron wavefunctions
  i     P   Rz   occ          E       d2h    Delta |   JxT    JyT    Jz      J   |   SxT    SyT    Sz
----------------------------------------------------------------------------------------------------------
  9  1.00 -1.0  1.0000     -38.084  0.0E+00   0.00 |   0.50   0.50  -0.50   0.52 |   0.50   0.50  -0.50
  1  1.00  1.0  1.0000     -38.084  0.0E+00   0.00 |  -0.50   0.50   0.50   0.52 |  -0.50   0.50   0.50
 29 -1.00 -1.0  1.0000     -27.095  0.0E+00   0.00 |   0.84   0.84  -0.50   1.44 |   0.46   0.46  -0.43
 17 -1.00  1.0  1.0000     -27.095  0.0E+00   0.00 |  -0.84   0.84   0.50   1.44 |  -0.46   0.46   0.43
 31 -1.00 -1.0  1.0000     -24.087  0.0E+00   0.00 |  -0.00   0.00   1.50   1.52 |  -0.00   0.00   0.50
 19 -1.00  1.0  1.0000     -24.087  0.0E+00   0.00 |   0.00   0.00  -1.50   1.52 |   0.00   0.00  -0.50
 25 -1.00  1.0  1.0000     -19.598  0.0E+00   0.00 |   0.34  -0.34   0.50   0.68 |  -0.04   0.04  -0.43
 37 -1.00 -1.0  1.0000     -19.598  0.0E+00   0.00 |  -0.34  -0.34  -0.50   0.68 |   0.04   0.04   0.43
 10  1.00 -1.0  1.0000     -15.687  0.0E+00   0.00 |   1.28   1.28  -0.50   2.27 |   0.40   0.40  -0.29
  2  1.00  1.0  1.0000     -15.687  0.0E+00   0.00 |  -1.28   1.28   0.50   2.27 |  -0.40   0.40   0.29
 11  1.00 -1.0  1.0000     -13.777  0.0E+00   0.00 |  -0.00  -0.00   1.50   2.49 |  -0.00  -0.00   0.43
  3  1.00  1.0  1.0000 *   -13.777  0.0E+00   0.00 |   0.00  -0.00  -1.50   2.49 |   0.00  -0.00  -0.43
  4  1.00  1.0  0.5000     -11.112  0.0E+00   0.00 |  -0.00   0.00   2.50   2.52 |   0.00  -0.00   0.50
 12  1.00 -1.0  0.5000     -11.112  0.0E+00   0.00 |   0.00   0.00  -2.50   2.52 |  -0.00  -0.00  -0.50
  5  1.00  1.0  0.0000      -9.251  0.0E+00   0.00 |  -0.47   0.47   0.50   1.25 |  -0.34   0.34   0.18
 13  1.00 -1.0  0.0000      -9.251  0.0E+00   0.00 |   0.47   0.47  -0.50   1.25 |   0.34   0.34  -0.18
  6  1.00  1.0  0.0000      -6.322  0.0E+00   0.00 |   0.75  -0.75   0.50   1.40 |  -0.27   0.27   0.03
 14  1.00 -1.0  0.0000      -6.322  0.0E+00   0.00 |  -0.75  -0.75  -0.50   1.40 |   0.27   0.27  -0.03
 28 -1.00  1.0  0.0000      -4.459  0.0E+00   0.00 |  -1.60   1.60   0.50   2.95 |  -0.37   0.37   0.24
 40  1.00 -1.0  0.0000      -4.459  0.0E+00   0.00 |   1.60   1.60  -0.50   2.95 |   0.37   0.37  -0.24
 15  1.00 -1.0  0.0000      -3.667  0.0E+00   0.00 |   0.00   0.00   1.50   1.57 |   0.00   0.00  -0.43
  7  1.00  1.0  0.0000      -3.667  0.0E+00   0.00 |  -0.00   0.00  -1.50   1.57 |  -0.00   0.00   0.43
 21 -1.00  1.0  0.0000      -2.906  0.0E+00   0.00 |   0.00  -0.00  -1.50   3.31 |   0.00  -0.00  -0.36
 33 -1.00 -1.0  0.0000      -2.906  0.0E+00   0.00 |  -0.00  -0.00   1.50   3.31 |  -0.00  -0.00   0.36
 34 -1.00 -1.0  0.0000      -0.830  0.0E+00   0.00 |   0.00   0.00  -2.50   3.50 |  -0.00  -0.00  -0.45
 22 -1.00  1.0  0.0000      -0.830  0.0E+00   0.00 |  -0.00   0.00   2.50   3.50 |   0.00  -0.00   0.45
 35 -1.00 -1.0  0.0000      -0.233  0.0E+00   0.00 |   0.67   0.67  -0.50   2.01 |   0.40   0.40  -0.31
 23 -1.00  1.0  0.0000      -0.233  0.0E+00   0.00 |  -0.67   0.67   0.50   2.01 |  -0.40   0.40   0.31
 32 -1.00 -1.0  0.0000       0.888  0.0E+00   0.00 |  -0.38   0.42   1.23   1.97 |  -0.33   0.33   0.49
 20 -1.00  1.0  0.0000       0.888  0.0E+00   0.00 |   0.38   0.42  -1.23   1.97 |   0.33   0.33  -0.49
 24 -1.00  1.0  0.0000       0.912  0.0E+00   0.00 |  -0.53  -0.27   0.22   1.68 |  -0.34  -0.32  -0.48
 36 -1.00 -1.0  0.0000       0.912  0.0E+00   0.00 |   0.53  -0.27  -0.22   1.68 |   0.34  -0.32   0.48
 27 -1.00  1.0  0.0000       1.040  0.0E+00   0.00 |   0.50  -0.49   0.49   2.22 |   0.50  -0.50   0.50
 39 -1.00 -1.0  0.0000       1.040  0.0E+00   0.00 |  -0.50  -0.49  -0.49   2.22 |  -0.50  -0.50  -0.50
 16 -1.00 -1.0  0.0000       1.043  0.0E+00   0.00 |  -0.14   0.16  -0.47   2.05 |  -0.14   0.14   0.50
  8  1.00  1.0  0.0000       1.043  0.0E+00   0.00 |   0.14   0.16   0.47   2.05 |   0.14   0.14  -0.50
 18 -1.00  1.0  0.0000       1.605  0.0E+00   0.00 |  -0.49   0.49   0.47   2.17 |  -0.48   0.48   0.46
 30 -1.00 -1.0  0.0000       1.605  0.0E+00   0.00 |   0.49   0.49  -0.47   2.17 |   0.48   0.48  -0.46
 38 -1.00 -1.0  0.0000       1.722  0.0E+00   0.00 |   0.00   0.00   3.44   3.50 |   0.00   0.00   0.49
 26 -1.00  1.0  0.0000       1.722  0.0E+00   0.00 |  -0.00   0.00  -3.44   3.50 |  -0.00   0.00  -0.49
__________________________________________________________________________________________________________
   Proton  wavefunctions
  i     P   Rz   occ          E       d2h    Delta |   JxT    JyT    Jz      J   |   SxT    SyT    Sz
----------------------------------------------------------------------------------------------------------
 49  1.00 -1.0  1.0000     -34.316  0.0E+00   0.00 |   0.50   0.50  -0.50   0.52 |   0.50   0.50  -0.50
 41  1.00  1.0  1.0000     -34.316  0.0E+00  -0.00 |  -0.50   0.50   0.50   0.52 |  -0.50   0.50   0.50
 57 -1.00  1.0  1.0000     -23.439  0.0E+00  -0.00 |  -0.85   0.85   0.50   1.44 |  -0.46   0.46   0.42
 69 -1.00 -1.0  1.0000     -23.439  0.0E+00   0.00 |   0.85   0.85  -0.50   1.44 |   0.46   0.46  -0.42
 59 -1.00  1.0  1.0000     -20.861  0.0E+00  -0.02 |   0.00  -0.00  -1.50   1.52 |   0.00   0.00  -0.50
 71 -1.00 -1.0  1.0000     -20.861  0.0E+00   0.02 |  -0.00  -0.00   1.50   1.52 |  -0.00   0.00   0.50
 77 -1.00 -1.0  0.9948     -16.372  0.0E+00   1.04 |  -0.35  -0.35  -0.50   0.67 |   0.04   0.04   0.42
 65 -1.00  1.0  0.9948     -16.372  0.0E+00  -1.04 |   0.35  -0.35   0.50   0.67 |  -0.04   0.04  -0.42
 42  1.00  1.0  0.9625     -12.115  0.0E+00  -1.19 |  -1.30   1.30   0.50   2.29 |  -0.39   0.39   0.28
 50  1.00 -1.0  0.9625     -12.115  0.0E+00   1.19 |   1.30   1.30  -0.50   2.29 |   0.39   0.39  -0.28
 43  1.00  1.0  0.8393     -10.456  0.0E+00  -1.35 |   0.00  -0.00  -1.50   2.49 |   0.00  -0.00  -0.43
 51  1.00 -1.0  0.8393     -10.456  0.0E+00   1.35 |  -0.00  -0.00   1.50   2.49 |  -0.00  -0.00   0.43
 52  1.00 -1.0  0.1721      -8.027  0.0E+00   1.36 |   0.00   0.00  -2.50   2.52 |  -0.00  -0.00  -0.50
 44  1.00  1.0  0.1721      -8.027  0.0E+00  -1.36 |  -0.00   0.00   2.50   2.52 |   0.00  -0.00   0.50
 53  1.00 -1.0  0.0224      -5.772  0.0E+00   1.06 |   0.43   0.43  -0.50   1.21 |   0.34   0.34  -0.18
 45  1.00  1.0  0.0224      -5.772  0.0E+00  -1.06 |  -0.43   0.43   0.50   1.21 |  -0.34   0.34   0.18
 54  1.00 -1.0  0.0079      -3.087  0.0E+00   1.09 |  -0.73  -0.73  -0.50   1.39 |   0.27   0.27  -0.04
 46  1.00  1.0  0.0079      -3.087  0.0E+00  -1.09 |   0.73  -0.73   0.50   1.39 |  -0.27   0.27   0.04
 80 -1.00 -1.0  0.0005      -0.944  0.0E+00   0.38 |   1.62   1.62  -0.50   2.98 |   0.37   0.37  -0.23
 68 -1.00  1.0  0.0005      -0.944  0.0E+00  -0.38 |  -1.62   1.62   0.50   2.98 |  -0.37   0.37   0.23
 55  1.00 -1.0  0.0005      -0.685  0.0E+00   0.37 |   0.00   0.00   1.50   1.57 |   0.00   0.00  -0.43
 47  1.00  1.0  0.0005      -0.685  0.0E+00  -0.37 |  -0.00   0.00  -1.50   1.57 |  -0.00   0.00   0.43
 61 -1.00  1.0  0.0000       0.453  0.0E+00  -0.11 |   0.00  -0.00  -1.50   3.30 |   0.00  -0.00  -0.36
 73 -1.00 -1.0  0.0000       0.453  0.0E+00   0.11 |  -0.00  -0.00   1.50   3.30 |  -0.00  -0.00   0.36
 67 -1.00  1.0  0.0000       2.139  0.0E+00  -0.00 |   0.48  -0.48   0.60   2.25 |   0.48  -0.48   0.50
 79 -1.00 -1.0  0.0000       2.139  0.0E+00   0.00 |  -0.48  -0.48  -0.60   2.25 |  -0.48  -0.48  -0.50
 48  1.00  1.0  0.0000       2.361  0.0E+00  -0.00 |   0.12   0.13   0.49   2.11 |   0.11   0.11  -0.50
 56 -1.00 -1.0  0.0000       2.361  0.0E+00   0.00 |  -0.12   0.13  -0.49   2.11 |  -0.11   0.11   0.50
 62 -1.00  1.0  0.0000       2.400  0.0E+00  -0.02 |   0.01  -0.01   2.39   3.44 |   0.01  -0.02   0.45
 74 -1.00 -1.0  0.0000       2.400  0.0E+00   0.02 |  -0.01  -0.01  -2.39   3.44 |  -0.01  -0.02  -0.45
 63 -1.00  1.0  0.0000       2.478  0.0E+00  -0.00 |  -0.25   0.26   0.51   1.88 |  -0.44   0.43   0.37
 75 -1.00 -1.0  0.0000       2.478  0.0E+00   0.00 |   0.25   0.26  -0.51   1.88 |   0.44   0.43  -0.37
 72 -1.00 -1.0  0.0000       2.662  0.0E+00   0.00 |  -0.52   0.78   0.76   2.15 |  -0.46   0.48   0.48
 60 -1.00  1.0  0.0000       2.662  0.0E+00  -0.00 |   0.52   0.78  -0.76   2.15 |   0.46   0.48  -0.48
 64 -1.00  1.0  0.0000       2.663  0.0E+00  -0.00 |  -0.89  -0.42  -0.25   2.09 |  -0.49  -0.45  -0.46
 76 -1.00 -1.0  0.0000       2.663  0.0E+00   0.00 |   0.89  -0.42   0.25   2.09 |   0.49  -0.45   0.46
 66 -1.00  1.0  0.0000       3.762  0.0E+00  -0.00 |  -0.63   0.63   0.50   2.36 |  -0.44   0.44   0.37
 78 -1.00 -1.0  0.0000       3.762  0.0E+00   0.00 |   0.63   0.63  -0.50   2.36 |   0.44   0.44  -0.37
 70 -1.00 -1.0  0.0000       4.669  0.0E+00   0.00 |   0.00   0.00   3.21   3.60 |   0.00   0.00   0.50
 58 -1.00  1.0  0.0000       4.669  0.0E+00  -0.00 |  -0.00   0.00  -3.21   3.60 |  -0.00   0.00  -0.50
----------------------------------------------------------------------------------------------------------
---------------------------------Quasiparticles---------------------------------
Block 1:  P=+1  neutrons
  N      Eqp       f_n      |   U   V  |   B  P  ov_TR |    JxT    JyT    Jz
________________________________________________________________________________
  1    -26.93      0.00E+00 |    1   0 |   -  -  0.000 |    0.00   0.00   0.50
  2    -12.20      0.00E+00 |    0  16 |   -  -  0.000 |    0.00   0.00   0.47
  3     -7.49      0.00E+00 |    0  15 |   -  -  0.000 |    0.00   0.00  -1.50
  4     -4.84      0.00E+00 |    0  14 |   -  -  0.000 |    0.00   0.00   0.50
  5     -4.53      0.00E+00 |    2   0 |   -  -  0.000 |    0.00   0.00   0.50
  6     -2.62      0.00E+00 |    3   0 |   -  -  0.000 |    0.00   0.00  -1.50
  7     -1.91      0.00E+00 |    0  13 |   -  -  0.000 |    0.00   0.00   0.50
  8     -0.05      5.00E-01 |    0  12 |   -  -  0.000 |    0.00   0.00   2.50
  9    -26.93      0.00E+00 |    9   0 |   -  -  0.000 |    0.00   0.00  -0.50
 10    -12.20      0.00E+00 |    0   8 |   -  -  0.000 |    0.00   0.00  -0.47
 11     -7.49      0.00E+00 |    0   7 |   -  -  0.000 |    0.00   0.00   1.50
 12     -4.84      0.00E+00 |    0   6 |   -  -  0.000 |    0.00   0.00  -0.50
 13     -4.53      0.00E+00 |   10   0 |   -  -  0.000 |    0.00   0.00  -0.50
 14     -2.62      0.00E+00 |   11   0 |   -  -  0.000 |    0.00   0.00   1.50
 15     -1.91      0.00E+00 |    0   5 |   -  -  0.000 |    0.00   0.00  -0.50
 16     -0.05      5.00E-01 |    0   4 |   -  -  0.000 |    0.00   0.00  -2.50
 17      0.05      5.00E-01 |    4   0 |   B  -  1.000 |    0.00   0.00   2.50
 18      1.91      1.00E+00 |    5   0 |   -  -  0.000 |    0.00   0.00   0.50
 19      2.62      1.00E+00 |    0  11 |   -  -  0.000 |    0.00   0.00  -1.50
 20      4.53      1.00E+00 |    0  10 |   -  -  0.000 |    0.00   0.00   0.50
 21      4.84      1.00E+00 |    6   0 |   -  -  0.000 |    0.00   0.00   0.50
 22      7.49      1.00E+00 |    7   0 |   -  -  0.000 |    0.00   0.00  -1.50
 23     12.20      1.00E+00 |    8   0 |   -  -  0.000 |    0.00   0.00   0.47
 24     26.93      1.00E+00 |    0   9 |   -  -  0.000 |    0.00   0.00   0.50
 25      0.05      5.00E-01 |   12   0 |   B  -  0.000 |    0.00   0.00  -2.50
 26      1.91      1.00E+00 |   13   0 |   -  -  0.000 |    0.00   0.00  -0.50
 27      2.62      1.00E+00 |    0   3 |   -  -  0.000 |    0.00   0.00   1.50
 28      4.53      1.00E+00 |    0   2 |   -  -  0.000 |    0.00   0.00  -0.50
 29      4.84      1.00E+00 |   14   0 |   -  -  0.000 |    0.00   0.00  -0.50
 30      7.49      1.00E+00 |   15   0 |   -  -  0.000 |    0.00   0.00   1.50
 31     12.20      1.00E+00 |   16   0 |   -  -  0.000 |    0.00   0.00  -0.47
 32     26.93      1.00E+00 |    0   1 |   -  -  0.000 |    0.00   0.00  -0.50

Block 3:  P=-1  neutrons
  N      Eqp       f_n      |   U   V  |   B  P  ov_TR |    JxT    JyT    Jz
________________________________________________________________________________
  1    -15.94      0.00E+00 |   17   0 |   -  -  0.000 |    0.00   0.00   0.50
  2    -12.93      0.00E+00 |   19   0 |   -  -  0.000 |    0.00   0.00  -1.50
  3    -12.88      0.00E+00 |    0  38 |   -  -  0.000 |    0.00   0.00  -3.44
  4    -12.76      0.00E+00 |    0  30 |   -  -  0.000 |    0.00   0.00   0.47
  5    -12.20      0.00E+00 |    0  39 |   -  -  0.000 |    0.00   0.00   0.49
  6    -12.07      0.00E+00 |    0  36 |   -  -  0.000 |    0.00   0.00   0.22
  7    -12.05      0.00E+00 |    0  40 |   -  -  0.000 |    0.00   0.00  -1.23
  8    -10.93      0.00E+00 |    0  35 |   -  -  0.000 |    0.00   0.00   0.50
  9    -10.33      0.00E+00 |    0  34 |   -  -  0.000 |    0.00   0.00   2.50
 10     -8.44      0.00E+00 |   25   0 |   -  -  0.000 |    0.00   0.00   0.50
 11     -8.25      0.00E+00 |    0  33 |   -  -  0.000 |    0.00   0.00  -1.50
 12     -6.70      0.00E+00 |    0  32 |   -  -  0.000 |    0.00   0.00   0.50
 13    -15.94      0.00E+00 |   29   0 |   -  -  0.000 |    0.00   0.00  -0.50
 14    -12.93      0.00E+00 |   31   0 |   -  -  0.000 |    0.00   0.00   1.50
 15    -12.88      0.00E+00 |    0  26 |   -  -  0.000 |    0.00   0.00   3.44
 16    -12.76      0.00E+00 |    0  18 |   -  -  0.000 |    0.00   0.00  -0.47
 17    -12.20      0.00E+00 |    0  27 |   -  -  0.000 |    0.00   0.00  -0.49
 18    -12.07      0.00E+00 |    0  24 |   -  -  0.000 |    0.00   0.00  -0.22
 19    -12.05      0.00E+00 |    0  28 |   -  -  0.000 |    0.00   0.00   1.23
 20    -10.93      0.00E+00 |    0  23 |   -  -  0.000 |    0.00   0.00  -0.50
 21    -10.33      0.00E+00 |    0  22 |   -  -  0.000 |    0.00   0.00  -2.50
 22     -8.44      0.00E+00 |   37   0 |   -  -  0.000 |    0.00   0.00  -0.50
 23     -8.25      0.00E+00 |    0  21 |   -  -  0.000 |    0.00   0.00   1.50
 24     -6.70      0.00E+00 |    0  20 |   -  -  0.000 |    0.00   0.00  -0.50
 25      6.70      1.00E+00 |   20   0 |   -  -  0.000 |    0.00   0.00   0.50
 26      8.25      1.00E+00 |   21   0 |   -  -  0.000 |    0.00   0.00  -1.50
 27      8.44      1.00E+00 |    0  37 |   -  -  0.000 |    0.00   0.00   0.50
 28     10.33      1.00E+00 |   22   0 |   -  -  0.000 |    0.00   0.00   2.50
 29     10.93      1.00E+00 |   23   0 |   -  -  0.000 |    0.00   0.00   0.50
 30     12.05      1.00E+00 |   28   0 |   -  -  0.000 |    0.00   0.00  -1.23
 31     12.07      1.00E+00 |   24   0 |   -  -  0.000 |    0.00   0.00   0.22
 32     12.20      1.00E+00 |   27   0 |   -  -  0.000 |    0.00   0.00   0.49
 33     12.76      1.00E+00 |   18   0 |   -  -  0.000 |    0.00   0.00   0.47
 34     12.88      1.00E+00 |   26   0 |   -  -  0.000 |    0.00   0.00  -3.44
 35     12.93      1.00E+00 |    0  31 |   -  -  0.000 |    0.00   0.00  -1.50
 36     15.94      1.00E+00 |    0  29 |   -  -  0.000 |    0.00   0.00   0.50
 37      6.70      1.00E+00 |   32   0 |   -  -  0.000 |    0.00   0.00  -0.50
 38      8.25      1.00E+00 |   33   0 |   -  -  0.000 |    0.00   0.00   1.50
 39      8.44      1.00E+00 |    0  25 |   -  -  0.000 |    0.00   0.00  -0.50
 40     10.33      1.00E+00 |   34   0 |   -  -  0.000 |    0.00   0.00  -2.50
 41     10.93      1.00E+00 |   35   0 |   -  -  0.000 |    0.00   0.00  -0.50
 42     12.05      1.00E+00 |   40   0 |   -  -  0.000 |    0.00   0.00   1.23
 43     12.07      1.00E+00 |   36   0 |   -  -  0.000 |    0.00   0.00  -0.22
 44     12.20      1.00E+00 |   39   0 |   -  -  0.000 |    0.00   0.00  -0.49
 45     12.76      1.00E+00 |   30   0 |   -  -  0.000 |    0.00   0.00  -0.47
 46     12.88      1.00E+00 |   38   0 |   -  -  0.000 |    0.00   0.00   3.44
 47     12.93      1.00E+00 |    0  19 |   -  -  0.000 |    0.00   0.00   1.50
 48     15.94      1.00E+00 |    0  17 |   -  -  0.000 |    0.00   0.00  -0.50

Block 5:  P=+1   protons
  N      Eqp       f_n      |   U   V  |   B  P  ov_TR |    JxT    JyT    Jz
________________________________________________________________________________
  1    -25.10      0.00E+00 |   41   0 |   -  -  0.000 |    0.00   0.00   0.50
  2    -11.57      0.00E+00 |    0  56 |   -  -  0.000 |    0.00   0.00   0.49
  3     -8.54      0.00E+00 |    0  55 |   -  -  0.000 |    0.00   0.00  -1.50
  4     -6.22      0.00E+00 |    0  54 |   -  -  0.000 |    0.00   0.00   0.50
  5     -3.63      0.00E+00 |   42  53 |   -  -  0.000 |    0.00   0.00   0.50
  6     -3.11      0.00E+00 |   42  53 |   -  -  0.000 |    0.00   0.00   0.50
  7     -1.83      0.00E+00 |   43  51 |   -  -  0.000 |    0.00   0.00  -1.50
  8     -1.81      0.00E+00 |   44  52 |   -  -  0.000 |    0.00   0.00   2.50
  9    -25.10      0.00E+00 |   49   0 |   -  -  0.000 |    0.00   0.00  -0.50
 10    -11.57      0.00E+00 |    0  48 |   -  -  0.000 |    0.00   0.00  -0.49
 11     -8.54      0.00E+00 |    0  47 |   -  -  0.000 |    0.00   0.00   1.50
 12     -6.22      0.00E+00 |    0  46 |   -  -  0.000 |    0.00   0.00  -0.50
 13     -3.63      0.00E+00 |   50  45 |   -  -  0.000 |    0.00   0.00  -0.50
 14     -3.11      0.00E+00 |   50  45 |   -  -  0.000 |    0.00   0.00  -0.50
 15     -1.83      0.00E+00 |   51  43 |   -  -  0.000 |    0.00   0.00   1.50
 16     -1.81      0.00E+00 |   52  44 |   -  -  0.000 |    0.00   0.00  -2.50
 17      1.81      1.00E+00 |   44  52 |   -  -  0.000 |    0.00   0.00   2.50
 18      1.83      1.00E+00 |   43  51 |   -  -  0.000 |    0.00   0.00  -1.50
 19      3.11      1.00E+00 |   45  50 |   -  -  0.000 |    0.00   0.00   0.50
 20      3.63      1.00E+00 |   45  50 |   -  -  0.000 |    0.00   0.00   0.50
 21      6.22      1.00E+00 |   46   0 |   -  -  0.000 |    0.00   0.00   0.50
 22      8.54      1.00E+00 |   47   0 |   -  -  0.000 |    0.00   0.00  -1.50
 23     11.57      1.00E+00 |   48   0 |   -  -  0.000 |    0.00   0.00   0.49
 24     25.10      1.00E+00 |    0  49 |   -  -  0.000 |    0.00   0.00   0.50
 25      1.81      1.00E+00 |   52  44 |   -  -  0.000 |    0.00   0.00  -2.50
 26      1.83      1.00E+00 |   51  43 |   -  -  0.000 |    0.00   0.00   1.50
 27      3.11      1.00E+00 |   53  42 |   -  -  0.000 |    0.00   0.00  -0.50
 28      3.63      1.00E+00 |   53  42 |   -  -  0.000 |    0.00   0.00  -0.50
 29      6.22      1.00E+00 |   54   0 |   -  -  0.000 |    0.00   0.00  -0.50
 30      8.54      1.00E+00 |   55   0 |   -  -  0.000 |    0.00   0.00   1.50
 31     11.57      1.00E+00 |   56   0 |   -  -  0.000 |    0.00   0.00  -0.49
 32     25.10      1.00E+00 |    0  41 |   -  -  0.000 |    0.00   0.00  -0.50

Block 7:  P=-1   protons
  N      Eqp       f_n      |   U   V  |   B  P  ov_TR |    JxT    JyT    Jz
________________________________________________________________________________
  1    -14.23      0.00E+00 |   57   0 |   -  -  0.000 |    0.00   0.00   0.50
  2    -13.88      0.00E+00 |    0  70 |   -  -  0.000 |    0.00   0.00  -3.21
  3    -12.98      0.00E+00 |    0  78 |   -  -  0.000 |    0.00   0.00   0.50
  4    -11.88      0.00E+00 |    0  76 |   -  -  0.000 |    0.00   0.00  -0.25
  5    -11.87      0.00E+00 |    0  80 |   -  -  0.000 |    0.00   0.00  -0.76
  6    -11.69      0.00E+00 |    0  75 |   -  -  0.000 |    0.00   0.00   0.51
  7    -11.65      0.00E+00 |   59   0 |   -  -  0.000 |    0.00   0.00  -1.50
  8    -11.61      0.00E+00 |    0  74 |   -  -  0.000 |    0.00   0.00   2.39
  9    -11.35      0.00E+00 |    0  79 |   -  -  0.000 |    0.00   0.00   0.60
 10     -9.67      0.00E+00 |    0  73 |   -  -  0.000 |    0.00   0.00  -1.50
 11     -8.28      0.00E+00 |    0  72 |   -  -  0.000 |    0.00   0.00   0.50
 12     -7.23      0.00E+00 |   65   0 |   -  -  0.000 |    0.00   0.00   0.50
 13    -14.23      0.00E+00 |   69   0 |   -  -  0.000 |    0.00   0.00  -0.50
 14    -13.88      0.00E+00 |    0  58 |   -  -  0.000 |    0.00   0.00   3.21
 15    -12.98      0.00E+00 |    0  66 |   -  -  0.000 |    0.00   0.00  -0.50
 16    -11.88      0.00E+00 |    0  64 |   -  -  0.000 |    0.00   0.00   0.25
 17    -11.87      0.00E+00 |    0  68 |   -  -  0.000 |    0.00   0.00   0.76
 18    -11.69      0.00E+00 |    0  63 |   -  -  0.000 |    0.00   0.00  -0.51
 19    -11.65      0.00E+00 |   71   0 |   -  -  0.000 |    0.00   0.00   1.50
 20    -11.61      0.00E+00 |    0  62 |   -  -  0.000 |    0.00   0.00  -2.39
 21    -11.35      0.00E+00 |    0  67 |   -  -  0.000 |    0.00   0.00  -0.60
 22     -9.67      0.00E+00 |    0  61 |   -  -  0.000 |    0.00   0.00   1.50
 23     -8.28      0.00E+00 |    0  60 |   -  -  0.000 |    0.00   0.00  -0.50
 24     -7.23      0.00E+00 |   77   0 |   -  -  0.000 |    0.00   0.00  -0.50
 25      7.23      1.00E+00 |    0  77 |   -  -  0.000 |    0.00   0.00   0.50
 26      8.28      1.00E+00 |   60   0 |   -  -  0.000 |    0.00   0.00   0.50
 27      9.67      1.00E+00 |   61   0 |   -  -  0.000 |    0.00   0.00  -1.50
 28     11.35      1.00E+00 |   67   0 |   -  -  0.000 |    0.00   0.00   0.60
 29     11.61      1.00E+00 |   62   0 |   -  -  0.000 |    0.00   0.00   2.39
 30     11.65      1.00E+00 |    0  71 |   -  -  0.000 |    0.00   0.00  -1.50
 31     11.69      1.00E+00 |   63   0 |   -  -  0.000 |    0.00   0.00   0.51
 32     11.87      1.00E+00 |   68   0 |   -  -  0.000 |    0.00   0.00  -0.76
 33     11.88      1.00E+00 |   64   0 |   -  -  0.000 |    0.00   0.00  -0.25
 34     12.98      1.00E+00 |   66   0 |   -  -  0.000 |    0.00   0.00   0.50
 35     13.88      1.00E+00 |   58   0 |   -  -  0.000 |    0.00   0.00  -3.21
 36     14.23      1.00E+00 |    0  69 |   -  -  0.000 |    0.00   0.00   0.50
 37      7.23      1.00E+00 |    0  65 |   -  -  0.000 |    0.00   0.00  -0.50
 38      8.28      1.00E+00 |   72   0 |   -  -  0.000 |    0.00   0.00  -0.50
 39      9.67      1.00E+00 |   73   0 |   -  -  0.000 |    0.00   0.00   1.50
 40     11.35      1.00E+00 |   79   0 |   -  -  0.000 |    0.00   0.00  -0.60
 41     11.61      1.00E+00 |   74   0 |   -  -  0.000 |    0.00   0.00  -2.39
 42     11.65      1.00E+00 |    0  59 |   -  -  0.000 |    0.00   0.00   1.50
 43     11.69      1.00E+00 |   75   0 |   -  -  0.000 |    0.00   0.00  -0.51
 44     11.87      1.00E+00 |   80   0 |   -  -  0.000 |    0.00   0.00   0.76
 45     11.88      1.00E+00 |   76   0 |   -  -  0.000 |    0.00   0.00   0.25
 46     12.98      1.00E+00 |   78   0 |   -  -  0.000 |    0.00   0.00  -0.50
 47     13.88      1.00E+00 |   70   0 |   -  -  0.000 |    0.00   0.00   3.21
 48     14.23      1.00E+00 |    0  57 |   -  -  0.000 |    0.00   0.00  -0.50

--------------------------------------------------------------------------------
------------------------ Electric Multipole Moments -------------------------
Quantisation Axis             : Z
  With secondary axis ordering: X,Y
______________________________________________________________________________
                   Neutrons        Protons          Charge         Total
______________________________________________________________________________
 Particles           13.0000         12.0000         12.0000         25.0000

Re  Q_{ 2 0}         12.7123         12.6239         12.6239         25.3362
Re  Q_{ 2 2}          0.0008          0.0006          0.0006          0.0015

Re  Q_{ 4 0}         28.8016         30.6001         31.4922         59.4017
Re  Q_{ 4 2}          0.0055          0.0054          0.0054          0.0110
Re  Q_{ 4 4}         -0.3684         -0.3183          0.2152         -0.6867

Re  Q_{ 6 0}         33.6165         42.5394         70.4331         76.1559
Re  Q_{ 6 2}          0.0240          0.0376          0.0377          0.0616
Re  Q_{ 6 4}          1.0242          1.1455          9.0522          2.1697
Re  Q_{ 6 6}          0.0003          0.0032          0.0040          0.0035

Re  Q_{ 8 0}        -80.9552         14.6766        292.8375        -66.2786
Re  Q_{ 8 2}          0.0663        -22.2592        -19.8228        -22.1929
Re  Q_{ 8 4}         58.6319         40.1395        112.8712         98.7714
Re  Q_{ 8 6}         -0.0048         -8.5126         -8.5435         -8.5174
Re  Q_{ 8 8}         38.6702         39.2804         40.1970         77.9506

Re  Q_{10 0}      -1147.4049      11767.9805      12346.5592      10620.5757
Re  Q_{10 2}         -0.1143        262.4737        278.1306        262.3594
Re  Q_{10 4}      -1427.3090       1665.0370       2703.9137        237.7280
Re  Q_{10 6}         -0.0929      -2412.3638      -2423.9743      -2412.4567
Re  Q_{10 8}      -2462.7553      -3042.0615      -2754.6267      -5504.8168
Re  Q_{1010}          0.1105       -130.4745       -118.8831       -130.3640

 RMS radius           2.9887          2.9786          3.0250          2.9839
 Fourth mom.          3.2904          3.2824          3.3412          3.2865
______________________________________________________________________________
                   Neutrons        Protons          Charge         Total
______________________________________________________________________________

Beta_{ 2 0}       0.17300169      0.17179852      0.17179844      0.34480021
Beta_{ 2 2}       0.00001132      0.00000883      0.00000883      0.00002015

Beta_{ 4 0}       0.03183609      0.03382416      0.03481016      0.06566024
Beta_{ 4 2}       0.00000610      0.00000602      0.00000597      0.00001211
Beta_{ 4 4}      -0.00040723     -0.00035179      0.00023783     -0.00075902

Beta_{ 6 0}       0.00301810      0.00381920      0.00632351      0.00683730
Beta_{ 6 2}       0.00000216      0.00000338      0.00000339      0.00000553
Beta_{ 6 4}       0.00009195      0.00010284      0.00081271      0.00019480
Beta_{ 6 6}       0.00000003      0.00000029      0.00000036      0.00000032

Beta_{ 8 0}      -0.00059034      0.00010702      0.00213543     -0.00048332
Beta_{ 8 2}       0.00000048     -0.00016232     -0.00014455     -0.00016184
Beta_{ 8 4}       0.00042756      0.00029271      0.00082308      0.00072026
Beta_{ 8 6}      -0.00000004     -0.00006208     -0.00006230     -0.00006211
Beta_{ 8 8}       0.00028199      0.00028644      0.00029312      0.00056843

Beta_{10 0}      -0.00067960      0.00697008      0.00731277      0.00629049
Beta_{10 2}      -0.00000007      0.00015546      0.00016473      0.00015539
Beta_{10 4}      -0.00084538      0.00098619      0.00160151      0.00014080
Beta_{10 6}      -0.00000005     -0.00142882     -0.00143570     -0.00142888
Beta_{10 8}      -0.00145867     -0.00180179     -0.00163154     -0.00326046
Beta_{1010}       0.00000007     -0.00007728     -0.00007041     -0.00007721


______________________________________________________________________________
                   Neutrons        Protons          Charge         Total
______________________________________________________________________________
Q_{ 2}               12.7123         12.6239         12.6239         25.3362
Q_{ 4}               28.8063         30.6034         31.4936         59.4096
Q_{ 6}               33.6477         42.5703         71.5871         76.2178
Q_{ 8}              128.1403         87.5188        339.7014        192.8398
Q_{10}             4185.8437      13204.1346      13934.4911      13613.4941
______________________________________________________________________________
                   Neutrons        Protons          Charge         Total
______________________________________________________________________________
Beta_{   2}       0.17300169      0.17179852      0.17179844      0.34480021
Beta_{   4}       0.03184130      0.03382782      0.03481179      0.06566902
Beta_{   6}       0.00302090      0.00382198      0.00642711      0.00684285
Beta_{   8}       0.00093442      0.00063820      0.00247717      0.00140623
Beta_{  10}       0.00247924      0.00782071      0.00825329      0.00806317
______________________________________________________________________________
 Cart. Moments X              Y              Z
 Cart. N      -20.1499780    -20.1564359     40.3064138
 Cart. P      -20.0105279    -20.0155685     40.0260965
 Cart. T      -40.1605059    -40.1720044     80.3325103
 (Q, gamma)    Q              Gamma
 (Q,g) N       40.3064140      0.0053001
 (Q,g) P       40.0260966      0.0041658
 (Q,g) T       80.3325106      0.0047349
 (iq1, iq2)    iq1            iq2
 iq    N       40.3042612      0.0043053
 iq    P       40.0244163      0.0033604
 iq    T       80.3286774      0.0076657
               X^2            Y^2            Z^2
 X^2_i N       31.9893943     31.9872417     52.1415249
 X^2_i P       28.8192070     28.8175268     48.8314152
 X^2_i T       60.8086014     60.8047685    100.9729401
----------------------------------------------------------------------------
--------------- Magnetic Multipole Moments ----------------
Quantisation Axis             : Z
  With secondary axis ordering: X,Y
 Units: 
   spin/orbit/total: hbar fm^(l-1)
   phys:             mu_N fm^(l-1)
______________________________________________________________________________
 Re Q^m_{ 1 0}     X           Y            Z        total
 Spin     n   -6.927E-18   2.207E-18   5.030E-15   5.025E-15
          p   -8.886E-19   9.095E-18   4.152E-15   4.160E-15
          t   -7.815E-18   1.130E-17   9.181E-15   9.185E-15
 Orbital  n    5.195E-15   5.247E-15  -3.366E-17   1.041E-14
          p    2.361E-15   2.380E-15   6.362E-18   4.747E-15
          t    7.555E-15   7.627E-15  -2.730E-17   1.515E-14
 Total    n    5.188E-15   5.249E-15   4.996E-15   1.543E-14
          p    2.360E-15   2.389E-15   4.158E-15   8.907E-15
          t    7.548E-15   7.638E-15   9.154E-15   2.434E-14
 Phys     n    2.650E-17  -8.444E-18  -1.924E-14  -1.923E-14
          p    2.356E-15   2.431E-15   2.320E-14   2.798E-14
          t    2.382E-15   2.422E-15   3.953E-15   8.757E-15
____________________________________________________________
 mu_z  n                                           -0.000000
 mu_z  p(S)                                         0.000000
 mu_z  p(L)                                         0.000000
 mu_z  p                                            0.000000
 mu_z  t                                            0.000000
______________________________________________________________________________
 Re Q^m_{ 3 0}     X           Y            Z        total
 Spin     n    9.012E-15   6.079E-15   1.306E-14   2.815E-14
          p   -2.551E-15  -6.669E-15  -5.314E-15  -1.453E-14
          t    6.461E-15  -5.903E-16   7.742E-15   1.361E-14
 Orbital  n   -8.858E-15  -7.949E-15   7.128E-14   5.447E-14
          p   -9.406E-15  -1.024E-14   1.610E-14  -3.550E-15
          t   -1.826E-14  -1.819E-14   8.737E-14   5.092E-14
 Total    n    1.534E-16  -1.870E-15   8.434E-14   8.262E-14
          p   -1.196E-14  -1.691E-14   1.078E-14  -1.808E-14
          t   -1.180E-14  -1.878E-14   9.512E-14   6.454E-14
 Phys     n   -3.448E-14  -2.326E-14  -4.995E-14  -1.077E-13
          p   -2.365E-14  -4.749E-14  -1.359E-14  -8.474E-14
          t   -5.813E-14  -7.075E-14  -6.354E-14  -1.924E-13
______________________________________________________________________________
 Re Q^m_{ 3 2}     X           Y            Z        total
 Spin     n   -8.295E-15   5.491E-15   1.188E-16  -2.685E-15
          p    2.284E-15  -6.164E-15  -7.896E-16  -4.669E-15
          t   -6.011E-15  -6.730E-16  -6.708E-16  -7.355E-15
 Orbital  n    1.803E-14  -1.980E-14   2.880E-15   1.115E-15
          p    8.288E-15  -7.301E-15  -3.267E-15  -2.280E-15
          t    2.632E-14  -2.710E-14  -3.870E-16  -1.164E-15
 Total    n    9.737E-15  -1.431E-14   2.999E-15  -1.570E-15
          p    1.057E-14  -1.346E-14  -4.056E-15  -6.949E-15
          t    2.031E-14  -2.777E-14  -1.058E-15  -8.519E-15
 Phys     n    3.174E-14  -2.101E-14  -4.544E-16   1.027E-14
          p    2.105E-14  -4.173E-14  -7.678E-15  -2.836E-14
          t    5.279E-14  -6.274E-14  -8.132E-15  -1.809E-14
----------------------------------------------------------------------------
----------------------- Box Size Check -------------------------
 Xmax = (nx+0.5)dx = 11.500 fm,  max(rho(X=Xmax)) =    1.419E-08
 Ymax = (ny+0.5)dx = 11.500 fm,  max(rho(Y=Ymax)) =    1.422E-08
 Zmax = (nz+0.5)dx = 11.500 fm,  max(rho(Z=Zmax)) =    9.347E-09
---------------------Rotational properties--------------------
                Rigid rotor          (hbar^2/MeV)
              n              p              t 
 I_R X       2.0286150      1.8723656      3.9009805
 I_R Y       2.0286669      1.8724061      3.9010729
 I_R Z       1.5426823      1.3898069      2.9324892

                Belyaev                 (hbar^2/MeV) 
              n              p              t 
 I_B X       1.3707795      0.9415001      2.3122796
 I_B Y       1.3706904      0.9414312      2.3121216
 I_B Z       0.0000319      0.0000199      0.0000517

                Belyaev (collective)    (hbar^2/MeV) 
              n              p              t 
 I_B X       0.4488491      0.9415001      1.3903492
 I_B Y       0.4485686      0.9414312      1.3899998
 I_B Z       0.0000000      0.0000199      0.0000199

                 <J^2> - <J>^2          (hbar^2)
              n              p              t 
 J2_X        2.5185597      2.1397923      4.6583520
 J2_Y        2.5181098      2.1394310      4.6575408
 J2_Z        3.1248585      0.0001255      3.1249841
 J2_t        8.1615280      4.2793488     12.4408768

                 <J^2> - <J>^2 (coll.)  (hbar^2)
              n              p              t 
 J2_X        1.2695624      2.1408508      3.4104132
 J2_Y        1.2688533      2.1405045      3.4093578
 J2_Z        0.0000000      0.0000387      0.0000387
 J2_t        2.5384157      4.2813940      6.8198096
------------------------- Angular Momentum (hbar) --------------------------

               Spwfs(*)    Desired     Omega       E (MeV)      Densit. 
  __________________________________________________________________________
   J_x   |     0.00000     0.00000     0.00000    -0.00000     0.00000
   J_y   |     0.00000     0.00000     0.00000    -0.00000     0.00000
   J_z   |     0.00000     0.00000     0.00000    -0.00000     0.00000
  __________________________________________________________________________
   Size  |     0.00000     0.00000     0.00000                 0.00000
  --------------------------------------------------------------------------

   Open spin
               Neutrons   Protons
   _______________________________________________________
   x |   |     0.00000     0.00000
   y |   |     0.00000     0.00000
   z |   |     0.00000     0.00000
   _______________________________________________________
-------------------------- Pairing -------------------------
                          N         P 
 Fermi Level (MeV)    -11.15822740    -9.21265243
 Particles             13.00000000    12.00000000
 Dispersion             0.50000000     1.39730103
 Average gap   v^2      0.00000000     0.60005782
 Average gap   uv              NaN     1.22125100
------------------------------------------------------------
--------------------------------------------------------------------------------
 Skyrme Energy 
                                    Isoscalar      Isovector   |   Total
--------------------------------------------------------------------------------
  E_D_I_I_D_I_I                  -1776.320605       1.100970   -1775.219634
  E_D_I_I_D_Nm_Nm                   41.656232      -0.080785      41.575446
  E_D_I_Sm_D_I_Sm                    0.000000       0.000000       0.000000
  E_D_I_Sm_D_I_Sm_DD                -0.000000      -0.000000      -0.000000
  E_D_I_I_Lap_D_I_I                 73.289444       0.011710      73.301154
  E_D_I_I_D_I_I_DD                1030.923728      -0.545966    1030.377762
  E_C_I_NmSk_C_I_NmSk                0.000000       0.000000       0.000000
  E_C_I_Nm_C_I_Nm                   -0.000000       0.000000      -0.000000
  E_D_I_Sm_Lap_D_I_Sm               -0.000000       0.000000       0.000000
  E_D_I_Sm_D_Nk_NkSm                 0.000000       0.000000       0.000000
  E_D_I_I_Derm_C_I_NxmSxm          -26.100940      -0.022769     -26.123709
  E_C_I_Nm_Derxm_D_I_Sxm            -0.000000      -0.000000      -0.000000
  E_DP_I_I_DP_I_I                                                 -1.583100
  E_CP_I_I_CP_I_I                                                 -0.000000
--------------------------------------------------------------------------------
                 Total Skyrme:                                  -657.672081
                    time-even:                                  -657.672081
                    time-odd :                                     0.000000
--------------------------------------------------------------------------------
--------------------------------------------------------------------------------
                                     neutron        proton         total
                Kinetic Energy:     229.615532     203.407437     433.022968
                    COM 1-body:      -9.184621      -8.136297     -17.320919
                    COM 2-body:       4.077660       3.486723       7.564384
                            ph:       4.077660       3.468112       7.545772
                            pp:       0.000000       0.018611       0.018611
                 Collective T:                                     -2.281235

                 Rotational  T:                                    -2.281235
                 Rotational  X:                                    -1.140605
                 Rotational  Y:                                    -1.140539
                 Rotational  Z:                                    -0.000091

                 Vibrational T:                                     0.000000
                 Vibrational X:                                    -0.000000
                 Vibrational Y:                                    -0.000000
                 Vibrational Z:                                    -0.000000


                Coulomb Direct:       0.000000      32.922328      32.922328
                      Exchange:       0.000000       0.000000       0.000000

               Pairing (delta):      -0.000000      -1.583100      -1.583100
               Pairing (densi):                                    -1.583100
--------------------------------------------------------------------------------
                  Total energy:                                  -203.764555
                    from spwfs:                                  -203.764555
                   E_fu - E_sp:                                -0.586787E-07
                   (no corr.) :                                  -209.047703
                      Routhian:                                  -203.764555
                         dE   :                                -0.288486E-02
                         dR   :                                -0.288486E-02
--------------------------------------------------------------------------------
 Iteration =   91
 dt    =   0.0385      mu   =   0.8892 gradn =    0.000E+00 D2H  =    2.413E-10
 E     =   -203.765    DE   = -0.60569E-11
 R     =   -203.765    DR   = -0.60569E-11
 R-E   =      0.000  D(R-E) =  0.00000E+00
 dmun  =  1.2E-01      dmup= -4.3E-09
 RQ20t =      25.3362   dQ = -2.9E-09  L =       0.0000   dL =  0.0E+00  dev =  0.0E+00
 RQ22t =       0.0014   dQ = -3.3E-05  L =       0.0000   dL =  0.0E+00  dev =  0.0E+00
 Jz    =       0.0000   dJZ= -7.3E-15 Om =       0.0000   dO =  0.0E+00  dev =  0.0E+00
--------------------------------------------------------------------------------------
 Iteration =   92
 dt    =   0.0385      mu   =   0.8892 gradn =    0.000E+00 D2H  =    2.342E-10
 E     =   -203.765    DE   = -0.76663E-11
 R     =   -203.765    DR   = -0.76663E-11
 R-E   =      0.000  D(R-E) =  0.00000E+00
 dmun  =  3.3E-02      dmup= -3.3E-10
 RQ20t =      25.3362   dQ = -3.3E-09  L =       0.0000   dL =  0.0E+00  dev =  0.0E+00
 RQ22t =       0.0014   dQ = -3.2E-05  L =       0.0000   dL =  0.0E+00  dev =  0.0E+00
 Jz    =       0.0000   dJZ= -6.1E-15 Om =       0.0000   dO =  0.0E+00  dev =  0.0E+00
--------------------------------------------------------------------------------------
 Iteration =   93
 dt    =   0.0385      mu   =   0.8892 gradn =    0.000E+00 D2H  =    2.252E-10
 E     =   -203.765    DE   = -0.37211E-11
 R     =   -203.765    DR   = -0.37211E-11
 R-E   =      0.000  D(R-E) =  0.00000E+00
 dmun  =  6.7E-03      dmup=  3.6E-09
 RQ20t =      25.3362   dQ = -2.9E-09  L =       0.0000   dL =  0.0E+00  dev =  0.0E+00
 RQ22t =       0.0014   dQ = -3.1E-05  L =       0.0000   dL =  0.0E+00  dev =  0.0E+00
 Jz    =       0.0000   dJZ=  6.4E-15 Om =       0.0000   dO =  0.0E+00  dev =  0.0E+00
--------------------------------------------------------------------------------------
 : Warning N(eps_F) decreases 
 A =  -10.99822740 FA =    -0.00000000 B =  -10.98822740 FB =    -0.00000000
 Iteration =   94
 dt    =   0.0385      mu   =   0.8892 gradn =    0.000E+00 D2H  =    2.189E-10
 E     =   -203.765    DE   =  0.20843E-11
 R     =   -203.765    DR   =  0.20843E-11
 R-E   =      0.000  D(R-E) =  0.00000E+00
 dmun  =  2.5E-02      dmup=  5.7E-09
 RQ20t =      25.3362   dQ = -2.8E-08  L =       0.0000   dL =  0.0E+00  dev =  0.0E+00
 RQ22t =       0.0014   dQ = -3.0E-05  L =       0.0000   dL =  0.0E+00  dev =  0.0E+00
 Jz    =       0.0000   dJZ= -1.3E-15 Om =       0.0000   dO =  0.0E+00  dev =  0.0E+00
--------------------------------------------------------------------------------------
 : Warning N(eps_F) decreases 
 A =  -11.07322740 FA =     0.00000000 B =  -10.97322740 FB =     0.00000000
 Iteration =   95
 dt    =   0.0385      mu   =   0.8892 gradn =    0.000E+00 D2H  =    2.129E-10
 E     =   -203.765    DE   =  0.34232E-11
 R     =   -203.765    DR   =  0.34232E-11
 R-E   =      0.000  D(R-E) =  0.00000E+00
 dmun  = -3.4E-02      dmup=  5.4E-09
 RQ20t =      25.3362   dQ = -1.3E-09  L =       0.0000   dL =  0.0E+00  dev =  0.0E+00
 RQ22t =       0.0013   dQ = -2.9E-05  L =       0.0000   dL =  0.0E+00  dev =  0.0E+00
 Jz    =       0.0000   dJZ=  1.1E-14 Om =       0.0000   dO =  0.0E+00  dev =  0.0E+00
--------------------------------------------------------------------------------------
 Iteration =   96
 dt    =   0.0385      mu   =   0.8892 gradn =    0.000E+00 D2H  =    2.035E-10
 E     =   -203.765    DE   =  0.15926E-11
 R     =   -203.765    DR   =  0.15926E-11
 R-E   =      0.000  D(R-E) =  0.00000E+00
 dmun  = -9.1E-03      dmup=  3.0E-09
 RQ20t =      25.3362   dQ = -2.3E-08  L =       0.0000   dL =  0.0E+00  dev =  0.0E+00
 RQ22t =       0.0013   dQ = -2.8E-05  L =       0.0000   dL =  0.0E+00  dev =  0.0E+00
 Jz    =       0.0000   dJZ= -3.3E-15 Om =       0.0000   dO =  0.0E+00  dev =  0.0E+00
--------------------------------------------------------------------------------------
 Iteration =   97
 dt    =   0.0385      mu   =   0.8892 gradn =    0.000E+00 D2H  =    1.963E-10
 E     =   -203.765    DE   =  0.20437E-11
 R     =   -203.765    DR   =  0.20437E-11
 R-E   =      0.000  D(R-E) =  0.00000E+00
 dmun  =  8.7E-03      dmup= -2.7E-10
 RQ20t =      25.3362   dQ = -1.0E-09  L =       0.0000   dL =  0.0E+00  dev =  0.0E+00
 RQ22t =       0.0013   dQ = -2.7E-05  L =       0.0000   dL =  0.0E+00  dev =  0.0E+00
 Jz    =       0.0000   dJZ=  2.2E-15 Om =       0.0000   dO =  0.0E+00  dev =  0.0E+00
--------------------------------------------------------------------------------------
 Iteration =   98
 dt    =   0.0385      mu   =   0.8892 gradn =    0.000E+00 D2H  =    1.893E-10
 E     =   -203.765    DE   = -0.71095E-12
 R     =   -203.765    DR   = -0.71095E-12
 R-E   =      0.000  D(R-E) =  0.00000E+00
 dmun  =  5.5E-02      dmup= -2.8E-09
 RQ20t =      25.3362   dQ = -1.6E-09  L =       0.0000   dL =  0.0E+00  dev =  0.0E+00
 RQ22t =       0.0012   dQ = -2.6E-05  L =       0.0000   dL =  0.0E+00  dev =  0.0E+00
 Jz    =       0.0000   dJZ= -1.4E-14 Om =       0.0000   dO =  0.0E+00  dev =  0.0E+00
--------------------------------------------------------------------------------------
--------------------------------------------------------------------------------------
                              Iteration =    99

--------------------- Hartree-Fock basis-------------------------------------------------------------------
__________________________________________________________________________________________________________
   Neutron wavefunctions
  i     P   Rz   occ          E       d2h    Delta |   JxT    JyT    Jz      J   |   SxT    SyT    Sz
----------------------------------------------------------------------------------------------------------
  9  1.00 -1.0  1.0000     -38.084  1.8E-11   0.00 |   0.50   0.50  -0.50   0.52 |   0.50   0.50  -0.50
  1  1.00  1.0  1.0000     -38.084  2.9E-11   0.00 |  -0.50   0.50   0.50   0.52 |  -0.50   0.50   0.50
 17 -1.00  1.0  1.0000     -27.095  3.4E-13   0.00 |  -0.84   0.84   0.50   1.44 |  -0.46   0.46   0.43
 29 -1.00 -1.0  1.0000     -27.095  7.4E-12   0.00 |   0.84   0.84  -0.50   1.44 |   0.46   0.46  -0.43
 19 -1.00  1.0  1.0000     -24.087  2.4E-10   0.00 |   0.00   0.00  -1.50   1.52 |   0.00   0.00  -0.50
 31 -1.00 -1.0  1.0000     -24.087  2.4E-10   0.00 |  -0.00   0.00   1.50   1.52 |  -0.00   0.00   0.50
 25 -1.00  1.0  1.0000     -19.598  2.3E-10   0.00 |   0.34  -0.34   0.50   0.68 |  -0.04   0.04  -0.43
 37 -1.00 -1.0  1.0000     -19.598  2.3E-10   0.00 |  -0.34  -0.34  -0.50   0.68 |   0.04   0.04   0.43
  2  1.00  1.0  1.0000     -15.687  6.2E-11   0.00 |  -1.28   1.28   0.50   2.27 |  -0.40   0.40   0.29
 10  1.00 -1.0  1.0000     -15.687  6.2E-11   0.00 |   1.28   1.28  -0.50   2.27 |   0.40   0.40  -0.29
  3  1.00  1.0  1.0000     -13.777  1.7E-10   0.00 |   0.00  -0.00  -1.50   2.49 |   0.00  -0.00  -0.43
 11  1.00 -1.0  1.0000     -13.777  1.7E-10   0.00 |  -0.00  -0.00   1.50   2.49 |  -0.00  -0.00   0.43
  4  1.00  1.0  0.5000     -11.112  7.6E-10   0.00 |  -0.00   0.00   2.50   2.52 |   0.00  -0.00   0.50
 12  1.00 -1.0  0.5000     -11.112  7.6E-10   0.00 |   0.00   0.00  -2.50   2.52 |  -0.00  -0.00  -0.50
  5  1.00  1.0  0.0000      -9.251  7.4E-10   0.00 |  -0.47   0.47   0.50   1.25 |  -0.34   0.34   0.18
 13  1.00 -1.0  0.0000      -9.251  7.4E-10   0.00 |   0.47   0.47  -0.50   1.25 |   0.34   0.34  -0.18
 14  1.00 -1.0  0.0000      -6.322  4.4E-10   0.00 |  -0.75  -0.75  -0.50   1.40 |   0.27   0.27  -0.03
  6  1.00  1.0  0.0000      -6.322  4.4E-10   0.00 |   0.75  -0.75   0.50   1.40 |  -0.27   0.27   0.03
 20 -1.00  1.0  0.0000      -4.459  1.5E-10   0.00 |  -1.60   1.60   0.50   2.95 |  -0.37   0.37   0.24
 32 -1.00 -1.0  0.0000      -4.459  1.5E-10   0.00 |   1.60   1.60  -0.50   2.95 |   0.37   0.37  -0.24
 15  1.00 -1.0  0.0000      -3.667  3.2E-10   0.00 |   0.00   0.00   1.50   1.57 |   0.00   0.00  -0.43
  7  1.00  1.0  0.0000      -3.667  3.2E-10   0.00 |  -0.00   0.00  -1.50   1.57 |  -0.00   0.00   0.43
 21 -1.00  1.0  0.0000      -2.906  3.9E-10   0.00 |   0.00  -0.00  -1.50   3.31 |   0.00  -0.00  -0.36
 33 -1.00 -1.0  0.0000      -2.906  3.9E-10   0.00 |  -0.00  -0.00   1.50   3.31 |  -0.00  -0.00   0.36
 34 -1.00 -1.0  0.0000      -0.830  1.5E-08   0.00 |   0.00   0.00  -2.50   3.50 |  -0.00  -0.00  -0.45
 22 -1.00  1.0  0.0000      -0.830  1.5E-08   0.00 |  -0.00   0.00   2.50   3.50 |   0.00  -0.00   0.45
 23 -1.00  1.0  0.0000      -0.233  1.5E-08   0.00 |  -0.67   0.67   0.50   2.01 |  -0.40   0.40   0.31
 35 -1.00 -1.0  0.0000      -0.233  1.5E-08   0.00 |   0.67   0.67  -0.50   2.01 |   0.40   0.40  -0.31
 40  1.00 -1.0  0.0000       0.888  1.1E-04   0.00 |  -0.37   0.42   1.24   1.97 |  -0.33   0.33   0.49
 28 -1.00  1.0  0.0000       0.888  1.1E-04   0.00 |   0.37   0.42  -1.24   1.97 |   0.33   0.33  -0.49
 36 -1.00 -1.0  0.0000       0.912  1.2E-04   0.00 |   0.53  -0.27  -0.23   1.67 |   0.34  -0.32   0.48
 24 -1.00  1.0  0.0000       0.912  1.2E-04   0.00 |  -0.53  -0.27   0.23   1.67 |  -0.34  -0.32  -0.48
 27 -1.00  1.0  0.0000       1.040  7.3E-06   0.00 |   0.50  -0.49   0.49   2.22 |   0.50  -0.50   0.50
 39 -1.00 -1.0  0.0000       1.040  7.3E-06   0.00 |  -0.50  -0.49  -0.49   2.22 |  -0.50  -0.50  -0.50
  8  1.00  1.0  0.0000       1.043  1.9E-06   0.00 |   0.14   0.17   0.47   2.05 |   0.14   0.14  -0.50
 16 -1.00 -1.0  0.0000       1.043  1.9E-06   0.00 |  -0.14   0.17  -0.47   2.05 |  -0.14   0.14   0.50
 30 -1.00 -1.0  0.0000       1.605  5.3E-05   0.00 |   0.49   0.49  -0.47   2.17 |   0.48   0.48  -0.46
 18 -1.00  1.0  0.0000       1.605  5.3E-05   0.00 |  -0.49   0.49   0.47   2.17 |  -0.48   0.48   0.46
 26 -1.00  1.0  0.0000       1.722  5.3E-05   0.00 |  -0.00   0.00  -3.44   3.50 |  -0.00   0.00  -0.49
 38 -1.00 -1.0  0.0000       1.722  5.3E-05   0.00 |   0.00   0.00   3.44   3.50 |   0.00   0.00   0.49
__________________________________________________________________________________________________________
   Proton  wavefunctions
  i     P   Rz   occ          E       d2h    Delta |   JxT    JyT    Jz      J   |   SxT    SyT    Sz
----------------------------------------------------------------------------------------------------------
 49  1.00 -1.0  1.0000     -34.316  1.9E-11   0.00 |   0.50   0.50  -0.50   0.52 |   0.50   0.50  -0.50
 41  1.00  1.0  1.0000     -34.316  2.6E-11   0.00 |  -0.50   0.50   0.50   0.52 |  -0.50   0.50   0.50
 57 -1.00  1.0  1.0000     -23.439  2.1E-11   0.00 |  -0.85   0.85   0.50   1.44 |  -0.46   0.46   0.42
 69 -1.00 -1.0  1.0000     -23.439  2.5E-11   0.00 |   0.85   0.85  -0.50   1.44 |   0.46   0.46  -0.42
 59 -1.00  1.0  1.0000     -20.861  2.9E-10   0.02 |   0.00  -0.00  -1.50   1.52 |   0.00   0.00  -0.50
 71 -1.00 -1.0  1.0000     -20.861  2.9E-10   0.02 |  -0.00  -0.00   1.50   1.52 |  -0.00   0.00   0.50
 65 -1.00  1.0  0.9948     -16.372  2.7E-10   1.04 |   0.35  -0.35   0.50   0.67 |  -0.04   0.04  -0.42
 77 -1.00 -1.0  0.9948     -16.372  2.7E-10   1.04 |  -0.35  -0.35  -0.50   0.67 |   0.04   0.04   0.42
 50  1.00 -1.0  0.9625     -12.115  1.7E-10   1.19 |   1.30   1.30  -0.50   2.29 |   0.39   0.39  -0.28
 42  1.00  1.0  0.9625     -12.115  1.7E-10   1.19 |  -1.30   1.30   0.50   2.29 |  -0.39   0.39   0.28
 51  1.00 -1.0  0.8393     -10.456  3.0E-10   1.35 |  -0.00  -0.00   1.50   2.49 |  -0.00  -0.00   0.43
 43  1.00  1.0  0.8393     -10.456  3.0E-10   1.35 |   0.00  -0.00  -1.50   2.49 |   0.00  -0.00  -0.43
 52  1.00 -1.0  0.1721      -8.027  8.9E-10   1.36 |   0.00   0.00  -2.50   2.52 |  -0.00  -0.00  -0.50
 44  1.00  1.0  0.1721      -8.027  8.9E-10   1.36 |  -0.00   0.00   2.50   2.52 |   0.00  -0.00   0.50
 45  1.00  1.0  0.0224      -5.772  8.7E-10   1.06 |  -0.43   0.43   0.50   1.21 |  -0.34   0.34   0.18
 53  1.00 -1.0  0.0224      -5.772  8.7E-10   1.06 |   0.43   0.43  -0.50   1.21 |   0.34   0.34  -0.18
 54  1.00 -1.0  0.0079      -3.087  8.1E-10   1.09 |  -0.73  -0.73  -0.50   1.39 |   0.27   0.27  -0.04
 46  1.00  1.0  0.0079      -3.087  8.1E-10   1.09 |   0.73  -0.73   0.50   1.39 |  -0.27   0.27   0.04
 72 -1.00 -1.0  0.0005      -0.944  3.5E-10   0.38 |   1.62   1.62  -0.50   2.98 |   0.37   0.37  -0.23
 60 -1.00  1.0  0.0005      -0.944  3.5E-10   0.38 |  -1.62   1.62   0.50   2.98 |  -0.37   0.37   0.23
 55  1.00 -1.0  0.0005      -0.685  6.7E-10   0.37 |   0.00   0.00   1.50   1.57 |   0.00   0.00  -0.43
 47  1.00  1.0  0.0005      -0.685  6.7E-10   0.37 |  -0.00   0.00  -1.50   1.57 |  -0.00   0.00   0.43
 73 -1.00 -1.0  0.0000       0.453  6.5E-10   0.11 |  -0.00  -0.00   1.50   3.30 |  -0.00  -0.00   0.36
 61 -1.00  1.0  0.0000       0.453  6.5E-10   0.11 |   0.00  -0.00  -1.50   3.30 |   0.00  -0.00  -0.36
 67 -1.00  1.0  0.0000       2.139  1.4E-07   0.00 |   0.48  -0.48   0.60   2.25 |   0.48  -0.48   0.50
 79 -1.00 -1.0  0.0000       2.139  1.4E-07   0.00 |  -0.48  -0.48  -0.60   2.25 |  -0.48  -0.48  -0.50
 48  1.00  1.0  0.0000       2.361  3.9E-07   0.00 |   0.12   0.13   0.49   2.11 |   0.12   0.12  -0.50
 56 -1.00 -1.0  0.0000       2.361  3.9E-07   0.00 |  -0.12   0.13  -0.49   2.11 |  -0.12   0.12   0.50
 62 -1.00  1.0  0.0000       2.400  1.6E-05   0.02 |   0.01  -0.01   2.39   3.44 |   0.01  -0.02   0.45
 74 -1.00 -1.0  0.0000       2.400  1.6E-05   0.02 |  -0.01  -0.01  -2.39   3.44 |  -0.01  -0.02  -0.45
 75 -1.00 -1.0  0.0000       2.478  1.7E-05   0.01 |   0.25   0.26  -0.51   1.88 |   0.44   0.43  -0.37
 63 -1.00  1.0  0.0000       2.478  1.7E-05   0.01 |  -0.25   0.26   0.51   1.88 |  -0.44   0.43   0.37
 68 -1.00  1.0  0.0000       2.662  3.2E-06   0.00 |   0.52   0.78  -0.76   2.16 |   0.46   0.48  -0.48
 80 -1.00 -1.0  0.0000       2.662  3.2E-06   0.00 |  -0.52   0.78   0.76   2.16 |  -0.46   0.48   0.48
 64 -1.00  1.0  0.0000       2.663  2.4E-06   0.00 |  -0.89  -0.42  -0.24   2.09 |  -0.49  -0.45  -0.46
 76 -1.00 -1.0  0.0000       2.663  2.4E-06   0.00 |   0.89  -0.42   0.24   2.09 |   0.49  -0.45   0.46
 78 -1.00 -1.0  0.0000       3.762  1.3E-09   0.00 |   0.63   0.63  -0.50   2.36 |   0.44   0.44  -0.37
 66 -1.00  1.0  0.0000       3.762  1.3E-09   0.00 |  -0.63   0.63   0.50   2.36 |  -0.44   0.44   0.37
 58 -1.00  1.0  0.0000       4.669  1.1E-07   0.00 |  -0.00   0.00  -3.21   3.60 |  -0.00   0.00  -0.50
 70 -1.00 -1.0  0.0000       4.669  1.1E-07   0.00 |   0.00   0.00   3.21   3.60 |   0.00   0.00   0.50
----------------------------------------------------------------------------------------------------------
--------------------- Canonical    basis-------------------------------------------------------------------
__________________________________________________________________________________________________________
   Neutron wavefunctions
  i     P   Rz   occ          E       d2h    Delta |   JxT    JyT    Jz      J   |   SxT    SyT    Sz
----------------------------------------------------------------------------------------------------------
  9  1.00 -1.0  1.0000     -38.084  0.0E+00   0.00 |   0.50   0.50  -0.50   0.52 |   0.50   0.50  -0.50
  1  1.00  1.0  1.0000 *   -38.084  0.0E+00   0.00 |  -0.50   0.50   0.50   0.52 |  -0.50   0.50   0.50
 17 -1.00  1.0  1.0000     -27.095  0.0E+00   0.00 |  -0.84   0.84   0.50   1.44 |  -0.46   0.46   0.43
 29 -1.00 -1.0  1.0000     -27.095  0.0E+00   0.00 |   0.84   0.84  -0.50   1.44 |   0.46   0.46  -0.43
 19 -1.00  1.0  1.0000     -24.087  0.0E+00   0.00 |   0.00   0.00  -1.50   1.52 |   0.00   0.00  -0.50
 31 -1.00 -1.0  1.0000     -24.087  0.0E+00   0.00 |  -0.00   0.00   1.50   1.52 |  -0.00   0.00   0.50
 25 -1.00  1.0  1.0000     -19.598  0.0E+00   0.00 |   0.34  -0.34   0.50   0.68 |  -0.04   0.04  -0.43
 37 -1.00 -1.0  1.0000     -19.598  0.0E+00   0.00 |  -0.34  -0.34  -0.50   0.68 |   0.04   0.04   0.43
  2  1.00  1.0  1.0000     -15.687  0.0E+00   0.00 |  -1.28   1.28   0.50   2.27 |  -0.40   0.40   0.29
 10  1.00 -1.0  1.0000     -15.687  0.0E+00   0.00 |   1.28   1.28  -0.50   2.27 |   0.40   0.40  -0.29
  3  1.00  1.0  1.0000     -13.777  0.0E+00   0.00 |   0.00  -0.00  -1.50   2.49 |   0.00  -0.00  -0.43
 11  1.00 -1.0  1.0000     -13.777  0.0E+00   0.00 |  -0.00  -0.00   1.50   2.49 |  -0.00  -0.00   0.43
  4  1.00  1.0  0.5000     -11.112  0.0E+00   0.00 |  -0.00   0.00   2.50   2.52 |   0.00  -0.00   0.50
 12  1.00 -1.0  0.5000     -11.112  0.0E+00   0.00 |   0.00   0.00  -2.50   2.52 |  -0.00  -0.00  -0.50
  5  1.00  1.0  0.0000      -9.251  0.0E+00   0.00 |  -0.47   0.47   0.50   1.25 |  -0.34   0.34   0.18
 13  1.00 -1.0  0.0000      -9.251  0.0E+00   0.00 |   0.47   0.47  -0.50   1.25 |   0.34   0.34  -0.18
 14  1.00 -1.0  0.0000      -6.322  0.0E+00   0.00 |  -0.75  -0.75  -0.50   1.40 |   0.27   0.27  -0.03
  6  1.00  1.0  0.0000      -6.322  0.0E+00   0.00 |   0.75  -0.75   0.50   1.40 |  -0.27   0.27   0.03
 28 -1.00  1.0  0.0000      -4.459  0.0E+00   0.00 |  -1.60   1.60   0.50   2.95 |  -0.37   0.37   0.24
 40  1.00 -1.0  0.0000      -4.459  0.0E+00   0.00 |   1.60   1.60  -0.50   2.95 |   0.37   0.37  -0.24
 15  1.00 -1.0  0.0000      -3.667  0.0E+00   0.00 |   0.00   0.00   1.50   1.57 |   0.00   0.00  -0.43
  7  1.00  1.0  0.0000      -3.667  0.0E+00   0.00 |  -0.00   0.00  -1.50   1.57 |  -0.00   0.00   0.43
 21 -1.00  1.0  0.0000      -2.906  0.0E+00   0.00 |   0.00  -0.00  -1.50   3.31 |   0.00  -0.00  -0.36
 33 -1.00 -1.0  0.0000      -2.906  0.0E+00   0.00 |  -0.00  -0.00   1.50   3.31 |  -0.00  -0.00   0.36
 34 -1.00 -1.0  0.0000      -0.830  0.0E+00   0.00 |   0.00   0.00  -2.50   3.50 |  -0.00  -0.00  -0.45
 22 -1.00  1.0  0.0000      -0.830  0.0E+00   0.00 |  -0.00   0.00   2.50   3.50 |   0.00  -0.00   0.45
 23 -1.00  1.0  0.0000      -0.233  0.0E+00   0.00 |  -0.67   0.67   0.50   2.01 |  -0.40   0.40   0.31
 35 -1.00 -1.0  0.0000      -0.233  0.0E+00   0.00 |   0.67   0.67  -0.50   2.01 |   0.40   0.40  -0.31
 32 -1.00 -1.0  0.0000       0.888  0.0E+00   0.00 |  -0.37   0.42   1.24   1.97 |  -0.33   0.33   0.49
 20 -1.00  1.0  0.0000       0.888  0.0E+00   0.00 |   0.37   0.42  -1.24   1.97 |   0.33   0.33  -0.49
 36 -1.00 -1.0  0.0000       0.912  0.0E+00   0.00 |   0.53  -0.27  -0.23   1.67 |   0.34  -0.32   0.48
 24 -1.00  1.0  0.0000       0.912  0.0E+00   0.00 |  -0.53  -0.27   0.23   1.67 |  -0.34  -0.32  -0.48
 27 -1.00  1.0  0.0000       1.040  0.0E+00   0.00 |   0.50  -0.49   0.49   2.22 |   0.50  -0.50   0.50
 39 -1.00 -1.0  0.0000       1.040  0.0E+00   0.00 |  -0.50  -0.49  -0.49   2.22 |  -0.50  -0.50  -0.50
  8  1.00  1.0  0.0000       1.043  0.0E+00   0.00 |   0.14   0.17   0.47   2.05 |   0.14   0.14  -0.50
 16 -1.00 -1.0  0.0000       1.043  0.0E+00   0.00 |  -0.14   0.17  -0.47   2.05 |  -0.14   0.14   0.50
 30 -1.00 -1.0  0.0000       1.605  0.0E+00   0.00 |   0.49   0.49  -0.47   2.17 |   0.48   0.48  -0.46
 18 -1.00  1.0  0.0000       1.605  0.0E+00   0.00 |  -0.49   0.49   0.47   2.17 |  -0.48   0.48   0.46
 26 -1.00  1.0  0.0000       1.722  0.0E+00   0.00 |  -0.00   0.00  -3.44   3.50 |  -0.00   0.00  -0.49
 38 -1.00 -1.0  0.0000       1.722  0.0E+00   0.00 |   0.00   0.00   3.44   3.50 |   0.00   0.00   0.49
__________________________________________________________________________________________________________
   Proton  wavefunctions
  i     P   Rz   occ          E       d2h    Delta |   JxT    JyT    Jz      J   |   SxT    SyT    Sz
----------------------------------------------------------------------------------------------------------
 49  1.00 -1.0  1.0000     -34.316  0.0E+00   0.00 |   0.50   0.50  -0.50   0.52 |   0.50   0.50  -0.50
 41  1.00  1.0  1.0000     -34.316  0.0E+00  -0.00 |  -0.50   0.50   0.50   0.52 |  -0.50   0.50   0.50
 57 -1.00  1.0  1.0000     -23.439  0.0E+00  -0.00 |  -0.85   0.85   0.50   1.44 |  -0.46   0.46   0.42
 69 -1.00 -1.0  1.0000     -23.439  0.0E+00   0.00 |   0.85   0.85  -0.50   1.44 |   0.46   0.46  -0.42
 59 -1.00  1.0  1.0000     -20.861  0.0E+00  -0.02 |   0.00  -0.00  -1.50   1.52 |   0.00   0.00  -0.50
 71 -1.00 -1.0  1.0000     -20.861  0.0E+00   0.02 |  -0.00  -0.00   1.50   1.52 |  -0.00   0.00   0.50
 65 -1.00  1.0  0.9948     -16.372  0.0E+00  -1.04 |   0.35  -0.35   0.50   0.67 |  -0.04   0.04  -0.42
 77 -1.00 -1.0  0.9948     -16.372  0.0E+00   1.04 |  -0.35  -0.35  -0.50   0.67 |   0.04   0.04   0.42
 50  1.00 -1.0  0.9625     -12.115  0.0E+00   1.19 |   1.30   1.30  -0.50   2.29 |   0.39   0.39  -0.28
 42  1.00  1.0  0.9625     -12.115  0.0E+00  -1.19 |  -1.30   1.30   0.50   2.29 |  -0.39   0.39   0.28
 51  1.00 -1.0  0.8393     -10.456  0.0E+00   1.35 |  -0.00  -0.00   1.50   2.49 |  -0.00  -0.00   0.43
 43  1.00  1.0  0.8393     -10.456  0.0E+00  -1.35 |   0.00  -0.00  -1.50   2.49 |   0.00  -0.00  -0.43
 52  1.00 -1.0  0.1721      -8.027  0.0E+00   1.36 |   0.00   0.00  -2.50   2.52 |  -0.00  -0.00  -0.50
 44  1.00  1.0  0.1721      -8.027  0.0E+00  -1.36 |  -0.00   0.00   2.50   2.52 |   0.00  -0.00   0.50
 45  1.00  1.0  0.0224      -5.772  0.0E+00  -1.06 |  -0.43   0.43   0.50   1.21 |  -0.34   0.34   0.18
 53  1.00 -1.0  0.0224      -5.772  0.0E+00   1.06 |   0.43   0.43  -0.50   1.21 |   0.34   0.34  -0.18
 54  1.00 -1.0  0.0079      -3.087  0.0E+00   1.09 |  -0.73  -0.73  -0.50   1.39 |   0.27   0.27  -0.04
 46  1.00  1.0  0.0079      -3.087  0.0E+00  -1.09 |   0.73  -0.73   0.50   1.39 |  -0.27   0.27   0.04
 80 -1.00 -1.0  0.0005      -0.944  0.0E+00   0.38 |   1.62   1.62  -0.50   2.98 |   0.37   0.37  -0.23
 68 -1.00  1.0  0.0005      -0.944  0.0E+00  -0.38 |  -1.62   1.62   0.50   2.98 |  -0.37   0.37   0.23
 55  1.00 -1.0  0.0005      -0.685  0.0E+00   0.37 |   0.00   0.00   1.50   1.57 |   0.00   0.00  -0.43
 47  1.00  1.0  0.0005      -0.685  0.0E+00  -0.37 |  -0.00   0.00  -1.50   1.57 |  -0.00   0.00   0.43
 73 -1.00 -1.0  0.0000       0.453  0.0E+00   0.11 |  -0.00  -0.00   1.50   3.30 |  -0.00  -0.00   0.36
 61 -1.00  1.0  0.0000       0.453  0.0E+00  -0.11 |   0.00  -0.00  -1.50   3.30 |   0.00  -0.00  -0.36
 67 -1.00  1.0  0.0000       2.139  0.0E+00  -0.00 |   0.48  -0.48   0.60   2.25 |   0.48  -0.48   0.50
 79 -1.00 -1.0  0.0000       2.139  0.0E+00   0.00 |  -0.48  -0.48  -0.60   2.25 |  -0.48  -0.48  -0.50
 48  1.00  1.0  0.0000       2.361  0.0E+00  -0.00 |   0.12   0.13   0.49   2.11 |   0.12   0.12  -0.50
 56 -1.00 -1.0  0.0000       2.361  0.0E+00   0.00 |  -0.12   0.13  -0.49   2.11 |  -0.12   0.12   0.50
 62 -1.00  1.0  0.0000       2.400  0.0E+00  -0.02 |   0.01  -0.01   2.39   3.44 |   0.01  -0.02   0.45
 74 -1.00 -1.0  0.0000       2.400  0.0E+00   0.02 |  -0.01  -0.01  -2.39   3.44 |  -0.01  -0.02  -0.45
 75 -1.00 -1.0  0.0000       2.478  0.0E+00   0.00 |   0.25   0.26  -0.51   1.88 |   0.44   0.43  -0.37
 63 -1.00  1.0  0.0000       2.478  0.0E+00  -0.00 |  -0.25   0.26   0.51   1.88 |  -0.44   0.43   0.37
 60 -1.00  1.0  0.0000       2.662  0.0E+00  -0.00 |   0.52   0.78  -0.76   2.15 |   0.46   0.48  -0.48
 72 -1.00 -1.0  0.0000       2.662  0.0E+00   0.00 |  -0.52   0.78   0.76   2.15 |  -0.46   0.48   0.48
 64 -1.00  1.0  0.0000       2.663  0.0E+00  -0.00 |  -0.89  -0.42  -0.24   2.09 |  -0.49  -0.45  -0.46
 76 -1.00 -1.0  0.0000       2.663  0.0E+00   0.00 |   0.89  -0.42   0.24   2.09 |   0.49  -0.45   0.46
 78 -1.00 -1.0  0.0000       3.762  0.0E+00   0.00 |   0.63   0.63  -0.50   2.36 |   0.44   0.44  -0.37
 66 -1.00  1.0  0.0000       3.762  0.0E+00  -0.00 |  -0.63   0.63   0.50   2.36 |  -0.44   0.44   0.37
 58 -1.00  1.0  0.0000       4.669  0.0E+00  -0.00 |  -0.00   0.00  -3.21   3.60 |  -0.00   0.00  -0.50
 70 -1.00 -1.0  0.0000       4.669  0.0E+00   0.00 |   0.00   0.00   3.21   3.60 |   0.00   0.00   0.50
----------------------------------------------------------------------------------------------------------
---------------------------------Quasiparticles---------------------------------
Block 1:  P=+1  neutrons
  N      Eqp       f_n      |   U   V  |   B  P  ov_TR |    JxT    JyT    Jz
________________________________________________________________________________
  1    -27.13      0.00E+00 |    1   0 |   -  -  0.000 |    0.00   0.00   0.50
  2    -11.99      0.00E+00 |    0  16 |   -  -  0.000 |    0.00   0.00   0.47
  3     -7.29      0.00E+00 |    0  15 |   -  -  0.000 |    0.00   0.00  -1.50
  4     -4.74      0.00E+00 |    2   0 |   -  -  0.000 |    0.00   0.00   0.50
  5     -4.63      0.00E+00 |    0  14 |   -  -  0.000 |    0.00   0.00   0.50
  6     -2.83      0.00E+00 |    3   0 |   -  -  0.000 |    0.00   0.00  -1.50
  7     -1.70      0.00E+00 |    0  13 |   -  -  0.000 |    0.00   0.00   0.50
  8     -0.16      5.00E-01 |    4   0 |   -  -  0.000 |    0.00   0.00   2.50
  9    -27.13      0.00E+00 |    9   0 |   -  -  0.000 |    0.00   0.00  -0.50
 10    -11.99      0.00E+00 |    0   8 |   -  -  0.000 |    0.00   0.00  -0.47
 11     -7.29      0.00E+00 |    0   7 |   -  -  0.000 |    0.00   0.00   1.50
 12     -4.74      0.00E+00 |   10   0 |   -  -  0.000 |    0.00   0.00  -0.50
 13     -4.63      0.00E+00 |    0   6 |   -  -  0.000 |    0.00   0.00  -0.50
 14     -2.83      0.00E+00 |   11   0 |   -  -  0.000 |    0.00   0.00   1.50
 15     -1.70      0.00E+00 |    0   5 |   -  -  0.000 |    0.00   0.00  -0.50
 16     -0.16      5.00E-01 |   12   0 |   -  -  0.000 |    0.00   0.00  -2.50
 17      0.16      5.00E-01 |    0  12 |   B  -  1.000 |    0.00   0.00   2.50
 18      1.70      1.00E+00 |    5   0 |   -  -  0.000 |    0.00   0.00   0.50
 19      2.83      1.00E+00 |    0  11 |   -  -  0.000 |    0.00   0.00  -1.50
 20      4.63      1.00E+00 |    6   0 |   -  -  0.000 |    0.00   0.00   0.50
 21      4.74      1.00E+00 |    0  10 |   -  -  0.000 |    0.00   0.00   0.50
 22      7.29      1.00E+00 |    7   0 |   -  -  0.000 |    0.00   0.00  -1.50
 23     11.99      1.00E+00 |    8   0 |   -  -  0.000 |    0.00   0.00   0.47
 24     27.13      1.00E+00 |    0   9 |   -  -  0.000 |    0.00   0.00   0.50
 25      0.16      5.00E-01 |    0   4 |   B  -  0.000 |    0.00   0.00  -2.50
 26      1.70      1.00E+00 |   13   0 |   -  -  0.000 |    0.00   0.00  -0.50
 27      2.83      1.00E+00 |    0   3 |   -  -  0.000 |    0.00   0.00   1.50
 28      4.63      1.00E+00 |   14   0 |   -  -  0.000 |    0.00   0.00  -0.50
 29      4.74      1.00E+00 |    0   2 |   -  -  0.000 |    0.00   0.00  -0.50
 30      7.29      1.00E+00 |   15   0 |   -  -  0.000 |    0.00   0.00   1.50
 31     11.99      1.00E+00 |   16   0 |   -  -  0.000 |    0.00   0.00  -0.47
 32     27.13      1.00E+00 |    0   1 |   -  -  0.000 |    0.00   0.00  -0.50

Block 3:  P=-1  neutrons
  N      Eqp       f_n      |   U   V  |   B  P  ov_TR |    JxT    JyT    Jz
________________________________________________________________________________
  1    -16.14      0.00E+00 |   17   0 |   -  -  0.000 |    0.00   0.00   0.50
  2    -13.13      0.00E+00 |   19   0 |   -  -  0.000 |    0.00   0.00  -1.50
  3    -12.67      0.00E+00 |    0  38 |   -  -  0.000 |    0.00   0.00  -3.44
  4    -12.56      0.00E+00 |    0  30 |   -  -  0.000 |    0.00   0.00   0.47
  5    -11.99      0.00E+00 |    0  39 |   -  -  0.000 |    0.00   0.00   0.49
  6    -11.86      0.00E+00 |    0  36 |   -  -  0.000 |    0.00   0.00   0.23
  7    -11.84      0.00E+00 |    0  40 |   -  -  0.000 |    0.00   0.00  -1.24
  8    -10.72      0.00E+00 |    0  35 |   -  -  0.000 |    0.00   0.00   0.50
  9    -10.12      0.00E+00 |    0  34 |   -  -  0.000 |    0.00   0.00   2.50
 10     -8.65      0.00E+00 |   25   0 |   -  -  0.000 |    0.00   0.00   0.50
 11     -8.05      0.00E+00 |    0  33 |   -  -  0.000 |    0.00   0.00  -1.50
 12     -6.49      0.00E+00 |    0  32 |   -  -  0.000 |    0.00   0.00   0.50
 13    -16.14      0.00E+00 |   29   0 |   -  -  0.000 |    0.00   0.00  -0.50
 14    -13.13      0.00E+00 |   31   0 |   -  -  0.000 |    0.00   0.00   1.50
 15    -12.67      0.00E+00 |    0  26 |   -  -  0.000 |    0.00   0.00   3.44
 16    -12.56      0.00E+00 |    0  18 |   -  -  0.000 |    0.00   0.00  -0.47
 17    -11.99      0.00E+00 |    0  27 |   -  -  0.000 |    0.00   0.00  -0.49
 18    -11.86      0.00E+00 |    0  24 |   -  -  0.000 |    0.00   0.00  -0.23
 19    -11.84      0.00E+00 |    0  28 |   -  -  0.000 |    0.00   0.00   1.24
 20    -10.72      0.00E+00 |    0  23 |   -  -  0.000 |    0.00   0.00  -0.50
 21    -10.12      0.00E+00 |    0  22 |   -  -  0.000 |    0.00   0.00  -2.50
 22     -8.65      0.00E+00 |   37   0 |   -  -  0.000 |    0.00   0.00  -0.50
 23     -8.05      0.00E+00 |    0  21 |   -  -  0.000 |    0.00   0.00   1.50
 24     -6.49      0.00E+00 |    0  20 |   -  -  0.000 |    0.00   0.00  -0.50
 25      6.49      1.00E+00 |   20   0 |   -  -  0.000 |    0.00   0.00   0.50
 26      8.05      1.00E+00 |   21   0 |   -  -  0.000 |    0.00   0.00  -1.50
 27      8.65      1.00E+00 |    0  37 |   -  -  0.000 |    0.00   0.00   0.50
 28     10.12      1.00E+00 |   22   0 |   -  -  0.000 |    0.00   0.00   2.50
 29     10.72      1.00E+00 |   23   0 |   -  -  0.000 |    0.00   0.00   0.50
 30     11.84      1.00E+00 |   28   0 |   -  -  0.000 |    0.00   0.00  -1.24
 31     11.86      1.00E+00 |   24   0 |   -  -  0.000 |    0.00   0.00   0.23
 32     11.99      1.00E+00 |   27   0 |   -  -  0.000 |    0.00   0.00   0.49
 33     12.56      1.00E+00 |   18   0 |   -  -  0.000 |    0.00   0.00   0.47
 34     12.67      1.00E+00 |   26   0 |   -  -  0.000 |    0.00   0.00  -3.44
 35     13.13      1.00E+00 |    0  31 |   -  -  0.000 |    0.00   0.00  -1.50
 36     16.14      1.00E+00 |    0  29 |   -  -  0.000 |    0.00   0.00   0.50
 37      6.49      1.00E+00 |   32   0 |   -  -  0.000 |    0.00   0.00  -0.50
 38      8.05      1.00E+00 |   33   0 |   -  -  0.000 |    0.00   0.00   1.50
 39      8.65      1.00E+00 |    0  25 |   -  -  0.000 |    0.00   0.00  -0.50
 40     10.12      1.00E+00 |   34   0 |   -  -  0.000 |    0.00   0.00  -2.50
 41     10.72      1.00E+00 |   35   0 |   -  -  0.000 |    0.00   0.00  -0.50
 42     11.84      1.00E+00 |   40   0 |   -  -  0.000 |    0.00   0.00   1.24
 43     11.86      1.00E+00 |   36   0 |   -  -  0.000 |    0.00   0.00  -0.23
 44     11.99      1.00E+00 |   39   0 |   -  -  0.000 |    0.00   0.00  -0.49
 45     12.56      1.00E+00 |   30   0 |   -  -  0.000 |    0.00   0.00  -0.47
 46     12.67      1.00E+00 |   38   0 |   -  -  0.000 |    0.00   0.00   3.44
 47     13.13      1.00E+00 |    0  19 |   -  -  0.000 |    0.00   0.00   1.50
 48     16.14      1.00E+00 |    0  17 |   -  -  0.000 |    0.00   0.00  -0.50

Block 5:  P=+1   protons
  N      Eqp       f_n      |   U   V  |   B  P  ov_TR |    JxT    JyT    Jz
________________________________________________________________________________
  1    -25.10      0.00E+00 |   41   0 |   -  -  0.000 |    0.00   0.00   0.50
  2    -11.57      0.00E+00 |    0  56 |   -  -  0.000 |    0.00   0.00   0.49
  3     -8.54      0.00E+00 |    0  55 |   -  -  0.000 |    0.00   0.00  -1.50
  4     -6.22      0.00E+00 |    0  54 |   -  -  0.000 |    0.00   0.00   0.50
  5     -3.63      0.00E+00 |   42  53 |   -  -  0.000 |    0.00   0.00   0.50
  6     -3.11      0.00E+00 |   42  53 |   -  -  0.000 |    0.00   0.00   0.50
  7     -1.83      0.00E+00 |   43  51 |   -  -  0.000 |    0.00   0.00  -1.50
  8     -1.81      0.00E+00 |   44  52 |   -  -  0.000 |    0.00   0.00   2.50
  9    -25.10      0.00E+00 |   49   0 |   -  -  0.000 |    0.00   0.00  -0.50
 10    -11.57      0.00E+00 |    0  48 |   -  -  0.000 |    0.00   0.00  -0.49
 11     -8.54      0.00E+00 |    0  47 |   -  -  0.000 |    0.00   0.00   1.50
 12     -6.22      0.00E+00 |    0  46 |   -  -  0.000 |    0.00   0.00  -0.50
 13     -3.63      0.00E+00 |   50  45 |   -  -  0.000 |    0.00   0.00  -0.50
 14     -3.11      0.00E+00 |   50  45 |   -  -  0.000 |    0.00   0.00  -0.50
 15     -1.83      0.00E+00 |   51  43 |   -  -  0.000 |    0.00   0.00   1.50
 16     -1.81      0.00E+00 |   52  44 |   -  -  0.000 |    0.00   0.00  -2.50
 17      1.81      1.00E+00 |   44  52 |   -  -  0.000 |    0.00   0.00   2.50
 18      1.83      1.00E+00 |   43  51 |   -  -  0.000 |    0.00   0.00  -1.50
 19      3.11      1.00E+00 |   45  50 |   -  -  0.000 |    0.00   0.00   0.50
 20      3.63      1.00E+00 |   45  50 |   -  -  0.000 |    0.00   0.00   0.50
 21      6.22      1.00E+00 |   46   0 |   -  -  0.000 |    0.00   0.00   0.50
 22      8.54      1.00E+00 |   47   0 |   -  -  0.000 |    0.00   0.00  -1.50
 23     11.57      1.00E+00 |   48   0 |   -  -  0.000 |    0.00   0.00   0.49
 24     25.10      1.00E+00 |    0  49 |   -  -  0.000 |    0.00   0.00   0.50
 25      1.81      1.00E+00 |   52  44 |   -  -  0.000 |    0.00   0.00  -2.50
 26      1.83      1.00E+00 |   51  43 |   -  -  0.000 |    0.00   0.00   1.50
 27      3.11      1.00E+00 |   53  42 |   -  -  0.000 |    0.00   0.00  -0.50
 28      3.63      1.00E+00 |   53  42 |   -  -  0.000 |    0.00   0.00  -0.50
 29      6.22      1.00E+00 |   54   0 |   -  -  0.000 |    0.00   0.00  -0.50
 30      8.54      1.00E+00 |   55   0 |   -  -  0.000 |    0.00   0.00   1.50
 31     11.57      1.00E+00 |   56   0 |   -  -  0.000 |    0.00   0.00  -0.49
 32     25.10      1.00E+00 |    0  41 |   -  -  0.000 |    0.00   0.00  -0.50

Block 7:  P=-1   protons
  N      Eqp       f_n      |   U   V  |   B  P  ov_TR |    JxT    JyT    Jz
________________________________________________________________________________
  1    -14.23      0.00E+00 |   57   0 |   -  -  0.000 |    0.00   0.00   0.50
  2    -13.88      0.00E+00 |    0  70 |   -  -  0.000 |    0.00   0.00  -3.21
  3    -12.98      0.00E+00 |    0  78 |   -  -  0.000 |    0.00   0.00   0.50
  4    -11.88      0.00E+00 |    0  76 |   -  -  0.000 |    0.00   0.00  -0.24
  5    -11.87      0.00E+00 |    0  80 |   -  -  0.000 |    0.00   0.00  -0.76
  6    -11.69      0.00E+00 |    0  75 |   -  -  0.000 |    0.00   0.00   0.51
  7    -11.65      0.00E+00 |   59   0 |   -  -  0.000 |    0.00   0.00  -1.50
  8    -11.61      0.00E+00 |    0  74 |   -  -  0.000 |    0.00   0.00   2.39
  9    -11.35      0.00E+00 |    0  79 |   -  -  0.000 |    0.00   0.00   0.60
 10     -9.67      0.00E+00 |    0  73 |   -  -  0.000 |    0.00   0.00  -1.50
 11     -8.28      0.00E+00 |    0  72 |   -  -  0.000 |    0.00   0.00   0.50
 12     -7.23      0.00E+00 |   65   0 |   -  -  0.000 |    0.00   0.00   0.50
 13    -14.23      0.00E+00 |   69   0 |   -  -  0.000 |    0.00   0.00  -0.50
 14    -13.88      0.00E+00 |    0  58 |   -  -  0.000 |    0.00   0.00   3.21
 15    -12.98      0.00E+00 |    0  66 |   -  -  0.000 |    0.00   0.00  -0.50
 16    -11.88      0.00E+00 |    0  64 |   -  -  0.000 |    0.00   0.00   0.24
 17    -11.87      0.00E+00 |    0  68 |   -  -  0.000 |    0.00   0.00   0.76
 18    -11.69      0.00E+00 |    0  63 |   -  -  0.000 |    0.00   0.00  -0.51
 19    -11.65      0.00E+00 |   71   0 |   -  -  0.000 |    0.00   0.00   1.50
 20    -11.61      0.00E+00 |    0  62 |   -  -  0.000 |    0.00   0.00  -2.39
 21    -11.35      0.00E+00 |    0  67 |   -  -  0.000 |    0.00   0.00  -0.60
 22     -9.67      0.00E+00 |    0  61 |   -  -  0.000 |    0.00   0.00   1.50
 23     -8.28      0.00E+00 |    0  60 |   -  -  0.000 |    0.00   0.00  -0.50
 24     -7.23      0.00E+00 |   77   0 |   -  -  0.000 |    0.00   0.00  -0.50
 25      7.23      1.00E+00 |    0  77 |   -  -  0.000 |    0.00   0.00   0.50
 26      8.28      1.00E+00 |   60   0 |   -  -  0.000 |    0.00   0.00   0.50
 27      9.67      1.00E+00 |   61   0 |   -  -  0.000 |    0.00   0.00  -1.50
 28     11.35      1.00E+00 |   67   0 |   -  -  0.000 |    0.00   0.00   0.60
 29     11.61      1.00E+00 |   62   0 |   -  -  0.000 |    0.00   0.00   2.39
 30     11.65      1.00E+00 |    0  71 |   -  -  0.000 |    0.00   0.00  -1.50
 31     11.69      1.00E+00 |   63   0 |   -  -  0.000 |    0.00   0.00   0.51
 32     11.87      1.00E+00 |   68   0 |   -  -  0.000 |    0.00   0.00  -0.76
 33     11.88      1.00E+00 |   64   0 |   -  -  0.000 |    0.00   0.00  -0.24
 34     12.98      1.00E+00 |   66   0 |   -  -  0.000 |    0.00   0.00   0.50
 35     13.88      1.00E+00 |   58   0 |   -  -  0.000 |    0.00   0.00  -3.21
 36     14.23      1.00E+00 |    0  69 |   -  -  0.000 |    0.00   0.00   0.50
 37      7.23      1.00E+00 |    0  65 |   -  -  0.000 |    0.00   0.00  -0.50
 38      8.28      1.00E+00 |   72   0 |   -  -  0.000 |    0.00   0.00  -0.50
 39      9.67      1.00E+00 |   73   0 |   -  -  0.000 |    0.00   0.00   1.50
 40     11.35      1.00E+00 |   79   0 |   -  -  0.000 |    0.00   0.00  -0.60
 41     11.61      1.00E+00 |   74   0 |   -  -  0.000 |    0.00   0.00  -2.39
 42     11.65      1.00E+00 |    0  59 |   -  -  0.000 |    0.00   0.00   1.50
 43     11.69      1.00E+00 |   75   0 |   -  -  0.000 |    0.00   0.00  -0.51
 44     11.87      1.00E+00 |   80   0 |   -  -  0.000 |    0.00   0.00   0.76
 45     11.88      1.00E+00 |   76   0 |   -  -  0.000 |    0.00   0.00   0.24
 46     12.98      1.00E+00 |   78   0 |   -  -  0.000 |    0.00   0.00  -0.50
 47     13.88      1.00E+00 |   70   0 |   -  -  0.000 |    0.00   0.00   3.21
 48     14.23      1.00E+00 |    0  57 |   -  -  0.000 |    0.00   0.00  -0.50

--------------------------------------------------------------------------------
------------------------ Electric Multipole Moments -------------------------
Quantisation Axis             : Z
  With secondary axis ordering: X,Y
______________________________________________________________________________
                   Neutrons        Protons          Charge         Total
______________________________________________________________________________
 Particles           13.0000         12.0000         12.0000         25.0000

Re  Q_{ 2 0}         12.7123         12.6239         12.6239         25.3362
Re  Q_{ 2 2}          0.0007          0.0005          0.0005          0.0012

Re  Q_{ 4 0}         28.8016         30.6001         31.4922         59.4017
Re  Q_{ 4 2}          0.0045          0.0045          0.0045          0.0091
Re  Q_{ 4 4}         -0.3684         -0.3183          0.2151         -0.6867

Re  Q_{ 6 0}         33.6165         42.5433         70.4368         76.1598
Re  Q_{ 6 2}          0.0197          0.0337          0.0338          0.0534
Re  Q_{ 6 4}          1.0242          1.1389          9.0462          2.1631
Re  Q_{ 6 6}          0.0003          0.0064          0.0066          0.0066

Re  Q_{ 8 0}        -80.9552         13.0881        291.4295        -67.8671
Re  Q_{ 8 2}          0.0542        -23.5934        -21.0247        -23.5392
Re  Q_{ 8 4}         58.6319         39.9565        112.6880         98.5884
Re  Q_{ 8 6}         -0.0042         -6.8014         -7.0370         -6.8056
Re  Q_{ 8 8}         38.6702         39.1166         40.0745         77.7869

Re  Q_{10 0}      -1147.4051      11793.0505      12351.2572      10645.6454
Re  Q_{10 2}         -0.0799        337.6208        331.2917        337.5409
Re  Q_{10 4}      -1427.3094       1808.2976       2825.9682        380.9882
Re  Q_{10 6}         -0.0630      -2279.2125      -2299.3069      -2279.2755
Re  Q_{10 8}      -2462.7553      -3229.4905      -2907.8271      -5692.2457
Re  Q_{1010}          0.1080       -203.6175       -185.2815       -203.5096

 RMS radius           2.9887          2.9786          3.0250          2.9839
 Fourth mom.          3.2904          3.2824          3.3412          3.2865
______________________________________________________________________________
                   Neutrons        Protons          Charge         Total
______________________________________________________________________________

Beta_{ 2 0}       0.17300169      0.17179852      0.17179844      0.34480020
Beta_{ 2 2}       0.00000932      0.00000726      0.00000726      0.00001657

Beta_{ 4 0}       0.03183609      0.03382417      0.03481017      0.06566025
Beta_{ 4 2}       0.00000501      0.00000500      0.00000496      0.00001001
Beta_{ 4 4}      -0.00040723     -0.00035181      0.00023782     -0.00075904

Beta_{ 6 0}       0.00301810      0.00381955      0.00632383      0.00683765
Beta_{ 6 2}       0.00000177      0.00000303      0.00000303      0.00000480
Beta_{ 6 4}       0.00009195      0.00010225      0.00081217      0.00019420
Beta_{ 6 6}       0.00000002      0.00000057      0.00000059      0.00000059

Beta_{ 8 0}      -0.00059034      0.00009544      0.00212516     -0.00049490
Beta_{ 8 2}       0.00000040     -0.00017205     -0.00015332     -0.00017165
Beta_{ 8 4}       0.00042756      0.00029137      0.00082174      0.00071893
Beta_{ 8 6}      -0.00000003     -0.00004960     -0.00005131     -0.00004963
Beta_{ 8 8}       0.00028199      0.00028525      0.00029223      0.00056724

Beta_{10 0}      -0.00067960      0.00698493      0.00731555      0.00630533
Beta_{10 2}      -0.00000005      0.00019997      0.00019622      0.00019992
Beta_{10 4}      -0.00084538      0.00107104      0.00167380      0.00022566
Beta_{10 6}      -0.00000004     -0.00134996     -0.00136186     -0.00135000
Beta_{10 8}      -0.00145867     -0.00191280     -0.00172228     -0.00337147
Beta_{1010}       0.00000006     -0.00012060     -0.00010974     -0.00012054


______________________________________________________________________________
                   Neutrons        Protons          Charge         Total
______________________________________________________________________________
Q_{ 2}               12.7123         12.6239         12.6239         25.3362
Q_{ 4}               28.8063         30.6035         31.4936         59.4096
Q_{ 6}               33.6477         42.5738         71.5892         76.2213
Q_{ 8}              128.1402         87.3520        338.4130        193.2555
Q_{10}             4185.8440      13310.7345      14010.6551      13752.2467
______________________________________________________________________________
                   Neutrons        Protons          Charge         Total
______________________________________________________________________________
Beta_{   2}       0.17300169      0.17179852      0.17179844      0.34480020
Beta_{   4}       0.03184130      0.03382783      0.03481180      0.06566903
Beta_{   6}       0.00302090      0.00382229      0.00642730      0.00684317
Beta_{   8}       0.00093442      0.00063699      0.00246778      0.00140926
Beta_{  10}       0.00247924      0.00788385      0.00829840      0.00814535
______________________________________________________________________________
 Cart. Moments X              Y              Z
 Cart. N      -20.1505486    -20.1558652     40.3064139
 Cart. P      -20.0109777    -20.0151185     40.0260962
 Cart. T      -40.1615263    -40.1709838     80.3325101
 (Q, gamma)    Q              Gamma
 (Q,g) N       40.3064140      0.0043633
 (Q,g) P       40.0260963      0.0034223
 (Q,g) T       80.3325102      0.0038944
 (iq1, iq2)    iq1            iq2
 iq    N       40.3046417      0.0035444
 iq    P       40.0247159      0.0027606
 iq    T       80.3293576      0.0063050
               X^2            Y^2            Z^2
 X^2_i N       31.9892041     31.9874319     52.1415249
 X^2_i P       28.8190571     28.8176768     48.8314151
 X^2_i T       60.8082612     60.8051087    100.9729400
----------------------------------------------------------------------------
--------------- Magnetic Multipole Moments ----------------
Quantisation Axis             : Z
  With secondary axis ordering: X,Y
 Units: 
   spin/orbit/total: hbar fm^(l-1)
   phys:             mu_N fm^(l-1)
______________________________________________________________________________
 Re Q^m_{ 1 0}     X           Y            Z        total
 Spin     n   -1.516E-18   3.410E-18   5.920E-15   5.922E-15
          p    4.157E-19  -5.218E-18   2.996E-15   2.991E-15
          t   -1.100E-18  -1.808E-18   8.916E-15   8.913E-15
 Orbital  n    5.706E-15   5.702E-15  -4.412E-17   1.136E-14
          p    1.144E-15   1.251E-15  -2.869E-17   2.366E-15
          t    6.851E-15   6.952E-15  -7.282E-17   1.373E-14
 Total    n    5.705E-15   5.705E-15   5.876E-15   1.729E-14
          p    1.145E-15   1.245E-15   2.968E-15   5.358E-15
          t    6.850E-15   6.951E-15   8.843E-15   2.264E-14
 Phys     n    5.799E-18  -1.305E-17  -2.265E-14  -2.266E-14
          p    1.147E-15   1.222E-15   1.671E-14   1.908E-14
          t    1.152E-15   1.209E-15  -5.941E-15  -3.580E-15
____________________________________________________________
 mu_z  n                                           -0.000000
 mu_z  p(S)                                         0.000000
 mu_z  p(L)                                         0.000000
 mu_z  p                                            0.000000
 mu_z  t                                           -0.000000
______________________________________________________________________________
 Re Q^m_{ 3 0}     X           Y            Z        total
 Spin     n    1.100E-14   8.718E-15   7.243E-15   2.696E-14
          p    1.206E-15   3.128E-15  -1.398E-14  -9.647E-15
          t    1.221E-14   1.185E-14  -6.738E-15   1.732E-14
 Orbital  n   -1.147E-14  -1.099E-14   8.279E-14   6.033E-14
          p   -8.710E-17   1.378E-16   1.679E-14   1.684E-14
          t   -1.156E-14  -1.085E-14   9.957E-14   7.717E-14
 Total    n   -4.637E-16  -2.270E-15   9.003E-14   8.730E-14
          p    1.119E-15   3.266E-15   2.805E-15   7.189E-15
          t    6.550E-16   9.954E-16   9.284E-14   9.449E-14
 Phys     n   -4.210E-14  -3.335E-14  -2.771E-14  -1.032E-13
          p    6.648E-15   1.761E-14  -6.131E-14  -3.705E-14
          t   -3.545E-14  -1.575E-14  -8.902E-14  -1.402E-13
______________________________________________________________________________
 Re Q^m_{ 3 2}     X           Y            Z        total
 Spin     n   -1.006E-14   7.946E-15   2.386E-16  -1.875E-15
          p   -1.092E-15   2.929E-15  -5.843E-17   1.778E-15
          t   -1.115E-14   1.088E-14   1.801E-16  -9.632E-17
 Orbital  n    2.262E-14  -2.298E-14  -1.089E-15  -1.452E-15
          p    2.581E-15  -3.508E-15  -2.943E-15  -3.870E-15
          t    2.520E-14  -2.649E-14  -4.032E-15  -5.321E-15
 Total    n    1.256E-14  -1.504E-14  -8.505E-16  -3.326E-15
          p    1.489E-15  -5.790E-16  -3.001E-15  -2.091E-15
          t    1.405E-14  -1.562E-14  -3.852E-15  -5.418E-15
 Phys     n    3.849E-14  -3.040E-14  -9.127E-16   7.172E-15
          p   -3.520E-15   1.285E-14  -3.269E-15   6.064E-15
          t    3.497E-14  -1.755E-14  -4.182E-15   1.324E-14
----------------------------------------------------------------------------
----------------------- Box Size Check -------------------------
 Xmax = (nx+0.5)dx = 11.500 fm,  max(rho(X=Xmax)) =    1.419E-08
 Ymax = (ny+0.5)dx = 11.500 fm,  max(rho(Y=Ymax)) =    1.422E-08
 Zmax = (nz+0.5)dx = 11.500 fm,  max(rho(Z=Zmax)) =    9.346E-09
---------------------Rotational properties--------------------
                Rigid rotor          (hbar^2/MeV)
              n              p              t 
 I_R X       2.0286195      1.8723692      3.9009887
 I_R Y       2.0286623      1.8724025      3.9010647
 I_R Z       1.5426823      1.3898069      2.9324892

                Belyaev                 (hbar^2/MeV) 
              n              p              t 
 I_B X       1.3736985      0.9414941      2.3151926
 I_B Y       1.3736251      0.9414372      2.3150624
 I_B Z       0.0000345      0.0000199      0.0000543

                Belyaev (collective)    (hbar^2/MeV) 
              n              p              t 
 I_B X       0.4499214      0.9414941      1.3914156
 I_B Y       0.4496898      0.9414372      1.3911270
 I_B Z       0.0000000      0.0000199      0.0000199

                 <J^2> - <J>^2          (hbar^2)
              n              p              t 
 J2_X        2.5333460      2.1397607      4.6731066
 J2_Y        2.5329750      2.1394626      4.6724376
 J2_Z        3.1248682      0.0001255      3.1249938
 J2_t        8.1911892      4.2793488     12.4705380

                 <J^2> - <J>^2 (coll.)  (hbar^2)
              n              p              t 
 J2_X        1.2775136      2.1408206      3.4183341
 J2_Y        1.2769276      2.1405348      3.4174623
 J2_Z        0.0000000      0.0000387      0.0000387
 J2_t        2.5544412      4.2813940      6.8358351
------------------------- Angular Momentum (hbar) --------------------------

               Spwfs(*)    Desired     Omega       E (MeV)      Densit. 
  __________________________________________________________________________
   J_x   |     0.00000     0.00000     0.00000    -0.00000     0.00000
   J_y   |     0.00000     0.00000     0.00000    -0.00000     0.00000
   J_z   |     0.00000     0.00000     0.00000    -0.00000     0.00000
  __________________________________________________________________________
   Size  |     0.00000     0.00000     0.00000                 0.00000
  --------------------------------------------------------------------------

   Open spin
               Neutrons   Protons
   _______________________________________________________
   x |   |     0.00000     0.00000
   y |   |     0.00000     0.00000
   z |   |     0.00000     0.00000
   _______________________________________________________
-------------------------- Pairing -------------------------
                          N         P 
 Fermi Level (MeV)    -10.95169252    -9.21265242
 Particles             13.00000000    12.00000000
 Dispersion             0.50000000     1.39730102
 Average gap   v^2      0.00000000     0.60005782
 Average gap   uv              NaN     1.22125095
------------------------------------------------------------
--------------------------------------------------------------------------------
 Skyrme Energy 
                                    Isoscalar      Isovector   |   Total
--------------------------------------------------------------------------------
  E_D_I_I_D_I_I                  -1776.320605       1.100970   -1775.219635
  E_D_I_I_D_Nm_Nm                   41.656232      -0.080785      41.575446
  E_D_I_Sm_D_I_Sm                    0.000000       0.000000       0.000000
  E_D_I_Sm_D_I_Sm_DD                -0.000000      -0.000000      -0.000000
  E_D_I_I_Lap_D_I_I                 73.289444       0.011710      73.301154
  E_D_I_I_D_I_I_DD                1030.923728      -0.545966    1030.377762
  E_C_I_NmSk_C_I_NmSk                0.000000       0.000000       0.000000
  E_C_I_Nm_C_I_Nm                   -0.000000       0.000000      -0.000000
  E_D_I_Sm_Lap_D_I_Sm               -0.000000       0.000000       0.000000
  E_D_I_Sm_D_Nk_NkSm                 0.000000       0.000000       0.000000
  E_D_I_I_Derm_C_I_NxmSxm          -26.100940      -0.022769     -26.123709
  E_C_I_Nm_Derxm_D_I_Sxm            -0.000000       0.000000      -0.000000
  E_DP_I_I_DP_I_I                                                 -1.583100
  E_CP_I_I_CP_I_I                                                 -0.000000
--------------------------------------------------------------------------------
                 Total Skyrme:                                  -657.672081
                    time-even:                                  -657.672081
                    time-odd :                                     0.000000
--------------------------------------------------------------------------------
--------------------------------------------------------------------------------
                                     neutron        proton         total
                Kinetic Energy:     229.615532     203.407437     433.022968
                    COM 1-body:      -9.184621      -8.136297     -17.320919
                    COM 2-body:       4.077660       3.486723       7.564384
                            ph:       4.077660       3.468112       7.545772
                            pp:       0.000000       0.018612       0.018612
                 Collective T:                                     -2.284793

                 Rotational  T:                                    -2.284793
                 Rotational  X:                                    -1.142378
                 Rotational  Y:                                    -1.142324
                 Rotational  Z:                                    -0.000091

                 Vibrational T:                                     0.000000
                 Vibrational X:                                    -0.000000
                 Vibrational Y:                                    -0.000000
                 Vibrational Z:                                    -0.000000


                Coulomb Direct:       0.000000      32.922328      32.922328
                      Exchange:       0.000000       0.000000       0.000000

               Pairing (delta):      -0.000000      -1.583100      -1.583100
               Pairing (densi):                                    -1.583100
--------------------------------------------------------------------------------
                  Total energy:                                  -203.768112
                    from spwfs:                                  -203.768112
                   E_fu - E_sp:                                -0.577199E-07
                   (no corr.) :                                  -209.047703
                      Routhian:                                  -203.768112
                         dE   :                                -0.355778E-02
                         dR   :                                -0.355778E-02
--------------------------------------------------------------------------------
----------------------------------
| Convergence criteria satisfied.|
| Needed   99 iterations.        |
| dE    <  1.000E-11             | 
| dQ2   <  1.000E-05             | 
| d2H   <  1.000E-05             | 
| |spg| <  1.000E+00             | 
| dmu   <  1.000E-03             | 
| dJz   <  1.000E-03             | 
| Ending the iterative proces.   |
----------------------------------
id Timer name                                # of calls      time (s)  % total
__ ________________________________________  __________  ____________  _______
   TOTAL                                              -       24.8570  100.00%
 1 Tantalus                                           1       24.8570  100.00%
     (internal)                                       -        0.1056    0.42%
 2   HF-basis Derivatives                           100        2.9035   11.68%
 4   Spwf evolution                                  99       10.7581   43.28%
       (internal)                                     -        0.7897    3.18%
 5     Orthonormalization                            99        0.5281    2.12%
13     Sp. Hamiltonian                             8191        9.4403   37.98%
 5   Orthonormalization                               1        0.0059    0.02%
 6   Density calculations                           100        5.5435   22.30%
       (internal)                                     -        0.0138    0.06%
 3     Canonical basis Derivatives                  100        3.6854   14.83%
 7     Density: pp                                  100        0.3359    1.35%
 8     Density: ph                                  100        0.8856    3.56%
 9     Density: derivatives                         100        0.2391    0.96%
15     Can. basis construction                      100        0.3835    1.54%
10   Field calculations                             100        0.5455    2.19%
       (internal)                                     -        0.4425    1.78%
14     Coulomb solver                               100        0.1029    0.41%
11   Energy calculations                            101        0.7138    2.87%
       (internal)                                     -        0.2357    0.95%
16     Moments of inertia                            11        0.3899    1.57%
17     Centre-of-mass correction                    101        0.0882    0.35%
18       COM one-body                               101        0.0000    0.00%
19       COM two-body                                11        0.0881    0.35%
12   Pairing solver                                 100        0.8779    3.53%
20   Pairing gaps                                    99        0.4702    1.89%
21   Multipole moments                              100        0.0718    0.29%
23   Spwf angular momentum                          110        2.8409   11.43%
24   Charge density folding                         100        0.0202    0.08%
__ ________________________________________  __________  ____________  _______
