

         ___________________________________________________________
        |                                                          |
        | MOCCa v2.0 =                                             |
        |                                                          |
        |  #######   ##   #    # #####   ##   #      #    #  ####  |
        |     #     #  #  ##   #   #    #  #  #      #    # #      |
        |     #    #    # # #  #   #   #    # #      #    #  ####  |
        |     #    ###### #  # #   #   ###### #      #    #      # |
        |     #    #    # #   ##   #   #    # #      #    # #    # |
        |     #    #    # #    #   #   #    # ######  ####   ####  |
        |                                                          |
        |  Copyright  P.-H. Heenen, M. Bender & W. Ryssens         |
        |                                                          |
        |----------------------------------------------------------|
        | Runtype = Single-mode                                    |
        |-------------- Version Information -----------------------|
        | "commit 0842d3270103e4c1901eaccd0fce5ad98b596fa6"        |
        | "Author: Wouter Ryssens <w.ryssens@ipnl.in2p3.fr>"       |
        | "Date:   Sat Dec 5 11:49:59 2020 +0100"                 |
        |__________________________________________________________|

------------------------------General Information ------------------------------
 Mesh parameters
   nx =    16 ny =    16 nz =    16 mv =  4096
   dx =         0.8000000000 (fm  ) 
   dv =  4.10 (fm^3) 
 Nucleus
    N =  126.00000  Z =   82.00000
 Wavefunctions
  nwt =   120
  nwn =    70
  nwp =    50
  Nilsson initialization with hom = (  0.200  0.200  0.200)
 Inverse temperature Beta =   -1.000000000
 IO information
  inputfilename  =init                            
  outputfilename =tant.wf                         
  Checkpointiter =         0
  Filename for other output (not written if empty): 
    BXL output     = Pb208.                                  
    DEN file       =                                         
    POT file       =                                         
    SPHF file      =                                         
    SPCAN file     =                                         
 Convergence required
  Energy convergence           <  0.1E-10
  Multipole moment convergence <  0.1E-04
  Dispersion convergence       <  0.1E-04
--------------------------------------------------------------------------------
 Evolution strategy: HEAVYBALL           
   Estimate (dt,mu)  : YES
--------------------------------------------------------------------------------
 SCF iteration strategy: 
       Potential preconditioning
   Preconfactor=  1.0000
--------------------------------------------------------------------------------
 Pairing treatment:                                Hartree-Fock-Bogoliubov (HFB)
   Fermi-solver: BRENT                                                                                              
   Linear mixing of (rho,kappa)
   HFBmix = 1.000
   Cutoff parameters  =      Symmetric Fermi
     dE (n,p) =  5.00 5.00 MeV 
     mu (n,p) =  0.50 0.50 MeV 
   GUESSED INITIAL GAPS!
   Gas-treatment:  Normal
--------------------------------------------------------------------------------
 Parameterization name     SLy4                
 Functional name           NLO.FUNC            
 - - - - - - - - - - -
 Parameters
    t0   -2488.913
    x0       0.834
    t1     486.818
    x1      -0.344
    t2    -546.395
    x2      -1.000
    t3   13777.000
    x3       1.354
   wso     123.000
  wsoq     123.000
 sigma       0.167
   CT0       0.000
   CT1       0.000
    Vn   -1250.000
    Vp   -1250.000
 alpha       1.000
sigmap       1.000
 - - - - - - - - - - -
 Coulomb Treatment =  1
   Direct and exchange included.
   Discretisation of laplacian:   5-point stencil.
   Protonsize  =    0.000   0.000
   Neutronsize =    0.000   0.000
 - - - - - - - - - - -
 Center-of-mass options
   One-body: self-consistent
   Two-body: not included
 - - - - - - - - - - -
 Rotational correction 
    Not included.
 - - - - - - - - - - -
 Elementary Constants
 e^2            =  1.43996446 (sqrt(MeV fm)) 
 hbar^2/(2*mn)  = 20.73551910 (MeV fm^2)
 hbar^2/(2*mp)  = 20.73551910 (MeV fm^2)
 - - - - - - - - - - -
 Skyrme coupling constants 
     __________________________________________________________
                                      Isospin representation
                                      C_0            C_1    
     __________________________________________________________
                 B_D_I_I_D_I_I   -1763.394860    1660.104971
               B_D_I_I_D_Nm_Nm      32.471951      49.313473
             B_D_I_I_Lap_D_I_I     -92.653338      31.314270
              B_D_I_I_D_I_I_DD    1925.335807   -2128.546563
       B_D_I_I_Derm_C_I_NxmSxm     -61.500000     -61.500000
           B_C_I_NmSk_C_I_NmSk       0.000000      -0.000000
     __________________________________________________________
                                      BFH representation 
                                      C_0            C_q    
                 B_D_I_I_D_I_I    -933.342375     830.052485
               B_D_I_I_D_Nm_Nm      57.128687      24.656736
             B_D_I_I_Lap_D_I_I     -76.996203      15.657135
              B_D_I_I_D_I_I_DD     861.062526   -1064.273282
       B_D_I_I_Derm_C_I_NxmSxm     -92.250000     -30.750000
           B_C_I_NmSk_C_I_NmSk      -0.000000      -0.000000
     __________________________________________________________
                                      Pairing terms 
                                      neutron        proton 
               B_DP_I_I_DP_I_I    -312.500000    -312.500000
     __________________________________________________________
--------------------- Sp wavefunctions -----------------------------------------
________________________________________________________________________________
   Neutron wavefunctions
  i    P   occ       E        d2h    Delta   JxT    JyT    Jz     J
--------------------- Sp wavefunctions -----------------------------------------
  1  1.0  2.0000   -37.927  0.0E+00   0.00  -0.50  -0.50   0.50   0.50
 35 -1.0  2.0000   -30.391  0.0E+00   0.00  -0.00  -1.50   0.00   1.50
 36 -1.0  2.0000   -30.391  0.0E+00   0.00  -1.00   0.50  -1.00   1.50
 37 -1.0  2.0000   -28.852  0.0E+00   0.00   0.50   0.50   0.50   0.50
  2  1.0  2.0000   -23.070  0.0E+00   0.00   0.59   0.28   2.16   2.50
  3  1.0  2.0000   -23.070  0.0E+00   0.00  -0.87  -0.12  -1.28   2.50
  4  1.0  2.0000   -23.070  0.0E+00   0.00  -1.22  -1.66   0.62   2.50
  5  1.0  2.0000   -20.752  0.0E+00   0.00  -0.50  -0.50   0.50   0.50
  6  1.0  2.0000   -20.506  0.0E+00   0.00  -0.50   1.00  -1.00   1.50
  7  1.0  2.0000   -20.506  0.0E+00   0.00   1.50  -0.00   0.00   1.50
 38 -1.0  2.0000   -15.964  0.0E+00   0.00  -0.42  -1.34   1.64   3.50
 39 -1.0  2.0000   -15.964  0.0E+00   0.00  -1.38   1.42  -0.75   3.50
 40 -1.0  2.0000   -15.964  0.0E+00   0.00   0.58  -3.18  -0.27   3.50
 41 -1.0  2.0000   -15.964  0.0E+00   0.00  -0.78   1.10  -2.62   3.50
 42 -1.0  2.0000   -12.786  0.0E+00   0.00  -0.77  -1.20   0.47   1.50
 43 -1.0  2.0000   -12.786  0.0E+00   0.00  -0.23   0.20  -1.47   1.50
 44 -1.0  2.0000   -12.375  0.0E+00   0.00   2.05   0.87   0.51   2.50
 45 -1.0  2.0000   -12.375  0.0E+00   0.00  -0.17  -0.33   2.33   2.50
 46 -1.0  2.0000   -12.375  0.0E+00   0.00  -0.39   0.97  -1.34   2.50
 47 -1.0  2.0000   -11.247  0.0E+00   0.00   0.50   0.50   0.50   0.50
  8  1.0  2.0000    -9.074  0.0E+00   0.00   0.49  -2.44   1.18   4.50
  9  1.0  2.0000    -9.074  0.0E+00   0.00  -0.97   2.33  -2.11   4.50
 10  1.0  2.0000    -9.074  0.0E+00   0.00  -0.01   1.50  -0.66   4.50
 11  1.0  2.0000    -9.074  0.0E+00   0.00  -1.64  -0.73   2.71   4.50
 12  1.0  2.0000    -9.074  0.0E+00   0.00  -0.37  -3.16   1.38   4.50
 13  1.0  2.0000    -5.034  0.0E+00   0.00  -0.50  -1.61   1.39   2.50
 14  1.0  2.0000    -5.034  0.0E+00   0.00  -0.97   1.10  -1.07   2.50
 15  1.0  2.0000    -5.034  0.0E+00   0.00  -0.03  -1.00   1.18   2.50
 16  1.0  2.0000    -4.460  0.0E+00   0.00  -0.02   2.61  -0.79   3.50
 17  1.0  2.0000    -4.460  0.0E+00   0.00  -0.51  -1.42   1.60   3.50
 18  1.0  2.0000    -4.460  0.0E+00   0.00   3.20  -0.65  -0.46   3.50
 19  1.0  2.0000    -4.460  0.0E+00   0.00  -0.66   1.46  -2.35   3.50
 20  1.0  2.0000    -2.717  0.0E+00   0.00  -0.50  -0.50   0.50   0.50
 21  1.0  2.0000    -2.471  0.0E+00   0.00  -0.50   1.00  -1.00   1.50
 22  1.0  2.0000    -2.471  0.0E+00   0.00   1.50  -0.00   0.00   1.50
 48 -1.0  2.0000    -2.400  0.0E+00   0.00  -1.38  -2.13  -1.08   5.50
 49 -1.0  2.0000    -2.400  0.0E+00   0.00  -0.54   2.45  -3.05   5.50
 50 -1.0  2.0000    -2.400  0.0E+00   0.00  -1.10  -1.23  -2.99   5.50
 51 -1.0  2.0000    -2.400  0.0E+00   0.00  -2.32   0.81   0.63   5.50
 52 -1.0  2.0000    -2.400  0.0E+00   0.00   2.16  -1.60   1.19   5.50
 53 -1.0  2.0000    -2.400  0.0E+00   0.00   0.18  -1.31   2.29   5.50
 54 -1.0  2.0000     2.502  0.0E+00   0.02  -1.58   0.65  -2.23   3.50
 55 -1.0  2.0000     2.502  0.0E+00   0.04   0.50  -2.31  -1.19   3.50
 56 -1.0  2.0000     2.502  0.0E+00   0.03  -2.68  -0.09   0.04   3.50
 57 -1.0  2.0000     2.502  0.0E+00   0.03   1.76  -0.25   1.38   3.50
 58 -1.0  1.9998     3.240  0.0E+00   0.09  -0.40   1.87  -1.03   4.50
 59 -1.0  1.9997     3.240  0.0E+00   0.09   0.97   0.22   2.47   4.50
 60 -1.0  1.9998     3.240  0.0E+00   0.08   0.19  -0.73   3.31   4.50
 61 -1.0  1.9997     3.240  0.0E+00   0.10  -0.91   1.01  -1.18   4.50
 62 -1.0  1.9998     3.240  0.0E+00   0.10   2.64   0.12  -1.07   4.50
 23  1.0  1.9991     4.060  0.0E+00   0.16  -0.66  -4.28   2.16   6.50
 24  1.0  1.9991     4.060  0.0E+00   0.16   1.16   2.67  -1.30   6.50
 25  1.0  1.9990     4.060  0.0E+00   0.17  -5.36   0.83  -0.80   6.50
 26  1.0  1.9990     4.060  0.0E+00   0.17  -1.68   0.99  -4.07   6.50
 27  1.0  1.9990     4.060  0.0E+00   0.17  -1.45  -0.86   2.75   6.50
 28  1.0  1.9989     4.060  0.0E+00   0.18   1.54  -2.69   2.20   6.50
 29  1.0  1.9990     4.060  0.0E+00   0.17   2.93  -0.16   2.56   6.50
 63 -1.0  1.9995     5.681  0.0E+00   0.04  -1.49   0.09  -0.09   1.50
 64 -1.0  1.9997     5.681  0.0E+00   0.04   0.49  -1.09  -0.91   1.50
 65 -1.0  1.9995     6.091  0.0E+00   0.05   2.46  -0.22  -0.22   2.50
 66 -1.0  1.9997     6.091  0.0E+00   0.03  -0.30  -0.41   2.36   2.50
 67 -1.0  1.9994     6.091  0.0E+00   0.06  -0.66   2.13  -0.64   2.50
 68 -1.0  1.9982     7.219  0.0E+00   0.04   0.50   0.50   0.50   0.50
 30  1.0  0.0009     9.823  0.0E+00   0.08  -0.09  -4.25   0.22   4.50
 31  1.0  0.0009     9.823  0.0E+00   0.08  -4.37  -0.14   0.15   4.50
 32  1.0  0.0006     9.823  0.0E+00   0.07  -0.90   2.89  -1.36   4.50
 33  1.0  0.0008     9.823  0.0E+00   0.08   3.33   0.00   0.04   4.50
 34  1.0  0.0005     9.823  0.0E+00   0.06  -0.47  -1.00   3.46   4.50
 69 -1.0  0.0040    10.304  0.0E+00   0.22   0.70  -1.15   2.50   7.50
 70 -1.0  0.0044    10.304  0.0E+00   0.23  -0.09  -1.68  -2.53   7.50
________________________________________________________________________________
   Proton  wavefunctions
  i    P   occ       E        d2h    Delta   JxT    JyT    Jz     J
--------------------- Sp wavefunctions -----------------------------------------
 71  1.0  2.0000   -37.364  0.0E+00   0.00  -0.50  -0.50   0.50   0.50
 97 -1.0  2.0000   -29.477  0.0E+00   0.00  -0.00  -1.50   0.00   1.50
 98 -1.0  2.0000   -29.477  0.0E+00   0.00  -1.00   0.50  -1.00   1.50
 99 -1.0  2.0000   -27.867  0.0E+00   0.00   0.50   0.50   0.50   0.50
 72  1.0  2.0000   -21.911  0.0E+00   0.00  -0.55  -1.42   1.49   2.50
 73  1.0  2.0000   -21.911  0.0E+00   0.00   0.31  -0.84   1.21   2.50
 74  1.0  2.0000   -21.911  0.0E+00   0.00  -1.25   0.76  -1.20   2.50
 75  1.0  2.0000   -19.228  0.0E+00   0.00  -0.45   0.71  -1.25   1.50
 76  1.0  2.0000   -19.228  0.0E+00   0.00   1.45   0.29   0.25   1.50
 77  1.0  2.0000   -18.906  0.0E+00   0.00  -0.50  -0.50   0.50   0.50
100 -1.0  2.0000   -14.668  0.0E+00   0.00  -2.98  -0.22  -0.28   3.50
101 -1.0  2.0000   -14.668  0.0E+00   0.00  -1.19   1.05  -2.04   3.50
102 -1.0  2.0000   -14.668  0.0E+00   0.00  -0.23  -2.76   0.83   3.50
103 -1.0  2.0000   -14.668  0.0E+00   0.00   2.40  -0.06  -0.50   3.50
104 -1.0  2.0000   -10.911  0.0E+00   0.00   0.22   0.21   2.46   2.50
105 -1.0  2.0000   -10.911  0.0E+00   0.00   1.90  -0.89  -0.59   2.50
106 -1.0  2.0000   -10.911  0.0E+00   0.00  -0.62   2.18  -0.38   2.50
107 -1.0  2.0000   -10.375  0.0E+00   0.00  -0.00  -1.50   0.00   1.50
108 -1.0  2.0000   -10.375  0.0E+00   0.00  -1.00   0.50  -1.00   1.50
109 -1.0  2.0000    -8.765  0.0E+00   0.00   0.50   0.50   0.50   0.50
 78  1.0  2.0000    -7.746  0.0E+00   0.00  -0.54  -2.37   2.46   4.50
 79  1.0  2.0000    -7.746  0.0E+00   0.00   1.69  -1.76   0.80   4.50
 80  1.0  2.0000    -7.746  0.0E+00   0.00  -1.13   1.08   1.16   4.50
 81  1.0  2.0000    -7.746  0.0E+00   0.00  -0.84   2.06  -2.44   4.50
 82  1.0  2.0000    -7.746  0.0E+00   0.00  -1.68  -1.52   0.52   4.50
 83  1.0  1.9999    -2.917  0.0E+00   0.06  -0.89   0.54  -2.12   3.50
 84  1.0  1.9999    -2.917  0.0E+00   0.05  -0.48   1.65  -2.27   3.50
 85  1.0  1.9999    -2.917  0.0E+00   0.05   0.50  -1.15   1.77   3.50
 86  1.0  1.9999    -2.917  0.0E+00   0.06   2.87   0.97   0.62   3.50
 87  1.0  1.9998    -2.165  0.0E+00   0.04   0.01   0.01   2.50   2.50
 88  1.0  1.9998    -2.165  0.0E+00   0.07  -0.19  -2.32   0.16   2.50
 89  1.0  1.9999    -2.165  0.0E+00   0.06  -1.32   0.80  -1.16   2.50
110 -1.0  1.9986    -1.147  0.0E+00   0.15   0.08  -1.44  -2.90   5.50
111 -1.0  1.9988    -1.147  0.0E+00   0.14   0.37   1.18   1.69   5.50
112 -1.0  1.9987    -1.147  0.0E+00   0.14  -0.29  -0.80   3.27   5.50
113 -1.0  1.9988    -1.147  0.0E+00   0.14  -3.04  -0.67   0.84   5.50
114 -1.0  1.9990    -1.147  0.0E+00   0.13   0.44  -2.67  -1.41   5.50
115 -1.0  1.9989    -1.147  0.0E+00   0.13  -0.56   1.40  -4.49   5.50
 90  1.0  1.9982     0.518  0.0E+00   0.07   1.50  -0.00   0.00   1.50
 91  1.0  1.9991     0.518  0.0E+00   0.04  -0.50   1.00  -1.00   1.50
 92  1.0  1.9994     0.840  0.0E+00   0.03  -0.50  -0.50   0.50   0.50
116 -1.0  0.0011     4.756  0.0E+00   0.14   2.59   0.03  -0.57   4.50
117 -1.0  0.0010     4.756  0.0E+00   0.13  -0.92  -2.39   2.02   4.50
118 -1.0  0.0012     4.756  0.0E+00   0.15  -0.42   1.86   0.67   4.50
119 -1.0  0.0010     4.756  0.0E+00   0.14   1.54   1.23   2.67   4.50
120 -1.0  0.0009     4.756  0.0E+00   0.13  -0.28   1.78  -2.29   4.50
 93  1.0  0.0015     5.131  0.0E+00   0.19   0.29  -2.94   0.89   6.50
 94  1.0  0.0016     5.131  0.0E+00   0.19  -1.21   3.42  -0.95   6.50
 95  1.0  0.0014     5.131  0.0E+00   0.18  -1.98  -2.17   0.87   6.50
 96  1.0  0.0017     5.131  0.0E+00   0.20   1.02   1.11   2.24   6.50
--------------------------------------------------------------------------------
---------------------------------Quasiparticles---------------------------------
________________________________________________________________________________
Block 1
positive parity neutrons
  N    Eqp     f_n
________________________________________________________________________________
  1   1.95    0.00E+00
  2   1.95    0.00E+00
  3   1.95    0.00E+00
  4   1.95    0.00E+00
  5   1.95    0.00E+00
  6   3.82    0.00E+00
  7   3.82    0.00E+00
  8   3.82    0.00E+00
  9   3.82    0.00E+00
 10   3.82    0.00E+00
 11   3.82    0.00E+00
 12   3.82    0.00E+00
 13  10.35    0.00E+00
 14  10.35    0.00E+00
 15  10.59    0.00E+00
 16  12.33    0.00E+00
 17  12.33    0.00E+00
 18  12.33    0.00E+00
 19  12.33    0.00E+00
 20  12.91    0.00E+00
 21  12.91    0.00E+00
 22  12.91    0.00E+00
 23  16.95    0.00E+00
 24  16.95    0.00E+00
 25  16.95    0.00E+00
 26  16.95    0.00E+00
 27  16.95    0.00E+00
 28  28.38    0.00E+00
 29  28.38    0.00E+00
 30  28.63    0.00E+00
 31  30.94    0.00E+00
 32  30.94    0.00E+00
 33  30.94    0.00E+00
 34  45.80    0.00E+00
________________________________________________________________________________
Block 3
negative parity neutrons
  N    Eqp     f_n
________________________________________________________________________________
  1   0.66    0.00E+00
  2   1.78    0.00E+00
  3   1.78    0.00E+00
  4   1.79    0.00E+00
  5   2.19    0.00E+00
  6   2.19    0.00E+00
  7   2.44    0.00E+00
  8   2.44    0.00E+00
  9   4.64    0.00E+00
 10   4.64    0.00E+00
 11   4.64    0.00E+00
 12   4.64    0.00E+00
 13   4.64    0.00E+00
 14   5.37    0.00E+00
 15   5.37    0.00E+00
 16   5.37    0.00E+00
 17   5.37    0.00E+00
 18  10.27    0.00E+00
 19  10.27    0.00E+00
 20  10.27    0.00E+00
 21  10.27    0.00E+00
 22  10.27    0.00E+00
 23  10.27    0.00E+00
 24  19.12    0.00E+00
 25  20.25    0.00E+00
 26  20.25    0.00E+00
 27  20.25    0.00E+00
 28  20.66    0.00E+00
 29  20.66    0.00E+00
 30  23.84    0.00E+00
 31  23.84    0.00E+00
 32  23.84    0.00E+00
 33  23.84    0.00E+00
 34  36.73    0.00E+00
 35  38.27    0.00E+00
 36  38.27    0.00E+00
________________________________________________________________________________
Block 5
positive parity  protons
  N    Eqp     f_n
________________________________________________________________________________
  1   0.87    0.00E+00
  2   1.19    0.00E+00
  3   1.19    0.00E+00
  4   3.43    0.00E+00
  5   3.43    0.00E+00
  6   3.43    0.00E+00
  7   3.43    0.00E+00
  8   3.87    0.00E+00
  9   3.87    0.00E+00
 10   3.87    0.00E+00
 11   4.62    0.00E+00
 12   4.62    0.00E+00
 13   4.62    0.00E+00
 14   4.62    0.00E+00
 15   9.45    0.00E+00
 16   9.45    0.00E+00
 17   9.45    0.00E+00
 18   9.45    0.00E+00
 19   9.45    0.00E+00
 20  20.61    0.00E+00
 21  20.93    0.00E+00
 22  20.93    0.00E+00
 23  23.62    0.00E+00
 24  23.62    0.00E+00
 25  23.62    0.00E+00
 26  39.07    0.00E+00
________________________________________________________________________________
Block 7
negative parity  protons
  N    Eqp     f_n
________________________________________________________________________________
  1   2.85    0.00E+00
  2   2.86    0.00E+00
  3   2.86    0.00E+00
  4   2.86    0.00E+00
  5   2.86    0.00E+00
  6   2.86    0.00E+00
  7   3.05    0.00E+00
  8   3.05    0.00E+00
  9   3.05    0.00E+00
 10   3.05    0.00E+00
 11   3.06    0.00E+00
 12  10.47    0.00E+00
 13  12.08    0.00E+00
 14  12.08    0.00E+00
 15  12.62    0.00E+00
 16  12.62    0.00E+00
 17  12.62    0.00E+00
 18  16.37    0.00E+00
 19  16.37    0.00E+00
 20  16.37    0.00E+00
 21  16.37    0.00E+00
 22  29.57    0.00E+00
 23  31.18    0.00E+00
 24  31.18    0.00E+00
--------------------------------------------------------------------------------
---------------- Electric Multipole Moments -----------------
Quantisation Axis             : Z
  With secondary axis ordering: X,Y
______________________________________________________________
                     Neutrons        Protons         Total
______________________________________________________________
 Particles          126.0000         82.0000        208.0000

Re  Q_{ 2 0}          0.8753          1.9116          2.7869
Re  Q_{ 2 2}          0.4696         -0.0104          0.4592

Re  Q_{ 4 0}         77.7808          8.2224         86.0032
Re  Q_{ 4 2}         16.6859         43.5910         60.2769
Re  Q_{ 4 4}        -90.9341        -86.6597       -177.5938

Re  Q_{ 6 0}       7697.0765      -3954.9572       3742.1193
Re  Q_{ 6 2}       4288.9650      -1728.7421       2560.2229
Re  Q_{ 6 4}       5717.7378        -82.6066       5635.1312
Re  Q_{ 6 6}        884.9533       1536.6708       2421.6241

Re  Q_{ 8 0}     -11359.8825      22331.6383      10971.7558
Re  Q_{ 8 2}     -82671.7579      -5431.9266     -88103.6845
Re  Q_{ 8 4}      72380.2638     -80547.0032      -8166.7394
Re  Q_{ 8 6}    -131710.5452     -30425.3110    -162135.8562
Re  Q_{ 8 8}      66244.6336     -60184.6052       6060.0284

Re  Q_{10 0}   -2227229.8728   -2190860.6589   -4418090.5318
Re  Q_{10 2}   -5274639.2149    -615531.9789   -5890171.1938
Re  Q_{10 4}    2039998.9746   -1452644.6125     587354.3621
Re  Q_{10 6}   -2356267.3572    -488745.9179   -2845013.2751
Re  Q_{10 8}   -3275490.6163     980626.7838   -2294863.8325
Re  Q_{1010}     692921.2938     116683.7137     809605.0075

 RMS radius           5.3283          4.8639          5.1502
______________________________________________________________
                     Neutrons        Protons         Total
______________________________________________________________

Beta_{ 2 0}       0.00034870      0.00076153      0.00111023
Beta_{ 2 2}       0.00018707     -0.00000415      0.00018293

Beta_{ 4 0}       0.00061295      0.00006480      0.00067774
Beta_{ 4 2}       0.00013149      0.00034352      0.00047501
Beta_{ 4 4}      -0.00071660     -0.00068291     -0.00139951

Beta_{ 6 0}       0.00119988     -0.00061653      0.00058335
Beta_{ 6 2}       0.00066860     -0.00026949      0.00039911
Beta_{ 6 4}       0.00089132     -0.00001288      0.00087845
Beta_{ 6 6}       0.00013795      0.00023955      0.00037750

Beta_{ 8 0}      -0.00003503      0.00006886      0.00003383
Beta_{ 8 2}      -0.00025494     -0.00001675     -0.00027169
Beta_{ 8 4}       0.00022320     -0.00024838     -0.00002518
Beta_{ 8 6}      -0.00040616     -0.00009382     -0.00049998
Beta_{ 8 8}       0.00020428     -0.00018559      0.00001869

Beta_{10 0}      -0.00013586     -0.00013364     -0.00026951
Beta_{10 2}      -0.00032176     -0.00003755     -0.00035930
Beta_{10 4}       0.00012444     -0.00008861      0.00003583
Beta_{10 6}      -0.00014373     -0.00002981     -0.00017355
Beta_{10 8}      -0.00019981      0.00005982     -0.00013999
Beta_{1010}       0.00004227      0.00000712      0.00004939

______________________________________________________________
                     Neutrons        Protons         Total
______________________________________________________________
Q_{ 2}                1.0987          1.9117          2.8616
Q_{ 4}              152.1339        137.4328        278.8230
Q_{ 6}            12766.6270       5133.7265      10116.8608
Q_{ 8}           260284.7087     150429.8031     261587.0959
Q_{10}         10121725.7099    3493739.4726   10845720.3197
______________________________________________________________
                     Neutrons        Protons         Total
______________________________________________________________
Beta_{   2}       0.00043771      0.00076155      0.00113997
Beta_{   4}       0.00119888      0.00108303      0.00219724
Beta_{   6}       0.00199016      0.00080028      0.00157709
Beta_{   8}       0.00080264      0.00046388      0.00080666
Beta_{  10}       0.00061743      0.00021312      0.00066160
______________________________________________________________
 Cart. Moments X              Y              Z
 Cart. N        0.4358686     -3.2112363      2.7753677
 Cart. P       -3.0709617     -2.9901077      6.0610695
 Cart. T       -2.6350931     -6.2013440      8.8364372
 (Q, gamma)    Q              Gamma
 (Q,g) N        3.4837419     37.1874004
 (Q,g) P        6.0612492     -0.4412712
 (Q,g) T        9.0731474     13.1164377
 (iq1, iq2)    iq1            iq2
 iq    N        1.5596661      2.4314033
 iq    P        6.0880208     -0.0539027
 iq    T        7.6476869      2.3775006
               X^2            Y^2            Z^2
 X^2_i N     1192.5507976   1191.3350960   1193.3306307
 X^2_i P      645.6268097    645.6537611    648.6708201
 X^2_i T     1838.1776074   1836.9888571   1842.0014508
------------------------------------------------------------
---------------------Rotational properties--------------------
                Rigid rotor          (hbar^2/MeV)
              n              p              t 
 I_R X      57.5019549     31.2103256     88.7122805
 I_R Y      57.5312694     31.2096757     88.7409451
 I_R Z      57.4831507     31.1369247     88.6200754

                Belyaev              (hbar^2/MeV) 
              n              p              t 
 I_B X       0.0023351      0.0008550      0.0031901
 I_B Y       0.0010150      0.0008630      0.0018780
 I_B Z       0.0016014      0.0014601      0.0030615

                Belyaev (collective) (hbar^2/MeV) 
              n              p              t 
 I_B X       0.0023351      0.0008550      0.0031901
 I_B Y       0.0010150      0.0008630      0.0018780
 I_B Z       0.0016014      0.0014601      0.0030615

                 J^2                 (hbar^2)
              n              p              t 
 J2_X       12.0999142      7.9811587     20.0810729
 J2_Y       11.3511103      7.8422701     19.1933805
 J2_Z        9.7890678      7.7550307     17.5440985
 J2_t       33.2400924     23.5784595     56.8185519

                 J^2 (collective)    (hbar^2)
              n              p              t 
 J2_X        0.0054253      0.0022624      0.0076876
 J2_Y        0.0023480      0.0020475      0.0043954
 J2_Z        0.0036771      0.0039374      0.0076145
 J2_t        0.0114503      0.0082472      0.0196975
-------------------------- Pairing -------------------------
                          N         P 
 Fermi Level (MeV)      7.87481873     1.70630510
 Particles            126.00000002    81.99999999
 Dispersion             0.04650954     0.04452661
 Average gap   v^2      0.03209249     0.03294385
 Average gap   uv       0.07196859     0.10711195

 HFB convergence:   (N,+)    (N,-)    (P,+)    (P,-)
  r^2-r+k*k^T    =  1.12E-14 1.15E-14 8.35E-15 7.33E-15
  r*k-k*r        =  1.25E-15 7.26E-16 1.83E-15 1.09E-15
------------------------------------------------------------
--------------------------------------------------------------------------------
 Skyrme Energy 
                                    Isoscalar      Isovector   |   Total
--------------------------------------------------------------------------------
                 E_D_I_I_D_I_I  -28793.721931     752.227525  -28041.494406
               E_D_I_I_D_Nm_Nm    1965.904425      27.128860    1993.033285
             E_D_I_I_Lap_D_I_I     357.378355      -4.797194     352.581162
              E_D_I_I_D_I_I_DD   19789.410161    -652.807705   19136.602456
       E_D_I_I_Derm_C_I_NxmSxm    -114.721525      -0.850924    -115.572449
           E_C_I_NmSk_C_I_NmSk       0.000000       0.000000       0.000000
               E_DP_I_I_DP_I_I                                    -0.257885
--------------------------------------------------------------------------------
                 Total Skyrme:                                 -6675.107837
--------------------------------------------------------------------------------
--------------------------------------------------------------------------------
                                     neutron        proton         total
                Kinetic Energy:    2794.172508    1659.050268    4453.222775
                    COM 1-body:     -13.433522      -7.976203     -21.409725

                Coulomb Direct:       0.000000     934.919152     934.919152
                      Exchange:       0.000000     -34.557842     -34.557842

               Pairing (delta):      -0.065073      -0.065073      -0.130146
               Pairing (densi):                                    -0.257885
--------------------------------------------------------------------------------
                  Total energy:                                 -1342.933477
                    from spwfs:                                  -217.585116
--------------------------------------------------------------------------------
--------------------------------------------------------------------------------
 Iteration =    1
 dt  =   0.0104      mu  =   0.0000  D2H =  0.4E+02
 E   =  -1400.279    DE  =  0.40953E-01
 dmun= -0.9E+01      dmup= -0.3E+01
 Q20 =       0.0304  Q22 =       0.0121 dQ20=  0.3E+01      dQ22=  0.4E+00
--------------------------------------------------------------------------------
 Iteration =    2
 dt  =   0.0195      mu  =   0.9137  D2H =  0.4E+02
 E   =  -1477.865    DE  =  0.52498E-01
 dmun= -0.3E+00      dmup= -0.3E+00
 Q20 =       0.0933  Q22 =       0.0135 dQ20=  0.6E-01      dQ22=  0.1E-02
--------------------------------------------------------------------------------
 Iteration =    3
 dt  =   0.0195      mu  =   0.8852  D2H =  0.2E+02
 E   =  -1545.580    DE  =  0.43812E-01
 dmun= -0.6E+00      dmup= -0.1E+01
 Q20 =       0.1386  Q22 =       0.0156 dQ20=  0.5E-01      dQ22=  0.2E-02
--------------------------------------------------------------------------------
 Iteration =    4
 dt  =   0.0196      mu  =   0.8586  D2H =  0.1E+02
 E   =  -1579.621    DE  =  0.21550E-01
 dmun= -0.5E+00      dmup= -0.6E+00
 Q20 =       0.1729  Q22 =       0.0155 dQ20=  0.3E-01      dQ22=  0.9E-04
--------------------------------------------------------------------------------
 Iteration =    5
 dt  =   0.0197      mu  =   0.8372  D2H =  0.6E+01
 E   =  -1585.916    DE  =  0.39694E-02
 dmun= -0.5E+00      dmup= -0.9E+00
 Q20 =       0.1979  Q22 =       0.0153 dQ20=  0.2E-01      dQ22=  0.2E-03
--------------------------------------------------------------------------------
 Iteration =    6
 dt  =   0.0199      mu  =   0.8277  D2H =  0.6E+01
 E   =  -1582.084    DE  =  0.24219E-02
 dmun= -0.4E+00      dmup=  0.1E+00
 Q20 =       0.2158  Q22 =       0.0164 dQ20=  0.2E-01      dQ22=  0.1E-02
--------------------------------------------------------------------------------
 Iteration =    7
 dt  =   0.0200      mu  =   0.8220  D2H =  0.7E+01
 E   =  -1581.552    DE  =  0.33660E-03
 dmun= -0.3E+00      dmup= -0.2E+00
 Q20 =       0.2275  Q22 =       0.0186 dQ20=  0.1E-01      dQ22=  0.2E-02
--------------------------------------------------------------------------------
 Iteration =    8
 dt  =   0.0201      mu  =   0.8195  D2H =  0.7E+01
 E   =  -1588.486    DE  =  0.43653E-02
 dmun= -0.3E+00      dmup= -0.2E+00
 Q20 =       0.2332  Q22 =       0.0203 dQ20=  0.6E-02      dQ22=  0.2E-02
--------------------------------------------------------------------------------
 Iteration =    9
 dt  =   0.0203      mu  =   0.8258  D2H =  0.6E+01
 E   =  -1600.141    DE  =  0.72835E-02
 dmun= -0.3E+00      dmup= -0.4E+00
 Q20 =       0.2333  Q22 =       0.0204 dQ20=  0.1E-03      dQ22=  0.8E-04
--------------------- Sp wavefunctions -----------------------------------------
________________________________________________________________________________
   Neutron wavefunctions
  i    P   occ       E        d2h    Delta   JxT    JyT    Jz     J
--------------------- Sp wavefunctions -----------------------------------------
  1  1.0  2.0000   -56.783  8.2E+00   0.00  -0.50  -0.50   0.50   0.50
 36 -1.0  2.0000   -51.599  6.9E+00   0.00  -1.00   0.50  -1.00   1.50
 35 -1.0  2.0000   -51.599  6.9E+00   0.00   0.00  -1.50  -0.00   1.50
 37 -1.0  2.0000   -51.385  5.2E+00   0.00   0.50   0.50   0.50   0.50
  4  1.0  2.0000   -44.671  6.3E+00   0.00  -1.22  -1.66   0.62   2.50
  3  1.0  2.0000   -44.670  6.3E+00   0.00  -0.87  -0.12  -1.28   2.50
  2  1.0  2.0000   -44.670  6.3E+00   0.00   0.59   0.28   2.16   2.50
  7  1.0  2.0000   -43.680  3.7E+00   0.00   1.50  -0.00  -0.00   1.50
  6  1.0  2.0000   -43.680  3.7E+00   0.00  -0.50   1.00  -1.00   1.50
  5  1.0  2.0000   -39.313  1.3E+01   0.00  -0.50  -0.50   0.50   0.50
 40 -1.0  2.0000   -36.659  5.9E+00   0.00   0.58  -3.18  -0.27   3.50
 41 -1.0  2.0000   -36.657  6.0E+00   0.00  -0.78   1.10  -2.62   3.50
 38 -1.0  2.0000   -36.657  6.0E+00   0.00  -0.42  -1.34   1.64   3.50
 39 -1.0  2.0000   -36.656  6.0E+00   0.00  -1.38   1.42  -0.75   3.50
 44 -1.0  2.0000   -34.340  2.9E+00   0.00   2.05   0.87   0.51   2.50
 45 -1.0  2.0000   -34.340  2.9E+00   0.00  -0.17  -0.33   2.33   2.50
 46 -1.0  2.0000   -34.340  2.9E+00   0.00  -0.39   0.97  -1.34   2.50
 42 -1.0  2.0000   -29.879  9.6E+00   0.00  -0.77  -1.20   0.47   1.50
 43 -1.0  2.0000   -29.879  9.6E+00   0.00  -0.23   0.20  -1.47   1.50
 47 -1.0  2.0000   -28.980  6.8E+00   0.00   0.50   0.50   0.50   0.50
  8  1.0  2.0000   -27.989  5.7E+00   0.00   0.49  -2.44   1.18   4.50
 10  1.0  2.0000   -27.986  5.7E+00   0.00  -0.01   1.50  -0.66   4.50
  9  1.0  2.0000   -27.986  5.7E+00   0.00  -0.97   2.33  -2.11   4.50
 12  1.0  2.0000   -27.986  5.8E+00   0.00  -0.37  -3.16   1.38   4.50
 11  1.0  2.0000   -27.985  5.8E+00   0.00  -1.64  -0.73   2.71   4.50
 16  1.0  2.0000   -23.854  1.6E+00   0.00  -0.02   2.61  -0.79   3.50
 17  1.0  2.0000   -23.854  1.6E+00   0.00  -0.51  -1.42   1.60   3.50
 18  1.0  2.0000   -23.854  1.6E+00   0.00   3.20  -0.65  -0.46   3.50
 19  1.0  2.0000   -23.854  1.7E+00   0.00  -0.66   1.46  -2.35   3.50
 14  1.0  2.0000   -20.582  1.0E+01   0.00  -0.97   1.10  -1.07   2.50
 15  1.0  2.0000   -20.581  1.0E+01   0.00  -0.03  -1.00   1.18   2.50
 13  1.0  2.0000   -20.581  1.0E+01   0.00  -0.50  -1.61   1.39   2.50
 51 -1.0  2.0000   -18.976  5.6E+00   0.00  -2.32   0.82   0.63   5.50
 48 -1.0  2.0000   -18.975  5.6E+00   0.00  -1.38  -2.13  -1.08   5.50
 52 -1.0  2.0000   -18.974  5.6E+00   0.00   2.16  -1.60   1.19   5.50
 53 -1.0  2.0000   -18.973  5.6E+00   0.00   0.18  -1.31   2.29   5.50
 49 -1.0  2.0000   -18.973  5.6E+00   0.00  -0.54   2.45  -3.05   5.50
 50 -1.0  2.0000   -18.972  5.6E+00   0.00  -1.10  -1.23  -2.99   5.50
 22  1.0  2.0000   -18.832  5.0E+00   0.00   1.50   0.00   0.00   1.50
 21  1.0  2.0000   -18.826  4.9E+00   0.00  -0.50   1.00  -1.00   1.50
 20  1.0  2.0000   -17.681  1.2E+01   0.00  -0.50  -0.50   0.50   0.50
 61 -1.0  2.0000   -12.684  6.4E-01   0.00  -0.91   1.01  -1.18   4.50
 60 -1.0  2.0000   -12.684  6.5E-01   0.00   0.19  -0.73   3.31   4.50
 62 -1.0  2.0000   -12.684  6.4E-01   0.00   2.65   0.12  -1.07   4.50
 59 -1.0  2.0000   -12.683  6.4E-01   0.00   0.97   0.22   2.47   4.50
 58 -1.0  2.0000   -12.682  6.4E-01   0.00  -0.40   1.87  -1.03   4.50
 56 -1.0  2.0000   -11.481  9.3E+00   0.00  -2.68  -0.09   0.04   3.50
 57 -1.0  2.0000   -11.479  9.4E+00   0.00   1.76  -0.25   1.38   3.50
 54 -1.0  2.0000   -11.479  9.4E+00   0.00  -1.58   0.65  -2.23   3.50
 55 -1.0  2.0000   -11.479  9.4E+00   0.00   0.50  -2.31  -1.19   3.50
 28  1.0  2.0000    -9.845  5.4E+00   0.00   1.54  -2.69   2.20   6.50
 27  1.0  2.0000    -9.843  5.4E+00   0.00  -1.45  -0.85   2.75   6.50
 26  1.0  2.0000    -9.843  5.4E+00   0.00  -1.68   0.99  -4.07   6.50
 29  1.0  2.0000    -9.842  5.4E+00   0.00   2.93  -0.16   2.56   6.50
 24  1.0  2.0000    -9.841  5.4E+00   0.00   1.16   2.67  -1.30   6.50
 25  1.0  2.0000    -9.840  5.4E+00   0.00  -5.36   0.83  -0.80   6.50
 23  1.0  2.0000    -9.840  5.4E+00   0.00  -0.66  -4.28   2.16   6.50
 65 -1.0  2.0000    -8.876  3.6E+00   0.00   2.46  -0.22  -0.22   2.50
 66 -1.0  2.0000    -8.876  3.6E+00   0.00  -0.30  -0.41   2.36   2.50
 67 -1.0  2.0000    -8.875  3.6E+00   0.00  -0.66   2.13  -0.64   2.50
 64 -1.0  2.0000    -8.104  9.7E+00   0.00   0.49  -1.09  -0.91   1.50
 63 -1.0  2.0000    -8.096  9.6E+00   0.00  -1.49   0.09  -0.09   1.50
 68 -1.0  2.0000    -7.175  7.3E+00   0.00   0.50   0.50   0.50   0.50
 30  1.0  0.0000    -2.613  7.4E+00   0.00  -0.09  -4.25   0.22   4.50
 31  1.0  0.0000    -2.612  7.4E+00   0.00  -4.37  -0.14   0.15   4.50
 34  1.0  0.0000    -2.611  7.5E+00   0.00  -0.47  -1.00   3.46   4.50
 32  1.0  0.0000    -2.611  7.4E+00   0.00  -0.90   2.89  -1.36   4.50
 33  1.0  0.0000    -2.610  7.4E+00   0.00   3.33   0.00   0.04   4.50
 70 -1.0  0.0000    -0.735  4.9E+00   0.00  -0.09  -1.69  -2.53   7.50
 69 -1.0  0.0000    -0.734  4.9E+00   0.00   0.70  -1.15   2.50   7.50
________________________________________________________________________________
   Proton  wavefunctions
  i    P   occ       E        d2h    Delta   JxT    JyT    Jz     J
--------------------- Sp wavefunctions -----------------------------------------
 71  1.0  2.0000   -45.524  4.3E+00   0.00  -0.50  -0.50   0.50   0.50
 98 -1.0  2.0000   -40.052  5.9E+00   0.00  -1.00   0.50  -1.00   1.50
 97 -1.0  2.0000   -40.051  5.9E+00   0.00  -0.00  -1.50   0.00   1.50
 99 -1.0  2.0000   -40.014  4.6E+00   0.00   0.50   0.50   0.50   0.50
 74  1.0  2.0000   -33.255  8.0E+00   0.00  -1.25   0.76  -1.20   2.50
 72  1.0  2.0000   -33.254  8.0E+00   0.00  -0.55  -1.42   1.49   2.50
 73  1.0  2.0000   -33.253  8.0E+00   0.00   0.31  -0.84   1.21   2.50
 76  1.0  2.0000   -32.522  6.5E+00   0.00   1.45   0.29   0.25   1.50
 75  1.0  2.0000   -32.520  6.5E+00   0.00  -0.45   0.71  -1.25   1.50
 77  1.0  2.0000   -29.008  1.4E+01   0.00  -0.50  -0.50   0.50   0.50
103 -1.0  2.0000   -25.632  1.0E+01   0.00   2.40  -0.06  -0.50   3.50
100 -1.0  2.0000   -25.630  1.0E+01   0.00  -2.98  -0.22  -0.28   3.50
102 -1.0  2.0000   -25.630  1.0E+01   0.00  -0.23  -2.76   0.83   3.50
101 -1.0  2.0000   -25.628  1.0E+01   0.00  -1.18   1.05  -2.04   3.50
106 -1.0  2.0000   -23.649  8.1E+00   0.00  -0.62   2.18  -0.37   2.50
105 -1.0  2.0000   -23.648  8.1E+00   0.00   1.89  -0.89  -0.59   2.50
104 -1.0  2.0000   -23.647  8.1E+00   0.00   0.23   0.21   2.46   2.50
108 -1.0  2.0000   -19.976  2.1E+01   0.00  -1.00   0.50  -1.00   1.50
107 -1.0  2.0000   -19.973  2.1E+01   0.00  -0.00  -1.50   0.00   1.50
109 -1.0  2.0000   -19.354  1.8E+01   0.00   0.50   0.50   0.50   0.50
 79  1.0  2.0000   -17.508  1.2E+01   0.00   1.69  -1.76   0.80   4.50
 80  1.0  2.0000   -17.507  1.2E+01   0.00  -1.13   1.08   1.16   4.50
 82  1.0  2.0000   -17.506  1.2E+01   0.00  -1.68  -1.52   0.52   4.50
 81  1.0  2.0000   -17.504  1.2E+01   0.00  -0.84   2.06  -2.44   4.50
 78  1.0  2.0000   -17.503  1.2E+01   0.00  -0.54  -2.37   2.46   4.50
 86  1.0  2.0000   -13.782  9.6E+00   0.00   2.87   0.97   0.62   3.50
 83  1.0  2.0000   -13.781  9.6E+00   0.00  -0.89   0.54  -2.12   3.50
 84  1.0  2.0000   -13.779  9.6E+00   0.00  -0.48   1.65  -2.27   3.50
 85  1.0  2.0000   -13.779  9.6E+00   0.00   0.50  -1.15   1.77   3.50
 88  1.0  2.0000   -11.048  2.4E+01   0.00  -0.19  -2.32   0.16   2.50
 89  1.0  2.0000   -11.047  2.4E+01   0.00  -1.32   0.80  -1.16   2.50
 87  1.0  2.0000   -11.045  2.4E+01   0.00   0.01   0.01   2.50   2.50
 90  1.0  2.0000    -9.719  2.1E+01   0.00   1.50   0.00   0.00   1.50
 91  1.0  2.0000    -9.717  2.1E+01   0.00  -0.50   1.00  -1.00   1.50
111 -1.0  2.0000    -9.107  1.2E+01   0.00   0.37   1.18   1.69   5.50
114 -1.0  2.0000    -9.107  1.2E+01   0.00   0.44  -2.67  -1.41   5.50
110 -1.0  2.0000    -9.106  1.2E+01   0.00   0.08  -1.44  -2.90   5.50
113 -1.0  2.0000    -9.105  1.2E+01   0.00  -3.04  -0.67   0.84   5.50
115 -1.0  2.0000    -9.101  1.2E+01   0.00  -0.56   1.40  -4.49   5.50
112 -1.0  2.0000    -9.101  1.2E+01   0.00  -0.29  -0.80   3.27   5.50
 92  1.0  2.0000    -8.715  3.2E+01   0.00  -0.50  -0.50   0.50   0.50
118 -1.0  0.0000    -3.301  1.1E+01   0.00  -0.42   1.86   0.67   4.50
119 -1.0  0.0000    -3.300  1.1E+01   0.00   1.54   1.23   2.67   4.50
116 -1.0  0.0000    -3.300  1.1E+01   0.00   2.59   0.03  -0.57   4.50
117 -1.0  0.0000    -3.300  1.1E+01   0.00  -0.92  -2.40   2.02   4.50
120 -1.0  0.0000    -3.297  1.1E+01   0.00  -0.28   1.78  -2.29   4.50
 96  1.0  0.0000    -0.553  1.1E+01   0.00   1.01   1.11   2.25   6.50
 94  1.0  0.0000    -0.553  1.1E+01   0.00  -1.21   3.42  -0.95   6.50
 93  1.0  0.0000    -0.552  1.1E+01   0.00   0.29  -2.94   0.88   6.50
 95  1.0  0.0000    -0.552  1.1E+01   0.00  -1.98  -2.17   0.87   6.50
--------------------------------------------------------------------------------
---------------------------------Quasiparticles---------------------------------
________________________________________________________________________________
Block 1
positive parity neutrons
  N    Eqp     f_n
________________________________________________________________________________
  1   2.51    0.00E+00
  2   2.51    0.00E+00
  3   2.51    0.00E+00
  4   2.51    0.00E+00
  5   2.51    0.00E+00
  6   4.72    0.00E+00
  7   4.72    0.00E+00
  8   4.72    0.00E+00
  9   4.72    0.00E+00
 10   4.72    0.00E+00
 11   4.72    0.00E+00
 12   4.72    0.00E+00
 13  12.56    0.00E+00
 14  13.71    0.00E+00
 15  13.71    0.00E+00
 16  15.46    0.00E+00
 17  15.46    0.00E+00
 18  15.46    0.00E+00
 19  18.73    0.00E+00
 20  18.73    0.00E+00
 21  18.73    0.00E+00
 22  18.73    0.00E+00
 23  22.86    0.00E+00
 24  22.87    0.00E+00
 25  22.87    0.00E+00
 26  22.87    0.00E+00
 27  22.87    0.00E+00
 28  34.19    0.00E+00
 29  38.56    0.00E+00
 30  38.56    0.00E+00
 31  39.55    0.00E+00
 32  39.55    0.00E+00
 33  39.55    0.00E+00
 34  51.66    0.00E+00
________________________________________________________________________________
Block 3
negative parity neutrons
  N    Eqp     f_n
________________________________________________________________________________
  1   2.06    0.00E+00
  2   2.98    0.00E+00
  3   2.98    0.00E+00
  4   3.75    0.00E+00
  5   3.76    0.00E+00
  6   3.76    0.00E+00
  7   4.39    0.00E+00
  8   4.39    0.00E+00
  9   6.36    0.00E+00
 10   6.36    0.00E+00
 11   6.36    0.00E+00
 12   6.36    0.00E+00
 13   7.56    0.00E+00
 14   7.56    0.00E+00
 15   7.56    0.00E+00
 16   7.56    0.00E+00
 17   7.56    0.00E+00
 18  13.85    0.00E+00
 19  13.85    0.00E+00
 20  13.85    0.00E+00
 21  13.85    0.00E+00
 22  13.85    0.00E+00
 23  13.86    0.00E+00
 24  23.86    0.00E+00
 25  24.76    0.00E+00
 26  24.76    0.00E+00
 27  29.22    0.00E+00
 28  29.22    0.00E+00
 29  29.22    0.00E+00
 30  31.54    0.00E+00
 31  31.54    0.00E+00
 32  31.54    0.00E+00
 33  31.54    0.00E+00
 34  46.26    0.00E+00
 35  46.48    0.00E+00
 36  46.48    0.00E+00
________________________________________________________________________________
Block 5
positive parity  protons
  N    Eqp     f_n
________________________________________________________________________________
  1   2.91    0.00E+00
  2   3.92    0.00E+00
  3   3.92    0.00E+00
  4   5.24    0.00E+00
  5   5.25    0.00E+00
  6   5.25    0.00E+00
  7   5.25    0.00E+00
  8   5.25    0.00E+00
  9   5.25    0.00E+00
 10   5.25    0.00E+00
 11   7.98    0.00E+00
 12   7.98    0.00E+00
 13   7.98    0.00E+00
 14   7.98    0.00E+00
 15  11.70    0.00E+00
 16  11.70    0.00E+00
 17  11.71    0.00E+00
 18  11.71    0.00E+00
 19  11.71    0.00E+00
 20  23.21    0.00E+00
 21  26.72    0.00E+00
 22  26.72    0.00E+00
 23  27.45    0.00E+00
 24  27.45    0.00E+00
 25  27.45    0.00E+00
 26  39.72    0.00E+00
________________________________________________________________________________
Block 7
negative parity  protons
  N    Eqp     f_n
________________________________________________________________________________
  1   2.50    0.00E+00
  2   2.50    0.00E+00
  3   2.50    0.00E+00
  4   2.50    0.00E+00
  5   2.50    0.00E+00
  6   3.30    0.00E+00
  7   3.30    0.00E+00
  8   3.31    0.00E+00
  9   3.31    0.00E+00
 10   3.31    0.00E+00
 11   3.31    0.00E+00
 12  13.55    0.00E+00
 13  14.17    0.00E+00
 14  14.18    0.00E+00
 15  17.85    0.00E+00
 16  17.85    0.00E+00
 17  17.85    0.00E+00
 18  19.83    0.00E+00
 19  19.83    0.00E+00
 20  19.83    0.00E+00
 21  19.83    0.00E+00
 22  34.21    0.00E+00
 23  34.25    0.00E+00
 24  34.25    0.00E+00
--------------------------------------------------------------------------------
---------------- Electric Multipole Moments -----------------
Quantisation Axis             : Z
  With secondary axis ordering: X,Y
______________________________________________________________
                     Neutrons        Protons         Total
______________________________________________________________
 Particles          126.0000         82.0000        208.0000

Re  Q_{ 2 0}          0.1770          0.0514          0.2284
Re  Q_{ 2 2}          0.0207         -0.0021          0.0186

Re  Q_{ 4 0}          4.9605          1.2670          6.2275
Re  Q_{ 4 2}          5.7363          4.6753         10.4116
Re  Q_{ 4 4}        -13.7901         -9.9446        -23.7346

Re  Q_{ 6 0}       -165.5188       -168.0004       -333.5192
Re  Q_{ 6 2}        -72.7689        -34.5540       -107.3229
Re  Q_{ 6 4}        375.7676        275.1469        650.9145
Re  Q_{ 6 6}        270.1360        189.0561        459.1921

Re  Q_{ 8 0}      26033.2119       9763.7512      35796.9631
Re  Q_{ 8 2}      -8116.3819      -5033.4702     -13149.8521
Re  Q_{ 8 4}      -6301.7145        915.1792      -5386.5353
Re  Q_{ 8 6}     -10559.8703      -5153.9306     -15713.8008
Re  Q_{ 8 8}        220.4500        333.4495        553.8995

Re  Q_{10 0}      31141.7573      74495.9402     105637.6975
Re  Q_{10 2}    -251774.0742     -21808.1359    -273582.2101
Re  Q_{10 4}    -528092.1600      33082.6717    -495009.4883
Re  Q_{10 6}    -124835.2331      -6521.4496    -131356.6827
Re  Q_{10 8}    -330648.9718     -64744.5178    -395393.4896
Re  Q_{1010}     156356.0590      30187.8699     186543.9289

 RMS radius           5.5529          5.5197          5.5398
______________________________________________________________
                     Neutrons        Protons         Total
______________________________________________________________

Beta_{ 2 0}       0.00007050      0.00002048      0.00009098
Beta_{ 2 2}       0.00000825     -0.00000083      0.00000743

Beta_{ 4 0}       0.00003909      0.00000998      0.00004908
Beta_{ 4 2}       0.00004520      0.00003684      0.00008205
Beta_{ 4 4}      -0.00010867     -0.00007837     -0.00018704

Beta_{ 6 0}      -0.00002580     -0.00002619     -0.00005199
Beta_{ 6 2}      -0.00001134     -0.00000539     -0.00001673
Beta_{ 6 4}       0.00005858      0.00004289      0.00010147
Beta_{ 6 6}       0.00004211      0.00002947      0.00007158

Beta_{ 8 0}       0.00008028      0.00003011      0.00011039
Beta_{ 8 2}      -0.00002503     -0.00001552     -0.00004055
Beta_{ 8 4}      -0.00001943      0.00000282     -0.00001661
Beta_{ 8 6}      -0.00003256     -0.00001589     -0.00004846
Beta_{ 8 8}       0.00000068      0.00000103      0.00000171

Beta_{10 0}       0.00000190      0.00000454      0.00000644
Beta_{10 2}      -0.00001536     -0.00000133     -0.00001669
Beta_{10 4}      -0.00003221      0.00000202     -0.00003020
Beta_{10 6}      -0.00000762     -0.00000040     -0.00000801
Beta_{10 8}      -0.00002017     -0.00000395     -0.00002412
Beta_{1010}       0.00000954      0.00000184      0.00001138

______________________________________________________________
                     Neutrons        Protons         Total
______________________________________________________________
Q_{ 2}                0.1794          0.0515          0.2299
Q_{ 4}               21.6968         15.5920         37.1786
Q_{ 6}              682.8884        503.4959       1184.6373
Q_{ 8}            33346.9873      14178.3626      46687.7927
Q_{10}           992084.8891     137772.0573    1033296.1897
______________________________________________________________
                     Neutrons        Protons         Total
______________________________________________________________
Beta_{   2}       0.00007146      0.00002052      0.00009159
Beta_{   4}       0.00017098      0.00012287      0.00029298
Beta_{   6}       0.00010645      0.00007849      0.00018467
Beta_{   8}       0.00010283      0.00004372      0.00014397
Beta_{  10}       0.00006052      0.00000840      0.00006303
______________________________________________________________
 Cart. Moments X              Y              Z
 Cart. N       -0.2000968     -0.3609963      0.5610931
 Cart. P       -0.0895720     -0.0734591      0.1630311
 Cart. T       -0.2896687     -0.4344555      0.7241242
 (Q, gamma)    Q              Gamma
 (Q,g) N        0.5687311      9.4006998
 (Q,g) P        0.1632963     -3.2658186
 (Q,g) T        0.7289332      6.5850583
 (iq1, iq2)    iq1            iq2
 iq    N        0.5074599      0.1072664
 iq    P        0.1684020     -0.0107419
 iq    T        0.6758620      0.0965245
               X^2            Y^2            Z^2
 X^2_i N     1294.9684757   1294.9148426   1295.2222057
 X^2_i P      832.7250859    832.7304568    832.8092869
 X^2_i T     2127.6935617   2127.6452994   2128.0314926
------------------------------------------------------------
---------------------Rotational properties--------------------
                Rigid rotor          (hbar^2/MeV)
              n              p              t 
 I_R X      62.4565289     40.1615162    102.6180451
 I_R Y      62.4578221     40.1613867    102.6192089
 I_R Z      62.4504106     40.1594859    102.6098965

                Belyaev              (hbar^2/MeV) 
              n              p              t 
 I_B X       0.0000152      0.0000321      0.0000473
 I_B Y       0.0000192      0.0000196      0.0000388
 I_B Z       0.0000299      0.0000152      0.0000452

                Belyaev (collective) (hbar^2/MeV) 
              n              p              t 
 I_B X       0.0000152      0.0000321      0.0000473
 I_B Y       0.0000192      0.0000196      0.0000388
 I_B Z       0.0000299      0.0000152      0.0000452

                 J^2                 (hbar^2)
              n              p              t 
 J2_X        0.0000832      0.0001414      0.0002246
 J2_Y        0.0001167      0.0001111      0.0002278
 J2_Z        0.0001418      0.0000845      0.0002263
 J2_t        0.0003416      0.0003369      0.0006786

                 J^2 (collective)    (hbar^2)
              n              p              t 
 J2_X        0.0000832      0.0001414      0.0002246
 J2_Y        0.0001167      0.0001111      0.0002278
 J2_Z        0.0001418      0.0000845      0.0002263
 J2_t        0.0003416      0.0003369      0.0006786
-------------------------- Pairing -------------------------
                          N         P 
 Fermi Level (MeV)     -5.12024244    -5.80029356
 Particles            126.00000000    82.00000000
 Dispersion             0.00000000     0.00000000
 Average gap   v^2      0.00000556     0.00000681
 Average gap   uv       0.00002607     0.00002459

 HFB convergence:   (N,+)    (N,-)    (P,+)    (P,-)
  r^2-r+k*k^T    =  1.19E-14 1.16E-14 7.69E-15 6.78E-15
  r*k-k*r        =  9.47E-16 6.25E-16 8.08E-16 7.75E-16
------------------------------------------------------------
--------------------------------------------------------------------------------
 Skyrme Energy 
                                    Isoscalar      Isovector   |   Total
--------------------------------------------------------------------------------
                 E_D_I_I_D_I_I  -23568.742246     889.627171  -22679.115075
               E_D_I_I_D_Nm_Nm    1325.397407      40.253177    1365.650583
             E_D_I_I_Lap_D_I_I     358.773590      -2.670966     356.102624
              E_D_I_I_D_I_I_DD   15517.156524    -813.267796   14703.888728
       E_D_I_I_Derm_C_I_NxmSxm    -107.366569      -1.146249    -108.512818
           E_C_I_NmSk_C_I_NmSk       0.000000       0.000000       0.000000
               E_DP_I_I_DP_I_I                                    -0.000000
--------------------------------------------------------------------------------
                 Total Skyrme:                                 -6361.985958
--------------------------------------------------------------------------------
--------------------------------------------------------------------------------
                                     neutron        proton         total
                Kinetic Energy:    2633.772360    1349.410915    3983.183276
                    COM 1-body:     -12.662367      -6.487552     -19.149920

                Coulomb Direct:       0.000000     817.350549     817.350549
                      Exchange:       0.000000     -31.197118     -31.197118

               Pairing (delta):      -0.000000      -0.000000      -0.000000
               Pairing (densi):                                    -0.000000
--------------------------------------------------------------------------------
                  Total energy:                                 -1611.799170
                    from spwfs:                                 -1609.441819
--------------------------------------------------------------------------------
--------------------------------------------------------------------------------
 Iteration =   11
 dt  =   0.0205      mu  =   0.8385  D2H =  0.3E+01
 E   =  -1620.308    DE  =  0.52514E-02
 dmun=  0.0E+00      dmup=  0.0E+00
 Q20 =       0.2190  Q22 =       0.0155 dQ20=  0.9E-02      dQ22=  0.3E-02
--------------------------------------------------------------------------------
 Iteration =   12
 dt  =   0.0205      mu  =   0.8442  D2H =  0.2E+01
 E   =  -1624.854    DE  =  0.27975E-02
 dmun=  0.0E+00      dmup=  0.0E+00
 Q20 =       0.2065  Q22 =       0.0116 dQ20=  0.1E-01      dQ22=  0.4E-02
--------------------------------------------------------------------------------
 Iteration =   13
 dt  =   0.0207      mu  =   0.8612  D2H =  0.1E+01
 E   =  -1626.356    DE  =  0.92357E-03
 dmun=  0.0E+00      dmup=  0.0E+00
 Q20 =       0.1914  Q22 =       0.0072 dQ20=  0.2E-01      dQ22=  0.4E-02
--------------------------------------------------------------------------------
 Iteration =   14
 dt  =   0.0208      mu  =   0.8717  D2H =  0.1E+01
 E   =  -1626.304    DE  =  0.32019E-04
 dmun=  0.0E+00      dmup=  0.0E+00
 Q20 =       0.1745  Q22 =       0.0024 dQ20=  0.2E-01      dQ22=  0.5E-02
--------------------------------------------------------------------------------
 Iteration =   15
 dt  =   0.0208      mu  =   0.8749  D2H =  0.2E+01
 E   =  -1625.938    DE  =  0.22474E-03
 dmun=  0.0E+00      dmup=  0.0E+00
 Q20 =       0.1565  Q22 =      -0.0027 dQ20=  0.2E-01      dQ22=  0.5E-02
--------------------------------------------------------------------------------
 Iteration =   16
 dt  =   0.0207      mu  =   0.8726  D2H =  0.2E+01
 E   =  -1625.980    DE  =  0.25493E-04
 dmun=  0.0E+00      dmup=  0.0E+00
 Q20 =       0.1382  Q22 =      -0.0078 dQ20=  0.2E-01      dQ22=  0.5E-02
--------------------------------------------------------------------------------
 Iteration =   17
 dt  =   0.0207      mu  =   0.8675  D2H =  0.2E+01
 E   =  -1626.633    DE  =  0.40190E-03
 dmun=  0.0E+00      dmup=  0.0E+00
 Q20 =       0.1207  Q22 =      -0.0125 dQ20=  0.2E-01      dQ22=  0.5E-02
--------------------------------------------------------------------------------
 Iteration =   18
 dt  =   0.0206      mu  =   0.8618  D2H =  0.2E+01
 E   =  -1627.709    DE  =  0.66086E-03
 dmun=  0.0E+00      dmup=  0.0E+00
 Q20 =       0.1049  Q22 =      -0.0163 dQ20=  0.2E-01      dQ22=  0.4E-02
--------------------------------------------------------------------------------
 Iteration =   19
 dt  =   0.0205      mu  =   0.8566  D2H =  0.1E+01
 E   =  -1628.917    DE  =  0.74145E-03
 dmun=  0.0E+00      dmup=  0.0E+00
 Q20 =       0.0913  Q22 =      -0.0190 dQ20=  0.1E-01      dQ22=  0.3E-02
--------------------- Sp wavefunctions -----------------------------------------
________________________________________________________________________________
   Neutron wavefunctions
  i    P   occ       E        d2h    Delta   JxT    JyT    Jz     J
--------------------- Sp wavefunctions -----------------------------------------
  1  1.0  2.0000   -57.266  6.1E+00   0.00  -0.50  -0.50   0.50   0.50
 35 -1.0  2.0000   -51.255  4.4E+00   0.00  -0.00  -1.50   0.00   1.50
 36 -1.0  2.0000   -51.255  4.4E+00   0.00  -1.00   0.50  -1.00   1.50
 37 -1.0  2.0000   -50.732  3.3E+00   0.00   0.50   0.50   0.50   0.50
  4  1.0  2.0000   -44.044  3.2E+00   0.00  -1.22  -1.66   0.62   2.50
  2  1.0  2.0000   -44.044  3.2E+00   0.00   0.59   0.28   2.16   2.50
  3  1.0  2.0000   -44.043  3.2E+00   0.00  -0.87  -0.12  -1.28   2.50
  6  1.0  2.0000   -42.756  1.9E+00   0.00  -0.50   1.00  -1.00   1.50
  7  1.0  2.0000   -42.756  1.9E+00   0.00   1.50  -0.00  -0.00   1.50
  5  1.0  2.0000   -40.622  8.5E+00   0.00  -0.50  -0.50   0.50   0.50
 40 -1.0  2.0000   -35.987  2.5E+00   0.00   0.58  -3.18  -0.27   3.50
 38 -1.0  2.0000   -35.986  2.5E+00   0.00  -0.42  -1.34   1.64   3.50
 41 -1.0  2.0000   -35.986  2.5E+00   0.00  -0.78   1.10  -2.62   3.50
 39 -1.0  2.0000   -35.986  2.5E+00   0.00  -1.38   1.42  -0.75   3.50
 44 -1.0  2.0000   -33.545  1.2E+00   0.00   2.05   0.87   0.51   2.50
 46 -1.0  2.0000   -33.544  1.2E+00   0.00  -0.39   0.97  -1.34   2.50
 45 -1.0  2.0000   -33.544  1.2E+00   0.00  -0.17  -0.33   2.33   2.50
 42 -1.0  2.0000   -30.910  6.2E+00   0.00  -0.77  -1.20   0.47   1.50
 43 -1.0  2.0000   -30.908  6.2E+00   0.00  -0.23   0.20  -1.47   1.50
 47 -1.0  2.0000   -29.750  4.4E+00   0.00   0.50   0.50   0.50   0.50
  8  1.0  2.0000   -27.383  2.1E+00   0.00   0.49  -2.44   1.18   4.50
  9  1.0  2.0000   -27.382  2.1E+00   0.00  -0.97   2.33  -2.11   4.50
 10  1.0  2.0000   -27.382  2.1E+00   0.00  -0.01   1.50  -0.66   4.50
 12  1.0  2.0000   -27.381  2.2E+00   0.00  -0.37  -3.16   1.38   4.50
 11  1.0  2.0000   -27.381  2.2E+00   0.00  -1.64  -0.73   2.71   4.50
 16  1.0  2.0000   -23.422  7.7E-01   0.00  -0.02   2.61  -0.79   3.50
 18  1.0  2.0000   -23.421  7.7E-01   0.00   3.20  -0.65  -0.46   3.50
 17  1.0  2.0000   -23.421  7.7E-01   0.00  -0.51  -1.42   1.60   3.50
 19  1.0  2.0000   -23.420  7.8E-01   0.00  -0.66   1.47  -2.35   3.50
 15  1.0  2.0000   -21.354  5.0E+00   0.00  -0.03  -1.00   1.18   2.50
 14  1.0  2.0000   -21.353  5.0E+00   0.00  -0.97   1.10  -1.07   2.50
 13  1.0  2.0000   -21.352  5.0E+00   0.00  -0.50  -1.61   1.39   2.50
 22  1.0  2.0000   -19.291  2.7E+00   0.00   1.50   0.00   0.00   1.50
 21  1.0  2.0000   -19.290  2.7E+00   0.00  -0.50   1.00  -1.00   1.50
 20  1.0  2.0000   -18.907  5.8E+00   0.00  -0.50  -0.50   0.50   0.50
 51 -1.0  2.0000   -18.482  1.8E+00   0.00  -2.32   0.82   0.63   5.50
 48 -1.0  2.0000   -18.482  1.8E+00   0.00  -1.38  -2.13  -1.08   5.50
 52 -1.0  2.0000   -18.481  1.8E+00   0.00   2.16  -1.60   1.19   5.50
 53 -1.0  2.0000   -18.481  1.8E+00   0.00   0.18  -1.31   2.29   5.50
 50 -1.0  2.0000   -18.481  1.8E+00   0.00  -1.10  -1.23  -2.99   5.50
 49 -1.0  2.0000   -18.481  1.8E+00   0.00  -0.54   2.45  -3.06   5.50
 62 -1.0  2.0000   -12.747  5.9E-01   0.00   2.65   0.12  -1.07   4.50
 61 -1.0  2.0000   -12.747  5.9E-01   0.00  -0.91   1.01  -1.18   4.50
 59 -1.0  2.0000   -12.746  5.9E-01   0.00   0.97   0.22   2.47   4.50
 58 -1.0  2.0000   -12.746  5.9E-01   0.00  -0.40   1.87  -1.03   4.50
 60 -1.0  2.0000   -12.745  5.9E-01   0.00   0.19  -0.73   3.31   4.50
 56 -1.0  2.0000   -12.161  4.0E+00   0.00  -2.68  -0.09   0.04   3.50
 57 -1.0  2.0000   -12.159  4.0E+00   0.00   1.76  -0.25   1.38   3.50
 55 -1.0  2.0000   -12.159  4.0E+00   0.00   0.50  -2.31  -1.19   3.50
 54 -1.0  2.0000   -12.158  4.0E+00   0.00  -1.58   0.65  -2.23   3.50
 28  1.0  2.0000    -9.475  1.6E+00   0.00   1.54  -2.69   2.20   6.50
 27  1.0  2.0000    -9.474  1.6E+00   0.00  -1.45  -0.85   2.75   6.50
 26  1.0  2.0000    -9.474  1.6E+00   0.00  -1.68   0.99  -4.07   6.50
 29  1.0  2.0000    -9.474  1.6E+00   0.00   2.93  -0.16   2.56   6.50
 24  1.0  2.0000    -9.474  1.6E+00   0.00   1.16   2.67  -1.30   6.50
 25  1.0  2.0000    -9.474  1.6E+00   0.00  -5.36   0.83  -0.80   6.50
 23  1.0  2.0000    -9.473  1.6E+00   0.00  -0.66  -4.28   2.16   6.50
 64 -1.0  2.0000    -9.447  4.5E+00   0.00   0.49  -1.09  -0.91   1.50
 63 -1.0  2.0000    -9.444  4.5E+00   0.00  -1.49   0.09  -0.09   1.50
 67 -1.0  2.0000    -9.308  1.9E+00   0.00  -0.66   2.13  -0.64   2.50
 66 -1.0  2.0000    -9.308  1.9E+00   0.00  -0.30  -0.41   2.36   2.50
 65 -1.0  2.0000    -9.307  1.9E+00   0.00   2.46  -0.22  -0.22   2.50
 68 -1.0  2.0000    -8.354  3.4E+00   0.00   0.50   0.50   0.50   0.50
 33  1.0  0.0000    -3.348  2.9E+00   0.00   3.33   0.00   0.03   4.50
 32  1.0  0.0000    -3.347  2.9E+00   0.00  -0.90   2.89  -1.36   4.50
 30  1.0  0.0000    -3.347  2.9E+00   0.00  -0.09  -4.25   0.22   4.50
 31  1.0  0.0000    -3.346  2.9E+00   0.00  -4.37  -0.14   0.15   4.50
 34  1.0  0.0000    -3.344  2.9E+00   0.00  -0.47  -1.00   3.45   4.50
 70 -1.0  0.0000    -0.504  1.4E+00   0.00  -0.09  -1.69  -2.53   7.50
 69 -1.0  0.0000    -0.504  1.4E+00   0.00   0.71  -1.15   2.50   7.50
________________________________________________________________________________
   Proton  wavefunctions
  i    P   occ       E        d2h    Delta   JxT    JyT    Jz     J
--------------------- Sp wavefunctions -----------------------------------------
 71  1.0  2.0000   -43.026  2.9E+00   0.00  -0.50  -0.50   0.50   0.50
 97 -1.0  2.0000   -38.119  1.5E+00   0.00   0.00  -1.50  -0.00   1.50
 98 -1.0  2.0000   -38.118  1.5E+00   0.00  -1.00   0.50  -1.00   1.50
 99 -1.0  2.0000   -37.548  9.8E-01   0.00   0.50   0.50   0.50   0.50
 73  1.0  2.0000   -32.006  5.2E-01   0.00   0.31  -0.84   1.21   2.50
 74  1.0  2.0000   -32.005  5.2E-01   0.00  -1.25   0.76  -1.20   2.50
 72  1.0  2.0000   -32.005  5.2E-01   0.00  -0.55  -1.42   1.49   2.50
 76  1.0  2.0000   -30.602  1.9E-01   0.00   1.45   0.29   0.25   1.50
 75  1.0  2.0000   -30.602  2.0E-01   0.00  -0.45   0.71  -1.25   1.50
 77  1.0  2.0000   -28.091  3.4E+00   0.00  -0.50  -0.50   0.50   0.50
103 -1.0  2.0000   -25.076  6.2E-01   0.00   2.40  -0.06  -0.50   3.50
100 -1.0  2.0000   -25.074  6.2E-01   0.00  -2.98  -0.22  -0.28   3.50
102 -1.0  2.0000   -25.074  6.2E-01   0.00  -0.23  -2.76   0.83   3.50
101 -1.0  2.0000   -25.074  6.2E-01   0.00  -1.18   1.05  -2.04   3.50
106 -1.0  2.0000   -22.464  5.3E-01   0.00  -0.62   2.18  -0.37   2.50
105 -1.0  2.0000   -22.463  5.2E-01   0.00   1.89  -0.89  -0.59   2.50
104 -1.0  2.0000   -22.462  5.3E-01   0.00   0.23   0.21   2.46   2.50
108 -1.0  2.0000   -19.815  2.5E+00   0.00  -1.00   0.50  -1.00   1.50
107 -1.0  2.0000   -19.814  2.6E+00   0.00  -0.00  -1.50   0.00   1.50
109 -1.0  2.0000   -18.729  1.9E+00   0.00   0.50   0.50   0.50   0.50
 79  1.0  2.0000   -17.609  1.4E+00   0.00   1.69  -1.76   0.80   4.50
 80  1.0  2.0000   -17.608  1.4E+00   0.00  -1.13   1.08   1.16   4.50
 81  1.0  2.0000   -17.607  1.4E+00   0.00  -0.84   2.06  -2.44   4.50
 82  1.0  2.0000   -17.607  1.4E+00   0.00  -1.68  -1.52   0.52   4.50
 78  1.0  2.0000   -17.606  1.4E+00   0.00  -0.54  -2.37   2.46   4.50
 83  1.0  2.0000   -13.488  1.4E+00   0.00  -0.89   0.54  -2.12   3.50
 85  1.0  2.0000   -13.487  1.4E+00   0.00   0.50  -1.15   1.77   3.50
 86  1.0  2.0000   -13.487  1.4E+00   0.00   2.87   0.97   0.62   3.50
 84  1.0  2.0000   -13.485  1.4E+00   0.00  -0.48   1.65  -2.27   3.50
 88  1.0  2.0000   -11.487  2.5E+00   0.00  -0.19  -2.32   0.16   2.50
 87  1.0  2.0000   -11.487  2.5E+00   0.00   0.01   0.01   2.50   2.50
 89  1.0  2.0000   -11.487  2.5E+00   0.00  -1.32   0.80  -1.16   2.50
110 -1.0  2.0000    -9.795  2.3E+00   0.00   0.08  -1.44  -2.90   5.50
111 -1.0  2.0000    -9.795  2.3E+00   0.00   0.37   1.18   1.69   5.50
114 -1.0  2.0000    -9.794  2.3E+00   0.00   0.44  -2.67  -1.41   5.50
113 -1.0  2.0000    -9.794  2.3E+00   0.00  -3.04  -0.67   0.84   5.50
115 -1.0  2.0000    -9.793  2.3E+00   0.00  -0.56   1.40  -4.49   5.50
112 -1.0  2.0000    -9.793  2.3E+00   0.00  -0.29  -0.80   3.27   5.50
 90  1.0  2.0000    -9.647  2.1E+00   0.00   1.50   0.00   0.00   1.50
 91  1.0  2.0000    -9.647  2.1E+00   0.00  -0.50   1.00  -1.00   1.50
 92  1.0  2.0000    -8.926  2.9E+00   0.00  -0.50  -0.50   0.50   0.50
119 -1.0  0.0000    -4.017  2.6E+00   0.00   1.54   1.23   2.67   4.50
118 -1.0  0.0000    -4.016  2.6E+00   0.00  -0.42   1.85   0.67   4.50
117 -1.0  0.0000    -4.016  2.6E+00   0.00  -0.92  -2.40   2.02   4.50
116 -1.0  0.0000    -4.015  2.6E+00   0.00   2.59   0.03  -0.57   4.50
120 -1.0  0.0000    -4.014  2.6E+00   0.00  -0.28   1.78  -2.29   4.50
 96  1.0  0.0000    -1.749  2.7E+00   0.00   1.01   1.11   2.25   6.50
 94  1.0  0.0000    -1.749  2.7E+00   0.00  -1.21   3.42  -0.95   6.50
 93  1.0  0.0000    -1.749  2.7E+00   0.00   0.29  -2.94   0.88   6.50
 95  1.0  0.0000    -1.748  2.7E+00   0.00  -1.98  -2.17   0.87   6.50
--------------------------------------------------------------------------------
---------------------------------Quasiparticles---------------------------------
________________________________________________________________________________
Block 1
positive parity neutrons
  N    Eqp     f_n
________________________________________________________________________________
  1   1.77    0.00E+00
  2   1.77    0.00E+00
  3   1.77    0.00E+00
  4   1.77    0.00E+00
  5   1.78    0.00E+00
  6   4.35    0.00E+00
  7   4.35    0.00E+00
  8   4.35    0.00E+00
  9   4.35    0.00E+00
 10   4.35    0.00E+00
 11   4.35    0.00E+00
 12   4.35    0.00E+00
 13  13.79    0.00E+00
 14  14.17    0.00E+00
 15  14.17    0.00E+00
 16  16.23    0.00E+00
 17  16.23    0.00E+00
 18  16.23    0.00E+00
 19  18.30    0.00E+00
 20  18.30    0.00E+00
 21  18.30    0.00E+00
 22  18.30    0.00E+00
 23  22.26    0.00E+00
 24  22.26    0.00E+00
 25  22.26    0.00E+00
 26  22.26    0.00E+00
 27  22.26    0.00E+00
 28  35.50    0.00E+00
 29  37.64    0.00E+00
 30  37.64    0.00E+00
 31  38.92    0.00E+00
 32  38.92    0.00E+00
 33  38.92    0.00E+00
 34  52.15    0.00E+00
________________________________________________________________________________
Block 3
negative parity neutrons
  N    Eqp     f_n
________________________________________________________________________________
  1   3.23    0.00E+00
  2   4.19    0.00E+00
  3   4.19    0.00E+00
  4   4.19    0.00E+00
  5   4.32    0.00E+00
  6   4.33    0.00E+00
  7   4.62    0.00E+00
  8   4.62    0.00E+00
  9   7.04    0.00E+00
 10   7.04    0.00E+00
 11   7.04    0.00E+00
 12   7.04    0.00E+00
 13   7.62    0.00E+00
 14   7.63    0.00E+00
 15   7.63    0.00E+00
 16   7.63    0.00E+00
 17   7.63    0.00E+00
 18  13.36    0.00E+00
 19  13.36    0.00E+00
 20  13.36    0.00E+00
 21  13.36    0.00E+00
 22  13.36    0.00E+00
 23  13.36    0.00E+00
 24  24.63    0.00E+00
 25  25.79    0.00E+00
 26  25.79    0.00E+00
 27  28.42    0.00E+00
 28  28.42    0.00E+00
 29  28.42    0.00E+00
 30  30.87    0.00E+00
 31  30.87    0.00E+00
 32  30.87    0.00E+00
 33  30.87    0.00E+00
 34  45.61    0.00E+00
 35  46.13    0.00E+00
 36  46.14    0.00E+00
________________________________________________________________________________
Block 5
positive parity  protons
  N    Eqp     f_n
________________________________________________________________________________
  1   3.13    0.00E+00
  2   3.85    0.00E+00
  3   3.85    0.00E+00
  4   4.05    0.00E+00
  5   4.05    0.00E+00
  6   4.05    0.00E+00
  7   4.05    0.00E+00
  8   5.69    0.00E+00
  9   5.69    0.00E+00
 10   5.69    0.00E+00
 11   7.68    0.00E+00
 12   7.69    0.00E+00
 13   7.69    0.00E+00
 14   7.69    0.00E+00
 15  11.81    0.00E+00
 16  11.81    0.00E+00
 17  11.81    0.00E+00
 18  11.81    0.00E+00
 19  11.81    0.00E+00
 20  22.29    0.00E+00
 21  24.80    0.00E+00
 22  24.80    0.00E+00
 23  26.20    0.00E+00
 24  26.20    0.00E+00
 25  26.21    0.00E+00
 26  37.23    0.00E+00
________________________________________________________________________________
Block 7
negative parity  protons
  N    Eqp     f_n
________________________________________________________________________________
  1   1.78    0.00E+00
  2   1.78    0.00E+00
  3   1.78    0.00E+00
  4   1.79    0.00E+00
  5   1.79    0.00E+00
  6   3.99    0.00E+00
  7   3.99    0.00E+00
  8   3.99    0.00E+00
  9   3.99    0.00E+00
 10   3.99    0.00E+00
 11   4.00    0.00E+00
 12  12.93    0.00E+00
 13  14.01    0.00E+00
 14  14.01    0.00E+00
 15  16.66    0.00E+00
 16  16.66    0.00E+00
 17  16.66    0.00E+00
 18  19.27    0.00E+00
 19  19.27    0.00E+00
 20  19.27    0.00E+00
 21  19.28    0.00E+00
 22  31.75    0.00E+00
 23  32.32    0.00E+00
 24  32.32    0.00E+00
--------------------------------------------------------------------------------
---------------- Electric Multipole Moments -----------------
Quantisation Axis             : Z
  With secondary axis ordering: X,Y
______________________________________________________________
                     Neutrons        Protons         Total
______________________________________________________________
 Particles          126.0000         82.0000        208.0000

Re  Q_{ 2 0}          0.0340          0.0462          0.0801
Re  Q_{ 2 2}         -0.0198         -0.0008         -0.0206

Re  Q_{ 4 0}         16.9994          0.6110         17.6104
Re  Q_{ 4 2}          4.8642          1.8895          6.7537
Re  Q_{ 4 4}         -0.4030         -5.1729         -5.5760

Re  Q_{ 6 0}         95.4989         32.3245        127.8234
Re  Q_{ 6 2}        -77.2928         27.1735        -50.1194
Re  Q_{ 6 4}       -336.0436        166.4406       -169.6031
Re  Q_{ 6 6}        176.0004         49.5905        225.5908

Re  Q_{ 8 0}      60058.0308        157.8379      60215.8688
Re  Q_{ 8 2}       -813.5559        -38.9882       -852.5442
Re  Q_{ 8 4}      20712.4635        118.2136      20830.6770
Re  Q_{ 8 6}      -2622.4004        -74.1468      -2696.5472
Re  Q_{ 8 8}      29015.5591       -442.5124      28573.0467

Re  Q_{10 0}    -157310.5501      27141.1266    -130169.4236
Re  Q_{10 2}     118625.8966      30560.6181     149186.5147
Re  Q_{10 4}     198778.4013     -42956.4665     155821.9348
Re  Q_{10 6}     -16148.2966     -20068.4854     -36216.7819
Re  Q_{10 8}     335706.4124      -6381.6842     329324.7282
Re  Q_{1010}      28974.7063     -22829.0821       6145.6242

 RMS radius           5.6967          5.4888          5.6157
______________________________________________________________
                     Neutrons        Protons         Total
______________________________________________________________

Beta_{ 2 0}       0.00001353      0.00001839      0.00003192
Beta_{ 2 2}      -0.00000787     -0.00000034     -0.00000821

Beta_{ 4 0}       0.00013396      0.00000481      0.00013878
Beta_{ 4 2}       0.00003833      0.00001489      0.00005322
Beta_{ 4 4}      -0.00000318     -0.00004076     -0.00004394

Beta_{ 6 0}       0.00001489      0.00000504      0.00001993
Beta_{ 6 2}      -0.00001205      0.00000424     -0.00000781
Beta_{ 6 4}      -0.00005238      0.00002595     -0.00002644
Beta_{ 6 6}       0.00002744      0.00000773      0.00003517

Beta_{ 8 0}       0.00018520      0.00000049      0.00018569
Beta_{ 8 2}      -0.00000251     -0.00000012     -0.00000263
Beta_{ 8 4}       0.00006387      0.00000036      0.00006424
Beta_{ 8 6}      -0.00000809     -0.00000023     -0.00000832
Beta_{ 8 8}       0.00008948     -0.00000136      0.00008811

Beta_{10 0}      -0.00000960      0.00000166     -0.00000794
Beta_{10 2}       0.00000724      0.00000186      0.00000910
Beta_{10 4}       0.00001213     -0.00000262      0.00000951
Beta_{10 6}      -0.00000099     -0.00000122     -0.00000221
Beta_{10 8}       0.00002048     -0.00000039      0.00002009
Beta_{1010}       0.00000177     -0.00000139      0.00000037

______________________________________________________________
                     Neutrons        Protons         Total
______________________________________________________________
Q_{ 2}                0.0440          0.0462          0.0853
Q_{ 4}               18.3474          7.8123         21.5299
Q_{ 6}              555.7619        250.6891        425.0595
Q_{ 8}            78510.2695        677.1498      78374.8650
Q_{10}           599595.4589      90688.1112     574131.2246
______________________________________________________________
                     Neutrons        Protons         Total
______________________________________________________________
Beta_{   2}       0.00001752      0.00001840      0.00003396
Beta_{   4}       0.00014458      0.00006156      0.00016966
Beta_{   6}       0.00008664      0.00003908      0.00006626
Beta_{   8}       0.00024210      0.00000209      0.00024169
Beta_{  10}       0.00003658      0.00000553      0.00003502
______________________________________________________________
 Cart. Moments X              Y              Z
 Cart. N       -0.1305597      0.0229108      0.1076489
 Cart. P       -0.0764861     -0.0698912      0.1463773
 Cart. T       -0.2070458     -0.0469804      0.2540262
 (Q, gamma)    Q              Gamma
 (Q,g) N        0.1394251    -39.4579421
 (Q,g) P        0.1464268     -1.4900407
 (Q,g) T        0.2703139    -19.9912047
 (iq1, iq2)    iq1            iq2
 iq    N        0.1588057     -0.1023137
 iq    P        0.1485756     -0.0043966
 iq    T        0.3073813     -0.1067103
               X^2            Y^2            Z^2
 X^2_i N     1362.9698768   1363.0210336   1363.0492796
 X^2_i P      823.4551596    823.4573579    823.5294474
 X^2_i T     2186.4250364   2186.4783915   2186.5787271
------------------------------------------------------------
---------------------Rotational properties--------------------
                Rigid rotor          (hbar^2/MeV)
              n              p              t 
 I_R X      65.7343168     39.7141453    105.4484620
 I_R Y      65.7330832     39.7140923    105.4471755
 I_R Z      65.7324021     39.7123539    105.4447561

                Belyaev              (hbar^2/MeV) 
              n              p              t 
 I_B X       0.0000062      0.0000072      0.0000134
 I_B Y       0.0000081      0.0000062      0.0000143
 I_B Z       0.0000156      0.0000077      0.0000233

                Belyaev (collective) (hbar^2/MeV) 
              n              p              t 
 I_B X       0.0000062      0.0000072      0.0000134
 I_B Y       0.0000081      0.0000062      0.0000143
 I_B Z       0.0000156      0.0000077      0.0000233

                 J^2                 (hbar^2)
              n              p              t 
 J2_X        0.0000271      0.0000306      0.0000577
 J2_Y        0.0000388      0.0000317      0.0000705
 J2_Z        0.0000587      0.0000318      0.0000905
 J2_t        0.0001247      0.0000941      0.0002188

                 J^2 (collective)    (hbar^2)
              n              p              t 
 J2_X        0.0000271      0.0000306      0.0000577
 J2_Y        0.0000388      0.0000317      0.0000705
 J2_Z        0.0000587      0.0000318      0.0000905
 J2_t        0.0001247      0.0000941      0.0002188
-------------------------- Pairing -------------------------
                          N         P 
 Fermi Level (MeV)     -5.12024244    -5.80029356
 Particles            126.00000000    82.00000000
 Dispersion             0.00000000     0.00000000
 Average gap   v^2      0.00000000     0.00000002
 Average gap   uv       0.00000001     0.00000008

 HFB convergence:   (N,+)    (N,-)    (P,+)    (P,-)
  r^2-r+k*k^T    =  1.20E-14 1.20E-14 6.48E-15 8.11E-15
  r*k-k*r        =  9.05E-16 1.22E-16 9.34E-16 6.95E-16
------------------------------------------------------------
--------------------------------------------------------------------------------
 Skyrme Energy 
                                    Isoscalar      Isovector   |   Total
--------------------------------------------------------------------------------
                 E_D_I_I_D_I_I  -22456.184089     704.763464  -21751.420625
               E_D_I_I_D_Nm_Nm    1235.803554      28.730160    1264.533714
             E_D_I_I_Lap_D_I_I     303.783737      -2.299148     301.484589
              E_D_I_I_D_I_I_DD   14700.966210    -626.156291   14074.809918
       E_D_I_I_Derm_C_I_NxmSxm     -89.838146      -0.665159     -90.503305
           E_C_I_NmSk_C_I_NmSk       0.000000       0.000000       0.000000
               E_DP_I_I_DP_I_I                                    -0.000000
--------------------------------------------------------------------------------
                 Total Skyrme:                                 -6201.095709
--------------------------------------------------------------------------------
--------------------------------------------------------------------------------
                                     neutron        proton         total
                Kinetic Energy:    2466.244878    1330.884043    3797.128921
                    COM 1-body:     -11.856947      -6.398481     -18.255428

                Coulomb Direct:       0.000000     823.288747     823.288747
                      Exchange:       0.000000     -31.125371     -31.125371

               Pairing (delta):      -0.000000      -0.000000      -0.000000
               Pairing (densi):                                    -0.000000
--------------------------------------------------------------------------------
                  Total energy:                                 -1630.058839
                    from spwfs:                                 -1627.238047
--------------------------------------------------------------------------------
--------------------------------------------------------------------------------
 Iteration =   21
 dt  =   0.0205      mu  =   0.8496  D2H =  0.8E+00
 E   =  -1631.035    DE  =  0.59842E-03
 dmun=  0.0E+00      dmup=  0.0E+00
 Q20 =       0.0711  Q22 =      -0.0211 dQ20=  0.9E-02      dQ22=  0.5E-03
--------------------------------------------------------------------------------
 Iteration =   22
 dt  =   0.0205      mu  =   0.8485  D2H =  0.6E+00
 E   =  -1631.813    DE  =  0.47685E-03
 dmun=  0.0E+00      dmup=  0.0E+00
 Q20 =       0.0637  Q22 =      -0.0207 dQ20=  0.7E-02      dQ22=  0.4E-03
--------------------------------------------------------------------------------
 Iteration =   23
 dt  =   0.0205      mu  =   0.8476  D2H =  0.5E+00
 E   =  -1632.408    DE  =  0.36447E-03
 dmun=  0.0E+00      dmup=  0.0E+00
 Q20 =       0.0575  Q22 =      -0.0196 dQ20=  0.6E-02      dQ22=  0.1E-02
--------------------------------------------------------------------------------
 Iteration =   24
 dt  =   0.0205      mu  =   0.8471  D2H =  0.4E+00
 E   =  -1632.866    DE  =  0.28073E-03
 dmun=  0.0E+00      dmup=  0.0E+00
 Q20 =       0.0521  Q22 =      -0.0182 dQ20=  0.5E-02      dQ22=  0.1E-02
--------------------------------------------------------------------------------
 Iteration =   25
 dt  =   0.0205      mu  =   0.8470  D2H =  0.4E+00
 E   =  -1633.246    DE  =  0.23237E-03
 dmun=  0.0E+00      dmup=  0.0E+00
 Q20 =       0.0473  Q22 =      -0.0165 dQ20=  0.5E-02      dQ22=  0.2E-02
--------------------------------------------------------------------------------
 Iteration =   26
 dt  =   0.0205      mu  =   0.8471  D2H =  0.3E+00
 E   =  -1633.591    DE  =  0.21156E-03
 dmun=  0.0E+00      dmup=  0.0E+00
 Q20 =       0.0430  Q22 =      -0.0149 dQ20=  0.4E-02      dQ22=  0.2E-02
--------------------------------------------------------------------------------
 Iteration =   27
 dt  =   0.0204      mu  =   0.8472  D2H =  0.3E+00
 E   =  -1633.924    DE  =  0.20338E-03
 dmun=  0.0E+00      dmup=  0.0E+00
 Q20 =       0.0391  Q22 =      -0.0132 dQ20=  0.4E-02      dQ22=  0.2E-02
--------------------------------------------------------------------------------
 Iteration =   28
 dt  =   0.0204      mu  =   0.8471  D2H =  0.3E+00
 E   =  -1634.238    DE  =  0.19250E-03
 dmun=  0.0E+00      dmup=  0.0E+00
 Q20 =       0.0357  Q22 =      -0.0116 dQ20=  0.3E-02      dQ22=  0.2E-02
--------------------------------------------------------------------------------
 Iteration =   29
 dt  =   0.0204      mu  =   0.8466  D2H =  0.2E+00
 E   =  -1634.516    DE  =  0.16984E-03
 dmun=  0.0E+00      dmup=  0.0E+00
 Q20 =       0.0324  Q22 =      -0.0100 dQ20=  0.3E-02      dQ22=  0.2E-02
--------------------- Sp wavefunctions -----------------------------------------
________________________________________________________________________________
   Neutron wavefunctions
  i    P   occ       E        d2h    Delta   JxT    JyT    Jz     J
--------------------- Sp wavefunctions -----------------------------------------
  1  1.0  2.0000   -57.912  7.1E-01   0.00  -0.50  -0.50   0.50   0.50
 35 -1.0  2.0000   -51.714  6.5E-01   0.00  -0.00  -1.50   0.00   1.50
 36 -1.0  2.0000   -51.714  6.5E-01   0.00  -1.00   0.50  -1.00   1.50
 37 -1.0  2.0000   -51.136  4.1E-01   0.00   0.50   0.50   0.50   0.50
  2  1.0  2.0000   -44.374  4.5E-01   0.00   0.59   0.28   2.16   2.50
  4  1.0  2.0000   -44.374  4.5E-01   0.00  -1.22  -1.66   0.62   2.50
  3  1.0  2.0000   -44.374  4.6E-01   0.00  -0.87  -0.12  -1.28   2.50
  6  1.0  2.0000   -42.978  1.9E-01   0.00  -0.50   1.00  -1.00   1.50
  7  1.0  2.0000   -42.978  1.9E-01   0.00   1.50  -0.00  -0.00   1.50
  5  1.0  2.0000   -40.584  1.2E+00   0.00  -0.50  -0.50   0.50   0.50
 40 -1.0  2.0000   -36.221  3.7E-01   0.00   0.58  -3.18  -0.27   3.50
 39 -1.0  2.0000   -36.221  3.7E-01   0.00  -1.38   1.42  -0.75   3.50
 41 -1.0  2.0000   -36.221  3.7E-01   0.00  -0.78   1.10  -2.62   3.50
 38 -1.0  2.0000   -36.220  3.7E-01   0.00  -0.42  -1.34   1.64   3.50
 44 -1.0  2.0000   -33.592  1.0E-01   0.00   2.05   0.87   0.51   2.50
 46 -1.0  2.0000   -33.592  1.0E-01   0.00  -0.39   0.97  -1.34   2.50
 45 -1.0  2.0000   -33.592  1.0E-01   0.00  -0.17  -0.33   2.33   2.50
 42 -1.0  2.0000   -30.897  1.0E+00   0.00  -0.77  -1.20   0.47   1.50
 43 -1.0  2.0000   -30.896  1.0E+00   0.00  -0.23   0.20  -1.47   1.50
 47 -1.0  2.0000   -29.708  5.7E-01   0.00   0.50   0.50   0.50   0.50
  8  1.0  2.0000   -27.546  3.3E-01   0.00   0.49  -2.44   1.18   4.50
 10  1.0  2.0000   -27.545  3.3E-01   0.00  -0.01   1.50  -0.66   4.50
  9  1.0  2.0000   -27.545  3.3E-01   0.00  -0.97   2.33  -2.11   4.50
 11  1.0  2.0000   -27.545  3.3E-01   0.00  -1.64  -0.73   2.71   4.50
 12  1.0  2.0000   -27.545  3.3E-01   0.00  -0.37  -3.16   1.38   4.50
 16  1.0  2.0000   -23.294  4.8E-02   0.00  -0.02   2.61  -0.79   3.50
 17  1.0  2.0000   -23.294  4.9E-02   0.00  -0.51  -1.42   1.60   3.50
 18  1.0  2.0000   -23.294  4.8E-02   0.00   3.20  -0.65  -0.46   3.50
 19  1.0  2.0000   -23.293  4.9E-02   0.00  -0.66   1.47  -2.35   3.50
 15  1.0  2.0000   -21.313  7.6E-01   0.00  -0.03  -1.00   1.18   2.50
 14  1.0  2.0000   -21.313  7.6E-01   0.00  -0.97   1.10  -1.07   2.50
 13  1.0  2.0000   -21.312  7.7E-01   0.00  -0.50  -1.61   1.39   2.50
 22  1.0  2.0000   -19.152  2.5E-01   0.00   1.50   0.00   0.00   1.50
 21  1.0  2.0000   -19.151  2.5E-01   0.00  -0.50   1.00  -1.00   1.50
 20  1.0  2.0000   -18.775  1.1E+00   0.00  -0.50  -0.50   0.50   0.50
 51 -1.0  2.0000   -18.597  2.9E-01   0.00  -2.32   0.82   0.63   5.50
 52 -1.0  2.0000   -18.596  3.0E-01   0.00   2.16  -1.60   1.19   5.50
 48 -1.0  2.0000   -18.596  2.9E-01   0.00  -1.38  -2.13  -1.08   5.50
 53 -1.0  2.0000   -18.596  2.9E-01   0.00   0.18  -1.31   2.29   5.50
 50 -1.0  2.0000   -18.596  3.0E-01   0.00  -1.10  -1.23  -2.99   5.50
 49 -1.0  2.0000   -18.596  3.0E-01   0.00  -0.54   2.45  -3.06   5.50
 62 -1.0  2.0000   -12.470  5.1E-02   0.00   2.65   0.12  -1.07   4.50
 61 -1.0  2.0000   -12.470  5.2E-02   0.00  -0.92   1.01  -1.18   4.50
 59 -1.0  2.0000   -12.470  5.1E-02   0.00   0.98   0.22   2.47   4.50
 58 -1.0  2.0000   -12.469  5.1E-02   0.00  -0.40   1.87  -1.03   4.50
 60 -1.0  2.0000   -12.469  5.1E-02   0.00   0.19  -0.73   3.31   4.50
 56 -1.0  2.0000   -12.073  5.3E-01   0.00  -2.68  -0.09   0.04   3.50
 57 -1.0  2.0000   -12.073  5.5E-01   0.00   1.76  -0.25   1.38   3.50
 54 -1.0  2.0000   -12.073  5.3E-01   0.00  -1.58   0.65  -2.23   3.50
 55 -1.0  2.0000   -12.073  5.4E-01   0.00   0.50  -2.31  -1.19   3.50
 28  1.0  2.0000    -9.559  2.7E-01   0.00   1.54  -2.69   2.20   6.50
 29  1.0  2.0000    -9.559  2.7E-01   0.00   2.93  -0.16   2.57   6.50
 26  1.0  2.0000    -9.559  2.7E-01   0.00  -1.68   0.98  -4.07   6.50
 24  1.0  2.0000    -9.559  2.6E-01   0.00   1.16   2.67  -1.30   6.50
 27  1.0  2.0000    -9.559  2.8E-01   0.00  -1.45  -0.85   2.75   6.50
 25  1.0  2.0000    -9.559  2.6E-01   0.00  -5.36   0.83  -0.80   6.50
 23  1.0  2.0000    -9.558  2.7E-01   0.00  -0.66  -4.28   2.16   6.50
 64 -1.0  2.0000    -9.260  7.2E-01   0.00   0.49  -1.09  -0.91   1.50
 63 -1.0  2.0000    -9.259  7.2E-01   0.00  -1.49   0.09  -0.09   1.50
 67 -1.0  2.0000    -9.102  1.1E-01   0.00  -0.66   2.13  -0.64   2.50
 66 -1.0  2.0000    -9.102  1.2E-01   0.00  -0.30  -0.41   2.36   2.50
 65 -1.0  2.0000    -9.102  1.1E-01   0.00   2.46  -0.22  -0.22   2.50
 68 -1.0  2.0000    -8.162  4.2E-01   0.00   0.50   0.50   0.50   0.50
 33  1.0  0.0000    -3.209  4.1E-01   0.00   3.33   0.01   0.03   4.50
 32  1.0  0.0000    -3.208  4.1E-01   0.00  -0.90   2.89  -1.36   4.50
 30  1.0  0.0000    -3.207  4.2E-01   0.00  -0.09  -4.25   0.22   4.50
 31  1.0  0.0000    -3.206  4.3E-01   0.00  -4.37  -0.14   0.15   4.50
 34  1.0  0.0000    -3.205  4.3E-01   0.00  -0.47  -1.00   3.45   4.50
 70 -1.0  0.0000    -0.571  2.7E-01   0.00  -0.09  -1.69  -2.53   7.50
 69 -1.0  0.0000    -0.570  2.9E-01   0.00   0.71  -1.15   2.50   7.50
________________________________________________________________________________
   Proton  wavefunctions
  i    P   occ       E        d2h    Delta   JxT    JyT    Jz     J
--------------------- Sp wavefunctions -----------------------------------------
 71  1.0  2.0000   -44.047  3.5E-01   0.00  -0.50  -0.50   0.50   0.50
 97 -1.0  2.0000   -38.941  3.6E-01   0.00  -0.00  -1.50   0.00   1.50
 98 -1.0  2.0000   -38.941  3.6E-01   0.00  -1.00   0.50  -1.00   1.50
 99 -1.0  2.0000   -38.346  2.2E-01   0.00   0.50   0.50   0.50   0.50
 73  1.0  2.0000   -32.631  1.5E-01   0.00   0.31  -0.84   1.21   2.50
 74  1.0  2.0000   -32.630  1.5E-01   0.00  -1.25   0.76  -1.20   2.50
 72  1.0  2.0000   -32.630  1.5E-01   0.00  -0.55  -1.42   1.49   2.50
 76  1.0  2.0000   -31.200  5.5E-02   0.00   1.45   0.29   0.25   1.50
 75  1.0  2.0000   -31.200  5.5E-02   0.00  -0.45   0.71  -1.25   1.50
 77  1.0  2.0000   -28.358  4.3E-01   0.00  -0.50  -0.50   0.50   0.50
103 -1.0  2.0000   -25.496  1.7E-01   0.00   2.40  -0.07  -0.50   3.50
100 -1.0  2.0000   -25.496  1.7E-01   0.00  -2.98  -0.22  -0.29   3.50
102 -1.0  2.0000   -25.496  1.7E-01   0.00  -0.23  -2.76   0.83   3.50
101 -1.0  2.0000   -25.496  1.7E-01   0.00  -1.19   1.05  -2.04   3.50
106 -1.0  2.0000   -22.845  1.9E-01   0.00  -0.62   2.18  -0.37   2.50
105 -1.0  2.0000   -22.845  1.9E-01   0.00   1.89  -0.89  -0.59   2.50
104 -1.0  2.0000   -22.845  1.9E-01   0.00   0.23   0.21   2.46   2.50
107 -1.0  2.0000   -19.956  6.1E-01   0.00  -0.00  -1.50   0.00   1.50
108 -1.0  2.0000   -19.956  6.0E-01   0.00  -1.00   0.50  -1.00   1.50
109 -1.0  2.0000   -18.855  4.6E-01   0.00   0.50   0.50   0.50   0.50
 79  1.0  2.0000   -17.811  4.0E-01   0.00   1.70  -1.76   0.80   4.50
 80  1.0  2.0000   -17.811  4.0E-01   0.00  -1.13   1.08   1.16   4.50
 81  1.0  2.0000   -17.810  4.0E-01   0.00  -0.84   2.06  -2.44   4.50
 82  1.0  2.0000   -17.810  4.0E-01   0.00  -1.68  -1.52   0.52   4.50
 78  1.0  2.0000   -17.810  4.0E-01   0.00  -0.54  -2.37   2.46   4.50
 83  1.0  2.0000   -13.626  4.9E-01   0.00  -0.89   0.54  -2.12   3.50
 85  1.0  2.0000   -13.626  4.9E-01   0.00   0.50  -1.15   1.77   3.50
 86  1.0  2.0000   -13.625  4.9E-01   0.00   2.87   0.97   0.62   3.50
 84  1.0  2.0000   -13.625  4.9E-01   0.00  -0.48   1.65  -2.27   3.50
 88  1.0  2.0000   -11.466  6.5E-01   0.00  -0.19  -2.32   0.16   2.50
 89  1.0  2.0000   -11.466  6.6E-01   0.00  -1.32   0.80  -1.16   2.50
 87  1.0  2.0000   -11.466  6.5E-01   0.00   0.01   0.01   2.50   2.50
110 -1.0  2.0000    -9.764  7.1E-01   0.00   0.08  -1.44  -2.90   5.50
111 -1.0  2.0000    -9.764  7.0E-01   0.00   0.37   1.18   1.69   5.50
114 -1.0  2.0000    -9.764  7.0E-01   0.00   0.44  -2.67  -1.41   5.50
113 -1.0  2.0000    -9.764  7.2E-01   0.00  -3.04  -0.67   0.84   5.50
112 -1.0  2.0000    -9.764  7.0E-01   0.00  -0.29  -0.80   3.27   5.50
115 -1.0  2.0000    -9.763  7.1E-01   0.00  -0.56   1.40  -4.49   5.50
 90  1.0  2.0000    -9.571  6.0E-01   0.00   1.50   0.00   0.00   1.50
 91  1.0  2.0000    -9.571  6.0E-01   0.00  -0.50   1.00  -1.00   1.50
 92  1.0  2.0000    -8.815  8.6E-01   0.00  -0.50  -0.50   0.50   0.50
118 -1.0  0.0000    -3.889  7.8E-01   0.00  -0.42   1.86   0.67   4.50
119 -1.0  0.0000    -3.889  7.8E-01   0.00   1.54   1.23   2.67   4.50
117 -1.0  0.0000    -3.889  7.7E-01   0.00  -0.92  -2.40   2.02   4.50
116 -1.0  0.0000    -3.889  7.7E-01   0.00   2.59   0.03  -0.57   4.50
120 -1.0  0.0000    -3.889  7.7E-01   0.00  -0.28   1.78  -2.29   4.50
 93  1.0  0.0000    -1.477  9.1E-01   0.00   0.29  -2.94   0.88   6.50
 96  1.0  0.0000    -1.477  9.1E-01   0.00   1.01   1.11   2.25   6.50
 94  1.0  0.0000    -1.477  9.1E-01   0.00  -1.21   3.42  -0.95   6.50
 95  1.0  0.0000    -1.477  9.2E-01   0.00  -1.98  -2.17   0.87   6.50
--------------------------------------------------------------------------------
---------------------------------Quasiparticles---------------------------------
________________________________________________________________________________
Block 1
positive parity neutrons
  N    Eqp     f_n
________________________________________________________________________________
  1   1.91    0.00E+00
  2   1.91    0.00E+00
  3   1.91    0.00E+00
  4   1.91    0.00E+00
  5   1.92    0.00E+00
  6   4.44    0.00E+00
  7   4.44    0.00E+00
  8   4.44    0.00E+00
  9   4.44    0.00E+00
 10   4.44    0.00E+00
 11   4.44    0.00E+00
 12   4.44    0.00E+00
 13  13.65    0.00E+00
 14  14.03    0.00E+00
 15  14.03    0.00E+00
 16  16.19    0.00E+00
 17  16.19    0.00E+00
 18  16.19    0.00E+00
 19  18.17    0.00E+00
 20  18.17    0.00E+00
 21  18.17    0.00E+00
 22  18.17    0.00E+00
 23  22.42    0.00E+00
 24  22.42    0.00E+00
 25  22.42    0.00E+00
 26  22.43    0.00E+00
 27  22.43    0.00E+00
 28  35.46    0.00E+00
 29  37.86    0.00E+00
 30  37.86    0.00E+00
 31  39.25    0.00E+00
 32  39.25    0.00E+00
 33  39.25    0.00E+00
 34  52.79    0.00E+00
________________________________________________________________________________
Block 3
negative parity neutrons
  N    Eqp     f_n
________________________________________________________________________________
  1   3.04    0.00E+00
  2   3.98    0.00E+00
  3   3.98    0.00E+00
  4   3.98    0.00E+00
  5   4.14    0.00E+00
  6   4.14    0.00E+00
  7   4.55    0.00E+00
  8   4.55    0.00E+00
  9   6.95    0.00E+00
 10   6.95    0.00E+00
 11   6.95    0.00E+00
 12   6.95    0.00E+00
 13   7.35    0.00E+00
 14   7.35    0.00E+00
 15   7.35    0.00E+00
 16   7.35    0.00E+00
 17   7.35    0.00E+00
 18  13.48    0.00E+00
 19  13.48    0.00E+00
 20  13.48    0.00E+00
 21  13.48    0.00E+00
 22  13.48    0.00E+00
 23  13.48    0.00E+00
 24  24.59    0.00E+00
 25  25.78    0.00E+00
 26  25.78    0.00E+00
 27  28.47    0.00E+00
 28  28.47    0.00E+00
 29  28.47    0.00E+00
 30  31.10    0.00E+00
 31  31.10    0.00E+00
 32  31.10    0.00E+00
 33  31.10    0.00E+00
 34  46.02    0.00E+00
 35  46.59    0.00E+00
 36  46.59    0.00E+00
________________________________________________________________________________
Block 5
positive parity  protons
  N    Eqp     f_n
________________________________________________________________________________
  1   3.01    0.00E+00
  2   3.77    0.00E+00
  3   3.77    0.00E+00
  4   4.32    0.00E+00
  5   4.32    0.00E+00
  6   4.32    0.00E+00
  7   4.32    0.00E+00
  8   5.67    0.00E+00
  9   5.67    0.00E+00
 10   5.67    0.00E+00
 11   7.82    0.00E+00
 12   7.83    0.00E+00
 13   7.83    0.00E+00
 14   7.83    0.00E+00
 15  12.01    0.00E+00
 16  12.01    0.00E+00
 17  12.01    0.00E+00
 18  12.01    0.00E+00
 19  12.01    0.00E+00
 20  22.56    0.00E+00
 21  25.40    0.00E+00
 22  25.40    0.00E+00
 23  26.83    0.00E+00
 24  26.83    0.00E+00
 25  26.83    0.00E+00
 26  38.25    0.00E+00
________________________________________________________________________________
Block 7
negative parity  protons
  N    Eqp     f_n
________________________________________________________________________________
  1   1.91    0.00E+00
  2   1.91    0.00E+00
  3   1.91    0.00E+00
  4   1.91    0.00E+00
  5   1.91    0.00E+00
  6   3.96    0.00E+00
  7   3.96    0.00E+00
  8   3.96    0.00E+00
  9   3.96    0.00E+00
 10   3.96    0.00E+00
 11   3.96    0.00E+00
 12  13.06    0.00E+00
 13  14.16    0.00E+00
 14  14.16    0.00E+00
 15  17.04    0.00E+00
 16  17.04    0.00E+00
 17  17.04    0.00E+00
 18  19.70    0.00E+00
 19  19.70    0.00E+00
 20  19.70    0.00E+00
 21  19.70    0.00E+00
 22  32.55    0.00E+00
 23  33.14    0.00E+00
 24  33.14    0.00E+00
--------------------------------------------------------------------------------
---------------- Electric Multipole Moments -----------------
Quantisation Axis             : Z
  With secondary axis ordering: X,Y
______________________________________________________________
                     Neutrons        Protons         Total
______________________________________________________________
 Particles          126.0000         82.0000        208.0000

Re  Q_{ 2 0}          0.0192          0.0101          0.0294
Re  Q_{ 2 2}         -0.0047         -0.0039         -0.0086

Re  Q_{ 4 0}         19.3376         -1.0062         18.3314
Re  Q_{ 4 2}          1.3236          1.2241          2.5477
Re  Q_{ 4 4}          8.3303         -3.2607          5.0696

Re  Q_{ 6 0}        238.8465        -55.4211        183.4254
Re  Q_{ 6 2}         -1.2850         -9.6641        -10.9491
Re  Q_{ 6 4}       -440.2351         66.1820       -374.0531
Re  Q_{ 6 6}         25.3725         19.0374         44.4099

Re  Q_{ 8 0}      54661.2318      -8542.3035      46118.9283
Re  Q_{ 8 2}        741.0540       -136.7011        604.3529
Re  Q_{ 8 4}      21990.3036      -3567.8756      18422.4280
Re  Q_{ 8 6}        220.6353        -81.5664        139.0690
Re  Q_{ 8 8}      32200.3772      -5267.5473      26932.8299

Re  Q_{10 0}    1529021.6073      -6640.3435    1522381.2638
Re  Q_{10 2}     -14509.5104       6631.7597      -7877.7507
Re  Q_{10 4}   -1607958.0786       8895.2503   -1599062.8283
Re  Q_{10 6}     -41927.7264       1863.6671     -40064.0593
Re  Q_{10 8}   -1929706.5957      15867.8645   -1913838.7311
Re  Q_{1010}     -77566.5618       1690.4715     -75876.0903

 RMS radius           5.6173          5.4596          5.5556
______________________________________________________________
                     Neutrons        Protons         Total
______________________________________________________________

Beta_{ 2 0}       0.00000767      0.00000403      0.00001170
Beta_{ 2 2}      -0.00000187     -0.00000154     -0.00000342

Beta_{ 4 0}       0.00015239     -0.00000793      0.00014446
Beta_{ 4 2}       0.00001043      0.00000965      0.00002008
Beta_{ 4 4}       0.00006565     -0.00002570      0.00003995

Beta_{ 6 0}       0.00003723     -0.00000864      0.00002859
Beta_{ 6 2}      -0.00000020     -0.00000151     -0.00000171
Beta_{ 6 4}      -0.00006863      0.00001032     -0.00005831
Beta_{ 6 6}       0.00000396      0.00000297      0.00000692

Beta_{ 8 0}       0.00016856     -0.00002634      0.00014222
Beta_{ 8 2}       0.00000229     -0.00000042      0.00000186
Beta_{ 8 4}       0.00006781     -0.00001100      0.00005681
Beta_{ 8 6}       0.00000068     -0.00000025      0.00000043
Beta_{ 8 8}       0.00009930     -0.00001624      0.00008305

Beta_{10 0}       0.00009327     -0.00000041      0.00009287
Beta_{10 2}      -0.00000089      0.00000040     -0.00000048
Beta_{10 4}      -0.00009809      0.00000054     -0.00009754
Beta_{10 6}      -0.00000256      0.00000011     -0.00000244
Beta_{10 8}      -0.00011771      0.00000097     -0.00011675
Beta_{1010}      -0.00000473      0.00000010     -0.00000463

______________________________________________________________
                     Neutrons        Protons         Total
______________________________________________________________
Q_{ 2}                0.0204          0.0115          0.0318
Q_{ 4}               22.7208          5.0273         20.0106
Q_{ 6}              667.7967        112.8860        563.6138
Q_{ 8}            77652.5687      12408.6749      65247.6135
Q_{10}          3869427.6831      28399.7489    3843443.0769
______________________________________________________________
                     Neutrons        Protons         Total
______________________________________________________________
Beta_{   2}       0.00000811      0.00000458      0.00001265
Beta_{   4}       0.00017905      0.00003962      0.00015769
Beta_{   6}       0.00010410      0.00001760      0.00008786
Beta_{   8}       0.00023946      0.00003826      0.00020120
Beta_{  10}       0.00023604      0.00000173      0.00023445
______________________________________________________________
 Cart. Moments X              Y              Z
 Cart. N       -0.0487663     -0.0122457      0.0610120
 Cart. P       -0.0310708     -0.0010017      0.0320726
 Cart. T       -0.0798371     -0.0132474      0.0930846
 (Q, gamma)    Q              Gamma
 (Q,g) N        0.0645527    -19.0646976
 (Q,g) P        0.0364696    -28.4260073
 (Q,g) T        0.1007115    -22.4415071
 (iq1, iq2)    iq1            iq2
 iq    N        0.0731855     -0.0243471
 iq    P        0.0420956     -0.0200461
 iq    T        0.1152811     -0.0443932
               X^2            Y^2            Z^2
 X^2_i N     1325.2333815   1325.2455551   1325.2699743
 X^2_i P      814.7160771    814.7261002    814.7371249
 X^2_i T     2139.9494587   2139.9716552   2140.0070992
------------------------------------------------------------
---------------------Rotational properties--------------------
                Rigid rotor          (hbar^2/MeV)
              n              p              t 
 I_R X      63.9124481     39.2915954    103.2040435
 I_R Y      63.9121546     39.2913537    103.2035083
 I_R Z      63.9115657     39.2910879    103.2026536

                Belyaev              (hbar^2/MeV) 
              n              p              t 
 I_B X       0.0000010      0.0000014      0.0000024
 I_B Y       0.0000012      0.0000015      0.0000027
 I_B Z       0.0000022      0.0000026      0.0000048

                Belyaev (collective) (hbar^2/MeV) 
              n              p              t 
 I_B X       0.0000010      0.0000014      0.0000024
 I_B Y       0.0000012      0.0000015      0.0000027
 I_B Z       0.0000022      0.0000026      0.0000048

                 J^2                 (hbar^2)
              n              p              t 
 J2_X        0.0000041      0.0000051      0.0000092
 J2_Y        0.0000054      0.0000058      0.0000112
 J2_Z        0.0000084      0.0000084      0.0000168
 J2_t        0.0000178      0.0000193      0.0000371

                 J^2 (collective)    (hbar^2)
              n              p              t 
 J2_X        0.0000041      0.0000051      0.0000092
 J2_Y        0.0000054      0.0000058      0.0000112
 J2_Z        0.0000084      0.0000084      0.0000168
 J2_t        0.0000178      0.0000193      0.0000371
-------------------------- Pairing -------------------------
                          N         P 
 Fermi Level (MeV)     -5.12024244    -5.80029356
 Particles            126.00000000    82.00000000
 Dispersion             0.00000000    -0.00000000
 Average gap   v^2      0.00000000     0.00000000
 Average gap   uv       0.00000000     0.00000000

 HFB convergence:   (N,+)    (N,-)    (P,+)    (P,-)
  r^2-r+k*k^T    =  1.48E-14 1.28E-14 8.31E-15 8.02E-15
  r*k-k*r        =  8.14E-16 4.77E-16 9.53E-16 6.88E-16
------------------------------------------------------------
--------------------------------------------------------------------------------
 Skyrme Energy 
                                    Isoscalar      Isovector   |   Total
--------------------------------------------------------------------------------
                 E_D_I_I_D_I_I  -23137.505428     769.722221  -22367.783207
               E_D_I_I_D_Nm_Nm    1296.291947      32.575824    1328.867770
             E_D_I_I_Lap_D_I_I     316.552213      -2.646217     313.905997
              E_D_I_I_D_I_I_DD   15215.648444    -691.281613   14524.366832
       E_D_I_I_Derm_C_I_NxmSxm     -95.333135      -0.858566     -96.191700
           E_C_I_NmSk_C_I_NmSk       0.000000       0.000000       0.000000
               E_DP_I_I_DP_I_I                                    -0.000000
--------------------------------------------------------------------------------
                 Total Skyrme:                                 -6296.834309
--------------------------------------------------------------------------------
--------------------------------------------------------------------------------
                                     neutron        proton         total
                Kinetic Energy:    2544.629610    1339.566663    3884.196274
                    COM 1-body:     -12.233796      -6.440224     -18.674021

                Coulomb Direct:       0.000000     827.803455     827.803455
                      Exchange:       0.000000     -31.229712     -31.229712

               Pairing (delta):      -0.000000      -0.000000      -0.000000
               Pairing (densi):                                    -0.000000
--------------------------------------------------------------------------------
                  Total energy:                                 -1634.738313
                    from spwfs:                                 -1635.046943
--------------------------------------------------------------------------------
--------------------------------------------------------------------------------
 Iteration =   31
 dt  =   0.0203      mu  =   0.8445  D2H =  0.2E+00
 E   =  -1634.899    DE  =  0.98444E-04
 dmun=  0.0E+00      dmup=  0.0E+00
 Q20 =       0.0265  Q22 =      -0.0073 dQ20=  0.3E-02      dQ22=  0.1E-02
--------------------------------------------------------------------------------
 Iteration =   32
 dt  =   0.0203      mu  =   0.8432  D2H =  0.1E+00
 E   =  -1635.008    DE  =  0.66695E-04
 dmun=  0.0E+00      dmup=  0.0E+00
 Q20 =       0.0238  Q22 =      -0.0063 dQ20=  0.3E-02      dQ22=  0.1E-02
--------------------------------------------------------------------------------
 Iteration =   33
 dt  =   0.0203      mu  =   0.8419  D2H =  0.1E+00
 E   =  -1635.084    DE  =  0.46330E-04
 dmun=  0.0E+00      dmup=  0.0E+00
 Q20 =       0.0213  Q22 =      -0.0056 dQ20=  0.2E-02      dQ22=  0.8E-03
--------------------------------------------------------------------------------
 Iteration =   34
 dt  =   0.0203      mu  =   0.8409  D2H =  0.9E-01
 E   =  -1635.145    DE  =  0.37298E-04
 dmun=  0.0E+00      dmup=  0.0E+00
 Q20 =       0.0191  Q22 =      -0.0050 dQ20=  0.2E-02      dQ22=  0.5E-03
--------------------------------------------------------------------------------
 Iteration =   35
 dt  =   0.0203      mu  =   0.8401  D2H =  0.8E-01
 E   =  -1635.204    DE  =  0.36087E-04
 dmun=  0.0E+00      dmup=  0.0E+00
 Q20 =       0.0172  Q22 =      -0.0047 dQ20=  0.2E-02      dQ22=  0.4E-03
--------------------------------------------------------------------------------
 Iteration =   36
 dt  =   0.0203      mu  =   0.8396  D2H =  0.7E-01
 E   =  -1635.265    DE  =  0.37485E-04
 dmun=  0.0E+00      dmup=  0.0E+00
 Q20 =       0.0154  Q22 =      -0.0045 dQ20=  0.2E-02      dQ22=  0.2E-03
--------------------------------------------------------------------------------
 Iteration =   37
 dt  =   0.0203      mu  =   0.8394  D2H =  0.6E-01
 E   =  -1635.327    DE  =  0.37582E-04
 dmun=  0.0E+00      dmup=  0.0E+00
 Q20 =       0.0137  Q22 =      -0.0043 dQ20=  0.2E-02      dQ22=  0.1E-03
--------------------------------------------------------------------------------
 Iteration =   38
 dt  =   0.0203      mu  =   0.8393  D2H =  0.5E-01
 E   =  -1635.384    DE  =  0.35141E-04
 dmun=  0.0E+00      dmup=  0.0E+00
 Q20 =       0.0121  Q22 =      -0.0043 dQ20=  0.2E-02      dQ22=  0.6E-04
--------------------------------------------------------------------------------
 Iteration =   39
 dt  =   0.0203      mu  =   0.8394  D2H =  0.4E-01
 E   =  -1635.435    DE  =  0.30754E-04
 dmun=  0.0E+00      dmup=  0.0E+00
 Q20 =       0.0106  Q22 =      -0.0043 dQ20=  0.1E-02      dQ22=  0.1E-04
--------------------- Sp wavefunctions -----------------------------------------
________________________________________________________________________________
   Neutron wavefunctions
  i    P   occ       E        d2h    Delta   JxT    JyT    Jz     J
--------------------- Sp wavefunctions -----------------------------------------
  1  1.0  2.0000   -58.130  1.6E-02   0.00  -0.50  -0.50   0.50   0.50
 36 -1.0  2.0000   -51.935  3.5E-02   0.00  -1.00   0.50  -1.00   1.50
 35 -1.0  2.0000   -51.935  3.5E-02   0.00  -0.00  -1.50   0.00   1.50
 37 -1.0  2.0000   -51.327  2.0E-02   0.00   0.50   0.50   0.50   0.50
  3  1.0  2.0000   -44.571  3.6E-02   0.00  -0.87  -0.12  -1.28   2.50
  2  1.0  2.0000   -44.571  3.6E-02   0.00   0.59   0.28   2.16   2.50
  4  1.0  2.0000   -44.571  3.6E-02   0.00  -1.22  -1.66   0.62   2.50
  7  1.0  2.0000   -43.132  1.4E-02   0.00   1.50  -0.00  -0.00   1.50
  6  1.0  2.0000   -43.132  1.4E-02   0.00  -0.50   1.00  -1.00   1.50
  5  1.0  2.0000   -40.659  8.1E-02   0.00  -0.50  -0.50   0.50   0.50
 39 -1.0  2.0000   -36.383  4.0E-02   0.00  -1.38   1.42  -0.75   3.50
 40 -1.0  2.0000   -36.383  4.0E-02   0.00   0.58  -3.18  -0.27   3.50
 38 -1.0  2.0000   -36.383  4.1E-02   0.00  -0.42  -1.34   1.64   3.50
 41 -1.0  2.0000   -36.383  4.0E-02   0.00  -0.78   1.10  -2.62   3.50
 44 -1.0  2.0000   -33.691  1.9E-02   0.00   2.05   0.87   0.51   2.50
 46 -1.0  2.0000   -33.691  2.0E-02   0.00  -0.39   0.97  -1.34   2.50
 45 -1.0  2.0000   -33.691  2.0E-02   0.00  -0.17  -0.33   2.33   2.50
 42 -1.0  2.0000   -30.916  1.2E-01   0.00  -0.77  -1.20   0.47   1.50
 43 -1.0  2.0000   -30.916  1.2E-01   0.00  -0.23   0.20  -1.47   1.50
 47 -1.0  2.0000   -29.699  6.5E-02   0.00   0.50   0.50   0.50   0.50
  8  1.0  2.0000   -27.662  5.3E-02   0.00   0.49  -2.44   1.18   4.50
 10  1.0  2.0000   -27.662  5.5E-02   0.00  -0.01   1.50  -0.66   4.50
 11  1.0  2.0000   -27.662  5.4E-02   0.00  -1.64  -0.73   2.71   4.50
  9  1.0  2.0000   -27.662  5.4E-02   0.00  -0.97   2.33  -2.11   4.50
 12  1.0  2.0000   -27.662  5.4E-02   0.00  -0.37  -3.16   1.38   4.50
 17  1.0  2.0000   -23.325  2.7E-02   0.00  -0.51  -1.42   1.60   3.50
 18  1.0  2.0000   -23.325  2.6E-02   0.00   3.20  -0.65  -0.46   3.50
 16  1.0  2.0000   -23.325  2.6E-02   0.00  -0.02   2.61  -0.79   3.50
 19  1.0  2.0000   -23.325  2.6E-02   0.00  -0.66   1.47  -2.35   3.50
 15  1.0  2.0000   -21.279  1.0E-01   0.00  -0.03  -1.00   1.18   2.50
 13  1.0  2.0000   -21.278  1.0E-01   0.00  -0.50  -1.61   1.39   2.50
 14  1.0  2.0000   -21.278  1.1E-01   0.00  -0.97   1.10  -1.07   2.50
 22  1.0  2.0000   -19.082  4.6E-02   0.00   1.50   0.00   0.00   1.50
 21  1.0  2.0000   -19.082  4.7E-02   0.00  -0.50   1.00  -1.00   1.50
 20  1.0  2.0000   -18.679  1.4E-01   0.00  -0.50  -0.50   0.50   0.50
 52 -1.0  2.0000   -18.658  6.2E-02   0.00   2.17  -1.60   1.19   5.50
 48 -1.0  2.0000   -18.658  6.0E-02   0.00  -1.38  -2.13  -1.08   5.50
 51 -1.0  2.0000   -18.658  6.3E-02   0.00  -2.32   0.82   0.63   5.50
 50 -1.0  2.0000   -18.658  6.4E-02   0.00  -1.10  -1.23  -2.99   5.50
 53 -1.0  2.0000   -18.658  6.2E-02   0.00   0.18  -1.31   2.29   5.50
 49 -1.0  2.0000   -18.658  6.3E-02   0.00  -0.54   2.45  -3.06   5.50
 61 -1.0  2.0000   -12.428  2.2E-02   0.00  -0.92   1.01  -1.18   4.50
 59 -1.0  2.0000   -12.428  2.1E-02   0.00   0.98   0.22   2.47   4.50
 62 -1.0  2.0000   -12.428  2.2E-02   0.00   2.65   0.12  -1.07   4.50
 58 -1.0  2.0000   -12.428  2.1E-02   0.00  -0.40   1.87  -1.03   4.50
 60 -1.0  2.0000   -12.428  2.2E-02   0.00   0.19  -0.73   3.31   4.50
 56 -1.0  2.0000   -11.987  9.5E-02   0.00  -2.68  -0.09   0.04   3.50
 54 -1.0  2.0000   -11.987  9.5E-02   0.00  -1.58   0.65  -2.23   3.50
 55 -1.0  2.0000   -11.987  9.6E-02   0.00   0.50  -2.31  -1.19   3.50
 57 -1.0  2.0000   -11.987  9.8E-02   0.00   1.76  -0.25   1.38   3.50
 29  1.0  2.0000    -9.559  7.0E-02   0.00   2.93  -0.16   2.57   6.50
 28  1.0  2.0000    -9.559  6.9E-02   0.00   1.54  -2.69   2.20   6.50
 25  1.0  2.0000    -9.559  6.8E-02   0.00  -5.36   0.83  -0.80   6.50
 24  1.0  2.0000    -9.559  7.2E-02   0.00   1.16   2.67  -1.30   6.50
 23  1.0  2.0000    -9.559  6.8E-02   0.00  -0.66  -4.28   2.16   6.50
 26  1.0  2.0000    -9.559  7.3E-02   0.00  -1.68   0.98  -4.07   6.50
 27  1.0  2.0000    -9.559  7.3E-02   0.00  -1.45  -0.85   2.75   6.50
 64 -1.0  2.0000    -9.124  8.4E-02   0.00   0.49  -1.09  -0.91   1.50
 63 -1.0  2.0000    -9.124  8.4E-02   0.00  -1.49   0.09  -0.09   1.50
 65 -1.0  2.0000    -8.983  3.4E-02   0.00   2.46  -0.22  -0.22   2.50
 67 -1.0  2.0000    -8.983  3.4E-02   0.00  -0.66   2.13  -0.64   2.50
 66 -1.0  2.0000    -8.983  3.4E-02   0.00  -0.30  -0.41   2.36   2.50
 68 -1.0  2.0000    -8.011  4.8E-02   0.00   0.50   0.50   0.50   0.50
 33  1.0  0.0000    -3.083  7.6E-02   0.00   3.33   0.01   0.03   4.50
 32  1.0  0.0000    -3.082  7.5E-02   0.00  -0.90   2.89  -1.36   4.50
 30  1.0  0.0000    -3.082  8.0E-02   0.00  -0.09  -4.25   0.22   4.50
 31  1.0  0.0000    -3.081  8.2E-02   0.00  -4.37  -0.14   0.15   4.50
 34  1.0  0.0000    -3.080  8.2E-02   0.00  -0.47  -1.00   3.45   4.50
 69 -1.0  0.0000    -0.508  8.0E-02   0.00   0.71  -1.15   2.50   7.50
 70 -1.0  0.0000    -0.508  8.0E-02   0.00  -0.09  -1.69  -2.53   7.50
________________________________________________________________________________
   Proton  wavefunctions
  i    P   occ       E        d2h    Delta   JxT    JyT    Jz     J
--------------------- Sp wavefunctions -----------------------------------------
 71  1.0  2.0000   -44.144  9.1E-02   0.00  -0.50  -0.50   0.50   0.50
 98 -1.0  2.0000   -38.979  3.8E-02   0.00  -1.00   0.50  -1.00   1.50
 97 -1.0  2.0000   -38.979  3.8E-02   0.00  -0.00  -1.50   0.00   1.50
 99 -1.0  2.0000   -38.377  2.5E-02   0.00   0.50   0.50   0.50   0.50
 73  1.0  2.0000   -32.600  2.9E-02   0.00   0.31  -0.84   1.21   2.50
 74  1.0  2.0000   -32.600  2.8E-02   0.00  -1.25   0.76  -1.20   2.50
 72  1.0  2.0000   -32.600  2.9E-02   0.00  -0.55  -1.42   1.49   2.50
 76  1.0  2.0000   -31.156  1.2E-02   0.00   1.45   0.29   0.25   1.50
 75  1.0  2.0000   -31.156  1.1E-02   0.00  -0.45   0.71  -1.25   1.50
 77  1.0  2.0000   -28.339  6.1E-02   0.00  -0.50  -0.50   0.50   0.50
103 -1.0  2.0000   -25.416  4.2E-02   0.00   2.40  -0.07  -0.50   3.50
100 -1.0  2.0000   -25.416  4.1E-02   0.00  -2.98  -0.22  -0.29   3.50
101 -1.0  2.0000   -25.416  4.1E-02   0.00  -1.19   1.05  -2.04   3.50
102 -1.0  2.0000   -25.416  4.1E-02   0.00  -0.23  -2.76   0.83   3.50
106 -1.0  2.0000   -22.738  3.4E-02   0.00  -0.62   2.18  -0.37   2.50
105 -1.0  2.0000   -22.738  3.4E-02   0.00   1.89  -0.89  -0.59   2.50
104 -1.0  2.0000   -22.738  3.4E-02   0.00   0.23   0.21   2.46   2.50
108 -1.0  2.0000   -19.908  6.3E-02   0.00  -1.00   0.50  -1.00   1.50
107 -1.0  2.0000   -19.908  6.5E-02   0.00  -0.00  -1.50   0.00   1.50
109 -1.0  2.0000   -18.797  5.5E-02   0.00   0.50   0.50   0.50   0.50
 79  1.0  2.0000   -17.704  8.6E-02   0.00   1.70  -1.76   0.80   4.50
 81  1.0  2.0000   -17.704  8.3E-02   0.00  -0.84   2.06  -2.44   4.50
 80  1.0  2.0000   -17.704  8.4E-02   0.00  -1.13   1.08   1.16   4.50
 82  1.0  2.0000   -17.704  8.5E-02   0.00  -1.68  -1.52   0.52   4.50
 78  1.0  2.0000   -17.704  9.0E-02   0.00  -0.54  -2.37   2.46   4.50
 83  1.0  2.0000   -13.470  8.6E-02   0.00  -0.89   0.54  -2.12   3.50
 85  1.0  2.0000   -13.470  8.6E-02   0.00   0.50  -1.15   1.77   3.50
 86  1.0  2.0000   -13.470  8.7E-02   0.00   2.87   0.97   0.62   3.50
 84  1.0  2.0000   -13.470  8.7E-02   0.00  -0.48   1.65  -2.27   3.50
 88  1.0  2.0000   -11.420  1.2E-01   0.00  -0.19  -2.32   0.16   2.50
 87  1.0  2.0000   -11.420  1.2E-01   0.00   0.01   0.01   2.50   2.50
 89  1.0  2.0000   -11.420  1.2E-01   0.00  -1.32   0.80  -1.16   2.50
113 -1.0  2.0000    -9.648  1.3E-01   0.00  -3.04  -0.67   0.84   5.50
110 -1.0  2.0000    -9.648  1.4E-01   0.00   0.08  -1.44  -2.90   5.50
111 -1.0  2.0000    -9.648  1.4E-01   0.00   0.37   1.18   1.69   5.50
112 -1.0  2.0000    -9.648  1.4E-01   0.00  -0.29  -0.80   3.27   5.50
115 -1.0  2.0000    -9.648  1.4E-01   0.00  -0.56   1.40  -4.49   5.50
114 -1.0  2.0000    -9.648  1.4E-01   0.00   0.44  -2.67  -1.41   5.50
 91  1.0  2.0000    -9.505  1.2E-01   0.00  -0.50   1.00  -1.00   1.50
 90  1.0  2.0000    -9.505  1.2E-01   0.00   1.50   0.00   0.00   1.50
 92  1.0  2.0000    -8.762  1.6E-01   0.00  -0.50  -0.50   0.50   0.50
118 -1.0  0.0000    -3.701  1.3E-01   0.00  -0.42   1.85   0.67   4.50
119 -1.0  0.0000    -3.701  1.4E-01   0.00   1.54   1.23   2.67   4.50
117 -1.0  0.0000    -3.701  1.4E-01   0.00  -0.92  -2.40   2.02   4.50
120 -1.0  0.0000    -3.700  1.4E-01   0.00  -0.28   1.78  -2.29   4.50
116 -1.0  0.0000    -3.700  1.4E-01   0.00   2.59   0.03  -0.57   4.50
 95  1.0  0.0000    -1.363  1.9E-01   0.00  -1.98  -2.17   0.87   6.50
 96  1.0  0.0000    -1.363  1.9E-01   0.00   1.01   1.11   2.25   6.50
 94  1.0  0.0000    -1.363  1.9E-01   0.00  -1.20   3.42  -0.95   6.50
 93  1.0  0.0000    -1.363  2.0E-01   0.00   0.29  -2.94   0.88   6.50
--------------------------------------------------------------------------------
---------------------------------Quasiparticles---------------------------------
________________________________________________________________________________
Block 1
positive parity neutrons
  N    Eqp     f_n
________________________________________________________________________________
  1   2.04    0.00E+00
  2   2.04    0.00E+00
  3   2.04    0.00E+00
  4   2.04    0.00E+00
  5   2.04    0.00E+00
  6   4.44    0.00E+00
  7   4.44    0.00E+00
  8   4.44    0.00E+00
  9   4.44    0.00E+00
 10   4.44    0.00E+00
 11   4.44    0.00E+00
 12   4.44    0.00E+00
 13  13.56    0.00E+00
 14  13.96    0.00E+00
 15  13.96    0.00E+00
 16  16.16    0.00E+00
 17  16.16    0.00E+00
 18  16.16    0.00E+00
 19  18.20    0.00E+00
 20  18.21    0.00E+00
 21  18.21    0.00E+00
 22  18.21    0.00E+00
 23  22.54    0.00E+00
 24  22.54    0.00E+00
 25  22.54    0.00E+00
 26  22.54    0.00E+00
 27  22.54    0.00E+00
 28  35.54    0.00E+00
 29  38.01    0.00E+00
 30  38.01    0.00E+00
 31  39.45    0.00E+00
 32  39.45    0.00E+00
 33  39.45    0.00E+00
 34  53.01    0.00E+00
________________________________________________________________________________
Block 3
negative parity neutrons
  N    Eqp     f_n
________________________________________________________________________________
  1   2.89    0.00E+00
  2   3.86    0.00E+00
  3   3.86    0.00E+00
  4   3.86    0.00E+00
  5   4.00    0.00E+00
  6   4.00    0.00E+00
  7   4.61    0.00E+00
  8   4.61    0.00E+00
  9   6.87    0.00E+00
 10   6.87    0.00E+00
 11   6.87    0.00E+00
 12   6.87    0.00E+00
 13   7.31    0.00E+00
 14   7.31    0.00E+00
 15   7.31    0.00E+00
 16   7.31    0.00E+00
 17   7.31    0.00E+00
 18  13.54    0.00E+00
 19  13.54    0.00E+00
 20  13.54    0.00E+00
 21  13.54    0.00E+00
 22  13.54    0.00E+00
 23  13.54    0.00E+00
 24  24.58    0.00E+00
 25  25.80    0.00E+00
 26  25.80    0.00E+00
 27  28.57    0.00E+00
 28  28.57    0.00E+00
 29  28.57    0.00E+00
 30  31.26    0.00E+00
 31  31.26    0.00E+00
 32  31.26    0.00E+00
 33  31.26    0.00E+00
 34  46.21    0.00E+00
 35  46.81    0.00E+00
 36  46.81    0.00E+00
________________________________________________________________________________
Block 5
positive parity  protons
  N    Eqp     f_n
________________________________________________________________________________
  1   2.96    0.00E+00
  2   3.70    0.00E+00
  3   3.70    0.00E+00
  4   4.44    0.00E+00
  5   4.44    0.00E+00
  6   4.44    0.00E+00
  7   4.44    0.00E+00
  8   5.62    0.00E+00
  9   5.62    0.00E+00
 10   5.62    0.00E+00
 11   7.67    0.00E+00
 12   7.67    0.00E+00
 13   7.67    0.00E+00
 14   7.67    0.00E+00
 15  11.90    0.00E+00
 16  11.90    0.00E+00
 17  11.90    0.00E+00
 18  11.90    0.00E+00
 19  11.90    0.00E+00
 20  22.54    0.00E+00
 21  25.36    0.00E+00
 22  25.36    0.00E+00
 23  26.80    0.00E+00
 24  26.80    0.00E+00
 25  26.80    0.00E+00
 26  38.34    0.00E+00
________________________________________________________________________________
Block 7
negative parity  protons
  N    Eqp     f_n
________________________________________________________________________________
  1   2.10    0.00E+00
  2   2.10    0.00E+00
  3   2.10    0.00E+00
  4   2.10    0.00E+00
  5   2.10    0.00E+00
  6   3.85    0.00E+00
  7   3.85    0.00E+00
  8   3.85    0.00E+00
  9   3.85    0.00E+00
 10   3.85    0.00E+00
 11   3.85    0.00E+00
 12  13.00    0.00E+00
 13  14.11    0.00E+00
 14  14.11    0.00E+00
 15  16.94    0.00E+00
 16  16.94    0.00E+00
 17  16.94    0.00E+00
 18  19.62    0.00E+00
 19  19.62    0.00E+00
 20  19.62    0.00E+00
 21  19.62    0.00E+00
 22  32.58    0.00E+00
 23  33.18    0.00E+00
 24  33.18    0.00E+00
--------------------------------------------------------------------------------
---------------- Electric Multipole Moments -----------------
Quantisation Axis             : Z
  With secondary axis ordering: X,Y
______________________________________________________________
                     Neutrons        Protons         Total
______________________________________________________________
 Particles          126.0000         82.0000        208.0000

Re  Q_{ 2 0}          0.0038          0.0054          0.0092
Re  Q_{ 2 2}         -0.0020         -0.0023         -0.0043

Re  Q_{ 4 0}          9.7873         -0.0860          9.7013
Re  Q_{ 4 2}          0.4053          0.3351          0.7404
Re  Q_{ 4 4}          5.0930         -0.5506          4.5424

Re  Q_{ 6 0}        136.5027        -34.6235        101.8791
Re  Q_{ 6 2}          4.1518        -10.2884         -6.1366
Re  Q_{ 6 4}       -283.3044         -8.1885       -291.4929
Re  Q_{ 6 6}          0.6016          4.8781          5.4797

Re  Q_{ 8 0}      69091.5950       1496.8997      70588.4946
Re  Q_{ 8 2}        231.3245        165.5824        396.9069
Re  Q_{ 8 4}      25724.9367        548.8993      26273.8360
Re  Q_{ 8 6}        858.7675        232.0832       1090.8507
Re  Q_{ 8 8}      39298.6467        782.5962      40081.2429

Re  Q_{10 0}    3213404.7734     130835.2182    3344239.9916
Re  Q_{10 2}     -45657.9570       1763.9536     -43894.0033
Re  Q_{10 4}   -3333589.6739    -124235.0482   -3457824.7222
Re  Q_{10 6}     -20522.7462      -2336.9685     -22859.7147
Re  Q_{10 8}   -3924170.3379    -146293.6710   -4070464.0089
Re  Q_{1010}     -36273.1468      -5117.9700     -41391.1168

 RMS radius           5.6078          5.4517          5.5468
______________________________________________________________
                     Neutrons        Protons         Total
______________________________________________________________

Beta_{ 2 0}       0.00000153      0.00000214      0.00000368
Beta_{ 2 2}      -0.00000081     -0.00000090     -0.00000171

Beta_{ 4 0}       0.00007713     -0.00000068      0.00007645
Beta_{ 4 2}       0.00000319      0.00000264      0.00000583
Beta_{ 4 4}       0.00004014     -0.00000434      0.00003580

Beta_{ 6 0}       0.00002128     -0.00000540      0.00001588
Beta_{ 6 2}       0.00000065     -0.00000160     -0.00000096
Beta_{ 6 4}      -0.00004416     -0.00000128     -0.00004544
Beta_{ 6 6}       0.00000009      0.00000076      0.00000085

Beta_{ 8 0}       0.00021306      0.00000462      0.00021767
Beta_{ 8 2}       0.00000071      0.00000051      0.00000122
Beta_{ 8 4}       0.00007933      0.00000169      0.00008102
Beta_{ 8 6}       0.00000265      0.00000072      0.00000336
Beta_{ 8 8}       0.00012119      0.00000241      0.00012360

Beta_{10 0}       0.00019602      0.00000798      0.00020400
Beta_{10 2}      -0.00000279      0.00000011     -0.00000268
Beta_{10 4}      -0.00020335     -0.00000758     -0.00021093
Beta_{10 6}      -0.00000125     -0.00000014     -0.00000139
Beta_{10 8}      -0.00023938     -0.00000892     -0.00024830
Beta_{1010}      -0.00000221     -0.00000031     -0.00000252

______________________________________________________________
                     Neutrons        Protons         Total
______________________________________________________________
Q_{ 2}                0.0048          0.0063          0.0110
Q_{ 4}               12.1654          0.9156         11.6824
Q_{ 6}              423.3095         39.9022        424.7952
Q_{ 8}            95851.6691       2056.8820      97872.7313
Q_{10}          7959741.1575     301429.5244    8260915.4568
______________________________________________________________
                     Neutrons        Protons         Total
______________________________________________________________
Beta_{   2}       0.00000191      0.00000249      0.00000440
Beta_{   4}       0.00009587      0.00000722      0.00009206
Beta_{   6}       0.00006599      0.00000622      0.00006622
Beta_{   8}       0.00029558      0.00000634      0.00030181
Beta_{  10}       0.00048555      0.00001839      0.00050392
______________________________________________________________
 Cart. Moments X              Y              Z
 Cart. N       -0.0139842      0.0017902      0.0121940
 Cart. P       -0.0172940      0.0002332      0.0170608
 Cart. T       -0.0312782      0.0020234      0.0292548
 (Q, gamma)    Q              Gamma
 (Q,g) N        0.0152196    -36.7551050
 (Q,g) P        0.0198361    -30.6736541
 (Q,g) T        0.0350073    -33.3135790
 (iq1, iq2)    iq1            iq2
 iq    N        0.0174521     -0.0105163
 iq    P        0.0229032     -0.0116848
 iq    T        0.0403553     -0.0222011
               X^2            Y^2            Z^2
 X^2_i N     1320.7850010   1320.7902591   1320.7937271
 X^2_i P      812.3609602    812.3668026    812.3724118
 X^2_i T     2133.1459612   2133.1570618   2133.1661389
------------------------------------------------------------
---------------------Rotational properties--------------------
                Rigid rotor          (hbar^2/MeV)
              n              p              t 
 I_R X      63.6970799     39.1776843    102.8747642
 I_R Y      63.6969531     39.1775435    102.8744966
 I_R Z      63.6968695     39.1774082    102.8742777

                Belyaev              (hbar^2/MeV) 
              n              p              t 
 I_B X       0.0000004      0.0000003      0.0000007
 I_B Y       0.0000004      0.0000004      0.0000007
 I_B Z       0.0000004      0.0000004      0.0000008

                Belyaev (collective) (hbar^2/MeV) 
              n              p              t 
 I_B X       0.0000004      0.0000003      0.0000007
 I_B Y       0.0000004      0.0000004      0.0000007
 I_B Z       0.0000004      0.0000004      0.0000008

                 J^2                 (hbar^2)
              n              p              t 
 J2_X        0.0000017      0.0000012      0.0000028
 J2_Y        0.0000015      0.0000012      0.0000027
 J2_Z        0.0000014      0.0000014      0.0000028
 J2_t        0.0000046      0.0000038      0.0000084

                 J^2 (collective)    (hbar^2)
              n              p              t 
 J2_X        0.0000017      0.0000012      0.0000028
 J2_Y        0.0000015      0.0000012      0.0000027
 J2_Z        0.0000014      0.0000014      0.0000028
 J2_t        0.0000046      0.0000038      0.0000084
-------------------------- Pairing -------------------------
                          N         P 
 Fermi Level (MeV)     -5.12024244    -5.80029356
 Particles            126.00000000    82.00000000
 Dispersion             0.00000000     0.00000000
 Average gap   v^2      0.00000000     0.00000000
 Average gap   uv       0.00000000     0.00000000

 HFB convergence:   (N,+)    (N,-)    (P,+)    (P,-)
  r^2-r+k*k^T    =  1.33E-14 1.31E-14 9.84E-15 6.86E-15
  r*k-k*r        =  5.71E-16 3.12E-16 9.43E-16 6.25E-16
------------------------------------------------------------
--------------------------------------------------------------------------------
 Skyrme Energy 
                                    Isoscalar      Isovector   |   Total
--------------------------------------------------------------------------------
                 E_D_I_I_D_I_I  -23253.083132     771.966073  -22481.117059
               E_D_I_I_D_Nm_Nm    1307.575371      33.097198    1340.672569
             E_D_I_I_Lap_D_I_I     320.238381      -2.530980     317.707401
              E_D_I_I_D_I_I_DD   15304.058647    -695.182295   14608.876352
       E_D_I_I_Derm_C_I_NxmSxm     -96.496385      -0.853435     -97.349820
           E_C_I_NmSk_C_I_NmSk       0.000000       0.000000       0.000000
               E_DP_I_I_DP_I_I                                    -0.000000
--------------------------------------------------------------------------------
                 Total Skyrme:                                 -6311.210556
--------------------------------------------------------------------------------
--------------------------------------------------------------------------------
                                     neutron        proton         total
                Kinetic Energy:    2550.078867    1346.946510    3897.025377
                    COM 1-body:     -12.259995      -6.475704     -18.735699

                Coulomb Direct:       0.000000     828.746980     828.746980
                      Exchange:       0.000000     -31.303230     -31.303230

               Pairing (delta):      -0.000000      -0.000000      -0.000000
               Pairing (densi):                                    -0.000000
--------------------------------------------------------------------------------
                  Total energy:                                 -1635.477128
                    from spwfs:                                 -1634.982876
--------------------------------------------------------------------------------
--------------------------------------------------------------------------------
 Iteration =   41
 dt  =   0.0203      mu  =   0.8399  D2H =  0.3E-01
 E   =  -1635.513    DE  =  0.22121E-04
 dmun=  0.0E+00      dmup=  0.0E+00
 Q20 =       0.0079  Q22 =      -0.0043 dQ20=  0.1E-02      dQ22=  0.3E-04
--------------------------------------------------------------------------------
 Iteration =   42
 dt  =   0.0203      mu  =   0.8403  D2H =  0.2E-01
 E   =  -1635.545    DE  =  0.19194E-04
 dmun=  0.0E+00      dmup=  0.0E+00
 Q20 =       0.0067  Q22 =      -0.0043 dQ20=  0.1E-02      dQ22=  0.3E-04
--------------------------------------------------------------------------------
 Iteration =   43
 dt  =   0.0203      mu  =   0.8406  D2H =  0.2E-01
 E   =  -1635.572    DE  =  0.16804E-04
 dmun=  0.0E+00      dmup=  0.0E+00
 Q20 =       0.0055  Q22 =      -0.0044 dQ20=  0.1E-02      dQ22=  0.3E-04
--------------------------------------------------------------------------------
 Iteration =   44
 dt  =   0.0203      mu  =   0.8408  D2H =  0.2E-01
 E   =  -1635.596    DE  =  0.14414E-04
 dmun=  0.0E+00      dmup=  0.0E+00
 Q20 =       0.0044  Q22 =      -0.0044 dQ20=  0.1E-02      dQ22=  0.1E-04
--------------------------------------------------------------------------------
 Iteration =   45
 dt  =   0.0203      mu  =   0.8411  D2H =  0.1E-01
 E   =  -1635.615    DE  =  0.11860E-04
 dmun=  0.0E+00      dmup=  0.0E+00
 Q20 =       0.0033  Q22 =      -0.0044 dQ20=  0.1E-02      dQ22=  0.8E-05
--------------------------------------------------------------------------------
 Iteration =   46
 dt  =   0.0203      mu  =   0.8412  D2H =  0.1E-01
 E   =  -1635.631    DE  =  0.94023E-05
 dmun=  0.0E+00      dmup=  0.0E+00
 Q20 =       0.0023  Q22 =      -0.0043 dQ20=  0.1E-02      dQ22=  0.3E-04
--------------------------------------------------------------------------------
 Iteration =   47
 dt  =   0.0203      mu  =   0.8413  D2H =  0.1E-01
 E   =  -1635.643    DE  =  0.73306E-05
 dmun=  0.0E+00      dmup=  0.0E+00
 Q20 =       0.0013  Q22 =      -0.0043 dQ20=  0.1E-02      dQ22=  0.6E-04
--------------------------------------------------------------------------------
 Iteration =   48
 dt  =   0.0203      mu  =   0.8414  D2H =  0.8E-02
 E   =  -1635.652    DE  =  0.58088E-05
 dmun=  0.0E+00      dmup=  0.0E+00
 Q20 =       0.0004  Q22 =      -0.0042 dQ20=  0.9E-03      dQ22=  0.9E-04
--------------------------------------------------------------------------------
 Iteration =   49
 dt  =   0.0203      mu  =   0.8415  D2H =  0.7E-02
 E   =  -1635.660    DE  =  0.47595E-05
 dmun=  0.0E+00      dmup=  0.0E+00
 Q20 =      -0.0003  Q22 =      -0.0041 dQ20=  0.8E-03      dQ22=  0.1E-03
--------------------- Sp wavefunctions -----------------------------------------
________________________________________________________________________________
   Neutron wavefunctions
  i    P   occ       E        d2h    Delta   JxT    JyT    Jz     J
--------------------- Sp wavefunctions -----------------------------------------
  1  1.0  2.0000   -58.023  1.4E-02   0.00  -0.50  -0.50   0.50   0.50
 35 -1.0  2.0000   -51.853  5.0E-03   0.00  -0.00  -1.50   0.00   1.50
 36 -1.0  2.0000   -51.853  5.0E-03   0.00  -1.00   0.50  -1.00   1.50
 37 -1.0  2.0000   -51.258  3.8E-03   0.00   0.50   0.50   0.50   0.50
  2  1.0  2.0000   -44.510  8.3E-03   0.00   0.59   0.28   2.16   2.50
  3  1.0  2.0000   -44.510  8.3E-03   0.00  -0.87  -0.12  -1.28   2.50
  4  1.0  2.0000   -44.510  8.2E-03   0.00  -1.22  -1.66   0.62   2.50
  6  1.0  2.0000   -43.094  3.3E-03   0.00  -0.50   1.00  -1.00   1.50
  7  1.0  2.0000   -43.094  3.3E-03   0.00   1.50  -0.00  -0.00   1.50
  5  1.0  2.0000   -40.608  2.2E-02   0.00  -0.50  -0.50   0.50   0.50
 39 -1.0  2.0000   -36.340  7.9E-03   0.00  -1.38   1.42  -0.75   3.50
 41 -1.0  2.0000   -36.340  7.9E-03   0.00  -0.78   1.10  -2.62   3.50
 40 -1.0  2.0000   -36.340  7.8E-03   0.00   0.58  -3.18  -0.27   3.50
 38 -1.0  2.0000   -36.340  8.1E-03   0.00  -0.42  -1.34   1.64   3.50
 45 -1.0  2.0000   -33.687  3.0E-03   0.00  -0.17  -0.33   2.33   2.50
 46 -1.0  2.0000   -33.687  3.1E-03   0.00  -0.39   0.97  -1.34   2.50
 44 -1.0  2.0000   -33.687  2.9E-03   0.00   2.05   0.87   0.51   2.50
 43 -1.0  2.0000   -30.893  1.5E-02   0.00  -0.23   0.20  -1.47   1.50
 42 -1.0  2.0000   -30.893  1.5E-02   0.00  -0.77  -1.20   0.47   1.50
 47 -1.0  2.0000   -29.698  9.5E-03   0.00   0.50   0.50   0.50   0.50
  9  1.0  2.0000   -27.635  9.6E-03   0.00  -0.97   2.33  -2.11   4.50
 11  1.0  2.0000   -27.635  1.1E-02   0.00  -1.64  -0.73   2.71   4.50
  8  1.0  2.0000   -27.635  1.0E-02   0.00   0.49  -2.44   1.18   4.50
 12  1.0  2.0000   -27.635  1.1E-02   0.00  -0.37  -3.16   1.38   4.50
 10  1.0  2.0000   -27.635  9.9E-03   0.00  -0.01   1.50  -0.66   4.50
 17  1.0  2.0000   -23.355  4.1E-03   0.00  -0.51  -1.42   1.60   3.50
 19  1.0  2.0000   -23.355  4.1E-03   0.00  -0.66   1.47  -2.35   3.50
 18  1.0  2.0000   -23.355  4.1E-03   0.00   3.20  -0.65  -0.46   3.50
 16  1.0  2.0000   -23.355  4.1E-03   0.00  -0.02   2.61  -0.79   3.50
 15  1.0  2.0000   -21.281  1.8E-02   0.00  -0.03  -1.00   1.18   2.50
 13  1.0  2.0000   -21.281  1.7E-02   0.00  -0.50  -1.61   1.39   2.50
 14  1.0  2.0000   -21.281  2.0E-02   0.00  -0.97   1.10  -1.07   2.50
 22  1.0  2.0000   -19.114  7.7E-03   0.00   1.50   0.00   0.00   1.50
 21  1.0  2.0000   -19.114  7.7E-03   0.00  -0.50   1.00  -1.00   1.50
 20  1.0  2.0000   -18.694  2.1E-02   0.00  -0.50  -0.50   0.50   0.50
 52 -1.0  2.0000   -18.645  1.0E-02   0.00   2.17  -1.60   1.19   5.50
 50 -1.0  2.0000   -18.645  1.1E-02   0.00  -1.10  -1.23  -2.99   5.50
 49 -1.0  2.0000   -18.645  1.1E-02   0.00  -0.54   2.45  -3.06   5.50
 51 -1.0  2.0000   -18.645  1.1E-02   0.00  -2.32   0.82   0.64   5.50
 48 -1.0  2.0000   -18.645  1.0E-02   0.00  -1.38  -2.13  -1.08   5.50
 53 -1.0  2.0000   -18.645  1.1E-02   0.00   0.18  -1.31   2.29   5.50
 59 -1.0  2.0000   -12.487  2.6E-03   0.00   0.98   0.22   2.47   4.50
 60 -1.0  2.0000   -12.487  2.6E-03   0.00   0.19  -0.73   3.31   4.50
 58 -1.0  2.0000   -12.487  2.6E-03   0.00  -0.40   1.87  -1.03   4.50
 62 -1.0  2.0000   -12.487  2.6E-03   0.00   2.65   0.12  -1.07   4.50
 61 -1.0  2.0000   -12.487  2.5E-03   0.00  -0.92   1.01  -1.18   4.50
 54 -1.0  2.0000   -12.015  1.9E-02   0.00  -1.58   0.65  -2.23   3.50
 56 -1.0  2.0000   -12.015  1.8E-02   0.00  -2.68  -0.09   0.04   3.50
 55 -1.0  2.0000   -12.015  1.8E-02   0.00   0.50  -2.31  -1.19   3.50
 57 -1.0  2.0000   -12.015  1.8E-02   0.00   1.76  -0.25   1.38   3.50
 29  1.0  2.0000    -9.559  1.4E-02   0.00   2.93  -0.16   2.57   6.50
 25  1.0  2.0000    -9.559  1.5E-02   0.00  -5.36   0.83  -0.80   6.50
 26  1.0  2.0000    -9.559  1.4E-02   0.00  -1.68   0.98  -4.07   6.50
 28  1.0  2.0000    -9.559  1.4E-02   0.00   1.54  -2.69   2.20   6.50
 24  1.0  2.0000    -9.559  1.5E-02   0.00   1.16   2.67  -1.30   6.50
 23  1.0  2.0000    -9.559  1.4E-02   0.00  -0.66  -4.28   2.16   6.50
 27  1.0  2.0000    -9.559  1.4E-02   0.00  -1.45  -0.85   2.75   6.50
 64 -1.0  2.0000    -9.166  1.7E-02   0.00   0.49  -1.09  -0.91   1.50
 63 -1.0  2.0000    -9.166  1.7E-02   0.00  -1.49   0.09  -0.09   1.50
 65 -1.0  2.0000    -9.037  5.4E-03   0.00   2.46  -0.22  -0.22   2.50
 66 -1.0  2.0000    -9.037  5.5E-03   0.00  -0.30  -0.41   2.36   2.50
 67 -1.0  2.0000    -9.037  5.5E-03   0.00  -0.66   2.13  -0.64   2.50
 68 -1.0  2.0000    -8.065  9.9E-03   0.00   0.50   0.50   0.50   0.50
 33  1.0  0.0000    -3.133  1.3E-02   0.00   3.33   0.01   0.03   4.50
 32  1.0  0.0000    -3.132  1.3E-02   0.00  -0.89   2.89  -1.36   4.50
 30  1.0  0.0000    -3.132  1.3E-02   0.00  -0.09  -4.25   0.22   4.50
 31  1.0  0.0000    -3.131  1.3E-02   0.00  -4.37  -0.14   0.16   4.50
 34  1.0  0.0000    -3.130  1.3E-02   0.00  -0.47  -1.00   3.45   4.50
 70 -1.0  0.0000    -0.521  1.6E-02   0.00  -0.09  -1.69  -2.53   7.50
 69 -1.0  0.0000    -0.521  1.5E-02   0.00   0.71  -1.15   2.50   7.50
________________________________________________________________________________
   Proton  wavefunctions
  i    P   occ       E        d2h    Delta   JxT    JyT    Jz     J
--------------------- Sp wavefunctions -----------------------------------------
 71  1.0  2.0000   -44.054  2.8E-02   0.00  -0.50  -0.50   0.50   0.50
 97 -1.0  2.0000   -38.918  8.4E-03   0.00  -0.00  -1.50   0.00   1.50
 98 -1.0  2.0000   -38.918  8.4E-03   0.00  -1.00   0.50  -1.00   1.50
 99 -1.0  2.0000   -38.322  6.2E-03   0.00   0.50   0.50   0.50   0.50
 74  1.0  2.0000   -32.572  5.0E-03   0.00  -1.25   0.76  -1.20   2.50
 73  1.0  2.0000   -32.572  4.9E-03   0.00   0.31  -0.84   1.21   2.50
 72  1.0  2.0000   -32.572  4.9E-03   0.00  -0.55  -1.42   1.49   2.50
 76  1.0  2.0000   -31.141  3.4E-03   0.00   1.45   0.29   0.25   1.50
 75  1.0  2.0000   -31.141  3.4E-03   0.00  -0.45   0.71  -1.25   1.50
 77  1.0  2.0000   -28.330  2.1E-02   0.00  -0.50  -0.50   0.50   0.50
103 -1.0  2.0000   -25.423  9.3E-03   0.00   2.40  -0.07  -0.50   3.50
102 -1.0  2.0000   -25.423  9.7E-03   0.00  -0.23  -2.76   0.83   3.50
100 -1.0  2.0000   -25.423  9.5E-03   0.00  -2.98  -0.22  -0.29   3.50
101 -1.0  2.0000   -25.423  9.8E-03   0.00  -1.19   1.05  -2.04   3.50
105 -1.0  2.0000   -22.765  6.1E-03   0.00   1.89  -0.89  -0.59   2.50
106 -1.0  2.0000   -22.765  6.2E-03   0.00  -0.62   2.18  -0.37   2.50
104 -1.0  2.0000   -22.765  6.4E-03   0.00   0.23   0.21   2.46   2.50
108 -1.0  2.0000   -19.931  1.3E-02   0.00  -1.00   0.50  -1.00   1.50
107 -1.0  2.0000   -19.931  1.4E-02   0.00  -0.00  -1.50   0.00   1.50
109 -1.0  2.0000   -18.833  1.2E-02   0.00   0.50   0.50   0.50   0.50
 79  1.0  2.0000   -17.744  1.6E-02   0.00   1.70  -1.76   0.80   4.50
 78  1.0  2.0000   -17.744  1.5E-02   0.00  -0.54  -2.37   2.46   4.50
 81  1.0  2.0000   -17.744  1.7E-02   0.00  -0.84   2.06  -2.44   4.50
 82  1.0  2.0000   -17.744  1.6E-02   0.00  -1.68  -1.52   0.52   4.50
 80  1.0  2.0000   -17.744  1.7E-02   0.00  -1.13   1.08   1.16   4.50
 85  1.0  2.0000   -13.541  1.4E-02   0.00   0.50  -1.15   1.77   3.50
 86  1.0  2.0000   -13.541  1.3E-02   0.00   2.87   0.97   0.62   3.50
 83  1.0  2.0000   -13.541  1.4E-02   0.00  -0.89   0.54  -2.12   3.50
 84  1.0  2.0000   -13.541  1.3E-02   0.00  -0.48   1.65  -2.27   3.50
 89  1.0  2.0000   -11.465  2.0E-02   0.00  -1.32   0.80  -1.16   2.50
 88  1.0  2.0000   -11.465  2.1E-02   0.00  -0.19  -2.32   0.16   2.50
 87  1.0  2.0000   -11.465  2.1E-02   0.00   0.01   0.01   2.50   2.50
110 -1.0  2.0000    -9.718  2.9E-02   0.00   0.08  -1.44  -2.90   5.50
112 -1.0  2.0000    -9.718  2.8E-02   0.00  -0.29  -0.80   3.27   5.50
111 -1.0  2.0000    -9.718  2.8E-02   0.00   0.37   1.18   1.69   5.50
113 -1.0  2.0000    -9.718  3.0E-02   0.00  -3.04  -0.67   0.84   5.50
114 -1.0  2.0000    -9.718  2.9E-02   0.00   0.44  -2.67  -1.41   5.50
115 -1.0  2.0000    -9.718  3.0E-02   0.00  -0.56   1.40  -4.49   5.50
 90  1.0  2.0000    -9.573  1.9E-02   0.00   1.50   0.00   0.00   1.50
 91  1.0  2.0000    -9.573  1.9E-02   0.00  -0.50   1.00  -1.00   1.50
 92  1.0  2.0000    -8.816  3.1E-02   0.00  -0.50  -0.50   0.50   0.50
117 -1.0  0.0000    -3.811  2.5E-02   0.00  -0.92  -2.40   2.02   4.50
118 -1.0  0.0000    -3.811  2.7E-02   0.00  -0.42   1.85   0.67   4.50
120 -1.0  0.0000    -3.810  2.6E-02   0.00  -0.28   1.78  -2.29   4.50
116 -1.0  0.0000    -3.810  2.6E-02   0.00   2.59   0.03  -0.57   4.50
119 -1.0  0.0000    -3.810  2.6E-02   0.00   1.54   1.23   2.67   4.50
 95  1.0  0.0000    -1.457  3.2E-02   0.00  -1.98  -2.17   0.87   6.50
 93  1.0  0.0000    -1.457  3.3E-02   0.00   0.29  -2.94   0.88   6.50
 94  1.0  0.0000    -1.457  3.3E-02   0.00  -1.20   3.42  -0.95   6.50
 96  1.0  0.0000    -1.457  3.3E-02   0.00   1.01   1.11   2.25   6.50
--------------------------------------------------------------------------------
---------------------------------Quasiparticles---------------------------------
________________________________________________________________________________
Block 1
positive parity neutrons
  N    Eqp     f_n
________________________________________________________________________________
  1   1.99    0.00E+00
  2   1.99    0.00E+00
  3   1.99    0.00E+00
  4   1.99    0.00E+00
  5   1.99    0.00E+00
  6   4.44    0.00E+00
  7   4.44    0.00E+00
  8   4.44    0.00E+00
  9   4.44    0.00E+00
 10   4.44    0.00E+00
 11   4.44    0.00E+00
 12   4.44    0.00E+00
 13  13.57    0.00E+00
 14  13.99    0.00E+00
 15  13.99    0.00E+00
 16  16.16    0.00E+00
 17  16.16    0.00E+00
 18  16.16    0.00E+00
 19  18.23    0.00E+00
 20  18.23    0.00E+00
 21  18.23    0.00E+00
 22  18.23    0.00E+00
 23  22.51    0.00E+00
 24  22.51    0.00E+00
 25  22.51    0.00E+00
 26  22.51    0.00E+00
 27  22.51    0.00E+00
 28  35.49    0.00E+00
 29  37.97    0.00E+00
 30  37.97    0.00E+00
 31  39.39    0.00E+00
 32  39.39    0.00E+00
 33  39.39    0.00E+00
 34  52.90    0.00E+00
________________________________________________________________________________
Block 3
negative parity neutrons
  N    Eqp     f_n
________________________________________________________________________________
  1   2.95    0.00E+00
  2   3.92    0.00E+00
  3   3.92    0.00E+00
  4   3.92    0.00E+00
  5   4.05    0.00E+00
  6   4.05    0.00E+00
  7   4.60    0.00E+00
  8   4.60    0.00E+00
  9   6.89    0.00E+00
 10   6.89    0.00E+00
 11   6.89    0.00E+00
 12   6.89    0.00E+00
 13   7.37    0.00E+00
 14   7.37    0.00E+00
 15   7.37    0.00E+00
 16   7.37    0.00E+00
 17   7.37    0.00E+00
 18  13.52    0.00E+00
 19  13.52    0.00E+00
 20  13.52    0.00E+00
 21  13.52    0.00E+00
 22  13.52    0.00E+00
 23  13.52    0.00E+00
 24  24.58    0.00E+00
 25  25.77    0.00E+00
 26  25.77    0.00E+00
 27  28.57    0.00E+00
 28  28.57    0.00E+00
 29  28.57    0.00E+00
 30  31.22    0.00E+00
 31  31.22    0.00E+00
 32  31.22    0.00E+00
 33  31.22    0.00E+00
 34  46.14    0.00E+00
 35  46.73    0.00E+00
 36  46.73    0.00E+00
________________________________________________________________________________
Block 5
positive parity  protons
  N    Eqp     f_n
________________________________________________________________________________
  1   3.02    0.00E+00
  2   3.77    0.00E+00
  3   3.77    0.00E+00
  4   4.34    0.00E+00
  5   4.34    0.00E+00
  6   4.34    0.00E+00
  7   4.34    0.00E+00
  8   5.66    0.00E+00
  9   5.66    0.00E+00
 10   5.66    0.00E+00
 11   7.74    0.00E+00
 12   7.74    0.00E+00
 13   7.74    0.00E+00
 14   7.74    0.00E+00
 15  11.94    0.00E+00
 16  11.94    0.00E+00
 17  11.94    0.00E+00
 18  11.94    0.00E+00
 19  11.94    0.00E+00
 20  22.53    0.00E+00
 21  25.34    0.00E+00
 22  25.34    0.00E+00
 23  26.77    0.00E+00
 24  26.77    0.00E+00
 25  26.77    0.00E+00
 26  38.25    0.00E+00
________________________________________________________________________________
Block 7
negative parity  protons
  N    Eqp     f_n
________________________________________________________________________________
  1   1.99    0.00E+00
  2   1.99    0.00E+00
  3   1.99    0.00E+00
  4   1.99    0.00E+00
  5   1.99    0.00E+00
  6   3.92    0.00E+00
  7   3.92    0.00E+00
  8   3.92    0.00E+00
  9   3.92    0.00E+00
 10   3.92    0.00E+00
 11   3.92    0.00E+00
 12  13.03    0.00E+00
 13  14.13    0.00E+00
 14  14.13    0.00E+00
 15  16.97    0.00E+00
 16  16.97    0.00E+00
 17  16.97    0.00E+00
 18  19.62    0.00E+00
 19  19.62    0.00E+00
 20  19.62    0.00E+00
 21  19.62    0.00E+00
 22  32.52    0.00E+00
 23  33.12    0.00E+00
 24  33.12    0.00E+00
--------------------------------------------------------------------------------
---------------- Electric Multipole Moments -----------------
Quantisation Axis             : Z
  With secondary axis ordering: X,Y
______________________________________________________________
                     Neutrons        Protons         Total
______________________________________________________________
 Particles          126.0000         82.0000        208.0000

Re  Q_{ 2 0}         -0.0000         -0.0010         -0.0010
Re  Q_{ 2 2}         -0.0025         -0.0015         -0.0039

Re  Q_{ 4 0}         10.3999         -0.9131          9.4869
Re  Q_{ 4 2}          0.0852          0.0113          0.0965
Re  Q_{ 4 4}          6.2945         -0.4764          5.8181

Re  Q_{ 6 0}        225.9147         -9.6024        216.3123
Re  Q_{ 6 2}          1.1248          0.7171          1.8419
Re  Q_{ 6 4}       -438.9639         16.8828       -422.0811
Re  Q_{ 6 6}         -3.4506         -0.8769         -4.3275

Re  Q_{ 8 0}      67293.0209       5088.0256      72381.0465
Re  Q_{ 8 2}        122.8307         -2.6413        120.1894
Re  Q_{ 8 4}      25606.9842       1974.2923      27581.2765
Re  Q_{ 8 6}        309.9829         99.3896        409.3725
Re  Q_{ 8 8}      38755.7271       2945.8579      41701.5850

Re  Q_{10 0}   -1452194.3942     265720.9286   -1186473.4656
Re  Q_{10 2}      18113.7480       3702.8543      21816.6023
Re  Q_{10 4}    1370222.7704    -267769.7126    1102453.0579
Re  Q_{10 6}      21699.3211       1638.6641      23337.9852
Re  Q_{10 8}    1641797.7715    -323599.5282    1318198.2433
Re  Q_{1010}      32537.7287      -7378.7382      25158.9905

 RMS radius           5.6188          5.4575          5.5558
______________________________________________________________
                     Neutrons        Protons         Total
______________________________________________________________

Beta_{ 2 0}      -0.00000001     -0.00000040     -0.00000041
Beta_{ 2 2}      -0.00000098     -0.00000059     -0.00000157

Beta_{ 4 0}       0.00008196     -0.00000720      0.00007476
Beta_{ 4 2}       0.00000067      0.00000009      0.00000076
Beta_{ 4 4}       0.00004960     -0.00000375      0.00004585

Beta_{ 6 0}       0.00003522     -0.00000150      0.00003372
Beta_{ 6 2}       0.00000018      0.00000011      0.00000029
Beta_{ 6 4}      -0.00006843      0.00000263     -0.00006580
Beta_{ 6 6}      -0.00000054     -0.00000014     -0.00000067

Beta_{ 8 0}       0.00020751      0.00001569      0.00022320
Beta_{ 8 2}       0.00000038     -0.00000001      0.00000037
Beta_{ 8 4}       0.00007896      0.00000609      0.00008505
Beta_{ 8 6}       0.00000096      0.00000031      0.00000126
Beta_{ 8 8}       0.00011951      0.00000908      0.00012860

Beta_{10 0}      -0.00008858      0.00001621     -0.00007238
Beta_{10 2}       0.00000110      0.00000023      0.00000133
Beta_{10 4}       0.00008358     -0.00001633      0.00006725
Beta_{10 6}       0.00000132      0.00000010      0.00000142
Beta_{10 8}       0.00010015     -0.00001974      0.00008041
Beta_{1010}       0.00000198     -0.00000045      0.00000153

______________________________________________________________
                     Neutrons        Protons         Total
______________________________________________________________
Q_{ 2}                0.0035          0.0023          0.0057
Q_{ 4}               13.6900          1.1348         12.5587
Q_{ 6}              660.6380         25.7843        634.9332
Q_{ 8}            94042.6556       7145.5995     101187.3409
Q_{10}          3355384.4235     650833.1917    2705018.5198
______________________________________________________________
                     Neutrons        Protons         Total
______________________________________________________________
Beta_{   2}       0.00000139      0.00000092      0.00000226
Beta_{   4}       0.00010788      0.00000894      0.00009897
Beta_{   6}       0.00010299      0.00000402      0.00009898
Beta_{   8}       0.00029000      0.00002203      0.00031203
Beta_{  10}       0.00020468      0.00003970      0.00016501
______________________________________________________________
 Cart. Moments X              Y              Z
 Cart. N       -0.0095382      0.0096386     -0.0001004
 Cart. P       -0.0041360      0.0072930     -0.0031570
 Cart. T       -0.0136741      0.0169316     -0.0032575
 (Q, gamma)    Q              Gamma
 (Q,g) N        0.0110721    -90.5195696
 (Q,g) P        0.0073149   -115.5685798
 (Q,g) T        0.0179680   -100.4450271
 (iq1, iq2)    iq1            iq2
 iq    N        0.0062918     -0.0127845
 iq    P        0.0006526     -0.0076194
 iq    T        0.0069445     -0.0204038
               X^2            Y^2            Z^2
 X^2_i N     1325.9920941   1325.9984863   1325.9952400
 X^2_i P      814.1167014    814.1205111    814.1170277
 X^2_i T     2140.1087955   2140.1189974   2140.1122677
------------------------------------------------------------
---------------------Rotational properties--------------------
                Rigid rotor          (hbar^2/MeV)
              n              p              t 
 I_R X      63.9480922     39.2620402    103.2101324
 I_R Y      63.9479381     39.2619483    103.2098864
 I_R Z      63.9480163     39.2620323    103.2100487

                Belyaev              (hbar^2/MeV) 
              n              p              t 
 I_B X       0.0000003      0.0000001      0.0000003
 I_B Y       0.0000003      0.0000000      0.0000003
 I_B Z       0.0000002      0.0000000      0.0000002

                Belyaev (collective) (hbar^2/MeV) 
              n              p              t 
 I_B X       0.0000003      0.0000001      0.0000003
 I_B Y       0.0000003      0.0000000      0.0000003
 I_B Z       0.0000002      0.0000000      0.0000002

                 J^2                 (hbar^2)
              n              p              t 
 J2_X        0.0000011      0.0000002      0.0000013
 J2_Y        0.0000010      0.0000002      0.0000012
 J2_Z        0.0000009      0.0000001      0.0000010
 J2_t        0.0000030      0.0000005      0.0000035

                 J^2 (collective)    (hbar^2)
              n              p              t 
 J2_X        0.0000011      0.0000002      0.0000013
 J2_Y        0.0000010      0.0000002      0.0000012
 J2_Z        0.0000009      0.0000001      0.0000010
 J2_t        0.0000030      0.0000005      0.0000035
-------------------------- Pairing -------------------------
                          N         P 
 Fermi Level (MeV)     -5.12024244    -5.80029356
 Particles            126.00000000    82.00000000
 Dispersion            -0.00000000    -0.00000000
 Average gap   v^2      0.00000000     0.00000000
 Average gap   uv       0.00000000     0.00000000

 HFB convergence:   (N,+)    (N,-)    (P,+)    (P,-)
  r^2-r+k*k^T    =  1.21E-14 1.31E-14 9.50E-15 7.55E-15
  r*k-k*r        =  6.67E-16 1.88E-16 5.55E-16 5.59E-16
------------------------------------------------------------
--------------------------------------------------------------------------------
 Skyrme Energy 
                                    Isoscalar      Isovector   |   Total
--------------------------------------------------------------------------------
                 E_D_I_I_D_I_I  -23139.902203     763.715393  -22376.186810
               E_D_I_I_D_Nm_Nm    1296.612092      32.473945    1329.086037
             E_D_I_I_Lap_D_I_I     317.570762      -2.512646     315.058117
              E_D_I_I_D_I_I_DD   15217.286222    -686.309428   14530.976793
       E_D_I_I_Derm_C_I_NxmSxm     -95.477282      -0.828466     -96.305749
           E_C_I_NmSk_C_I_NmSk       0.000000       0.000000       0.000000
               E_DP_I_I_DP_I_I                                    -0.000000
--------------------------------------------------------------------------------
                 Total Skyrme:                                 -6297.371612
--------------------------------------------------------------------------------
--------------------------------------------------------------------------------
                                     neutron        proton         total
                Kinetic Energy:    2539.955281    1343.792875    3883.748156
                    COM 1-body:     -12.211323      -6.460543     -18.671866

                Coulomb Direct:       0.000000     827.900029     827.900029
                      Exchange:       0.000000     -31.270983     -31.270983

               Pairing (delta):      -0.000000      -0.000000      -0.000000
               Pairing (densi):                                    -0.000000
--------------------------------------------------------------------------------
                  Total energy:                                 -1635.666276
                    from spwfs:                                 -1635.939256
--------------------------------------------------------------------------------
--------------------------------------------------------------------------------
 Iteration =   51
 dt  =   0.0203      mu  =   0.8417  D2H =  0.5E-02
 E   =  -1635.672    DE  =  0.32494E-05
 dmun=  0.0E+00      dmup=  0.0E+00
 Q20 =      -0.0016  Q22 =      -0.0038 dQ20=  0.6E-03      dQ22=  0.2E-03
--------------------------------------------------------------------------------
 Iteration =   52
 dt  =   0.0203      mu  =   0.8418  D2H =  0.4E-02
 E   =  -1635.676    DE  =  0.26341E-05
 dmun=  0.0E+00      dmup=  0.0E+00
 Q20 =      -0.0021  Q22 =      -0.0036 dQ20=  0.5E-03      dQ22=  0.2E-03
--------------------------------------------------------------------------------
 Iteration =   53
 dt  =   0.0203      mu  =   0.8419  D2H =  0.4E-02
 E   =  -1635.679    DE  =  0.21633E-05
 dmun=  0.0E+00      dmup=  0.0E+00
 Q20 =      -0.0026  Q22 =      -0.0034 dQ20=  0.4E-03      dQ22=  0.2E-03
--------------------------------------------------------------------------------
 Iteration =   54
 dt  =   0.0203      mu  =   0.8420  D2H =  0.3E-02
 E   =  -1635.683    DE  =  0.18839E-05
 dmun=  0.0E+00      dmup=  0.0E+00
 Q20 =      -0.0029  Q22 =      -0.0032 dQ20=  0.3E-03      dQ22=  0.2E-03
--------------------------------------------------------------------------------
 Iteration =   55
 dt  =   0.0203      mu  =   0.8421  D2H =  0.3E-02
 E   =  -1635.685    DE  =  0.17449E-05
 dmun=  0.0E+00      dmup=  0.0E+00
 Q20 =      -0.0032  Q22 =      -0.0030 dQ20=  0.3E-03      dQ22=  0.2E-03
--------------------------------------------------------------------------------
 Iteration =   56
 dt  =   0.0203      mu  =   0.8422  D2H =  0.2E-02
 E   =  -1635.688    DE  =  0.16449E-05
 dmun=  0.0E+00      dmup=  0.0E+00
 Q20 =      -0.0034  Q22 =      -0.0027 dQ20=  0.2E-03      dQ22=  0.2E-03
--------------------------------------------------------------------------------
 Iteration =   57
 dt  =   0.0203      mu  =   0.8422  D2H =  0.2E-02
 E   =  -1635.691    DE  =  0.15028E-05
 dmun=  0.0E+00      dmup=  0.0E+00
 Q20 =      -0.0035  Q22 =      -0.0025 dQ20=  0.1E-03      dQ22=  0.2E-03
--------------------------------------------------------------------------------
 Iteration =   58
 dt  =   0.0203      mu  =   0.8422  D2H =  0.2E-02
 E   =  -1635.693    DE  =  0.12904E-05
 dmun=  0.0E+00      dmup=  0.0E+00
 Q20 =      -0.0036  Q22 =      -0.0023 dQ20=  0.7E-04      dQ22=  0.2E-03
--------------------------------------------------------------------------------
 Iteration =   59
 dt  =   0.0203      mu  =   0.8422  D2H =  0.1E-02
 E   =  -1635.694    DE  =  0.10402E-05
 dmun=  0.0E+00      dmup=  0.0E+00
 Q20 =      -0.0036  Q22 =      -0.0021 dQ20=  0.6E-05      dQ22=  0.2E-03
--------------------- Sp wavefunctions -----------------------------------------
________________________________________________________________________________
   Neutron wavefunctions
  i    P   occ       E        d2h    Delta   JxT    JyT    Jz     J
--------------------- Sp wavefunctions -----------------------------------------
  1  1.0  2.0000   -58.007  3.2E-03   0.00  -0.50  -0.50   0.50   0.50
 36 -1.0  2.0000   -51.834  1.2E-03   0.00  -1.00   0.50  -1.00   1.50
 35 -1.0  2.0000   -51.834  1.2E-03   0.00  -0.00  -1.50   0.00   1.50
 37 -1.0  2.0000   -51.237  9.6E-04   0.00   0.50   0.50   0.50   0.50
  3  1.0  2.0000   -44.492  1.9E-03   0.00  -0.87  -0.12  -1.28   2.50
  2  1.0  2.0000   -44.492  1.9E-03   0.00   0.59   0.28   2.16   2.50
  4  1.0  2.0000   -44.492  1.8E-03   0.00  -1.22  -1.66   0.62   2.50
  6  1.0  2.0000   -43.075  9.3E-04   0.00  -0.50   1.00  -1.00   1.50
  7  1.0  2.0000   -43.075  9.2E-04   0.00   1.50  -0.00  -0.00   1.50
  5  1.0  2.0000   -40.604  4.2E-03   0.00  -0.50  -0.50   0.50   0.50
 38 -1.0  2.0000   -36.326  1.8E-03   0.00  -0.42  -1.34   1.64   3.50
 41 -1.0  2.0000   -36.326  1.9E-03   0.00  -0.78   1.10  -2.62   3.50
 39 -1.0  2.0000   -36.326  1.9E-03   0.00  -1.38   1.42  -0.75   3.50
 40 -1.0  2.0000   -36.326  1.9E-03   0.00   0.58  -3.18  -0.27   3.50
 46 -1.0  2.0000   -33.673  6.2E-04   0.00  -0.39   0.97  -1.34   2.50
 45 -1.0  2.0000   -33.673  6.3E-04   0.00  -0.17  -0.33   2.33   2.50
 44 -1.0  2.0000   -33.673  6.3E-04   0.00   2.05   0.87   0.51   2.50
 43 -1.0  2.0000   -30.894  2.4E-03   0.00  -0.23   0.20  -1.47   1.50
 42 -1.0  2.0000   -30.894  2.3E-03   0.00  -0.77  -1.20   0.47   1.50
 47 -1.0  2.0000   -29.694  1.4E-03   0.00   0.50   0.50   0.50   0.50
 11  1.0  2.0000   -27.627  1.9E-03   0.00  -1.64  -0.73   2.71   4.50
 12  1.0  2.0000   -27.627  1.9E-03   0.00  -0.37  -3.16   1.38   4.50
 10  1.0  2.0000   -27.627  1.7E-03   0.00  -0.01   1.50  -0.66   4.50
  9  1.0  2.0000   -27.627  1.8E-03   0.00  -0.97   2.33  -2.11   4.50
  8  1.0  2.0000   -27.627  1.8E-03   0.00   0.49  -2.44   1.18   4.50
 19  1.0  2.0000   -23.348  5.7E-04   0.00  -0.66   1.47  -2.35   3.50
 18  1.0  2.0000   -23.348  5.7E-04   0.00   3.20  -0.65  -0.46   3.50
 17  1.0  2.0000   -23.348  5.5E-04   0.00  -0.51  -1.42   1.60   3.50
 16  1.0  2.0000   -23.348  5.6E-04   0.00  -0.02   2.61  -0.79   3.50
 13  1.0  2.0000   -21.286  3.2E-03   0.00  -0.50  -1.61   1.39   2.50
 15  1.0  2.0000   -21.286  3.2E-03   0.00  -0.03  -1.00   1.18   2.50
 14  1.0  2.0000   -21.286  3.3E-03   0.00  -0.97   1.10  -1.07   2.50
 22  1.0  2.0000   -19.115  1.4E-03   0.00   1.50   0.00   0.00   1.50
 21  1.0  2.0000   -19.115  1.4E-03   0.00  -0.50   1.00  -1.00   1.50
 20  1.0  2.0000   -18.701  3.3E-03   0.00  -0.50  -0.50   0.50   0.50
 50 -1.0  2.0000   -18.644  1.8E-03   0.00  -1.10  -1.23  -2.99   5.50
 49 -1.0  2.0000   -18.643  1.8E-03   0.00  -0.54   2.45  -3.06   5.50
 52 -1.0  2.0000   -18.643  1.8E-03   0.00   2.17  -1.60   1.19   5.50
 53 -1.0  2.0000   -18.643  2.0E-03   0.00   0.18  -1.31   2.29   5.50
 51 -1.0  2.0000   -18.643  1.9E-03   0.00  -2.32   0.82   0.64   5.50
 48 -1.0  2.0000   -18.643  2.0E-03   0.00  -1.38  -2.13  -1.08   5.50
 59 -1.0  2.0000   -12.488  5.3E-04   0.00   0.98   0.22   2.47   4.50
 60 -1.0  2.0000   -12.488  5.2E-04   0.00   0.19  -0.73   3.31   4.50
 58 -1.0  2.0000   -12.488  5.2E-04   0.00  -0.40   1.87  -1.03   4.50
 61 -1.0  2.0000   -12.488  5.1E-04   0.00  -0.92   1.01  -1.18   4.50
 62 -1.0  2.0000   -12.488  5.1E-04   0.00   2.65   0.12  -1.07   4.50
 54 -1.0  2.0000   -12.023  3.3E-03   0.00  -1.58   0.65  -2.23   3.50
 56 -1.0  2.0000   -12.023  3.2E-03   0.00  -2.68  -0.09   0.04   3.50
 55 -1.0  2.0000   -12.023  3.2E-03   0.00   0.50  -2.31  -1.19   3.50
 57 -1.0  2.0000   -12.023  3.2E-03   0.00   1.76  -0.25   1.38   3.50
 25  1.0  2.0000    -9.566  2.6E-03   0.00  -5.36   0.83  -0.80   6.50
 24  1.0  2.0000    -9.566  2.4E-03   0.00   1.16   2.67  -1.30   6.50
 29  1.0  2.0000    -9.566  2.4E-03   0.00   2.93  -0.16   2.57   6.50
 26  1.0  2.0000    -9.566  2.4E-03   0.00  -1.68   0.98  -4.07   6.50
 23  1.0  2.0000    -9.566  2.4E-03   0.00  -0.66  -4.28   2.16   6.50
 28  1.0  2.0000    -9.566  2.5E-03   0.00   1.54  -2.69   2.20   6.50
 27  1.0  2.0000    -9.566  2.4E-03   0.00  -1.45  -0.85   2.75   6.50
 64 -1.0  2.0000    -9.177  3.2E-03   0.00   0.49  -1.09  -0.91   1.50
 63 -1.0  2.0000    -9.177  3.3E-03   0.00  -1.49   0.09  -0.09   1.50
 65 -1.0  2.0000    -9.044  1.0E-03   0.00   2.46  -0.22  -0.22   2.50
 66 -1.0  2.0000    -9.044  1.0E-03   0.00  -0.30  -0.41   2.36   2.50
 67 -1.0  2.0000    -9.044  1.0E-03   0.00  -0.66   2.13  -0.64   2.50
 68 -1.0  2.0000    -8.075  2.2E-03   0.00   0.50   0.50   0.50   0.50
 33  1.0  0.0000    -3.143  2.5E-03   0.00   3.33   0.01   0.03   4.50
 32  1.0  0.0000    -3.143  2.5E-03   0.00  -0.89   2.89  -1.36   4.50
 30  1.0  0.0000    -3.142  2.4E-03   0.00  -0.09  -4.25   0.22   4.50
 31  1.0  0.0000    -3.142  2.4E-03   0.00  -4.37  -0.15   0.16   4.50
 34  1.0  0.0000    -3.140  2.4E-03   0.00  -0.47  -1.01   3.45   4.50
 70 -1.0  0.0000    -0.535  2.6E-03   0.00  -0.09  -1.69  -2.53   7.50
 69 -1.0  0.0000    -0.535  2.5E-03   0.00   0.71  -1.15   2.50   7.50
________________________________________________________________________________
   Proton  wavefunctions
  i    P   occ       E        d2h    Delta   JxT    JyT    Jz     J
--------------------- Sp wavefunctions -----------------------------------------
 71  1.0  2.0000   -44.059  2.1E-03   0.00  -0.50  -0.50   0.50   0.50
 98 -1.0  2.0000   -38.920  1.5E-03   0.00  -1.00   0.50  -1.00   1.50
 97 -1.0  2.0000   -38.920  1.5E-03   0.00  -0.00  -1.50   0.00   1.50
 99 -1.0  2.0000   -38.324  9.3E-04   0.00   0.50   0.50   0.50   0.50
 74  1.0  2.0000   -32.573  7.0E-04   0.00  -1.25   0.76  -1.20   2.50
 73  1.0  2.0000   -32.573  7.2E-04   0.00   0.31  -0.84   1.21   2.50
 72  1.0  2.0000   -32.573  7.4E-04   0.00  -0.55  -1.42   1.49   2.50
 75  1.0  2.0000   -31.143  6.7E-04   0.00  -0.45   0.71  -1.25   1.50
 76  1.0  2.0000   -31.143  6.7E-04   0.00   1.45   0.29   0.25   1.50
 77  1.0  2.0000   -28.335  1.5E-03   0.00  -0.50  -0.50   0.50   0.50
103 -1.0  2.0000   -25.422  1.8E-03   0.00   2.40  -0.07  -0.50   3.50
101 -1.0  2.0000   -25.422  1.6E-03   0.00  -1.19   1.05  -2.04   3.50
102 -1.0  2.0000   -25.422  1.6E-03   0.00  -0.23  -2.76   0.83   3.50
100 -1.0  2.0000   -25.422  1.7E-03   0.00  -2.98  -0.22  -0.29   3.50
105 -1.0  2.0000   -22.768  1.1E-03   0.00   1.89  -0.89  -0.59   2.50
104 -1.0  2.0000   -22.768  1.1E-03   0.00   0.23   0.21   2.46   2.50
106 -1.0  2.0000   -22.768  1.1E-03   0.00  -0.62   2.18  -0.37   2.50
108 -1.0  2.0000   -19.931  3.0E-03   0.00  -1.00   0.50  -1.00   1.50
107 -1.0  2.0000   -19.931  3.0E-03   0.00  -0.00  -1.50   0.00   1.50
109 -1.0  2.0000   -18.832  2.4E-03   0.00   0.50   0.50   0.50   0.50
 81  1.0  2.0000   -17.741  3.5E-03   0.00  -0.84   2.06  -2.44   4.50
 79  1.0  2.0000   -17.741  3.7E-03   0.00   1.70  -1.76   0.80   4.50
 80  1.0  2.0000   -17.741  3.7E-03   0.00  -1.13   1.08   1.16   4.50
 82  1.0  2.0000   -17.741  3.8E-03   0.00  -1.68  -1.52   0.52   4.50
 78  1.0  2.0000   -17.741  4.0E-03   0.00  -0.54  -2.37   2.46   4.50
 85  1.0  2.0000   -13.544  2.6E-03   0.00   0.50  -1.15   1.77   3.50
 83  1.0  2.0000   -13.544  2.8E-03   0.00  -0.89   0.54  -2.12   3.50
 84  1.0  2.0000   -13.544  2.9E-03   0.00  -0.48   1.65  -2.27   3.50
 86  1.0  2.0000   -13.544  2.9E-03   0.00   2.87   0.97   0.62   3.50
 89  1.0  2.0000   -11.463  3.8E-03   0.00  -1.32   0.80  -1.16   2.50
 87  1.0  2.0000   -11.463  3.7E-03   0.00   0.01   0.01   2.50   2.50
 88  1.0  2.0000   -11.463  3.6E-03   0.00  -0.19  -2.32   0.16   2.50
110 -1.0  2.0000    -9.712  4.7E-03   0.00   0.08  -1.44  -2.90   5.50
111 -1.0  2.0000    -9.712  4.8E-03   0.00   0.37   1.18   1.69   5.50
112 -1.0  2.0000    -9.712  4.8E-03   0.00  -0.29  -0.80   3.27   5.50
115 -1.0  2.0000    -9.712  4.5E-03   0.00  -0.56   1.40  -4.49   5.50
113 -1.0  2.0000    -9.712  4.5E-03   0.00  -3.04  -0.67   0.84   5.50
114 -1.0  2.0000    -9.712  4.5E-03   0.00   0.44  -2.67  -1.41   5.50
 91  1.0  2.0000    -9.571  3.9E-03   0.00  -0.50   1.00  -1.00   1.50
 90  1.0  2.0000    -9.571  3.9E-03   0.00   1.50   0.00   0.00   1.50
 92  1.0  2.0000    -8.819  5.1E-03   0.00  -0.50  -0.50   0.50   0.50
117 -1.0  0.0000    -3.813  4.6E-03   0.00  -0.92  -2.40   2.02   4.50
120 -1.0  0.0000    -3.813  4.5E-03   0.00  -0.28   1.78  -2.29   4.50
119 -1.0  0.0000    -3.813  4.5E-03   0.00   1.54   1.23   2.67   4.50
118 -1.0  0.0000    -3.813  4.6E-03   0.00  -0.42   1.85   0.67   4.50
116 -1.0  0.0000    -3.813  4.4E-03   0.00   2.59   0.03  -0.57   4.50
 93  1.0  0.0000    -1.449  6.7E-03   0.00   0.29  -2.94   0.88   6.50
 94  1.0  0.0000    -1.449  6.8E-03   0.00  -1.20   3.42  -0.95   6.50
 96  1.0  0.0000    -1.449  6.7E-03   0.00   1.01   1.11   2.25   6.50
 95  1.0  0.0000    -1.449  7.4E-03   0.00  -1.98  -2.17   0.87   6.50
--------------------------------------------------------------------------------
---------------------------------Quasiparticles---------------------------------
________________________________________________________________________________
Block 1
positive parity neutrons
  N    Eqp     f_n
________________________________________________________________________________
  1   1.98    0.00E+00
  2   1.98    0.00E+00
  3   1.98    0.00E+00
  4   1.98    0.00E+00
  5   1.98    0.00E+00
  6   4.45    0.00E+00
  7   4.45    0.00E+00
  8   4.45    0.00E+00
  9   4.45    0.00E+00
 10   4.45    0.00E+00
 11   4.45    0.00E+00
 12   4.45    0.00E+00
 13  13.58    0.00E+00
 14  13.99    0.00E+00
 15  13.99    0.00E+00
 16  16.17    0.00E+00
 17  16.17    0.00E+00
 18  16.17    0.00E+00
 19  18.23    0.00E+00
 20  18.23    0.00E+00
 21  18.23    0.00E+00
 22  18.23    0.00E+00
 23  22.51    0.00E+00
 24  22.51    0.00E+00
 25  22.51    0.00E+00
 26  22.51    0.00E+00
 27  22.51    0.00E+00
 28  35.48    0.00E+00
 29  37.96    0.00E+00
 30  37.96    0.00E+00
 31  39.37    0.00E+00
 32  39.37    0.00E+00
 33  39.37    0.00E+00
 34  52.89    0.00E+00
________________________________________________________________________________
Block 3
negative parity neutrons
  N    Eqp     f_n
________________________________________________________________________________
  1   2.95    0.00E+00
  2   3.92    0.00E+00
  3   3.92    0.00E+00
  4   3.92    0.00E+00
  5   4.06    0.00E+00
  6   4.06    0.00E+00
  7   4.59    0.00E+00
  8   4.59    0.00E+00
  9   6.90    0.00E+00
 10   6.90    0.00E+00
 11   6.90    0.00E+00
 12   6.90    0.00E+00
 13   7.37    0.00E+00
 14   7.37    0.00E+00
 15   7.37    0.00E+00
 16   7.37    0.00E+00
 17   7.37    0.00E+00
 18  13.52    0.00E+00
 19  13.52    0.00E+00
 20  13.52    0.00E+00
 21  13.52    0.00E+00
 22  13.52    0.00E+00
 23  13.52    0.00E+00
 24  24.57    0.00E+00
 25  25.77    0.00E+00
 26  25.77    0.00E+00
 27  28.55    0.00E+00
 28  28.55    0.00E+00
 29  28.55    0.00E+00
 30  31.21    0.00E+00
 31  31.21    0.00E+00
 32  31.21    0.00E+00
 33  31.21    0.00E+00
 34  46.12    0.00E+00
 35  46.71    0.00E+00
 36  46.71    0.00E+00
________________________________________________________________________________
Block 5
positive parity  protons
  N    Eqp     f_n
________________________________________________________________________________
  1   3.02    0.00E+00
  2   3.77    0.00E+00
  3   3.77    0.00E+00
  4   4.35    0.00E+00
  5   4.35    0.00E+00
  6   4.35    0.00E+00
  7   4.35    0.00E+00
  8   5.66    0.00E+00
  9   5.66    0.00E+00
 10   5.66    0.00E+00
 11   7.74    0.00E+00
 12   7.74    0.00E+00
 13   7.74    0.00E+00
 14   7.74    0.00E+00
 15  11.94    0.00E+00
 16  11.94    0.00E+00
 17  11.94    0.00E+00
 18  11.94    0.00E+00
 19  11.94    0.00E+00
 20  22.53    0.00E+00
 21  25.34    0.00E+00
 22  25.34    0.00E+00
 23  26.77    0.00E+00
 24  26.77    0.00E+00
 25  26.77    0.00E+00
 26  38.26    0.00E+00
________________________________________________________________________________
Block 7
negative parity  protons
  N    Eqp     f_n
________________________________________________________________________________
  1   1.99    0.00E+00
  2   1.99    0.00E+00
  3   1.99    0.00E+00
  4   1.99    0.00E+00
  5   1.99    0.00E+00
  6   3.91    0.00E+00
  7   3.91    0.00E+00
  8   3.91    0.00E+00
  9   3.91    0.00E+00
 10   3.91    0.00E+00
 11   3.91    0.00E+00
 12  13.03    0.00E+00
 13  14.13    0.00E+00
 14  14.13    0.00E+00
 15  16.97    0.00E+00
 16  16.97    0.00E+00
 17  16.97    0.00E+00
 18  19.62    0.00E+00
 19  19.62    0.00E+00
 20  19.62    0.00E+00
 21  19.62    0.00E+00
 22  32.52    0.00E+00
 23  33.12    0.00E+00
 24  33.12    0.00E+00
--------------------------------------------------------------------------------
---------------- Electric Multipole Moments -----------------
Quantisation Axis             : Z
  With secondary axis ordering: X,Y
______________________________________________________________
                     Neutrons        Protons         Total
______________________________________________________________
 Particles          126.0000         82.0000        208.0000

Re  Q_{ 2 0}         -0.0023         -0.0012         -0.0035
Re  Q_{ 2 2}         -0.0012         -0.0006         -0.0019

Re  Q_{ 4 0}         13.4151         -0.4925         12.9226
Re  Q_{ 4 2}         -0.0118          0.0016         -0.0103
Re  Q_{ 4 4}          8.1478         -0.2274          7.9204

Re  Q_{ 6 0}        234.9320         -2.0251        232.9069
Re  Q_{ 6 2}         -1.4707          2.4163          0.9455
Re  Q_{ 6 4}       -453.3878          6.6795       -446.7083
Re  Q_{ 6 6}         -0.0486         -2.1399         -2.1885

Re  Q_{ 8 0}      58823.4579       2961.9107      61785.3686
Re  Q_{ 8 2}         -4.8278        -24.4570        -29.2848
Re  Q_{ 8 4}      22171.3379       1135.0212      23306.3591
Re  Q_{ 8 6}       -107.2083          6.8583       -100.3500
Re  Q_{ 8 8}      33638.6013       1700.8290      35339.4303

Re  Q_{10 0}    -573453.8043    -365675.0402    -939128.8446
Re  Q_{10 2}     -20694.1859      -1216.9831     -21911.1690
Re  Q_{10 4}     627110.7211     377574.6271    1004685.3482
Re  Q_{10 6}     -16244.0005        918.5959     -15325.4046
Re  Q_{10 8}     757259.6650     449363.7675    1206623.4324
Re  Q_{1010}     -32053.0638        764.9447     -31288.1190

 RMS radius           5.6186          5.4588          5.5562
______________________________________________________________
                     Neutrons        Protons         Total
______________________________________________________________

Beta_{ 2 0}      -0.00000091     -0.00000050     -0.00000141
Beta_{ 2 2}      -0.00000049     -0.00000026     -0.00000075

Beta_{ 4 0}       0.00010572     -0.00000388      0.00010184
Beta_{ 4 2}      -0.00000009      0.00000001     -0.00000008
Beta_{ 4 4}       0.00006421     -0.00000179      0.00006242

Beta_{ 6 0}       0.00003662     -0.00000032      0.00003631
Beta_{ 6 2}      -0.00000023      0.00000038      0.00000015
Beta_{ 6 4}      -0.00007068      0.00000104     -0.00006964
Beta_{ 6 6}      -0.00000001     -0.00000033     -0.00000034

Beta_{ 8 0}       0.00018139      0.00000913      0.00019053
Beta_{ 8 2}      -0.00000001     -0.00000008     -0.00000009
Beta_{ 8 4}       0.00006837      0.00000350      0.00007187
Beta_{ 8 6}      -0.00000033      0.00000002     -0.00000031
Beta_{ 8 8}       0.00010373      0.00000524      0.00010898

Beta_{10 0}      -0.00003498     -0.00002231     -0.00005729
Beta_{10 2}      -0.00000126     -0.00000007     -0.00000134
Beta_{10 4}       0.00003825      0.00002303      0.00006129
Beta_{10 6}      -0.00000099      0.00000006     -0.00000093
Beta_{10 8}       0.00004619      0.00002741      0.00007360
Beta_{1010}      -0.00000196      0.00000005     -0.00000191

______________________________________________________________
                     Neutrons        Protons         Total
______________________________________________________________
Q_{ 2}                0.0029          0.0015          0.0044
Q_{ 4}               17.6844          0.5881         17.1015
Q_{ 6}              682.8752         10.6850        673.3154
Q_{ 8}            81893.0381       4139.6123      86032.4185
Q_{10}          1505227.0296     907030.7846    2411641.8323
______________________________________________________________
                     Neutrons        Protons         Total
______________________________________________________________
Beta_{   2}       0.00000115      0.00000061      0.00000176
Beta_{   4}       0.00013936      0.00000463      0.00013477
Beta_{   6}       0.00010645      0.00000167      0.00010496
Beta_{   8}       0.00025253      0.00001277      0.00026530
Beta_{  10}       0.00009182      0.00005533      0.00014711
______________________________________________________________
 Cart. Moments X              Y              Z
 Cart. N       -0.0011836      0.0084469     -0.0072633
 Cart. P       -0.0005240      0.0044715     -0.0039475
 Cart. T       -0.0017076      0.0129184     -0.0112108
 (Q, gamma)    Q              Gamma
 (Q,g) N        0.0091472   -142.5652215
 (Q,g) P        0.0048889   -143.8469864
 (Q,g) T        0.0140353   -143.0116618
 (iq1, iq2)    iq1            iq2
 iq    N       -0.0040531     -0.0064204
 iq    P       -0.0022823     -0.0033303
 iq    T       -0.0063354     -0.0097507
               X^2            Y^2            Z^2
 X^2_i N     1325.9070314   1325.9102416   1325.9050048
 X^2_i P      814.4889147    814.4905799    814.4877735
 X^2_i T     2140.3959461   2140.4008214   2140.3927783
------------------------------------------------------------
---------------------Rotational properties--------------------
                Rigid rotor          (hbar^2/MeV)
              n              p              t 
 I_R X      63.9437885     39.2799036    103.2236921
 I_R Y      63.9437111     39.2798635    103.2235745
 I_R Z      63.9438373     39.2799311    103.2237685

                Belyaev              (hbar^2/MeV) 
              n              p              t 
 I_B X       0.0000003      0.0000000      0.0000003
 I_B Y       0.0000002      0.0000000      0.0000003
 I_B Z       0.0000002      0.0000000      0.0000002

                Belyaev (collective) (hbar^2/MeV) 
              n              p              t 
 I_B X       0.0000003      0.0000000      0.0000003
 I_B Y       0.0000002      0.0000000      0.0000003
 I_B Z       0.0000002      0.0000000      0.0000002

                 J^2                 (hbar^2)
              n              p              t 
 J2_X        0.0000010      0.0000001      0.0000010
 J2_Y        0.0000009      0.0000000      0.0000010
 J2_Z        0.0000007      0.0000001      0.0000008
 J2_t        0.0000026      0.0000002      0.0000028

                 J^2 (collective)    (hbar^2)
              n              p              t 
 J2_X        0.0000010      0.0000001      0.0000010
 J2_Y        0.0000009      0.0000000      0.0000010
 J2_Z        0.0000007      0.0000001      0.0000008
 J2_t        0.0000026      0.0000002      0.0000028
-------------------------- Pairing -------------------------
                          N         P 
 Fermi Level (MeV)     -5.12024244    -5.80029356
 Particles            126.00000000    82.00000000
 Dispersion             0.00000000    -0.00000000
 Average gap   v^2      0.00000000     0.00000000
 Average gap   uv       0.00000000     0.00000000

 HFB convergence:   (N,+)    (N,-)    (P,+)    (P,-)
  r^2-r+k*k^T    =  1.20E-14 1.25E-14 1.04E-14 7.82E-15
  r*k-k*r        =  6.03E-16 2.03E-16 6.82E-16 9.99E-16
------------------------------------------------------------
--------------------------------------------------------------------------------
 Skyrme Energy 
                                    Isoscalar      Isovector   |   Total
--------------------------------------------------------------------------------
                 E_D_I_I_D_I_I  -23136.887367     765.109780  -22371.777587
               E_D_I_I_D_Nm_Nm    1296.449669      32.559695    1329.009364
             E_D_I_I_Lap_D_I_I     317.557543      -2.518974     315.038568
              E_D_I_I_D_I_I_DD   15215.068235    -687.729662   14527.338573
       E_D_I_I_Derm_C_I_NxmSxm     -95.548802      -0.832849     -96.381652
           E_C_I_NmSk_C_I_NmSk       0.000000       0.000000       0.000000
               E_DP_I_I_DP_I_I                                    -0.000000
--------------------------------------------------------------------------------
                 Total Skyrme:                                 -6296.772733
--------------------------------------------------------------------------------
--------------------------------------------------------------------------------
                                     neutron        proton         total
                Kinetic Energy:    2540.382863    1342.909002    3883.291865
                    COM 1-body:     -12.213379      -6.456293     -18.669672

                Coulomb Direct:       0.000000     827.716539     827.716539
                      Exchange:       0.000000     -31.261652     -31.261652

               Pairing (delta):      -0.000000      -0.000000      -0.000000
               Pairing (densi):                                    -0.000000
--------------------------------------------------------------------------------
                  Total energy:                                 -1635.695654
                    from spwfs:                                 -1635.652702
--------------------------------------------------------------------------------
--------------------------------------------------------------------------------
 Iteration =   61
 dt  =   0.0203      mu  =   0.8421  D2H =  0.9E-03
 E   =  -1635.697    DE  =  0.62982E-06
 dmun=  0.0E+00      dmup=  0.0E+00
 Q20 =      -0.0034  Q22 =      -0.0017 dQ20=  0.1E-03      dQ22=  0.2E-03
--------------------------------------------------------------------------------
 Iteration =   62
 dt  =   0.0203      mu  =   0.8420  D2H =  0.8E-03
 E   =  -1635.698    DE  =  0.52328E-06
 dmun=  0.0E+00      dmup=  0.0E+00
 Q20 =      -0.0033  Q22 =      -0.0015 dQ20=  0.1E-03      dQ22=  0.2E-03
--------------------------------------------------------------------------------
 Iteration =   63
 dt  =   0.0203      mu  =   0.8420  D2H =  0.7E-03
 E   =  -1635.698    DE  =  0.46622E-06
 dmun=  0.0E+00      dmup=  0.0E+00
 Q20 =      -0.0031  Q22 =      -0.0014 dQ20=  0.2E-03      dQ22=  0.2E-03
--------------------------------------------------------------------------------
 Iteration =   64
 dt  =   0.0203      mu  =   0.8419  D2H =  0.6E-03
 E   =  -1635.699    DE  =  0.42619E-06
 dmun=  0.0E+00      dmup=  0.0E+00
 Q20 =      -0.0029  Q22 =      -0.0012 dQ20=  0.2E-03      dQ22=  0.1E-03
--------------------------------------------------------------------------------
 Iteration =   65
 dt  =   0.0203      mu  =   0.8419  D2H =  0.5E-03
 E   =  -1635.700    DE  =  0.38235E-06
 dmun=  0.0E+00      dmup=  0.0E+00
 Q20 =      -0.0027  Q22 =      -0.0011 dQ20=  0.2E-03      dQ22=  0.1E-03
--------------------------------------------------------------------------------
 Iteration =   66
 dt  =   0.0203      mu  =   0.8419  D2H =  0.4E-03
 E   =  -1635.700    DE  =  0.32654E-06
 dmun=  0.0E+00      dmup=  0.0E+00
 Q20 =      -0.0025  Q22 =      -0.0010 dQ20=  0.2E-03      dQ22=  0.1E-03
--------------------------------------------------------------------------------
 Iteration =   67
 dt  =   0.0203      mu  =   0.8418  D2H =  0.3E-03
 E   =  -1635.701    DE  =  0.26304E-06
 dmun=  0.0E+00      dmup=  0.0E+00
 Q20 =      -0.0023  Q22 =      -0.0009 dQ20=  0.2E-03      dQ22=  0.1E-03
--------------------------------------------------------------------------------
 Iteration =   68
 dt  =   0.0203      mu  =   0.8418  D2H =  0.3E-03
 E   =  -1635.701    DE  =  0.20238E-06
 dmun=  0.0E+00      dmup=  0.0E+00
 Q20 =      -0.0021  Q22 =      -0.0008 dQ20=  0.2E-03      dQ22=  0.9E-04
--------------------------------------------------------------------------------
 Iteration =   69
 dt  =   0.0203      mu  =   0.8418  D2H =  0.2E-03
 E   =  -1635.701    DE  =  0.15279E-06
 dmun=  0.0E+00      dmup=  0.0E+00
 Q20 =      -0.0019  Q22 =      -0.0007 dQ20=  0.2E-03      dQ22=  0.8E-04
--------------------- Sp wavefunctions -----------------------------------------
________________________________________________________________________________
   Neutron wavefunctions
  i    P   occ       E        d2h    Delta   JxT    JyT    Jz     J
--------------------- Sp wavefunctions -----------------------------------------
  1  1.0  2.0000   -58.023  1.8E-04   0.00  -0.50  -0.50   0.50   0.50
 36 -1.0  2.0000   -51.848  3.8E-04   0.00  -1.00   0.50  -1.00   1.50
 35 -1.0  2.0000   -51.848  3.8E-04   0.00  -0.00  -1.50   0.00   1.50
 37 -1.0  2.0000   -51.252  2.5E-04   0.00   0.50   0.50   0.50   0.50
  3  1.0  2.0000   -44.504  2.7E-04   0.00  -0.87  -0.12  -1.28   2.50
  2  1.0  2.0000   -44.504  2.8E-04   0.00   0.59   0.28   2.16   2.50
  4  1.0  2.0000   -44.504  2.9E-04   0.00  -1.22  -1.66   0.62   2.50
  7  1.0  2.0000   -43.086  1.7E-04   0.00   1.50  -0.00  -0.00   1.50
  6  1.0  2.0000   -43.086  1.7E-04   0.00  -0.50   1.00  -1.00   1.50
  5  1.0  2.0000   -40.609  3.7E-04   0.00  -0.50  -0.50   0.50   0.50
 39 -1.0  2.0000   -36.335  2.7E-04   0.00  -1.38   1.42  -0.75   3.50
 41 -1.0  2.0000   -36.335  2.6E-04   0.00  -0.78   1.10  -2.62   3.50
 38 -1.0  2.0000   -36.335  2.6E-04   0.00  -0.42  -1.34   1.64   3.50
 40 -1.0  2.0000   -36.335  2.6E-04   0.00   0.58  -3.18  -0.27   3.50
 45 -1.0  2.0000   -33.678  1.2E-04   0.00  -0.17  -0.33   2.33   2.50
 44 -1.0  2.0000   -33.678  1.2E-04   0.00   2.05   0.87   0.51   2.50
 46 -1.0  2.0000   -33.678  1.1E-04   0.00  -0.39   0.97  -1.34   2.50
 43 -1.0  2.0000   -30.896  6.2E-04   0.00  -0.23   0.20  -1.47   1.50
 42 -1.0  2.0000   -30.896  6.1E-04   0.00  -0.77  -1.20   0.47   1.50
 47 -1.0  2.0000   -29.696  3.5E-04   0.00   0.50   0.50   0.50   0.50
 12  1.0  2.0000   -27.632  2.6E-04   0.00  -0.37  -3.16   1.38   4.50
 11  1.0  2.0000   -27.632  2.7E-04   0.00  -1.64  -0.73   2.71   4.50
 10  1.0  2.0000   -27.632  2.8E-04   0.00  -0.01   1.50  -0.66   4.50
  9  1.0  2.0000   -27.632  3.0E-04   0.00  -0.97   2.33  -2.11   4.50
  8  1.0  2.0000   -27.632  2.8E-04   0.00   0.49  -2.44   1.18   4.50
 19  1.0  2.0000   -23.347  9.8E-05   0.00  -0.66   1.47  -2.35   3.50
 18  1.0  2.0000   -23.347  9.9E-05   0.00   3.20  -0.65  -0.46   3.50
 17  1.0  2.0000   -23.347  1.0E-04   0.00  -0.51  -1.42   1.60   3.50
 16  1.0  2.0000   -23.347  1.0E-04   0.00  -0.02   2.61  -0.79   3.50
 13  1.0  2.0000   -21.284  5.4E-04   0.00  -0.50  -1.61   1.39   2.50
 15  1.0  2.0000   -21.284  5.5E-04   0.00  -0.03  -1.00   1.18   2.50
 14  1.0  2.0000   -21.284  5.6E-04   0.00  -0.97   1.10  -1.07   2.50
 22  1.0  2.0000   -19.112  2.1E-04   0.00   1.50   0.00   0.00   1.50
 21  1.0  2.0000   -19.112  2.1E-04   0.00  -0.50   1.00  -1.00   1.50
 20  1.0  2.0000   -18.696  4.7E-04   0.00  -0.50  -0.50   0.50   0.50
 49 -1.0  2.0000   -18.645  3.4E-04   0.00  -0.54   2.45  -3.06   5.50
 52 -1.0  2.0000   -18.645  3.6E-04   0.00   2.17  -1.60   1.19   5.50
 50 -1.0  2.0000   -18.645  3.3E-04   0.00  -1.10  -1.23  -2.99   5.50
 48 -1.0  2.0000   -18.645  3.4E-04   0.00  -1.38  -2.13  -1.08   5.50
 53 -1.0  2.0000   -18.645  3.3E-04   0.00   0.18  -1.31   2.29   5.50
 51 -1.0  2.0000   -18.645  3.2E-04   0.00  -2.32   0.82   0.64   5.50
 59 -1.0  2.0000   -12.482  1.1E-04   0.00   0.98   0.22   2.47   4.50
 60 -1.0  2.0000   -12.482  1.1E-04   0.00   0.19  -0.73   3.31   4.50
 58 -1.0  2.0000   -12.482  1.1E-04   0.00  -0.40   1.87  -1.03   4.50
 61 -1.0  2.0000   -12.482  1.1E-04   0.00  -0.92   1.01  -1.18   4.50
 62 -1.0  2.0000   -12.481  1.1E-04   0.00   2.65   0.12  -1.07   4.50
 54 -1.0  2.0000   -12.018  5.4E-04   0.00  -1.58   0.65  -2.23   3.50
 56 -1.0  2.0000   -12.018  5.3E-04   0.00  -2.68  -0.09   0.04   3.50
 55 -1.0  2.0000   -12.018  5.3E-04   0.00   0.50  -2.31  -1.19   3.50
 57 -1.0  2.0000   -12.018  5.2E-04   0.00   1.76  -0.25   1.38   3.50
 25  1.0  2.0000    -9.563  3.9E-04   0.00  -5.36   0.83  -0.80   6.50
 24  1.0  2.0000    -9.563  3.7E-04   0.00   1.16   2.67  -1.30   6.50
 29  1.0  2.0000    -9.563  4.1E-04   0.00   2.93  -0.16   2.57   6.50
 26  1.0  2.0000    -9.563  3.8E-04   0.00  -1.68   0.98  -4.07   6.50
 23  1.0  2.0000    -9.563  4.0E-04   0.00  -0.66  -4.28   2.16   6.50
 28  1.0  2.0000    -9.563  3.8E-04   0.00   1.54  -2.69   2.20   6.50
 27  1.0  2.0000    -9.563  3.7E-04   0.00  -1.45  -0.85   2.75   6.50
 64 -1.0  2.0000    -9.170  4.9E-04   0.00   0.49  -1.09  -0.91   1.50
 63 -1.0  2.0000    -9.169  4.9E-04   0.00  -1.49   0.09  -0.09   1.50
 65 -1.0  2.0000    -9.037  1.5E-04   0.00   2.46  -0.22  -0.22   2.50
 66 -1.0  2.0000    -9.037  1.5E-04   0.00  -0.30  -0.41   2.36   2.50
 67 -1.0  2.0000    -9.037  1.5E-04   0.00  -0.66   2.13  -0.64   2.50
 68 -1.0  2.0000    -8.068  3.9E-04   0.00   0.50   0.50   0.50   0.50
 33  1.0  0.0000    -3.136  4.5E-04   0.00   3.33   0.01   0.03   4.50
 32  1.0  0.0000    -3.135  4.5E-04   0.00  -0.89   2.89  -1.36   4.50
 30  1.0  0.0000    -3.135  4.4E-04   0.00  -0.09  -4.24   0.22   4.50
 31  1.0  0.0000    -3.134  4.3E-04   0.00  -4.37  -0.15   0.16   4.50
 34  1.0  0.0000    -3.133  4.2E-04   0.00  -0.47  -1.01   3.45   4.50
 70 -1.0  0.0000    -0.529  4.4E-04   0.00  -0.09  -1.69  -2.53   7.50
 69 -1.0  0.0000    -0.529  4.3E-04   0.00   0.71  -1.15   2.50   7.50
________________________________________________________________________________
   Proton  wavefunctions
  i    P   occ       E        d2h    Delta   JxT    JyT    Jz     J
--------------------- Sp wavefunctions -----------------------------------------
 71  1.0  2.0000   -44.063  4.8E-04   0.00  -0.50  -0.50   0.50   0.50
 98 -1.0  2.0000   -38.923  1.9E-04   0.00  -1.00   0.50  -1.00   1.50
 97 -1.0  2.0000   -38.923  1.9E-04   0.00  -0.00  -1.50   0.00   1.50
 99 -1.0  2.0000   -38.327  1.2E-04   0.00   0.50   0.50   0.50   0.50
 74  1.0  2.0000   -32.575  1.6E-04   0.00  -1.25   0.76  -1.20   2.50
 73  1.0  2.0000   -32.575  1.5E-04   0.00   0.31  -0.84   1.21   2.50
 72  1.0  2.0000   -32.575  1.5E-04   0.00  -0.55  -1.42   1.49   2.50
 75  1.0  2.0000   -31.143  1.1E-04   0.00  -0.45   0.71  -1.25   1.50
 76  1.0  2.0000   -31.143  1.1E-04   0.00   1.45   0.29   0.25   1.50
 77  1.0  2.0000   -28.331  4.0E-04   0.00  -0.50  -0.50   0.50   0.50
103 -1.0  2.0000   -25.423  2.7E-04   0.00   2.40  -0.07  -0.50   3.50
101 -1.0  2.0000   -25.423  2.9E-04   0.00  -1.19   1.05  -2.04   3.50
102 -1.0  2.0000   -25.423  2.9E-04   0.00  -0.23  -2.76   0.83   3.50
100 -1.0  2.0000   -25.423  2.8E-04   0.00  -2.98  -0.22  -0.29   3.50
105 -1.0  2.0000   -22.765  2.2E-04   0.00   1.89  -0.89  -0.59   2.50
106 -1.0  2.0000   -22.765  2.2E-04   0.00  -0.62   2.18  -0.37   2.50
104 -1.0  2.0000   -22.765  2.3E-04   0.00   0.23   0.21   2.46   2.50
108 -1.0  2.0000   -19.927  5.7E-04   0.00  -1.00   0.50  -1.00   1.50
107 -1.0  2.0000   -19.927  5.7E-04   0.00  -0.00  -1.50   0.00   1.50
109 -1.0  2.0000   -18.828  4.7E-04   0.00   0.50   0.50   0.50   0.50
 81  1.0  2.0000   -17.740  5.8E-04   0.00  -0.84   2.06  -2.44   4.50
 79  1.0  2.0000   -17.740  5.7E-04   0.00   1.70  -1.76   0.80   4.50
 80  1.0  2.0000   -17.740  5.6E-04   0.00  -1.13   1.08   1.16   4.50
 78  1.0  2.0000   -17.740  5.6E-04   0.00  -0.54  -2.37   2.46   4.50
 82  1.0  2.0000   -17.740  5.5E-04   0.00  -1.68  -1.52   0.52   4.50
 85  1.0  2.0000   -13.537  4.5E-04   0.00   0.50  -1.15   1.77   3.50
 83  1.0  2.0000   -13.537  4.4E-04   0.00  -0.89   0.54  -2.12   3.50
 84  1.0  2.0000   -13.537  4.6E-04   0.00  -0.48   1.65  -2.27   3.50
 86  1.0  2.0000   -13.537  4.6E-04   0.00   2.87   0.97   0.62   3.50
 89  1.0  2.0000   -11.458  7.4E-04   0.00  -1.32   0.80  -1.16   2.50
 87  1.0  2.0000   -11.458  7.5E-04   0.00   0.01   0.01   2.50   2.50
 88  1.0  2.0000   -11.458  7.5E-04   0.00  -0.19  -2.32   0.16   2.50
110 -1.0  2.0000    -9.710  1.0E-03   0.00   0.08  -1.44  -2.90   5.50
112 -1.0  2.0000    -9.710  9.8E-04   0.00  -0.29  -0.80   3.27   5.50
111 -1.0  2.0000    -9.710  1.0E-03   0.00   0.37   1.18   1.69   5.50
115 -1.0  2.0000    -9.710  1.0E-03   0.00  -0.56   1.40  -4.49   5.50
113 -1.0  2.0000    -9.710  1.0E-03   0.00  -3.04  -0.67   0.84   5.50
114 -1.0  2.0000    -9.710  1.0E-03   0.00   0.44  -2.67  -1.41   5.50
 91  1.0  2.0000    -9.565  7.3E-04   0.00  -0.50   1.00  -1.00   1.50
 90  1.0  2.0000    -9.565  7.3E-04   0.00   1.50   0.00   0.00   1.50
 92  1.0  2.0000    -8.811  9.6E-04   0.00  -0.50  -0.50   0.50   0.50
117 -1.0  0.0000    -3.803  8.7E-04   0.00  -0.92  -2.40   2.02   4.50
120 -1.0  0.0000    -3.803  8.6E-04   0.00  -0.28   1.78  -2.29   4.50
118 -1.0  0.0000    -3.803  8.4E-04   0.00  -0.42   1.85   0.67   4.50
119 -1.0  0.0000    -3.803  8.6E-04   0.00   1.54   1.23   2.67   4.50
116 -1.0  0.0000    -3.803  8.7E-04   0.00   2.59   0.03  -0.57   4.50
 95  1.0  0.0000    -1.445  1.1E-03   0.00  -1.98  -2.17   0.87   6.50
 93  1.0  0.0000    -1.445  1.2E-03   0.00   0.29  -2.94   0.88   6.50
 94  1.0  0.0000    -1.445  1.1E-03   0.00  -1.20   3.42  -0.95   6.50
 96  1.0  0.0000    -1.445  1.2E-03   0.00   1.01   1.11   2.25   6.50
--------------------------------------------------------------------------------
---------------------------------Quasiparticles---------------------------------
________________________________________________________________________________
Block 1
positive parity neutrons
  N    Eqp     f_n
________________________________________________________________________________
  1   1.98    0.00E+00
  2   1.99    0.00E+00
  3   1.99    0.00E+00
  4   1.99    0.00E+00
  5   1.99    0.00E+00
  6   4.44    0.00E+00
  7   4.44    0.00E+00
  8   4.44    0.00E+00
  9   4.44    0.00E+00
 10   4.44    0.00E+00
 11   4.44    0.00E+00
 12   4.44    0.00E+00
 13  13.58    0.00E+00
 14  13.99    0.00E+00
 15  13.99    0.00E+00
 16  16.16    0.00E+00
 17  16.16    0.00E+00
 18  16.16    0.00E+00
 19  18.23    0.00E+00
 20  18.23    0.00E+00
 21  18.23    0.00E+00
 22  18.23    0.00E+00
 23  22.51    0.00E+00
 24  22.51    0.00E+00
 25  22.51    0.00E+00
 26  22.51    0.00E+00
 27  22.51    0.00E+00
 28  35.49    0.00E+00
 29  37.97    0.00E+00
 30  37.97    0.00E+00
 31  39.38    0.00E+00
 32  39.38    0.00E+00
 33  39.38    0.00E+00
 34  52.90    0.00E+00
________________________________________________________________________________
Block 3
negative parity neutrons
  N    Eqp     f_n
________________________________________________________________________________
  1   2.95    0.00E+00
  2   3.92    0.00E+00
  3   3.92    0.00E+00
  4   3.92    0.00E+00
  5   4.05    0.00E+00
  6   4.05    0.00E+00
  7   4.59    0.00E+00
  8   4.59    0.00E+00
  9   6.90    0.00E+00
 10   6.90    0.00E+00
 11   6.90    0.00E+00
 12   6.90    0.00E+00
 13   7.36    0.00E+00
 14   7.36    0.00E+00
 15   7.36    0.00E+00
 16   7.36    0.00E+00
 17   7.36    0.00E+00
 18  13.52    0.00E+00
 19  13.52    0.00E+00
 20  13.52    0.00E+00
 21  13.52    0.00E+00
 22  13.52    0.00E+00
 23  13.52    0.00E+00
 24  24.58    0.00E+00
 25  25.78    0.00E+00
 26  25.78    0.00E+00
 27  28.56    0.00E+00
 28  28.56    0.00E+00
 29  28.56    0.00E+00
 30  31.21    0.00E+00
 31  31.21    0.00E+00
 32  31.21    0.00E+00
 33  31.21    0.00E+00
 34  46.13    0.00E+00
 35  46.73    0.00E+00
 36  46.73    0.00E+00
________________________________________________________________________________
Block 5
positive parity  protons
  N    Eqp     f_n
________________________________________________________________________________
  1   3.01    0.00E+00
  2   3.76    0.00E+00
  3   3.76    0.00E+00
  4   4.35    0.00E+00
  5   4.35    0.00E+00
  6   4.35    0.00E+00
  7   4.35    0.00E+00
  8   5.66    0.00E+00
  9   5.66    0.00E+00
 10   5.66    0.00E+00
 11   7.74    0.00E+00
 12   7.74    0.00E+00
 13   7.74    0.00E+00
 14   7.74    0.00E+00
 15  11.94    0.00E+00
 16  11.94    0.00E+00
 17  11.94    0.00E+00
 18  11.94    0.00E+00
 19  11.94    0.00E+00
 20  22.53    0.00E+00
 21  25.34    0.00E+00
 22  25.34    0.00E+00
 23  26.78    0.00E+00
 24  26.78    0.00E+00
 25  26.78    0.00E+00
 26  38.26    0.00E+00
________________________________________________________________________________
Block 7
negative parity  protons
  N    Eqp     f_n
________________________________________________________________________________
  1   2.00    0.00E+00
  2   2.00    0.00E+00
  3   2.00    0.00E+00
  4   2.00    0.00E+00
  5   2.00    0.00E+00
  6   3.91    0.00E+00
  7   3.91    0.00E+00
  8   3.91    0.00E+00
  9   3.91    0.00E+00
 10   3.91    0.00E+00
 11   3.91    0.00E+00
 12  13.03    0.00E+00
 13  14.13    0.00E+00
 14  14.13    0.00E+00
 15  16.96    0.00E+00
 16  16.96    0.00E+00
 17  16.96    0.00E+00
 18  19.62    0.00E+00
 19  19.62    0.00E+00
 20  19.62    0.00E+00
 21  19.62    0.00E+00
 22  32.53    0.00E+00
 23  33.12    0.00E+00
 24  33.12    0.00E+00
--------------------------------------------------------------------------------
---------------- Electric Multipole Moments -----------------
Quantisation Axis             : Z
  With secondary axis ordering: X,Y
______________________________________________________________
                     Neutrons        Protons         Total
______________________________________________________________
 Particles          126.0000         82.0000        208.0000

Re  Q_{ 2 0}         -0.0009         -0.0008         -0.0017
Re  Q_{ 2 2}         -0.0003         -0.0003         -0.0006

Re  Q_{ 4 0}         13.3506         -0.5129         12.8377
Re  Q_{ 4 2}         -0.0268         -0.0216         -0.0484
Re  Q_{ 4 4}          8.0862         -0.2290          7.8572

Re  Q_{ 6 0}        221.0263         -4.4331        216.5932
Re  Q_{ 6 2}          1.4970         -0.4793          1.0177
Re  Q_{ 6 4}       -409.8489          5.2697       -404.5792
Re  Q_{ 6 6}         -0.7391          0.1582         -0.5809

Re  Q_{ 8 0}      41775.6621        601.9548      42377.6168
Re  Q_{ 8 2}        -39.1148        -13.7489        -52.8638
Re  Q_{ 8 4}      15684.0557        228.8915      15912.9472
Re  Q_{ 8 6}         35.6067        -12.0550         23.5517
Re  Q_{ 8 8}      23940.8087        359.4398      24300.2485

Re  Q_{10 0}    -304754.7106    -340359.5420    -645114.2526
Re  Q_{10 2}       3986.6951       -226.7660       3759.9290
Re  Q_{10 4}     281095.3772     338695.3274     619790.7046
Re  Q_{10 6}       4092.7582      -1136.0726       2956.6855
Re  Q_{10 8}     337821.5577     405260.7955     743082.3532
Re  Q_{1010}       5586.3694       -756.5323       4829.8371

 RMS radius           5.6175          5.4574          5.5550
______________________________________________________________
                     Neutrons        Protons         Total
______________________________________________________________

Beta_{ 2 0}      -0.00000035     -0.00000033     -0.00000068
Beta_{ 2 2}      -0.00000013     -0.00000012     -0.00000025

Beta_{ 4 0}       0.00010521     -0.00000404      0.00010117
Beta_{ 4 2}      -0.00000021     -0.00000017     -0.00000038
Beta_{ 4 4}       0.00006372     -0.00000180      0.00006192

Beta_{ 6 0}       0.00003446     -0.00000069      0.00003376
Beta_{ 6 2}       0.00000023     -0.00000007      0.00000016
Beta_{ 6 4}      -0.00006389      0.00000082     -0.00006307
Beta_{ 6 6}      -0.00000012      0.00000002     -0.00000009

Beta_{ 8 0}       0.00012882      0.00000186      0.00013068
Beta_{ 8 2}      -0.00000012     -0.00000004     -0.00000016
Beta_{ 8 4}       0.00004837      0.00000071      0.00004907
Beta_{ 8 6}       0.00000011     -0.00000004      0.00000007
Beta_{ 8 8}       0.00007383      0.00000111      0.00007493

Beta_{10 0}      -0.00001859     -0.00002076     -0.00003935
Beta_{10 2}       0.00000024     -0.00000001      0.00000023
Beta_{10 4}       0.00001715      0.00002066      0.00003781
Beta_{10 6}       0.00000025     -0.00000007      0.00000018
Beta_{10 8}       0.00002061      0.00002472      0.00004533
Beta_{1010}       0.00000034     -0.00000005      0.00000029

______________________________________________________________
                     Neutrons        Protons         Total
______________________________________________________________
Q_{ 2}                0.0010          0.0009          0.0019
Q_{ 4}               17.5788          0.6074         16.9789
Q_{ 6}              620.3309          8.7006        611.7876
Q_{ 8}            58167.9928        852.1707      59019.6327
Q_{10}           692299.9129     820822.8318    1512907.3383
______________________________________________________________
                     Neutrons        Protons         Total
______________________________________________________________
Beta_{   2}       0.00000039      0.00000037      0.00000076
Beta_{   4}       0.00013853      0.00000479      0.00013380
Beta_{   6}       0.00009670      0.00000136      0.00009537
Beta_{   8}       0.00017937      0.00000263      0.00018200
Beta_{  10}       0.00004223      0.00005007      0.00009229
______________________________________________________________
 Cart. Moments X              Y              Z
 Cart. N        0.0000894      0.0026680     -0.0027574
 Cart. P        0.0001814      0.0024454     -0.0026268
 Cart. T        0.0002708      0.0051134     -0.0053842
 (Q, gamma)    Q              Gamma
 (Q,g) N        0.0031336   -151.6351655
 (Q,g) P        0.0029341   -153.5444762
 (Q,g) T        0.0060669   -152.5584270
 (iq1, iq2)    iq1            iq2
 iq    N       -0.0018979     -0.0017190
 iq    P       -0.0018722     -0.0015094
 iq    T       -0.0037700     -0.0032284
               X^2            Y^2            Z^2
 X^2_i N     1325.3637909   1325.3646505   1325.3628420
 X^2_i P      814.0883684    814.0891231    814.0874323
 X^2_i T     2139.4521593   2139.4537735   2139.4502743
------------------------------------------------------------
---------------------Rotational properties--------------------
                Rigid rotor          (hbar^2/MeV)
              n              p              t 
 I_R X      63.9175592     39.2605697    103.1781289
 I_R Y      63.9175385     39.2605515    103.1780900
 I_R Z      63.9175821     39.2605922    103.1781744

                Belyaev              (hbar^2/MeV) 
              n              p              t 
 I_B X       0.0000003      0.0000000      0.0000003
 I_B Y       0.0000003      0.0000000      0.0000003
 I_B Z       0.0000002      0.0000000      0.0000002

                Belyaev (collective) (hbar^2/MeV) 
              n              p              t 
 I_B X       0.0000003      0.0000000      0.0000003
 I_B Y       0.0000003      0.0000000      0.0000003
 I_B Z       0.0000002      0.0000000      0.0000002

                 J^2                 (hbar^2)
              n              p              t 
 J2_X        0.0000011      0.0000000      0.0000011
 J2_Y        0.0000010      0.0000000      0.0000010
 J2_Z        0.0000008      0.0000000      0.0000008
 J2_t        0.0000029      0.0000001      0.0000029

                 J^2 (collective)    (hbar^2)
              n              p              t 
 J2_X        0.0000011      0.0000000      0.0000011
 J2_Y        0.0000010      0.0000000      0.0000010
 J2_Z        0.0000008      0.0000000      0.0000008
 J2_t        0.0000029      0.0000001      0.0000029
-------------------------- Pairing -------------------------
                          N         P 
 Fermi Level (MeV)     -5.12024244    -5.80029356
 Particles            126.00000000    82.00000000
 Dispersion             0.00000000    -0.00000000
 Average gap   v^2      0.00000000     0.00000000
 Average gap   uv       0.00000000     0.00000000

 HFB convergence:   (N,+)    (N,-)    (P,+)    (P,-)
  r^2-r+k*k^T    =  1.21E-14 1.40E-14 7.19E-15 9.33E-15
  r*k-k*r        =  5.69E-16 2.55E-16 4.25E-16 8.11E-16
------------------------------------------------------------
--------------------------------------------------------------------------------
 Skyrme Energy 
                                    Isoscalar      Isovector   |   Total
--------------------------------------------------------------------------------
                 E_D_I_I_D_I_I  -23151.050482     765.355979  -22385.694502
               E_D_I_I_D_Nm_Nm    1297.748026      32.580427    1330.328453
             E_D_I_I_Lap_D_I_I     317.837191      -2.520369     315.316822
              E_D_I_I_D_I_I_DD   15225.873380    -688.000558   14537.872822
       E_D_I_I_Derm_C_I_NxmSxm     -95.628366      -0.833339     -96.461705
           E_C_I_NmSk_C_I_NmSk       0.000000       0.000000       0.000000
               E_DP_I_I_DP_I_I                                    -0.000000
--------------------------------------------------------------------------------
                 Total Skyrme:                                 -6298.638111
--------------------------------------------------------------------------------
--------------------------------------------------------------------------------
                                     neutron        proton         total
                Kinetic Energy:    2541.350307    1343.619048    3884.969354
                    COM 1-body:     -12.218030      -6.459707     -18.677737

                Coulomb Direct:       0.000000     827.914647     827.914647
                      Exchange:       0.000000     -31.269517     -31.269517

               Pairing (delta):       0.000000      -0.000000      -0.000000
               Pairing (densi):                                    -0.000000
--------------------------------------------------------------------------------
                  Total energy:                                 -1635.701364
                    from spwfs:                                 -1635.689520
--------------------------------------------------------------------------------
--------------------------------------------------------------------------------
 Iteration =   71
 dt  =   0.0203      mu  =   0.8418  D2H =  0.2E-03
 E   =  -1635.702    DE  =  0.96893E-07
 dmun=  0.0E+00      dmup=  0.0E+00
 Q20 =      -0.0015  Q22 =      -0.0006 dQ20=  0.2E-03      dQ22=  0.6E-04
--------------------------------------------------------------------------------
 Iteration =   72
 dt  =   0.0203      mu  =   0.8418  D2H =  0.1E-03
 E   =  -1635.702    DE  =  0.84975E-07
 dmun=  0.0E+00      dmup=  0.0E+00
 Q20 =      -0.0014  Q22 =      -0.0005 dQ20=  0.2E-03      dQ22=  0.5E-04
--------------------------------------------------------------------------------
 Iteration =   73
 dt  =   0.0203      mu  =   0.8418  D2H =  0.1E-03
 E   =  -1635.702    DE  =  0.77753E-07
 dmun=  0.0E+00      dmup=  0.0E+00
 Q20 =      -0.0012  Q22 =      -0.0005 dQ20=  0.2E-03      dQ22=  0.5E-04
--------------------------------------------------------------------------------
 Iteration =   74
 dt  =   0.0203      mu  =   0.8418  D2H =  0.1E-03
 E   =  -1635.702    DE  =  0.71779E-07
 dmun=  0.0E+00      dmup=  0.0E+00
 Q20 =      -0.0011  Q22 =      -0.0004 dQ20=  0.1E-03      dQ22=  0.4E-04
--------------------------------------------------------------------------------
 Iteration =   75
 dt  =   0.0203      mu  =   0.8418  D2H =  0.9E-04
 E   =  -1635.702    DE  =  0.65007E-07
 dmun=  0.0E+00      dmup=  0.0E+00
 Q20 =      -0.0009  Q22 =      -0.0004 dQ20=  0.1E-03      dQ22=  0.4E-04
--------------------------------------------------------------------------------
 Iteration =   76
 dt  =   0.0203      mu  =   0.8418  D2H =  0.8E-04
 E   =  -1635.702    DE  =  0.56714E-07
 dmun=  0.0E+00      dmup=  0.0E+00
 Q20 =      -0.0008  Q22 =      -0.0004 dQ20=  0.1E-03      dQ22=  0.3E-04
--------------------------------------------------------------------------------
 Iteration =   77
 dt  =   0.0203      mu  =   0.8418  D2H =  0.6E-04
 E   =  -1635.702    DE  =  0.47203E-07
 dmun=  0.0E+00      dmup=  0.0E+00
 Q20 =      -0.0007  Q22 =      -0.0003 dQ20=  0.1E-03      dQ22=  0.3E-04
--------------------------------------------------------------------------------
 Iteration =   78
 dt  =   0.0203      mu  =   0.8418  D2H =  0.5E-04
 E   =  -1635.702    DE  =  0.37643E-07
 dmun=  0.0E+00      dmup=  0.0E+00
 Q20 =      -0.0006  Q22 =      -0.0003 dQ20=  0.9E-04      dQ22=  0.3E-04
--------------------------------------------------------------------------------
 Iteration =   79
 dt  =   0.0203      mu  =   0.8418  D2H =  0.4E-04
 E   =  -1635.702    DE  =  0.29252E-07
 dmun=  0.0E+00      dmup=  0.0E+00
 Q20 =      -0.0006  Q22 =      -0.0003 dQ20=  0.7E-04      dQ22=  0.2E-04
--------------------- Sp wavefunctions -----------------------------------------
________________________________________________________________________________
   Neutron wavefunctions
  i    P   occ       E        d2h    Delta   JxT    JyT    Jz     J
--------------------- Sp wavefunctions -----------------------------------------
  1  1.0  2.0000   -58.024  3.8E-05   0.00  -0.50  -0.50   0.50   0.50
 35 -1.0  2.0000   -51.849  8.6E-05   0.00  -0.00  -1.50   0.00   1.50
 36 -1.0  2.0000   -51.849  8.6E-05   0.00  -1.00   0.50  -1.00   1.50
 37 -1.0  2.0000   -51.252  6.2E-05   0.00   0.50   0.50   0.50   0.50
  3  1.0  2.0000   -44.504  3.8E-05   0.00  -0.87  -0.12  -1.28   2.50
  2  1.0  2.0000   -44.504  3.8E-05   0.00   0.59   0.28   2.16   2.50
  4  1.0  2.0000   -44.504  3.7E-05   0.00  -1.22  -1.66   0.62   2.50
  7  1.0  2.0000   -43.086  2.4E-05   0.00   1.50  -0.00  -0.00   1.50
  6  1.0  2.0000   -43.086  2.5E-05   0.00  -0.50   1.00  -1.00   1.50
  5  1.0  2.0000   -40.610  1.1E-04   0.00  -0.50  -0.50   0.50   0.50
 39 -1.0  2.0000   -36.335  4.0E-05   0.00  -1.38   1.42  -0.75   3.50
 38 -1.0  2.0000   -36.335  4.2E-05   0.00  -0.42  -1.34   1.64   3.50
 41 -1.0  2.0000   -36.335  3.9E-05   0.00  -0.78   1.10  -2.62   3.50
 40 -1.0  2.0000   -36.335  3.8E-05   0.00   0.58  -3.18  -0.27   3.50
 46 -1.0  2.0000   -33.678  2.0E-05   0.00  -0.39   0.97  -1.34   2.50
 45 -1.0  2.0000   -33.678  2.0E-05   0.00  -0.17  -0.33   2.33   2.50
 44 -1.0  2.0000   -33.678  1.9E-05   0.00   2.05   0.87   0.51   2.50
 43 -1.0  2.0000   -30.896  1.6E-04   0.00  -0.23   0.20  -1.47   1.50
 42 -1.0  2.0000   -30.896  1.6E-04   0.00  -0.77  -1.20   0.47   1.50
 47 -1.0  2.0000   -29.696  1.0E-04   0.00   0.50   0.50   0.50   0.50
 12  1.0  2.0000   -27.631  5.1E-05   0.00  -0.37  -3.16   1.38   4.50
 11  1.0  2.0000   -27.631  5.1E-05   0.00  -1.64  -0.73   2.71   4.50
  9  1.0  2.0000   -27.631  5.5E-05   0.00  -0.97   2.33  -2.11   4.50
  8  1.0  2.0000   -27.631  5.0E-05   0.00   0.49  -2.44   1.18   4.50
 10  1.0  2.0000   -27.631  5.6E-05   0.00  -0.01   1.50  -0.66   4.50
 19  1.0  2.0000   -23.346  1.7E-05   0.00  -0.66   1.47  -2.35   3.50
 18  1.0  2.0000   -23.346  1.7E-05   0.00   3.20  -0.65  -0.46   3.50
 17  1.0  2.0000   -23.346  1.8E-05   0.00  -0.51  -1.42   1.60   3.50
 16  1.0  2.0000   -23.346  1.8E-05   0.00  -0.02   2.61  -0.79   3.50
 13  1.0  2.0000   -21.284  1.3E-04   0.00  -0.50  -1.61   1.39   2.50
 15  1.0  2.0000   -21.284  1.3E-04   0.00  -0.03  -1.00   1.18   2.50
 14  1.0  2.0000   -21.284  1.3E-04   0.00  -0.97   1.10  -1.07   2.50
 22  1.0  2.0000   -19.112  4.7E-05   0.00   1.50   0.00   0.00   1.50
 21  1.0  2.0000   -19.112  4.8E-05   0.00  -0.50   1.00  -1.00   1.50
 20  1.0  2.0000   -18.697  1.2E-04   0.00  -0.50  -0.50   0.50   0.50
 50 -1.0  2.0000   -18.644  6.0E-05   0.00  -1.10  -1.23  -2.99   5.50
 49 -1.0  2.0000   -18.644  6.6E-05   0.00  -0.54   2.45  -3.06   5.50
 52 -1.0  2.0000   -18.644  6.9E-05   0.00   2.17  -1.60   1.19   5.50
 51 -1.0  2.0000   -18.644  6.0E-05   0.00  -2.32   0.82   0.64   5.50
 53 -1.0  2.0000   -18.644  6.2E-05   0.00   0.18  -1.31   2.29   5.50
 48 -1.0  2.0000   -18.644  6.1E-05   0.00  -1.38  -2.13  -1.08   5.50
 59 -1.0  2.0000   -12.481  1.8E-05   0.00   0.98   0.22   2.47   4.50
 60 -1.0  2.0000   -12.481  1.8E-05   0.00   0.19  -0.73   3.31   4.50
 58 -1.0  2.0000   -12.481  1.8E-05   0.00  -0.40   1.87  -1.03   4.50
 62 -1.0  2.0000   -12.481  1.8E-05   0.00   2.65   0.12  -1.07   4.50
 61 -1.0  2.0000   -12.481  1.8E-05   0.00  -0.92   1.01  -1.18   4.50
 54 -1.0  2.0000   -12.019  1.1E-04   0.00  -1.58   0.65  -2.23   3.50
 56 -1.0  2.0000   -12.018  1.1E-04   0.00  -2.68  -0.09   0.04   3.50
 55 -1.0  2.0000   -12.018  1.1E-04   0.00   0.50  -2.31  -1.19   3.50
 57 -1.0  2.0000   -12.018  1.0E-04   0.00   1.76  -0.25   1.38   3.50
 25  1.0  2.0000    -9.562  7.4E-05   0.00  -5.36   0.83  -0.80   6.50
 24  1.0  2.0000    -9.562  7.5E-05   0.00   1.16   2.67  -1.30   6.50
 28  1.0  2.0000    -9.562  6.5E-05   0.00   1.54  -2.69   2.20   6.50
 29  1.0  2.0000    -9.562  7.2E-05   0.00   2.93  -0.16   2.57   6.50
 23  1.0  2.0000    -9.562  6.6E-05   0.00  -0.66  -4.28   2.16   6.50
 26  1.0  2.0000    -9.562  7.1E-05   0.00  -1.68   0.98  -4.07   6.50
 27  1.0  2.0000    -9.562  6.6E-05   0.00  -1.45  -0.85   2.75   6.50
 63 -1.0  2.0000    -9.170  9.7E-05   0.00  -1.49   0.09  -0.09   1.50
 64 -1.0  2.0000    -9.170  9.9E-05   0.00   0.49  -1.09  -0.91   1.50
 65 -1.0  2.0000    -9.037  3.3E-05   0.00   2.46  -0.22  -0.22   2.50
 66 -1.0  2.0000    -9.037  3.4E-05   0.00  -0.30  -0.41   2.36   2.50
 67 -1.0  2.0000    -9.037  3.3E-05   0.00  -0.66   2.13  -0.64   2.50
 68 -1.0  2.0000    -8.068  6.8E-05   0.00   0.50   0.50   0.50   0.50
 33  1.0  0.0000    -3.136  8.7E-05   0.00   3.33   0.01   0.03   4.50
 32  1.0  0.0000    -3.135  8.8E-05   0.00  -0.89   2.89  -1.36   4.50
 30  1.0  0.0000    -3.135  9.0E-05   0.00  -0.09  -4.24   0.23   4.50
 31  1.0  0.0000    -3.134  9.0E-05   0.00  -4.37  -0.15   0.16   4.50
 34  1.0  0.0000    -3.133  8.6E-05   0.00  -0.47  -1.01   3.45   4.50
 70 -1.0  0.0000    -0.528  8.7E-05   0.00  -0.09  -1.69  -2.53   7.50
 69 -1.0  0.0000    -0.528  8.8E-05   0.00   0.71  -1.15   2.50   7.50
________________________________________________________________________________
   Proton  wavefunctions
  i    P   occ       E        d2h    Delta   JxT    JyT    Jz     J
--------------------- Sp wavefunctions -----------------------------------------
 71  1.0  2.0000   -44.066  1.4E-04   0.00  -0.50  -0.50   0.50   0.50
 97 -1.0  2.0000   -38.925  2.1E-05   0.00  -0.00  -1.50   0.00   1.50
 98 -1.0  2.0000   -38.925  2.1E-05   0.00  -1.00   0.50  -1.00   1.50
 99 -1.0  2.0000   -38.329  2.1E-05   0.00   0.50   0.50   0.50   0.50
 74  1.0  2.0000   -32.576  4.6E-05   0.00  -1.25   0.76  -1.20   2.50
 73  1.0  2.0000   -32.576  4.7E-05   0.00   0.31  -0.84   1.21   2.50
 72  1.0  2.0000   -32.576  4.7E-05   0.00  -0.55  -1.42   1.49   2.50
 75  1.0  2.0000   -31.144  2.5E-05   0.00  -0.45   0.71  -1.25   1.50
 76  1.0  2.0000   -31.144  2.5E-05   0.00   1.45   0.29   0.25   1.50
 77  1.0  2.0000   -28.333  1.4E-04   0.00  -0.50  -0.50   0.50   0.50
103 -1.0  2.0000   -25.423  5.7E-05   0.00   2.40  -0.06  -0.50   3.50
101 -1.0  2.0000   -25.423  5.4E-05   0.00  -1.19   1.05  -2.04   3.50
102 -1.0  2.0000   -25.423  5.4E-05   0.00  -0.23  -2.76   0.83   3.50
100 -1.0  2.0000   -25.423  5.6E-05   0.00  -2.98  -0.22  -0.29   3.50
105 -1.0  2.0000   -22.765  4.0E-05   0.00   1.89  -0.89  -0.59   2.50
106 -1.0  2.0000   -22.765  4.0E-05   0.00  -0.62   2.18  -0.37   2.50
104 -1.0  2.0000   -22.765  4.0E-05   0.00   0.23   0.21   2.46   2.50
108 -1.0  2.0000   -19.928  7.1E-05   0.00  -1.00   0.50  -1.00   1.50
107 -1.0  2.0000   -19.928  7.2E-05   0.00  -0.00  -1.50   0.00   1.50
109 -1.0  2.0000   -18.829  6.4E-05   0.00   0.50   0.50   0.50   0.50
 81  1.0  2.0000   -17.740  1.1E-04   0.00  -0.84   2.06  -2.44   4.50
 79  1.0  2.0000   -17.740  1.1E-04   0.00   1.70  -1.76   0.80   4.50
 80  1.0  2.0000   -17.740  1.1E-04   0.00  -1.13   1.08   1.16   4.50
 78  1.0  2.0000   -17.740  1.1E-04   0.00  -0.54  -2.37   2.46   4.50
 82  1.0  2.0000   -17.740  1.1E-04   0.00  -1.68  -1.52   0.52   4.50
 85  1.0  2.0000   -13.537  9.1E-05   0.00   0.50  -1.15   1.77   3.50
 83  1.0  2.0000   -13.537  9.3E-05   0.00  -0.89   0.54  -2.12   3.50
 86  1.0  2.0000   -13.537  8.9E-05   0.00   2.87   0.97   0.62   3.50
 84  1.0  2.0000   -13.537  8.7E-05   0.00  -0.48   1.65  -2.27   3.50
 89  1.0  2.0000   -11.459  1.3E-04   0.00  -1.32   0.80  -1.16   2.50
 87  1.0  2.0000   -11.459  1.2E-04   0.00   0.01   0.01   2.50   2.50
 88  1.0  2.0000   -11.459  1.2E-04   0.00  -0.19  -2.32   0.16   2.50
110 -1.0  2.0000    -9.709  1.7E-04   0.00   0.08  -1.44  -2.90   5.50
111 -1.0  2.0000    -9.709  1.6E-04   0.00   0.37   1.18   1.69   5.50
112 -1.0  2.0000    -9.709  1.6E-04   0.00  -0.29  -0.80   3.27   5.50
113 -1.0  2.0000    -9.709  1.6E-04   0.00  -3.04  -0.67   0.84   5.50
115 -1.0  2.0000    -9.709  1.6E-04   0.00  -0.56   1.40  -4.49   5.50
114 -1.0  2.0000    -9.709  1.5E-04   0.00   0.44  -2.67  -1.41   5.50
 91  1.0  2.0000    -9.566  1.1E-04   0.00  -0.50   1.00  -1.00   1.50
 90  1.0  2.0000    -9.566  1.1E-04   0.00   1.50   0.00   0.00   1.50
 92  1.0  2.0000    -8.812  1.4E-04   0.00  -0.50  -0.50   0.50   0.50
117 -1.0  0.0000    -3.803  1.6E-04   0.00  -0.92  -2.40   2.02   4.50
120 -1.0  0.0000    -3.803  1.5E-04   0.00  -0.28   1.78  -2.29   4.50
118 -1.0  0.0000    -3.803  1.5E-04   0.00  -0.42   1.85   0.67   4.50
119 -1.0  0.0000    -3.803  1.7E-04   0.00   1.54   1.23   2.67   4.50
116 -1.0  0.0000    -3.803  1.6E-04   0.00   2.59   0.03  -0.57   4.50
 95  1.0  0.0000    -1.445  1.8E-04   0.00  -1.98  -2.17   0.87   6.50
 93  1.0  0.0000    -1.445  2.0E-04   0.00   0.29  -2.94   0.88   6.50
 94  1.0  0.0000    -1.445  2.0E-04   0.00  -1.20   3.42  -0.95   6.50
 96  1.0  0.0000    -1.445  1.9E-04   0.00   1.01   1.11   2.25   6.50
--------------------------------------------------------------------------------
---------------------------------Quasiparticles---------------------------------
________________________________________________________________________________
Block 1
positive parity neutrons
  N    Eqp     f_n
________________________________________________________________________________
  1   1.98    0.00E+00
  2   1.98    0.00E+00
  3   1.99    0.00E+00
  4   1.99    0.00E+00
  5   1.99    0.00E+00
  6   4.44    0.00E+00
  7   4.44    0.00E+00
  8   4.44    0.00E+00
  9   4.44    0.00E+00
 10   4.44    0.00E+00
 11   4.44    0.00E+00
 12   4.44    0.00E+00
 13  13.58    0.00E+00
 14  13.99    0.00E+00
 15  13.99    0.00E+00
 16  16.16    0.00E+00
 17  16.16    0.00E+00
 18  16.16    0.00E+00
 19  18.23    0.00E+00
 20  18.23    0.00E+00
 21  18.23    0.00E+00
 22  18.23    0.00E+00
 23  22.51    0.00E+00
 24  22.51    0.00E+00
 25  22.51    0.00E+00
 26  22.51    0.00E+00
 27  22.51    0.00E+00
 28  35.49    0.00E+00
 29  37.97    0.00E+00
 30  37.97    0.00E+00
 31  39.38    0.00E+00
 32  39.38    0.00E+00
 33  39.38    0.00E+00
 34  52.90    0.00E+00
________________________________________________________________________________
Block 3
negative parity neutrons
  N    Eqp     f_n
________________________________________________________________________________
  1   2.95    0.00E+00
  2   3.92    0.00E+00
  3   3.92    0.00E+00
  4   3.92    0.00E+00
  5   4.05    0.00E+00
  6   4.05    0.00E+00
  7   4.59    0.00E+00
  8   4.59    0.00E+00
  9   6.90    0.00E+00
 10   6.90    0.00E+00
 11   6.90    0.00E+00
 12   6.90    0.00E+00
 13   7.36    0.00E+00
 14   7.36    0.00E+00
 15   7.36    0.00E+00
 16   7.36    0.00E+00
 17   7.36    0.00E+00
 18  13.52    0.00E+00
 19  13.52    0.00E+00
 20  13.52    0.00E+00
 21  13.52    0.00E+00
 22  13.52    0.00E+00
 23  13.52    0.00E+00
 24  24.58    0.00E+00
 25  25.78    0.00E+00
 26  25.78    0.00E+00
 27  28.56    0.00E+00
 28  28.56    0.00E+00
 29  28.56    0.00E+00
 30  31.21    0.00E+00
 31  31.21    0.00E+00
 32  31.21    0.00E+00
 33  31.21    0.00E+00
 34  46.13    0.00E+00
 35  46.73    0.00E+00
 36  46.73    0.00E+00
________________________________________________________________________________
Block 5
positive parity  protons
  N    Eqp     f_n
________________________________________________________________________________
  1   3.01    0.00E+00
  2   3.77    0.00E+00
  3   3.77    0.00E+00
  4   4.36    0.00E+00
  5   4.36    0.00E+00
  6   4.36    0.00E+00
  7   4.36    0.00E+00
  8   5.66    0.00E+00
  9   5.66    0.00E+00
 10   5.66    0.00E+00
 11   7.74    0.00E+00
 12   7.74    0.00E+00
 13   7.74    0.00E+00
 14   7.74    0.00E+00
 15  11.94    0.00E+00
 16  11.94    0.00E+00
 17  11.94    0.00E+00
 18  11.94    0.00E+00
 19  11.94    0.00E+00
 20  22.53    0.00E+00
 21  25.34    0.00E+00
 22  25.34    0.00E+00
 23  26.78    0.00E+00
 24  26.78    0.00E+00
 25  26.78    0.00E+00
 26  38.27    0.00E+00
________________________________________________________________________________
Block 7
negative parity  protons
  N    Eqp     f_n
________________________________________________________________________________
  1   2.00    0.00E+00
  2   2.00    0.00E+00
  3   2.00    0.00E+00
  4   2.00    0.00E+00
  5   2.00    0.00E+00
  6   3.91    0.00E+00
  7   3.91    0.00E+00
  8   3.91    0.00E+00
  9   3.91    0.00E+00
 10   3.91    0.00E+00
 11   3.91    0.00E+00
 12  13.03    0.00E+00
 13  14.13    0.00E+00
 14  14.13    0.00E+00
 15  16.96    0.00E+00
 16  16.96    0.00E+00
 17  16.96    0.00E+00
 18  19.62    0.00E+00
 19  19.62    0.00E+00
 20  19.62    0.00E+00
 21  19.62    0.00E+00
 22  32.53    0.00E+00
 23  33.12    0.00E+00
 24  33.12    0.00E+00
--------------------------------------------------------------------------------
---------------- Electric Multipole Moments -----------------
Quantisation Axis             : Z
  With secondary axis ordering: X,Y
______________________________________________________________
                     Neutrons        Protons         Total
______________________________________________________________
 Particles          126.0000         82.0000        208.0000

Re  Q_{ 2 0}         -0.0004         -0.0001         -0.0005
Re  Q_{ 2 2}         -0.0002         -0.0001         -0.0003

Re  Q_{ 4 0}         12.8322         -0.2106         12.6216
Re  Q_{ 4 2}         -0.0137         -0.0086         -0.0223
Re  Q_{ 4 4}          7.7156         -0.0927          7.6228

Re  Q_{ 6 0}        223.4327         -4.5826        218.8500
Re  Q_{ 6 2}          0.2740          0.1722          0.4462
Re  Q_{ 6 4}       -418.1562          8.6303       -409.5259
Re  Q_{ 6 6}         -0.2157         -0.0519         -0.2676

Re  Q_{ 8 0}      42630.9618      -1849.0395      40781.9223
Re  Q_{ 8 2}          8.7720          2.9434         11.7154
Re  Q_{ 8 4}      16044.7349       -700.2156      15344.5193
Re  Q_{ 8 6}        -17.0558         -3.1127        -20.1685
Re  Q_{ 8 8}      24436.2766      -1062.5465      23373.7301

Re  Q_{10 0}     370285.5144    -155738.7905     214546.7239
Re  Q_{10 2}        919.6011        599.5993       1519.2004
Re  Q_{10 4}    -366555.2012     157103.0117    -209452.1895
Re  Q_{10 6}      -1037.8534         37.8741       -999.9794
Re  Q_{10 8}    -435191.1950     187095.3649    -248095.8301
Re  Q_{1010}       1522.1572        392.2566       1914.4137

 RMS radius           5.6175          5.4575          5.5550
______________________________________________________________
                     Neutrons        Protons         Total
______________________________________________________________

Beta_{ 2 0}      -0.00000014     -0.00000006     -0.00000020
Beta_{ 2 2}      -0.00000007     -0.00000004     -0.00000010

Beta_{ 4 0}       0.00010112     -0.00000166      0.00009946
Beta_{ 4 2}      -0.00000011     -0.00000007     -0.00000018
Beta_{ 4 4}       0.00006080     -0.00000073      0.00006007

Beta_{ 6 0}       0.00003483     -0.00000071      0.00003412
Beta_{ 6 2}       0.00000004      0.00000003      0.00000007
Beta_{ 6 4}      -0.00006519      0.00000135     -0.00006384
Beta_{ 6 6}      -0.00000003     -0.00000001     -0.00000004

Beta_{ 8 0}       0.00013146     -0.00000570      0.00012576
Beta_{ 8 2}       0.00000003      0.00000001      0.00000004
Beta_{ 8 4}       0.00004948     -0.00000216      0.00004732
Beta_{ 8 6}      -0.00000005     -0.00000001     -0.00000006
Beta_{ 8 8}       0.00007535     -0.00000328      0.00007208

Beta_{10 0}       0.00002259     -0.00000950      0.00001309
Beta_{10 2}       0.00000006      0.00000004      0.00000009
Beta_{10 4}      -0.00002236      0.00000958     -0.00001278
Beta_{10 6}      -0.00000006      0.00000000     -0.00000006
Beta_{10 8}      -0.00002655      0.00001141     -0.00001513
Beta_{1010}       0.00000009      0.00000002      0.00000012

______________________________________________________________
                     Neutrons        Protons         Total
______________________________________________________________
Q_{ 2}                0.0004          0.0002          0.0006
Q_{ 4}               16.8442          0.2484         16.5988
Q_{ 6}              632.1643         13.0395        619.1275
Q_{ 8}            59384.5931       2580.2321      56804.3778
Q_{10}           885792.3149     378982.4062     506840.9649
______________________________________________________________
                     Neutrons        Protons         Total
______________________________________________________________
Beta_{   2}       0.00000017      0.00000008      0.00000025
Beta_{   4}       0.00013274      0.00000196      0.00013081
Beta_{   6}       0.00009855      0.00000203      0.00009651
Beta_{   8}       0.00018312      0.00000796      0.00017517
Beta_{  10}       0.00005403      0.00002312      0.00003092
______________________________________________________________
 Cart. Moments X              Y              Z
 Cart. N       -0.0000748      0.0012183     -0.0011435
 Cart. P       -0.0001161      0.0005742     -0.0004581
 Cart. T       -0.0001909      0.0017925     -0.0016016
 (Q, gamma)    Q              Gamma
 (Q,g) N        0.0013657   -146.8604210
 (Q,g) P        0.0006072   -138.9778993
 (Q,g) T        0.0019689   -144.4365418
 (iq1, iq2)    iq1            iq2
 iq    N       -0.0007125     -0.0008621
 iq    P       -0.0002280     -0.0004602
 iq    T       -0.0009405     -0.0013222
               X^2            Y^2            Z^2
 X^2_i N     1325.3697188   1325.3701499   1325.3693626
 X^2_i P      814.1078091    814.1080391    814.1076951
 X^2_i T     2139.4775279   2139.4781890   2139.4770577
------------------------------------------------------------
---------------------Rotational properties--------------------
                Rigid rotor          (hbar^2/MeV)
              n              p              t 
 I_R X      63.9178491     39.2615144    103.1793635
 I_R Y      63.9178387     39.2615089    103.1793475
 I_R Z      63.9178577     39.2615172    103.1793748

                Belyaev              (hbar^2/MeV) 
              n              p              t 
 I_B X       0.0000003      0.0000000      0.0000003
 I_B Y       0.0000003      0.0000000      0.0000003
 I_B Z       0.0000002      0.0000000      0.0000002

                Belyaev (collective) (hbar^2/MeV) 
              n              p              t 
 I_B X       0.0000003      0.0000000      0.0000003
 I_B Y       0.0000003      0.0000000      0.0000003
 I_B Z       0.0000002      0.0000000      0.0000002

                 J^2                 (hbar^2)
              n              p              t 
 J2_X        0.0000010      0.0000000      0.0000010
 J2_Y        0.0000010      0.0000000      0.0000010
 J2_Z        0.0000008      0.0000000      0.0000008
 J2_t        0.0000028      0.0000000      0.0000028

                 J^2 (collective)    (hbar^2)
              n              p              t 
 J2_X        0.0000010      0.0000000      0.0000010
 J2_Y        0.0000010      0.0000000      0.0000010
 J2_Z        0.0000008      0.0000000      0.0000008
 J2_t        0.0000028      0.0000000      0.0000028
-------------------------- Pairing -------------------------
                          N         P 
 Fermi Level (MeV)     -5.12024244    -5.80029356
 Particles            126.00000000    82.00000000
 Dispersion            -0.00000000     0.00000000
 Average gap   v^2      0.00000000     0.00000000
 Average gap   uv       0.00000000     0.00000000

 HFB convergence:   (N,+)    (N,-)    (P,+)    (P,-)
  r^2-r+k*k^T    =  1.23E-14 1.35E-14 9.86E-15 7.42E-15
  r*k-k*r        =  8.72E-16 2.08E-16 7.77E-16 9.17E-16
------------------------------------------------------------
--------------------------------------------------------------------------------
 Skyrme Energy 
                                    Isoscalar      Isovector   |   Total
--------------------------------------------------------------------------------
                 E_D_I_I_D_I_I  -23150.667686     765.371864  -22385.295822
               E_D_I_I_D_Nm_Nm    1297.711742      32.580782    1330.292524
             E_D_I_I_Lap_D_I_I     317.830447      -2.520371     315.310076
              E_D_I_I_D_I_I_DD   15225.591954    -688.012873   14537.579081
       E_D_I_I_Derm_C_I_NxmSxm     -95.619681      -0.833104     -96.452784
           E_C_I_NmSk_C_I_NmSk       0.000000       0.000000       0.000000
               E_DP_I_I_DP_I_I                                    -0.000000
--------------------------------------------------------------------------------
                 Total Skyrme:                                 -6298.566926
--------------------------------------------------------------------------------
--------------------------------------------------------------------------------
                                     neutron        proton         total
                Kinetic Energy:    2541.325757    1343.579367    3884.905124
                    COM 1-body:     -12.217912      -6.459516     -18.677428

                Coulomb Direct:       0.000000     827.906049     827.906049
                      Exchange:       0.000000     -31.269147     -31.269147

               Pairing (delta):       0.000000      -0.000000       0.000000
               Pairing (densi):                                    -0.000000
--------------------------------------------------------------------------------
                  Total energy:                                 -1635.702329
                    from spwfs:                                 -1635.704955
--------------------------------------------------------------------------------
--------------------------------------------------------------------------------
 Iteration =   81
 dt  =   0.0203      mu  =   0.8418  D2H =  0.3E-04
 E   =  -1635.702    DE  =  0.18962E-07
 dmun=  0.0E+00      dmup=  0.0E+00
 Q20 =      -0.0005  Q22 =      -0.0002 dQ20=  0.5E-04      dQ22=  0.2E-04
--------------------------------------------------------------------------------
 Iteration =   82
 dt  =   0.0203      mu  =   0.8418  D2H =  0.3E-04
 E   =  -1635.702    DE  =  0.16772E-07
 dmun=  0.0E+00      dmup=  0.0E+00
 Q20 =      -0.0004  Q22 =      -0.0002 dQ20=  0.5E-04      dQ22=  0.2E-04
--------------------------------------------------------------------------------
 Iteration =   83
 dt  =   0.0203      mu  =   0.8418  D2H =  0.2E-04
 E   =  -1635.702    DE  =  0.15748E-07
 dmun=  0.0E+00      dmup=  0.0E+00
 Q20 =      -0.0004  Q22 =      -0.0002 dQ20=  0.4E-04      dQ22=  0.2E-04
--------------------------------------------------------------------------------
 Iteration =   84
 dt  =   0.0203      mu  =   0.8418  D2H =  0.2E-04
 E   =  -1635.702    DE  =  0.14810E-07
 dmun=  0.0E+00      dmup=  0.0E+00
 Q20 =      -0.0003  Q22 =      -0.0002 dQ20=  0.3E-04      dQ22=  0.1E-04
--------------------------------------------------------------------------------
 Iteration =   85
 dt  =   0.0203      mu  =   0.8418  D2H =  0.2E-04
 E   =  -1635.702    DE  =  0.13331E-07
 dmun=  0.0E+00      dmup=  0.0E+00
 Q20 =      -0.0003  Q22 =      -0.0002 dQ20=  0.3E-04      dQ22=  0.1E-04
--------------------------------------------------------------------------------
 Iteration =   86
 dt  =   0.0203      mu  =   0.8418  D2H =  0.1E-04
 E   =  -1635.702    DE  =  0.10847E-07
 dmun=  0.0E+00      dmup=  0.0E+00
 Q20 =      -0.0003  Q22 =      -0.0002 dQ20=  0.2E-04      dQ22=  0.1E-04
--------------------------------------------------------------------------------
 Iteration =   87
 dt  =   0.0203      mu  =   0.8418  D2H =  0.1E-04
 E   =  -1635.702    DE  =  0.78073E-08
 dmun=  0.0E+00      dmup=  0.0E+00
 Q20 =      -0.0003  Q22 =      -0.0001 dQ20=  0.2E-04      dQ22=  0.1E-04
--------------------------------------------------------------------------------
 Iteration =   88
 dt  =   0.0203      mu  =   0.8418  D2H =  0.9E-05
 E   =  -1635.702    DE  =  0.52257E-08
 dmun=  0.0E+00      dmup=  0.0E+00
 Q20 =      -0.0002  Q22 =      -0.0001 dQ20=  0.2E-04      dQ22=  0.1E-04
--------------------------------------------------------------------------------
 Iteration =   89
 dt  =   0.0203      mu  =   0.8418  D2H =  0.7E-05
 E   =  -1635.703    DE  =  0.37492E-08
 dmun=  0.0E+00      dmup=  0.0E+00
 Q20 =      -0.0002  Q22 =      -0.0001 dQ20=  0.2E-04      dQ22=  0.9E-05
--------------------- Sp wavefunctions -----------------------------------------
________________________________________________________________________________
   Neutron wavefunctions
  i    P   occ       E        d2h    Delta   JxT    JyT    Jz     J
--------------------- Sp wavefunctions -----------------------------------------
  1  1.0  2.0000   -58.021  3.0E-05   0.00  -0.50  -0.50   0.50   0.50
 36 -1.0  2.0000   -51.847  6.7E-06   0.00  -1.00   0.50  -1.00   1.50
 35 -1.0  2.0000   -51.847  6.6E-06   0.00  -0.00  -1.50   0.00   1.50
 37 -1.0  2.0000   -51.250  6.1E-06   0.00   0.50   0.50   0.50   0.50
  3  1.0  2.0000   -44.503  7.1E-06   0.00  -0.87  -0.12  -1.28   2.50
  2  1.0  2.0000   -44.503  6.8E-06   0.00   0.59   0.28   2.16   2.50
  4  1.0  2.0000   -44.503  6.4E-06   0.00  -1.22  -1.66   0.62   2.50
  6  1.0  2.0000   -43.085  3.4E-06   0.00  -0.50   1.00  -1.00   1.50
  7  1.0  2.0000   -43.085  3.4E-06   0.00   1.50  -0.00  -0.00   1.50
  5  1.0  2.0000   -40.609  4.3E-05   0.00  -0.50  -0.50   0.50   0.50
 38 -1.0  2.0000   -36.334  9.6E-06   0.00  -0.42  -1.34   1.64   3.50
 39 -1.0  2.0000   -36.334  9.1E-06   0.00  -1.38   1.42  -0.75   3.50
 41 -1.0  2.0000   -36.334  9.4E-06   0.00  -0.78   1.10  -2.62   3.50
 40 -1.0  2.0000   -36.334  9.2E-06   0.00   0.58  -3.18  -0.27   3.50
 46 -1.0  2.0000   -33.678  3.7E-06   0.00  -0.39   0.97  -1.34   2.50
 45 -1.0  2.0000   -33.678  3.6E-06   0.00  -0.17  -0.33   2.33   2.50
 44 -1.0  2.0000   -33.678  3.5E-06   0.00   2.05   0.87   0.51   2.50
 43 -1.0  2.0000   -30.896  2.0E-05   0.00  -0.23   0.20  -1.47   1.50
 42 -1.0  2.0000   -30.896  1.9E-05   0.00  -0.77  -1.20   0.47   1.50
 47 -1.0  2.0000   -29.696  1.4E-05   0.00   0.50   0.50   0.50   0.50
  9  1.0  2.0000   -27.631  1.2E-05   0.00  -0.97   2.33  -2.11   4.50
 12  1.0  2.0000   -27.631  1.1E-05   0.00  -0.37  -3.16   1.38   4.50
 11  1.0  2.0000   -27.631  1.2E-05   0.00  -1.64  -0.73   2.71   4.50
  8  1.0  2.0000   -27.631  1.2E-05   0.00   0.49  -2.44   1.18   4.50
 10  1.0  2.0000   -27.631  1.2E-05   0.00  -0.01   1.50  -0.66   4.50
 17  1.0  2.0000   -23.347  2.7E-06   0.00  -0.51  -1.42   1.60   3.50
 19  1.0  2.0000   -23.347  2.8E-06   0.00  -0.66   1.47  -2.35   3.50
 18  1.0  2.0000   -23.347  2.8E-06   0.00   3.20  -0.65  -0.46   3.50
 16  1.0  2.0000   -23.347  2.7E-06   0.00  -0.02   2.61  -0.79   3.50
 13  1.0  2.0000   -21.284  1.9E-05   0.00  -0.50  -1.61   1.39   2.50
 15  1.0  2.0000   -21.284  1.9E-05   0.00  -0.03  -1.00   1.18   2.50
 14  1.0  2.0000   -21.284  2.1E-05   0.00  -0.97   1.10  -1.07   2.50
 22  1.0  2.0000   -19.112  9.2E-06   0.00   1.50   0.00   0.00   1.50
 21  1.0  2.0000   -19.112  9.5E-06   0.00  -0.50   1.00  -1.00   1.50
 20  1.0  2.0000   -18.697  2.6E-05   0.00  -0.50  -0.50   0.50   0.50
 49 -1.0  2.0000   -18.644  1.4E-05   0.00  -0.54   2.45  -3.06   5.50
 52 -1.0  2.0000   -18.644  1.4E-05   0.00   2.17  -1.60   1.19   5.50
 50 -1.0  2.0000   -18.644  1.4E-05   0.00  -1.10  -1.23  -2.99   5.50
 51 -1.0  2.0000   -18.644  1.4E-05   0.00  -2.32   0.82   0.64   5.50
 53 -1.0  2.0000   -18.644  1.3E-05   0.00   0.18  -1.31   2.29   5.50
 48 -1.0  2.0000   -18.644  1.3E-05   0.00  -1.38  -2.13  -1.08   5.50
 59 -1.0  2.0000   -12.482  3.0E-06   0.00   0.98   0.22   2.47   4.50
 58 -1.0  2.0000   -12.482  2.9E-06   0.00  -0.40   1.87  -1.03   4.50
 60 -1.0  2.0000   -12.482  2.9E-06   0.00   0.19  -0.73   3.31   4.50
 62 -1.0  2.0000   -12.482  2.9E-06   0.00   2.65   0.12  -1.07   4.50
 61 -1.0  2.0000   -12.482  2.9E-06   0.00  -0.92   1.01  -1.18   4.50
 54 -1.0  2.0000   -12.019  1.9E-05   0.00  -1.58   0.65  -2.23   3.50
 56 -1.0  2.0000   -12.019  1.8E-05   0.00  -2.68  -0.09   0.04   3.50
 55 -1.0  2.0000   -12.019  1.8E-05   0.00   0.50  -2.31  -1.19   3.50
 57 -1.0  2.0000   -12.019  1.8E-05   0.00   1.76  -0.25   1.38   3.50
 25  1.0  2.0000    -9.563  1.4E-05   0.00  -5.36   0.83  -0.80   6.50
 24  1.0  2.0000    -9.563  1.5E-05   0.00   1.16   2.67  -1.30   6.50
 26  1.0  2.0000    -9.563  1.4E-05   0.00  -1.68   0.98  -4.07   6.50
 28  1.0  2.0000    -9.563  1.3E-05   0.00   1.54  -2.69   2.20   6.50
 29  1.0  2.0000    -9.563  1.4E-05   0.00   2.93  -0.16   2.57   6.50
 23  1.0  2.0000    -9.563  1.3E-05   0.00  -0.66  -4.28   2.16   6.50
 27  1.0  2.0000    -9.563  1.4E-05   0.00  -1.45  -0.85   2.75   6.50
 63 -1.0  2.0000    -9.171  1.8E-05   0.00  -1.49   0.09  -0.09   1.50
 64 -1.0  2.0000    -9.171  1.9E-05   0.00   0.49  -1.09  -0.91   1.50
 65 -1.0  2.0000    -9.038  6.6E-06   0.00   2.46  -0.22  -0.22   2.50
 66 -1.0  2.0000    -9.038  7.0E-06   0.00  -0.30  -0.41   2.36   2.50
 67 -1.0  2.0000    -9.038  6.6E-06   0.00  -0.66   2.13  -0.64   2.50
 68 -1.0  2.0000    -8.069  1.2E-05   0.00   0.50   0.50   0.50   0.50
 33  1.0  0.0000    -3.137  2.3E-05   0.00   3.33   0.02   0.03   4.50
 32  1.0  0.0000    -3.136  2.3E-05   0.00  -0.89   2.89  -1.36   4.50
 30  1.0  0.0000    -3.136  2.4E-05   0.00  -0.10  -4.24   0.23   4.50
 31  1.0  0.0000    -3.135  2.5E-05   0.00  -4.37  -0.15   0.16   4.50
 34  1.0  0.0000    -3.134  2.1E-05   0.00  -0.47  -1.01   3.45   4.50
 70 -1.0  0.0000    -0.529  1.6E-05   0.00  -0.09  -1.69  -2.53   7.50
 69 -1.0  0.0000    -0.529  1.8E-05   0.00   0.71  -1.15   2.50   7.50
________________________________________________________________________________
   Proton  wavefunctions
  i    P   occ       E        d2h    Delta   JxT    JyT    Jz     J
--------------------- Sp wavefunctions -----------------------------------------
 71  1.0  2.0000   -44.064  1.1E-05   0.00  -0.50  -0.50   0.50   0.50
 97 -1.0  2.0000   -38.924  9.2E-06   0.00  -0.00  -1.50   0.00   1.50
 98 -1.0  2.0000   -38.924  9.2E-06   0.00  -1.00   0.50  -1.00   1.50
 99 -1.0  2.0000   -38.328  6.5E-06   0.00   0.50   0.50   0.50   0.50
 74  1.0  2.0000   -32.576  7.5E-06   0.00  -1.25   0.76  -1.20   2.50
 73  1.0  2.0000   -32.576  7.3E-06   0.00   0.31  -0.84   1.21   2.50
 72  1.0  2.0000   -32.576  7.2E-06   0.00  -0.55  -1.42   1.49   2.50
 76  1.0  2.0000   -31.144  4.2E-06   0.00   1.45   0.29   0.25   1.50
 75  1.0  2.0000   -31.144  4.2E-06   0.00  -0.45   0.71  -1.25   1.50
 77  1.0  2.0000   -28.333  1.5E-05   0.00  -0.50  -0.50   0.50   0.50
103 -1.0  2.0000   -25.423  8.5E-06   0.00   2.40  -0.06  -0.50   3.50
102 -1.0  2.0000   -25.423  8.3E-06   0.00  -0.23  -2.76   0.83   3.50
101 -1.0  2.0000   -25.423  8.4E-06   0.00  -1.19   1.05  -2.04   3.50
100 -1.0  2.0000   -25.423  8.1E-06   0.00  -2.98  -0.22  -0.29   3.50
105 -1.0  2.0000   -22.765  6.4E-06   0.00   1.89  -0.89  -0.59   2.50
106 -1.0  2.0000   -22.765  6.4E-06   0.00  -0.62   2.18  -0.37   2.50
104 -1.0  2.0000   -22.765  6.4E-06   0.00   0.23   0.21   2.46   2.50
108 -1.0  2.0000   -19.928  1.6E-05   0.00  -1.00   0.50  -1.00   1.50
107 -1.0  2.0000   -19.928  1.6E-05   0.00  -0.00  -1.50   0.00   1.50
109 -1.0  2.0000   -18.829  1.3E-05   0.00   0.50   0.50   0.50   0.50
 81  1.0  2.0000   -17.740  1.7E-05   0.00  -0.84   2.06  -2.44   4.50
 79  1.0  2.0000   -17.740  1.6E-05   0.00   1.70  -1.76   0.80   4.50
 80  1.0  2.0000   -17.740  1.7E-05   0.00  -1.13   1.08   1.16   4.50
 78  1.0  2.0000   -17.740  1.6E-05   0.00  -0.54  -2.37   2.46   4.50
 82  1.0  2.0000   -17.740  1.6E-05   0.00  -1.68  -1.52   0.52   4.50
 85  1.0  2.0000   -13.538  1.4E-05   0.00   0.50  -1.15   1.77   3.50
 83  1.0  2.0000   -13.538  1.4E-05   0.00  -0.89   0.54  -2.12   3.50
 86  1.0  2.0000   -13.538  1.4E-05   0.00   2.87   0.97   0.62   3.50
 84  1.0  2.0000   -13.538  1.4E-05   0.00  -0.48   1.65  -2.27   3.50
 89  1.0  2.0000   -11.460  2.3E-05   0.00  -1.32   0.80  -1.16   2.50
 87  1.0  2.0000   -11.460  2.5E-05   0.00   0.01   0.01   2.50   2.50
 88  1.0  2.0000   -11.460  2.5E-05   0.00  -0.19  -2.32   0.16   2.50
110 -1.0  2.0000    -9.710  2.5E-05   0.00   0.08  -1.44  -2.90   5.50
112 -1.0  2.0000    -9.710  2.9E-05   0.00  -0.29  -0.80   3.27   5.50
111 -1.0  2.0000    -9.710  2.7E-05   0.00   0.37   1.18   1.69   5.50
115 -1.0  2.0000    -9.710  2.8E-05   0.00  -0.56   1.40  -4.49   5.50
113 -1.0  2.0000    -9.710  2.6E-05   0.00  -3.04  -0.67   0.84   5.50
114 -1.0  2.0000    -9.710  3.0E-05   0.00   0.44  -2.67  -1.41   5.50
 90  1.0  2.0000    -9.566  2.1E-05   0.00   1.50   0.00   0.00   1.50
 91  1.0  2.0000    -9.566  2.1E-05   0.00  -0.50   1.00  -1.00   1.50
 92  1.0  2.0000    -8.813  2.0E-05   0.00  -0.50  -0.50   0.50   0.50
117 -1.0  0.0000    -3.804  2.7E-05   0.00  -0.92  -2.40   2.02   4.50
118 -1.0  0.0000    -3.804  2.7E-05   0.00  -0.42   1.85   0.67   4.50
120 -1.0  0.0000    -3.804  2.7E-05   0.00  -0.28   1.78  -2.29   4.50
119 -1.0  0.0000    -3.804  2.5E-05   0.00   1.54   1.23   2.67   4.50
116 -1.0  0.0000    -3.804  2.4E-05   0.00   2.59   0.03  -0.57   4.50
 95  1.0  0.0000    -1.446  4.4E-05   0.00  -1.98  -2.17   0.87   6.50
 93  1.0  0.0000    -1.446  3.5E-05   0.00   0.29  -2.94   0.88   6.50
 94  1.0  0.0000    -1.446  3.7E-05   0.00  -1.20   3.42  -0.95   6.50
 96  1.0  0.0000    -1.446  3.6E-05   0.00   1.01   1.11   2.25   6.50
--------------------------------------------------------------------------------
---------------------------------Quasiparticles---------------------------------
________________________________________________________________________________
Block 1
positive parity neutrons
  N    Eqp     f_n
________________________________________________________________________________
  1   1.98    0.00E+00
  2   1.98    0.00E+00
  3   1.98    0.00E+00
  4   1.99    0.00E+00
  5   1.99    0.00E+00
  6   4.44    0.00E+00
  7   4.44    0.00E+00
  8   4.44    0.00E+00
  9   4.44    0.00E+00
 10   4.44    0.00E+00
 11   4.44    0.00E+00
 12   4.44    0.00E+00
 13  13.58    0.00E+00
 14  13.99    0.00E+00
 15  13.99    0.00E+00
 16  16.16    0.00E+00
 17  16.16    0.00E+00
 18  16.16    0.00E+00
 19  18.23    0.00E+00
 20  18.23    0.00E+00
 21  18.23    0.00E+00
 22  18.23    0.00E+00
 23  22.51    0.00E+00
 24  22.51    0.00E+00
 25  22.51    0.00E+00
 26  22.51    0.00E+00
 27  22.51    0.00E+00
 28  35.49    0.00E+00
 29  37.96    0.00E+00
 30  37.96    0.00E+00
 31  39.38    0.00E+00
 32  39.38    0.00E+00
 33  39.38    0.00E+00
 34  52.90    0.00E+00
________________________________________________________________________________
Block 3
negative parity neutrons
  N    Eqp     f_n
________________________________________________________________________________
  1   2.95    0.00E+00
  2   3.92    0.00E+00
  3   3.92    0.00E+00
  4   3.92    0.00E+00
  5   4.05    0.00E+00
  6   4.05    0.00E+00
  7   4.59    0.00E+00
  8   4.59    0.00E+00
  9   6.90    0.00E+00
 10   6.90    0.00E+00
 11   6.90    0.00E+00
 12   6.90    0.00E+00
 13   7.36    0.00E+00
 14   7.36    0.00E+00
 15   7.36    0.00E+00
 16   7.36    0.00E+00
 17   7.36    0.00E+00
 18  13.52    0.00E+00
 19  13.52    0.00E+00
 20  13.52    0.00E+00
 21  13.52    0.00E+00
 22  13.52    0.00E+00
 23  13.52    0.00E+00
 24  24.58    0.00E+00
 25  25.78    0.00E+00
 26  25.78    0.00E+00
 27  28.56    0.00E+00
 28  28.56    0.00E+00
 29  28.56    0.00E+00
 30  31.21    0.00E+00
 31  31.21    0.00E+00
 32  31.21    0.00E+00
 33  31.21    0.00E+00
 34  46.13    0.00E+00
 35  46.73    0.00E+00
 36  46.73    0.00E+00
________________________________________________________________________________
Block 5
positive parity  protons
  N    Eqp     f_n
________________________________________________________________________________
  1   3.01    0.00E+00
  2   3.77    0.00E+00
  3   3.77    0.00E+00
  4   4.35    0.00E+00
  5   4.35    0.00E+00
  6   4.35    0.00E+00
  7   4.35    0.00E+00
  8   5.66    0.00E+00
  9   5.66    0.00E+00
 10   5.66    0.00E+00
 11   7.74    0.00E+00
 12   7.74    0.00E+00
 13   7.74    0.00E+00
 14   7.74    0.00E+00
 15  11.94    0.00E+00
 16  11.94    0.00E+00
 17  11.94    0.00E+00
 18  11.94    0.00E+00
 19  11.94    0.00E+00
 20  22.53    0.00E+00
 21  25.34    0.00E+00
 22  25.34    0.00E+00
 23  26.78    0.00E+00
 24  26.78    0.00E+00
 25  26.78    0.00E+00
 26  38.26    0.00E+00
________________________________________________________________________________
Block 7
negative parity  protons
  N    Eqp     f_n
________________________________________________________________________________
  1   2.00    0.00E+00
  2   2.00    0.00E+00
  3   2.00    0.00E+00
  4   2.00    0.00E+00
  5   2.00    0.00E+00
  6   3.91    0.00E+00
  7   3.91    0.00E+00
  8   3.91    0.00E+00
  9   3.91    0.00E+00
 10   3.91    0.00E+00
 11   3.91    0.00E+00
 12  13.03    0.00E+00
 13  14.13    0.00E+00
 14  14.13    0.00E+00
 15  16.97    0.00E+00
 16  16.97    0.00E+00
 17  16.97    0.00E+00
 18  19.62    0.00E+00
 19  19.62    0.00E+00
 20  19.62    0.00E+00
 21  19.62    0.00E+00
 22  32.53    0.00E+00
 23  33.12    0.00E+00
 24  33.12    0.00E+00
--------------------------------------------------------------------------------
---------------- Electric Multipole Moments -----------------
Quantisation Axis             : Z
  With secondary axis ordering: X,Y
______________________________________________________________
                     Neutrons        Protons         Total
______________________________________________________________
 Particles          126.0000         82.0000        208.0000

Re  Q_{ 2 0}         -0.0001         -0.0001         -0.0002
Re  Q_{ 2 2}         -0.0001         -0.0001         -0.0001

Re  Q_{ 4 0}         13.1790         -0.4431         12.7359
Re  Q_{ 4 2}         -0.0045         -0.0029         -0.0073
Re  Q_{ 4 4}          7.8936         -0.2577          7.6359

Re  Q_{ 6 0}        215.7927         -5.7143        210.0784
Re  Q_{ 6 2}          0.0305          0.1470          0.1774
Re  Q_{ 6 4}       -404.3340         11.0033       -393.3307
Re  Q_{ 6 6}          0.1684         -0.0091          0.1593

Re  Q_{ 8 0}      40940.7670      -2098.9474      38841.8196
Re  Q_{ 8 2}         -0.7217          1.1101          0.3884
Re  Q_{ 8 4}      15381.5494       -785.3990      14596.1504
Re  Q_{ 8 6}          2.9757          0.1271          3.1029
Re  Q_{ 8 8}      23448.0909      -1199.3969      22248.6940

Re  Q_{10 0}     623355.2285     -17057.9551     606297.2734
Re  Q_{10 2}      -1010.9795       -136.6958      -1147.6753
Re  Q_{10 4}    -626421.0900      17513.2900    -608907.8000
Re  Q_{10 6}        101.7308       -100.2125          1.5183
Re  Q_{10 8}    -747596.1552      21008.0580    -726588.0972
Re  Q_{1010}      -1896.2615        -88.2507      -1984.5122

 RMS radius           5.6177          5.4577          5.5552
______________________________________________________________
                     Neutrons        Protons         Total
______________________________________________________________

Beta_{ 2 0}      -0.00000004     -0.00000004     -0.00000009
Beta_{ 2 2}      -0.00000003     -0.00000002     -0.00000005

Beta_{ 4 0}       0.00010386     -0.00000349      0.00010036
Beta_{ 4 2}      -0.00000004     -0.00000002     -0.00000006
Beta_{ 4 4}       0.00006220     -0.00000203      0.00006017

Beta_{ 6 0}       0.00003364     -0.00000089      0.00003275
Beta_{ 6 2}       0.00000000      0.00000002      0.00000003
Beta_{ 6 4}      -0.00006303      0.00000172     -0.00006132
Beta_{ 6 6}       0.00000003     -0.00000000      0.00000002

Beta_{ 8 0}       0.00012625     -0.00000647      0.00011978
Beta_{ 8 2}      -0.00000000      0.00000000      0.00000000
Beta_{ 8 4}       0.00004743     -0.00000242      0.00004501
Beta_{ 8 6}       0.00000001      0.00000000      0.00000001
Beta_{ 8 8}       0.00007231     -0.00000370      0.00006861

Beta_{10 0}       0.00003803     -0.00000104      0.00003698
Beta_{10 2}      -0.00000006     -0.00000001     -0.00000007
Beta_{10 4}      -0.00003821      0.00000107     -0.00003714
Beta_{10 6}       0.00000001     -0.00000001      0.00000000
Beta_{10 8}      -0.00004560      0.00000128     -0.00004432
Beta_{1010}      -0.00000012     -0.00000001     -0.00000012

______________________________________________________________
                     Neutrons        Protons         Total
______________________________________________________________
Q_{ 2}                0.0001          0.0001          0.0003
Q_{ 4}               17.2715          0.5738         16.6978
Q_{ 6}              611.1780         16.5784        594.6017
Q_{ 8}            56999.6182       2918.2857      54081.3364
Q_{10}          1513666.9990      42274.7504    1471395.5411
______________________________________________________________
                     Neutrons        Protons         Total
______________________________________________________________
Beta_{   2}       0.00000006      0.00000005      0.00000011
Beta_{   4}       0.00013611      0.00000452      0.00013159
Beta_{   6}       0.00009527      0.00000258      0.00009269
Beta_{   8}       0.00017577      0.00000900      0.00016677
Beta_{  10}       0.00009233      0.00000258      0.00008976
______________________________________________________________
 Cart. Moments X              Y              Z
 Cart. N       -0.0000960      0.0004466     -0.0003506
 Cart. P       -0.0000289      0.0003693     -0.0003404
 Cart. T       -0.0001249      0.0008159     -0.0006910
 (Q, gamma)    Q              Gamma
 (Q,g) N        0.0004702   -138.2155182
 (Q,g) P        0.0004107   -145.9633294
 (Q,g) T        0.0008789   -141.8276635
 (iq1, iq2)    iq1            iq2
 iq    N       -0.0001697     -0.0003618
 iq    P       -0.0002076     -0.0002655
 iq    T       -0.0003773     -0.0006272
               X^2            Y^2            Z^2
 X^2_i N     1325.4497207   1325.4499015   1325.4496358
 X^2_i P      814.1582493    814.1583820    814.1581455
 X^2_i T     2139.6079699   2139.6082836   2139.6077813
------------------------------------------------------------
---------------------Rotational properties--------------------
                Rigid rotor          (hbar^2/MeV)
              n              p              t 
 I_R X      63.9217078     39.2639449    103.1856526
 I_R Y      63.9217034     39.2639417    103.1856451
 I_R Z      63.9217098     39.2639474    103.1856572

                Belyaev              (hbar^2/MeV) 
              n              p              t 
 I_B X       0.0000003      0.0000000      0.0000003
 I_B Y       0.0000003      0.0000000      0.0000003
 I_B Z       0.0000002      0.0000000      0.0000002

                Belyaev (collective) (hbar^2/MeV) 
              n              p              t 
 I_B X       0.0000003      0.0000000      0.0000003
 I_B Y       0.0000003      0.0000000      0.0000003
 I_B Z       0.0000002      0.0000000      0.0000002

                 J^2                 (hbar^2)
              n              p              t 
 J2_X        0.0000010      0.0000000      0.0000010
 J2_Y        0.0000010      0.0000000      0.0000010
 J2_Z        0.0000008      0.0000000      0.0000008
 J2_t        0.0000027      0.0000000      0.0000028

                 J^2 (collective)    (hbar^2)
              n              p              t 
 J2_X        0.0000010      0.0000000      0.0000010
 J2_Y        0.0000010      0.0000000      0.0000010
 J2_Z        0.0000008      0.0000000      0.0000008
 J2_t        0.0000027      0.0000000      0.0000028
-------------------------- Pairing -------------------------
                          N         P 
 Fermi Level (MeV)     -5.12024244    -5.80029356
 Particles            126.00000000    82.00000000
 Dispersion             0.00000000     0.00000000
 Average gap   v^2      0.00000000     0.00000000
 Average gap   uv       0.00000000     0.00000000

 HFB convergence:   (N,+)    (N,-)    (P,+)    (P,-)
  r^2-r+k*k^T    =  1.10E-14 1.24E-14 1.07E-14 8.27E-15
  r*k-k*r        =  4.61E-16 1.62E-16 4.06E-16 1.03E-15
------------------------------------------------------------
--------------------------------------------------------------------------------
 Skyrme Energy 
                                    Isoscalar      Isovector   |   Total
--------------------------------------------------------------------------------
                 E_D_I_I_D_I_I  -23148.660924     765.312586  -22383.348337
               E_D_I_I_D_Nm_Nm    1297.526429      32.577129    1330.103559
             E_D_I_I_Lap_D_I_I     317.792700      -2.519711     315.272989
              E_D_I_I_D_I_I_DD   15224.048090    -687.953338   14536.094752
       E_D_I_I_Derm_C_I_NxmSxm     -95.612519      -0.833064     -96.445584
           E_C_I_NmSk_C_I_NmSk       0.000000       0.000000       0.000000
               E_DP_I_I_DP_I_I                                    -0.000000
--------------------------------------------------------------------------------
                 Total Skyrme:                                 -6298.322621
--------------------------------------------------------------------------------
--------------------------------------------------------------------------------
                                     neutron        proton         total
                Kinetic Energy:    2541.183409    1343.501460    3884.684870
                    COM 1-body:     -12.217228      -6.459142     -18.676370

                Coulomb Direct:       0.000000     827.879835     827.879835
                      Exchange:       0.000000     -31.268223     -31.268223

               Pairing (delta):       0.000000      -0.000000       0.000000
               Pairing (densi):                                    -0.000000
--------------------------------------------------------------------------------
                  Total energy:                                 -1635.702510
                    from spwfs:                                 -1635.704678
--------------------------------------------------------------------------------
--------------------------------------------------------------------------------
 Iteration =   91
 dt  =   0.0203      mu  =   0.8418  D2H =  0.6E-05
 E   =  -1635.703    DE  =  0.34025E-08
 dmun=  0.0E+00      dmup=  0.0E+00
 Q20 =      -0.0002  Q22 =      -0.0001 dQ20=  0.1E-04      dQ22=  0.8E-05
--------------------------------------------------------------------------------
 Iteration =   92
 dt  =   0.0203      mu  =   0.8418  D2H =  0.5E-05
 E   =  -1635.703    DE  =  0.35821E-08
 dmun=  0.0E+00      dmup=  0.0E+00
 Q20 =      -0.0002  Q22 =      -0.0001 dQ20=  0.1E-04      dQ22=  0.8E-05
--------------------------------------------------------------------------------
 Iteration =   93
 dt  =   0.0203      mu  =   0.8418  D2H =  0.4E-05
 E   =  -1635.703    DE  =  0.35045E-08
 dmun=  0.0E+00      dmup=  0.0E+00
 Q20 =      -0.0002  Q22 =      -0.0001 dQ20=  0.1E-04      dQ22=  0.8E-05
--------------------------------------------------------------------------------
 Iteration =   94
 dt  =   0.0203      mu  =   0.8418  D2H =  0.3E-05
 E   =  -1635.703    DE  =  0.30356E-08
 dmun=  0.0E+00      dmup=  0.0E+00
 Q20 =      -0.0002  Q22 =      -0.0001 dQ20=  0.1E-04      dQ22=  0.7E-05
--------------------------------------------------------------------------------
 Iteration =   95
 dt  =   0.0203      mu  =   0.8418  D2H =  0.3E-05
 E   =  -1635.703    DE  =  0.23107E-08
 dmun=  0.0E+00      dmup=  0.0E+00
 Q20 =      -0.0001  Q22 =      -0.0001 dQ20=  0.1E-04      dQ22=  0.7E-05
--------------------------------------------------------------------------------
 Iteration =   96
 dt  =   0.0203      mu  =   0.8418  D2H =  0.2E-05
 E   =  -1635.703    DE  =  0.15637E-08
 dmun=  0.0E+00      dmup=  0.0E+00
 Q20 =      -0.0001  Q22 =      -0.0001 dQ20=  0.1E-04      dQ22=  0.7E-05
--------------------------------------------------------------------------------
 Iteration =   97
 dt  =   0.0203      mu  =   0.8418  D2H =  0.2E-05
 E   =  -1635.703    DE  =  0.10742E-08
 dmun=  0.0E+00      dmup=  0.0E+00
 Q20 =      -0.0001  Q22 =      -0.0001 dQ20=  0.1E-04      dQ22=  0.7E-05
--------------------------------------------------------------------------------
 Iteration =   98
 dt  =   0.0203      mu  =   0.8418  D2H =  0.2E-05
 E   =  -1635.703    DE  =  0.85015E-09
 dmun=  0.0E+00      dmup=  0.0E+00
 Q20 =      -0.0001  Q22 =      -0.0001 dQ20=  0.1E-04      dQ22=  0.6E-05
--------------------------------------------------------------------------------
 Iteration =   99
 dt  =   0.0203      mu  =   0.8418  D2H =  0.1E-05
 E   =  -1635.703    DE  =  0.80744E-09
 dmun=  0.0E+00      dmup=  0.0E+00
 Q20 =      -0.0001  Q22 =      -0.0001 dQ20=  0.1E-04      dQ22=  0.6E-05
--------------------- Sp wavefunctions -----------------------------------------
________________________________________________________________________________
   Neutron wavefunctions
  i    P   occ       E        d2h    Delta   JxT    JyT    Jz     J
--------------------- Sp wavefunctions -----------------------------------------
  1  1.0  2.0000   -58.022  5.8E-06   0.00  -0.50  -0.50   0.50   0.50
 36 -1.0  2.0000   -51.847  7.3E-07   0.00  -1.00   0.50  -1.00   1.50
 35 -1.0  2.0000   -51.847  7.2E-07   0.00  -0.00  -1.50   0.00   1.50
 37 -1.0  2.0000   -51.250  5.6E-07   0.00   0.50   0.50   0.50   0.50
  3  1.0  2.0000   -44.503  1.3E-06   0.00  -0.87  -0.12  -1.28   2.50
  2  1.0  2.0000   -44.503  1.3E-06   0.00   0.59   0.28   2.16   2.50
  4  1.0  2.0000   -44.503  1.3E-06   0.00  -1.22  -1.66   0.62   2.50
  7  1.0  2.0000   -43.085  5.9E-07   0.00   1.50  -0.00  -0.00   1.50
  6  1.0  2.0000   -43.085  6.0E-07   0.00  -0.50   1.00  -1.00   1.50
  5  1.0  2.0000   -40.609  7.2E-06   0.00  -0.50  -0.50   0.50   0.50
 39 -1.0  2.0000   -36.334  1.5E-06   0.00  -1.38   1.42  -0.75   3.50
 38 -1.0  2.0000   -36.334  1.5E-06   0.00  -0.42  -1.34   1.64   3.50
 40 -1.0  2.0000   -36.334  1.5E-06   0.00   0.58  -3.18  -0.27   3.50
 41 -1.0  2.0000   -36.334  1.5E-06   0.00  -0.78   1.10  -2.62   3.50
 46 -1.0  2.0000   -33.678  7.2E-07   0.00  -0.39   0.97  -1.34   2.50
 45 -1.0  2.0000   -33.678  7.0E-07   0.00  -0.17  -0.33   2.33   2.50
 44 -1.0  2.0000   -33.678  6.9E-07   0.00   2.05   0.87   0.51   2.50
 43 -1.0  2.0000   -30.895  2.7E-06   0.00  -0.23   0.20  -1.47   1.50
 42 -1.0  2.0000   -30.895  2.6E-06   0.00  -0.77  -1.20   0.47   1.50
 47 -1.0  2.0000   -29.696  1.5E-06   0.00   0.50   0.50   0.50   0.50
 12  1.0  2.0000   -27.631  1.7E-06   0.00  -0.37  -3.16   1.38   4.50
 11  1.0  2.0000   -27.631  1.8E-06   0.00  -1.64  -0.73   2.71   4.50
  9  1.0  2.0000   -27.631  1.8E-06   0.00  -0.97   2.33  -2.11   4.50
  8  1.0  2.0000   -27.631  1.9E-06   0.00   0.49  -2.44   1.18   4.50
 10  1.0  2.0000   -27.631  1.9E-06   0.00  -0.01   1.50  -0.66   4.50
 19  1.0  2.0000   -23.347  6.4E-07   0.00  -0.66   1.47  -2.35   3.50
 17  1.0  2.0000   -23.347  6.7E-07   0.00  -0.51  -1.42   1.60   3.50
 18  1.0  2.0000   -23.347  6.4E-07   0.00   3.20  -0.65  -0.46   3.50
 16  1.0  2.0000   -23.347  6.4E-07   0.00  -0.02   2.61  -0.79   3.50
 13  1.0  2.0000   -21.284  3.1E-06   0.00  -0.50  -1.61   1.39   2.50
 15  1.0  2.0000   -21.284  3.2E-06   0.00  -0.03  -1.00   1.18   2.50
 14  1.0  2.0000   -21.284  3.2E-06   0.00  -0.97   1.10  -1.07   2.50
 22  1.0  2.0000   -19.112  1.4E-06   0.00   1.50   0.00   0.00   1.50
 21  1.0  2.0000   -19.112  1.6E-06   0.00  -0.50   1.00  -1.00   1.50
 20  1.0  2.0000   -18.697  4.2E-06   0.00  -0.50  -0.50   0.50   0.50
 50 -1.0  2.0000   -18.644  2.6E-06   0.00  -1.10  -1.23  -2.99   5.50
 49 -1.0  2.0000   -18.644  2.6E-06   0.00  -0.54   2.45  -3.06   5.50
 52 -1.0  2.0000   -18.644  2.5E-06   0.00   2.17  -1.60   1.19   5.50
 51 -1.0  2.0000   -18.644  2.5E-06   0.00  -2.32   0.82   0.64   5.50
 53 -1.0  2.0000   -18.644  2.4E-06   0.00   0.18  -1.31   2.29   5.50
 48 -1.0  2.0000   -18.644  2.3E-06   0.00  -1.38  -2.13  -1.08   5.50
 59 -1.0  2.0000   -12.482  6.3E-07   0.00   0.98   0.22   2.47   4.50
 58 -1.0  2.0000   -12.482  5.8E-07   0.00  -0.40   1.87  -1.03   4.50
 60 -1.0  2.0000   -12.482  5.9E-07   0.00   0.19  -0.73   3.31   4.50
 62 -1.0  2.0000   -12.482  5.9E-07   0.00   2.65   0.12  -1.07   4.50
 61 -1.0  2.0000   -12.482  5.8E-07   0.00  -0.92   1.01  -1.18   4.50
 54 -1.0  2.0000   -12.019  3.0E-06   0.00  -1.58   0.65  -2.23   3.50
 56 -1.0  2.0000   -12.019  3.0E-06   0.00  -2.68  -0.09   0.04   3.50
 55 -1.0  2.0000   -12.019  3.0E-06   0.00   0.50  -2.31  -1.19   3.50
 57 -1.0  2.0000   -12.019  3.2E-06   0.00   1.76  -0.25   1.38   3.50
 25  1.0  2.0000    -9.563  2.3E-06   0.00  -5.36   0.83  -0.80   6.50
 24  1.0  2.0000    -9.563  2.4E-06   0.00   1.16   2.67  -1.30   6.50
 28  1.0  2.0000    -9.563  2.6E-06   0.00   1.54  -2.69   2.20   6.50
 29  1.0  2.0000    -9.563  2.6E-06   0.00   2.93  -0.16   2.57   6.50
 26  1.0  2.0000    -9.563  2.6E-06   0.00  -1.68   0.98  -4.07   6.50
 23  1.0  2.0000    -9.563  2.7E-06   0.00  -0.66  -4.28   2.16   6.50
 27  1.0  2.0000    -9.563  2.8E-06   0.00  -1.45  -0.85   2.75   6.50
 63 -1.0  2.0000    -9.170  3.6E-06   0.00  -1.49   0.09  -0.09   1.50
 64 -1.0  2.0000    -9.170  4.3E-06   0.00   0.49  -1.09  -0.91   1.50
 65 -1.0  2.0000    -9.038  1.6E-06   0.00   2.46  -0.22  -0.22   2.50
 66 -1.0  2.0000    -9.038  2.0E-06   0.00  -0.30  -0.41   2.36   2.50
 67 -1.0  2.0000    -9.038  1.6E-06   0.00  -0.66   2.13  -0.64   2.50
 68 -1.0  2.0000    -8.069  2.4E-06   0.00   0.50   0.50   0.50   0.50
 33  1.0  0.0000    -3.137  1.0E-05   0.00   3.33   0.02   0.02   4.50
 32  1.0  0.0000    -3.136  1.0E-05   0.00  -0.88   2.89  -1.36   4.50
 30  1.0  0.0000    -3.136  1.1E-05   0.00  -0.10  -4.24   0.23   4.50
 31  1.0  0.0000    -3.135  1.1E-05   0.00  -4.37  -0.15   0.16   4.50
 34  1.0  0.0000    -3.134  7.0E-06   0.00  -0.48  -1.01   3.45   4.50
 70 -1.0  0.0000    -0.529  3.1E-06   0.00  -0.09  -1.69  -2.53   7.50
 69 -1.0  0.0000    -0.529  3.3E-06   0.00   0.71  -1.15   2.50   7.50
________________________________________________________________________________
   Proton  wavefunctions
  i    P   occ       E        d2h    Delta   JxT    JyT    Jz     J
--------------------- Sp wavefunctions -----------------------------------------
 71  1.0  2.0000   -44.064  8.0E-07   0.00  -0.50  -0.50   0.50   0.50
 98 -1.0  2.0000   -38.924  4.1E-06   0.00  -1.00   0.50  -1.00   1.50
 97 -1.0  2.0000   -38.924  4.1E-06   0.00  -0.00  -1.50   0.00   1.50
 99 -1.0  2.0000   -38.328  2.7E-06   0.00   0.50   0.50   0.50   0.50
 74  1.0  2.0000   -32.576  1.2E-06   0.00  -1.25   0.76  -1.20   2.50
 73  1.0  2.0000   -32.576  1.2E-06   0.00   0.31  -0.84   1.21   2.50
 72  1.0  2.0000   -32.576  1.2E-06   0.00  -0.55  -1.42   1.49   2.50
 75  1.0  2.0000   -31.144  8.1E-07   0.00  -0.45   0.71  -1.25   1.50
 76  1.0  2.0000   -31.144  8.1E-07   0.00   1.45   0.29   0.25   1.50
 77  1.0  2.0000   -28.332  1.7E-06   0.00  -0.50  -0.50   0.50   0.50
103 -1.0  2.0000   -25.423  1.8E-06   0.00   2.40  -0.06  -0.50   3.50
101 -1.0  2.0000   -25.423  1.9E-06   0.00  -1.19   1.05  -2.04   3.50
102 -1.0  2.0000   -25.423  1.9E-06   0.00  -0.23  -2.76   0.83   3.50
100 -1.0  2.0000   -25.423  1.9E-06   0.00  -2.98  -0.22  -0.29   3.50
105 -1.0  2.0000   -22.765  1.3E-06   0.00   1.89  -0.89  -0.59   2.50
106 -1.0  2.0000   -22.765  1.3E-06   0.00  -0.62   2.18  -0.37   2.50
104 -1.0  2.0000   -22.765  1.3E-06   0.00   0.23   0.21   2.46   2.50
108 -1.0  2.0000   -19.928  4.2E-06   0.00  -1.00   0.50  -1.00   1.50
107 -1.0  2.0000   -19.928  4.3E-06   0.00  -0.00  -1.50   0.00   1.50
109 -1.0  2.0000   -18.829  3.3E-06   0.00   0.50   0.50   0.50   0.50
 81  1.0  2.0000   -17.740  3.6E-06   0.00  -0.84   2.06  -2.44   4.50
 79  1.0  2.0000   -17.740  4.0E-06   0.00   1.70  -1.76   0.80   4.50
 80  1.0  2.0000   -17.740  3.9E-06   0.00  -1.13   1.08   1.16   4.50
 78  1.0  2.0000   -17.740  4.3E-06   0.00  -0.54  -2.37   2.46   4.50
 82  1.0  2.0000   -17.740  4.0E-06   0.00  -1.68  -1.52   0.52   4.50
 85  1.0  2.0000   -13.538  2.3E-06   0.00   0.50  -1.15   1.77   3.50
 83  1.0  2.0000   -13.538  2.3E-06   0.00  -0.89   0.54  -2.12   3.50
 86  1.0  2.0000   -13.538  2.4E-06   0.00   2.87   0.97   0.62   3.50
 84  1.0  2.0000   -13.538  2.4E-06   0.00  -0.48   1.65  -2.27   3.50
 89  1.0  2.0000   -11.460  3.9E-06   0.00  -1.32   0.80  -1.16   2.50
 87  1.0  2.0000   -11.460  3.6E-06   0.00   0.01   0.01   2.50   2.50
 88  1.0  2.0000   -11.460  3.6E-06   0.00  -0.19  -2.32   0.16   2.50
110 -1.0  2.0000    -9.710  6.0E-06   0.00   0.08  -1.44  -2.90   5.50
111 -1.0  2.0000    -9.710  6.1E-06   0.00   0.37   1.18   1.69   5.50
112 -1.0  2.0000    -9.710  5.3E-06   0.00  -0.29  -0.80   3.27   5.50
113 -1.0  2.0000    -9.710  6.3E-06   0.00  -3.04  -0.67   0.84   5.50
115 -1.0  2.0000    -9.710  5.7E-06   0.00  -0.56   1.40  -4.49   5.50
114 -1.0  2.0000    -9.710  5.4E-06   0.00   0.44  -2.67  -1.41   5.50
 91  1.0  2.0000    -9.566  4.2E-06   0.00  -0.50   1.00  -1.00   1.50
 90  1.0  2.0000    -9.566  4.2E-06   0.00   1.50   0.00   0.00   1.50
 92  1.0  2.0000    -8.813  5.0E-06   0.00  -0.50  -0.50   0.50   0.50
117 -1.0  0.0000    -3.804  4.4E-06   0.00  -0.92  -2.40   2.02   4.50
118 -1.0  0.0000    -3.804  4.7E-06   0.00  -0.42   1.85   0.67   4.50
120 -1.0  0.0000    -3.804  4.7E-06   0.00  -0.28   1.78  -2.29   4.50
119 -1.0  0.0000    -3.804  4.6E-06   0.00   1.54   1.23   2.67   4.50
116 -1.0  0.0000    -3.804  4.6E-06   0.00   2.59   0.03  -0.57   4.50
 95  1.0  0.0000    -1.446  6.0E-06   0.00  -1.98  -2.17   0.87   6.50
 93  1.0  0.0000    -1.446  7.0E-06   0.00   0.29  -2.94   0.88   6.50
 94  1.0  0.0000    -1.446  7.0E-06   0.00  -1.20   3.42  -0.95   6.50
 96  1.0  0.0000    -1.446  7.0E-06   0.00   1.01   1.11   2.25   6.50
--------------------------------------------------------------------------------
---------------------------------Quasiparticles---------------------------------
________________________________________________________________________________
Block 1
positive parity neutrons
  N    Eqp     f_n
________________________________________________________________________________
  1   1.98    0.00E+00
  2   1.98    0.00E+00
  3   1.98    0.00E+00
  4   1.99    0.00E+00
  5   1.99    0.00E+00
  6   4.44    0.00E+00
  7   4.44    0.00E+00
  8   4.44    0.00E+00
  9   4.44    0.00E+00
 10   4.44    0.00E+00
 11   4.44    0.00E+00
 12   4.44    0.00E+00
 13  13.58    0.00E+00
 14  13.99    0.00E+00
 15  13.99    0.00E+00
 16  16.16    0.00E+00
 17  16.16    0.00E+00
 18  16.16    0.00E+00
 19  18.23    0.00E+00
 20  18.23    0.00E+00
 21  18.23    0.00E+00
 22  18.23    0.00E+00
 23  22.51    0.00E+00
 24  22.51    0.00E+00
 25  22.51    0.00E+00
 26  22.51    0.00E+00
 27  22.51    0.00E+00
 28  35.49    0.00E+00
 29  37.96    0.00E+00
 30  37.96    0.00E+00
 31  39.38    0.00E+00
 32  39.38    0.00E+00
 33  39.38    0.00E+00
 34  52.90    0.00E+00
________________________________________________________________________________
Block 3
negative parity neutrons
  N    Eqp     f_n
________________________________________________________________________________
  1   2.95    0.00E+00
  2   3.92    0.00E+00
  3   3.92    0.00E+00
  4   3.92    0.00E+00
  5   4.05    0.00E+00
  6   4.05    0.00E+00
  7   4.59    0.00E+00
  8   4.59    0.00E+00
  9   6.90    0.00E+00
 10   6.90    0.00E+00
 11   6.90    0.00E+00
 12   6.90    0.00E+00
 13   7.36    0.00E+00
 14   7.36    0.00E+00
 15   7.36    0.00E+00
 16   7.36    0.00E+00
 17   7.36    0.00E+00
 18  13.52    0.00E+00
 19  13.52    0.00E+00
 20  13.52    0.00E+00
 21  13.52    0.00E+00
 22  13.52    0.00E+00
 23  13.52    0.00E+00
 24  24.58    0.00E+00
 25  25.78    0.00E+00
 26  25.78    0.00E+00
 27  28.56    0.00E+00
 28  28.56    0.00E+00
 29  28.56    0.00E+00
 30  31.21    0.00E+00
 31  31.21    0.00E+00
 32  31.21    0.00E+00
 33  31.21    0.00E+00
 34  46.13    0.00E+00
 35  46.73    0.00E+00
 36  46.73    0.00E+00
________________________________________________________________________________
Block 5
positive parity  protons
  N    Eqp     f_n
________________________________________________________________________________
  1   3.01    0.00E+00
  2   3.77    0.00E+00
  3   3.77    0.00E+00
  4   4.35    0.00E+00
  5   4.35    0.00E+00
  6   4.35    0.00E+00
  7   4.35    0.00E+00
  8   5.66    0.00E+00
  9   5.66    0.00E+00
 10   5.66    0.00E+00
 11   7.74    0.00E+00
 12   7.74    0.00E+00
 13   7.74    0.00E+00
 14   7.74    0.00E+00
 15  11.94    0.00E+00
 16  11.94    0.00E+00
 17  11.94    0.00E+00
 18  11.94    0.00E+00
 19  11.94    0.00E+00
 20  22.53    0.00E+00
 21  25.34    0.00E+00
 22  25.34    0.00E+00
 23  26.78    0.00E+00
 24  26.78    0.00E+00
 25  26.78    0.00E+00
 26  38.26    0.00E+00
________________________________________________________________________________
Block 7
negative parity  protons
  N    Eqp     f_n
________________________________________________________________________________
  1   2.00    0.00E+00
  2   2.00    0.00E+00
  3   2.00    0.00E+00
  4   2.00    0.00E+00
  5   2.00    0.00E+00
  6   3.91    0.00E+00
  7   3.91    0.00E+00
  8   3.91    0.00E+00
  9   3.91    0.00E+00
 10   3.91    0.00E+00
 11   3.91    0.00E+00
 12  13.03    0.00E+00
 13  14.13    0.00E+00
 14  14.13    0.00E+00
 15  16.96    0.00E+00
 16  16.96    0.00E+00
 17  16.96    0.00E+00
 18  19.62    0.00E+00
 19  19.62    0.00E+00
 20  19.62    0.00E+00
 21  19.62    0.00E+00
 22  32.53    0.00E+00
 23  33.12    0.00E+00
 24  33.12    0.00E+00
--------------------------------------------------------------------------------
---------------- Electric Multipole Moments -----------------
Quantisation Axis             : Z
  With secondary axis ordering: X,Y
______________________________________________________________
                     Neutrons        Protons         Total
______________________________________________________________
 Particles          126.0000         82.0000        208.0000

Re  Q_{ 2 0}         -0.0001         -0.0000         -0.0001
Re  Q_{ 2 2}         -0.0000         -0.0000         -0.0001

Re  Q_{ 4 0}         13.1591         -0.3261         12.8330
Re  Q_{ 4 2}         -0.0003         -0.0003         -0.0006
Re  Q_{ 4 4}          7.8658         -0.1926          7.6733

Re  Q_{ 6 0}        219.1846         -5.5761        213.6085
Re  Q_{ 6 2}          0.0452         -0.0266          0.0185
Re  Q_{ 6 4}       -409.8230         10.3699       -399.4531
Re  Q_{ 6 6}          0.0178          0.0394          0.0572

Re  Q_{ 8 0}      41184.8693      -2206.5021      38978.3673
Re  Q_{ 8 2}         -0.2528         -0.9335         -1.1863
Re  Q_{ 8 4}      15489.4421       -831.4535      14657.9887
Re  Q_{ 8 6}          2.8992          0.2770          3.1762
Re  Q_{ 8 8}      23598.4657      -1266.3342      22332.1315

Re  Q_{10 0}     630045.6952     -27997.0090     602048.6862
Re  Q_{10 2}        413.3951         -0.9769        412.4182
Re  Q_{10 4}    -636253.4640      27922.2776    -608331.1864
Re  Q_{10 6}       -146.7778         38.7465       -108.0312
Re  Q_{10 8}    -756436.2573      33269.3947    -723166.8626
Re  Q_{1010}        729.7256         36.9772        766.7028

 RMS radius           5.6177          5.4576          5.5551
______________________________________________________________
                     Neutrons        Protons         Total
______________________________________________________________

Beta_{ 2 0}      -0.00000002     -0.00000001     -0.00000003
Beta_{ 2 2}      -0.00000001     -0.00000001     -0.00000002

Beta_{ 4 0}       0.00010370     -0.00000257      0.00010113
Beta_{ 4 2}      -0.00000000     -0.00000000     -0.00000000
Beta_{ 4 4}       0.00006199     -0.00000152      0.00006047

Beta_{ 6 0}       0.00003417     -0.00000087      0.00003330
Beta_{ 6 2}       0.00000001     -0.00000000      0.00000000
Beta_{ 6 4}      -0.00006389      0.00000162     -0.00006227
Beta_{ 6 6}       0.00000000      0.00000001      0.00000001

Beta_{ 8 0}       0.00012700     -0.00000680      0.00012020
Beta_{ 8 2}      -0.00000000     -0.00000000     -0.00000000
Beta_{ 8 4}       0.00004776     -0.00000256      0.00004520
Beta_{ 8 6}       0.00000001      0.00000000      0.00000001
Beta_{ 8 8}       0.00007277     -0.00000391      0.00006887

Beta_{10 0}       0.00003843     -0.00000171      0.00003673
Beta_{10 2}       0.00000003     -0.00000000      0.00000003
Beta_{10 4}      -0.00003881      0.00000170     -0.00003711
Beta_{10 6}      -0.00000001      0.00000000     -0.00000001
Beta_{10 8}      -0.00004614      0.00000203     -0.00004411
Beta_{1010}       0.00000004      0.00000000      0.00000005

______________________________________________________________
                     Neutrons        Protons         Total
______________________________________________________________
Q_{ 2}                0.0001          0.0000          0.0001
Q_{ 4}               17.2309          0.4248         16.8061
Q_{ 6}              619.6383         15.6897        603.9488
Q_{ 8}            57356.9027       3075.4655      54281.4388
Q_{10}          1533293.0547      67504.4493    1465789.3596
______________________________________________________________
                     Neutrons        Protons         Total
______________________________________________________________
Beta_{   2}       0.00000003      0.00000001      0.00000004
Beta_{   4}       0.00013579      0.00000335      0.00013244
Beta_{   6}       0.00009659      0.00000245      0.00009415
Beta_{   8}       0.00017687      0.00000948      0.00016739
Beta_{  10}       0.00009353      0.00000412      0.00008941
______________________________________________________________
 Cart. Moments X              Y              Z
 Cart. N       -0.0000447      0.0002385     -0.0001938
 Cart. P       -0.0000325      0.0000836     -0.0000511
 Cart. T       -0.0000772      0.0003221     -0.0002450
 (Q, gamma)    Q              Gamma
 (Q,g) N        0.0002536   -139.8521998
 (Q,g) P        0.0000843   -127.3340517
 (Q,g) T        0.0003364   -136.7383418
 (iq1, iq2)    iq1            iq2
 iq    N       -0.0000994     -0.0001888
 iq    P       -0.0000124     -0.0000774
 iq    T       -0.0001119     -0.0002662
               X^2            Y^2            Z^2
 X^2_i N     1325.4467020   1325.4467964   1325.4466523
 X^2_i P      814.1487539    814.1487926    814.1487477
 X^2_i T     2139.5954559   2139.5955890   2139.5954000
------------------------------------------------------------
---------------------Rotational properties--------------------
                Rigid rotor          (hbar^2/MeV)
              n              p              t 
 I_R X      63.9215610     39.2634870    103.1850480
 I_R Y      63.9215587     39.2634861    103.1850448
 I_R Z      63.9215622     39.2634872    103.1850493

                Belyaev              (hbar^2/MeV) 
              n              p              t 
 I_B X       0.0000003      0.0000000      0.0000003
 I_B Y       0.0000003      0.0000000      0.0000003
 I_B Z       0.0000002      0.0000000      0.0000002

                Belyaev (collective) (hbar^2/MeV) 
              n              p              t 
 I_B X       0.0000003      0.0000000      0.0000003
 I_B Y       0.0000003      0.0000000      0.0000003
 I_B Z       0.0000002      0.0000000      0.0000002

                 J^2                 (hbar^2)
              n              p              t 
 J2_X        0.0000010      0.0000000      0.0000010
 J2_Y        0.0000010      0.0000000      0.0000010
 J2_Z        0.0000008      0.0000000      0.0000008
 J2_t        0.0000028      0.0000000      0.0000028

                 J^2 (collective)    (hbar^2)
              n              p              t 
 J2_X        0.0000010      0.0000000      0.0000010
 J2_Y        0.0000010      0.0000000      0.0000010
 J2_Z        0.0000008      0.0000000      0.0000008
 J2_t        0.0000028      0.0000000      0.0000028
-------------------------- Pairing -------------------------
                          N         P 
 Fermi Level (MeV)     -5.12024244    -5.80029356
 Particles            126.00000000    82.00000000
 Dispersion             0.00000000    -0.00000000
 Average gap   v^2      0.00000000     0.00000000
 Average gap   uv       0.00000000     0.00000000

 HFB convergence:   (N,+)    (N,-)    (P,+)    (P,-)
  r^2-r+k*k^T    =  1.29E-14 1.30E-14 1.05E-14 8.67E-15
  r*k-k*r        =  4.11E-16 1.91E-16 8.17E-16 8.28E-16
------------------------------------------------------------
--------------------------------------------------------------------------------
 Skyrme Energy 
                                    Isoscalar      Isovector   |   Total
--------------------------------------------------------------------------------
                 E_D_I_I_D_I_I  -23148.874587     765.299273  -22383.575314
               E_D_I_I_D_Nm_Nm    1297.544959      32.576187    1330.121146
             E_D_I_I_Lap_D_I_I     317.795475      -2.519757     315.275717
              E_D_I_I_D_I_I_DD   15224.215012    -687.938936   14536.276076
       E_D_I_I_Derm_C_I_NxmSxm     -95.612037      -0.833010     -96.445048
           E_C_I_NmSk_C_I_NmSk       0.000000       0.000000       0.000000
               E_DP_I_I_DP_I_I                                    -0.000000
--------------------------------------------------------------------------------
                 Total Skyrme:                                 -6298.347423
--------------------------------------------------------------------------------
--------------------------------------------------------------------------------
                                     neutron        proton         total
                Kinetic Energy:    2541.189088    1343.515819    3884.704907
                    COM 1-body:     -12.217255      -6.459211     -18.676466

                Coulomb Direct:       0.000000     827.884835     827.884835
                      Exchange:       0.000000     -31.268397     -31.268397

               Pairing (delta):       0.000000       0.000000       0.000000
               Pairing (densi):                                    -0.000000
--------------------------------------------------------------------------------
                  Total energy:                                 -1635.702544
                    from spwfs:                                 -1635.702450
--------------------------------------------------------------------------------
--------------------------------------------------------------------------------
 Iteration =  101
 dt  =   0.0203      mu  =   0.8418  D2H =  0.1E-05
 E   =  -1635.703    DE  =  0.81407E-09
 dmun=  0.0E+00      dmup=  0.0E+00
 Q20 =      -0.0001  Q22 =      -0.0000 dQ20=  0.1E-04      dQ22=  0.5E-05
--------------------------------------------------------------------------------
 Iteration =  102
 dt  =   0.0203      mu  =   0.8418  D2H =  0.9E-06
 E   =  -1635.703    DE  =  0.69915E-09
 dmun=  0.0E+00      dmup=  0.0E+00
 Q20 =      -0.0001  Q22 =      -0.0000 dQ20=  0.1E-04      dQ22=  0.5E-05
--------------------------------------------------------------------------------
 Iteration =  103
 dt  =   0.0203      mu  =   0.8418  D2H =  0.7E-06
 E   =  -1635.703    DE  =  0.54968E-09
 dmun=  0.0E+00      dmup=  0.0E+00
 Q20 =      -0.0000  Q22 =      -0.0000 dQ20=  0.1E-04      dQ22=  0.5E-05
--------------------------------------------------------------------------------
 Iteration =  104
 dt  =   0.0203      mu  =   0.8418  D2H =  0.6E-06
 E   =  -1635.703    DE  =  0.37161E-09
 dmun=  0.0E+00      dmup=  0.0E+00
 Q20 =      -0.0000  Q22 =      -0.0000 dQ20=  0.9E-05      dQ22=  0.4E-05
--------------------------------------------------------------------------------
 Iteration =  105
 dt  =   0.0203      mu  =   0.8418  D2H =  0.5E-06
 E   =  -1635.703    DE  =  0.26196E-09
 dmun=  0.0E+00      dmup=  0.0E+00
 Q20 =      -0.0000  Q22 =      -0.0000 dQ20=  0.8E-05      dQ22=  0.4E-05
--------------------------------------------------------------------------------
 Iteration =  106
 dt  =   0.0203      mu  =   0.8418  D2H =  0.4E-06
 E   =  -1635.703    DE  =  0.22840E-09
 dmun=  0.0E+00      dmup=  0.0E+00
 Q20 =      -0.0000  Q22 =      -0.0000 dQ20=  0.7E-05      dQ22=  0.3E-05
--------------------------------------------------------------------------------
 Iteration =  107
 dt  =   0.0203      mu  =   0.8418  D2H =  0.4E-06
 E   =  -1635.703    DE  =  0.23896E-09
 dmun=  0.0E+00      dmup=  0.0E+00
 Q20 =      -0.0000  Q22 =      -0.0000 dQ20=  0.6E-05      dQ22=  0.3E-05
--------------------------------------------------------------------------------
 Iteration =  108
 dt  =   0.0203      mu  =   0.8418  D2H =  0.3E-06
 E   =  -1635.703    DE  =  0.24886E-09
 dmun=  0.0E+00      dmup=  0.0E+00
 Q20 =      -0.0000  Q22 =      -0.0000 dQ20=  0.5E-05      dQ22=  0.3E-05
--------------------------------------------------------------------------------
 Iteration =  109
 dt  =   0.0203      mu  =   0.8418  D2H =  0.3E-06
 E   =  -1635.703    DE  =  0.23453E-09
 dmun=  0.0E+00      dmup=  0.0E+00
 Q20 =      -0.0000  Q22 =      -0.0000 dQ20=  0.5E-05      dQ22=  0.2E-05
--------------------- Sp wavefunctions -----------------------------------------
________________________________________________________________________________
   Neutron wavefunctions
  i    P   occ       E        d2h    Delta   JxT    JyT    Jz     J
--------------------- Sp wavefunctions -----------------------------------------
  1  1.0  2.0000   -58.022  2.2E-07   0.00  -0.50  -0.50   0.50   0.50
 36 -1.0  2.0000   -51.847  3.4E-07   0.00  -1.00   0.50  -1.00   1.50
 35 -1.0  2.0000   -51.847  3.4E-07   0.00  -0.00  -1.50   0.00   1.50
 37 -1.0  2.0000   -51.251  2.0E-07   0.00   0.50   0.50   0.50   0.50
  3  1.0  2.0000   -44.503  2.7E-07   0.00  -0.87  -0.12  -1.28   2.50
  2  1.0  2.0000   -44.503  2.7E-07   0.00   0.59   0.28   2.16   2.50
  4  1.0  2.0000   -44.503  2.8E-07   0.00  -1.22  -1.66   0.62   2.50
  7  1.0  2.0000   -43.085  1.4E-07   0.00   1.50  -0.00  -0.00   1.50
  6  1.0  2.0000   -43.085  1.4E-07   0.00  -0.50   1.00  -1.00   1.50
  5  1.0  2.0000   -40.609  3.2E-07   0.00  -0.50  -0.50   0.50   0.50
 39 -1.0  2.0000   -36.334  2.7E-07   0.00  -1.38   1.42  -0.75   3.50
 38 -1.0  2.0000   -36.334  2.3E-07   0.00  -0.42  -1.34   1.64   3.50
 41 -1.0  2.0000   -36.334  2.6E-07   0.00  -0.78   1.10  -2.62   3.50
 40 -1.0  2.0000   -36.334  2.7E-07   0.00   0.58  -3.18  -0.27   3.50
 46 -1.0  2.0000   -33.678  1.1E-07   0.00  -0.39   0.97  -1.34   2.50
 45 -1.0  2.0000   -33.678  1.0E-07   0.00  -0.17  -0.33   2.33   2.50
 44 -1.0  2.0000   -33.678  1.0E-07   0.00   2.05   0.87   0.51   2.50
 43 -1.0  2.0000   -30.896  6.5E-07   0.00  -0.23   0.20  -1.47   1.50
 42 -1.0  2.0000   -30.896  6.4E-07   0.00  -0.77  -1.20   0.47   1.50
 47 -1.0  2.0000   -29.696  3.8E-07   0.00   0.50   0.50   0.50   0.50
 12  1.0  2.0000   -27.631  2.8E-07   0.00  -0.37  -3.16   1.38   4.50
 11  1.0  2.0000   -27.631  2.9E-07   0.00  -1.64  -0.73   2.71   4.50
  9  1.0  2.0000   -27.631  2.7E-07   0.00  -0.97   2.33  -2.11   4.50
  8  1.0  2.0000   -27.631  2.8E-07   0.00   0.49  -2.44   1.18   4.50
 10  1.0  2.0000   -27.631  2.8E-07   0.00  -0.01   1.50  -0.66   4.50
 19  1.0  2.0000   -23.347  1.2E-07   0.00  -0.66   1.47  -2.35   3.50
 17  1.0  2.0000   -23.347  1.3E-07   0.00  -0.51  -1.42   1.60   3.50
 18  1.0  2.0000   -23.347  1.2E-07   0.00   3.20  -0.65  -0.46   3.50
 16  1.0  2.0000   -23.347  1.2E-07   0.00  -0.02   2.61  -0.79   3.50
 13  1.0  2.0000   -21.284  5.9E-07   0.00  -0.50  -1.61   1.39   2.50
 15  1.0  2.0000   -21.284  5.9E-07   0.00  -0.03  -1.00   1.18   2.50
 14  1.0  2.0000   -21.284  6.1E-07   0.00  -0.97   1.10  -1.07   2.50
 22  1.0  2.0000   -19.112  2.5E-07   0.00   1.50   0.00   0.00   1.50
 21  1.0  2.0000   -19.112  3.8E-07   0.00  -0.50   1.00  -1.00   1.50
 20  1.0  2.0000   -18.697  8.6E-07   0.00  -0.50  -0.50   0.50   0.50
 49 -1.0  2.0000   -18.644  4.0E-07   0.00  -0.54   2.45  -3.06   5.50
 50 -1.0  2.0000   -18.644  4.0E-07   0.00  -1.10  -1.23  -2.99   5.50
 52 -1.0  2.0000   -18.644  4.0E-07   0.00   2.17  -1.60   1.19   5.50
 51 -1.0  2.0000   -18.644  3.8E-07   0.00  -2.32   0.82   0.64   5.50
 53 -1.0  2.0000   -18.644  3.8E-07   0.00   0.18  -1.31   2.29   5.50
 48 -1.0  2.0000   -18.644  4.2E-07   0.00  -1.38  -2.13  -1.08   5.50
 59 -1.0  2.0000   -12.482  1.5E-07   0.00   0.98   0.22   2.47   4.50
 58 -1.0  2.0000   -12.482  1.3E-07   0.00  -0.40   1.87  -1.03   4.50
 60 -1.0  2.0000   -12.482  1.3E-07   0.00   0.19  -0.73   3.31   4.50
 62 -1.0  2.0000   -12.482  1.1E-07   0.00   2.65   0.12  -1.07   4.50
 61 -1.0  2.0000   -12.482  1.3E-07   0.00  -0.92   1.01  -1.18   4.50
 54 -1.0  2.0000   -12.019  6.5E-07   0.00  -1.58   0.65  -2.23   3.50
 56 -1.0  2.0000   -12.019  6.3E-07   0.00  -2.68  -0.09   0.04   3.50
 55 -1.0  2.0000   -12.019  6.1E-07   0.00   0.50  -2.31  -1.19   3.50
 57 -1.0  2.0000   -12.019  5.8E-07   0.00   1.76  -0.25   1.38   3.50
 25  1.0  2.0000    -9.563  4.1E-07   0.00  -5.36   0.83  -0.80   6.50
 24  1.0  2.0000    -9.563  4.3E-07   0.00   1.16   2.67  -1.30   6.50
 28  1.0  2.0000    -9.563  4.7E-07   0.00   1.54  -2.69   2.20   6.50
 26  1.0  2.0000    -9.563  4.6E-07   0.00  -1.68   0.98  -4.07   6.50
 29  1.0  2.0000    -9.563  4.4E-07   0.00   2.93  -0.16   2.57   6.50
 23  1.0  2.0000    -9.563  4.5E-07   0.00  -0.66  -4.28   2.16   6.50
 27  1.0  2.0000    -9.563  4.5E-07   0.00  -1.45  -0.85   2.75   6.50
 63 -1.0  2.0000    -9.170  1.2E-06   0.00  -1.49   0.09  -0.09   1.50
 64 -1.0  2.0000    -9.170  1.7E-06   0.00   0.49  -1.09  -0.91   1.50
 65 -1.0  2.0000    -9.038  6.9E-07   0.00   2.46  -0.22  -0.22   2.50
 66 -1.0  2.0000    -9.037  1.0E-06   0.00  -0.30  -0.41   2.36   2.50
 67 -1.0  2.0000    -9.037  6.7E-07   0.00  -0.66   2.13  -0.64   2.50
 68 -1.0  2.0000    -8.069  7.7E-07   0.00   0.50   0.50   0.50   0.50
 33  1.0  0.0000    -3.137  8.5E-06   0.00   3.33   0.02   0.02   4.50
 32  1.0  0.0000    -3.136  8.3E-06   0.00  -0.88   2.89  -1.36   4.50
 30  1.0  0.0000    -3.135  9.0E-06   0.00  -0.10  -4.24   0.23   4.50
 31  1.0  0.0000    -3.135  9.2E-06   0.00  -4.37  -0.16   0.16   4.50
 34  1.0  0.0000    -3.134  4.8E-06   0.00  -0.48  -1.01   3.44   4.50
 70 -1.0  0.0000    -0.529  6.0E-07   0.00  -0.09  -1.69  -2.53   7.50
 69 -1.0  0.0000    -0.529  5.8E-07   0.00   0.71  -1.15   2.50   7.50
________________________________________________________________________________
   Proton  wavefunctions
  i    P   occ       E        d2h    Delta   JxT    JyT    Jz     J
--------------------- Sp wavefunctions -----------------------------------------
 71  1.0  2.0000   -44.064  6.4E-07   0.00  -0.50  -0.50   0.50   0.50
 98 -1.0  2.0000   -38.924  7.1E-07   0.00  -1.00   0.50  -1.00   1.50
 97 -1.0  2.0000   -38.924  7.1E-07   0.00  -0.00  -1.50   0.00   1.50
 99 -1.0  2.0000   -38.328  5.2E-07   0.00   0.50   0.50   0.50   0.50
 74  1.0  2.0000   -32.576  2.4E-07   0.00  -1.25   0.76  -1.20   2.50
 73  1.0  2.0000   -32.576  2.3E-07   0.00   0.31  -0.84   1.21   2.50
 72  1.0  2.0000   -32.576  2.3E-07   0.00  -0.55  -1.42   1.49   2.50
 75  1.0  2.0000   -31.144  1.6E-07   0.00  -0.45   0.71  -1.25   1.50
 76  1.0  2.0000   -31.144  1.6E-07   0.00   1.45   0.29   0.25   1.50
 77  1.0  2.0000   -28.333  9.4E-07   0.00  -0.50  -0.50   0.50   0.50
103 -1.0  2.0000   -25.423  2.9E-07   0.00   2.40  -0.06  -0.50   3.50
102 -1.0  2.0000   -25.423  2.6E-07   0.00  -0.23  -2.76   0.83   3.50
101 -1.0  2.0000   -25.423  2.6E-07   0.00  -1.19   1.05  -2.04   3.50
100 -1.0  2.0000   -25.423  2.7E-07   0.00  -2.98  -0.22  -0.29   3.50
105 -1.0  2.0000   -22.765  2.7E-07   0.00   1.89  -0.89  -0.59   2.50
106 -1.0  2.0000   -22.765  2.7E-07   0.00  -0.62   2.18  -0.37   2.50
104 -1.0  2.0000   -22.765  2.6E-07   0.00   0.23   0.21   2.46   2.50
107 -1.0  2.0000   -19.928  7.6E-07   0.00  -0.00  -1.50   0.00   1.50
108 -1.0  2.0000   -19.928  7.6E-07   0.00  -1.00   0.50  -1.00   1.50
109 -1.0  2.0000   -18.829  6.2E-07   0.00   0.50   0.50   0.50   0.50
 81  1.0  2.0000   -17.740  6.6E-07   0.00  -0.84   2.06  -2.44   4.50
 79  1.0  2.0000   -17.740  6.1E-07   0.00   1.70  -1.76   0.80   4.50
 80  1.0  2.0000   -17.740  6.1E-07   0.00  -1.13   1.08   1.16   4.50
 78  1.0  2.0000   -17.740  5.4E-07   0.00  -0.54  -2.37   2.46   4.50
 82  1.0  2.0000   -17.740  5.8E-07   0.00  -1.68  -1.52   0.52   4.50
 85  1.0  2.0000   -13.538  4.9E-07   0.00   0.50  -1.15   1.77   3.50
 83  1.0  2.0000   -13.538  4.9E-07   0.00  -0.89   0.54  -2.12   3.50
 86  1.0  2.0000   -13.538  4.9E-07   0.00   2.87   0.97   0.62   3.50
 84  1.0  2.0000   -13.538  4.9E-07   0.00  -0.48   1.65  -2.27   3.50
 89  1.0  2.0000   -11.460  7.2E-07   0.00  -1.32   0.80  -1.16   2.50
 87  1.0  2.0000   -11.459  7.5E-07   0.00   0.01   0.01   2.50   2.50
 88  1.0  2.0000   -11.459  7.6E-07   0.00  -0.19  -2.32   0.16   2.50
110 -1.0  2.0000    -9.710  1.0E-06   0.00   0.08  -1.44  -2.90   5.50
111 -1.0  2.0000    -9.710  9.1E-07   0.00   0.37   1.18   1.69   5.50
112 -1.0  2.0000    -9.710  9.9E-07   0.00  -0.29  -0.80   3.27   5.50
113 -1.0  2.0000    -9.710  9.1E-07   0.00  -3.04  -0.67   0.84   5.50
115 -1.0  2.0000    -9.710  9.6E-07   0.00  -0.56   1.40  -4.49   5.50
114 -1.0  2.0000    -9.710  9.7E-07   0.00   0.44  -2.67  -1.41   5.50
 90  1.0  2.0000    -9.566  7.3E-07   0.00   1.50   0.00   0.00   1.50
 91  1.0  2.0000    -9.566  7.0E-07   0.00  -0.50   1.00  -1.00   1.50
 92  1.0  2.0000    -8.813  7.6E-07   0.00  -0.50  -0.50   0.50   0.50
117 -1.0  0.0000    -3.804  8.9E-07   0.00  -0.92  -2.40   2.02   4.50
118 -1.0  0.0000    -3.804  8.6E-07   0.00  -0.42   1.85   0.67   4.50
120 -1.0  0.0000    -3.804  1.0E-06   0.00  -0.28   1.78  -2.29   4.50
119 -1.0  0.0000    -3.804  9.6E-07   0.00   1.54   1.23   2.67   4.50
116 -1.0  0.0000    -3.804  9.8E-07   0.00   2.59   0.03  -0.57   4.50
 95  1.0  0.0000    -1.446  1.2E-06   0.00  -1.98  -2.17   0.87   6.50
 93  1.0  0.0000    -1.446  1.2E-06   0.00   0.29  -2.94   0.88   6.50
 94  1.0  0.0000    -1.446  1.2E-06   0.00  -1.20   3.42  -0.95   6.50
 96  1.0  0.0000    -1.446  1.2E-06   0.00   1.01   1.11   2.25   6.50
--------------------------------------------------------------------------------
---------------------------------Quasiparticles---------------------------------
________________________________________________________________________________
Block 1
positive parity neutrons
  N    Eqp     f_n
________________________________________________________________________________
  1   1.98    0.00E+00
  2   1.98    0.00E+00
  3   1.98    0.00E+00
  4   1.99    0.00E+00
  5   1.99    0.00E+00
  6   4.44    0.00E+00
  7   4.44    0.00E+00
  8   4.44    0.00E+00
  9   4.44    0.00E+00
 10   4.44    0.00E+00
 11   4.44    0.00E+00
 12   4.44    0.00E+00
 13  13.58    0.00E+00
 14  13.99    0.00E+00
 15  13.99    0.00E+00
 16  16.16    0.00E+00
 17  16.16    0.00E+00
 18  16.16    0.00E+00
 19  18.23    0.00E+00
 20  18.23    0.00E+00
 21  18.23    0.00E+00
 22  18.23    0.00E+00
 23  22.51    0.00E+00
 24  22.51    0.00E+00
 25  22.51    0.00E+00
 26  22.51    0.00E+00
 27  22.51    0.00E+00
 28  35.49    0.00E+00
 29  37.96    0.00E+00
 30  37.96    0.00E+00
 31  39.38    0.00E+00
 32  39.38    0.00E+00
 33  39.38    0.00E+00
 34  52.90    0.00E+00
________________________________________________________________________________
Block 3
negative parity neutrons
  N    Eqp     f_n
________________________________________________________________________________
  1   2.95    0.00E+00
  2   3.92    0.00E+00
  3   3.92    0.00E+00
  4   3.92    0.00E+00
  5   4.05    0.00E+00
  6   4.05    0.00E+00
  7   4.59    0.00E+00
  8   4.59    0.00E+00
  9   6.90    0.00E+00
 10   6.90    0.00E+00
 11   6.90    0.00E+00
 12   6.90    0.00E+00
 13   7.36    0.00E+00
 14   7.36    0.00E+00
 15   7.36    0.00E+00
 16   7.36    0.00E+00
 17   7.36    0.00E+00
 18  13.52    0.00E+00
 19  13.52    0.00E+00
 20  13.52    0.00E+00
 21  13.52    0.00E+00
 22  13.52    0.00E+00
 23  13.52    0.00E+00
 24  24.58    0.00E+00
 25  25.78    0.00E+00
 26  25.78    0.00E+00
 27  28.56    0.00E+00
 28  28.56    0.00E+00
 29  28.56    0.00E+00
 30  31.21    0.00E+00
 31  31.21    0.00E+00
 32  31.21    0.00E+00
 33  31.21    0.00E+00
 34  46.13    0.00E+00
 35  46.73    0.00E+00
 36  46.73    0.00E+00
________________________________________________________________________________
Block 5
positive parity  protons
  N    Eqp     f_n
________________________________________________________________________________
  1   3.01    0.00E+00
  2   3.77    0.00E+00
  3   3.77    0.00E+00
  4   4.35    0.00E+00
  5   4.35    0.00E+00
  6   4.35    0.00E+00
  7   4.35    0.00E+00
  8   5.66    0.00E+00
  9   5.66    0.00E+00
 10   5.66    0.00E+00
 11   7.74    0.00E+00
 12   7.74    0.00E+00
 13   7.74    0.00E+00
 14   7.74    0.00E+00
 15  11.94    0.00E+00
 16  11.94    0.00E+00
 17  11.94    0.00E+00
 18  11.94    0.00E+00
 19  11.94    0.00E+00
 20  22.53    0.00E+00
 21  25.34    0.00E+00
 22  25.34    0.00E+00
 23  26.78    0.00E+00
 24  26.78    0.00E+00
 25  26.78    0.00E+00
 26  38.26    0.00E+00
________________________________________________________________________________
Block 7
negative parity  protons
  N    Eqp     f_n
________________________________________________________________________________
  1   2.00    0.00E+00
  2   2.00    0.00E+00
  3   2.00    0.00E+00
  4   2.00    0.00E+00
  5   2.00    0.00E+00
  6   3.91    0.00E+00
  7   3.91    0.00E+00
  8   3.91    0.00E+00
  9   3.91    0.00E+00
 10   3.91    0.00E+00
 11   3.91    0.00E+00
 12  13.03    0.00E+00
 13  14.13    0.00E+00
 14  14.13    0.00E+00
 15  16.96    0.00E+00
 16  16.96    0.00E+00
 17  16.96    0.00E+00
 18  19.62    0.00E+00
 19  19.62    0.00E+00
 20  19.62    0.00E+00
 21  19.62    0.00E+00
 22  32.53    0.00E+00
 23  33.12    0.00E+00
 24  33.12    0.00E+00
--------------------------------------------------------------------------------
---------------- Electric Multipole Moments -----------------
Quantisation Axis             : Z
  With secondary axis ordering: X,Y
______________________________________________________________
                     Neutrons        Protons         Total
______________________________________________________________
 Particles          126.0000         82.0000        208.0000

Re  Q_{ 2 0}          0.0000         -0.0000         -0.0000
Re  Q_{ 2 2}         -0.0000         -0.0000         -0.0000

Re  Q_{ 4 0}         13.1243         -0.3408         12.7836
Re  Q_{ 4 2}         -0.0000          0.0002          0.0002
Re  Q_{ 4 4}          7.8441         -0.2035          7.6406

Re  Q_{ 6 0}        217.8377         -5.8412        211.9965
Re  Q_{ 6 2}         -0.0194         -0.0052         -0.0246
Re  Q_{ 6 4}       -407.6850         10.8651       -396.8198
Re  Q_{ 6 6}          0.0215          0.0103          0.0318

Re  Q_{ 8 0}      40744.9183      -2214.0902      38530.8280
Re  Q_{ 8 2}          0.5167          0.2395          0.7562
Re  Q_{ 8 4}      15322.8310       -832.5601      14490.2708
Re  Q_{ 8 6}         -0.7747          0.5111         -0.2637
Re  Q_{ 8 8}      23344.1312      -1268.4299      22075.7013

Re  Q_{10 0}     650720.6703     -26872.7326     623847.9377
Re  Q_{10 2}       -191.6972        -13.3900       -205.0871
Re  Q_{10 4}    -655298.7226      27188.0443    -628110.6782
Re  Q_{10 6}         62.8372        -15.0301         47.8071
Re  Q_{10 8}    -780239.6351      32328.9093    -747910.7257
Re  Q_{1010}       -172.5053          0.0171       -172.4882

 RMS radius           5.6176          5.4576          5.5551
______________________________________________________________
                     Neutrons        Protons         Total
______________________________________________________________

Beta_{ 2 0}       0.00000000     -0.00000000     -0.00000000
Beta_{ 2 2}      -0.00000000     -0.00000000     -0.00000001

Beta_{ 4 0}       0.00010343     -0.00000269      0.00010074
Beta_{ 4 2}      -0.00000000      0.00000000      0.00000000
Beta_{ 4 4}       0.00006181     -0.00000160      0.00006021

Beta_{ 6 0}       0.00003396     -0.00000091      0.00003305
Beta_{ 6 2}      -0.00000000     -0.00000000     -0.00000000
Beta_{ 6 4}      -0.00006355      0.00000169     -0.00006186
Beta_{ 6 6}       0.00000000      0.00000000      0.00000000

Beta_{ 8 0}       0.00012565     -0.00000683      0.00011882
Beta_{ 8 2}       0.00000000      0.00000000      0.00000000
Beta_{ 8 4}       0.00004725     -0.00000257      0.00004468
Beta_{ 8 6}      -0.00000000      0.00000000     -0.00000000
Beta_{ 8 8}       0.00007199     -0.00000391      0.00006807

Beta_{10 0}       0.00003969     -0.00000164      0.00003806
Beta_{10 2}      -0.00000001     -0.00000000     -0.00000001
Beta_{10 4}      -0.00003997      0.00000166     -0.00003832
Beta_{10 6}       0.00000000     -0.00000000      0.00000000
Beta_{10 8}      -0.00004760      0.00000197     -0.00004562
Beta_{1010}      -0.00000001      0.00000000     -0.00000001

______________________________________________________________
                     Neutrons        Protons         Total
______________________________________________________________
Q_{ 2}                0.0000          0.0000          0.0000
Q_{ 4}               17.1845          0.4461         16.7385
Q_{ 6}              616.3338         16.4384        599.8954
Q_{ 8}            56741.7270       3083.2349      53658.4922
Q_{10}          1581081.3197      65504.5100    1515576.9044
______________________________________________________________
                     Neutrons        Protons         Total
______________________________________________________________
Beta_{   2}       0.00000000      0.00000001      0.00000001
Beta_{   4}       0.00013542      0.00000352      0.00013191
Beta_{   6}       0.00009608      0.00000256      0.00009352
Beta_{   8}       0.00017497      0.00000951      0.00016547
Beta_{  10}       0.00009645      0.00000400      0.00009245
______________________________________________________________
 Cart. Moments X              Y              Z
 Cart. N       -0.0000373      0.0000198      0.0000175
 Cart. P       -0.0000204      0.0000427     -0.0000223
 Cart. T       -0.0000577      0.0000625     -0.0000048
 (Q, gamma)    Q              Gamma
 (Q,g) N        0.0000373    -61.9952144
 (Q,g) P        0.0000427   -121.4365784
 (Q,g) T        0.0000696    -93.9369195
 (iq1, iq2)    iq1            iq2
 iq    N        0.0000365     -0.0000380
 iq    P       -0.0000012     -0.0000421
 iq    T        0.0000353     -0.0000801
               X^2            Y^2            Z^2
 X^2_i N     1325.4344255   1325.4344445   1325.4344437
 X^2_i P      814.1450912    814.1451123    814.1450906
 X^2_i T     2139.5795167   2139.5795568   2139.5795344
------------------------------------------------------------
---------------------Rotational properties--------------------
                Rigid rotor          (hbar^2/MeV)
              n              p              t 
 I_R X      63.9209687     39.2633101    103.1842788
 I_R Y      63.9209683     39.2633096    103.1842779
 I_R Z      63.9209683     39.2633101    103.1842784

                Belyaev              (hbar^2/MeV) 
              n              p              t 
 I_B X       0.0000003      0.0000000      0.0000003
 I_B Y       0.0000003      0.0000000      0.0000003
 I_B Z       0.0000002      0.0000000      0.0000002

                Belyaev (collective) (hbar^2/MeV) 
              n              p              t 
 I_B X       0.0000003      0.0000000      0.0000003
 I_B Y       0.0000003      0.0000000      0.0000003
 I_B Z       0.0000002      0.0000000      0.0000002

                 J^2                 (hbar^2)
              n              p              t 
 J2_X        0.0000010      0.0000000      0.0000010
 J2_Y        0.0000010      0.0000000      0.0000010
 J2_Z        0.0000008      0.0000000      0.0000008
 J2_t        0.0000028      0.0000000      0.0000028

                 J^2 (collective)    (hbar^2)
              n              p              t 
 J2_X        0.0000010      0.0000000      0.0000010
 J2_Y        0.0000010      0.0000000      0.0000010
 J2_Z        0.0000008      0.0000000      0.0000008
 J2_t        0.0000028      0.0000000      0.0000028
-------------------------- Pairing -------------------------
                          N         P 
 Fermi Level (MeV)     -5.12024244    -5.80029356
 Particles            126.00000000    82.00000000
 Dispersion            -0.00000000     0.00000000
 Average gap   v^2      0.00000000     0.00000000
 Average gap   uv       0.00000000     0.00000000

 HFB convergence:   (N,+)    (N,-)    (P,+)    (P,-)
  r^2-r+k*k^T    =  1.22E-14 1.59E-14 7.11E-15 8.84E-15
  r*k-k*r        =  8.29E-16 1.19E-16 4.40E-16 9.68E-16
------------------------------------------------------------
--------------------------------------------------------------------------------
 Skyrme Energy 
                                    Isoscalar      Isovector   |   Total
--------------------------------------------------------------------------------
                 E_D_I_I_D_I_I  -23149.107127     765.317394  -22383.789734
               E_D_I_I_D_Nm_Nm    1297.567618      32.577433    1330.145051
             E_D_I_I_Lap_D_I_I     317.799638      -2.519774     315.279864
              E_D_I_I_D_I_I_DD   15224.393093    -687.957855   14536.435238
       E_D_I_I_Derm_C_I_NxmSxm     -95.613598      -0.833029     -96.446627
           E_C_I_NmSk_C_I_NmSk       0.000000       0.000000       0.000000
               E_DP_I_I_DP_I_I                                    -0.000000
--------------------------------------------------------------------------------
                 Total Skyrme:                                 -6298.376208
--------------------------------------------------------------------------------
--------------------------------------------------------------------------------
                                     neutron        proton         total
                Kinetic Energy:    2541.211246    1343.520763    3884.732008
                    COM 1-body:     -12.217362      -6.459234     -18.676596

                Coulomb Direct:       0.000000     827.886702     827.886702
                      Exchange:       0.000000     -31.268455     -31.268455

               Pairing (delta):      -0.000000       0.000000      -0.000000
               Pairing (densi):                                    -0.000000
--------------------------------------------------------------------------------
                  Total energy:                                 -1635.702550
                    from spwfs:                                 -1635.702110
--------------------------------------------------------------------------------
--------------------------------------------------------------------------------
 Iteration =  111
 dt  =   0.0203      mu  =   0.8418  D2H =  0.2E-06
 E   =  -1635.703    DE  =  0.15797E-09
 dmun=  0.0E+00      dmup=  0.0E+00
 Q20 =       0.0000  Q22 =      -0.0000 dQ20=  0.3E-05      dQ22=  0.2E-05
--------------------------------------------------------------------------------
 Iteration =  112
 dt  =   0.0203      mu  =   0.8418  D2H =  0.2E-06
 E   =  -1635.703    DE  =  0.12077E-09
 dmun=  0.0E+00      dmup=  0.0E+00
 Q20 =       0.0000  Q22 =      -0.0000 dQ20=  0.2E-05      dQ22=  0.1E-05
--------------------------------------------------------------------------------
 Iteration =  113
 dt  =   0.0203      mu  =   0.8418  D2H =  0.1E-06
 E   =  -1635.703    DE  =  0.90405E-10
 dmun=  0.0E+00      dmup=  0.0E+00
 Q20 =       0.0000  Q22 =      -0.0000 dQ20=  0.2E-05      dQ22=  0.1E-05
--------------------------------------------------------------------------------
 Iteration =  114
 dt  =   0.0203      mu  =   0.8418  D2H =  0.1E-06
 E   =  -1635.703    DE  =  0.54133E-10
 dmun=  0.0E+00      dmup=  0.0E+00
 Q20 =       0.0000  Q22 =      -0.0000 dQ20=  0.1E-05      dQ22=  0.8E-06
--------------------------------------------------------------------------------
 Iteration =  115
 dt  =   0.0203      mu  =   0.8418  D2H =  0.1E-06
 E   =  -1635.703    DE  =  0.47277E-10
 dmun=  0.0E+00      dmup=  0.0E+00
 Q20 =       0.0000  Q22 =      -0.0000 dQ20=  0.6E-06      dQ22=  0.6E-06
--------------------------------------------------------------------------------
 Iteration =  116
 dt  =   0.0203      mu  =   0.8418  D2H =  0.1E-06
 E   =  -1635.703    DE  =  0.38420E-10
 dmun=  0.0E+00      dmup=  0.0E+00
 Q20 =       0.0000  Q22 =      -0.0000 dQ20=  0.3E-06      dQ22=  0.5E-06
--------------------------------------------------------------------------------
 Iteration =  117
 dt  =   0.0203      mu  =   0.8418  D2H =  0.9E-07
 E   =  -1635.703    DE  =  0.34094E-10
 dmun=  0.0E+00      dmup=  0.0E+00
 Q20 =       0.0000  Q22 =      -0.0000 dQ20=  0.1E-08      dQ22=  0.4E-06
--------------------------------------------------------------------------------
 Iteration =  118
 dt  =   0.0203      mu  =   0.8418  D2H =  0.8E-07
 E   =  -1635.703    DE  =  0.38632E-10
 dmun=  0.0E+00      dmup=  0.0E+00
 Q20 =       0.0000  Q22 =      -0.0000 dQ20=  0.2E-06      dQ22=  0.2E-06
--------------------------------------------------------------------------------
 Iteration =  119
 dt  =   0.0203      mu  =   0.8418  D2H =  0.7E-07
 E   =  -1635.703    DE  =  0.35542E-10
 dmun=  0.0E+00      dmup=  0.0E+00
 Q20 =       0.0000  Q22 =      -0.0000 dQ20=  0.3E-06      dQ22=  0.2E-06
--------------------- Sp wavefunctions -----------------------------------------
________________________________________________________________________________
   Neutron wavefunctions
  i    P   occ       E        d2h    Delta   JxT    JyT    Jz     J
--------------------- Sp wavefunctions -----------------------------------------
  1  1.0  2.0000   -58.022  1.4E-07   0.00  -0.50  -0.50   0.50   0.50
 36 -1.0  2.0000   -51.847  8.3E-08   0.00  -1.00   0.50  -1.00   1.50
 35 -1.0  2.0000   -51.847  8.1E-08   0.00  -0.00  -1.50   0.00   1.50
 37 -1.0  2.0000   -51.251  6.1E-08   0.00   0.50   0.50   0.50   0.50
  3  1.0  2.0000   -44.503  4.4E-08   0.00  -0.87  -0.12  -1.28   2.50
  2  1.0  2.0000   -44.503  4.4E-08   0.00   0.59   0.28   2.16   2.50
  4  1.0  2.0000   -44.503  4.2E-08   0.00  -1.22  -1.66   0.62   2.50
  7  1.0  2.0000   -43.085  2.9E-08   0.00   1.50  -0.00  -0.00   1.50
  6  1.0  2.0000   -43.085  2.9E-08   0.00  -0.50   1.00  -1.00   1.50
  5  1.0  2.0000   -40.609  1.5E-07   0.00  -0.50  -0.50   0.50   0.50
 39 -1.0  2.0000   -36.334  5.2E-08   0.00  -1.38   1.42  -0.75   3.50
 38 -1.0  2.0000   -36.334  5.1E-08   0.00  -0.42  -1.34   1.64   3.50
 41 -1.0  2.0000   -36.334  5.1E-08   0.00  -0.78   1.10  -2.62   3.50
 40 -1.0  2.0000   -36.334  5.1E-08   0.00   0.58  -3.18  -0.27   3.50
 46 -1.0  2.0000   -33.678  1.9E-08   0.00  -0.39   0.97  -1.34   2.50
 45 -1.0  2.0000   -33.678  2.0E-08   0.00  -0.17  -0.33   2.33   2.50
 44 -1.0  2.0000   -33.678  2.0E-08   0.00   2.05   0.87   0.51   2.50
 42 -1.0  2.0000   -30.896  1.3E-07   0.00  -0.77  -1.20   0.47   1.50
 43 -1.0  2.0000   -30.896  1.3E-07   0.00  -0.23   0.20  -1.47   1.50
 47 -1.0  2.0000   -29.696  8.7E-08   0.00   0.50   0.50   0.50   0.50
 12  1.0  2.0000   -27.631  6.6E-08   0.00  -0.37  -3.16   1.38   4.50
 11  1.0  2.0000   -27.631  6.4E-08   0.00  -1.64  -0.73   2.71   4.50
  9  1.0  2.0000   -27.631  6.0E-08   0.00  -0.97   2.33  -2.11   4.50
  8  1.0  2.0000   -27.631  6.0E-08   0.00   0.49  -2.44   1.18   4.50
 10  1.0  2.0000   -27.631  5.8E-08   0.00  -0.01   1.50  -0.66   4.50
 19  1.0  2.0000   -23.347  1.9E-08   0.00  -0.66   1.47  -2.35   3.50
 17  1.0  2.0000   -23.347  1.9E-08   0.00  -0.51  -1.42   1.60   3.50
 18  1.0  2.0000   -23.347  1.9E-08   0.00   3.20  -0.65  -0.46   3.50
 16  1.0  2.0000   -23.347  1.9E-08   0.00  -0.02   2.61  -0.79   3.50
 13  1.0  2.0000   -21.284  1.1E-07   0.00  -0.50  -1.61   1.39   2.50
 15  1.0  2.0000   -21.284  1.1E-07   0.00  -0.03  -1.00   1.18   2.50
 14  1.0  2.0000   -21.284  1.1E-07   0.00  -0.97   1.10  -1.07   2.50
 22  1.0  2.0000   -19.112  4.5E-08   0.00   1.50   0.00   0.00   1.50
 21  1.0  2.0000   -19.112  1.5E-07   0.00  -0.50   1.00  -1.00   1.50
 20  1.0  2.0000   -18.697  2.3E-07   0.00  -0.50  -0.50   0.50   0.50
 49 -1.0  2.0000   -18.644  6.3E-08   0.00  -0.54   2.45  -3.06   5.50
 50 -1.0  2.0000   -18.644  6.4E-08   0.00  -1.10  -1.23  -2.99   5.50
 52 -1.0  2.0000   -18.644  6.2E-08   0.00   2.17  -1.60   1.19   5.50
 51 -1.0  2.0000   -18.644  6.3E-08   0.00  -2.32   0.82   0.64   5.50
 53 -1.0  2.0000   -18.644  6.3E-08   0.00   0.18  -1.31   2.29   5.50
 48 -1.0  2.0000   -18.644  6.6E-08   0.00  -1.38  -2.13  -1.08   5.50
 59 -1.0  2.0000   -12.482  5.5E-08   0.00   0.98   0.22   2.47   4.50
 58 -1.0  2.0000   -12.482  3.3E-08   0.00  -0.40   1.87  -1.03   4.50
 60 -1.0  2.0000   -12.482  3.7E-08   0.00   0.19  -0.73   3.31   4.50
 62 -1.0  2.0000   -12.482  2.4E-08   0.00   2.65   0.12  -1.07   4.50
 61 -1.0  2.0000   -12.482  2.8E-08   0.00  -0.92   1.01  -1.18   4.50
 54 -1.0  2.0000   -12.019  1.6E-07   0.00  -1.58   0.65  -2.23   3.50
 56 -1.0  2.0000   -12.019  1.4E-07   0.00  -2.68  -0.09   0.04   3.50
 55 -1.0  2.0000   -12.019  1.3E-07   0.00   0.50  -2.31  -1.19   3.50
 57 -1.0  2.0000   -12.019  1.1E-07   0.00   1.76  -0.25   1.38   3.50
 25  1.0  2.0000    -9.563  7.8E-08   0.00  -5.36   0.83  -0.80   6.50
 24  1.0  2.0000    -9.563  9.0E-08   0.00   1.16   2.67  -1.30   6.50
 28  1.0  2.0000    -9.563  8.4E-08   0.00   1.54  -2.69   2.20   6.50
 26  1.0  2.0000    -9.563  9.1E-08   0.00  -1.68   0.98  -4.07   6.50
 29  1.0  2.0000    -9.563  8.3E-08   0.00   2.93  -0.16   2.57   6.50
 23  1.0  2.0000    -9.563  7.6E-08   0.00  -0.66  -4.28   2.16   6.50
 27  1.0  2.0000    -9.563  8.1E-08   0.00  -1.45  -0.85   2.75   6.50
 63 -1.0  2.0000    -9.170  7.7E-07   0.00  -1.49   0.09  -0.09   1.50
 64 -1.0  2.0000    -9.170  1.2E-06   0.00   0.49  -1.09  -0.91   1.50
 65 -1.0  2.0000    -9.038  5.1E-07   0.00   2.46  -0.22  -0.22   2.50
 66 -1.0  2.0000    -9.038  8.2E-07   0.00  -0.30  -0.41   2.36   2.50
 67 -1.0  2.0000    -9.037  5.0E-07   0.00  -0.66   2.13  -0.64   2.50
 68 -1.0  2.0000    -8.069  3.1E-07   0.00   0.50   0.50   0.50   0.50
 33  1.0  0.0000    -3.137  8.2E-06   0.00   3.33   0.02   0.02   4.50
 32  1.0  0.0000    -3.136  7.9E-06   0.00  -0.88   2.89  -1.37   4.50
 30  1.0  0.0000    -3.135  8.6E-06   0.00  -0.10  -4.24   0.23   4.50
 31  1.0  0.0000    -3.135  8.8E-06   0.00  -4.37  -0.16   0.17   4.50
 34  1.0  0.0000    -3.134  4.4E-06   0.00  -0.48  -1.01   3.44   4.50
 70 -1.0  0.0000    -0.529  1.3E-07   0.00  -0.09  -1.69  -2.53   7.50
 69 -1.0  0.0000    -0.529  1.4E-07   0.00   0.71  -1.15   2.50   7.50
________________________________________________________________________________
   Proton  wavefunctions
  i    P   occ       E        d2h    Delta   JxT    JyT    Jz     J
--------------------- Sp wavefunctions -----------------------------------------
 71  1.0  2.0000   -44.064  1.1E-07   0.00  -0.50  -0.50   0.50   0.50
 98 -1.0  2.0000   -38.924  5.4E-08   0.00  -1.00   0.50  -1.00   1.50
 97 -1.0  2.0000   -38.924  4.9E-08   0.00  -0.00  -1.50   0.00   1.50
 99 -1.0  2.0000   -38.328  4.3E-08   0.00   0.50   0.50   0.50   0.50
 74  1.0  2.0000   -32.576  4.2E-08   0.00  -1.25   0.76  -1.20   2.50
 73  1.0  2.0000   -32.576  4.4E-08   0.00   0.31  -0.84   1.21   2.50
 72  1.0  2.0000   -32.576  4.4E-08   0.00  -0.55  -1.42   1.49   2.50
 76  1.0  2.0000   -31.144  2.4E-08   0.00   1.45   0.29   0.25   1.50
 75  1.0  2.0000   -31.144  2.4E-08   0.00  -0.45   0.71  -1.25   1.50
 77  1.0  2.0000   -28.333  1.5E-07   0.00  -0.50  -0.50   0.50   0.50
103 -1.0  2.0000   -25.423  4.9E-08   0.00   2.40  -0.06  -0.50   3.50
102 -1.0  2.0000   -25.423  5.5E-08   0.00  -0.23  -2.76   0.83   3.50
101 -1.0  2.0000   -25.423  5.5E-08   0.00  -1.19   1.05  -2.04   3.50
100 -1.0  2.0000   -25.423  5.2E-08   0.00  -2.98  -0.22  -0.29   3.50
105 -1.0  2.0000   -22.765  3.8E-08   0.00   1.89  -0.89  -0.59   2.50
106 -1.0  2.0000   -22.765  3.7E-08   0.00  -0.62   2.18  -0.37   2.50
104 -1.0  2.0000   -22.765  3.6E-08   0.00   0.23   0.21   2.46   2.50
108 -1.0  2.0000   -19.928  7.1E-08   0.00  -1.00   0.50  -1.00   1.50
107 -1.0  2.0000   -19.928  7.0E-08   0.00  -0.00  -1.50   0.00   1.50
109 -1.0  2.0000   -18.829  7.9E-08   0.00   0.50   0.50   0.50   0.50
 81  1.0  2.0000   -17.740  9.9E-08   0.00  -0.84   2.06  -2.44   4.50
 79  1.0  2.0000   -17.740  1.1E-07   0.00   1.70  -1.76   0.80   4.50
 80  1.0  2.0000   -17.740  1.0E-07   0.00  -1.13   1.08   1.16   4.50
 78  1.0  2.0000   -17.740  1.1E-07   0.00  -0.54  -2.37   2.46   4.50
 82  1.0  2.0000   -17.740  1.1E-07   0.00  -1.68  -1.52   0.52   4.50
 85  1.0  2.0000   -13.538  9.6E-08   0.00   0.50  -1.15   1.77   3.50
 83  1.0  2.0000   -13.538  9.4E-08   0.00  -0.89   0.54  -2.12   3.50
 86  1.0  2.0000   -13.538  9.4E-08   0.00   2.87   0.97   0.62   3.50
 84  1.0  2.0000   -13.538  9.5E-08   0.00  -0.48   1.65  -2.27   3.50
 89  1.0  2.0000   -11.460  1.3E-07   0.00  -1.32   0.80  -1.16   2.50
 87  1.0  2.0000   -11.459  1.3E-07   0.00   0.01   0.01   2.50   2.50
 88  1.0  2.0000   -11.459  1.3E-07   0.00  -0.19  -2.32   0.16   2.50
110 -1.0  2.0000    -9.710  1.7E-07   0.00   0.08  -1.44  -2.90   5.50
112 -1.0  2.0000    -9.710  1.9E-07   0.00  -0.29  -0.80   3.27   5.50
111 -1.0  2.0000    -9.710  1.9E-07   0.00   0.37   1.18   1.69   5.50
113 -1.0  2.0000    -9.710  1.7E-07   0.00  -3.04  -0.67   0.84   5.50
115 -1.0  2.0000    -9.710  1.8E-07   0.00  -0.56   1.40  -4.49   5.50
114 -1.0  2.0000    -9.710  1.9E-07   0.00   0.44  -2.67  -1.41   5.50
 90  1.0  2.0000    -9.566  1.6E-07   0.00   1.50   0.00   0.00   1.50
 91  1.0  2.0000    -9.566  1.3E-07   0.00  -0.50   1.00  -1.00   1.50
 92  1.0  2.0000    -8.813  1.8E-07   0.00  -0.50  -0.50   0.50   0.50
117 -1.0  0.0000    -3.804  1.6E-07   0.00  -0.92  -2.40   2.02   4.50
118 -1.0  0.0000    -3.804  1.6E-07   0.00  -0.42   1.85   0.67   4.50
120 -1.0  0.0000    -3.804  2.3E-07   0.00  -0.28   1.78  -2.29   4.50
119 -1.0  0.0000    -3.804  2.1E-07   0.00   1.54   1.23   2.67   4.50
116 -1.0  0.0000    -3.804  1.8E-07   0.00   2.59   0.03  -0.57   4.50
 95  1.0  0.0000    -1.446  2.0E-07   0.00  -1.98  -2.17   0.87   6.50
 93  1.0  0.0000    -1.446  2.0E-07   0.00   0.29  -2.94   0.88   6.50
 94  1.0  0.0000    -1.446  2.0E-07   0.00  -1.20   3.42  -0.95   6.50
 96  1.0  0.0000    -1.446  1.9E-07   0.00   1.01   1.11   2.25   6.50
--------------------------------------------------------------------------------
---------------------------------Quasiparticles---------------------------------
________________________________________________________________________________
Block 1
positive parity neutrons
  N    Eqp     f_n
________________________________________________________________________________
  1   1.98    0.00E+00
  2   1.98    0.00E+00
  3   1.98    0.00E+00
  4   1.99    0.00E+00
  5   1.99    0.00E+00
  6   4.44    0.00E+00
  7   4.44    0.00E+00
  8   4.44    0.00E+00
  9   4.44    0.00E+00
 10   4.44    0.00E+00
 11   4.44    0.00E+00
 12   4.44    0.00E+00
 13  13.58    0.00E+00
 14  13.99    0.00E+00
 15  13.99    0.00E+00
 16  16.16    0.00E+00
 17  16.16    0.00E+00
 18  16.16    0.00E+00
 19  18.23    0.00E+00
 20  18.23    0.00E+00
 21  18.23    0.00E+00
 22  18.23    0.00E+00
 23  22.51    0.00E+00
 24  22.51    0.00E+00
 25  22.51    0.00E+00
 26  22.51    0.00E+00
 27  22.51    0.00E+00
 28  35.49    0.00E+00
 29  37.96    0.00E+00
 30  37.96    0.00E+00
 31  39.38    0.00E+00
 32  39.38    0.00E+00
 33  39.38    0.00E+00
 34  52.90    0.00E+00
________________________________________________________________________________
Block 3
negative parity neutrons
  N    Eqp     f_n
________________________________________________________________________________
  1   2.95    0.00E+00
  2   3.92    0.00E+00
  3   3.92    0.00E+00
  4   3.92    0.00E+00
  5   4.05    0.00E+00
  6   4.05    0.00E+00
  7   4.59    0.00E+00
  8   4.59    0.00E+00
  9   6.90    0.00E+00
 10   6.90    0.00E+00
 11   6.90    0.00E+00
 12   6.90    0.00E+00
 13   7.36    0.00E+00
 14   7.36    0.00E+00
 15   7.36    0.00E+00
 16   7.36    0.00E+00
 17   7.36    0.00E+00
 18  13.52    0.00E+00
 19  13.52    0.00E+00
 20  13.52    0.00E+00
 21  13.52    0.00E+00
 22  13.52    0.00E+00
 23  13.52    0.00E+00
 24  24.58    0.00E+00
 25  25.78    0.00E+00
 26  25.78    0.00E+00
 27  28.56    0.00E+00
 28  28.56    0.00E+00
 29  28.56    0.00E+00
 30  31.21    0.00E+00
 31  31.21    0.00E+00
 32  31.21    0.00E+00
 33  31.21    0.00E+00
 34  46.13    0.00E+00
 35  46.73    0.00E+00
 36  46.73    0.00E+00
________________________________________________________________________________
Block 5
positive parity  protons
  N    Eqp     f_n
________________________________________________________________________________
  1   3.01    0.00E+00
  2   3.77    0.00E+00
  3   3.77    0.00E+00
  4   4.35    0.00E+00
  5   4.35    0.00E+00
  6   4.35    0.00E+00
  7   4.35    0.00E+00
  8   5.66    0.00E+00
  9   5.66    0.00E+00
 10   5.66    0.00E+00
 11   7.74    0.00E+00
 12   7.74    0.00E+00
 13   7.74    0.00E+00
 14   7.74    0.00E+00
 15  11.94    0.00E+00
 16  11.94    0.00E+00
 17  11.94    0.00E+00
 18  11.94    0.00E+00
 19  11.94    0.00E+00
 20  22.53    0.00E+00
 21  25.34    0.00E+00
 22  25.34    0.00E+00
 23  26.78    0.00E+00
 24  26.78    0.00E+00
 25  26.78    0.00E+00
 26  38.26    0.00E+00
________________________________________________________________________________
Block 7
negative parity  protons
  N    Eqp     f_n
________________________________________________________________________________
  1   2.00    0.00E+00
  2   2.00    0.00E+00
  3   2.00    0.00E+00
  4   2.00    0.00E+00
  5   2.00    0.00E+00
  6   3.91    0.00E+00
  7   3.91    0.00E+00
  8   3.91    0.00E+00
  9   3.91    0.00E+00
 10   3.91    0.00E+00
 11   3.91    0.00E+00
 12  13.03    0.00E+00
 13  14.13    0.00E+00
 14  14.13    0.00E+00
 15  16.96    0.00E+00
 16  16.96    0.00E+00
 17  16.96    0.00E+00
 18  19.62    0.00E+00
 19  19.62    0.00E+00
 20  19.62    0.00E+00
 21  19.62    0.00E+00
 22  32.53    0.00E+00
 23  33.12    0.00E+00
 24  33.12    0.00E+00
--------------------------------------------------------------------------------
---------------- Electric Multipole Moments -----------------
Quantisation Axis             : Z
  With secondary axis ordering: X,Y
______________________________________________________________
                     Neutrons        Protons         Total
______________________________________________________________
 Particles          126.0000         82.0000        208.0000

Re  Q_{ 2 0}          0.0000          0.0000          0.0000
Re  Q_{ 2 2}         -0.0000         -0.0000         -0.0000

Re  Q_{ 4 0}         13.1415         -0.3505         12.7910
Re  Q_{ 4 2}          0.0003          0.0001          0.0004
Re  Q_{ 4 4}          7.8533         -0.2096          7.6437

Re  Q_{ 6 0}        218.1037         -5.6253        212.4783
Re  Q_{ 6 2}          0.0079          0.0019          0.0098
Re  Q_{ 6 4}       -408.0654         10.5162       -397.5492
Re  Q_{ 6 6}          0.0045          0.0030          0.0075

Re  Q_{ 8 0}      41036.4184      -2174.5885      38861.8299
Re  Q_{ 8 2}         -0.7592         -0.1750         -0.9342
Re  Q_{ 8 4}      15430.8579       -817.5434      14613.3145
Re  Q_{ 8 6}          0.2667         -0.0732          0.1935
Re  Q_{ 8 8}      23512.2938      -1245.8688      22266.4250

Re  Q_{10 0}     642714.7748     -25452.1933     617262.5815
Re  Q_{10 2}         77.5222          7.2356         84.7578
Re  Q_{10 4}    -647692.9541      25615.9016    -622077.0526
Re  Q_{10 6}        -12.9210          6.8084         -6.1126
Re  Q_{10 8}    -770837.7910      30499.9363    -740337.8547
Re  Q_{1010}         47.9477         -0.4103         47.5374

 RMS radius           5.6177          5.4576          5.5551
______________________________________________________________
                     Neutrons        Protons         Total
______________________________________________________________

Beta_{ 2 0}       0.00000000      0.00000000      0.00000000
Beta_{ 2 2}      -0.00000000     -0.00000000     -0.00000000

Beta_{ 4 0}       0.00010356     -0.00000276      0.00010080
Beta_{ 4 2}       0.00000000      0.00000000      0.00000000
Beta_{ 4 4}       0.00006189     -0.00000165      0.00006024

Beta_{ 6 0}       0.00003400     -0.00000088      0.00003312
Beta_{ 6 2}       0.00000000      0.00000000      0.00000000
Beta_{ 6 4}      -0.00006361      0.00000164     -0.00006197
Beta_{ 6 6}       0.00000000      0.00000000      0.00000000

Beta_{ 8 0}       0.00012654     -0.00000671      0.00011984
Beta_{ 8 2}      -0.00000000     -0.00000000     -0.00000000
Beta_{ 8 4}       0.00004758     -0.00000252      0.00004506
Beta_{ 8 6}       0.00000000     -0.00000000      0.00000000
Beta_{ 8 8}       0.00007251     -0.00000384      0.00006866

Beta_{10 0}       0.00003921     -0.00000155      0.00003765
Beta_{10 2}       0.00000000      0.00000000      0.00000001
Beta_{10 4}      -0.00003951      0.00000156     -0.00003795
Beta_{10 6}      -0.00000000      0.00000000     -0.00000000
Beta_{10 8}      -0.00004702      0.00000186     -0.00004516
Beta_{1010}       0.00000000     -0.00000000      0.00000000

______________________________________________________________
                     Neutrons        Protons         Total
______________________________________________________________
Q_{ 2}                0.0000          0.0000          0.0000
Q_{ 4}               17.2061          0.4591         16.7470
Q_{ 6}              616.9310         15.9004        601.0306
Q_{ 8}            57147.7585       3028.1955      54119.5631
Q_{10}          1562202.4275      61811.4503    1500390.9859
______________________________________________________________
                     Neutrons        Protons         Total
______________________________________________________________
Beta_{   2}       0.00000000      0.00000000      0.00000001
Beta_{   4}       0.00013559      0.00000362      0.00013197
Beta_{   6}       0.00009617      0.00000248      0.00009369
Beta_{   8}       0.00017623      0.00000934      0.00016689
Beta_{  10}       0.00009530      0.00000377      0.00009152
______________________________________________________________
 Cart. Moments X              Y              Z
 Cart. N       -0.0000263      0.0000209      0.0000053
 Cart. P       -0.0000168      0.0000020      0.0000148
 Cart. T       -0.0000431      0.0000230      0.0000202
 (Q, gamma)    Q              Gamma
 (Q,g) N        0.0000278    -78.9202935
 (Q,g) P        0.0000184    -36.3129481
 (Q,g) T        0.0000432    -62.1459601
 (iq1, iq2)    iq1            iq2
 iq    N        0.0000211     -0.0000315
 iq    P        0.0000211     -0.0000126
 iq    T        0.0000422     -0.0000441
               X^2            Y^2            Z^2
 X^2_i N     1325.4367772   1325.4367929   1325.4367877
 X^2_i P      814.1459020    814.1459083    814.1459125
 X^2_i T     2139.5826792   2139.5827012   2139.5827002
------------------------------------------------------------
---------------------Rotational properties--------------------
                Rigid rotor          (hbar^2/MeV)
              n              p              t 
 I_R X      63.9210819     39.2633491    103.1844310
 I_R Y      63.9210815     39.2633489    103.1844304
 I_R Z      63.9210816     39.2633488    103.1844305

                Belyaev              (hbar^2/MeV) 
              n              p              t 
 I_B X       0.0000003      0.0000000      0.0000003
 I_B Y       0.0000003      0.0000000      0.0000003
 I_B Z       0.0000002      0.0000000      0.0000002

                Belyaev (collective) (hbar^2/MeV) 
              n              p              t 
 I_B X       0.0000003      0.0000000      0.0000003
 I_B Y       0.0000003      0.0000000      0.0000003
 I_B Z       0.0000002      0.0000000      0.0000002

                 J^2                 (hbar^2)
              n              p              t 
 J2_X        0.0000010      0.0000000      0.0000010
 J2_Y        0.0000010      0.0000000      0.0000010
 J2_Z        0.0000008      0.0000000      0.0000008
 J2_t        0.0000028      0.0000000      0.0000028

                 J^2 (collective)    (hbar^2)
              n              p              t 
 J2_X        0.0000010      0.0000000      0.0000010
 J2_Y        0.0000010      0.0000000      0.0000010
 J2_Z        0.0000008      0.0000000      0.0000008
 J2_t        0.0000028      0.0000000      0.0000028
-------------------------- Pairing -------------------------
                          N         P 
 Fermi Level (MeV)     -5.12024244    -5.80029356
 Particles            126.00000000    82.00000000
 Dispersion             0.00000000     0.00000000
 Average gap   v^2      0.00000000     0.00000000
 Average gap   uv       0.00000000     0.00000000

 HFB convergence:   (N,+)    (N,-)    (P,+)    (P,-)
  r^2-r+k*k^T    =  1.14E-14 1.31E-14 8.20E-15 7.93E-15
  r*k-k*r        =  7.23E-16 1.96E-16 4.06E-16 6.55E-16
------------------------------------------------------------
--------------------------------------------------------------------------------
 Skyrme Energy 
                                    Isoscalar      Isovector   |   Total
--------------------------------------------------------------------------------
                 E_D_I_I_D_I_I  -23149.063810     765.313705  -22383.750105
               E_D_I_I_D_Nm_Nm    1297.563123      32.577181    1330.140304
             E_D_I_I_Lap_D_I_I     317.799566      -2.519764     315.279802
              E_D_I_I_D_I_I_DD   15224.359218    -687.953980   14536.405238
       E_D_I_I_Derm_C_I_NxmSxm     -95.613626      -0.833022     -96.446648
           E_C_I_NmSk_C_I_NmSk       0.000000       0.000000       0.000000
               E_DP_I_I_DP_I_I                                    -0.000000
--------------------------------------------------------------------------------
                 Total Skyrme:                                 -6298.371409
--------------------------------------------------------------------------------
--------------------------------------------------------------------------------
                                     neutron        proton         total
                Kinetic Energy:    2541.207282    1343.520340    3884.727622
                    COM 1-body:     -12.217343      -6.459232     -18.676575

                Coulomb Direct:       0.000000     827.886259     827.886259
                      Exchange:       0.000000     -31.268448     -31.268448

               Pairing (delta):      -0.000000      -0.000000      -0.000000
               Pairing (densi):                                    -0.000000
--------------------------------------------------------------------------------
                  Total energy:                                 -1635.702551
                    from spwfs:                                 -1635.702705
--------------------------------------------------------------------------------
--------------------------------------------------------------------------------
 Iteration =  121
 dt  =   0.0203      mu  =   0.8418  D2H =  0.5E-07
 E   =  -1635.703    DE  =  0.25133E-10
 dmun=  0.0E+00      dmup=  0.0E+00
 Q20 =       0.0000  Q22 =      -0.0000 dQ20=  0.5E-06      dQ22=  0.2E-06
--------------------------------------------------------------------------------
 Iteration =  122
 dt  =   0.0203      mu  =   0.8418  D2H =  0.5E-07
 E   =  -1635.703    DE  =  0.21030E-10
 dmun=  0.0E+00      dmup=  0.0E+00
 Q20 =       0.0000  Q22 =      -0.0000 dQ20=  0.5E-06      dQ22=  0.2E-06
--------------------------------------------------------------------------------
 Iteration =  123
 dt  =   0.0203      mu  =   0.8418  D2H =  0.4E-07
 E   =  -1635.703    DE  =  0.19188E-10
 dmun=  0.0E+00      dmup=  0.0E+00
 Q20 =       0.0000  Q22 =      -0.0000 dQ20=  0.5E-06      dQ22=  0.2E-06
--------------------------------------------------------------------------------
 Iteration =  124
 dt  =   0.0203      mu  =   0.8418  D2H =  0.4E-07
 E   =  -1635.703    DE  =  0.18933E-10
 dmun=  0.0E+00      dmup=  0.0E+00
 Q20 =       0.0000  Q22 =      -0.0000 dQ20=  0.5E-06      dQ22=  0.3E-06
--------------------------------------------------------------------------------
 Iteration =  125
 dt  =   0.0203      mu  =   0.8418  D2H =  0.4E-07
 E   =  -1635.703    DE  =  0.18593E-10
 dmun=  0.0E+00      dmup=  0.0E+00
 Q20 =       0.0000  Q22 =      -0.0000 dQ20=  0.5E-06      dQ22=  0.3E-06
--------------------------------------------------------------------------------
 Iteration =  126
 dt  =   0.0203      mu  =   0.8418  D2H =  0.3E-07
 E   =  -1635.703    DE  =  0.16580E-10
 dmun=  0.0E+00      dmup=  0.0E+00
 Q20 =       0.0000  Q22 =      -0.0000 dQ20=  0.5E-06      dQ22=  0.3E-06
--------------------------------------------------------------------------------
 Iteration =  127
 dt  =   0.0203      mu  =   0.8418  D2H =  0.3E-07
 E   =  -1635.703    DE  =  0.13363E-10
 dmun=  0.0E+00      dmup=  0.0E+00
 Q20 =       0.0000  Q22 =      -0.0000 dQ20=  0.5E-06      dQ22=  0.3E-06
--------------------------------------------------------------------------------
 Iteration =  128
 dt  =   0.0203      mu  =   0.8418  D2H =  0.3E-07
 E   =  -1635.703    DE  =  0.11044E-10
 dmun=  0.0E+00      dmup=  0.0E+00
 Q20 =       0.0000  Q22 =      -0.0000 dQ20=  0.4E-06      dQ22=  0.4E-06
--------------------------------------------------------------------------------
 Iteration =  129
 dt  =   0.0203      mu  =   0.8418  D2H =  0.3E-07
 E   =  -1635.703    DE  =  0.83665E-11
 dmun=  0.0E+00      dmup=  0.0E+00
 Q20 =       0.0000  Q22 =      -0.0000 dQ20=  0.4E-06      dQ22=  0.4E-06
--------------------- Sp wavefunctions -----------------------------------------
________________________________________________________________________________
   Neutron wavefunctions
  i    P   occ       E        d2h    Delta   JxT    JyT    Jz     J
--------------------- Sp wavefunctions -----------------------------------------
  1  1.0  2.0000   -58.022  5.7E-08   0.00  -0.50  -0.50   0.50   0.50
 36 -1.0  2.0000   -51.847  1.3E-08   0.00  -1.00   0.50  -1.00   1.50
 35 -1.0  2.0000   -51.847  1.2E-08   0.00  -0.00  -1.50   0.00   1.50
 37 -1.0  2.0000   -51.251  1.5E-08   0.00   0.50   0.50   0.50   0.50
  3  1.0  2.0000   -44.503  5.4E-09   0.00  -0.87  -0.12  -1.28   2.50
  2  1.0  2.0000   -44.503  5.2E-09   0.00   0.59   0.28   2.16   2.50
  4  1.0  2.0000   -44.503  4.7E-09   0.00  -1.22  -1.66   0.62   2.50
  7  1.0  2.0000   -43.085  4.2E-09   0.00   1.50  -0.00  -0.00   1.50
  6  1.0  2.0000   -43.085  3.9E-09   0.00  -0.50   1.00  -1.00   1.50
  5  1.0  2.0000   -40.609  5.7E-08   0.00  -0.50  -0.50   0.50   0.50
 39 -1.0  2.0000   -36.334  8.9E-09   0.00  -1.38   1.42  -0.75   3.50
 38 -1.0  2.0000   -36.334  9.8E-09   0.00  -0.42  -1.34   1.64   3.50
 41 -1.0  2.0000   -36.334  9.3E-09   0.00  -0.78   1.10  -2.62   3.50
 40 -1.0  2.0000   -36.334  9.0E-09   0.00   0.58  -3.18  -0.27   3.50
 46 -1.0  2.0000   -33.678  3.8E-09   0.00  -0.39   0.97  -1.34   2.50
 45 -1.0  2.0000   -33.678  3.8E-09   0.00  -0.17  -0.33   2.33   2.50
 44 -1.0  2.0000   -33.678  3.7E-09   0.00   2.05   0.87   0.51   2.50
 43 -1.0  2.0000   -30.896  2.2E-08   0.00  -0.23   0.20  -1.47   1.50
 42 -1.0  2.0000   -30.896  2.0E-08   0.00  -0.77  -1.20   0.47   1.50
 47 -1.0  2.0000   -29.696  1.7E-08   0.00   0.50   0.50   0.50   0.50
 12  1.0  2.0000   -27.631  1.2E-08   0.00  -0.37  -3.16   1.38   4.50
 11  1.0  2.0000   -27.631  1.2E-08   0.00  -1.64  -0.73   2.71   4.50
  9  1.0  2.0000   -27.631  1.2E-08   0.00  -0.97   2.33  -2.11   4.50
  8  1.0  2.0000   -27.631  1.1E-08   0.00   0.49  -2.44   1.18   4.50
 10  1.0  2.0000   -27.631  1.1E-08   0.00  -0.01   1.50  -0.66   4.50
 19  1.0  2.0000   -23.347  3.9E-09   0.00  -0.66   1.47  -2.35   3.50
 17  1.0  2.0000   -23.347  3.6E-09   0.00  -0.51  -1.42   1.60   3.50
 18  1.0  2.0000   -23.347  3.9E-09   0.00   3.20  -0.65  -0.46   3.50
 16  1.0  2.0000   -23.347  3.5E-09   0.00  -0.02   2.61  -0.79   3.50
 13  1.0  2.0000   -21.284  1.9E-08   0.00  -0.50  -1.61   1.39   2.50
 15  1.0  2.0000   -21.284  1.9E-08   0.00  -0.03  -1.00   1.18   2.50
 14  1.0  2.0000   -21.284  1.8E-08   0.00  -0.97   1.10  -1.07   2.50
 22  1.0  2.0000   -19.112  9.5E-09   0.00   1.50   0.00   0.00   1.50
 21  1.0  2.0000   -19.112  1.0E-07   0.00  -0.50   1.00  -1.00   1.50
 20  1.0  2.0000   -18.697  1.2E-07   0.00  -0.50  -0.50   0.50   0.50
 49 -1.0  2.0000   -18.644  1.2E-08   0.00  -0.54   2.45  -3.06   5.50
 50 -1.0  2.0000   -18.644  1.2E-08   0.00  -1.10  -1.23  -2.99   5.50
 52 -1.0  2.0000   -18.644  1.3E-08   0.00   2.17  -1.60   1.19   5.50
 51 -1.0  2.0000   -18.644  1.3E-08   0.00  -2.32   0.82   0.64   5.50
 53 -1.0  2.0000   -18.644  1.3E-08   0.00   0.18  -1.31   2.29   5.50
 48 -1.0  2.0000   -18.644  1.1E-08   0.00  -1.38  -2.13  -1.08   5.50
 59 -1.0  2.0000   -12.482  3.2E-08   0.00   0.98   0.23   2.47   4.50
 58 -1.0  2.0000   -12.482  1.4E-08   0.00  -0.40   1.87  -1.03   4.50
 60 -1.0  2.0000   -12.482  1.7E-08   0.00   0.19  -0.73   3.31   4.50
 62 -1.0  2.0000   -12.482  6.3E-09   0.00   2.65   0.12  -1.07   4.50
 61 -1.0  2.0000   -12.482  9.3E-09   0.00  -0.92   1.01  -1.18   4.50
 54 -1.0  2.0000   -12.019  7.8E-08   0.00  -1.58   0.65  -2.23   3.50
 56 -1.0  2.0000   -12.019  6.5E-08   0.00  -2.68  -0.09   0.04   3.50
 55 -1.0  2.0000   -12.019  5.0E-08   0.00   0.50  -2.31  -1.19   3.50
 57 -1.0  2.0000   -12.019  3.5E-08   0.00   1.76  -0.25   1.38   3.50
 25  1.0  2.0000    -9.563  1.9E-08   0.00  -5.36   0.83  -0.80   6.50
 24  1.0  2.0000    -9.563  1.8E-08   0.00   1.16   2.67  -1.30   6.50
 28  1.0  2.0000    -9.563  1.5E-08   0.00   1.54  -2.69   2.20   6.50
 26  1.0  2.0000    -9.563  1.9E-08   0.00  -1.68   0.98  -4.07   6.50
 29  1.0  2.0000    -9.563  1.9E-08   0.00   2.93  -0.16   2.57   6.50
 23  1.0  2.0000    -9.563  1.6E-08   0.00  -0.66  -4.28   2.16   6.50
 27  1.0  2.0000    -9.563  1.6E-08   0.00  -1.45  -0.85   2.75   6.50
 63 -1.0  2.0000    -9.170  6.5E-07   0.00  -1.49   0.09  -0.09   1.50
 64 -1.0  2.0000    -9.170  1.0E-06   0.00   0.49  -1.09  -0.91   1.50
 65 -1.0  2.0000    -9.038  4.6E-07   0.00   2.46  -0.22  -0.22   2.50
 66 -1.0  2.0000    -9.038  7.5E-07   0.00  -0.30  -0.41   2.36   2.50
 67 -1.0  2.0000    -9.037  4.5E-07   0.00  -0.66   2.13  -0.64   2.50
 68 -1.0  2.0000    -8.069  1.6E-07   0.00   0.50   0.50   0.50   0.50
 33  1.0  0.0000    -3.137  8.1E-06   0.00   3.33   0.02   0.02   4.50
 32  1.0  0.0000    -3.136  7.9E-06   0.00  -0.88   2.89  -1.37   4.50
 30  1.0  0.0000    -3.136  8.6E-06   0.00  -0.10  -4.24   0.24   4.50
 31  1.0  0.0000    -3.135  8.8E-06   0.00  -4.37  -0.16   0.17   4.50
 34  1.0  0.0000    -3.134  4.4E-06   0.00  -0.48  -1.01   3.44   4.50
 70 -1.0  0.0000    -0.529  6.1E-08   0.00  -0.09  -1.69  -2.53   7.50
 69 -1.0  0.0000    -0.529  7.4E-08   0.00   0.71  -1.15   2.50   7.50
________________________________________________________________________________
   Proton  wavefunctions
  i    P   occ       E        d2h    Delta   JxT    JyT    Jz     J
--------------------- Sp wavefunctions -----------------------------------------
 71  1.0  2.0000   -44.064  3.8E-09   0.00  -0.50  -0.50   0.50   0.50
 97 -1.0  2.0000   -38.924  7.9E-09   0.00  -0.00  -1.50   0.00   1.50
 98 -1.0  2.0000   -38.924  1.2E-08   0.00  -1.00   0.50  -1.00   1.50
 99 -1.0  2.0000   -38.328  6.1E-09   0.00   0.50   0.50   0.50   0.50
 74  1.0  2.0000   -32.576  7.7E-09   0.00  -1.25   0.76  -1.20   2.50
 73  1.0  2.0000   -32.576  7.6E-09   0.00   0.31  -0.84   1.21   2.50
 72  1.0  2.0000   -32.576  6.3E-09   0.00  -0.55  -1.42   1.49   2.50
 76  1.0  2.0000   -31.144  4.7E-09   0.00   1.45   0.29   0.25   1.50
 75  1.0  2.0000   -31.144  4.8E-09   0.00  -0.45   0.71  -1.25   1.50
 77  1.0  2.0000   -28.333  6.7E-09   0.00  -0.50  -0.50   0.50   0.50
103 -1.0  2.0000   -25.423  1.2E-08   0.00   2.40  -0.06  -0.50   3.50
102 -1.0  2.0000   -25.423  1.1E-08   0.00  -0.23  -2.76   0.83   3.50
101 -1.0  2.0000   -25.423  1.1E-08   0.00  -1.19   1.05  -2.04   3.50
100 -1.0  2.0000   -25.423  9.9E-09   0.00  -2.98  -0.22  -0.29   3.50
105 -1.0  2.0000   -22.765  8.7E-09   0.00   1.89  -0.89  -0.59   2.50
106 -1.0  2.0000   -22.765  8.7E-09   0.00  -0.62   2.18  -0.37   2.50
104 -1.0  2.0000   -22.765  8.0E-09   0.00   0.23   0.21   2.46   2.50
107 -1.0  2.0000   -19.928  1.8E-08   0.00  -0.00  -1.50   0.00   1.50
108 -1.0  2.0000   -19.928  2.0E-08   0.00  -1.00   0.50  -1.00   1.50
109 -1.0  2.0000   -18.829  1.6E-08   0.00   0.50   0.50   0.50   0.50
 81  1.0  2.0000   -17.740  2.0E-08   0.00  -0.84   2.06  -2.44   4.50
 79  1.0  2.0000   -17.740  2.1E-08   0.00   1.70  -1.76   0.80   4.50
 80  1.0  2.0000   -17.740  2.1E-08   0.00  -1.13   1.08   1.16   4.50
 78  1.0  2.0000   -17.740  2.0E-08   0.00  -0.54  -2.37   2.46   4.50
 82  1.0  2.0000   -17.740  1.9E-08   0.00  -1.68  -1.52   0.52   4.50
 85  1.0  2.0000   -13.538  1.7E-08   0.00   0.50  -1.15   1.77   3.50
 83  1.0  2.0000   -13.538  1.6E-08   0.00  -0.89   0.54  -2.12   3.50
 86  1.0  2.0000   -13.538  1.5E-08   0.00   2.87   0.97   0.62   3.50
 84  1.0  2.0000   -13.538  1.5E-08   0.00  -0.48   1.65  -2.27   3.50
 89  1.0  2.0000   -11.460  2.7E-08   0.00  -1.32   0.80  -1.16   2.50
 87  1.0  2.0000   -11.459  2.6E-08   0.00   0.01   0.01   2.50   2.50
 88  1.0  2.0000   -11.459  2.6E-08   0.00  -0.19  -2.32   0.16   2.50
110 -1.0  2.0000    -9.710  2.7E-08   0.00   0.08  -1.44  -2.90   5.50
111 -1.0  2.0000    -9.710  2.5E-08   0.00   0.37   1.18   1.69   5.50
112 -1.0  2.0000    -9.710  2.8E-08   0.00  -0.29  -0.80   3.27   5.50
113 -1.0  2.0000    -9.710  2.9E-08   0.00  -3.04  -0.67   0.84   5.50
115 -1.0  2.0000    -9.710  3.0E-08   0.00  -0.56   1.40  -4.49   5.50
114 -1.0  2.0000    -9.710  2.8E-08   0.00   0.44  -2.67  -1.41   5.50
 90  1.0  2.0000    -9.566  3.8E-08   0.00   1.50   0.00   0.00   1.50
 91  1.0  2.0000    -9.566  2.0E-08   0.00  -0.50   1.00  -1.00   1.50
 92  1.0  2.0000    -8.813  3.6E-08   0.00  -0.50  -0.50   0.50   0.50
117 -1.0  0.0000    -3.804  4.3E-08   0.00  -0.92  -2.40   2.02   4.50
118 -1.0  0.0000    -3.804  4.3E-08   0.00  -0.42   1.85   0.67   4.50
120 -1.0  0.0000    -3.804  8.8E-08   0.00  -0.28   1.78  -2.29   4.50
119 -1.0  0.0000    -3.804  7.6E-08   0.00   1.54   1.23   2.67   4.50
116 -1.0  0.0000    -3.804  5.8E-08   0.00   2.59   0.03  -0.57   4.50
 95  1.0  0.0000    -1.446  4.7E-08   0.00  -1.98  -2.17   0.87   6.50
 93  1.0  0.0000    -1.446  4.4E-08   0.00   0.29  -2.94   0.88   6.50
 94  1.0  0.0000    -1.446  4.6E-08   0.00  -1.20   3.42  -0.95   6.50
 96  1.0  0.0000    -1.446  4.9E-08   0.00   1.01   1.11   2.25   6.50
--------------------------------------------------------------------------------
---------------------------------Quasiparticles---------------------------------
________________________________________________________________________________
Block 1
positive parity neutrons
  N    Eqp     f_n
________________________________________________________________________________
  1   1.98    0.00E+00
  2   1.98    0.00E+00
  3   1.98    0.00E+00
  4   1.99    0.00E+00
  5   1.99    0.00E+00
  6   4.44    0.00E+00
  7   4.44    0.00E+00
  8   4.44    0.00E+00
  9   4.44    0.00E+00
 10   4.44    0.00E+00
 11   4.44    0.00E+00
 12   4.44    0.00E+00
 13  13.58    0.00E+00
 14  13.99    0.00E+00
 15  13.99    0.00E+00
 16  16.16    0.00E+00
 17  16.16    0.00E+00
 18  16.16    0.00E+00
 19  18.23    0.00E+00
 20  18.23    0.00E+00
 21  18.23    0.00E+00
 22  18.23    0.00E+00
 23  22.51    0.00E+00
 24  22.51    0.00E+00
 25  22.51    0.00E+00
 26  22.51    0.00E+00
 27  22.51    0.00E+00
 28  35.49    0.00E+00
 29  37.96    0.00E+00
 30  37.96    0.00E+00
 31  39.38    0.00E+00
 32  39.38    0.00E+00
 33  39.38    0.00E+00
 34  52.90    0.00E+00
________________________________________________________________________________
Block 3
negative parity neutrons
  N    Eqp     f_n
________________________________________________________________________________
  1   2.95    0.00E+00
  2   3.92    0.00E+00
  3   3.92    0.00E+00
  4   3.92    0.00E+00
  5   4.05    0.00E+00
  6   4.05    0.00E+00
  7   4.59    0.00E+00
  8   4.59    0.00E+00
  9   6.90    0.00E+00
 10   6.90    0.00E+00
 11   6.90    0.00E+00
 12   6.90    0.00E+00
 13   7.36    0.00E+00
 14   7.36    0.00E+00
 15   7.36    0.00E+00
 16   7.36    0.00E+00
 17   7.36    0.00E+00
 18  13.52    0.00E+00
 19  13.52    0.00E+00
 20  13.52    0.00E+00
 21  13.52    0.00E+00
 22  13.52    0.00E+00
 23  13.52    0.00E+00
 24  24.58    0.00E+00
 25  25.78    0.00E+00
 26  25.78    0.00E+00
 27  28.56    0.00E+00
 28  28.56    0.00E+00
 29  28.56    0.00E+00
 30  31.21    0.00E+00
 31  31.21    0.00E+00
 32  31.21    0.00E+00
 33  31.21    0.00E+00
 34  46.13    0.00E+00
 35  46.73    0.00E+00
 36  46.73    0.00E+00
________________________________________________________________________________
Block 5
positive parity  protons
  N    Eqp     f_n
________________________________________________________________________________
  1   3.01    0.00E+00
  2   3.77    0.00E+00
  3   3.77    0.00E+00
  4   4.35    0.00E+00
  5   4.35    0.00E+00
  6   4.35    0.00E+00
  7   4.35    0.00E+00
  8   5.66    0.00E+00
  9   5.66    0.00E+00
 10   5.66    0.00E+00
 11   7.74    0.00E+00
 12   7.74    0.00E+00
 13   7.74    0.00E+00
 14   7.74    0.00E+00
 15  11.94    0.00E+00
 16  11.94    0.00E+00
 17  11.94    0.00E+00
 18  11.94    0.00E+00
 19  11.94    0.00E+00
 20  22.53    0.00E+00
 21  25.34    0.00E+00
 22  25.34    0.00E+00
 23  26.78    0.00E+00
 24  26.78    0.00E+00
 25  26.78    0.00E+00
 26  38.26    0.00E+00
________________________________________________________________________________
Block 7
negative parity  protons
  N    Eqp     f_n
________________________________________________________________________________
  1   2.00    0.00E+00
  2   2.00    0.00E+00
  3   2.00    0.00E+00
  4   2.00    0.00E+00
  5   2.00    0.00E+00
  6   3.91    0.00E+00
  7   3.91    0.00E+00
  8   3.91    0.00E+00
  9   3.91    0.00E+00
 10   3.91    0.00E+00
 11   3.91    0.00E+00
 12  13.03    0.00E+00
 13  14.13    0.00E+00
 14  14.13    0.00E+00
 15  16.96    0.00E+00
 16  16.96    0.00E+00
 17  16.96    0.00E+00
 18  19.62    0.00E+00
 19  19.62    0.00E+00
 20  19.62    0.00E+00
 21  19.62    0.00E+00
 22  32.53    0.00E+00
 23  33.12    0.00E+00
 24  33.12    0.00E+00
--------------------------------------------------------------------------------
---------------- Electric Multipole Moments -----------------
Quantisation Axis             : Z
  With secondary axis ordering: X,Y
______________________________________________________________
                     Neutrons        Protons         Total
______________________________________________________________
 Particles          126.0000         82.0000        208.0000

Re  Q_{ 2 0}          0.0000          0.0000          0.0000
Re  Q_{ 2 2}         -0.0000         -0.0000         -0.0000

Re  Q_{ 4 0}         13.1357         -0.3448         12.7909
Re  Q_{ 4 2}          0.0001          0.0001          0.0002
Re  Q_{ 4 4}          7.8500         -0.2061          7.6438

Re  Q_{ 6 0}        218.1463         -5.7342        212.4121
Re  Q_{ 6 2}         -0.0008          0.0016          0.0007
Re  Q_{ 6 4}       -408.1360         10.7171       -397.4189
Re  Q_{ 6 6}          0.0021         -0.0012          0.0009

Re  Q_{ 8 0}      40912.1227      -2201.4849      38710.6377
Re  Q_{ 8 2}          0.1255          0.0709          0.1964
Re  Q_{ 8 4}      15385.2107       -827.9967      14557.2139
Re  Q_{ 8 6}          0.1890          0.0290          0.2180
Re  Q_{ 8 8}      23440.7128      -1261.3437      22179.3691

Re  Q_{10 0}     647308.2917     -26670.2261     620638.0656
Re  Q_{10 2}        -17.3355          3.8423        -13.4932
Re  Q_{10 4}    -652266.1877      26898.4543    -625367.7334
Re  Q_{10 6}        -12.2258         -4.6675        -16.8933
Re  Q_{10 8}    -776358.4438      32011.8392    -744346.6046
Re  Q_{1010}        -16.1324         -0.9569        -17.0893

 RMS radius           5.6177          5.4576          5.5551
______________________________________________________________
                     Neutrons        Protons         Total
______________________________________________________________

Beta_{ 2 0}       0.00000000      0.00000000      0.00000000
Beta_{ 2 2}      -0.00000000     -0.00000000     -0.00000000

Beta_{ 4 0}       0.00010352     -0.00000272      0.00010080
Beta_{ 4 2}       0.00000000      0.00000000      0.00000000
Beta_{ 4 4}       0.00006186     -0.00000162      0.00006024

Beta_{ 6 0}       0.00003401     -0.00000089      0.00003311
Beta_{ 6 2}      -0.00000000      0.00000000      0.00000000
Beta_{ 6 4}      -0.00006362      0.00000167     -0.00006195
Beta_{ 6 6}       0.00000000     -0.00000000      0.00000000

Beta_{ 8 0}       0.00012616     -0.00000679      0.00011937
Beta_{ 8 2}       0.00000000      0.00000000      0.00000000
Beta_{ 8 4}       0.00004744     -0.00000255      0.00004489
Beta_{ 8 6}       0.00000000      0.00000000      0.00000000
Beta_{ 8 8}       0.00007228     -0.00000389      0.00006839

Beta_{10 0}       0.00003949     -0.00000163      0.00003786
Beta_{10 2}      -0.00000000      0.00000000     -0.00000000
Beta_{10 4}      -0.00003979      0.00000164     -0.00003815
Beta_{10 6}      -0.00000000     -0.00000000     -0.00000000
Beta_{10 8}      -0.00004736      0.00000195     -0.00004541
Beta_{1010}      -0.00000000     -0.00000000     -0.00000000

______________________________________________________________
                     Neutrons        Protons         Total
______________________________________________________________
Q_{ 2}                0.0000          0.0000          0.0000
Q_{ 4}               17.1986          0.4515         16.7471
Q_{ 6}              617.0396         16.2047        600.8349
Q_{ 8}            56974.9526       3065.8880      53909.0647
Q_{10}          1573332.5306      64868.1002    1508464.4343
______________________________________________________________
                     Neutrons        Protons         Total
______________________________________________________________
Beta_{   2}       0.00000000      0.00000000      0.00000000
Beta_{   4}       0.00013553      0.00000356      0.00013197
Beta_{   6}       0.00009619      0.00000253      0.00009366
Beta_{   8}       0.00017569      0.00000945      0.00016624
Beta_{  10}       0.00009597      0.00000396      0.00009202
______________________________________________________________
 Cart. Moments X              Y              Z
 Cart. N       -0.0000153      0.0000109      0.0000044
 Cart. P       -0.0000091      0.0000077      0.0000014
 Cart. T       -0.0000244      0.0000186      0.0000057
 (Q, gamma)    Q              Gamma
 (Q,g) N        0.0000157    -73.8924788
 (Q,g) P        0.0000098    -81.9602650
 (Q,g) T        0.0000255    -76.9868358
 (iq1, iq2)    iq1            iq2
 iq    N        0.0000131     -0.0000175
 iq    P        0.0000070     -0.0000112
 iq    T        0.0000201     -0.0000287
               X^2            Y^2            Z^2
 X^2_i N     1325.4381719   1325.4381806   1325.4381784
 X^2_i P      814.1465417    814.1465473    814.1465452
 X^2_i T     2139.5847136   2139.5847279   2139.5847236
------------------------------------------------------------
---------------------Rotational properties--------------------
                Rigid rotor          (hbar^2/MeV)
              n              p              t 
 I_R X      63.9211489     39.2633798    103.1845286
 I_R Y      63.9211487     39.2633796    103.1845283
 I_R Z      63.9211487     39.2633797    103.1845284

                Belyaev              (hbar^2/MeV) 
              n              p              t 
 I_B X       0.0000003      0.0000000      0.0000003
 I_B Y       0.0000003      0.0000000      0.0000003
 I_B Z       0.0000002      0.0000000      0.0000002

                Belyaev (collective) (hbar^2/MeV) 
              n              p              t 
 I_B X       0.0000003      0.0000000      0.0000003
 I_B Y       0.0000003      0.0000000      0.0000003
 I_B Z       0.0000002      0.0000000      0.0000002

                 J^2                 (hbar^2)
              n              p              t 
 J2_X        0.0000010      0.0000000      0.0000010
 J2_Y        0.0000010      0.0000000      0.0000010
 J2_Z        0.0000008      0.0000000      0.0000008
 J2_t        0.0000028      0.0000000      0.0000028

                 J^2 (collective)    (hbar^2)
              n              p              t 
 J2_X        0.0000010      0.0000000      0.0000010
 J2_Y        0.0000010      0.0000000      0.0000010
 J2_Z        0.0000008      0.0000000      0.0000008
 J2_t        0.0000028      0.0000000      0.0000028
-------------------------- Pairing -------------------------
                          N         P 
 Fermi Level (MeV)     -5.12024244    -5.80029356
 Particles            126.00000000    82.00000000
 Dispersion            -0.00000000    -0.00000000
 Average gap   v^2      0.00000000     0.00000000
 Average gap   uv       0.00000000     0.00000000

 HFB convergence:   (N,+)    (N,-)    (P,+)    (P,-)
  r^2-r+k*k^T    =  1.09E-14 1.30E-14 8.97E-15 8.01E-15
  r*k-k*r        =  8.41E-16 2.18E-16 4.05E-16 6.82E-16
------------------------------------------------------------
--------------------------------------------------------------------------------
 Skyrme Energy 
                                    Isoscalar      Isovector   |   Total
--------------------------------------------------------------------------------
                 E_D_I_I_D_I_I  -23149.030640     765.312116  -22383.718524
               E_D_I_I_D_Nm_Nm    1297.560094      32.577075    1330.137168
             E_D_I_I_Lap_D_I_I     317.798585      -2.519754     315.278831
              E_D_I_I_D_I_I_DD   15224.334018    -687.952336   14536.381683
       E_D_I_I_Derm_C_I_NxmSxm     -95.613250      -0.833018     -96.446268
           E_C_I_NmSk_C_I_NmSk       0.000000       0.000000       0.000000
               E_DP_I_I_DP_I_I                                    -0.000000
--------------------------------------------------------------------------------
                 Total Skyrme:                                 -6298.367109
--------------------------------------------------------------------------------
--------------------------------------------------------------------------------
                                     neutron        proton         total
                Kinetic Energy:    2541.204530    1343.519074    3884.723604
                    COM 1-body:     -12.217329      -6.459226     -18.676556

                Coulomb Direct:       0.000000     827.885944     827.885944
                      Exchange:       0.000000     -31.268435     -31.268435

               Pairing (delta):      -0.000000       0.000000       0.000000
               Pairing (densi):                                    -0.000000
--------------------------------------------------------------------------------
                  Total energy:                                 -1635.702551
                    from spwfs:                                 -1635.702577
--------------------------------------------------------------------------------
--------------------------------------------------------------------------------
 Iteration =  131
 dt  =   0.0203      mu  =   0.8418  D2H =  0.2E-07
 E   =  -1635.703    DE  =  0.40352E-11
 dmun=  0.0E+00      dmup=  0.0E+00
 Q20 =       0.0000  Q22 =      -0.0000 dQ20=  0.3E-06      dQ22=  0.4E-06
--------------------------------------------------------------------------------
 Iteration =  132
 dt  =   0.0203      mu  =   0.8418  D2H =  0.2E-07
 E   =  -1635.703    DE  =  0.25661E-11
 dmun=  0.0E+00      dmup=  0.0E+00
 Q20 =       0.0000  Q22 =      -0.0000 dQ20=  0.2E-06      dQ22=  0.4E-06
--------------------- Sp wavefunctions -----------------------------------------
________________________________________________________________________________
   Neutron wavefunctions
  i    P   occ       E        d2h    Delta   JxT    JyT    Jz     J
--------------------- Sp wavefunctions -----------------------------------------
  1  1.0  2.0000   -58.022  1.7E-08   0.00  -0.50  -0.50   0.50   0.50
 36 -1.0  2.0000   -51.847  1.2E-08   0.00  -1.00   0.50  -1.00   1.50
 35 -1.0  2.0000   -51.847  1.0E-08   0.00  -0.00  -1.50   0.00   1.50
 37 -1.0  2.0000   -51.251  9.1E-09   0.00   0.50   0.50   0.50   0.50
  3  1.0  2.0000   -44.503  4.5E-09   0.00  -0.87  -0.12  -1.28   2.50
  2  1.0  2.0000   -44.503  4.6E-09   0.00   0.59   0.28   2.16   2.50
  4  1.0  2.0000   -44.503  4.4E-09   0.00  -1.22  -1.66   0.62   2.50
  7  1.0  2.0000   -43.085  2.4E-09   0.00   1.50  -0.00  -0.00   1.50
  6  1.0  2.0000   -43.085  2.2E-09   0.00  -0.50   1.00  -1.00   1.50
  5  1.0  2.0000   -40.609  2.2E-08   0.00  -0.50  -0.50   0.50   0.50
 39 -1.0  2.0000   -36.334  5.8E-09   0.00  -1.38   1.42  -0.75   3.50
 38 -1.0  2.0000   -36.334  5.5E-09   0.00  -0.42  -1.34   1.64   3.50
 41 -1.0  2.0000   -36.334  5.6E-09   0.00  -0.78   1.10  -2.62   3.50
 40 -1.0  2.0000   -36.334  5.7E-09   0.00   0.58  -3.18  -0.27   3.50
 46 -1.0  2.0000   -33.678  2.5E-09   0.00  -0.39   0.97  -1.34   2.50
 45 -1.0  2.0000   -33.678  2.5E-09   0.00  -0.17  -0.33   2.33   2.50
 44 -1.0  2.0000   -33.678  2.4E-09   0.00   2.05   0.87   0.51   2.50
 43 -1.0  2.0000   -30.896  1.7E-08   0.00  -0.23   0.20  -1.47   1.50
 42 -1.0  2.0000   -30.896  1.6E-08   0.00  -0.77  -1.20   0.47   1.50
 47 -1.0  2.0000   -29.696  1.0E-08   0.00   0.50   0.50   0.50   0.50
 12  1.0  2.0000   -27.631  6.3E-09   0.00  -0.37  -3.16   1.38   4.50
 11  1.0  2.0000   -27.631  6.5E-09   0.00  -1.64  -0.73   2.71   4.50
  9  1.0  2.0000   -27.631  5.9E-09   0.00  -0.97   2.33  -2.11   4.50
  8  1.0  2.0000   -27.631  6.0E-09   0.00   0.49  -2.44   1.18   4.50
 10  1.0  2.0000   -27.631  6.2E-09   0.00  -0.01   1.50  -0.66   4.50
 19  1.0  2.0000   -23.347  2.8E-09   0.00  -0.66   1.47  -2.35   3.50
 17  1.0  2.0000   -23.347  2.2E-09   0.00  -0.51  -1.42   1.60   3.50
 18  1.0  2.0000   -23.347  2.7E-09   0.00   3.20  -0.65  -0.46   3.50
 16  1.0  2.0000   -23.347  2.2E-09   0.00  -0.02   2.61  -0.79   3.50
 13  1.0  2.0000   -21.284  1.1E-08   0.00  -0.50  -1.61   1.39   2.50
 15  1.0  2.0000   -21.284  1.2E-08   0.00  -0.03  -1.00   1.18   2.50
 14  1.0  2.0000   -21.284  1.3E-08   0.00  -0.97   1.10  -1.07   2.50
 22  1.0  2.0000   -19.112  6.6E-09   0.00   1.50   0.00   0.00   1.50
 21  1.0  2.0000   -19.112  9.4E-08   0.00  -0.50   1.00  -1.00   1.50
 20  1.0  2.0000   -18.697  9.9E-08   0.00  -0.50  -0.50   0.50   0.50
 49 -1.0  2.0000   -18.644  9.3E-09   0.00  -0.54   2.45  -3.06   5.50
 50 -1.0  2.0000   -18.644  9.4E-09   0.00  -1.10  -1.23  -2.99   5.50
 52 -1.0  2.0000   -18.644  9.6E-09   0.00   2.17  -1.60   1.19   5.50
 51 -1.0  2.0000   -18.644  8.6E-09   0.00  -2.32   0.82   0.64   5.50
 53 -1.0  2.0000   -18.644  8.3E-09   0.00   0.18  -1.31   2.29   5.50
 48 -1.0  2.0000   -18.644  8.8E-09   0.00  -1.38  -2.13  -1.08   5.50
 59 -1.0  2.0000   -12.482  3.0E-08   0.00   0.98   0.23   2.47   4.50
 58 -1.0  2.0000   -12.482  1.3E-08   0.00  -0.40   1.87  -1.03   4.50
 60 -1.0  2.0000   -12.482  1.6E-08   0.00   0.19  -0.73   3.31   4.50
 62 -1.0  2.0000   -12.482  5.4E-09   0.00   2.65   0.12  -1.07   4.50
 61 -1.0  2.0000   -12.482  8.3E-09   0.00  -0.92   1.01  -1.18   4.50
 54 -1.0  2.0000   -12.019  6.9E-08   0.00  -1.58   0.65  -2.23   3.50
 56 -1.0  2.0000   -12.019  5.7E-08   0.00  -2.68  -0.09   0.04   3.50
 55 -1.0  2.0000   -12.019  4.2E-08   0.00   0.50  -2.31  -1.19   3.50
 57 -1.0  2.0000   -12.019  2.8E-08   0.00   1.76  -0.25   1.38   3.50
 25  1.0  2.0000    -9.563  1.5E-08   0.00  -5.36   0.83  -0.80   6.50
 24  1.0  2.0000    -9.563  1.2E-08   0.00   1.16   2.67  -1.30   6.50
 28  1.0  2.0000    -9.563  8.6E-09   0.00   1.54  -2.69   2.20   6.50
 26  1.0  2.0000    -9.563  1.3E-08   0.00  -1.68   0.98  -4.07   6.50
 29  1.0  2.0000    -9.563  1.4E-08   0.00   2.93  -0.16   2.57   6.50
 23  1.0  2.0000    -9.563  1.1E-08   0.00  -0.66  -4.28   2.16   6.50
 27  1.0  2.0000    -9.563  1.0E-08   0.00  -1.45  -0.85   2.75   6.50
 63 -1.0  2.0000    -9.170  6.3E-07   0.00  -1.49   0.09  -0.09   1.50
 64 -1.0  2.0000    -9.170  9.6E-07   0.00   0.49  -1.09  -0.91   1.50
 65 -1.0  2.0000    -9.038  4.5E-07   0.00   2.46  -0.22  -0.22   2.50
 66 -1.0  2.0000    -9.038  7.4E-07   0.00  -0.30  -0.41   2.36   2.50
 67 -1.0  2.0000    -9.037  4.5E-07   0.00  -0.66   2.13  -0.64   2.50
 68 -1.0  2.0000    -8.069  1.3E-07   0.00   0.50   0.50   0.50   0.50
 33  1.0  0.0000    -3.137  8.1E-06   0.00   3.33   0.02   0.02   4.50
 32  1.0  0.0000    -3.136  7.8E-06   0.00  -0.88   2.89  -1.37   4.50
 30  1.0  0.0000    -3.135  8.6E-06   0.00  -0.10  -4.24   0.24   4.50
 31  1.0  0.0000    -3.135  8.8E-06   0.00  -4.37  -0.16   0.17   4.50
 34  1.0  0.0000    -3.134  4.3E-06   0.00  -0.48  -1.01   3.44   4.50
 70 -1.0  0.0000    -0.529  5.5E-08   0.00  -0.09  -1.69  -2.53   7.50
 69 -1.0  0.0000    -0.529  6.9E-08   0.00   0.71  -1.15   2.50   7.50
________________________________________________________________________________
   Proton  wavefunctions
  i    P   occ       E        d2h    Delta   JxT    JyT    Jz     J
--------------------- Sp wavefunctions -----------------------------------------
 71  1.0  2.0000   -44.064  1.2E-08   0.00  -0.50  -0.50   0.50   0.50
 97 -1.0  2.0000   -38.924  2.2E-09   0.00  -0.00  -1.50   0.00   1.50
 98 -1.0  2.0000   -38.924  5.5E-09   0.00  -1.00   0.50  -1.00   1.50
 99 -1.0  2.0000   -38.328  7.0E-09   0.00   0.50   0.50   0.50   0.50
 74  1.0  2.0000   -32.576  6.9E-09   0.00  -1.25   0.76  -1.20   2.50
 73  1.0  2.0000   -32.576  7.3E-09   0.00   0.31  -0.84   1.21   2.50
 72  1.0  2.0000   -32.576  6.4E-09   0.00  -0.55  -1.42   1.49   2.50
 76  1.0  2.0000   -31.144  3.2E-09   0.00   1.45   0.29   0.25   1.50
 75  1.0  2.0000   -31.144  3.2E-09   0.00  -0.45   0.71  -1.25   1.50
 77  1.0  2.0000   -28.333  9.7E-09   0.00  -0.50  -0.50   0.50   0.50
103 -1.0  2.0000   -25.423  6.3E-09   0.00   2.40  -0.06  -0.50   3.50
102 -1.0  2.0000   -25.423  6.3E-09   0.00  -0.23  -2.76   0.83   3.50
101 -1.0  2.0000   -25.423  6.3E-09   0.00  -1.19   1.05  -2.04   3.50
100 -1.0  2.0000   -25.423  5.1E-09   0.00  -2.98  -0.22  -0.29   3.50
105 -1.0  2.0000   -22.765  6.2E-09   0.00   1.89  -0.89  -0.59   2.50
106 -1.0  2.0000   -22.765  6.1E-09   0.00  -0.62   2.18  -0.37   2.50
104 -1.0  2.0000   -22.765  5.1E-09   0.00   0.23   0.21   2.46   2.50
108 -1.0  2.0000   -19.928  8.2E-09   0.00  -1.00   0.50  -1.00   1.50
107 -1.0  2.0000   -19.928  7.1E-09   0.00  -0.00  -1.50   0.00   1.50
109 -1.0  2.0000   -18.829  9.0E-09   0.00   0.50   0.50   0.50   0.50
 81  1.0  2.0000   -17.740  1.3E-08   0.00  -0.84   2.06  -2.44   4.50
 79  1.0  2.0000   -17.740  1.5E-08   0.00   1.70  -1.76   0.80   4.50
 80  1.0  2.0000   -17.740  1.4E-08   0.00  -1.13   1.08   1.16   4.50
 78  1.0  2.0000   -17.740  1.4E-08   0.00  -0.54  -2.37   2.46   4.50
 82  1.0  2.0000   -17.740  1.3E-08   0.00  -1.68  -1.52   0.52   4.50
 85  1.0  2.0000   -13.538  1.1E-08   0.00   0.50  -1.15   1.77   3.50
 83  1.0  2.0000   -13.538  1.1E-08   0.00  -0.89   0.54  -2.12   3.50
 86  1.0  2.0000   -13.538  9.5E-09   0.00   2.87   0.97   0.62   3.50
 84  1.0  2.0000   -13.538  9.2E-09   0.00  -0.48   1.65  -2.27   3.50
 89  1.0  2.0000   -11.460  1.7E-08   0.00  -1.32   0.80  -1.16   2.50
 87  1.0  2.0000   -11.459  1.8E-08   0.00   0.01   0.01   2.50   2.50
 88  1.0  2.0000   -11.459  1.8E-08   0.00  -0.19  -2.32   0.16   2.50
110 -1.0  2.0000    -9.710  2.1E-08   0.00   0.08  -1.44  -2.90   5.50
111 -1.0  2.0000    -9.710  2.2E-08   0.00   0.37   1.18   1.69   5.50
112 -1.0  2.0000    -9.710  2.1E-08   0.00  -0.29  -0.80   3.27   5.50
113 -1.0  2.0000    -9.710  2.0E-08   0.00  -3.04  -0.67   0.84   5.50
115 -1.0  2.0000    -9.710  2.0E-08   0.00  -0.56   1.40  -4.49   5.50
114 -1.0  2.0000    -9.710  2.1E-08   0.00   0.44  -2.67  -1.41   5.50
 90  1.0  2.0000    -9.566  3.2E-08   0.00   1.50   0.00   0.00   1.50
 91  1.0  2.0000    -9.566  1.6E-08   0.00  -0.50   1.00  -1.00   1.50
 92  1.0  2.0000    -8.813  3.8E-08   0.00  -0.50  -0.50   0.50   0.50
117 -1.0  0.0000    -3.804  3.0E-08   0.00  -0.92  -2.40   2.02   4.50
118 -1.0  0.0000    -3.804  2.9E-08   0.00  -0.42   1.85   0.67   4.50
120 -1.0  0.0000    -3.804  7.0E-08   0.00  -0.28   1.78  -2.29   4.50
119 -1.0  0.0000    -3.804  5.8E-08   0.00   1.54   1.23   2.67   4.50
116 -1.0  0.0000    -3.804  4.2E-08   0.00   2.59   0.03  -0.57   4.50
 95  1.0  0.0000    -1.446  2.6E-08   0.00  -1.98  -2.17   0.87   6.50
 93  1.0  0.0000    -1.446  2.2E-08   0.00   0.29  -2.94   0.88   6.50
 94  1.0  0.0000    -1.446  2.2E-08   0.00  -1.20   3.42  -0.95   6.50
 96  1.0  0.0000    -1.446  2.1E-08   0.00   1.01   1.11   2.25   6.50
--------------------------------------------------------------------------------
---------------------------------Quasiparticles---------------------------------
________________________________________________________________________________
Block 1
positive parity neutrons
  N    Eqp     f_n
________________________________________________________________________________
  1   1.98    0.00E+00
  2   1.98    0.00E+00
  3   1.98    0.00E+00
  4   1.99    0.00E+00
  5   1.99    0.00E+00
  6   4.44    0.00E+00
  7   4.44    0.00E+00
  8   4.44    0.00E+00
  9   4.44    0.00E+00
 10   4.44    0.00E+00
 11   4.44    0.00E+00
 12   4.44    0.00E+00
 13  13.58    0.00E+00
 14  13.99    0.00E+00
 15  13.99    0.00E+00
 16  16.16    0.00E+00
 17  16.16    0.00E+00
 18  16.16    0.00E+00
 19  18.23    0.00E+00
 20  18.23    0.00E+00
 21  18.23    0.00E+00
 22  18.23    0.00E+00
 23  22.51    0.00E+00
 24  22.51    0.00E+00
 25  22.51    0.00E+00
 26  22.51    0.00E+00
 27  22.51    0.00E+00
 28  35.49    0.00E+00
 29  37.96    0.00E+00
 30  37.96    0.00E+00
 31  39.38    0.00E+00
 32  39.38    0.00E+00
 33  39.38    0.00E+00
 34  52.90    0.00E+00
________________________________________________________________________________
Block 3
negative parity neutrons
  N    Eqp     f_n
________________________________________________________________________________
  1   2.95    0.00E+00
  2   3.92    0.00E+00
  3   3.92    0.00E+00
  4   3.92    0.00E+00
  5   4.05    0.00E+00
  6   4.05    0.00E+00
  7   4.59    0.00E+00
  8   4.59    0.00E+00
  9   6.90    0.00E+00
 10   6.90    0.00E+00
 11   6.90    0.00E+00
 12   6.90    0.00E+00
 13   7.36    0.00E+00
 14   7.36    0.00E+00
 15   7.36    0.00E+00
 16   7.36    0.00E+00
 17   7.36    0.00E+00
 18  13.52    0.00E+00
 19  13.52    0.00E+00
 20  13.52    0.00E+00
 21  13.52    0.00E+00
 22  13.52    0.00E+00
 23  13.52    0.00E+00
 24  24.58    0.00E+00
 25  25.78    0.00E+00
 26  25.78    0.00E+00
 27  28.56    0.00E+00
 28  28.56    0.00E+00
 29  28.56    0.00E+00
 30  31.21    0.00E+00
 31  31.21    0.00E+00
 32  31.21    0.00E+00
 33  31.21    0.00E+00
 34  46.13    0.00E+00
 35  46.73    0.00E+00
 36  46.73    0.00E+00
________________________________________________________________________________
Block 5
positive parity  protons
  N    Eqp     f_n
________________________________________________________________________________
  1   3.01    0.00E+00
  2   3.77    0.00E+00
  3   3.77    0.00E+00
  4   4.35    0.00E+00
  5   4.35    0.00E+00
  6   4.35    0.00E+00
  7   4.35    0.00E+00
  8   5.66    0.00E+00
  9   5.66    0.00E+00
 10   5.66    0.00E+00
 11   7.74    0.00E+00
 12   7.74    0.00E+00
 13   7.74    0.00E+00
 14   7.74    0.00E+00
 15  11.94    0.00E+00
 16  11.94    0.00E+00
 17  11.94    0.00E+00
 18  11.94    0.00E+00
 19  11.94    0.00E+00
 20  22.53    0.00E+00
 21  25.34    0.00E+00
 22  25.34    0.00E+00
 23  26.78    0.00E+00
 24  26.78    0.00E+00
 25  26.78    0.00E+00
 26  38.26    0.00E+00
________________________________________________________________________________
Block 7
negative parity  protons
  N    Eqp     f_n
________________________________________________________________________________
  1   2.00    0.00E+00
  2   2.00    0.00E+00
  3   2.00    0.00E+00
  4   2.00    0.00E+00
  5   2.00    0.00E+00
  6   3.91    0.00E+00
  7   3.91    0.00E+00
  8   3.91    0.00E+00
  9   3.91    0.00E+00
 10   3.91    0.00E+00
 11   3.91    0.00E+00
 12  13.03    0.00E+00
 13  14.13    0.00E+00
 14  14.13    0.00E+00
 15  16.96    0.00E+00
 16  16.96    0.00E+00
 17  16.96    0.00E+00
 18  19.62    0.00E+00
 19  19.62    0.00E+00
 20  19.62    0.00E+00
 21  19.62    0.00E+00
 22  32.53    0.00E+00
 23  33.12    0.00E+00
 24  33.12    0.00E+00
--------------------------------------------------------------------------------
---------------- Electric Multipole Moments -----------------
Quantisation Axis             : Z
  With secondary axis ordering: X,Y
______________________________________________________________
                     Neutrons        Protons         Total
______________________________________________________________
 Particles          126.0000         82.0000        208.0000

Re  Q_{ 2 0}          0.0000          0.0000          0.0000
Re  Q_{ 2 2}         -0.0000         -0.0000         -0.0000

Re  Q_{ 4 0}         13.1396         -0.3456         12.7940
Re  Q_{ 4 2}          0.0001          0.0001          0.0002
Re  Q_{ 4 4}          7.8523         -0.2066          7.6458

Re  Q_{ 6 0}        218.2237         -5.7032        212.5205
Re  Q_{ 6 2}         -0.0021          0.0019         -0.0002
Re  Q_{ 6 4}       -408.2783         10.6589       -397.6193
Re  Q_{ 6 6}          0.0005         -0.0013         -0.0008

Re  Q_{ 8 0}      40945.5263      -2198.1929      38747.3334
Re  Q_{ 8 2}          0.2185          0.0780          0.2965
Re  Q_{ 8 4}      15397.7693       -826.5913      14571.1780
Re  Q_{ 8 6}         -0.0815          0.0346         -0.0469
Re  Q_{ 8 8}      23459.9339      -1259.3932      22200.5407

Re  Q_{10 0}     646062.4573     -26247.9688     619814.4885
Re  Q_{10 2}        -27.2118          5.0594        -22.1524
Re  Q_{10 4}    -650995.0634      26459.3446    -624535.7189
Re  Q_{10 6}         20.7870         -0.7106         20.0764
Re  Q_{10 8}    -774889.6390      31503.8911    -743385.7479
Re  Q_{1010}        -27.0579         -0.6753        -27.7332

 RMS radius           5.6177          5.4576          5.5551
______________________________________________________________
                     Neutrons        Protons         Total
______________________________________________________________

Beta_{ 2 0}       0.00000000      0.00000000      0.00000000
Beta_{ 2 2}      -0.00000000     -0.00000000     -0.00000000

Beta_{ 4 0}       0.00010355     -0.00000272      0.00010082
Beta_{ 4 2}       0.00000000      0.00000000      0.00000000
Beta_{ 4 4}       0.00006188     -0.00000163      0.00006025

Beta_{ 6 0}       0.00003402     -0.00000089      0.00003313
Beta_{ 6 2}      -0.00000000      0.00000000     -0.00000000
Beta_{ 6 4}      -0.00006365      0.00000166     -0.00006198
Beta_{ 6 6}       0.00000000     -0.00000000     -0.00000000

Beta_{ 8 0}       0.00012626     -0.00000678      0.00011949
Beta_{ 8 2}       0.00000000      0.00000000      0.00000000
Beta_{ 8 4}       0.00004748     -0.00000255      0.00004493
Beta_{ 8 6}      -0.00000000      0.00000000     -0.00000000
Beta_{ 8 8}       0.00007234     -0.00000388      0.00006846

Beta_{10 0}       0.00003941     -0.00000160      0.00003781
Beta_{10 2}      -0.00000000      0.00000000     -0.00000000
Beta_{10 4}      -0.00003971      0.00000161     -0.00003810
Beta_{10 6}       0.00000000     -0.00000000      0.00000000
Beta_{10 8}      -0.00004727      0.00000192     -0.00004535
Beta_{1010}      -0.00000000     -0.00000000     -0.00000000

______________________________________________________________
                     Neutrons        Protons         Total
______________________________________________________________
Q_{ 2}                0.0000          0.0000          0.0000
Q_{ 4}               17.2037          0.4525         16.7512
Q_{ 6}              617.2551         16.1168        601.1383
Q_{ 8}            57021.5373       3061.1601      53960.3773
Q_{10}          1570316.4500      63828.9907    1506487.4617
______________________________________________________________
                     Neutrons        Protons         Total
______________________________________________________________
Beta_{   2}       0.00000000      0.00000000      0.00000000
Beta_{   4}       0.00013557      0.00000357      0.00013201
Beta_{   6}       0.00009622      0.00000251      0.00009371
Beta_{   8}       0.00017584      0.00000944      0.00016640
Beta_{  10}       0.00009579      0.00000389      0.00009190
______________________________________________________________
 Cart. Moments X              Y              Z
 Cart. N       -0.0000113      0.0000107      0.0000006
 Cart. P       -0.0000076      0.0000048      0.0000028
 Cart. T       -0.0000190      0.0000155      0.0000034
 (Q, gamma)    Q              Gamma
 (Q,g) N        0.0000127    -87.1793871
 (Q,g) P        0.0000077    -68.6630143
 (Q,g) T        0.0000202    -80.2052706
 (iq1, iq2)    iq1            iq2
 iq    N        0.0000080     -0.0000147
 iq    P        0.0000070     -0.0000083
 iq    T        0.0000149     -0.0000230
               X^2            Y^2            Z^2
 X^2_i N     1325.4381515   1325.4381588   1325.4381554
 X^2_i P      814.1465096    814.1465138    814.1465131
 X^2_i T     2139.5846611   2139.5846726   2139.5846685
------------------------------------------------------------
---------------------Rotational properties--------------------
                Rigid rotor          (hbar^2/MeV)
              n              p              t 
 I_R X      63.9211478     39.2633782    103.1845260
 I_R Y      63.9211476     39.2633781    103.1845257
 I_R Z      63.9211477     39.2633781    103.1845258

                Belyaev              (hbar^2/MeV) 
              n              p              t 
 I_B X       0.0000003      0.0000000      0.0000003
 I_B Y       0.0000003      0.0000000      0.0000003
 I_B Z       0.0000002      0.0000000      0.0000002

                Belyaev (collective) (hbar^2/MeV) 
              n              p              t 
 I_B X       0.0000003      0.0000000      0.0000003
 I_B Y       0.0000003      0.0000000      0.0000003
 I_B Z       0.0000002      0.0000000      0.0000002

                 J^2                 (hbar^2)
              n              p              t 
 J2_X        0.0000010      0.0000000      0.0000010
 J2_Y        0.0000010      0.0000000      0.0000010
 J2_Z        0.0000008      0.0000000      0.0000008
 J2_t        0.0000028      0.0000000      0.0000028

                 J^2 (collective)    (hbar^2)
              n              p              t 
 J2_X        0.0000010      0.0000000      0.0000010
 J2_Y        0.0000010      0.0000000      0.0000010
 J2_Z        0.0000008      0.0000000      0.0000008
 J2_t        0.0000028      0.0000000      0.0000028
-------------------------- Pairing -------------------------
                          N         P 
 Fermi Level (MeV)     -5.12024244    -5.80029356
 Particles            126.00000000    82.00000000
 Dispersion             0.00000000     0.00000000
 Average gap   v^2      0.00000000     0.00000000
 Average gap   uv       0.00000000     0.00000000

 HFB convergence:   (N,+)    (N,-)    (P,+)    (P,-)
  r^2-r+k*k^T    =  1.08E-14 1.16E-14 8.58E-15 8.20E-15
  r*k-k*r        =  9.78E-16 1.65E-16 6.21E-16 7.09E-16
------------------------------------------------------------
--------------------------------------------------------------------------------
 Skyrme Energy 
                                    Isoscalar      Isovector   |   Total
--------------------------------------------------------------------------------
                 E_D_I_I_D_I_I  -23149.032623     765.312127  -22383.720496
               E_D_I_I_D_Nm_Nm    1297.560234      32.577074    1330.137308
             E_D_I_I_Lap_D_I_I     317.798714      -2.519753     315.278961
              E_D_I_I_D_I_I_DD   15224.335493    -687.952339   14536.383153
       E_D_I_I_Derm_C_I_NxmSxm     -95.613316      -0.833015     -96.446331
           E_C_I_NmSk_C_I_NmSk       0.000000       0.000000       0.000000
               E_DP_I_I_DP_I_I                                    -0.000000
--------------------------------------------------------------------------------
                 Total Skyrme:                                 -6298.367405
--------------------------------------------------------------------------------
--------------------------------------------------------------------------------
                                     neutron        proton         total
                Kinetic Energy:    2541.204678    1343.519209    3884.723887
                    COM 1-body:     -12.217330      -6.459227     -18.676557

                Coulomb Direct:       0.000000     827.885960     827.885960
                      Exchange:       0.000000     -31.268436     -31.268436

               Pairing (delta):      -0.000000      -0.000000      -0.000000
               Pairing (densi):                                    -0.000000
--------------------------------------------------------------------------------
                  Total energy:                                 -1635.702551
                    from spwfs:                                 -1635.702546
--------------------------------------------------------------------------------
----------------------------------
| Convergence criteria satisfied.|
| Needed  133 iterations.        |
| dE <  0.100E-10                | 
| dQ <  0.100E-04                | 
| dH <  0.100E-04                | 
| Ending the iterative proces.   |
----------------------------------
id Timer name                                # of calls      time (s)  % total
__ ________________________________________  __________  ____________  _______
   TOTAL                                              -      128.5912  100.00%
 1 Tantalus                                           1      128.5912  100.00%
     (internal)                                       -        8.9493    6.96%
 2   HF-basis Derivatives                           134       25.5764   19.89%
 4   Spwf evolution                                 133       32.6960   25.43%
       (internal)                                     -        1.7538    1.36%
 5     Orthonormalization                           133        8.6681    6.74%
13     Sp. Hamiltonian                            16499       22.2741   17.32%
 6   Density calculations                           134       42.5119   33.06%
       (internal)                                     -        0.0155    0.01%
 3     Canonical basis Derivatives                  134       25.5577   19.88%
 7     Density: pp                                  134        5.0356    3.92%
 8     Density: ph                                  134        5.4243    4.22%
 9     Density: derivatives                         134        0.8280    0.64%
15     Can. basis construction                      134        5.6509    4.39%
10   Field calculations                             134        3.8111    2.96%
       (internal)                                     -        2.1678    1.69%
14     Coulomb solver                               134        1.6433    1.28%
11   Energy calculations                            134       11.5761    9.00%
       (internal)                                     -        1.0848    0.84%
16     Moments of inertia                            14       10.4913    8.16%
12   Pairing solver                                 136        3.4704    2.70%
__ ________________________________________  __________  ____________  _______
