

         ___________________________________________________________
        |                                                          |
        | MOCCa v2.0 =                                             |
        |                                                          |
        |  #######   ##   #    # #####   ##   #      #    #  ####  |
        |     #     #  #  ##   #   #    #  #  #      #    # #      |
        |     #    #    # # #  #   #   #    # #      #    #  ####  |
        |     #    ###### #  # #   #   ###### #      #    #      # |
        |     #    #    # #   ##   #   #    # #      #    # #    # |
        |     #    #    # #    #   #   #    # ######  ####   ####  |
        |                                                          |
        |  Copyright  P.-H. Heenen, M. Bender & W. Ryssens         |
        |                                                          |
        |----------------------------------------------------------|
        | Runtype = Single-mode                                    |
        |-------------- Version Information -----------------------|
        |                                                          |
        | "commit 7e34715e34b4f433386e4e4ad6d9a42bea46326e"        |
        | "Author: Wouter@Orome <wouter.ryssens@gmail.com>"       |
        | "Date:   Mon Jul 12 15:19:23 2021 +0200"                 |
        |                                                          |
        |-------------- Symmetry Information ----------------------|
        |                                                          |
        | S.p. generators        = Rz,T,STy                        |
        | Axis reduction  X Y Z  =  1 1 0                          |
        | SYM_CODE               = 0 0 001 000 10 000 010 110      |
        | TRANS_CODE             = 0 1 001 000 10 000 010 111      |
        |-------------- Environment Information -------------------|
        |__________________________________________________________|

------------------------------General Information ------------------------------
 Mesh parameters
   nx =    12 ny =    12 nz =    24 mv =  3456
   dx =         0.8000000000 (fm  ) 
   dv =  2.05 (fm^3) 
 Nucleus
    N =   10.00000  Z =   10.00000
 Wavefunctions
  nwt =    40
  nwn =    20
  nwp =    20
 Inverse temperature Beta =   -1.000000000
 IO information
  inputfilename  =tant.wf                         
  outputfilename =tant.wf                         
 Information obtained from file 
      - version number          :     4
      - Bogoliubov transfo read?:     T
      - Bogoliubov transfo used?:     T
      - Blocking type           :     0
      - Passed blocking test    :     T
 Checkpointiter =         0
 Filename for other output (not written if empty): 
    BXL output     =                                         
    DEN file       =                                         
    POT file       =                                         
    SPHF file      =                                         
    SPCAN file     =                                         
 Convergence required
  Energy convergence           <  1.0E-11
  Multipole moment convergence <  1.0E-05
  Dispersion convergence       <  1.0E-05
  S.p. gradient convergenc     <  1.0E+00
  Fermi energy convergence     <  1.0E-03
  Angular momentum convergence <  1.0E-03
--------------------------------------------------------------------------------
 Evolution strategy: HEAVYBALL           
   maxiter =  200 printiter =    10
   Estimate (dt,mu) linear subproblem  : YES
   Estimate (dt,mu) pairing subproblem : YES
   Safety HFB-gradient                 :  0.1000
 Diagonalise the s.p. hamiltonian: YES
--------------------------------------------------------------------------------
 SCF iteration strategy: 
       Potential preconditioning
   Preconfactor=  1.0000
--------------------------------------------------------------------------------
 Pairing treatment: Hartree-Fock-Bogoliubov (HFB)                               
   Pairing strategy:Direct diagonalisation                                      
   Fermi-solver: BRENT                                                                                              
     -> Fermi tolerance:  1.000E-15
   Linear mixing of (rho,kappa)
   HFBmix = 1.000
   Cutoff parameters  =      Symmetric Fermi
     dE (n,p) =  7.42 7.42 MeV 
     mu (n,p) =  0.50 0.50 MeV 
   Initialisation:
   -> started with HFB transformation from file
   Gas-treatment:  Normal
----------------------------- Cranking information -----------------------------
 Cranking frequencies 
    Omega_X =           0.000
    Omega_Y =           0.000
    Omega_Z =           0.000
--------------------------------------------------------------------------------
 Parameterization name     gsk2                          
 Functional name           DD-SWITCH.FUNC      
 - - - - - - - - - - -
 Parameters
    t0   -1882.355
    x0       0.196
    t1     344.790
    x1      -0.580
    t2      -2.432
    x2      69.985
    t3   12321.956
    x3       0.121
   wso     123.922
 sigma       0.300
   CT0       0.000
   CT1       0.000
 CSDS0       0.000
 CSDS1       0.000
  wsoq      83.519
    Vn    -644.921
    Vp    -682.559
 alpha       0.692
sigmap       0.773
force_       0.000
 - - - - - - - - - - -
 Coulomb Treatment =  2
   Only Direct contribution included.
   Discretisation of laplacian:   5-point stencil.
   Protonsize  =    0.895   0.000
   Neutronsize =    0.387   0.467
   Proton form factor  = One Gaussian
   Neutron form factor = Difference of two Gaussians
   Folding included self-consistently.
   Nucleon radii corrected for HO basis size.
 - - - - - - - - - - -
 Center-of-mass options
   One-body: self-consistent
   Two-body: perturbative
     -> Attention: only calculated every  10 iterations.
 - - - - - - - - - - -
 Rotational & vibrational correction 
    Included.    
     -> Attention: only calculated every  10 iterations.
    Rot. Param. b = 0.930
                c = 5.000
    Vib. Param. d = 0.000
                l = 0.000
                b = 0.000
    Cutoff :     ACTIVE
      window      = 7.420 7.420 (MeV)
      mu          = 0.500 0.500 (MeV)
 - - - - - - - - - - -
 Elementary Constants
 e^2            =  1.43996446 (sqrt(MeV fm)) 
 hbar^2/(2*mn)  = 20.73553000 (MeV fm^2)
 hbar^2/(2*mp)  = 20.73553000 (MeV fm^2)
 - - - - - - - - - - -
 Skyrme coupling constants 
     __________________________________________________________
                                      Isospin representation
                                      C_0            C_1    
     __________________________________________________________
                 B_D_I_I_D_I_I   -1033.542718     655.319010
               B_D_I_I_D_Nm_Nm      39.303646     -35.932406
             B_D_I_I_Lap_D_I_I     -51.361097     -15.905427
              B_D_I_I_D_I_I_DD    1088.825143    -637.405759
           B_C_I_NmSk_C_I_NmSk       0.000000      -0.000000
       B_D_I_I_Derm_C_I_NxmSxm     -61.960789     -41.759343
     __________________________________________________________
                                      BFH representation 
                                      C_0            C_q    
                 B_D_I_I_D_I_I    -705.883213     327.659505
               B_D_I_I_D_Nm_Nm      21.337442     -17.966203
             B_D_I_I_Lap_D_I_I     -59.313810      -7.952713
              B_D_I_I_D_I_I_DD     770.122263    -318.702879
           B_C_I_NmSk_C_I_NmSk      -0.000000      -0.000000
       B_D_I_I_Derm_C_I_NxmSxm     -82.840461     -20.879672
     __________________________________________________________
                                      Pairing terms 
                                      neutron        proton 
               B_DP_I_I_DP_I_I    -161.230153    -170.639813
     __________________________________________________________
--------------------- Sp wavefunctions -------------------------------------------------------------
____________________________________________________________________________________________________
   Neutron wavefunctions
  i     P   Rz   occ       E        d2h    Delta |   JxT    JyT    Jz      J   |   SxT    SyT    Sz
----------------------------------------------------------------------------------------------------
  1   NaN  1.0     NaN   -35.740  1.6E-08    Inf |    NaN    NaN    NaN    NaN |    NaN    NaN    NaN
  9   NaN  1.0     NaN   -23.902  1.9E-07   0.00 |    NaN    NaN    NaN    NaN |    NaN    NaN    NaN
 10   NaN  1.0     NaN   -22.304  1.6E-08   0.00 |    NaN    NaN    NaN    NaN |    NaN    NaN    NaN
 11   NaN  1.0     NaN   -17.399  1.8E-07   0.00 |    NaN    NaN    NaN    NaN |    NaN    NaN    NaN
  2   NaN  1.0     NaN   -12.065  3.5E-07   0.00 |    NaN    NaN    NaN    NaN |    NaN    NaN    NaN
  3   NaN  1.0     NaN   -11.031  8.9E-08    Inf |    NaN    NaN    NaN    NaN |    NaN    NaN    NaN
  4   NaN  1.0     NaN    -9.392  1.5E-08   0.00 |    NaN    NaN    NaN    NaN |    NaN    NaN    NaN
  5   NaN  1.0     NaN    -7.027  1.1E-06   0.00 |    NaN    NaN    NaN    NaN |    NaN    NaN    NaN
  6   NaN  1.0     NaN    -3.819  8.9E-07   0.00 |    NaN    NaN    NaN    NaN |    NaN    NaN    NaN
  7   NaN  1.0     NaN    -2.177  9.1E-08    Inf |    NaN    NaN    NaN    NaN |    NaN    NaN    NaN
 12   NaN  1.0     NaN    -0.562  7.0E-07    Inf |    NaN    NaN    NaN    NaN |    NaN    NaN    NaN
 13   NaN  1.0     NaN     0.513  1.5E-05   0.00 |    NaN    NaN    NaN    NaN |    NaN    NaN    NaN
 15   NaN  1.0     NaN     1.419  7.3E-04   0.00 |    NaN    NaN    NaN    NaN |    NaN    NaN    NaN
 17   NaN  1.0     NaN     1.494  3.2E-04    Inf |    NaN    NaN    NaN    NaN |    NaN    NaN    NaN
 18   NaN  1.0     NaN     1.536  7.3E-04   0.00 |    NaN    NaN    NaN    NaN |    NaN    NaN    NaN
 14   NaN  1.0     NaN     1.539  1.0E-02    Inf |    NaN    NaN    NaN    NaN |    NaN    NaN    NaN
  8   NaN  1.0     NaN     1.667  4.1E-08   0.00 |    NaN    NaN    NaN    NaN |    NaN    NaN    NaN
 19   NaN  1.0     NaN     1.935  1.0E-02    Inf |    NaN    NaN    NaN    NaN |    NaN    NaN    NaN
 16   NaN  1.0     NaN     3.264  1.0E-06   0.00 |    NaN    NaN    NaN    NaN |    NaN    NaN    NaN
 20   NaN  1.0     NaN     4.167  7.7E-02    Inf |    NaN    NaN    NaN    NaN |    NaN    NaN    NaN
____________________________________________________________________________________________________
   Proton  wavefunctions
  i     P   Rz   occ       E        d2h    Delta |   JxT    JyT    Jz      J   |   SxT    SyT    Sz
----------------------------------------------------------------------------------------------------
 21   NaN  1.0     NaN   -31.140  1.6E-08    Inf |    NaN    NaN    NaN    NaN |    NaN    NaN    NaN
 29   NaN  1.0     NaN   -19.492  1.9E-07   0.00 |    NaN    NaN    NaN    NaN |    NaN    NaN    NaN
 30   NaN  1.0     NaN   -17.871  1.6E-08    Inf |    NaN    NaN    NaN    NaN |    NaN    NaN    NaN
 31   NaN  1.0     NaN   -13.047  1.8E-07   0.00 |    NaN    NaN    NaN    NaN |    NaN    NaN    NaN
 22   NaN  1.0     NaN    -7.852  3.5E-07   0.00 |    NaN    NaN    NaN    NaN |    NaN    NaN    NaN
 23   NaN  1.0     NaN    -6.802  9.1E-08   0.00 |    NaN    NaN    NaN    NaN |    NaN    NaN    NaN
 24   NaN  1.0     NaN    -5.164  1.5E-08   0.00 |    NaN    NaN    NaN    NaN |    NaN    NaN    NaN
 25   NaN  1.0     NaN    -2.970  1.1E-06   0.00 |    NaN    NaN    NaN    NaN |    NaN    NaN    NaN
 26   NaN  1.0     NaN     0.120  8.9E-07   0.00 |    NaN    NaN    NaN    NaN |    NaN    NaN    NaN
 27   NaN  1.0     NaN     1.664  1.6E-06   0.00 |    NaN    NaN    NaN    NaN |    NaN    NaN    NaN
 32   NaN  1.0     NaN     2.622  2.3E-05   0.00 |    NaN    NaN    NaN    NaN |    NaN    NaN    NaN
 39   NaN  1.0  0.0000     2.714  6.0E-05   0.00 |   0.00   0.00   0.00   0.00 |   0.00   0.00   0.00
 28   NaN  1.0     NaN     3.027  3.8E-08   0.00 |    NaN    NaN    NaN    NaN |    NaN    NaN    NaN
 37   NaN  1.0  0.0000     3.179  6.0E-05   0.00 |   0.00   0.00   0.00   0.00 |   0.00   0.00   0.00
 38   NaN  1.0  0.0000     3.302  6.9E-05   0.00 |   0.00   0.00   0.00   0.00 |   0.00   0.00   0.00
 35   NaN  1.0  0.0000     4.162  8.9E-05   0.00 |   0.00   0.00   0.00   0.00 |   0.00   0.00   0.00
 33   NaN  1.0     NaN     4.476  3.8E-06   0.00 |    NaN    NaN    NaN    NaN |    NaN    NaN    NaN
 34   NaN  1.0     NaN     5.545  3.6E-06   0.00 |    NaN    NaN    NaN    NaN |    NaN    NaN    NaN
 36   NaN  1.0  0.0000     6.520  3.1E-05   0.00 |   0.00   0.00   0.00   0.00 |   0.00   0.00   0.00
 40   NaN  1.0  0.0000     6.885  5.7E-02   0.00 |   0.00   0.00   0.00   0.00 |   0.00   0.00   0.00
----------------------------------------------------------------------------------------------------
--------------------- Canonical basis  -------------------------------------------------------------
____________________________________________________________________________________________________
   Neutron wavefunctions
  i     P   Rz   occ       E        d2h    Delta |   JxT    JyT    Jz      J   |   SxT    SyT    Sz
----------------------------------------------------------------------------------------------------
 16  1.00  1.0  1.1683    -0.000  0.0E+00   1.98 |  -1.37   1.37   0.50   2.35 |  -0.37   0.37   0.23
 13  1.00  1.0  0.0362    -0.000  0.0E+00   1.32 |  -0.40   0.40   0.50   1.05 |  -0.37   0.37   0.24
 12  1.00  1.0  0.0049    -0.000  0.0E+00   0.78 |   0.77  -0.77   0.50   1.39 |  -0.26   0.26   0.03
  3  1.00  1.0  0.0000    -0.000  0.0E+00   0.00 |  -0.02   0.03   0.50   2.05 |   0.00   0.01  -0.50
  1 -1.00  1.0  0.0000     0.000  0.0E+00   0.00 |   0.48  -0.48   0.47   2.21 |   0.49  -0.49   0.50
  2 -1.00  1.0  0.0000     0.000  0.0E+00   0.00 |  -0.62   0.62   0.50   2.55 |  -0.45   0.45   0.41
  4 -1.00  1.0  0.0000     0.000  0.0E+00   0.00 |   0.03  -0.03   0.51   1.55 |  -0.01   0.01  -0.49
  5 -1.00  1.0  0.0000     0.000  0.0E+00   0.00 |   0.00  -0.00  -1.50   2.09 |   0.00  -0.00  -0.49
  6 -1.00  1.0  0.0000     0.000  0.0E+00   0.00 |   0.00  -0.00  -3.43   3.52 |  -0.00   0.00  -0.50
  7 -1.00  1.0  0.0000     0.000  0.0E+00   0.00 |  -0.79   0.79   0.50   2.07 |  -0.42   0.42   0.34
  8 -1.00  1.0  0.0000     0.000  0.0E+00   0.00 |  -0.00   0.00   2.49   3.50 |   0.00  -0.00   0.43
  9 -1.00  1.0  0.0000     0.000  0.0E+00   0.01 |  -0.00   0.00  -1.50   3.34 |  -0.00   0.00  -0.33
 10 -1.00  1.0  0.0000     0.000  0.0E+00   0.03 |  -1.67   1.67   0.50   3.04 |  -0.36   0.36   0.21
 11  1.00  1.0  0.0001     0.000  0.0E+00   0.16 |  -0.00   0.00  -1.50   1.53 |   0.00  -0.00   0.40
 17 -1.00  1.0  1.9578     0.000  0.0E+00   1.70 |   0.43  -0.43   0.50   0.58 |  -0.07   0.07  -0.35
 18 -1.00  1.0  2.0000     0.000  0.0E+00   0.07 |  -0.00  -0.00  -1.50   1.51 |   0.00   0.00  -0.50
 19 -1.00  1.0  2.0000     0.000  0.0E+00   0.02 |  -0.93   0.93   0.50   1.47 |  -0.43   0.43   0.35
 14  1.00  1.0  0.1789     0.000  0.0E+00   1.62 |   0.00  -0.00   2.50   2.51 |  -0.00   0.00   0.50
 15  1.00  1.0  0.6538     0.000  0.0E+00   1.88 |  -0.00   0.00  -1.50   2.49 |  -0.00   0.00  -0.40
 20  1.00  1.0  2.0000     0.000  0.0E+00   0.00 |  -0.50   0.50   0.50   0.51 |  -0.50   0.50   0.50
____________________________________________________________________________________________________
   Proton  wavefunctions
  i     P   Rz   occ       E        d2h    Delta |   JxT    JyT    Jz      J   |   SxT    SyT    Sz
----------------------------------------------------------------------------------------------------
 21 -1.00  1.0  0.0000 *********  0.0E+00   0.00 |   0.47  -0.49   0.45   2.18 |   0.48  -0.48   0.49
 25 -1.00  1.0  0.0000 *********  0.0E+00   0.00 |  -0.07   0.07   0.30   1.94 |  -0.01   0.01  -0.49
 27 -1.00  1.0  0.0000 *********  0.0E+00   0.00 |  -0.57   0.57   0.50   2.33 |  -0.40   0.40   0.30
 24 -1.00  1.0  0.0000 *********  0.0E+00   0.00 |  -0.01   0.01  -2.68   3.63 |  -0.00   0.00  -0.50
 26 -1.00  1.0  0.0000 *********  0.0E+00   0.00 |   0.03  -0.02  -1.52   2.35 |   0.01  -0.01  -0.48
 37 -1.00  1.0  1.9500 *********  0.0E+00   1.81 |   0.43  -0.43   0.50   0.58 |  -0.07   0.07  -0.36
 32  1.00  1.0  0.0076 *********  0.0E+00   0.93 |   0.72  -0.72   0.50   1.38 |  -0.28   0.28   0.05
 39 -1.00  1.0  2.0000 *********  0.0E+00   0.02 |  -0.92   0.92   0.50   1.47 |  -0.43   0.43   0.36
 34  1.00  1.0  0.1906 *********  0.0E+00   1.71 |   0.00  -0.00   2.50   2.51 |  -0.00   0.00   0.50
 40  1.00  1.0  2.0000 *********  0.0E+00   0.00 |  -0.50   0.50   0.50   0.51 |  -0.50   0.50   0.50
 35  1.00  1.0  0.6573 *********  0.0E+00   1.99 |  -0.00   0.00  -1.50   2.49 |  -0.00   0.00  -0.40
 31  1.00  1.0  0.0003 *********  0.0E+00   0.22 |  -0.00   0.00  -1.44   1.55 |   0.02  -0.02   0.40
 36  1.00  1.0  1.1536 *********  0.0E+00   2.09 |  -1.36   1.36   0.50   2.35 |  -0.37   0.37   0.23
 33  1.00  1.0  0.0407 *********  0.0E+00   1.38 |  -0.36   0.36   0.50   1.08 |  -0.36   0.36   0.21
 38 -1.00  1.0  2.0000 *********  0.0E+00   0.10 |  -0.00  -0.00  -1.50   1.51 |   0.00   0.00  -0.50
 23  1.00  1.0  0.0000 *********  0.0E+00   0.00 |  -0.01   0.02   0.51   2.10 |   0.00   0.00  -0.50
 30 -1.00  1.0  0.0000 *********  0.0E+00   0.05 |  -1.54   1.54   0.50   2.88 |  -0.38   0.38   0.25
 29 -1.00  1.0  0.0000 *********  0.0E+00   0.02 |   0.03  -0.03  -1.50   3.26 |   0.00  -0.00  -0.34
 28 -1.00  1.0  0.0000 *********  0.0E+00   0.00 |  -0.05   0.05   2.44   3.53 |   0.01  -0.01   0.43
 22 -1.00  1.0  0.0000 *********  0.0E+00   0.00 |  -0.29   0.31   0.56   3.43 |  -0.27   0.27   0.04
----------------------------------------------------------------------------------------------------
---------------------------------Quasiparticles---------------------------------
Block 1:  P=+1  neutrons
  N      Eqp       f_n      |   U   V  |   B  P  ov_TR |    JxT    JyT    Jz
________________________________________________________________________________
  1    -24.01      0.00E+00 |    1   0 |   -  -  0.000 |    0.00   0.00   0.50
  2    -15.89      0.00E+00 |    0  20 |   -  -  0.000 |    0.00   0.00  -0.50
  3    -14.99      0.00E+00 |    0  16 |   -  -  0.000 |    0.00   0.00   3.40
  4    -13.66      0.00E+00 |    0  19 |   -  -  0.000 |    0.00   0.00  -1.44
  5    -13.39      0.00E+00 |    0   8 |   -  -  0.000 |    0.00   0.00  -0.50
  6    -13.27      0.00E+00 |    0  14 |   -  -  0.000 |    0.00   0.00  -1.48
  7    -13.26      0.00E+00 |    0  18 |   -  -  0.000 |    0.00   0.00  -0.48
  8    -13.22      0.00E+00 |    0  17 |   -  -  0.000 |    0.00   0.00   1.46
  9    -13.15      0.00E+00 |    0  15 |   -  -  0.000 |    0.00   0.00  -0.50
 10    -12.24      0.00E+00 |    0  13 |   -  -  0.000 |    0.00   0.00   1.50
 11    -12.18      0.00E+00 |    9   0 |   -  -  0.000 |    0.00   0.00   0.50
 12    -11.16      0.00E+00 |    0  12 |   -  -  0.000 |    0.00   0.00  -0.50
 13    -10.58      0.00E+00 |   10   0 |   -  -  0.000 |    0.00   0.00  -1.50
 14     -9.55      0.00E+00 |    0   7 |   -  -  0.000 |    0.00   0.00   1.50
 15     -7.95      0.00E+00 |    0   6 |   -  -  0.000 |    0.00   0.00  -0.50
 16     -5.92      0.00E+00 |   11  11 |   -  -  0.000 |    0.00   0.00   0.48
 17     -4.87      0.00E+00 |    5   5 |   -  -  0.000 |    0.00   0.00  -0.48
 18     -2.84      0.00E+00 |    4   4 |   -  -  0.000 |    0.00   0.00  -2.05
 19     -2.01      0.00E+00 |    2   2 |   -  -  0.000 |    0.00   0.00   0.08
 20     -2.01      0.00E+00 |    3   3 |   -  -  0.000 |    0.00   0.00   0.52
 21      2.01      1.00E+00 |    3   3 |   -  -  0.000 |    0.00   0.00  -0.52
 22      2.01      1.00E+00 |    2   2 |   -  -  0.000 |    0.00   0.00  -0.08
 23      2.84      1.00E+00 |    4   4 |   -  -  0.000 |    0.00   0.00   2.05
 24      4.87      1.00E+00 |    5   5 |   -  -  0.000 |    0.00   0.00   0.48
 25      5.92      1.00E+00 |   11  11 |   -  -  0.000 |    0.00   0.00  -0.48
 26      7.95      1.00E+00 |    6   0 |   -  -  0.000 |    0.00   0.00   0.50
 27      9.55      1.00E+00 |    7   0 |   -  -  0.000 |    0.00   0.00  -1.50
 28     10.58      1.00E+00 |    0  10 |   -  -  0.000 |    0.00   0.00   1.50
 29     11.16      1.00E+00 |   12   0 |   -  -  0.000 |    0.00   0.00   0.50
 30     12.18      1.00E+00 |    0   9 |   -  -  0.000 |    0.00   0.00  -0.50
 31     12.24      1.00E+00 |   13   0 |   -  -  0.000 |    0.00   0.00  -1.50
 32     13.15      1.00E+00 |   15   0 |   -  -  0.000 |    0.00   0.00   0.50
 33     13.22      1.00E+00 |   17   0 |   -  -  0.000 |    0.00   0.00  -1.46
 34     13.26      1.00E+00 |   18   0 |   -  -  0.000 |    0.00   0.00   0.48
 35     13.27      1.00E+00 |   14   0 |   -  -  0.000 |    0.00   0.00   1.48
 36     13.39      1.00E+00 |    8   0 |   -  -  0.000 |    0.00   0.00   0.50
 37     13.66      1.00E+00 |   19   0 |   -  -  0.000 |    0.00   0.00   1.44
 38     14.99      1.00E+00 |   16   0 |   -  -  0.000 |    0.00   0.00  -3.40
 39     15.89      1.00E+00 |   20   0 |   -  -  0.000 |    0.00   0.00   0.50
 40     24.01      1.00E+00 |    0   1 |   -  -  0.000 |    0.00   0.00  -0.50

Block 5:  P=+1   protons
  N      Eqp       f_n      |   U   V  |   B  P  ov_TR |    JxT    JyT    Jz
________________________________________________________________________________
  1    -23.61      0.00E+00 |   21   0 |   -  -  0.000 |    0.00   0.00   0.50
  2    -14.41      0.00E+00 |    0  40 |   -  -  0.000 |    0.00   0.00  -0.56
  3    -14.05      0.00E+00 |    0  36 |   -  -  0.000 |    0.00   0.00   2.88
  4    -13.07      0.00E+00 |    0  34 |   -  -  0.000 |    0.00   0.00  -2.38
  5    -12.00      0.00E+00 |    0  33 |   -  -  0.000 |    0.00   0.00   1.49
  6    -11.97      0.00E+00 |   29   0 |   -  -  0.000 |    0.00   0.00   0.50
  7    -11.69      0.00E+00 |    0  35 |   -  -  0.000 |    0.00   0.00  -0.50
  8    -10.83      0.00E+00 |    0  38 |   -  -  0.000 |    0.00   0.00  -0.51
  9    -10.71      0.00E+00 |    0  37 |   -  -  0.000 |    0.00   0.00   1.51
 10    -10.55      0.00E+00 |    0  28 |   -  -  0.000 |    0.00   0.00  -0.51
 11    -10.34      0.00E+00 |   30   0 |   -  -  0.000 |    0.00   0.00  -1.50
 12    -10.24      0.00E+00 |    0  39 |   -  -  0.000 |    0.00   0.00  -0.50
 13    -10.15      0.00E+00 |    0  32 |   -  -  0.000 |    0.00   0.00  -0.50
 14     -9.19      0.00E+00 |    0  27 |   -  -  0.000 |    0.00   0.00   1.44
 15     -7.72      0.00E+00 |    0  26 |   -  -  0.000 |    0.00   0.00  -0.50
 16     -5.81      0.00E+00 |   31  31 |   -  -  0.000 |    0.00   0.00   0.47
 17     -4.75      0.00E+00 |   25  25 |   -  -  0.000 |    0.00   0.00  -0.48
 18     -2.92      0.00E+00 |   24  24 |   -  -  0.000 |    0.00   0.00  -2.02
 19     -2.12      0.00E+00 |   23  23 |   -  -  0.000 |    0.00   0.00   0.51
 20     -2.11      0.00E+00 |   22  22 |   -  -  0.000 |    0.00   0.00   0.08
 21      2.11      1.00E+00 |   22  22 |   -  -  0.000 |    0.00   0.00  -0.08
 22      2.12      1.00E+00 |   23  23 |   -  -  0.000 |    0.00   0.00  -0.51
 23      2.92      1.00E+00 |   24  24 |   -  -  0.000 |    0.00   0.00   2.02
 24      4.75      1.00E+00 |   25  25 |   -  -  0.000 |    0.00   0.00   0.48
 25      5.81      1.00E+00 |   31  31 |   -  -  0.000 |    0.00   0.00  -0.47
 26      7.72      1.00E+00 |   26   0 |   -  -  0.000 |    0.00   0.00   0.50
 27      9.19      1.00E+00 |   27   0 |   -  -  0.000 |    0.00   0.00  -1.44
 28     10.15      1.00E+00 |   32   0 |   -  -  0.000 |    0.00   0.00   0.50
 29     10.24      1.00E+00 |   39   0 |   -  -  0.000 |    0.00   0.00   0.50
 30     10.34      1.00E+00 |    0  30 |   -  -  0.000 |    0.00   0.00   1.50
 31     10.55      1.00E+00 |   28   0 |   -  -  0.000 |    0.00   0.00   0.51
 32     10.71      1.00E+00 |   37   0 |   -  -  0.000 |    0.00   0.00  -1.51
 33     10.83      1.00E+00 |   38   0 |   -  -  0.000 |    0.00   0.00   0.51
 34     11.69      1.00E+00 |   35   0 |   -  -  0.000 |    0.00   0.00   0.50
 35     11.97      1.00E+00 |    0  29 |   -  -  0.000 |    0.00   0.00  -0.50
 36     12.00      1.00E+00 |   33   0 |   -  -  0.000 |    0.00   0.00  -1.49
 37     13.07      1.00E+00 |   34   0 |   -  -  0.000 |    0.00   0.00   2.38
 38     14.05      1.00E+00 |   36   0 |   -  -  0.000 |    0.00   0.00  -2.88
 39     14.41      1.00E+00 |   40   0 |   -  -  0.000 |    0.00   0.00   0.56
 40     23.61      1.00E+00 |    0  21 |   -  -  0.000 |    0.00   0.00  -0.50

--------------------------------------------------------------------------------
---------------- Electric Multipole Moments -----------------
Quantisation Axis             : Z
  With secondary axis ordering: X,Y
______________________________________________________________
                     Neutrons        Protons         Total
______________________________________________________________
 Particles           10.0000         10.0000         20.0000

Re  Q_{ 1 0}         -0.0000         -0.0000         -0.0000
Constrained                                           0.0000
Re De_{ 1 0}                                   0.7310267E-14
Re La_{ 1 0}                                          0.0000

Re  Q_{ 2 0}          6.2666          6.4167         12.6834
Re  Q_{ 2 2}          0.0001          0.0001          0.0001

Re  Q_{ 3 0}         -0.0000         -0.0000         -0.0000
Constrained                                          50.0000
Re De_{ 3 0}                                   0.5000000E+02
Re La_{ 3 0}                                          0.0000
Re  Q_{ 3 2}         -0.0000         -0.0000         -0.0000

Re  Q_{ 4 0}         18.0902         18.5537         36.6439
Re  Q_{ 4 2}          0.0003         -0.0003         -0.0000
Re  Q_{ 4 4}          0.0019         -0.0691         -0.0673

Re  Q_{ 5 0}         -0.0000         -0.0000         -0.0000
Re  Q_{ 5 2}         -0.0000         -0.0000         -0.0000
Re  Q_{ 5 4}          0.0000          0.0000          0.0000

Re  Q_{ 6 0}         42.1093         36.5505         78.6598
Re  Q_{ 6 2}          0.0014          0.0032          0.0045
Re  Q_{ 6 4}          1.0869          3.4259          4.5128
Re  Q_{ 6 6}          0.0005          0.0054          0.0059

Re  Q_{ 7 0}         -0.0000          0.0000         -0.0000
Re  Q_{ 7 2}          0.0000         -0.0000         -0.0000
Re  Q_{ 7 4}          0.0000         -0.0000         -0.0000
Re  Q_{ 7 6}          0.0000         -0.0000         -0.0000

Re  Q_{ 8 0}        -39.0946        110.5660         71.4714
Re  Q_{ 8 2}          0.3480          3.7037          4.0516
Re  Q_{ 8 4}          0.1535        219.1745        219.3279
Re  Q_{ 8 6}          0.1450          1.6139          1.7589
Re  Q_{ 8 8}         -1.0956        456.6635        455.5679

Re  Q_{ 9 0}          0.0000          0.0000          0.0000
Re  Q_{ 9 2}         -0.0000         -0.0000         -0.0000
Re  Q_{ 9 4}         -0.0000         -0.0000         -0.0000
Re  Q_{ 9 6}          0.0000         -0.0000         -0.0000
Re  Q_{ 9 8}         -0.0000         -0.0000         -0.0000

Re  Q_{10 0}       3287.0872      13462.0759      16749.1631
Re  Q_{10 2}         -2.0090        -29.5268        -31.5358
Re  Q_{10 4}      -1523.4004      -9861.0068     -11384.4072
Re  Q_{10 6}          5.5728         77.6935         83.2664
Re  Q_{10 8}      -1054.9353      13325.9928      12271.0575
Re  Q_{1010}         -2.8429        -32.2179        -35.0608

 RMS radius           2.8138          2.9120          2.8633
______________________________________________________________
                     Neutrons        Protons         Total
______________________________________________________________


Beta_{ 2 0}       0.12370169      0.12666536      0.25036705
Beta_{ 2 2}       0.00000109      0.00000102      0.00000211

Beta_{ 3 0}      -0.00000000     -0.00000000     -0.00000000
Beta_{ 3 2}      -0.00000000     -0.00000000     -0.00000000

Beta_{ 4 0}       0.03365663      0.03451895      0.06817559
Beta_{ 4 2}       0.00000051     -0.00000058     -0.00000007
Beta_{ 4 4}       0.00000345     -0.00012860     -0.00012515

Beta_{ 5 0}      -0.00000000     -0.00000000     -0.00000000
Beta_{ 5 2}      -0.00000000     -0.00000000     -0.00000000
Beta_{ 5 4}       0.00000000      0.00000000      0.00000000

Beta_{ 6 0}       0.00738395      0.00640921      0.01379316
Beta_{ 6 2}       0.00000024      0.00000055      0.00000079
Beta_{ 6 4}       0.00019059      0.00060074      0.00079132
Beta_{ 6 6}       0.00000009      0.00000094      0.00000103

Beta_{ 7 0}      -0.00000000      0.00000000     -0.00000000
Beta_{ 7 2}       0.00000000     -0.00000000     -0.00000000
Beta_{ 7 4}       0.00000000     -0.00000000     -0.00000000
Beta_{ 7 6}       0.00000000     -0.00000000     -0.00000000

Beta_{ 8 0}      -0.00064612      0.00182733      0.00118121
Beta_{ 8 2}       0.00000575      0.00006121      0.00006696
Beta_{ 8 4}       0.00000254      0.00362231      0.00362484
Beta_{ 8 6}       0.00000240      0.00002667      0.00002907
Beta_{ 8 8}      -0.00001811      0.00754730      0.00752919

Beta_{ 9 0}       0.00000000      0.00000000      0.00000000
Beta_{ 9 2}      -0.00000000     -0.00000000     -0.00000000
Beta_{ 9 4}      -0.00000000     -0.00000000     -0.00000000
Beta_{ 9 6}       0.00000000     -0.00000000     -0.00000000
Beta_{ 9 8}      -0.00000000     -0.00000000     -0.00000000

Beta_{10 0}       0.00512024      0.02096967      0.02608991
Beta_{10 2}      -0.00000313     -0.00004599     -0.00004912
Beta_{10 4}      -0.00237298     -0.01536034     -0.01773331
Beta_{10 6}       0.00000868      0.00012102      0.00012970
Beta_{10 8}      -0.00164326      0.02075769      0.01911444
Beta_{1010}      -0.00000443     -0.00005019     -0.00005461

______________________________________________________________
                     Neutrons        Protons         Total
______________________________________________________________
Q_{ 1}                0.0000          0.0000          0.0000
Q_{ 2}                6.2666          6.4167         12.6834
Q_{ 3}                0.0000          0.0000          0.0000
Q_{ 4}               18.0902         18.5540         36.6440
Q_{ 5}                0.0000          0.0000          0.0000
Q_{ 6}               42.1373         36.8702         78.9183
Q_{ 7}                0.0000          0.0000          0.0000
Q_{ 8}               39.1295        724.8555        718.6383
Q_{ 9}                0.0000          0.0000          0.0000
Q_{10}             4203.8438      27034.9118      28998.6195
______________________________________________________________
                     Neutrons        Protons         Total
______________________________________________________________
Beta_{   1}       0.00000000      0.00000000      0.00000000
Beta_{   2}       0.12370169      0.12666536      0.25036705
Beta_{   3}       0.00000000      0.00000000      0.00000000
Beta_{   4}       0.03365663      0.03451943      0.06817582
Beta_{   5}       0.00000000      0.00000000      0.00000000
Beta_{   6}       0.00738887      0.00646527      0.01383849
Beta_{   7}       0.00000000      0.00000000      0.00000000
Beta_{   8}       0.00064670      0.01197972      0.01187697
Beta_{   9}       0.00000000      0.00000000      0.00000000
Beta_{  10}       0.00654826      0.04211186      0.04517070
______________________________________________________________
 Cart. Moments X              Y              Z
 Cart. N       -9.9344412     -9.9348687     19.8693099
 Cart. P      -10.1724701    -10.1728715     20.3453417
 Cart. T      -20.1069113    -20.1077403     40.2146516
 (Q, gamma)    Q              Gamma
 (Q,g) N       19.8693099      0.0007118
 (Q,g) P       20.3453417      0.0006527
 (Q,g) T       40.2146516      0.0006819
 (iq1, iq2)    iq1            iq2
 iq    N       19.8691674      0.0002850
 iq    P       20.3452078      0.0002676
 iq    T       40.2143753      0.0005526
               X^2            Y^2            Z^2
 X^2_i N       23.0799795     23.0798370     33.0145632
 X^2_i P       23.5843388     23.5842050     33.7569427
 X^2_i T       46.6643183     46.6640420     66.7715059
------------------------------------------------------------
---------------------Rotational properties--------------------
                Rigid rotor          (hbar^2/MeV)
              n              p              t 
 I_R X       1.3526163      1.3826794      2.7352956
 I_R Y       1.3526197      1.3826826      2.7353023
 I_R Z       1.1130615      1.1373852      2.2504467

                Belyaev                 (hbar^2/MeV) 
              n              p              t 
 I_B X       0.2722841      0.2521408      0.5244249
 I_B Y       0.2722699      0.2521281      0.5243980
 I_B Z       0.0000087      0.0000077      0.0000164

                Belyaev (collective)    (hbar^2/MeV) 
              n              p              t 
 I_B X       0.2722841      0.2521408      0.5244249
 I_B Y       0.2722699      0.2521281      0.5243980
 I_B Z       0.0000087      0.0000077      0.0000164

                 <J^2> - <J>^2          (hbar^2)
              n              p              t 
 J2_X        0.6881056      0.6670735      1.3551791
 J2_Y        0.6880732      0.6670423      1.3551155
 J2_Z        0.0000534      0.0000463      0.0000997
 J2_t        1.3762322      1.3341620      2.7103943

                 <J^2> - <J>^2 (coll.)  (hbar^2)
              n              p              t 
 J2_X        0.6881056      0.6670735      1.3551791
 J2_Y        0.6880732      0.6670423      1.3551155
 J2_Z        0.0000534      0.0000463      0.0000997
 J2_t        1.3762322      1.3341620      2.7103943
------------------------- Angular Momentum (hbar) --------------------------

               Spwfs(*)    Desired     Omega       E (MeV)      Densit. 
  __________________________________________________________________________
   J_x   |     0.00000     0.00000     0.00000     0.00000     0.00000
   J_y   |     0.00000     0.00000     0.00000     0.00000     0.00000
   J_z   |     0.00000     0.00000     0.00000     0.00000     0.00000
  __________________________________________________________________________
   Size  |     0.00000     0.00000     0.00000                 0.00000
  --------------------------------------------------------------------------
-------------------------- Pairing -------------------------
                          N         P 
 Fermi Level (MeV)    -11.72652733    -7.52724181
 Particles             10.00000000    10.00000000
 Dispersion             2.34067979     2.39579330
 Average gap   v^2      0.74040407     0.78839845
 Average gap   uv       1.75353335     1.83665230
------------------------------------------------------------
--------------------------------------------------------------------------------
 Skyrme Energy 
                                    Isoscalar      Isovector   |   Total
--------------------------------------------------------------------------------
  E_D_I_I_D_I_I                  -1321.502387       0.047986   -1321.454401
  E_D_I_I_D_Nm_Nm                   28.983158      -0.002868      28.980290
  E_D_I_I_Lap_D_I_I                 58.491099       0.001390      58.492489
  E_D_I_I_D_I_I_DD                 753.956734      -0.024711     753.932023
  E_C_I_NmSk_C_I_NmSk                0.000000       0.000000       0.000000
  E_D_I_I_Derm_C_I_NxmSxm          -12.397859      -0.000435     -12.398295
  E_DP_I_I_DP_I_I                                                 -5.792822
--------------------------------------------------------------------------------
                 Total Skyrme:                                  -498.240716
                    time-even:                                  -498.240716
                    time-odd :                                     0.000000
--------------------------------------------------------------------------------
--------------------------------------------------------------------------------
                                     neutron        proton         total
                Kinetic Energy:     166.289895     163.101900     329.391795
                    COM 1-body:      -8.314495      -8.155095     -16.469590
                    COM 2-body:       3.337402       3.291807       6.629209
                            ph:       3.316932       3.266209       6.583141
                            pp:       0.020470       0.025598       0.046068
                 Collective T:                                     -2.401375

                 Rotational  T:                                    -2.401375
                 Rotational  X:                                    -1.200515
                 Rotational  Y:                                    -1.200520
                 Rotational  Z:                                    -0.000340

                 Vibrational T:                                     0.000000
                 Vibrational X:                                    -0.000000
                 Vibrational Y:                                    -0.000000
                 Vibrational Z:                                    -0.000000


                Coulomb Direct:       0.000000      23.752409      23.752409
                      Exchange:       0.000000       0.000000       0.000000

               Pairing (delta):      -2.785642      -3.007116      -5.792758
               Pairing (densi):                                    -5.792822
--------------------------------------------------------------------------------
                  Total energy:                                  -157.338268
                    from spwfs:                              ***************
                   E_fu - E_sp:                                 0.101092+281
                   (no corr.) :                                  -161.566102
                      Routhian:                                  -157.338268
                         dE   :                                -0.157338E+03
                         dR   :                                -0.157338E+03
--------------------------------------------------------------------------------
------------------------------------
 Constraint on Q_{  1 0 has no 
                intensity parameter.
 Estimated  : 6.27333E-02
 Scaling    : 1.00000E+00
 Final value: 6.27333E-02
------------------------------------
------------------------------------
 Constraint on Q_{  3 0 has no 
                intensity parameter.
 Estimated  : 2.89638E-04
 Scaling    : 1.00000E+00
 Final value: 2.89638E-04
------------------------------------
--------------------------------------------------------------------------------
 Iteration =    1
 dt  =   0.0136      mu  =   0.0000 gradn=    0.000E+00 D2H =    1.572E-07
 E   =   -146.481    DE  =  0.74124E-01
 R   =   -147.649    DR  =  0.65626E-01
 R-E =     -1.168  D(R-E)= -0.79741E-02
 dmun=  3.1E-05      dmup=  3.4E-05
 RQ10=      0.9460   dQ = 9.5E-01  L =      0.0000   dL = 5.4E-14  dev =-9.5E-01
 RQ20=     15.5741   dQ = 2.9E+00  L =      0.0000   dL = 0.0E+00  dev = 0.0E+00
 RQ22=      0.0001   dQ = 6.8E-08  L =      0.0000   dL = 0.0E+00  dev = 0.0E+00
 RQ30=     80.6666   dQ = 8.1E+01  L =      0.0290   dL = 2.9E-02  dev =-3.1E+01
 Jz  =    0.000      dJZ =  0.0E+00
--------------------------------------------------------------------------------
 Iteration =    2
 dt  =   0.0247      mu  =   0.8254 gradn=    0.000E+00 D2H =    8.672E+00
 E   =   -151.126    DE  = -0.30736E-01
 R   =   -151.394    DR  = -0.24738E-01
 R-E =     -0.268  D(R-E)=  0.59544E-02
 dmun=  1.1E+00      dmup=  1.1E+00
 RQ10=     -0.5443   dQ =-1.5E+00  L =     -0.1213   dL =-1.2E-01  dev = 5.4E-01
 RQ20=     10.6715   dQ =-4.6E+00  L =      0.0000   dL = 0.0E+00  dev = 0.0E+00
 RQ22=      0.0001   dQ =-1.1E-05  L =      0.0000   dL = 0.0E+00  dev = 0.0E+00
 RQ30=     33.5763   dQ =-4.3E+01  L =      0.0138   dL =-1.5E-02  dev = 1.6E+01
 Jz  =    0.000      dJZ =  0.0E+00
--------------------------------------------------------------------------------
 Iteration =    3
 dt  =   0.0247      mu  =   0.8286 gradn=    0.000E+00 D2H =    4.698E+00
 E   =   -150.058    DE  =  0.71167E-02
 R   =   -150.826    DR  =  0.37628E-02
 R-E =     -0.769  D(R-E)= -0.33347E-02
 dmun= -2.6E-01      dmup= -2.0E-01
 RQ10=      0.2083   dQ = 6.8E-01  L =     -0.0627   dL = 5.9E-02  dev =-2.1E-01
 RQ20=     10.0689   dQ =-2.9E-01  L =      0.0000   dL = 0.0E+00  dev = 0.0E+00
 RQ22=      0.0001   dQ =-8.7E-07  L =      0.0000   dL = 0.0E+00  dev = 0.0E+00
 RQ30=     61.2280   dQ = 3.1E+01  L =      0.0255   dL = 1.2E-02  dev =-1.1E+01
 Jz  =    0.000      dJZ =  0.0E+00
--------------------------------------------------------------------------------
 Iteration =    4
 dt  =   0.0247      mu  =   0.8256 gradn=    0.000E+00 D2H =    5.039E+00
 E   =   -153.449    DE  = -0.22104E-01
 R   =   -154.035    DR  = -0.20834E-01
 R-E =     -0.586  D(R-E)=  0.11906E-02
 dmun= -1.2E-01      dmup= -1.5E-01
 RQ10=     -0.0056   dQ =-2.4E-01  L =     -0.0923   dL =-3.0E-02  dev = 5.6E-03
 RQ20=     10.0532   dQ = 1.9E-01  L =      0.0000   dL = 0.0E+00  dev = 0.0E+00
 RQ22=      0.0001   dQ = 1.0E-05  L =      0.0000   dL = 0.0E+00  dev = 0.0E+00
 RQ30=     48.4912   dQ =-3.5E+00  L =      0.0243   dL =-1.2E-03  dev = 1.5E+00
 Jz  =    0.000      dJZ =  0.0E+00
--------------------------------------------------------------------------------
 Iteration =    5
 dt  =   0.0247      mu  =   0.8233 gradn=    0.000E+00 D2H =    1.995E+00
 E   =   -153.043    DE  =  0.26548E-02
 R   =   -153.943    DR  =  0.60283E-03
 R-E =     -0.899  D(R-E)= -0.20485E-02
 dmun= -3.4E-01      dmup= -3.5E-01
 RQ10=      0.2102   dQ = 2.0E-01  L =     -0.0939   dL =-1.6E-03  dev =-2.1E-01
 RQ20=     11.1368   dQ = 1.1E+00  L =      0.0000   dL = 0.0E+00  dev = 0.0E+00
 RQ22=      0.0001   dQ = 4.7E-06  L =      0.0000   dL = 0.0E+00  dev = 0.0E+00
 RQ30=     58.8286   dQ = 2.1E+01  L =      0.0312   dL = 6.9E-03  dev =-8.8E+00
 Jz  =    0.000      dJZ =  0.0E+00
--------------------------------------------------------------------------------
 Iteration =    6
 dt  =   0.0247      mu  =   0.8231 gradn=    0.000E+00 D2H =    1.763E+00
 E   =   -154.277    DE  = -0.79969E-02
 R   =   -155.098    DR  = -0.74474E-02
 R-E =     -0.821  D(R-E)=  0.50991E-03
 dmun= -5.4E-02      dmup= -6.9E-02
 RQ10=      0.0668   dQ =-1.6E-01  L =     -0.1220   dL =-2.8E-02  dev =-6.7E-02
 RQ20=     11.5888   dQ = 4.5E-01  L =      0.0000   dL = 0.0E+00  dev = 0.0E+00
 RQ22=      0.0001   dQ = 1.2E-06  L =      0.0000   dL = 0.0E+00  dev = 0.0E+00
 RQ30=     51.0323   dQ = 3.7E+00  L =      0.0328   dL = 1.5E-03  dev =-1.0E+00
 Jz  =    0.000      dJZ =  0.0E+00
--------------------------------------------------------------------------------
 Iteration =    7
 dt  =   0.0247      mu  =   0.8241 gradn=    0.000E+00 D2H =    9.069E-01
 E   =   -153.870    DE  =  0.26451E-02
 R   =   -154.944    DR  =  0.98894E-03
 R-E =     -1.075  D(R-E)= -0.16492E-02
 dmun= -1.2E-01      dmup= -1.4E-01
 RQ10=      0.2070   dQ = 1.3E-01  L =     -0.1317   dL =-9.7E-03  dev =-2.1E-01
 RQ20=     12.6968   dQ = 9.7E-01  L =      0.0000   dL = 0.0E+00  dev = 0.0E+00
 RQ22=      0.0001   dQ = 2.3E-06  L =      0.0000   dL = 0.0E+00  dev = 0.0E+00
 RQ30=     57.2374   dQ = 1.7E+01  L =      0.0386   dL = 5.9E-03  dev =-7.2E+00
 Jz  =    0.000      dJZ =  0.0E+00
--------------------------------------------------------------------------------
 Iteration =    8
 dt  =   0.0247      mu  =   0.8249 gradn=    0.000E+00 D2H =    9.688E-01
 E   =   -154.253    DE  = -0.24859E-02
 R   =   -155.264    DR  = -0.20578E-02
 R-E =     -1.011  D(R-E)=  0.41462E-03
 dmun= -1.5E-02      dmup= -3.1E-02
 RQ10=      0.0798   dQ =-1.4E-01  L =     -0.1594   dL =-2.8E-02  dev =-8.0E-02
 RQ20=     13.2989   dQ = 4.6E-01  L =      0.0000   dL = 0.0E+00  dev = 0.0E+00
 RQ22=      0.0001   dQ = 1.9E-06  L =      0.0000   dL = 0.0E+00  dev = 0.0E+00
 RQ30=     51.1158   dQ = 4.4E+00  L =      0.0405   dL = 1.9E-03  dev =-1.1E+00
 Jz  =    0.000      dJZ =  0.0E+00
--------------------------------------------------------------------------------
 Iteration =    9
 dt  =   0.0247      mu  =   0.8261 gradn=    0.000E+00 D2H =    8.731E-01
 E   =   -153.926    DE  =  0.21290E-02
 R   =   -155.142    DR  =  0.78906E-03
 R-E =     -1.216  D(R-E)= -0.13337E-02
 dmun= -2.4E-02      dmup= -3.8E-02
 RQ10=      0.1758   dQ = 8.1E-02  L =     -0.1714   dL =-1.2E-02  dev =-1.8E-01
 RQ20=     14.3484   dQ = 8.8E-01  L =      0.0000   dL = 0.0E+00  dev = 0.0E+00
 RQ22=      0.0001   dQ = 1.6E-06  L =      0.0000   dL = 0.0E+00  dev = 0.0E+00
 RQ30=     55.5144   dQ = 1.4E+01  L =      0.0453   dL = 4.7E-03  dev =-5.5E+00
 Jz  =    0.000      dJZ =  0.0E+00
--------------------- Sp wavefunctions -------------------------------------------------------------
____________________________________________________________________________________________________
   Neutron wavefunctions
  i     P   Rz   occ       E        d2h    Delta |   JxT    JyT    Jz      J   |   SxT    SyT    Sz
----------------------------------------------------------------------------------------------------
  1  1.00  1.0  1.0000   -35.524  2.8E-01   0.00 |  -0.50   0.50   0.50   0.51 |  -0.50   0.50   0.50
  9 -0.98  1.0  1.0000   -23.721  1.9E+00   0.02 |  -0.92   0.92   0.50   1.49 |  -0.42   0.42   0.35
 10 -0.98  1.0  1.0000   -22.184  5.0E-01   0.07 |  -0.00  -0.00  -1.50   1.52 |   0.00   0.00  -0.50
 11 -0.95  1.0  0.9819   -17.539  9.7E-01   1.66 |   0.39  -0.39   0.50   0.68 |  -0.08   0.08  -0.34
  2  0.87  1.0  0.5778   -11.847  6.8E+00   1.92 |  -1.28   1.28   0.50   2.35 |  -0.37   0.37   0.24
  3  0.96  1.0  0.3169   -10.825  2.6E+00   1.83 |  -0.00   0.00  -1.50   2.49 |  -0.00   0.00  -0.38
  4  0.94  1.0  0.0990    -9.415  1.4E+00   1.59 |   0.00  -0.00   2.50   2.54 |  -0.00   0.00   0.50
  5  0.85  1.0  0.0206    -7.279  6.1E+00   1.26 |  -0.61   0.61   0.50   1.33 |  -0.42   0.42   0.34
  6  0.87  1.0  0.0036    -3.918  8.1E+00   0.90 |   0.79  -0.79   0.50   1.55 |  -0.20   0.20  -0.09
  7  0.82  1.0  0.0002    -2.515  4.5E+00   0.24 |  -0.00   0.00  -1.50   1.75 |   0.00  -0.00   0.38
 13 -0.78  1.0  0.0000     0.824  1.7E+01   0.01 |   0.03  -0.03  -1.50   3.13 |   0.00  -0.00  -0.40
 12 -0.65  1.0  0.0000     0.970  8.1E+01   0.01 |  -1.32   1.32   0.50   3.04 |  -0.36   0.36   0.22
 18 -0.56  1.0  0.0000     1.414  1.4E+01   0.01 |  -0.17   0.17   0.46   2.05 |  -0.02   0.02  -0.46
 17 -0.68  1.0  0.0000     1.485  9.1E+00   0.01 |   0.02  -0.02  -1.44   2.69 |   0.01  -0.02  -0.41
 14 -0.80  1.0  0.0000     1.591  7.6E+00   0.01 |   0.08  -0.08   1.56   2.97 |   0.26  -0.26   0.45
 19 -0.89  1.0  0.0000     1.994  3.7E+00   0.00 |   0.35  -0.35   1.33   2.88 |   0.21  -0.21   0.43
  8  0.87  1.0  0.0000     2.212  3.5E+01   0.00 |  -0.05   0.06   0.52   2.38 |   0.00   0.01  -0.49
 16 -0.74  1.0  0.0000     3.093  6.4E+00   0.00 |  -0.00   0.00  -3.42   3.67 |  -0.00   0.00  -0.50
 15 -0.64  1.0  0.0000     3.946  1.1E+02   0.00 |  -0.74   0.74   0.50   3.18 |  -0.42   0.42   0.35
 20 -0.74  1.0  0.0000     4.700  8.1E+01   0.00 |  -0.36   0.36   0.50   3.34 |  -0.41   0.41   0.32
____________________________________________________________________________________________________
   Proton  wavefunctions
  i     P   Rz   occ       E        d2h    Delta |   JxT    JyT    Jz      J   |   SxT    SyT    Sz
----------------------------------------------------------------------------------------------------
 21  1.00  1.0  1.0000   -31.000  2.9E-01   0.00 |  -0.50   0.50   0.50   0.51 |  -0.50   0.50   0.50
 29 -0.98  1.0  1.0000   -19.378  2.1E+00   0.02 |  -0.92   0.92   0.50   1.49 |  -0.42   0.42   0.35
 30 -0.98  1.0  1.0000   -17.829  5.4E-01   0.08 |  -0.00  -0.00  -1.50   1.52 |   0.00   0.00  -0.50
 31 -0.94  1.0  0.9794   -13.261  1.1E+00   1.74 |   0.38  -0.38   0.50   0.69 |  -0.08   0.08  -0.35
 22  0.86  1.0  0.5745    -7.697  7.7E+00   2.00 |  -1.27   1.27   0.50   2.35 |  -0.37   0.37   0.25
 23  0.95  1.0  0.3173    -6.654  3.0E+00   1.89 |  -0.00   0.00  -1.50   2.49 |  -0.00   0.00  -0.38
 24  0.93  1.0  0.1023    -5.249  1.7E+00   1.64 |   0.00  -0.00   2.50   2.55 |   0.00  -0.00   0.50
 25  0.83  1.0  0.0214    -3.234  7.8E+00   1.25 |  -0.61   0.61   0.50   1.37 |  -0.42   0.42   0.34
 26  0.83  1.0  0.0048    -0.015  1.1E+01   0.99 |   0.75  -0.75   0.50   1.60 |  -0.20   0.20  -0.10
 27  0.77  1.0  0.0003     1.343  6.8E+00   0.28 |  -0.00   0.00  -1.45   1.83 |   0.03  -0.03   0.38
 39 -0.95  1.0  0.0000     2.759  3.9E+00   0.02 |   0.51  -0.51   0.52   2.27 |   0.49  -0.49   0.49
 28  0.87  1.0  0.0000     3.139  2.4E+01   0.06 |  -0.00   0.01   0.50   2.23 |  -0.00   0.01  -0.49
 37 -0.60  1.0  0.0000     3.143  1.6E+01   0.04 |   0.02  -0.02  -1.47   2.38 |   0.00  -0.00  -0.48
 38 -0.56  1.0  0.0000     3.664  2.4E+01   0.03 |   0.10  -0.10   0.51   2.14 |  -0.01   0.01  -0.48
 33 -0.88  1.0  0.0000     4.796  1.6E+01   0.01 |  -0.11   0.12  -1.47   3.49 |  -0.01   0.01  -0.36
 35 -0.66  1.0  0.0000     4.925  5.3E+01   0.01 |  -1.50   1.49   0.50   3.36 |  -0.36   0.35   0.21
 34 -0.64  1.0  0.0000     5.456  1.2E+01   0.01 |   0.08  -0.08   2.33   3.45 |   0.00  -0.00   0.42
 36 -0.64  1.0  0.0000     6.336  1.0E+01   0.00 |  -0.01   0.01  -3.11   3.85 |  -0.00   0.00  -0.50
 40 -0.86  1.0  0.0000     6.669  5.1E+01   0.00 |  -0.67   0.67   0.55   3.58 |  -0.24   0.24  -0.02
 32 -0.59  1.0  0.0000     7.990  1.5E+02   0.00 |  -0.73   0.73   0.50   3.87 |  -0.46   0.46   0.42
----------------------------------------------------------------------------------------------------
--------------------- Canonical basis  -------------------------------------------------------------
____________________________________________________________________________________________________
   Neutron wavefunctions
  i     P   Rz   occ       E        d2h    Delta |   JxT    JyT    Jz      J   |   SxT    SyT    Sz
----------------------------------------------------------------------------------------------------
 20  1.00  1.0  2.0000   -35.524  0.0E+00   0.00 |  -0.50   0.50   0.50   0.51 |  -0.50   0.50   0.50
 19 -0.98  1.0  2.0000   -23.721  0.0E+00   0.02 |  -0.92   0.92   0.50   1.49 |  -0.42   0.42   0.34
 18 -0.98  1.0  2.0000   -22.183  0.0E+00   0.07 |  -0.00  -0.00  -1.50   1.52 |   0.00   0.00  -0.50
 17 -0.95  1.0  1.9638   -17.539  0.0E+00   1.66 |   0.39  -0.39   0.50   0.67 |  -0.08   0.08  -0.34
 16  0.86  1.0  1.1557   -11.849  0.0E+00   1.92 |  -1.28   1.28   0.50   2.35 |  -0.37   0.37   0.24
 15  0.95  1.0  0.6337   -10.827  0.0E+00   1.83 |  -0.00   0.00  -1.50   2.49 |  -0.00   0.00  -0.39
 14  0.93  1.0  0.1979    -9.417  0.0E+00   1.59 |   0.00  -0.00   2.50   2.54 |  -0.00   0.00   0.50
 13  0.83  1.0  0.0422    -7.219  0.0E+00   1.31 |  -0.48   0.48   0.50   1.40 |  -0.37   0.37   0.23
 12  0.86  1.0  0.0063    -3.988  0.0E+00   0.85 |   0.67  -0.67   0.50   1.48 |  -0.26   0.26   0.01
 11  0.80  1.0  0.0004    -2.522  0.0E+00   0.24 |   0.00  -0.00  -1.50   1.75 |   0.00  -0.00   0.38
  9 -0.63  1.0  0.0000     0.743  0.0E+00   0.01 |  -1.38   1.38   0.50   3.07 |  -0.35   0.35   0.21
 10 -0.84  1.0  0.0000     0.935  0.0E+00   0.01 |  -0.00   0.00  -1.50   3.40 |   0.00  -0.00  -0.35
  6 -0.56  1.0  0.0000     1.380  0.0E+00   0.00 |   0.01  -0.01  -1.48   2.36 |   0.00  -0.00  -0.48
  2 -0.94  1.0  0.0000     1.655  0.0E+00   0.00 |   0.48  -0.48   0.44   2.28 |   0.49  -0.49   0.50
  5 -0.56  1.0  0.0000     1.657  0.0E+00   0.00 |  -0.33   0.33   0.45   2.13 |  -0.04   0.04  -0.41
  8 -0.71  1.0  0.0000     1.936  0.0E+00   0.00 |  -0.00   0.00   2.49   3.46 |  -0.01   0.01   0.41
  3  0.84  1.0  0.0000     2.231  0.0E+00   0.00 |   0.03  -0.02   0.51   2.37 |  -0.01   0.01  -0.48
  4 -0.53  1.0  0.0000     2.640  0.0E+00   0.00 |  -0.65   0.65   0.50   2.47 |  -0.33   0.33   0.16
  7 -0.71  1.0  0.0000     3.005  0.0E+00   0.00 |  -0.01   0.01  -3.40   3.67 |  -0.00   0.00  -0.50
  1 -0.68  1.0  0.0000     6.072  0.0E+00   0.00 |  -0.30   0.30   0.50   3.84 |  -0.48   0.48   0.46
____________________________________________________________________________________________________
   Proton  wavefunctions
  i     P   Rz   occ       E        d2h    Delta |   JxT    JyT    Jz      J   |   SxT    SyT    Sz
----------------------------------------------------------------------------------------------------
 40  1.00  1.0  2.0000   -31.000  0.0E+00   0.00 |  -0.50   0.50   0.50   0.51 |  -0.50   0.50   0.50
 39 -0.97  1.0  2.0000   -19.378  0.0E+00   0.02 |  -0.92   0.92   0.50   1.49 |  -0.42   0.42   0.35
 38 -0.98  1.0  2.0000   -17.829  0.0E+00   0.08 |  -0.00  -0.00  -1.50   1.52 |   0.00   0.00  -0.50
 37 -0.94  1.0  1.9588   -13.261  0.0E+00   1.74 |   0.38  -0.38   0.50   0.68 |  -0.08   0.08  -0.34
 36  0.86  1.0  1.1491    -7.700  0.0E+00   2.00 |  -1.27   1.27   0.50   2.35 |  -0.37   0.37   0.25
 35  0.94  1.0  0.6347    -6.659  0.0E+00   1.89 |  -0.00   0.00  -1.50   2.49 |  -0.00   0.00  -0.39
 34  0.92  1.0  0.2046    -5.254  0.0E+00   1.64 |  -0.00   0.00   2.50   2.55 |  -0.00   0.00   0.50
 33  0.81  1.0  0.0443    -3.147  0.0E+00   1.32 |  -0.44   0.44   0.50   1.45 |  -0.35   0.35   0.21
 32  0.82  1.0  0.0080    -0.125  0.0E+00   0.92 |   0.60  -0.60   0.50   1.51 |  -0.27   0.27   0.04
 31  0.76  1.0  0.0005     1.344  0.0E+00   0.28 |   0.00  -0.00  -1.45   1.83 |   0.02  -0.02   0.38
 23 -0.97  1.0  0.0000     2.973  0.0E+00   0.00 |   0.46  -0.46   0.43   2.23 |   0.46  -0.46   0.49
 26 -0.41  1.0  0.0000     3.172  0.0E+00   0.00 |  -0.13   0.12   0.44   2.09 |  -0.02   0.02  -0.46
 27 -0.65  1.0  0.0000     3.528  0.0E+00   0.00 |   0.09  -0.09  -1.47   2.57 |   0.01  -0.01  -0.46
 24  0.70  1.0  0.0000     3.889  0.0E+00   0.00 |  -0.15   0.16   0.51   2.49 |  -0.02   0.02  -0.46
 30 -0.77  1.0  0.0000     4.425  0.0E+00   0.01 |   0.08  -0.07  -1.49   3.34 |   0.01  -0.01  -0.38
 29 -0.61  1.0  0.0000     4.744  0.0E+00   0.01 |  -1.37   1.37   0.50   3.30 |  -0.31   0.31   0.12
 28 -0.58  1.0  0.0000     5.237  0.0E+00   0.00 |  -0.13   0.13   2.43   3.48 |   0.01  -0.01   0.42
 25 -0.59  1.0  0.0000     6.295  0.0E+00   0.00 |  -0.00   0.00  -3.07   3.82 |  -0.00   0.00  -0.50
 21 -0.58  1.0  0.0000     6.644  0.0E+00   0.00 |  -0.58   0.58   0.50   3.64 |  -0.44   0.44   0.37
 22 -0.74  1.0  0.0000     8.006  0.0E+00   0.00 |  -0.58   0.58   0.57   3.74 |  -0.28   0.28   0.07
----------------------------------------------------------------------------------------------------
---------------------------------Quasiparticles---------------------------------
Block 1:  P=+1  neutrons
  N      Eqp       f_n      |   U   V  |   B  P  ov_TR |    JxT    JyT    Jz
________________________________________________________________________________
  1    -23.98      0.00E+00 |    1   0 |   -  -  0.000 |    0.00   0.00   0.50
  2    -16.24      0.00E+00 |    0  20 |   -  -  0.000 |    0.00   0.00  -0.50
  3    -15.49      0.00E+00 |    0  15 |   -  -  0.000 |    0.00   0.00  -0.50
  4    -14.64      0.00E+00 |    0  16 |   -  -  0.000 |    0.00   0.00   3.42
  5    -13.76      0.00E+00 |    0   8 |   -  -  0.000 |    0.00   0.00  -0.52
  6    -13.54      0.00E+00 |    0  19 |   -  -  0.000 |    0.00   0.00  -1.33
  7    -13.14      0.00E+00 |    0  14 |   -  -  0.000 |    0.00   0.00  -1.56
  8    -13.03      0.00E+00 |    0  17 |   -  -  0.000 |    0.00   0.00   1.44
  9    -12.96      0.00E+00 |    0  18 |   -  -  0.000 |    0.00   0.00  -0.46
 10    -12.51      0.00E+00 |    0  12 |   -  -  0.000 |    0.00   0.00  -0.50
 11    -12.37      0.00E+00 |    0  13 |   -  -  0.000 |    0.00   0.00   1.50
 12    -12.18      0.00E+00 |    9   0 |   -  -  0.000 |    0.00   0.00   0.50
 13    -10.64      0.00E+00 |   10   0 |   -  -  0.000 |    0.00   0.00  -1.50
 14     -9.03      0.00E+00 |    0   7 |   -  -  0.000 |    0.00   0.00   1.50
 15     -7.68      0.00E+00 |    0   6 |   -  -  0.000 |    0.00   0.00  -0.50
 16     -6.22      0.00E+00 |   11  11 |   -  -  0.000 |    0.00   0.00   0.48
 17     -4.45      0.00E+00 |    5   5 |   -  -  0.000 |    0.00   0.00  -0.48
 18     -2.66      0.00E+00 |    4   4 |   -  -  0.000 |    0.00   0.00  -2.01
 19     -1.96      0.00E+00 |    3   3 |   -  -  0.000 |    0.00   0.00   0.55
 20     -1.94      0.00E+00 |    2   2 |   -  -  0.000 |    0.00   0.00   0.08
 21      1.94      1.00E+00 |    2   2 |   -  -  0.000 |    0.00   0.00  -0.08
 22      1.96      1.00E+00 |    3   3 |   -  -  0.000 |    0.00   0.00  -0.55
 23      2.66      1.00E+00 |    4   4 |   -  -  0.000 |    0.00   0.00   2.01
 24      4.45      1.00E+00 |    5   5 |   -  -  0.000 |    0.00   0.00   0.48
 25      6.22      1.00E+00 |   11  11 |   -  -  0.000 |    0.00   0.00  -0.48
 26      7.68      1.00E+00 |    6   0 |   -  -  0.000 |    0.00   0.00   0.50
 27      9.03      1.00E+00 |    7   0 |   -  -  0.000 |    0.00   0.00  -1.50
 28     10.64      1.00E+00 |    0  10 |   -  -  0.000 |    0.00   0.00   1.50
 29     12.18      1.00E+00 |    0   9 |   -  -  0.000 |    0.00   0.00  -0.50
 30     12.37      1.00E+00 |   13   0 |   -  -  0.000 |    0.00   0.00  -1.50
 31     12.51      1.00E+00 |   12   0 |   -  -  0.000 |    0.00   0.00   0.50
 32     12.96      1.00E+00 |   18   0 |   -  -  0.000 |    0.00   0.00   0.46
 33     13.03      1.00E+00 |   17   0 |   -  -  0.000 |    0.00   0.00  -1.44
 34     13.14      1.00E+00 |   14   0 |   -  -  0.000 |    0.00   0.00   1.56
 35     13.54      1.00E+00 |   19   0 |   -  -  0.000 |    0.00   0.00   1.33
 36     13.76      1.00E+00 |    8   0 |   -  -  0.000 |    0.00   0.00   0.52
 37     14.64      1.00E+00 |   16   0 |   -  -  0.000 |    0.00   0.00  -3.42
 38     15.49      1.00E+00 |   15   0 |   -  -  0.000 |    0.00   0.00   0.50
 39     16.24      1.00E+00 |   20   0 |   -  -  0.000 |    0.00   0.00   0.50
 40     23.98      1.00E+00 |    0   1 |   -  -  0.000 |    0.00   0.00  -0.50

Block 5:  P=+1   protons
  N      Eqp       f_n      |   U   V  |   B  P  ov_TR |    JxT    JyT    Jz
________________________________________________________________________________
  1    -23.60      0.00E+00 |   21   0 |   -  -  0.000 |    0.00   0.00   0.50
  2    -15.39      0.00E+00 |    0  32 |   -  -  0.000 |    0.00   0.00  -0.50
  3    -14.06      0.00E+00 |    0  40 |   -  -  0.000 |    0.00   0.00  -0.55
  4    -13.73      0.00E+00 |    0  36 |   -  -  0.000 |    0.00   0.00   3.11
  5    -12.85      0.00E+00 |    0  34 |   -  -  0.000 |    0.00   0.00  -2.33
  6    -12.32      0.00E+00 |    0  35 |   -  -  0.000 |    0.00   0.00  -0.50
  7    -12.19      0.00E+00 |    0  33 |   -  -  0.000 |    0.00   0.00   1.47
  8    -11.98      0.00E+00 |   29   0 |   -  -  0.000 |    0.00   0.00   0.50
  9    -11.06      0.00E+00 |    0  38 |   -  -  0.000 |    0.00   0.00  -0.51
 10    -10.54      0.00E+00 |    0  37 |   -  -  0.000 |    0.00   0.00   1.47
 11    -10.53      0.00E+00 |    0  28 |   -  -  0.000 |    0.00   0.00  -0.50
 12    -10.43      0.00E+00 |   30   0 |   -  -  0.000 |    0.00   0.00  -1.50
 13    -10.15      0.00E+00 |    0  39 |   -  -  0.000 |    0.00   0.00  -0.52
 14     -8.74      0.00E+00 |    0  27 |   -  -  0.000 |    0.00   0.00   1.45
 15     -7.46      0.00E+00 |    0  26 |   -  -  0.000 |    0.00   0.00  -0.49
 16     -6.12      0.00E+00 |   31  31 |   -  -  0.000 |    0.00   0.00   0.48
 17     -4.35      0.00E+00 |   25  25 |   -  -  0.000 |    0.00   0.00  -0.48
 18     -2.70      0.00E+00 |   24  24 |   -  -  0.000 |    0.00   0.00  -1.99
 19     -2.03      0.00E+00 |   23  23 |   -  -  0.000 |    0.00   0.00   0.55
 20     -2.02      0.00E+00 |   22  22 |   -  -  0.000 |    0.00   0.00   0.07
 21      2.02      1.00E+00 |   22  22 |   -  -  0.000 |    0.00   0.00  -0.07
 22      2.03      1.00E+00 |   23  23 |   -  -  0.000 |    0.00   0.00  -0.55
 23      2.70      1.00E+00 |   24  24 |   -  -  0.000 |    0.00   0.00   1.99
 24      4.35      1.00E+00 |   25  25 |   -  -  0.000 |    0.00   0.00   0.48
 25      6.12      1.00E+00 |   31  31 |   -  -  0.000 |    0.00   0.00  -0.48
 26      7.46      1.00E+00 |   26   0 |   -  -  0.000 |    0.00   0.00   0.49
 27      8.74      1.00E+00 |   27   0 |   -  -  0.000 |    0.00   0.00  -1.45
 28     10.15      1.00E+00 |   39   0 |   -  -  0.000 |    0.00   0.00   0.52
 29     10.43      1.00E+00 |    0  30 |   -  -  0.000 |    0.00   0.00   1.50
 30     10.53      1.00E+00 |   28   0 |   -  -  0.000 |    0.00   0.00   0.50
 31     10.54      1.00E+00 |   37   0 |   -  -  0.000 |    0.00   0.00  -1.47
 32     11.06      1.00E+00 |   38   0 |   -  -  0.000 |    0.00   0.00   0.51
 33     11.98      1.00E+00 |    0  29 |   -  -  0.000 |    0.00   0.00  -0.50
 34     12.19      1.00E+00 |   33   0 |   -  -  0.000 |    0.00   0.00  -1.47
 35     12.32      1.00E+00 |   35   0 |   -  -  0.000 |    0.00   0.00   0.50
 36     12.85      1.00E+00 |   34   0 |   -  -  0.000 |    0.00   0.00   2.33
 37     13.73      1.00E+00 |   36   0 |   -  -  0.000 |    0.00   0.00  -3.11
 38     14.06      1.00E+00 |   40   0 |   -  -  0.000 |    0.00   0.00   0.55
 39     15.39      1.00E+00 |   32   0 |   -  -  0.000 |    0.00   0.00   0.50
 40     23.60      1.00E+00 |    0  21 |   -  -  0.000 |    0.00   0.00  -0.50

--------------------------------------------------------------------------------
---------------- Electric Multipole Moments -----------------
Quantisation Axis             : Z
  With secondary axis ordering: X,Y
______________________________________________________________
                     Neutrons        Protons         Total
______________________________________________________________
 Particles           10.0000         10.0000         20.0000

Re  Q_{ 1 0}          0.0266          0.0326          0.0592
Constrained                                           0.0000
Re De_{ 1 0}                                   0.5922043E-01
Re La_{ 1 0}                                         -0.1955

Re  Q_{ 2 0}          7.2486          7.5577         14.8064
Re  Q_{ 2 2}          0.0001          0.0000          0.0001

Re  Q_{ 3 0}         23.7037         26.6375         50.3412
Constrained                                          50.0000
Re De_{ 3 0}                                   0.3411846E+00
Re La_{ 3 0}                                          0.0468
Re  Q_{ 3 2}         -0.0000         -0.0000         -0.0000

Re  Q_{ 4 0}         71.4462         79.6446        151.0907
Re  Q_{ 4 2}          0.0003         -0.0003          0.0000
Re  Q_{ 4 4}          0.0206         -0.0680         -0.0474

Re  Q_{ 5 0}        389.9312        444.8756        834.8068
Re  Q_{ 5 2}          0.0005         -0.0004          0.0002
Re  Q_{ 5 4}         -0.2103         -0.4816         -0.6920

Re  Q_{ 6 0}       2388.9965       2980.3181       5369.3146
Re  Q_{ 6 2}         -0.0006          0.0028          0.0021
Re  Q_{ 6 4}          2.8609          2.0910          4.9519
Re  Q_{ 6 6}          0.0003          0.0051          0.0055

Re  Q_{ 7 0}      11746.7907      13347.9128      25094.7035
Re  Q_{ 7 2}         -0.0048         -0.0781         -0.0829
Re  Q_{ 7 4}         -9.5645        -17.0316        -26.5961
Re  Q_{ 7 6}          0.0043          0.0771          0.0814

Re  Q_{ 8 0}      72848.4898      87800.0173     160648.5071
Re  Q_{ 8 2}          0.3744          3.2064          3.5808
Re  Q_{ 8 4}        -12.3007        410.7400        398.4393
Re  Q_{ 8 6}          0.1103          1.3909          1.5013
Re  Q_{ 8 8}        -31.9737        697.3139        665.3403

Re  Q_{ 9 0}     470046.4937     559353.2672    1029399.7608
Re  Q_{ 9 2}          0.2984          2.1212          2.4196
Re  Q_{ 9 4}       1648.1887       7493.9696       9142.1583
Re  Q_{ 9 6}          0.3054          6.8713          7.1767
Re  Q_{ 9 8}       1087.2783       8076.9592       9164.2375

Re  Q_{10 0}    2742930.0427    3188798.4468    5931728.4895
Re  Q_{10 2}         -2.5739        -65.7449        -68.3188
Re  Q_{10 4}      -3051.1293      63181.3124      60130.1831
Re  Q_{10 6}          5.6810         61.7797         67.4607
Re  Q_{10 8}      -3708.2637     105385.2645     101677.0008
Re  Q_{1010}         -2.8019        -41.6333        -44.4351

 RMS radius           2.8780          2.9829          2.9309
______________________________________________________________
                     Neutrons        Protons         Total
______________________________________________________________


Beta_{ 2 0}       0.14308622      0.14918824      0.29227445
Beta_{ 2 2}       0.00000104      0.00000098      0.00000202

Beta_{ 3 0}       0.14364845      0.16142774      0.30507619
Beta_{ 3 2}      -0.00000019     -0.00000010     -0.00000029

Beta_{ 4 0}       0.13292473      0.14817777      0.28110251
Beta_{ 4 2}       0.00000054     -0.00000049      0.00000006
Beta_{ 4 4}       0.00003826     -0.00012654     -0.00008828

Beta_{ 5 0}       0.22271887      0.25410175      0.47682063
Beta_{ 5 2}       0.00000030     -0.00000021      0.00000009
Beta_{ 5 4}      -0.00012014     -0.00027510     -0.00039523

Beta_{ 6 0}       0.41891572      0.52260525      0.94152097
Beta_{ 6 2}      -0.00000011      0.00000048      0.00000037
Beta_{ 6 4}       0.00050166      0.00036667      0.00086833
Beta_{ 6 6}       0.00000006      0.00000090      0.00000096

Beta_{ 7 0}       0.63237176      0.71856589      1.35093764
Beta_{ 7 2}      -0.00000026     -0.00000420     -0.00000446
Beta_{ 7 4}      -0.00051489     -0.00091687     -0.00143176
Beta_{ 7 6}       0.00000023      0.00000415      0.00000438

Beta_{ 8 0}       1.20397059      1.45107522      2.65504580
Beta_{ 8 2}       0.00000619      0.00005299      0.00005918
Beta_{ 8 4}      -0.00020329      0.00678832      0.00658503
Beta_{ 8 6}       0.00000182      0.00002299      0.00002481
Beta_{ 8 8}      -0.00052843      0.01152454      0.01099611

Beta_{ 9 0}       2.38494424      2.83807319      5.22301743
Beta_{ 9 2}       0.00000151      0.00001076      0.00001228
Beta_{ 9 4}       0.00836266      0.03802326      0.04638592
Beta_{ 9 6}       0.00000155      0.00003486      0.00003641
Beta_{ 9 8}       0.00551668      0.04098126      0.04649794

Beta_{10 0}       4.27261964      4.96714194      9.23976158
Beta_{10 2}      -0.00000401     -0.00010241     -0.00010642
Beta_{10 4}      -0.00475270      0.09841655      0.09366385
Beta_{10 6}       0.00000885      0.00009623      0.00010508
Beta_{10 8}      -0.00577630      0.16415699      0.15838069
Beta_{1010}      -0.00000436     -0.00006485     -0.00006922

______________________________________________________________
                     Neutrons        Protons         Total
______________________________________________________________
Q_{ 1}                0.0266          0.0326          0.0592
Q_{ 2}                7.2486          7.5577         14.8064
Q_{ 3}               23.7037         26.6375         50.3412
Q_{ 4}               71.4462         79.6446        151.0907
Q_{ 5}              389.9313        444.8761        834.8074
Q_{ 6}             2388.9999       2980.3196       5369.3192
Q_{ 7}            11746.7985      13347.9345      25094.7317
Q_{ 8}            72848.5059      87807.4768     160652.2510
Q_{ 9}           470054.7879     559570.2559    1029562.5247
Q_{10}          2742938.4499    3193529.6176    5934080.4341
______________________________________________________________
                     Neutrons        Protons         Total
______________________________________________________________
Beta_{   1}       0.00171192      0.00209586      0.00380778
Beta_{   2}       0.14308622      0.14918824      0.29227445
Beta_{   3}       0.14364845      0.16142774      0.30507619
Beta_{   4}       0.13292474      0.14817788      0.28110253
Beta_{   5}       0.22271894      0.25410205      0.47682096
Beta_{   6}       0.41891632      0.52260551      0.94152177
Beta_{   7}       0.63237218      0.71856706      1.35093916
Beta_{   8}       1.20397085      1.45119850      2.65510768
Beta_{   9}       2.38498632      2.83917416      5.22384327
Beta_{  10}       4.27263273      4.97451161      9.24342517
______________________________________________________________
 Cart. Moments X              Y              Z
 Cart. N      -11.4912483    -11.4916579     22.9829062
 Cart. P      -11.9813218    -11.9817071     23.9630289
 Cart. T      -23.4725701    -23.4733650     46.9459351
 (Q, gamma)    Q              Gamma
 (Q,g) N       22.9829062      0.0005895
 (Q,g) P       23.9630289      0.0005319
 (Q,g) T       46.9459351      0.0005601
 (iq1, iq2)    iq1            iq2
 iq    N       22.9827697      0.0002730
 iq    P       23.9629004      0.0002569
 iq    T       46.9456701      0.0005299
               X^2            Y^2            Z^2
 X^2_i N       23.7800391     23.7799026     35.2714239
 X^2_i P       24.3754973     24.3753689     36.3569476
 X^2_i T       48.1555364     48.1552715     71.6283715
------------------------------------------------------------
------------------------- Angular Momentum (hbar) --------------------------

               Spwfs(*)    Desired     Omega       E (MeV)      Densit. 
  __________________________________________________________________________
   J_x   |     0.00000     0.00000     0.00000     0.00000     0.00000
   J_y   |     0.00000     0.00000     0.00000     0.00000     0.00000
   J_z   |     0.00000     0.00000     0.00000     0.00000     0.00000
  __________________________________________________________________________
   Size  |     0.00000     0.00000     0.00000                 0.00000
  --------------------------------------------------------------------------
---------------------Rotational properties--------------------
                Rigid rotor          (hbar^2/MeV)
              n              p              t 
 I_R X       1.4239173      1.4644513      2.8883686
 I_R Y       1.4239206      1.4644544      2.8883750
 I_R Z       1.1468230      1.1755401      2.3223631

                Belyaev                 (hbar^2/MeV) 
              n              p              t 
 I_B X       0.2964663      0.2884977      0.5849640
 I_B Y       0.2964535      0.2884857      0.5849392
 I_B Z       0.0000083      0.0000171      0.0000254

                Belyaev (collective)    (hbar^2/MeV) 
              n              p              t 
 I_B X       0.2964663      0.2884977      0.5849640
 I_B Y       0.2964535      0.2884857      0.5849392
 I_B Z       0.0000083      0.0000171      0.0000254

                 <J^2> - <J>^2          (hbar^2)
              n              p              t 
 J2_X        0.8595771      0.8755660      1.7351431
 J2_Y        0.8595483      0.8755382      1.7350864
 J2_Z        0.0000489      0.0001057      0.0001546
 J2_t        1.7191743      1.7512099      3.4703842

                 <J^2> - <J>^2 (coll.)  (hbar^2)
              n              p              t 
 J2_X        0.8595771      0.8755660      1.7351431
 J2_Y        0.8595483      0.8755382      1.7350864
 J2_Z        0.0000489      0.0001057      0.0001546
 J2_t        1.7191743      1.7512099      3.4703842
-------------------------- Pairing -------------------------
                          N         P 
 Fermi Level (MeV)    -11.54454768    -7.39543031
 Particles             10.00000000    10.00000000
 Dispersion             2.36432853     2.39488379
 Average gap   v^2      0.71713818     0.75111807
 Average gap   uv       1.69829317     1.75149172
------------------------------------------------------------
--------------------------------------------------------------------------------
 Skyrme Energy 
                                    Isoscalar      Isovector   |   Total
--------------------------------------------------------------------------------
  E_D_I_I_D_I_I                  -1274.749762       0.051123   -1274.698639
  E_D_I_I_D_Nm_Nm                   27.392770      -0.003086      27.389683
  E_D_I_I_Lap_D_I_I                 56.111491       0.001368      56.112859
  E_D_I_I_D_I_I_DD                 721.365934      -0.026005     721.339928
  E_C_I_NmSk_C_I_NmSk                0.000000       0.000000       0.000000
  E_D_I_I_Derm_C_I_NxmSxm          -11.555710      -0.000521     -11.556231
  E_DP_I_I_DP_I_I                                                 -5.558334
--------------------------------------------------------------------------------
                 Total Skyrme:                                  -486.970733
                    time-even:                                  -486.970733
                    time-odd :                                     0.000000
--------------------------------------------------------------------------------
--------------------------------------------------------------------------------
                                     neutron        proton         total
                Kinetic Energy:     162.300243     158.918371     321.218614
                    COM 1-body:      -8.115012      -7.945919     -16.060931
                    COM 2-body:       3.238889       3.182017       6.420907
                            ph:       3.218940       3.159886       6.378825
                            pp:       0.019950       0.022132       0.042081
                 Collective T:                                     -2.758101

                 Rotational  T:                                    -2.758101
                 Rotational  X:                                    -1.378780
                 Rotational  Y:                                    -1.378793
                 Rotational  Z:                                    -0.000527

                 Vibrational T:                                     0.000000
                 Vibrational X:                                    -0.000000
                 Vibrational Y:                                    -0.000000
                 Vibrational Z:                                    -0.000000


                Coulomb Direct:       0.000000      23.370826      23.370826
                      Exchange:       0.000000       0.000000       0.000000

               Pairing (delta):      -2.731771      -2.868294      -5.600065
               Pairing (densi):                                    -5.558334
--------------------------------------------------------------------------------
                  Total energy:                                  -154.779418
                    from spwfs:                                  -154.740867
                   E_fu - E_sp:                                -0.385516E-01
                   (no corr.) :                                  -158.442224
                      Routhian:                                  -155.920256
                         dE   :                                -0.853735E+00
                         dR   :                                -0.778737E+00
--------------------------------------------------------------------------------
--------------------------------------------------------------------------------
 Iteration =   11
 dt  =   0.0247      mu  =   0.8280 gradn=    0.000E+00 D2H =    9.190E-01
 E   =   -154.737    DE  =  0.27226E-03
 R   =   -156.024    DR  = -0.66493E-03
 R-E =     -1.287  D(R-E)= -0.94272E-03
 dmun= -1.5E-02      dmup= -2.1E-02
 RQ10=      0.1312   dQ = 5.4E-02  L =     -0.2052   dL =-9.7E-03  dev =-1.3E-01
 RQ20=     15.6225   dQ = 7.3E-01  L =      0.0000   dL = 0.0E+00  dev = 0.0E+00
 RQ22=      0.0001   dQ = 9.9E-07  L =      0.0000   dL = 0.0E+00  dev = 0.0E+00
 RQ30=     53.6211   dQ = 9.7E+00  L =      0.0503   dL = 3.5E-03  dev =-3.6E+00
 Jz  =    0.000      dJZ =  0.0E+00
--------------------------------------------------------------------------------
 Iteration =   12
 dt  =   0.0247      mu  =   0.8285 gradn=    0.000E+00 D2H =    8.170E-01
 E   =   -155.136    DE  = -0.25725E-02
 R   =   -156.344    DR  = -0.20461E-02
 R-E =     -1.208  D(R-E)=  0.51056E-03
 dmun= -2.4E-02      dmup= -3.5E-02
 RQ10=      0.0389   dQ =-1.1E-01  L =     -0.2238   dL =-1.9E-02  dev =-3.9E-02
 RQ20=     15.8936   dQ = 2.5E-01  L =      0.0000   dL = 0.0E+00  dev = 0.0E+00
 RQ22=      0.0001   dQ = 1.2E-06  L =      0.0000   dL = 0.0E+00  dev = 0.0E+00
 RQ30=     49.7502   dQ = 1.4E+00  L =      0.0512   dL = 9.3E-04  dev = 2.5E-01
 Jz  =    0.000      dJZ =  0.0E+00
--------------------------------------------------------------------------------
 Iteration =   13
 dt  =   0.0247      mu  =   0.8290 gradn=    0.000E+00 D2H =    6.771E-01
 E   =   -155.262    DE  = -0.80867E-03
 R   =   -156.564    DR  = -0.14064E-02
 R-E =     -1.302  D(R-E)= -0.60950E-03
 dmun= -2.8E-02      dmup= -3.2E-02
 RQ10=      0.0915   dQ = 3.5E-02  L =     -0.2310   dL =-7.1E-03  dev =-9.1E-02
 RQ20=     16.4521   dQ = 5.6E-01  L =      0.0000   dL = 0.0E+00  dev = 0.0E+00
 RQ22=      0.0001   dQ = 1.1E-06  L =      0.0000   dL = 0.0E+00  dev = 0.0E+00
 RQ30=     52.0158   dQ = 6.2E+00  L =      0.0537   dL = 2.4E-03  dev =-2.0E+00
 Jz  =    0.000      dJZ =  0.0E+00
--------------------------------------------------------------------------------
 Iteration =   14
 dt  =   0.0247      mu  =   0.8290 gradn=    0.000E+00 D2H =    5.105E-01
 E   =   -155.567    DE  = -0.19621E-02
 R   =   -156.826    DR  = -0.16715E-02
 R-E =     -1.259  D(R-E)=  0.27710E-03
 dmun= -3.3E-02      dmup= -4.1E-02
 RQ10=      0.0311   dQ =-7.6E-02  L =     -0.2444   dL =-1.3E-02  dev =-3.1E-02
 RQ20=     16.6279   dQ = 2.1E-01  L =      0.0000   dL = 0.0E+00  dev = 0.0E+00
 RQ22=      0.0001   dQ = 9.4E-07  L =      0.0000   dL = 0.0E+00  dev = 0.0E+00
 RQ30=     49.7411   dQ = 1.0E+00  L =      0.0544   dL = 7.4E-04  dev = 2.6E-01
 Jz  =    0.000      dJZ =  0.0E+00
--------------------------------------------------------------------------------
 Iteration =   15
 dt  =   0.0247      mu  =   0.8291 gradn=    0.000E+00 D2H =    3.784E-01
 E   =   -155.652    DE  = -0.54255E-03
 R   =   -156.973    DR  = -0.93701E-03
 R-E =     -1.322  D(R-E)= -0.40242E-03
 dmun= -2.5E-02      dmup= -2.7E-02
 RQ10=      0.0585   dQ = 1.1E-02  L =     -0.2504   dL =-5.9E-03  dev =-5.8E-02
 RQ20=     16.9333   dQ = 3.5E-01  L =      0.0000   dL = 0.0E+00  dev = 0.0E+00
 RQ22=      0.0001   dQ = 3.9E-07  L =      0.0000   dL = 0.0E+00  dev = 0.0E+00
 RQ30=     50.9036   dQ = 3.8E+00  L =      0.0561   dL = 1.7E-03  dev =-9.0E-01
 Jz  =    0.000      dJZ =  0.0E+00
--------------------------------------------------------------------------------
 Iteration =   16
 dt  =   0.0247      mu  =   0.8291 gradn=    0.000E+00 D2H =    2.896E-01
 E   =   -155.781    DE  = -0.82813E-03
 R   =   -157.101    DR  = -0.80988E-03
 R-E =     -1.320  D(R-E)=  0.11395E-04
 dmun= -2.5E-02      dmup= -2.8E-02
 RQ10=      0.0277   dQ =-4.6E-02  L =     -0.2596   dL =-9.3E-03  dev =-2.8E-02
 RQ20=     17.0290   dQ = 1.7E-01  L =      0.0000   dL = 0.0E+00  dev = 0.0E+00
 RQ22=      0.0001   dQ = 2.5E-07  L =      0.0000   dL = 0.0E+00  dev = 0.0E+00
 RQ30=     49.8977   dQ = 1.3E+00  L =      0.0569   dL = 7.9E-04  dev = 1.0E-01
 Jz  =    0.000      dJZ =  0.0E+00
--------------------------------------------------------------------------------
 Iteration =   17
 dt  =   0.0247      mu  =   0.8290 gradn=    0.000E+00 D2H =    2.457E-01
 E   =   -155.800    DE  = -0.12126E-03
 R   =   -157.165    DR  = -0.40996E-03
 R-E =     -1.365  D(R-E)= -0.29229E-03
 dmun= -1.8E-02      dmup= -1.8E-02
 RQ10=      0.0391   dQ =-5.3E-03  L =     -0.2652   dL =-5.6E-03  dev =-3.9E-02
 RQ20=     17.1697   dQ = 2.2E-01  L =      0.0000   dL = 0.0E+00  dev = 0.0E+00
 RQ22=      0.0001   dQ = 6.6E-08  L =      0.0000   dL = 0.0E+00  dev = 0.0E+00
 RQ30=     50.3944   dQ = 2.4E+00  L =      0.0580   dL = 1.2E-03  dev =-3.9E-01
 Jz  =    0.000      dJZ =  0.0E+00
--------------------------------------------------------------------------------
 Iteration =   18
 dt  =   0.0247      mu  =   0.8288 gradn=    0.000E+00 D2H =    2.150E-01
 E   =   -155.844    DE  = -0.28638E-03
 R   =   -157.227    DR  = -0.39424E-03
 R-E =     -1.383  D(R-E)= -0.11136E-03
 dmun= -1.8E-02      dmup= -2.0E-02
 RQ10=      0.0265   dQ =-3.0E-02  L =     -0.2723   dL =-7.1E-03  dev =-2.7E-02
 RQ20=     17.2360   dQ = 1.5E-01  L =      0.0000   dL = 0.0E+00  dev = 0.0E+00
 RQ22=      0.0001   dQ = 2.2E-07  L =      0.0000   dL = 0.0E+00  dev = 0.0E+00
 RQ30=     50.0268   dQ = 1.4E+00  L =      0.0588   dL = 8.0E-04  dev =-2.7E-02
 Jz  =    0.000      dJZ =  0.0E+00
--------------------------------------------------------------------------------
 Iteration =   19
 dt  =   0.0247      mu  =   0.8286 gradn=    0.000E+00 D2H =    1.969E-01
 E   =   -155.856    DE  = -0.76602E-04
 R   =   -157.272    DR  = -0.28879E-03
 R-E =     -1.416  D(R-E)= -0.21482E-03
 dmun= -1.6E-02      dmup= -1.7E-02
 RQ10=      0.0310   dQ =-1.5E-02  L =     -0.2781   dL =-5.8E-03  dev =-3.1E-02
 RQ20=     17.3352   dQ = 1.7E-01  L =      0.0000   dL = 0.0E+00  dev = 0.0E+00
 RQ22=      0.0001   dQ = 2.1E-07  L =      0.0000   dL = 0.0E+00  dev = 0.0E+00
 RQ30=     50.2347   dQ = 1.8E+00  L =      0.0598   dL = 9.2E-04  dev =-2.3E-01
 Jz  =    0.000      dJZ =  0.0E+00
--------------------- Sp wavefunctions -------------------------------------------------------------
____________________________________________________________________________________________________
   Neutron wavefunctions
  i     P   Rz   occ       E        d2h    Delta |   JxT    JyT    Jz      J   |   SxT    SyT    Sz
----------------------------------------------------------------------------------------------------
  1  1.00  1.0  1.0000   -35.475  7.7E-02   0.00 |  -0.50   0.50   0.50   0.52 |  -0.50   0.50   0.50
  9 -0.99  1.0  1.0000   -23.895  3.7E-01   0.02 |  -0.92   0.92   0.50   1.48 |  -0.43   0.43   0.35
 10 -0.99  1.0  1.0000   -22.069  1.0E-01   0.09 |  -0.00  -0.00  -1.50   1.52 |   0.00   0.00  -0.50
 11 -0.93  1.0  0.9793   -17.266  2.2E-01   1.64 |   0.37  -0.37   0.50   0.70 |  -0.08   0.08  -0.35
  2  0.90  1.0  0.6373   -12.299  1.1E+00   1.87 |  -1.24   1.24   0.50   2.29 |  -0.39   0.39   0.27
  3  0.98  1.0  0.2896   -10.930  4.4E-01   1.80 |  -0.00   0.00  -1.50   2.51 |  -0.00   0.00  -0.39
  4  0.97  1.0  0.0728    -9.235  1.6E-01   1.54 |   0.00  -0.00   2.50   2.53 |  -0.00   0.00   0.50
  5  0.88  1.0  0.0174    -7.271  9.9E-01   1.21 |  -0.66   0.66   0.50   1.35 |  -0.41   0.41   0.32
  6  0.84  1.0  0.0035    -4.190  1.7E+00   0.88 |   0.72  -0.72   0.50   1.57 |  -0.22   0.22  -0.06
  7  0.83  1.0  0.0001    -2.430  6.1E-01   0.19 |  -0.00   0.00  -1.49   1.76 |   0.00  -0.00   0.37
 12 -0.52  1.0  0.0001    -2.334  1.4E+01   0.12 |  -1.15   1.15   0.50   2.83 |  -0.39   0.39   0.28
 13 -0.80  1.0  0.0000     0.033  2.6E+00   0.01 |   0.03  -0.03  -1.50   2.87 |   0.00  -0.00  -0.42
 18 -0.60  1.0  0.0000     0.526  2.0E+00   0.02 |  -0.13   0.13   0.45   1.80 |  -0.02   0.02  -0.47
 17 -0.67  1.0  0.0000     0.898  1.5E+00   0.01 |   0.02  -0.02  -1.44   2.71 |   0.01  -0.01  -0.39
 14 -0.79  1.0  0.0000     1.268  1.1E+00   0.01 |   0.10  -0.10   1.54   2.94 |   0.28  -0.28   0.45
 15 -0.63  1.0  0.0000     1.357  1.4E+01   0.01 |  -0.72   0.72   0.50   2.34 |  -0.43   0.43   0.36
  8  0.82  1.0  0.0000     1.629  5.5E+00   0.01 |  -0.06   0.07   0.51   2.25 |  -0.00   0.01  -0.49
 19 -0.90  1.0  0.0000     1.922  5.7E-01   0.00 |   0.32  -0.32   1.31   2.88 |   0.19  -0.19   0.44
 20 -0.66  1.0  0.0000     2.715  2.2E+01   0.00 |  -0.26   0.26   0.50   3.29 |  -0.36   0.36   0.22
 16 -0.82  1.0  0.0000     2.889  7.1E-01   0.00 |  -0.00   0.00  -3.41   3.61 |  -0.00   0.00  -0.50
____________________________________________________________________________________________________
   Proton  wavefunctions
  i     P   Rz   occ       E        d2h    Delta |   JxT    JyT    Jz      J   |   SxT    SyT    Sz
----------------------------------------------------------------------------------------------------
 21  1.00  1.0  1.0000   -30.951  8.7E-02   0.00 |  -0.50   0.50   0.50   0.52 |  -0.50   0.50   0.50
 29 -0.99  1.0  1.0000   -19.571  4.1E-01   0.02 |  -0.92   0.92   0.50   1.48 |  -0.43   0.43   0.36
 30 -0.99  1.0  1.0000   -17.711  1.1E-01   0.12 |  -0.00  -0.00  -1.50   1.52 |   0.00   0.00  -0.50
 31 -0.93  1.0  0.9759   -12.996  2.5E-01   1.72 |   0.37  -0.37   0.50   0.71 |  -0.08   0.08  -0.35
 22  0.88  1.0  0.6355    -8.195  1.3E+00   1.91 |  -1.22   1.22   0.50   2.30 |  -0.39   0.39   0.28
 23  0.98  1.0  0.2882    -6.779  5.0E-01   1.87 |  -0.00   0.00  -1.50   2.51 |  -0.00   0.00  -0.39
 24  0.96  1.0  0.0760    -5.088  1.8E-01   1.60 |   0.00  -0.00   2.50   2.53 |   0.00  -0.00   0.50
 25  0.86  1.0  0.0189    -3.356  1.3E+00   1.21 |  -0.67   0.67   0.50   1.42 |  -0.41   0.41   0.32
 26  0.78  1.0  0.0053    -0.506  2.7E+00   1.02 |   0.66  -0.66   0.50   1.60 |  -0.22   0.22  -0.07
 27  0.78  1.0  0.0002     1.230  9.3E-01   0.25 |  -0.00   0.00  -1.44   1.80 |   0.02  -0.02   0.36
 37 -0.64  1.0  0.0000     2.204  2.1E+00   0.04 |   0.02  -0.02  -1.47   2.19 |   0.00  -0.00  -0.48
 28  0.78  1.0  0.0000     2.462  4.1E+00   0.07 |  -0.04   0.05   0.49   2.08 |  -0.01   0.01  -0.48
 39 -0.94  1.0  0.0000     2.624  6.0E-01   0.01 |   0.51  -0.51   0.53   2.25 |   0.49  -0.49   0.50
 38 -0.55  1.0  0.0000     2.902  4.1E+00   0.02 |   0.10  -0.10   0.50   1.99 |  -0.01   0.01  -0.49
 35 -0.51  1.0  0.0000     3.217  9.7E+00   0.02 |  -1.43   1.43   0.50   3.10 |  -0.38   0.38   0.26
 32 -0.69  1.0  0.0000     3.659  1.8E+01   0.02 |  -0.67   0.67   0.50   2.39 |  -0.46   0.46   0.41
 40 -0.78  1.0  0.0000     3.875  2.1E+01   0.02 |  -0.95   0.95   0.53   3.19 |  -0.35   0.35   0.20
 33 -0.81  1.0  0.0000     4.176  3.1E+00   0.01 |  -0.11   0.12  -1.45   3.43 |  -0.00   0.00  -0.36
 34 -0.59  1.0  0.0000     4.885  1.9E+00   0.01 |   0.10  -0.10   2.25   3.34 |   0.01  -0.01   0.43
 36 -0.70  1.0  0.0000     5.729  1.3E+00   0.00 |  -0.00   0.00  -3.12   3.78 |  -0.00   0.00  -0.50
----------------------------------------------------------------------------------------------------
--------------------- Canonical basis  -------------------------------------------------------------
____________________________________________________________________________________________________
   Neutron wavefunctions
  i     P   Rz   occ       E        d2h    Delta |   JxT    JyT    Jz      J   |   SxT    SyT    Sz
----------------------------------------------------------------------------------------------------
 20  1.00  1.0  2.0000   -35.475  0.0E+00   0.00 |  -0.50   0.50   0.50   0.52 |  -0.50   0.50   0.50
 19 -0.99  1.0  2.0000   -23.894  0.0E+00   0.02 |  -0.93   0.93   0.50   1.48 |  -0.43   0.43   0.35
 18 -0.99  1.0  2.0000   -22.069  0.0E+00   0.09 |  -0.00  -0.00  -1.50   1.52 |   0.00   0.00  -0.50
 17 -0.94  1.0  1.9585   -17.267  0.0E+00   1.64 |   0.38  -0.38   0.50   0.70 |  -0.08   0.08  -0.34
 16  0.90  1.0  1.2747   -12.297  0.0E+00   1.87 |  -1.25   1.25   0.50   2.30 |  -0.39   0.39   0.27
 15  0.98  1.0  0.5792   -10.931  0.0E+00   1.80 |  -0.00   0.00  -1.50   2.51 |  -0.00   0.00  -0.39
 14  0.97  1.0  0.1456    -9.234  0.0E+00   1.54 |   0.00  -0.00   2.50   2.53 |  -0.00   0.00   0.50
 13  0.86  1.0  0.0356    -7.258  0.0E+00   1.26 |  -0.52   0.52   0.50   1.44 |  -0.35   0.35   0.20
 12  0.90  1.0  0.0062    -4.141  0.0E+00   0.84 |   0.65  -0.65   0.50   1.45 |  -0.27   0.27   0.04
 11  0.82  1.0  0.0002    -2.434  0.0E+00   0.19 |  -0.00   0.00  -1.49   1.77 |   0.00  -0.00   0.37
 10 -0.58  1.0  0.0001    -2.351  0.0E+00   0.11 |  -1.26   1.26   0.50   2.91 |  -0.39   0.39   0.29
  9 -0.84  1.0  0.0000     0.357  0.0E+00   0.01 |   0.00  -0.00  -1.50   3.27 |   0.00  -0.00  -0.36
  6 -0.62  1.0  0.0000     0.572  0.0E+00   0.00 |   0.05   0.02  -1.46   2.22 |   0.06   0.05  -0.47
  5 -0.68  1.0  0.0000     0.723  0.0E+00   0.00 |   0.09  -0.15  -0.18   2.19 |  -0.11  -0.01  -0.40
  7 -0.66  1.0  0.0000     1.160  0.0E+00   0.00 |  -1.17   1.17   0.47   2.68 |  -0.33   0.33   0.16
  1 -0.94  1.0  0.0000     1.547  0.0E+00   0.00 |   0.47  -0.47   0.41   2.27 |   0.48  -0.48   0.49
  2  0.89  1.0  0.0000     1.568  0.0E+00   0.00 |  -0.01   0.03   0.51   2.23 |   0.00   0.01  -0.50
  8 -0.75  1.0  0.0000     1.650  0.0E+00   0.00 |  -0.02   0.02   2.48   3.44 |   0.00  -0.00   0.42
  4 -0.78  1.0  0.0000     2.617  0.0E+00   0.00 |   0.02  -0.02  -2.74   3.34 |  -0.00   0.00  -0.49
  3 -0.66  1.0  0.0000     3.001  0.0E+00   0.00 |  -0.08   0.08   0.50   3.00 |  -0.44   0.44   0.37
____________________________________________________________________________________________________
   Proton  wavefunctions
  i     P   Rz   occ       E        d2h    Delta |   JxT    JyT    Jz      J   |   SxT    SyT    Sz
----------------------------------------------------------------------------------------------------
 40  1.00  1.0  2.0000   -30.951  0.0E+00   0.00 |  -0.50   0.50   0.50   0.52 |  -0.50   0.50   0.50
 39 -0.99  1.0  2.0000   -19.570  0.0E+00   0.02 |  -0.92   0.92   0.50   1.48 |  -0.43   0.43   0.35
 38 -0.99  1.0  1.9999   -17.711  0.0E+00   0.12 |  -0.00  -0.00  -1.50   1.52 |   0.00   0.00  -0.50
 37 -0.93  1.0  1.9519   -12.997  0.0E+00   1.72 |   0.37  -0.37   0.50   0.71 |  -0.08   0.08  -0.35
 36  0.88  1.0  1.2712    -8.192  0.0E+00   1.92 |  -1.23   1.23   0.50   2.31 |  -0.39   0.39   0.28
 35  0.97  1.0  0.5764    -6.780  0.0E+00   1.87 |  -0.00   0.00  -1.50   2.51 |  -0.00   0.00  -0.40
 34  0.96  1.0  0.1519    -5.088  0.0E+00   1.60 |   0.00  -0.00   2.50   2.53 |  -0.00   0.00   0.50
 33  0.84  1.0  0.0391    -3.346  0.0E+00   1.28 |  -0.49   0.49   0.50   1.54 |  -0.34   0.34   0.17
 32  0.84  1.0  0.0091    -0.508  0.0E+00   0.96 |   0.52  -0.52   0.50   1.46 |  -0.29   0.29   0.09
 31  0.79  1.0  0.0004     1.251  0.0E+00   0.26 |   0.00  -0.00  -1.45   1.81 |   0.02  -0.02   0.37
 25 -0.53  1.0  0.0000     2.351  0.0E+00   0.00 |  -0.12   0.13   0.42   1.94 |  -0.01   0.02  -0.47
 30 -0.62  1.0  0.0000     2.730  0.0E+00   0.03 |  -1.41   1.41   0.50   2.95 |  -0.36   0.36   0.22
 21 -0.98  1.0  0.0000     2.856  0.0E+00   0.00 |   0.45  -0.45   0.40   2.19 |   0.47  -0.47   0.49
 28 -0.72  1.0  0.0000     3.125  0.0E+00   0.00 |  -0.02  -0.06  -1.46   2.69 |   0.00  -0.01  -0.44
 29 -0.73  1.0  0.0000     3.255  0.0E+00   0.02 |   0.04  -0.04  -1.49   3.03 |   0.01  -0.01  -0.41
 23  0.54  1.0  0.0000     3.274  0.0E+00   0.00 |  -0.41   0.41   0.10   2.64 |  -0.09   0.10  -0.31
 22 -0.66  1.0  0.0000     3.455  0.0E+00   0.00 |  -0.13   0.13   0.53   2.40 |  -0.31   0.32   0.13
 27 -0.56  1.0  0.0000     4.611  0.0E+00   0.00 |  -0.88   0.97   0.51   3.10 |  -0.40   0.40   0.30
 26 -0.63  1.0  0.0000     4.637  0.0E+00   0.00 |   0.00  -0.00   2.41   3.39 |   0.02  -0.02   0.43
 24 -0.62  1.0  0.0000     5.410  0.0E+00   0.00 |  -0.03   0.03  -2.66   3.63 |  -0.01   0.01  -0.47
----------------------------------------------------------------------------------------------------
---------------------------------Quasiparticles---------------------------------
Block 1:  P=+1  neutrons
  N      Eqp       f_n      |   U   V  |   B  P  ov_TR |    JxT    JyT    Jz
________________________________________________________________________________
  1    -23.71      0.00E+00 |    1   0 |   -  -  0.000 |    0.00   0.00   0.50
  2    -14.65      0.00E+00 |    0  16 |   -  -  0.000 |    0.00   0.00   3.41
  3    -14.48      0.00E+00 |    0  20 |   -  -  0.000 |    0.00   0.00  -0.50
  4    -13.69      0.00E+00 |    0  19 |   -  -  0.000 |    0.00   0.00  -1.31
  5    -13.39      0.00E+00 |    0   8 |   -  -  0.000 |    0.00   0.00  -0.51
  6    -13.12      0.00E+00 |    0  15 |   -  -  0.000 |    0.00   0.00  -0.50
  7    -13.03      0.00E+00 |    0  14 |   -  -  0.000 |    0.00   0.00  -1.54
  8    -12.66      0.00E+00 |    0  17 |   -  -  0.000 |    0.00   0.00   1.44
  9    -12.29      0.00E+00 |    0  18 |   -  -  0.000 |    0.00   0.00  -0.45
 10    -12.13      0.00E+00 |    9   0 |   -  -  0.000 |    0.00   0.00   0.50
 11    -11.80      0.00E+00 |    0  13 |   -  -  0.000 |    0.00   0.00   1.50
 12    -10.30      0.00E+00 |   10   0 |   -  -  0.000 |    0.00   0.00  -1.50
 13     -9.43      0.00E+00 |    0  12 |   -  -  0.000 |    0.00   0.00  -0.50
 14     -9.34      0.00E+00 |    0   7 |   -  -  0.000 |    0.00   0.00   1.49
 15     -7.63      0.00E+00 |    0   6 |   -  -  0.000 |    0.00   0.00  -0.50
 16     -5.74      0.00E+00 |   11  11 |   -  -  0.000 |    0.00   0.00   0.48
 17     -4.66      0.00E+00 |    5   5 |   -  -  0.000 |    0.00   0.00  -0.48
 18     -2.96      0.00E+00 |    4   4 |   -  -  0.000 |    0.00   0.00  -2.14
 19     -1.98      0.00E+00 |    3   3 |   -  -  0.000 |    0.00   0.00   0.63
 20     -1.94      0.00E+00 |    2   2 |   -  -  0.000 |    0.00   0.00   0.14
 21      1.94      1.00E+00 |    2   2 |   -  -  0.000 |    0.00   0.00  -0.14
 22      1.98      1.00E+00 |    3   3 |   -  -  0.000 |    0.00   0.00  -0.63
 23      2.96      1.00E+00 |    4   4 |   -  -  0.000 |    0.00   0.00   2.14
 24      4.66      1.00E+00 |    5   5 |   -  -  0.000 |    0.00   0.00   0.48
 25      5.74      1.00E+00 |   11  11 |   -  -  0.000 |    0.00   0.00  -0.48
 26      7.63      1.00E+00 |    6   0 |   -  -  0.000 |    0.00   0.00   0.50
 27      9.34      1.00E+00 |    7   0 |   -  -  0.000 |    0.00   0.00  -1.49
 28      9.43      1.00E+00 |   12   0 |   -  -  0.000 |    0.00   0.00   0.50
 29     10.30      1.00E+00 |    0  10 |   -  -  0.000 |    0.00   0.00   1.50
 30     11.80      1.00E+00 |   13   0 |   -  -  0.000 |    0.00   0.00  -1.50
 31     12.13      1.00E+00 |    0   9 |   -  -  0.000 |    0.00   0.00  -0.50
 32     12.29      1.00E+00 |   18   0 |   -  -  0.000 |    0.00   0.00   0.45
 33     12.66      1.00E+00 |   17   0 |   -  -  0.000 |    0.00   0.00  -1.44
 34     13.03      1.00E+00 |   14   0 |   -  -  0.000 |    0.00   0.00   1.54
 35     13.12      1.00E+00 |   15   0 |   -  -  0.000 |    0.00   0.00   0.50
 36     13.39      1.00E+00 |    8   0 |   -  -  0.000 |    0.00   0.00   0.51
 37     13.69      1.00E+00 |   19   0 |   -  -  0.000 |    0.00   0.00   1.31
 38     14.48      1.00E+00 |   20   0 |   -  -  0.000 |    0.00   0.00   0.50
 39     14.65      1.00E+00 |   16   0 |   -  -  0.000 |    0.00   0.00  -3.41
 40     23.71      1.00E+00 |    0   1 |   -  -  0.000 |    0.00   0.00  -0.50

Block 5:  P=+1   protons
  N      Eqp       f_n      |   U   V  |   B  P  ov_TR |    JxT    JyT    Jz
________________________________________________________________________________
  1    -23.30      0.00E+00 |   21   0 |   -  -  0.000 |    0.00   0.00   0.50
  2    -13.38      0.00E+00 |    0  36 |   -  -  0.000 |    0.00   0.00   3.12
  3    -12.54      0.00E+00 |    0  34 |   -  -  0.000 |    0.00   0.00  -2.25
  4    -11.92      0.00E+00 |   29   0 |   -  -  0.000 |    0.00   0.00   0.50
  5    -11.83      0.00E+00 |    0  33 |   -  -  0.000 |    0.00   0.00   1.45
  6    -11.53      0.00E+00 |    0  40 |   -  -  0.000 |    0.00   0.00  -0.53
  7    -11.31      0.00E+00 |    0  32 |   -  -  0.000 |    0.00   0.00  -0.50
  8    -10.87      0.00E+00 |    0  35 |   -  -  0.000 |    0.00   0.00  -0.50
  9    -10.56      0.00E+00 |    0  38 |   -  -  0.000 |    0.00   0.00  -0.50
 10    -10.28      0.00E+00 |    0  39 |   -  -  0.000 |    0.00   0.00  -0.53
 11    -10.12      0.00E+00 |    0  28 |   -  -  0.000 |    0.00   0.00  -0.49
 12    -10.06      0.00E+00 |   30   0 |   -  -  0.000 |    0.00   0.00  -1.50
 13     -9.86      0.00E+00 |    0  37 |   -  -  0.000 |    0.00   0.00   1.47
 14     -8.89      0.00E+00 |    0  27 |   -  -  0.000 |    0.00   0.00   1.44
 15     -7.22      0.00E+00 |    0  26 |   -  -  0.000 |    0.00   0.00  -0.49
 16     -5.61      0.00E+00 |   31  31 |   -  -  0.000 |    0.00   0.00   0.48
 17     -4.47      0.00E+00 |   25  25 |   -  -  0.000 |    0.00   0.00  -0.48
 18     -3.03      0.00E+00 |   24  24 |   -  -  0.000 |    0.00   0.00  -2.12
 19     -2.07      0.00E+00 |   23  23 |   -  -  0.000 |    0.00   0.00   0.64
 20     -1.99      0.00E+00 |   22  22 |   -  -  0.000 |    0.00   0.00   0.13
 21      1.99      1.00E+00 |   22  22 |   -  -  0.000 |    0.00   0.00  -0.13
 22      2.07      1.00E+00 |   23  23 |   -  -  0.000 |    0.00   0.00  -0.64
 23      3.03      1.00E+00 |   24  24 |   -  -  0.000 |    0.00   0.00   2.12
 24      4.47      1.00E+00 |   25  25 |   -  -  0.000 |    0.00   0.00   0.48
 25      5.61      1.00E+00 |   31  31 |   -  -  0.000 |    0.00   0.00  -0.48
 26      7.22      1.00E+00 |   26   0 |   -  -  0.000 |    0.00   0.00   0.49
 27      8.89      1.00E+00 |   27   0 |   -  -  0.000 |    0.00   0.00  -1.44
 28      9.86      1.00E+00 |   37   0 |   -  -  0.000 |    0.00   0.00  -1.47
 29     10.06      1.00E+00 |    0  30 |   -  -  0.000 |    0.00   0.00   1.50
 30     10.12      1.00E+00 |   28   0 |   -  -  0.000 |    0.00   0.00   0.49
 31     10.28      1.00E+00 |   39   0 |   -  -  0.000 |    0.00   0.00   0.53
 32     10.56      1.00E+00 |   38   0 |   -  -  0.000 |    0.00   0.00   0.50
 33     10.87      1.00E+00 |   35   0 |   -  -  0.000 |    0.00   0.00   0.50
 34     11.31      1.00E+00 |   32   0 |   -  -  0.000 |    0.00   0.00   0.50
 35     11.53      1.00E+00 |   40   0 |   -  -  0.000 |    0.00   0.00   0.53
 36     11.83      1.00E+00 |   33   0 |   -  -  0.000 |    0.00   0.00  -1.45
 37     11.92      1.00E+00 |    0  29 |   -  -  0.000 |    0.00   0.00  -0.50
 38     12.54      1.00E+00 |   34   0 |   -  -  0.000 |    0.00   0.00   2.25
 39     13.38      1.00E+00 |   36   0 |   -  -  0.000 |    0.00   0.00  -3.12
 40     23.30      1.00E+00 |    0  21 |   -  -  0.000 |    0.00   0.00  -0.50

--------------------------------------------------------------------------------
---------------- Electric Multipole Moments -----------------
Quantisation Axis             : Z
  With secondary axis ordering: X,Y
______________________________________________________________
                     Neutrons        Protons         Total
______________________________________________________________
 Particles           10.0000         10.0000         20.0000

Re  Q_{ 1 0}         -0.0315          0.0575          0.0261
Constrained                                           0.0000
Re De_{ 1 0}                                   0.2605673E-01
Re La_{ 1 0}                                         -0.2846

Re  Q_{ 2 0}          8.2928          9.1317         17.4245
Re  Q_{ 2 2}          0.0000          0.0000          0.0001

Re  Q_{ 3 0}         21.9131         28.1789         50.0920
Constrained                                          50.0000
Re De_{ 3 0}                                   0.9198588E-01
Re La_{ 3 0}                                          0.0605
Re  Q_{ 3 2}          0.0000          0.0000          0.0000

Re  Q_{ 4 0}         72.2932        112.4961        184.7893
Re  Q_{ 4 2}          0.0002         -0.0005         -0.0003
Re  Q_{ 4 4}         -0.0229         -0.1129         -0.1358

Re  Q_{ 5 0}        331.2580        570.1732        901.4312
Re  Q_{ 5 2}          0.0005          0.0012          0.0017
Re  Q_{ 5 4}          0.1023          0.3066          0.4089

Re  Q_{ 6 0}       1670.7923       3541.1153       5211.9076
Re  Q_{ 6 2}          0.0000         -0.0098         -0.0098
Re  Q_{ 6 4}          1.5045          2.2783          3.7827
Re  Q_{ 6 6}          0.0002          0.0002          0.0005

Re  Q_{ 7 0}       5926.0127      14564.4406      20490.4534
Re  Q_{ 7 2}         -0.0254         -0.2520         -0.2774
Re  Q_{ 7 4}        -34.7196        -90.7413       -125.4609
Re  Q_{ 7 6}         -0.0104         -0.0643         -0.0748

Re  Q_{ 8 0}      33885.9483     103145.6003     137031.5486
Re  Q_{ 8 2}          0.2405          1.5069          1.7474
Re  Q_{ 8 4}        171.3588        683.6932        855.0521
Re  Q_{ 8 6}          0.1413          0.7397          0.8811
Re  Q_{ 8 8}        -70.8876        226.8783        155.9907

Re  Q_{ 9 0}      54126.4107     291552.9286     345679.3393
Re  Q_{ 9 2}         -0.4612         -5.9046         -6.3658
Re  Q_{ 9 4}         44.7946       4720.2309       4765.0255
Re  Q_{ 9 6}         -1.0612         -6.7077         -7.7689
Re  Q_{ 9 8}        657.8678       4877.2861       5535.1539

Re  Q_{10 0}    -265272.3440    1324433.9682    1059161.6242
Re  Q_{10 2}         -4.8063        -38.0266        -42.8329
Re  Q_{10 4}     -29860.4394     -22517.6544     -52378.0937
Re  Q_{10 6}          0.5578        -39.2943        -38.7365
Re  Q_{10 8}      -6363.2375      48674.7444      42311.5069
Re  Q_{1010}          0.7523         16.1776         16.9299

 RMS radius           2.8558          2.9699          2.9134
______________________________________________________________
                     Neutrons        Protons         Total
______________________________________________________________


Beta_{ 2 0}       0.16369825      0.18025776      0.34395602
Beta_{ 2 2}       0.00000087      0.00000080      0.00000167

Beta_{ 3 0}       0.13279695      0.17076905      0.30356600
Beta_{ 3 2}       0.00000002      0.00000009      0.00000011

Beta_{ 4 0}       0.13450065      0.20929773      0.34379838
Beta_{ 4 2}       0.00000037     -0.00000102     -0.00000065
Beta_{ 4 4}      -0.00004268     -0.00020998     -0.00025266

Beta_{ 5 0}       0.18920620      0.32566860      0.51487480
Beta_{ 5 2}       0.00000026      0.00000069      0.00000095
Beta_{ 5 4}       0.00005844      0.00017512      0.00023356

Beta_{ 6 0}       0.29297706      0.62094225      0.91391932
Beta_{ 6 2}       0.00000001     -0.00000172     -0.00000171
Beta_{ 6 4}       0.00026381      0.00039950      0.00066331
Beta_{ 6 6}       0.00000004      0.00000004      0.00000008

Beta_{ 7 0}       0.31901846      0.78405593      1.10307439
Beta_{ 7 2}      -0.00000137     -0.00001356     -0.00001493
Beta_{ 7 4}      -0.00186908     -0.00488493     -0.00675401
Beta_{ 7 6}      -0.00000056     -0.00000346     -0.00000402

Beta_{ 8 0}       0.56003474      1.70469242      2.26472716
Beta_{ 8 2}       0.00000398      0.00002490      0.00002888
Beta_{ 8 4}       0.00283206      0.01129943      0.01413149
Beta_{ 8 6}       0.00000234      0.00001223      0.00001456
Beta_{ 8 8}      -0.00117156      0.00374963      0.00257807

Beta_{ 9 0}       0.27462916      1.47929511      1.75392426
Beta_{ 9 2}      -0.00000234     -0.00002996     -0.00003230
Beta_{ 9 4}       0.00022728      0.02394973      0.02417701
Beta_{ 9 6}      -0.00000538     -0.00003403     -0.00003942
Beta_{ 9 8}       0.00333792      0.02474661      0.02808453

Beta_{10 0}      -0.41321062      2.06305028      1.64983965
Beta_{10 2}      -0.00000749     -0.00005923     -0.00006672
Beta_{10 4}      -0.04651314     -0.03507540     -0.08158855
Beta_{10 6}       0.00000087     -0.00006121     -0.00006034
Beta_{10 8}      -0.00991192      0.07581990      0.06590798
Beta_{1010}       0.00000117      0.00002520      0.00002637

______________________________________________________________
                     Neutrons        Protons         Total
______________________________________________________________
Q_{ 1}                0.0315          0.0575          0.0261
Q_{ 2}                8.2928          9.1317         17.4245
Q_{ 3}               21.9131         28.1789         50.0920
Q_{ 4}               72.2932        112.4962        184.7894
Q_{ 5}              331.2580        570.1734        901.4314
Q_{ 6}             1670.7937       3541.1168       5211.9104
Q_{ 7}             5926.2162      14565.0060      20491.2215
Q_{ 8}            33886.9632     103150.6311     137037.0615
Q_{ 9}            54134.4432     291710.8968     345833.6198
Q_{10}           268763.2598    1326603.8948    1063433.5006
______________________________________________________________
                     Neutrons        Protons         Total
______________________________________________________________
Beta_{   1}       0.00202260      0.00369801      0.00167541
Beta_{   2}       0.16369825      0.18025776      0.34395602
Beta_{   3}       0.13279695      0.17076905      0.30356600
Beta_{   4}       0.13450066      0.20929794      0.34379857
Beta_{   5}       0.18920622      0.32566869      0.51487491
Beta_{   6}       0.29297730      0.62094251      0.91391980
Beta_{   7}       0.31902941      0.78408637      1.10311575
Beta_{   8}       0.56005151      1.70477557      2.26481828
Beta_{   9}       0.27466991      1.48009661      1.75470706
Beta_{  10}       0.41864837      2.06643034      1.65649389
______________________________________________________________
 Cart. Moments X              Y              Z
 Cart. N      -13.1466625    -13.1470059     26.2936684
 Cart. P      -14.4765946    -14.4769084     28.9535030
 Cart. T      -27.6232571    -27.6239143     55.2471715
 (Q, gamma)    Q              Gamma
 (Q,g) N       26.2936684      0.0004320
 (Q,g) P       28.9535030      0.0003585
 (Q,g) T       55.2471715      0.0003935
 (iq1, iq2)    iq1            iq2
 iq    N       26.2935540      0.0002289
 iq    P       28.9533985      0.0002092
 iq    T       55.2469524      0.0004381
               X^2            Y^2            Z^2
 X^2_i N       22.8026365     22.8025221     35.9494135
 X^2_i P       23.3011126     23.3010080     37.7778118
 X^2_i T       46.1037491     46.1035301     73.7272253
------------------------------------------------------------
------------------------- Angular Momentum (hbar) --------------------------

               Spwfs(*)    Desired     Omega       E (MeV)      Densit. 
  __________________________________________________________________________
   J_x   |     0.00000     0.00000     0.00000     0.00000     0.00000
   J_y   |     0.00000     0.00000     0.00000     0.00000     0.00000
   J_z   |     0.00000     0.00000     0.00000     0.00000     0.00000
  __________________________________________________________________________
   Size  |     0.00000     0.00000     0.00000                 0.00000
  --------------------------------------------------------------------------
---------------------Rotational properties--------------------
                Rigid rotor          (hbar^2/MeV)
              n              p              t 
 I_R X       1.4166980      1.4728067      2.8895046
 I_R Y       1.4167008      1.4728092      2.8895099
 I_R Z       1.0996869      1.1237269      2.2234139

                Belyaev                 (hbar^2/MeV) 
              n              p              t 
 I_B X       0.4066522      0.4003409      0.8069931
 I_B Y       0.4066363      0.4003264      0.8069627
 I_B Z       0.0000071      0.0000151      0.0000221

                Belyaev (collective)    (hbar^2/MeV) 
              n              p              t 
 I_B X       0.4066522      0.4003409      0.8069931
 I_B Y       0.4066363      0.4003264      0.8069627
 I_B Z       0.0000071      0.0000151      0.0000221

                 <J^2> - <J>^2          (hbar^2)
              n              p              t 
 J2_X        1.0741049      1.0930864      2.1671913
 J2_Y        1.0740701      1.0930536      2.1671236
 J2_Z        0.0000425      0.0000945      0.0001370
 J2_t        2.1482175      2.1862344      4.3344519

                 <J^2> - <J>^2 (coll.)  (hbar^2)
              n              p              t 
 J2_X        1.0741049      1.0930864      2.1671913
 J2_Y        1.0740701      1.0930536      2.1671236
 J2_Z        0.0000425      0.0000945      0.0001370
 J2_t        2.1482175      2.1862344      4.3344519
-------------------------- Pairing -------------------------
                          N         P 
 Fermi Level (MeV)    -11.76442015    -7.65381261
 Particles             10.00000000    10.00000000
 Dispersion             2.18065017     2.21633257
 Average gap   v^2      0.71159332     0.74594641
 Average gap   uv       1.65787068     1.70868658
------------------------------------------------------------
--------------------------------------------------------------------------------
 Skyrme Energy 
                                    Isoscalar      Isovector   |   Total
--------------------------------------------------------------------------------
  E_D_I_I_D_I_I                  -1306.677378       0.055961   -1306.621417
  E_D_I_I_D_Nm_Nm                   28.406829      -0.003431      28.403398
  E_D_I_I_Lap_D_I_I                 58.419046       0.001472      58.420518
  E_D_I_I_D_I_I_DD                 744.286917      -0.028313     744.258604
  E_C_I_NmSk_C_I_NmSk                0.000000       0.000000       0.000000
  E_D_I_I_Derm_C_I_NxmSxm          -11.812137      -0.000615     -11.812752
  E_DP_I_I_DP_I_I                                                 -5.266802
--------------------------------------------------------------------------------
                 Total Skyrme:                                  -492.618451
                    time-even:                                  -492.618451
                    time-odd :                                     0.000000
--------------------------------------------------------------------------------
--------------------------------------------------------------------------------
                                     neutron        proton         total
                Kinetic Energy:     164.722520     161.104833     325.827353
                    COM 1-body:      -8.236126      -8.055242     -16.291368
                    COM 2-body:       3.294585       3.232401       6.526987
                            ph:       3.269681       3.205977       6.475658
                            pp:       0.024904       0.026424       0.051328
                 Collective T:                                     -2.497966

                 Rotational  T:                                    -2.497966
                 Rotational  X:                                    -1.248746
                 Rotational  Y:                                    -1.248754
                 Rotational  Z:                                    -0.000467

                 Vibrational T:                                     0.000000
                 Vibrational X:                                    -0.000000
                 Vibrational Y:                                    -0.000000
                 Vibrational Z:                                    -0.000000


                Coulomb Direct:       0.000000      23.532239      23.532239
                      Exchange:       0.000000       0.000000       0.000000

               Pairing (delta):      -2.563489      -2.704529      -5.268019
               Pairing (densi):                                    -5.266802
--------------------------------------------------------------------------------
                  Total energy:                                  -155.521207
                    from spwfs:                                  -155.367869
                   E_fu - E_sp:                                -0.153338E+00
                   (no corr.) :                                  -159.550227
                      Routhian:                                  -156.957647
                         dE   :                                 0.334891E+00
                         dR   :                                 0.314716E+00
--------------------------------------------------------------------------------
--------------------------------------------------------------------------------
 Iteration =   21
 dt  =   0.0247      mu  =   0.8281 gradn=    0.000E+00 D2H =    1.551E-01
 E   =   -155.542    DE  = -0.13077E-03
 R   =   -157.004    DR  = -0.29605E-03
 R-E =     -1.463  D(R-E)= -0.16806E-03
 dmun= -1.7E-02      dmup= -1.9E-02
 RQ10=      0.0279   dQ =-2.0E-02  L =     -0.2906   dL =-6.1E-03  dev =-2.8E-02
 RQ20=     17.5434   dQ = 1.5E-01  L =      0.0000   dL = 0.0E+00  dev = 0.0E+00
 RQ22=      0.0001   dQ = 1.8E-07  L =      0.0000   dL = 0.0E+00  dev = 0.0E+00
 RQ30=     50.1775   dQ = 1.5E+00  L =      0.0613   dL = 7.8E-04  dev =-1.8E-01
 Jz  =    0.000      dJZ =  0.0E+00
--------------------------------------------------------------------------------
 Iteration =   22
 dt  =   0.0247      mu  =   0.8279 gradn=    0.000E+00 D2H =    1.359E-01
 E   =   -155.573    DE  = -0.20491E-03
 R   =   -157.055    DR  = -0.32352E-03
 R-E =     -1.482  D(R-E)= -0.12168E-03
 dmun= -1.7E-02      dmup= -2.1E-02
 RQ10=      0.0251   dQ =-2.6E-02  L =     -0.2971   dL =-6.4E-03  dev =-2.5E-02
 RQ20=     17.6672   dQ = 1.3E-01  L =      0.0000   dL = 0.0E+00  dev = 0.0E+00
 RQ22=      0.0001   dQ = 1.2E-07  L =      0.0000   dL = 0.0E+00  dev = 0.0E+00
 RQ30=     50.0885   dQ = 1.3E+00  L =      0.0620   dL = 6.9E-04  dev =-8.8E-02
 Jz  =    0.000      dJZ =  0.0E+00
--------------------------------------------------------------------------------
 Iteration =   23
 dt  =   0.0247      mu  =   0.8277 gradn=    0.000E+00 D2H =    1.144E-01
 E   =   -155.600    DE  = -0.17076E-03
 R   =   -157.102    DR  = -0.29868E-03
 R-E =     -1.502  D(R-E)= -0.13080E-03
 dmun= -1.7E-02      dmup= -2.1E-02
 RQ10=      0.0250   dQ =-2.5E-02  L =     -0.3033   dL =-6.2E-03  dev =-2.5E-02
 RQ20=     17.8115   dQ = 1.3E-01  L =      0.0000   dL = 0.0E+00  dev = 0.0E+00
 RQ22=      0.0001   dQ = 8.5E-08  L =      0.0000   dL = 0.0E+00  dev = 0.0E+00
 RQ30=     50.1000   dQ = 1.3E+00  L =      0.0627   dL = 6.8E-04  dev =-1.0E-01
 Jz  =    0.000      dJZ =  0.0E+00
--------------------------------------------------------------------------------
 Iteration =   24
 dt  =   0.0247      mu  =   0.8276 gradn=    0.000E+00 D2H =    9.378E-02
 E   =   -155.631    DE  = -0.20080E-03
 R   =   -157.147    DR  = -0.28927E-03
 R-E =     -1.516  D(R-E)= -0.91295E-04
 dmun= -1.7E-02      dmup= -2.1E-02
 RQ10=      0.0220   dQ =-2.9E-02  L =     -0.3097   dL =-6.4E-03  dev =-2.2E-02
 RQ20=     17.9578   dQ = 1.2E-01  L =      0.0000   dL = 0.0E+00  dev = 0.0E+00
 RQ22=      0.0001   dQ = 5.0E-10  L =      0.0000   dL = 0.0E+00  dev = 0.0E+00
 RQ30=     49.9946   dQ = 1.0E+00  L =      0.0633   dL = 5.9E-04  dev = 5.4E-03
 Jz  =    0.000      dJZ =  0.0E+00
--------------------------------------------------------------------------------
 Iteration =   25
 dt  =   0.0247      mu  =   0.8275 gradn=    0.000E+00 D2H =    7.574E-02
 E   =   -155.657    DE  = -0.16413E-03
 R   =   -157.186    DR  = -0.24869E-03
 R-E =     -1.530  D(R-E)= -0.86999E-04
 dmun= -1.6E-02      dmup= -1.9E-02
 RQ10=      0.0203   dQ =-2.9E-02  L =     -0.3159   dL =-6.2E-03  dev =-2.0E-02
 RQ20=     18.1111   dQ = 1.0E-01  L =      0.0000   dL = 0.0E+00  dev = 0.0E+00
 RQ22=      0.0001   dQ =-3.3E-07  L =      0.0000   dL = 0.0E+00  dev = 0.0E+00
 RQ30=     49.9325   dQ = 8.6E-01  L =      0.0638   dL = 5.4E-04  dev = 6.8E-02
 Jz  =    0.000      dJZ =  0.0E+00
--------------------------------------------------------------------------------
 Iteration =   26
 dt  =   0.0247      mu  =   0.8273 gradn=    0.000E+00 D2H =    6.242E-02
 E   =   -155.684    DE  = -0.17178E-03
 R   =   -157.222    DR  = -0.22760E-03
 R-E =     -1.539  D(R-E)= -0.58071E-04
 dmun= -1.5E-02      dmup= -1.7E-02
 RQ10=      0.0165   dQ =-3.2E-02  L =     -0.3220   dL =-6.1E-03  dev =-1.7E-02
 RQ20=     18.2589   dQ = 8.1E-02  L =      0.0000   dL = 0.0E+00  dev = 0.0E+00
 RQ22=      0.0001   dQ =-4.4E-07  L =      0.0000   dL = 0.0E+00  dev = 0.0E+00
 RQ30=     49.7911   dQ = 5.6E-01  L =      0.0642   dL = 4.4E-04  dev = 2.1E-01
 Jz  =    0.000      dJZ =  0.0E+00
--------------------------------------------------------------------------------
 Iteration =   27
 dt  =   0.0247      mu  =   0.8272 gradn=    0.000E+00 D2H =    5.173E-02
 E   =   -155.706    DE  = -0.14717E-03
 R   =   -157.254    DR  = -0.20081E-03
 R-E =     -1.547  D(R-E)= -0.55635E-04
 dmun= -1.4E-02      dmup= -1.5E-02
 RQ10=      0.0136   dQ =-3.2E-02  L =     -0.3278   dL =-5.8E-03  dev =-1.4E-02
 RQ20=     18.4039   dQ = 6.0E-02  L =      0.0000   dL = 0.0E+00  dev = 0.0E+00
 RQ22=      0.0001   dQ =-1.0E-06  L =      0.0000   dL = 0.0E+00  dev = 0.0E+00
 RQ30=     49.6801   dQ = 3.5E-01  L =      0.0646   dL = 3.9E-04  dev = 3.2E-01
 Jz  =    0.000      dJZ =  0.0E+00
--------------------------------------------------------------------------------
 Iteration =   28
 dt  =   0.0247      mu  =   0.8271 gradn=    0.000E+00 D2H =    4.394E-02
 E   =   -155.730    DE  = -0.15137E-03
 R   =   -157.284    DR  = -0.19078E-03
 R-E =     -1.554  D(R-E)= -0.41315E-04
 dmun= -1.3E-02      dmup= -1.4E-02
 RQ10=      0.0098   dQ =-3.4E-02  L =     -0.3333   dL =-5.5E-03  dev =-9.8E-03
 RQ20=     18.5404   dQ = 3.6E-02  L =      0.0000   dL = 0.0E+00  dev = 0.0E+00
 RQ22=      0.0001   dQ =-1.8E-06  L =      0.0000   dL = 0.0E+00  dev = 0.0E+00
 RQ30=     49.5432   dQ = 8.1E-02  L =      0.0649   dL = 3.1E-04  dev = 4.6E-01
 Jz  =    0.000      dJZ =  0.0E+00
--------------------------------------------------------------------------------
 Iteration =   29
 dt  =   0.0247      mu  =   0.8269 gradn=    0.000E+00 D2H =    3.991E-02
 E   =   -155.749    DE  = -0.12428E-03
 R   =   -157.311    DR  = -0.17004E-03
 R-E =     -1.561  D(R-E)= -0.47473E-04
 dmun= -1.3E-02      dmup= -1.3E-02
 RQ10=      0.0070   dQ =-3.4E-02  L =     -0.3384   dL =-5.1E-03  dev =-7.0E-03
 RQ20=     18.6759   dQ = 2.2E-02  L =      0.0000   dL = 0.0E+00  dev = 0.0E+00
 RQ22=      0.0001   dQ =-2.6E-06  L =      0.0000   dL = 0.0E+00  dev = 0.0E+00
 RQ30=     49.4841   dQ =-7.7E-02  L =      0.0652   dL = 2.5E-04  dev = 5.2E-01
 Jz  =    0.000      dJZ =  0.0E+00
--------------------- Sp wavefunctions -------------------------------------------------------------
____________________________________________________________________________________________________
   Neutron wavefunctions
  i     P   Rz   occ       E        d2h    Delta |   JxT    JyT    Jz      J   |   SxT    SyT    Sz
----------------------------------------------------------------------------------------------------
  1  1.00  1.0  1.0000   -35.413  1.6E-02   0.00 |  -0.50   0.50   0.50   0.52 |  -0.50   0.50   0.50
  9 -0.99  1.0  1.0000   -24.040  7.5E-02   0.02 |  -0.90   0.90   0.50   1.47 |  -0.44   0.44   0.37
 10 -0.98  1.0  1.0000   -21.979  2.2E-02   0.11 |  -0.00  -0.00  -1.50   1.52 |   0.00   0.00  -0.50
 11 -0.93  1.0  0.9794   -17.252  4.9E-02   1.58 |   0.35  -0.35   0.50   0.72 |  -0.07   0.07  -0.36
  2  0.89  1.0  0.6715   -12.596  2.2E-01   1.86 |  -1.21   1.21   0.50   2.27 |  -0.39   0.39   0.29
  3  0.97  1.0  0.2707   -11.007  7.6E-02   1.76 |  -0.00   0.00  -1.50   2.50 |  -0.00   0.00  -0.41
  4  0.96  1.0  0.0565    -9.111  3.5E-02   1.46 |   0.00  -0.00   2.50   2.53 |   0.00  -0.00   0.50
  5  0.85  1.0  0.0161    -7.350  2.9E-01   1.18 |  -0.65   0.65   0.50   1.46 |  -0.39   0.39   0.29
  6  0.72  1.0  0.0042    -4.611  9.7E-01   0.90 |   0.56  -0.56   0.50   1.66 |  -0.27   0.27   0.03
 12 -0.13  1.0  0.0015    -4.328  3.6E+00   0.50 |  -0.64   0.64   0.50   2.76 |  -0.41   0.41   0.32
  7  0.79  1.0  0.0001    -2.471  1.3E-01   0.16 |  -0.00   0.00  -1.49   1.81 |   0.00  -0.00   0.37
 13 -0.75  1.0  0.0000    -0.304  4.5E-01   0.01 |   0.03  -0.02  -1.49   2.79 |   0.00  -0.00  -0.43
 18 -0.53  1.0  0.0000     0.230  5.1E-01   0.02 |  -0.10   0.10   0.46   1.80 |  -0.01   0.01  -0.48
 17 -0.58  1.0  0.0000     0.668  4.4E-01   0.01 |   0.03  -0.03  -1.44   2.79 |   0.01  -0.01  -0.39
 15 -0.53  1.0  0.0000     0.736  2.6E+00   0.02 |  -0.90   0.90   0.50   2.54 |  -0.41   0.41   0.32
 14 -0.71  1.0  0.0000     1.112  2.9E-01   0.01 |   0.14  -0.14   1.50   2.91 |   0.29  -0.29   0.46
 20 -0.56  1.0  0.0000     1.205  8.9E+00   0.01 |  -0.36   0.36   0.50   3.15 |  -0.33   0.33   0.16
  8  0.72  1.0  0.0000     1.409  1.1E+00   0.01 |  -0.06   0.07   0.51   2.35 |  -0.01   0.02  -0.48
 19 -0.88  1.0  0.0000     1.879  1.2E-01   0.00 |   0.27  -0.27   1.31   2.89 |   0.17  -0.17   0.44
 16 -0.79  1.0  0.0000     2.865  1.8E-01   0.00 |  -0.00   0.00  -3.39   3.64 |  -0.00   0.00  -0.50
____________________________________________________________________________________________________
   Proton  wavefunctions
  i     P   Rz   occ       E        d2h    Delta |   JxT    JyT    Jz      J   |   SxT    SyT    Sz
----------------------------------------------------------------------------------------------------
 21  1.00  1.0  1.0000   -30.908  1.8E-02   0.00 |  -0.50   0.50   0.50   0.52 |  -0.50   0.50   0.50
 29 -0.99  1.0  1.0000   -19.730  8.0E-02   0.02 |  -0.90   0.90   0.50   1.47 |  -0.44   0.44   0.38
 30 -0.98  1.0  0.9999   -17.642  2.4E-02   0.15 |  -0.00  -0.00  -1.50   1.52 |   0.00   0.00  -0.50
 31 -0.93  1.0  0.9760   -13.002  5.3E-02   1.66 |   0.35  -0.35   0.50   0.73 |  -0.07   0.07  -0.37
 22  0.87  1.0  0.6687    -8.519  2.4E-01   1.90 |  -1.18   1.18   0.50   2.27 |  -0.40   0.40   0.30
 23  0.97  1.0  0.2690    -6.873  8.7E-02   1.83 |  -0.00   0.00  -1.50   2.50 |  -0.00   0.00  -0.41
 24  0.95  1.0  0.0597    -4.987  4.3E-02   1.53 |   0.00  -0.00   2.50   2.53 |   0.00  -0.00   0.50
 25  0.80  1.0  0.0182    -3.550  5.6E-01   1.17 |  -0.67   0.67   0.50   1.59 |  -0.39   0.39   0.28
 26  0.60  1.0  0.0063    -1.268  2.4E+00   0.98 |   0.41  -0.41   0.50   1.76 |  -0.29   0.29   0.08
 40 -0.22  1.0  0.0019    -0.873  1.1E+01   0.37 |  -0.65   0.65   0.50   2.91 |  -0.41   0.41   0.32
 27  0.75  1.0  0.0002     1.129  1.9E-01   0.22 |  -0.00   0.00  -1.44   1.86 |   0.03  -0.03   0.36
 37 -0.56  1.0  0.0000     1.904  3.7E-01   0.04 |   0.03  -0.03  -1.47   2.24 |   0.00  -0.00  -0.48
 28  0.63  1.0  0.0000     2.205  1.1E+00   0.07 |  -0.06   0.06   0.48   2.08 |  -0.01   0.02  -0.47
 39 -0.91  1.0  0.0000     2.580  1.4E-01   0.02 |   0.50  -0.50   0.54   2.26 |   0.49  -0.49   0.50
 38 -0.43  1.0  0.0000     2.685  9.6E-01   0.02 |   0.09  -0.08   0.50   2.10 |  -0.00   0.01  -0.49
 35 -0.44  1.0  0.0000     2.929  3.9E+00   0.04 |  -1.12   1.11   0.50   2.81 |  -0.42   0.42   0.34
 32 -0.49  1.0  0.0000     3.182  3.1E+00   0.03 |  -0.67   0.67   0.50   2.36 |  -0.46   0.46   0.42
 33 -0.68  1.0  0.0000     3.728  1.0E+00   0.02 |  -0.08   0.09  -1.43   3.46 |   0.01  -0.01  -0.36
 34 -0.42  1.0  0.0000     4.497  9.4E-01   0.02 |   0.14  -0.14   2.11   3.26 |   0.03  -0.03   0.44
 36 -0.64  1.0  0.0000     5.550  2.9E-01   0.00 |   0.00  -0.00  -3.08   3.83 |  -0.00   0.00  -0.50
----------------------------------------------------------------------------------------------------
--------------------- Canonical basis  -------------------------------------------------------------
____________________________________________________________________________________________________
   Neutron wavefunctions
  i     P   Rz   occ       E        d2h    Delta |   JxT    JyT    Jz      J   |   SxT    SyT    Sz
----------------------------------------------------------------------------------------------------
 20  1.00  1.0  2.0000   -35.413  0.0E+00   0.00 |  -0.50   0.50   0.50   0.52 |  -0.50   0.50   0.50
 19 -0.99  1.0  2.0000   -24.039  0.0E+00   0.02 |  -0.90   0.90   0.50   1.47 |  -0.44   0.44   0.37
 18 -0.98  1.0  1.9999   -21.979  0.0E+00   0.11 |  -0.00  -0.00  -1.50   1.52 |   0.00   0.00  -0.50
 17 -0.94  1.0  1.9589   -17.252  0.0E+00   1.58 |   0.36  -0.36   0.50   0.71 |  -0.07   0.07  -0.36
 16  0.90  1.0  1.3432   -12.591  0.0E+00   1.86 |  -1.22   1.22   0.50   2.27 |  -0.39   0.39   0.29
 15  0.97  1.0  0.5413   -11.007  0.0E+00   1.76 |  -0.00   0.00  -1.50   2.50 |  -0.00   0.00  -0.41
 14  0.96  1.0  0.1131    -9.111  0.0E+00   1.46 |   0.00  -0.00   2.50   2.53 |  -0.00   0.00   0.50
 13  0.88  1.0  0.0339    -7.200  0.0E+00   1.27 |  -0.36   0.36   0.50   1.47 |  -0.30   0.30   0.09
 11 -0.40  1.0  0.0013    -4.875  0.0E+00   0.38 |  -0.98   0.98   0.50   2.90 |  -0.47   0.47   0.43
 12  0.93  1.0  0.0082    -4.123  0.0E+00   0.92 |   0.55  -0.55   0.50   1.45 |  -0.30   0.30   0.10
 10  0.79  1.0  0.0001    -2.475  0.0E+00   0.16 |  -0.00   0.00  -1.50   1.83 |   0.00  -0.00   0.37
  9 -0.79  1.0  0.0000     0.014  0.0E+00   0.01 |   0.01  -0.01  -1.50   3.23 |   0.00  -0.00  -0.36
  8 -0.70  1.0  0.0000     0.198  0.0E+00   0.00 |  -1.15   1.15   0.50   3.27 |  -0.28   0.28   0.07
  5 -0.54  1.0  0.0000     0.343  0.0E+00   0.00 |   0.01  -0.02  -1.47   2.29 |  -0.00  -0.01  -0.47
  6 -0.63  1.0  0.0000     0.395  0.0E+00   0.00 |  -0.32   0.33   0.33   2.07 |  -0.05   0.06  -0.39
  2  0.86  1.0  0.0000     1.297  0.0E+00   0.00 |   0.00   0.01   0.50   2.32 |   0.00   0.01  -0.49
  7 -0.69  1.0  0.0000     1.492  0.0E+00   0.00 |  -0.02   0.02   2.45   3.42 |   0.01  -0.01   0.43
  1 -0.92  1.0  0.0000     1.510  0.0E+00   0.00 |   0.46  -0.46   0.39   2.28 |   0.47  -0.47   0.49
  3 -0.44  1.0  0.0000     1.633  0.0E+00   0.00 |   0.12  -0.12   0.50   2.22 |  -0.42   0.42   0.34
  4 -0.79  1.0  0.0000     2.823  0.0E+00   0.00 |  -0.01   0.01  -3.25   3.59 |  -0.00   0.00  -0.49
____________________________________________________________________________________________________
   Proton  wavefunctions
  i     P   Rz   occ       E        d2h    Delta |   JxT    JyT    Jz      J   |   SxT    SyT    Sz
----------------------------------------------------------------------------------------------------
 40  1.00  1.0  2.0000   -30.908  0.0E+00   0.00 |  -0.50   0.50   0.50   0.52 |  -0.50   0.50   0.50
 39 -0.99  1.0  2.0000   -19.729  0.0E+00   0.02 |  -0.90   0.90   0.50   1.47 |  -0.44   0.44   0.37
 38 -0.98  1.0  1.9999   -17.642  0.0E+00   0.15 |  -0.00  -0.00  -1.50   1.52 |   0.00   0.00  -0.50
 37 -0.93  1.0  1.9521   -13.002  0.0E+00   1.66 |   0.35  -0.35   0.50   0.72 |  -0.07   0.07  -0.36
 36  0.88  1.0  1.3380    -8.513  0.0E+00   1.92 |  -1.19   1.19   0.50   2.27 |  -0.40   0.40   0.30
 35  0.97  1.0  0.5380    -6.873  0.0E+00   1.83 |  -0.00   0.00  -1.50   2.50 |  -0.00   0.00  -0.41
 34  0.96  1.0  0.1194    -4.986  0.0E+00   1.53 |  -0.00   0.00   2.50   2.53 |  -0.00   0.00   0.50
 33  0.80  1.0  0.0397    -3.167  0.0E+00   1.33 |  -0.31   0.31   0.50   1.65 |  -0.27   0.27   0.04
 30 -0.39  1.0  0.0002    -2.215  0.0E+00   0.12 |  -0.95   0.95   0.50   3.17 |  -0.47   0.47   0.45
 32  0.82  1.0  0.0124    -0.606  0.0E+00   1.01 |   0.33  -0.33   0.50   1.37 |  -0.35   0.35   0.20
 31  0.76  1.0  0.0003     1.156  0.0E+00   0.23 |  -0.00   0.00  -1.45   1.89 |   0.02  -0.02   0.37
 24 -0.53  1.0  0.0000     2.718  0.0E+00   0.00 |  -0.82   0.83   0.46   2.34 |  -0.22   0.22  -0.06
 27 -0.61  1.0  0.0000     2.760  0.0E+00   0.00 |   0.14  -0.15  -1.44   2.66 |   0.01  -0.01  -0.44
 21 -0.97  1.0  0.0000     2.810  0.0E+00   0.00 |   0.44  -0.44   0.37   2.18 |   0.47  -0.47   0.49
 23  0.79  1.0  0.0000     2.841  0.0E+00   0.00 |   0.01  -0.01   0.51   2.30 |   0.00   0.01  -0.50
 25 -0.46  1.0  0.0000     2.843  0.0E+00   0.00 |   0.23  -0.23   0.48   1.92 |  -0.28   0.28   0.06
 28 -0.66  1.0  0.0000     2.901  0.0E+00   0.02 |   0.04  -0.04  -1.48   3.11 |   0.01  -0.01  -0.41
 29 -0.64  1.0  0.0000     2.905  0.0E+00   0.05 |  -1.14   1.14   0.50   2.74 |  -0.40   0.40   0.30
 26 -0.38  1.0  0.0000     4.209  0.0E+00   0.00 |  -0.04   0.04   2.31   3.33 |   0.04  -0.04   0.44
 22 -0.63  1.0  0.0000     5.535  0.0E+00   0.00 |  -0.00   0.00  -3.06   3.82 |  -0.00   0.00  -0.50
----------------------------------------------------------------------------------------------------
---------------------------------Quasiparticles---------------------------------
Block 1:  P=+1  neutrons
  N      Eqp       f_n      |   U   V  |   B  P  ov_TR |    JxT    JyT    Jz
________________________________________________________________________________
  1    -23.50      0.00E+00 |    1   0 |   -  -  0.000 |    0.00   0.00   0.50
  2    -14.78      0.00E+00 |    0  16 |   -  -  0.000 |    0.00   0.00   3.39
  3    -13.79      0.00E+00 |    0  19 |   -  -  0.000 |    0.00   0.00  -1.31
  4    -13.32      0.00E+00 |    0   8 |   -  -  0.000 |    0.00   0.00  -0.51
  5    -13.12      0.00E+00 |    0  20 |   -  -  0.000 |    0.00   0.00  -0.50
  6    -13.03      0.00E+00 |    0  14 |   -  -  0.000 |    0.00   0.00  -1.50
  7    -12.65      0.00E+00 |    0  15 |   -  -  0.000 |    0.00   0.00  -0.50
  8    -12.58      0.00E+00 |    0  17 |   -  -  0.000 |    0.00   0.00   1.44
  9    -12.15      0.00E+00 |    0  18 |   -  -  0.000 |    0.00   0.00  -0.46
 10    -12.12      0.00E+00 |    9   0 |   -  -  0.000 |    0.00   0.00   0.50
 11    -11.61      0.00E+00 |    0  13 |   -  -  0.000 |    0.00   0.00   1.49
 12    -10.06      0.00E+00 |   10   0 |   -  -  0.000 |    0.00   0.00  -1.50
 13     -9.45      0.00E+00 |    0   7 |   -  -  0.000 |    0.00   0.00   1.49
 14     -7.62      0.00E+00 |    0  12 |   -  -  0.000 |    0.00   0.00  -0.50
 15     -7.36      0.00E+00 |    0   6 |   -  -  0.000 |    0.00   0.00  -0.50
 16     -5.56      0.00E+00 |   11  11 |   -  -  0.000 |    0.00   0.00   0.48
 17     -4.72      0.00E+00 |    5   5 |   -  -  0.000 |    0.00   0.00  -0.48
 18     -3.16      0.00E+00 |    4   4 |   -  -  0.000 |    0.00   0.00  -2.22
 19     -1.98      0.00E+00 |    3   3 |   -  -  0.000 |    0.00   0.00   0.69
 20     -1.98      0.00E+00 |    2   2 |   -  -  0.000 |    0.00   0.00   0.17
 21      1.98      1.00E+00 |    2   2 |   -  -  0.000 |    0.00   0.00  -0.17
 22      1.98      1.00E+00 |    3   3 |   -  -  0.000 |    0.00   0.00  -0.69
 23      3.16      1.00E+00 |    4   4 |   -  -  0.000 |    0.00   0.00   2.22
 24      4.72      1.00E+00 |    5   5 |   -  -  0.000 |    0.00   0.00   0.48
 25      5.56      1.00E+00 |   11  11 |   -  -  0.000 |    0.00   0.00  -0.48
 26      7.36      1.00E+00 |    6   0 |   -  -  0.000 |    0.00   0.00   0.50
 27      7.62      1.00E+00 |   12   0 |   -  -  0.000 |    0.00   0.00   0.50
 28      9.45      1.00E+00 |    7   0 |   -  -  0.000 |    0.00   0.00  -1.49
 29     10.06      1.00E+00 |    0  10 |   -  -  0.000 |    0.00   0.00   1.50
 30     11.61      1.00E+00 |   13   0 |   -  -  0.000 |    0.00   0.00  -1.49
 31     12.12      1.00E+00 |    0   9 |   -  -  0.000 |    0.00   0.00  -0.50
 32     12.15      1.00E+00 |   18   0 |   -  -  0.000 |    0.00   0.00   0.46
 33     12.58      1.00E+00 |   17   0 |   -  -  0.000 |    0.00   0.00  -1.44
 34     12.65      1.00E+00 |   15   0 |   -  -  0.000 |    0.00   0.00   0.50
 35     13.03      1.00E+00 |   14   0 |   -  -  0.000 |    0.00   0.00   1.50
 36     13.12      1.00E+00 |   20   0 |   -  -  0.000 |    0.00   0.00   0.50
 37     13.32      1.00E+00 |    8   0 |   -  -  0.000 |    0.00   0.00   0.51
 38     13.79      1.00E+00 |   19   0 |   -  -  0.000 |    0.00   0.00   1.31
 39     14.78      1.00E+00 |   16   0 |   -  -  0.000 |    0.00   0.00  -3.39
 40     23.50      1.00E+00 |    0   1 |   -  -  0.000 |    0.00   0.00  -0.50

Block 5:  P=+1   protons
  N      Eqp       f_n      |   U   V  |   B  P  ov_TR |    JxT    JyT    Jz
________________________________________________________________________________
  1    -23.08      0.00E+00 |   21   0 |   -  -  0.000 |    0.00   0.00   0.50
  2    -13.38      0.00E+00 |    0  36 |   -  -  0.000 |    0.00   0.00   3.08
  3    -12.32      0.00E+00 |    0  34 |   -  -  0.000 |    0.00   0.00  -2.11
  4    -11.90      0.00E+00 |   29   0 |   -  -  0.000 |    0.00   0.00   0.50
  5    -11.56      0.00E+00 |    0  33 |   -  -  0.000 |    0.00   0.00   1.43
  6    -11.01      0.00E+00 |    0  32 |   -  -  0.000 |    0.00   0.00  -0.50
  7    -10.76      0.00E+00 |    0  35 |   -  -  0.000 |    0.00   0.00  -0.50
  8    -10.51      0.00E+00 |    0  38 |   -  -  0.000 |    0.00   0.00  -0.50
  9    -10.41      0.00E+00 |    0  39 |   -  -  0.000 |    0.00   0.00  -0.54
 10    -10.03      0.00E+00 |    0  28 |   -  -  0.000 |    0.00   0.00  -0.48
 11     -9.82      0.00E+00 |   30   0 |   -  -  0.000 |    0.00   0.00  -1.48
 12     -9.73      0.00E+00 |    0  37 |   -  -  0.000 |    0.00   0.00   1.45
 13     -8.96      0.00E+00 |    0  27 |   -  -  0.000 |    0.00   0.00   1.44
 14     -6.99      0.00E+00 |    0  40 |   -  -  0.000 |    0.00   0.00  -0.50
 15     -6.64      0.00E+00 |    0  26 |   -  -  0.000 |    0.00   0.00  -0.49
 16     -5.43      0.00E+00 |   31  31 |   -  -  0.000 |    0.00   0.00   0.47
 17     -4.45      0.00E+00 |   25  25 |   -  -  0.000 |    0.00   0.00  -0.48
 18     -3.23      0.00E+00 |   24  24 |   -  -  0.000 |    0.00   0.00  -2.20
 19     -2.07      0.00E+00 |   23  23 |   -  -  0.000 |    0.00   0.00   0.69
 20     -2.01      0.00E+00 |   22  22 |   -  -  0.000 |    0.00   0.00   0.17
 21      2.01      1.00E+00 |   22  22 |   -  -  0.000 |    0.00   0.00  -0.17
 22      2.07      1.00E+00 |   23  23 |   -  -  0.000 |    0.00   0.00  -0.69
 23      3.23      1.00E+00 |   24  24 |   -  -  0.000 |    0.00   0.00   2.20
 24      4.45      1.00E+00 |   25  25 |   -  -  0.000 |    0.00   0.00   0.48
 25      5.43      1.00E+00 |   31  31 |   -  -  0.000 |    0.00   0.00  -0.47
 26      6.64      1.00E+00 |   26   0 |   -  -  0.000 |    0.00   0.00   0.49
 27      6.99      1.00E+00 |   40   0 |   -  -  0.000 |    0.00   0.00   0.50
 28      8.96      1.00E+00 |   27   0 |   -  -  0.000 |    0.00   0.00  -1.44
 29      9.73      1.00E+00 |   37   0 |   -  -  0.000 |    0.00   0.00  -1.45
 30      9.82      1.00E+00 |    0  30 |   -  -  0.000 |    0.00   0.00   1.48
 31     10.03      1.00E+00 |   28   0 |   -  -  0.000 |    0.00   0.00   0.48
 32     10.41      1.00E+00 |   39   0 |   -  -  0.000 |    0.00   0.00   0.54
 33     10.51      1.00E+00 |   38   0 |   -  -  0.000 |    0.00   0.00   0.50
 34     10.76      1.00E+00 |   35   0 |   -  -  0.000 |    0.00   0.00   0.50
 35     11.01      1.00E+00 |   32   0 |   -  -  0.000 |    0.00   0.00   0.50
 36     11.56      1.00E+00 |   33   0 |   -  -  0.000 |    0.00   0.00  -1.43
 37     11.90      1.00E+00 |    0  29 |   -  -  0.000 |    0.00   0.00  -0.50
 38     12.32      1.00E+00 |   34   0 |   -  -  0.000 |    0.00   0.00   2.11
 39     13.38      1.00E+00 |   36   0 |   -  -  0.000 |    0.00   0.00  -3.08
 40     23.08      1.00E+00 |    0  21 |   -  -  0.000 |    0.00   0.00  -0.50

--------------------------------------------------------------------------------
---------------- Electric Multipole Moments -----------------
Quantisation Axis             : Z
  With secondary axis ordering: X,Y
______________________________________________________________
                     Neutrons        Protons         Total
______________________________________________________________
 Particles           10.0000         10.0000         20.0000

Re  Q_{ 1 0}         -0.0415          0.0454          0.0039
Constrained                                           0.0000
Re De_{ 1 0}                                   0.3877243E-02
Re La_{ 1 0}                                         -0.3433

Re  Q_{ 2 0}          9.0300          9.7809         18.8109
Re  Q_{ 2 2}          0.0000          0.0000          0.0001

Re  Q_{ 3 0}         21.8562         27.6084         49.4646
Constrained                                          50.0000
Re De_{ 3 0}                                   0.5354039E+00
Re La_{ 3 0}                                          0.0654
Re  Q_{ 3 2}          0.0000          0.0001          0.0001

Re  Q_{ 4 0}         72.2678        102.4219        174.6897
Re  Q_{ 4 2}          0.0001         -0.0012         -0.0011
Re  Q_{ 4 4}         -0.0005         -0.2052         -0.2057

Re  Q_{ 5 0}        333.6408        531.0386        864.6793
Re  Q_{ 5 2}          0.0002         -0.0014         -0.0012
Re  Q_{ 5 4}         -0.1284          0.1941          0.0656

Re  Q_{ 6 0}       1520.7994       2757.9085       4278.7080
Re  Q_{ 6 2}         -0.0010         -0.0616         -0.0626
Re  Q_{ 6 4}          1.4940        -10.6872         -9.1932
Re  Q_{ 6 6}          0.0005         -0.0277         -0.0272

Re  Q_{ 7 0}       7151.9948      14141.9195      21293.9143
Re  Q_{ 7 2}         -0.0090         -0.1226         -0.1316
Re  Q_{ 7 4}         -4.6655         21.1022         16.4367
Re  Q_{ 7 6}          0.0031         -0.2072         -0.2041

Re  Q_{ 8 0}      43528.0493      95769.1104     139297.1597
Re  Q_{ 8 2}          0.5928          4.3691          4.9619
Re  Q_{ 8 4}         45.8386      -1454.9251      -1409.0865
Re  Q_{ 8 6}          0.2136          0.1379          0.3515
Re  Q_{ 8 8}         91.5433       1062.0126       1153.5559

Re  Q_{ 9 0}     232367.2179     481097.9042     713465.1221
Re  Q_{ 9 2}          0.0505          8.0997          8.1502
Re  Q_{ 9 4}        596.9918       2747.4533       3344.4451
Re  Q_{ 9 6}          0.2632        -24.7610        -24.4978
Re  Q_{ 9 8}       -173.1307       1767.4120       1594.2813

Re  Q_{10 0}    1547688.6128    3771668.8655    5319357.4784
Re  Q_{10 2}         -2.9746        620.1304        617.1559
Re  Q_{10 4}       2298.3770     219316.2924     221614.6694
Re  Q_{10 6}         15.3446        173.8645        189.2091
Re  Q_{10 8}       8756.2428     104829.1141     113585.3569
Re  Q_{1010}         -3.5646        349.8709        346.3062

 RMS radius           2.8679          2.9796          2.9243
______________________________________________________________
                     Neutrons        Protons         Total
______________________________________________________________


Beta_{ 2 0}       0.17825089      0.19307284      0.37132373
Beta_{ 2 2}       0.00000066      0.00000050      0.00000116

Beta_{ 3 0}       0.13245212      0.16731179      0.29976391
Beta_{ 3 2}       0.00000010      0.00000050      0.00000060

Beta_{ 4 0}       0.13445336      0.19055474      0.32500810
Beta_{ 4 2}       0.00000028     -0.00000227     -0.00000199
Beta_{ 4 4}      -0.00000101     -0.00038176     -0.00038277

Beta_{ 5 0}       0.19056720      0.30331585      0.49388306
Beta_{ 5 2}       0.00000014     -0.00000083     -0.00000069
Beta_{ 5 4}      -0.00007336      0.00011084      0.00003748

Beta_{ 6 0}       0.26667548      0.48360525      0.75028073
Beta_{ 6 2}      -0.00000017     -0.00001080     -0.00001097
Beta_{ 6 4}       0.00026198     -0.00187402     -0.00161204
Beta_{ 6 6}       0.00000009     -0.00000485     -0.00000476

Beta_{ 7 0}       0.38501746      0.76131011      1.14632757
Beta_{ 7 2}      -0.00000049     -0.00000660     -0.00000708
Beta_{ 7 4}      -0.00025116      0.00113601      0.00088485
Beta_{ 7 6}       0.00000017     -0.00001115     -0.00001099

Beta_{ 8 0}       0.71939022      1.58278081      2.30217103
Beta_{ 8 2}       0.00000980      0.00007221      0.00008201
Beta_{ 8 4}       0.00075758     -0.02404562     -0.02328804
Beta_{ 8 6}       0.00000353      0.00000228      0.00000581
Beta_{ 8 8}       0.00151294      0.01755193      0.01906487

Beta_{ 9 0}       1.17899583      2.44101741      3.62001325
Beta_{ 9 2}       0.00000026      0.00004110      0.00004135
Beta_{ 9 4}       0.00302905      0.01394016      0.01696920
Beta_{ 9 6}       0.00000134     -0.00012563     -0.00012430
Beta_{ 9 8}      -0.00087844      0.00896758      0.00808914

Beta_{10 0}       2.41081058      5.87507017      8.28588074
Beta_{10 2}      -0.00000463      0.00096597      0.00096133
Beta_{10 4}       0.00358015      0.34162559      0.34520574
Beta_{10 6}       0.00002390      0.00027083      0.00029473
Beta_{10 8}       0.01363946      0.16329069      0.17693015
Beta_{1010}      -0.00000555      0.00054499      0.00053944

______________________________________________________________
                     Neutrons        Protons         Total
______________________________________________________________
Q_{ 1}                0.0415          0.0454          0.0039
Q_{ 2}                9.0300          9.7809         18.8109
Q_{ 3}               21.8562         27.6084         49.4646
Q_{ 4}               72.2678        102.4223        174.6899
Q_{ 5}              333.6408        531.0386        864.6793
Q_{ 6}             1520.8009       2757.9500       4278.7277
Q_{ 7}             7151.9978      14141.9510      21293.9270
Q_{ 8}            43528.2901      95802.9849     139320.9647
Q_{ 9}           232368.8806     481120.0882     713484.3627
Q_{10}          1547741.5648    3787303.0859    5331003.1369
______________________________________________________________
                     Neutrons        Protons         Total
______________________________________________________________
Beta_{   1}       0.00267088      0.00292018      0.00024930
Beta_{   2}       0.17825089      0.19307284      0.37132373
Beta_{   3}       0.13245212      0.16731179      0.29976391
Beta_{   4}       0.13445336      0.19055551      0.32500855
Beta_{   5}       0.19056723      0.30331589      0.49388306
Beta_{   6}       0.26667574      0.48361251      0.75028420
Beta_{   7}       0.38501762      0.76131180      1.14632825
Beta_{   8}       0.71939420      1.58334066      2.30256446
Beta_{   9}       1.17900427      2.44112997      3.62011087
Beta_{  10}       2.41089306      5.89942335      8.30402100
______________________________________________________________
 Cart. Moments X              Y              Z
 Cart. N      -14.3154468    -14.3157060     28.6311528
 Cart. P      -15.5058491    -15.5060474     31.0118966
 Cart. T      -29.8212959    -29.8217534     59.6430494
 (Q, gamma)    Q              Gamma
 (Q,g) N       28.6311528      0.0002995
 (Q,g) P       31.0118966      0.0002115
 (Q,g) T       59.6430494      0.0002538
 (iq1, iq2)    iq1            iq2
 iq    N       28.6310664      0.0001728
 iq    P       31.0118305      0.0001322
 iq    T       59.6428968      0.0003050
               X^2            Y^2            Z^2
 X^2_i N       22.6444327     22.6443462     36.9599658
 X^2_i P       23.1407415     23.1406754     38.6466568
 X^2_i T       45.7851742     45.7850217     75.6066226
------------------------------------------------------------
------------------------- Angular Momentum (hbar) --------------------------

               Spwfs(*)    Desired     Omega       E (MeV)      Densit. 
  __________________________________________________________________________
   J_x   |     0.00000     0.00000     0.00000     0.00000     0.00000
   J_y   |     0.00000     0.00000     0.00000     0.00000     0.00000
   J_z   |     0.00000     0.00000     0.00000     0.00000     0.00000
  __________________________________________________________________________
   Size  |     0.00000     0.00000     0.00000                 0.00000
  --------------------------------------------------------------------------
---------------------Rotational properties--------------------
                Rigid rotor          (hbar^2/MeV)
              n              p              t 
 I_R X       1.4372515      1.4898912      2.9271427
 I_R Y       1.4372536      1.4898928      2.9271464
 I_R Z       1.0920580      1.1159937      2.2080517

                Belyaev                 (hbar^2/MeV) 
              n              p              t 
 I_B X       0.4879486      0.4807410      0.9686896
 I_B Y       0.4879341      0.4807181      0.9686522
 I_B Z       0.0000085      0.0000171      0.0000255

                Belyaev (collective)    (hbar^2/MeV) 
              n              p              t 
 I_B X       0.4879486      0.4807410      0.9686896
 I_B Y       0.4879341      0.4807181      0.9686522
 I_B Z       0.0000085      0.0000171      0.0000255

                 <J^2> - <J>^2          (hbar^2)
              n              p              t 
 J2_X        1.3178496      1.3308405      2.6486902
 J2_Y        1.3178175      1.3307755      2.6485930
 J2_Z        0.0000508      0.0001083      0.0001591
 J2_t        2.6357179      2.6617243      5.2974422

                 <J^2> - <J>^2 (coll.)  (hbar^2)
              n              p              t 
 J2_X        1.3178496      1.3308405      2.6486902
 J2_Y        1.3178175      1.3307755      2.6485930
 J2_Z        0.0000508      0.0001083      0.0001591
 J2_t        2.6357179      2.6617243      5.2974422
-------------------------- Pairing -------------------------
                          N         P 
 Fermi Level (MeV)    -11.91534500    -7.82749761
 Particles             10.00000000    10.00000000
 Dispersion             2.04932051     2.08825067
 Average gap   v^2      0.70167886     0.73816384
 Average gap   uv       1.61294751     1.67150826
------------------------------------------------------------
--------------------------------------------------------------------------------
 Skyrme Energy 
                                    Isoscalar      Isovector   |   Total
--------------------------------------------------------------------------------
  E_D_I_I_D_I_I                  -1294.889131       0.056767   -1294.832365
  E_D_I_I_D_Nm_Nm                   27.892602      -0.003360      27.889241
  E_D_I_I_Lap_D_I_I                 57.767898       0.001480      57.769378
  E_D_I_I_D_I_I_DD                 735.613513      -0.028417     735.585096
  E_C_I_NmSk_C_I_NmSk                0.000000       0.000000       0.000000
  E_D_I_I_Derm_C_I_NxmSxm          -11.198996      -0.000620     -11.199616
  E_DP_I_I_DP_I_I                                                 -5.060329
--------------------------------------------------------------------------------
                 Total Skyrme:                                  -489.848594
                    time-even:                                  -489.848594
                    time-odd :                                     0.000000
--------------------------------------------------------------------------------
--------------------------------------------------------------------------------
                                     neutron        proton         total
                Kinetic Energy:     163.169071     159.574640     322.743710
                    COM 1-body:      -8.158454      -7.978732     -16.137186
                    COM 2-body:       3.252419       3.189000       6.441419
                            ph:       3.222018       3.159478       6.381496
                            pp:       0.030401       0.029522       0.059923
                 Collective T:                                     -2.543442

                 Rotational  T:                                    -2.543442
                 Rotational  X:                                    -1.271449
                 Rotational  Y:                                    -1.271451
                 Rotational  Z:                                    -0.000542

                 Vibrational T:                                     0.000000
                 Vibrational X:                                    -0.000000
                 Vibrational Y:                                    -0.000000
                 Vibrational Z:                                    -0.000000


                Coulomb Direct:       0.000000      23.447801      23.447801
                      Exchange:       0.000000       0.000000       0.000000

               Pairing (delta):      -2.452021      -2.600795      -5.052816
               Pairing (densi):                                    -5.060329
--------------------------------------------------------------------------------
                  Total energy:                                  -155.896292
                    from spwfs:                                  -155.926451
                   E_fu - E_sp:                                 0.301589E-01
                   (no corr.) :                                  -159.794268
                      Routhian:                                  -157.463807
                         dE   :                                -0.146908E+00
                         dR   :                                -0.153277E+00
--------------------------------------------------------------------------------
--------------------------------------------------------------------------------
 Iteration =   31
 dt  =   0.0247      mu  =   0.8267 gradn=    0.000E+00 D2H =    3.361E-02
 E   =   -155.907    DE  = -0.71674E-04
 R   =   -157.480    DR  = -0.10297E-03
 R-E =     -1.573  D(R-E)= -0.32337E-04
 dmun= -1.1E-02      dmup= -1.2E-02
 RQ10=      0.0010   dQ =-3.5E-02  L =     -0.3479   dL =-4.6E-03  dev =-1.0E-03
 RQ20=     18.9458   dQ = 2.3E-03  L =      0.0000   dL = 0.0E+00  dev = 0.0E+00
 RQ22=      0.0001   dQ =-2.5E-06  L =      0.0000   dL = 0.0E+00  dev = 0.0E+00
 RQ30=     49.4856   dQ =-4.0E-01  L =      0.0654   dL = 6.8E-05  dev = 5.1E-01
 Jz  =    0.000      dJZ =  0.0E+00
--------------------------------------------------------------------------------
 Iteration =   32
 dt  =   0.0247      mu  =   0.8266 gradn=    0.000E+00 D2H =    3.052E-02
 E   =   -155.912    DE  = -0.31755E-04
 R   =   -157.490    DR  = -0.62989E-04
 R-E =     -1.578  D(R-E)= -0.31872E-04
 dmun= -9.7E-03      dmup= -1.1E-02
 RQ10=     -0.0003   dQ =-3.3E-02  L =     -0.3520   dL =-4.1E-03  dev = 2.6E-04
 RQ20=     19.0785   dQ = 3.3E-03  L =      0.0000   dL = 0.0E+00  dev = 0.0E+00
 RQ22=      0.0001   dQ =-2.0E-06  L =      0.0000   dL = 0.0E+00  dev = 0.0E+00
 RQ30=     49.5675   dQ =-4.2E-01  L =      0.0654   dL = 6.4E-06  dev = 4.3E-01
 Jz  =    0.000      dJZ =  0.0E+00
--------------------------------------------------------------------------------
 Iteration =   33
 dt  =   0.0247      mu  =   0.8265 gradn=    0.000E+00 D2H =    2.744E-02
 E   =   -155.922    DE  = -0.60021E-04
 R   =   -157.497    DR  = -0.42907E-04
 R-E =     -1.575  D(R-E)=  0.16681E-04
 dmun= -8.7E-03      dmup= -1.0E-02
 RQ10=     -0.0043   dQ =-3.6E-02  L =     -0.3560   dL =-4.0E-03  dev = 4.3E-03
 RQ20=     19.1984   dQ =-1.5E-02  L =      0.0000   dL = 0.0E+00  dev = 0.0E+00
 RQ22=      0.0001   dQ =-8.4E-07  L =      0.0000   dL = 0.0E+00  dev = 0.0E+00
 RQ30=     49.5002   dQ =-7.2E-01  L =      0.0653   dL =-1.3E-04  dev = 5.0E-01
 Jz  =    0.000      dJZ =  0.0E+00
--------------------------------------------------------------------------------
 Iteration =   34
 dt  =   0.0247      mu  =   0.8265 gradn=    0.000E+00 D2H =    2.440E-02
 E   =   -155.924    DE  = -0.13544E-04
 R   =   -157.498    DR  = -0.71444E-05
 R-E =     -1.574  D(R-E)=  0.63278E-05
 dmun= -8.0E-03      dmup= -7.8E-03
 RQ10=     -0.0050   dQ =-3.3E-02  L =     -0.3595   dL =-3.6E-03  dev = 5.0E-03
 RQ20=     19.3206   dQ =-1.6E-02  L =      0.0000   dL = 0.0E+00  dev = 0.0E+00
 RQ22=      0.0001   dQ =-5.2E-07  L =      0.0000   dL = 0.0E+00  dev = 0.0E+00
 RQ30=     49.5370   dQ =-7.4E-01  L =      0.0651   dL =-1.6E-04  dev = 4.6E-01
 Jz  =    0.000      dJZ =  0.0E+00
--------------------------------------------------------------------------------
 Iteration =   35
 dt  =   0.0247      mu  =   0.8265 gradn=    0.000E+00 D2H =    2.075E-02
 E   =   -155.929    DE  = -0.30255E-04
 R   =   -157.497    DR  =  0.47963E-05
 R-E =     -1.568  D(R-E)=  0.35099E-04
 dmun= -8.2E-03      dmup= -6.8E-03
 RQ10=     -0.0075   dQ =-3.5E-02  L =     -0.3630   dL =-3.5E-03  dev = 7.5E-03
 RQ20=     19.4345   dQ =-2.6E-02  L =      0.0000   dL = 0.0E+00  dev = 0.0E+00
 RQ22=      0.0001   dQ =-3.4E-07  L =      0.0000   dL = 0.0E+00  dev = 0.0E+00
 RQ30=     49.4902   dQ =-9.2E-01  L =      0.0649   dL =-2.4E-04  dev = 5.1E-01
 Jz  =    0.000      dJZ =  0.0E+00
--------------------------------------------------------------------------------
 Iteration =   36
 dt  =   0.0247      mu  =   0.8266 gradn=    0.000E+00 D2H =    1.787E-02
 E   =   -155.928    DE  =  0.27356E-05
 R   =   -157.493    DR  =  0.28946E-04
 R-E =     -1.564  D(R-E)=  0.26501E-04
 dmun= -7.8E-03      dmup= -5.3E-03
 RQ10=     -0.0076   dQ =-3.3E-02  L =     -0.3663   dL =-3.2E-03  dev = 7.6E-03
 RQ20=     19.5494   dQ =-2.5E-02  L =      0.0000   dL = 0.0E+00  dev = 0.0E+00
 RQ22=      0.0001   dQ =-2.7E-07  L =      0.0000   dL = 0.0E+00  dev = 0.0E+00
 RQ30=     49.5207   dQ =-9.2E-01  L =      0.0646   dL =-2.5E-04  dev = 4.8E-01
 Jz  =    0.000      dJZ =  0.0E+00
--------------------------------------------------------------------------------
 Iteration =   37
 dt  =   0.0247      mu  =   0.8266 gradn=    0.000E+00 D2H =    1.585E-02
 E   =   -155.930    DE  = -0.14171E-04
 R   =   -157.487    DR  =  0.32817E-04
 R-E =     -1.557  D(R-E)=  0.47316E-04
 dmun= -7.5E-03      dmup= -4.7E-03
 RQ10=     -0.0093   dQ =-3.5E-02  L =     -0.3695   dL =-3.2E-03  dev = 9.3E-03
 RQ20=     19.6564   dQ =-3.2E-02  L =      0.0000   dL = 0.0E+00  dev = 0.0E+00
 RQ22=      0.0001   dQ =-2.5E-07  L =      0.0000   dL = 0.0E+00  dev = 0.0E+00
 RQ30=     49.4834   dQ =-1.0E+00  L =      0.0643   dL =-3.0E-04  dev = 5.2E-01
 Jz  =    0.000      dJZ =  0.0E+00
--------------------------------------------------------------------------------
 Iteration =   38
 dt  =   0.0247      mu  =   0.8267 gradn=    0.000E+00 D2H =    1.423E-02
 E   =   -155.929    DE  =  0.87023E-05
 R   =   -157.480    DR  =  0.46091E-04
 R-E =     -1.551  D(R-E)=  0.37847E-04
 dmun= -6.7E-03      dmup= -3.6E-03
 RQ10=     -0.0091   dQ =-3.3E-02  L =     -0.3725   dL =-3.0E-03  dev = 9.1E-03
 RQ20=     19.7633   dQ =-3.1E-02  L =      0.0000   dL = 0.0E+00  dev = 0.0E+00
 RQ22=      0.0001   dQ =-2.4E-07  L =      0.0000   dL = 0.0E+00  dev = 0.0E+00
 RQ30=     49.5125   dQ =-1.0E+00  L =      0.0640   dL =-3.0E-04  dev = 4.9E-01
 Jz  =    0.000      dJZ =  0.0E+00
--------------------------------------------------------------------------------
 Iteration =   39
 dt  =   0.0247      mu  =   0.8268 gradn=    0.000E+00 D2H =    1.262E-02
 E   =   -155.930    DE  = -0.81114E-05
 R   =   -157.473    DR  =  0.44739E-04
 R-E =     -1.543  D(R-E)=  0.53293E-04
 dmun= -6.0E-03      dmup= -3.2E-03
 RQ10=     -0.0102   dQ =-3.4E-02  L =     -0.3754   dL =-3.0E-03  dev = 1.0E-02
 RQ20=     19.8625   dQ =-3.7E-02  L =      0.0000   dL = 0.0E+00  dev = 0.0E+00
 RQ22=      0.0001   dQ =-2.3E-07  L =      0.0000   dL = 0.0E+00  dev = 0.0E+00
 RQ30=     49.4858   dQ =-1.1E+00  L =      0.0637   dL =-3.3E-04  dev = 5.1E-01
 Jz  =    0.000      dJZ =  0.0E+00
--------------------- Sp wavefunctions -------------------------------------------------------------
____________________________________________________________________________________________________
   Neutron wavefunctions
  i     P   Rz   occ       E        d2h    Delta |   JxT    JyT    Jz      J   |   SxT    SyT    Sz
----------------------------------------------------------------------------------------------------
  1  0.99  1.0  1.0000   -35.337  3.1E-03   0.00 |  -0.50   0.50   0.50   0.52 |  -0.50   0.50   0.50
  9 -0.99  1.0  1.0000   -24.133  1.6E-02   0.02 |  -0.89   0.89   0.50   1.47 |  -0.44   0.44   0.39
 10 -0.98  1.0  1.0000   -21.885  3.0E-03   0.13 |  -0.00  -0.00  -1.50   1.53 |   0.00   0.00  -0.50
 11 -0.93  1.0  0.9794   -17.162  1.6E-02   1.53 |   0.33  -0.33   0.50   0.74 |  -0.06   0.06  -0.38
  2  0.89  1.0  0.6943   -12.767  6.5E-02   1.82 |  -1.19   1.19   0.50   2.25 |  -0.40   0.40   0.30
  3  0.97  1.0  0.2590   -11.045  1.4E-02   1.72 |  -0.00   0.00  -1.50   2.50 |  -0.00   0.00  -0.41
  4  0.95  1.0  0.0464    -8.982  5.0E-03   1.40 |   0.00  -0.00   2.50   2.54 |   0.00  -0.00   0.50
  5  0.82  1.0  0.0150    -7.306  1.3E-01   1.16 |  -0.65   0.65   0.50   1.55 |  -0.37   0.37   0.25
  6  0.60  1.0  0.0038    -4.768  7.3E-01   0.82 |   0.36  -0.36   0.50   1.74 |  -0.31   0.31   0.13
 12  0.06  1.0  0.0020    -4.521  1.1E+00   0.51 |  -0.28   0.28   0.50   2.62 |  -0.40   0.40   0.29
  7  0.76  1.0  0.0001    -2.402  5.4E-02   0.13 |   0.00  -0.00  -1.49   1.86 |   0.00  -0.00   0.37
 13 -0.72  1.0  0.0000    -0.383  1.2E-01   0.01 |   0.02  -0.02  -1.49   2.72 |   0.00  -0.00  -0.44
 20 -0.52  1.0  0.0000     0.105  3.3E+00   0.03 |  -0.57   0.57   0.50   2.87 |  -0.35   0.35   0.21
 18 -0.49  1.0  0.0000     0.218  1.9E-01   0.01 |  -0.08   0.08   0.46   1.77 |  -0.01   0.01  -0.49
 17 -0.49  1.0  0.0000     0.607  2.2E-01   0.01 |   0.04  -0.04  -1.45   2.82 |   0.01  -0.01  -0.39
 15 -0.46  1.0  0.0000     0.698  1.2E+00   0.02 |  -0.96   0.96   0.50   2.53 |  -0.42   0.42   0.34
 14 -0.64  1.0  0.0000     1.083  1.3E-01   0.01 |   0.20  -0.20   1.45   2.86 |   0.32  -0.32   0.47
  8  0.64  1.0  0.0000     1.380  3.9E-01   0.01 |  -0.11   0.12   0.51   2.41 |  -0.01   0.02  -0.47
 19 -0.87  1.0  0.0000     1.895  4.0E-02   0.00 |   0.22  -0.22   1.33   2.90 |   0.16  -0.16   0.45
 16 -0.77  1.0  0.0000     2.954  7.0E-02   0.00 |  -0.00   0.00  -3.38   3.65 |  -0.00   0.00  -0.50
____________________________________________________________________________________________________
   Proton  wavefunctions
  i     P   Rz   occ       E        d2h    Delta |   JxT    JyT    Jz      J   |   SxT    SyT    Sz
----------------------------------------------------------------------------------------------------
 21  0.99  1.0  1.0000   -30.814  3.9E-03   0.00 |  -0.50   0.50   0.50   0.52 |  -0.50   0.50   0.50
 29 -0.99  1.0  1.0000   -19.808  1.9E-02   0.02 |  -0.88   0.88   0.50   1.47 |  -0.44   0.44   0.39
 30 -0.98  1.0  0.9999   -17.533  3.5E-03   0.18 |  -0.00  -0.00  -1.50   1.53 |   0.00   0.00  -0.50
 31 -0.92  1.0  0.9752   -12.898  1.9E-02   1.64 |   0.33  -0.33   0.50   0.75 |  -0.06   0.06  -0.38
 22  0.87  1.0  0.6865    -8.679  7.7E-02   1.92 |  -1.16   1.16   0.50   2.25 |  -0.40   0.40   0.31
 23  0.96  1.0  0.2601    -6.897  1.8E-02   1.83 |  -0.00   0.00  -1.50   2.50 |  -0.00   0.00  -0.41
 24  0.95  1.0  0.0503    -4.848  6.8E-03   1.48 |   0.00  -0.00   2.50   2.54 |   0.00  -0.00   0.50
 25  0.74  1.0  0.0178    -3.564  3.8E-01   1.14 |  -0.67   0.67   0.50   1.74 |  -0.38   0.38   0.25
 40 -0.10  1.0  0.0044    -2.437  2.2E+00   0.54 |  -0.39   0.39   0.50   2.78 |  -0.44   0.44   0.38
 26  0.75  1.0  0.0055    -0.849  1.5E+00   0.97 |   0.52  -0.52   0.50   1.53 |  -0.27   0.27   0.04
 27  0.72  1.0  0.0001     1.195  7.5E-02   0.19 |  -0.01   0.01  -1.43   1.90 |   0.03  -0.03   0.36
 37 -0.50  1.0  0.0000     1.879  1.1E-01   0.05 |   0.03  -0.04  -1.47   2.24 |   0.00  -0.00  -0.48
 28  0.52  1.0  0.0000     2.196  2.6E-01   0.08 |  -0.01   0.01   0.47   2.02 |  -0.01   0.02  -0.47
 39 -0.88  1.0  0.0000     2.575  5.5E-02   0.02 |   0.49  -0.49   0.54   2.25 |   0.48  -0.48   0.50
 38 -0.34  1.0  0.0000     2.655  4.2E-01   0.02 |   0.05  -0.05   0.50   2.20 |  -0.00   0.01  -0.49
 32 -0.40  1.0  0.0000     2.948  7.4E-01   0.04 |  -0.66   0.66   0.50   2.41 |  -0.46   0.46   0.41
 35 -0.54  1.0  0.0000     3.323  4.8E-01   0.03 |  -1.15   1.14   0.50   2.69 |  -0.42   0.42   0.35
 33 -0.53  1.0  0.0000     3.472  7.4E-01   0.02 |  -0.03   0.03  -1.40   3.44 |   0.02  -0.02  -0.35
 34 -0.23  1.0  0.0000     4.226  9.5E-01   0.02 |   0.22  -0.22   1.87   3.09 |   0.09  -0.09   0.44
 36 -0.58  1.0  0.0000     5.578  1.1E-01   0.00 |   0.00  -0.00  -3.06   3.86 |  -0.00   0.00  -0.50
----------------------------------------------------------------------------------------------------
--------------------- Canonical basis  -------------------------------------------------------------
____________________________________________________________________________________________________
   Neutron wavefunctions
  i     P   Rz   occ       E        d2h    Delta |   JxT    JyT    Jz      J   |   SxT    SyT    Sz
----------------------------------------------------------------------------------------------------
 20  0.99  1.0  2.0000   -35.337  0.0E+00   0.00 |  -0.50   0.50   0.50   0.52 |  -0.50   0.50   0.50
 19 -0.99  1.0  2.0000   -24.132  0.0E+00   0.02 |  -0.89   0.89   0.50   1.47 |  -0.44   0.44   0.38
 18 -0.98  1.0  1.9999   -21.885  0.0E+00   0.13 |  -0.00  -0.00  -1.50   1.53 |   0.00   0.00  -0.50
 17 -0.93  1.0  1.9589   -17.161  0.0E+00   1.53 |   0.34  -0.34   0.50   0.74 |  -0.06   0.06  -0.38
 16  0.90  1.0  1.3889   -12.763  0.0E+00   1.83 |  -1.19   1.19   0.50   2.25 |  -0.40   0.40   0.30
 15  0.97  1.0  0.5180   -11.046  0.0E+00   1.72 |  -0.00   0.00  -1.50   2.50 |  -0.00   0.00  -0.41
 14  0.95  1.0  0.0929    -8.982  0.0E+00   1.40 |   0.00  -0.00   2.50   2.54 |  -0.00   0.00   0.50
 13  0.88  1.0  0.0326    -7.027  0.0E+00   1.30 |  -0.27   0.27   0.50   1.56 |  -0.25   0.25  -0.00
 11 -0.35  1.0  0.0009    -5.195  0.0E+00   0.31 |  -0.80   0.80   0.50   2.85 |  -0.48   0.48   0.47
 12  0.92  1.0  0.0079    -4.293  0.0E+00   0.89 |   0.41  -0.41   0.50   1.36 |  -0.34   0.34   0.18
 10  0.75  1.0  0.0001    -2.406  0.0E+00   0.13 |  -0.00   0.00  -1.50   1.88 |   0.00  -0.00   0.37
  8 -0.75  1.0  0.0000    -0.586  0.0E+00   0.01 |  -1.12   1.12   0.50   3.29 |  -0.29   0.29   0.09
  9 -0.75  1.0  0.0000    -0.123  0.0E+00   0.01 |   0.02  -0.02  -1.50   3.17 |   0.00  -0.00  -0.37
  5 -0.46  1.0  0.0000     0.341  0.0E+00   0.00 |   0.01  -0.01  -1.47   2.30 |   0.00  -0.00  -0.47
  4 -0.54  1.0  0.0000     0.643  0.0E+00   0.00 |   0.35  -0.35   0.40   1.66 |  -0.15   0.14  -0.21
  6 -0.36  1.0  0.0000     1.021  0.0E+00   0.00 |  -0.86   0.86   0.47   2.19 |  -0.36   0.36   0.22
  2  0.84  1.0  0.0000     1.258  0.0E+00   0.00 |  -0.01   0.02   0.50   2.37 |  -0.00   0.01  -0.49
  7 -0.64  1.0  0.0000     1.486  0.0E+00   0.00 |  -0.01   0.01   2.42   3.38 |   0.03  -0.03   0.44
  1 -0.89  1.0  0.0000     1.503  0.0E+00   0.00 |   0.45  -0.46   0.37   2.28 |   0.46  -0.46   0.49
  3 -0.76  1.0  0.0000     2.935  0.0E+00   0.00 |   0.00  -0.00  -3.28   3.61 |  -0.00   0.00  -0.50
____________________________________________________________________________________________________
   Proton  wavefunctions
  i     P   Rz   occ       E        d2h    Delta |   JxT    JyT    Jz      J   |   SxT    SyT    Sz
----------------------------------------------------------------------------------------------------
 40  0.99  1.0  2.0000   -30.814  0.0E+00   0.00 |  -0.50   0.50   0.50   0.52 |  -0.50   0.50   0.50
 39 -0.99  1.0  2.0000   -19.808  0.0E+00   0.02 |  -0.89   0.89   0.50   1.47 |  -0.44   0.44   0.39
 38 -0.98  1.0  1.9998   -17.533  0.0E+00   0.18 |  -0.00  -0.00  -1.50   1.53 |   0.00   0.00  -0.50
 37 -0.93  1.0  1.9504   -12.897  0.0E+00   1.64 |   0.33  -0.33   0.50   0.74 |  -0.06   0.06  -0.38
 36  0.88  1.0  1.3739    -8.669  0.0E+00   1.93 |  -1.17   1.17   0.50   2.25 |  -0.41   0.41   0.31
 35  0.97  1.0  0.5203    -6.897  0.0E+00   1.83 |  -0.00   0.00  -1.50   2.50 |  -0.00   0.00  -0.42
 34  0.95  1.0  0.1007    -4.848  0.0E+00   1.48 |  -0.00   0.00   2.50   2.54 |  -0.00   0.00   0.50
 31 -0.32  1.0  0.0015    -3.266  0.0E+00   0.31 |  -0.58   0.58   0.50   2.87 |  -0.49   0.49   0.49
 33  0.84  1.0  0.0432    -2.844  0.0E+00   1.43 |  -0.21   0.21   0.50   1.63 |  -0.22   0.22  -0.06
 32  0.86  1.0  0.0099    -0.685  0.0E+00   0.92 |   0.23  -0.23   0.50   1.45 |  -0.38   0.38   0.25
 30  0.72  1.0  0.0002     1.224  0.0E+00   0.19 |  -0.01   0.01  -1.46   1.94 |   0.02  -0.02   0.37
 25 -0.53  1.0  0.0000     2.469  0.0E+00   0.00 |   0.31  -0.31   0.48   1.80 |  -0.12   0.12  -0.26
 29 -0.73  1.0  0.0000     2.608  0.0E+00   0.03 |  -1.09   1.09   0.50   2.85 |  -0.40   0.40   0.29
 27 -0.47  1.0  0.0000     2.613  0.0E+00   0.00 |   0.19  -0.19  -1.36   2.58 |   0.01  -0.01  -0.43
 21 -0.98  1.0  0.0000     2.789  0.0E+00   0.00 |   0.44  -0.44   0.37   2.17 |   0.48  -0.48   0.49
 23  0.79  1.0  0.0000     2.806  0.0E+00   0.00 |  -0.02   0.03   0.52   2.33 |  -0.01   0.02  -0.48
 28 -0.61  1.0  0.0000     2.861  0.0E+00   0.02 |   0.07  -0.07  -1.47   3.16 |   0.01  -0.01  -0.40
 24 -0.32  1.0  0.0000     3.172  0.0E+00   0.00 |  -0.92   0.92   0.49   2.34 |  -0.37   0.37   0.25
 26 -0.14  1.0  0.0000     3.861  0.0E+00   0.00 |   0.02  -0.02   2.03   3.15 |   0.11  -0.11   0.44
 22 -0.59  1.0  0.0000     5.578  0.0E+00   0.00 |   0.00  -0.00  -3.06   3.86 |  -0.00   0.00  -0.50
----------------------------------------------------------------------------------------------------
---------------------------------Quasiparticles---------------------------------
Block 1:  P=+1  neutrons
  N      Eqp       f_n      |   U   V  |   B  P  ov_TR |    JxT    JyT    Jz
________________________________________________________________________________
  1    -23.34      0.00E+00 |    1   0 |   -  -  0.000 |    0.00   0.00   0.50
  2    -14.95      0.00E+00 |    0  16 |   -  -  0.000 |    0.00   0.00   3.38
  3    -13.89      0.00E+00 |    0  19 |   -  -  0.000 |    0.00   0.00  -1.33
  4    -13.37      0.00E+00 |    0   8 |   -  -  0.000 |    0.00   0.00  -0.51
  5    -13.08      0.00E+00 |    0  14 |   -  -  0.000 |    0.00   0.00  -1.45
  6    -12.69      0.00E+00 |    0  15 |   -  -  0.000 |    0.00   0.00  -0.50
  7    -12.60      0.00E+00 |    0  17 |   -  -  0.000 |    0.00   0.00   1.45
  8    -12.21      0.00E+00 |    0  18 |   -  -  0.000 |    0.00   0.00  -0.46
  9    -12.14      0.00E+00 |    9   0 |   -  -  0.000 |    0.00   0.00   0.50
 10    -12.10      0.00E+00 |    0  20 |   -  -  0.000 |    0.00   0.00  -0.50
 11    -11.61      0.00E+00 |    0  13 |   -  -  0.000 |    0.00   0.00   1.49
 12     -9.89      0.00E+00 |   10   0 |   -  -  0.000 |    0.00   0.00  -1.50
 13     -9.59      0.00E+00 |    0   7 |   -  -  0.000 |    0.00   0.00   1.49
 14     -7.51      0.00E+00 |    0  12 |   -  -  0.000 |    0.00   0.00  -0.50
 15     -7.28      0.00E+00 |    0   6 |   -  -  0.000 |    0.00   0.00  -0.50
 16     -5.39      0.00E+00 |   11  11 |   -  -  0.000 |    0.00   0.00   0.48
 17     -4.84      0.00E+00 |    5   5 |   -  -  0.000 |    0.00   0.00  -0.48
 18     -3.32      0.00E+00 |    4   4 |   -  -  0.000 |    0.00   0.00  -2.27
 19     -1.98      0.00E+00 |    2   2 |   -  -  0.000 |    0.00   0.00   0.19
 20     -1.97      0.00E+00 |    3   3 |   -  -  0.000 |    0.00   0.00   0.72
 21      1.97      1.00E+00 |    3   3 |   -  -  0.000 |    0.00   0.00  -0.72
 22      1.98      1.00E+00 |    2   2 |   -  -  0.000 |    0.00   0.00  -0.19
 23      3.32      1.00E+00 |    4   4 |   -  -  0.000 |    0.00   0.00   2.27
 24      4.84      1.00E+00 |    5   5 |   -  -  0.000 |    0.00   0.00   0.48
 25      5.39      1.00E+00 |   11  11 |   -  -  0.000 |    0.00   0.00  -0.48
 26      7.28      1.00E+00 |    6   0 |   -  -  0.000 |    0.00   0.00   0.50
 27      7.51      1.00E+00 |   12   0 |   -  -  0.000 |    0.00   0.00   0.50
 28      9.59      1.00E+00 |    7   0 |   -  -  0.000 |    0.00   0.00  -1.49
 29      9.89      1.00E+00 |    0  10 |   -  -  0.000 |    0.00   0.00   1.50
 30     11.61      1.00E+00 |   13   0 |   -  -  0.000 |    0.00   0.00  -1.49
 31     12.10      1.00E+00 |   20   0 |   -  -  0.000 |    0.00   0.00   0.50
 32     12.14      1.00E+00 |    0   9 |   -  -  0.000 |    0.00   0.00  -0.50
 33     12.21      1.00E+00 |   18   0 |   -  -  0.000 |    0.00   0.00   0.46
 34     12.60      1.00E+00 |   17   0 |   -  -  0.000 |    0.00   0.00  -1.45
 35     12.69      1.00E+00 |   15   0 |   -  -  0.000 |    0.00   0.00   0.50
 36     13.08      1.00E+00 |   14   0 |   -  -  0.000 |    0.00   0.00   1.45
 37     13.37      1.00E+00 |    8   0 |   -  -  0.000 |    0.00   0.00   0.51
 38     13.89      1.00E+00 |   19   0 |   -  -  0.000 |    0.00   0.00   1.33
 39     14.95      1.00E+00 |   16   0 |   -  -  0.000 |    0.00   0.00  -3.38
 40     23.34      1.00E+00 |    0   1 |   -  -  0.000 |    0.00   0.00  -0.50

Block 5:  P=+1   protons
  N      Eqp       f_n      |   U   V  |   B  P  ov_TR |    JxT    JyT    Jz
________________________________________________________________________________
  1    -22.92      0.00E+00 |   21   0 |   -  -  0.000 |    0.00   0.00   0.50
  2    -13.47      0.00E+00 |    0  36 |   -  -  0.000 |    0.00   0.00   3.06
  3    -12.12      0.00E+00 |    0  34 |   -  -  0.000 |    0.00   0.00  -1.87
  4    -11.91      0.00E+00 |   29   0 |   -  -  0.000 |    0.00   0.00   0.50
  5    -11.37      0.00E+00 |    0  33 |   -  -  0.000 |    0.00   0.00   1.40
  6    -11.22      0.00E+00 |    0  35 |   -  -  0.000 |    0.00   0.00  -0.50
  7    -10.84      0.00E+00 |    0  32 |   -  -  0.000 |    0.00   0.00  -0.50
  8    -10.55      0.00E+00 |    0  38 |   -  -  0.000 |    0.00   0.00  -0.50
  9    -10.47      0.00E+00 |    0  39 |   -  -  0.000 |    0.00   0.00  -0.54
 10    -10.09      0.00E+00 |    0  28 |   -  -  0.000 |    0.00   0.00  -0.47
 11     -9.78      0.00E+00 |    0  37 |   -  -  0.000 |    0.00   0.00   1.47
 12     -9.64      0.00E+00 |   30   0 |   -  -  0.000 |    0.00   0.00  -1.49
 13     -9.09      0.00E+00 |    0  27 |   -  -  0.000 |    0.00   0.00   1.43
 14     -7.13      0.00E+00 |    0  26 |   -  -  0.000 |    0.00   0.00  -0.49
 15     -5.55      0.00E+00 |   31  40 |   -  -  0.000 |    0.00   0.00  -0.43
 16     -5.24      0.00E+00 |   31  40 |   -  -  0.000 |    0.00   0.00   0.41
 17     -4.50      0.00E+00 |   25  25 |   -  -  0.000 |    0.00   0.00  -0.48
 18     -3.39      0.00E+00 |   24  24 |   -  -  0.000 |    0.00   0.00  -2.25
 19     -2.08      0.00E+00 |   23  23 |   -  -  0.000 |    0.00   0.00   0.72
 20     -2.05      0.00E+00 |   22  22 |   -  -  0.000 |    0.00   0.00   0.18
 21      2.05      1.00E+00 |   22  22 |   -  -  0.000 |    0.00   0.00  -0.18
 22      2.08      1.00E+00 |   23  23 |   -  -  0.000 |    0.00   0.00  -0.72
 23      3.39      1.00E+00 |   24  24 |   -  -  0.000 |    0.00   0.00   2.25
 24      4.50      1.00E+00 |   25  25 |   -  -  0.000 |    0.00   0.00   0.48
 25      5.24      1.00E+00 |   40  31 |   -  -  0.000 |    0.00   0.00  -0.41
 26      5.55      1.00E+00 |   40  31 |   -  -  0.000 |    0.00   0.00   0.43
 27      7.13      1.00E+00 |   26   0 |   -  -  0.000 |    0.00   0.00   0.49
 28      9.09      1.00E+00 |   27   0 |   -  -  0.000 |    0.00   0.00  -1.43
 29      9.64      1.00E+00 |    0  30 |   -  -  0.000 |    0.00   0.00   1.49
 30      9.78      1.00E+00 |   37   0 |   -  -  0.000 |    0.00   0.00  -1.47
 31     10.09      1.00E+00 |   28   0 |   -  -  0.000 |    0.00   0.00   0.47
 32     10.47      1.00E+00 |   39   0 |   -  -  0.000 |    0.00   0.00   0.54
 33     10.55      1.00E+00 |   38   0 |   -  -  0.000 |    0.00   0.00   0.50
 34     10.84      1.00E+00 |   32   0 |   -  -  0.000 |    0.00   0.00   0.50
 35     11.22      1.00E+00 |   35   0 |   -  -  0.000 |    0.00   0.00   0.50
 36     11.37      1.00E+00 |   33   0 |   -  -  0.000 |    0.00   0.00  -1.40
 37     11.91      1.00E+00 |    0  29 |   -  -  0.000 |    0.00   0.00  -0.50
 38     12.12      1.00E+00 |   34   0 |   -  -  0.000 |    0.00   0.00   1.87
 39     13.47      1.00E+00 |   36   0 |   -  -  0.000 |    0.00   0.00  -3.06
 40     22.92      1.00E+00 |    0  21 |   -  -  0.000 |    0.00   0.00  -0.50

--------------------------------------------------------------------------------
---------------- Electric Multipole Moments -----------------
Quantisation Axis             : Z
  With secondary axis ordering: X,Y
______________________________________________________________
                     Neutrons        Protons         Total
______________________________________________________________
 Particles           10.0000         10.0000         20.0000

Re  Q_{ 1 0}         -0.0299          0.0201         -0.0098
Constrained                                           0.0000
Re De_{ 1 0}                                   0.9764548E-02
Re La_{ 1 0}                                         -0.3782

Re  Q_{ 2 0}          9.6924         10.2681         19.9604
Re  Q_{ 2 2}          0.0000          0.0000          0.0001

Re  Q_{ 3 0}         22.7160         26.8007         49.5168
Constrained                                          50.0000
Re De_{ 3 0}                                   0.4832488E+00
Re La_{ 3 0}                                          0.0634
Re  Q_{ 3 2}          0.0000         -0.0000         -0.0000

Re  Q_{ 4 0}         75.6282         96.1645        171.7927
Re  Q_{ 4 2}          0.0002         -0.0008         -0.0007
Re  Q_{ 4 4}          0.0163         -0.0025          0.0138

Re  Q_{ 5 0}        331.5359        463.4845        795.0204
Re  Q_{ 5 2}          0.0001         -0.0003         -0.0002
Re  Q_{ 5 4}         -0.1189         -0.5977         -0.7166

Re  Q_{ 6 0}       1360.5399       2217.7320       3578.2720
Re  Q_{ 6 2}         -0.0019         -0.0445         -0.0465
Re  Q_{ 6 4}          1.5222          2.7941          4.3162
Re  Q_{ 6 6}          0.0003          0.0009          0.0011

Re  Q_{ 7 0}       5851.1091      10088.0065      15939.1156
Re  Q_{ 7 2}         -0.0238         -0.6954         -0.7192
Re  Q_{ 7 4}        -11.3747        -43.9505        -55.3252
Re  Q_{ 7 6}         -0.0013         -0.0539         -0.0552

Re  Q_{ 8 0}      30878.8895      58996.5183      89875.4078
Re  Q_{ 8 2}          0.0718         -0.3696         -0.2978
Re  Q_{ 8 4}         72.7582         57.1401        129.8983
Re  Q_{ 8 6}          0.1010         -1.5406         -1.4396
Re  Q_{ 8 8}          2.2048        301.9399        304.1447

Re  Q_{ 9 0}     134299.3880     271170.9274     405470.3154
Re  Q_{ 9 2}         -0.7330        -21.0551        -21.7880
Re  Q_{ 9 4}        295.6489       3989.3398       4284.9887
Re  Q_{ 9 6}         -0.5840         -8.7247         -9.3087
Re  Q_{ 9 8}       -180.7354       1210.3047       1029.5692

Re  Q_{10 0}     768785.0719    1502697.5135    2271482.5854
Re  Q_{10 2}          2.3076        -82.9793        -80.6717
Re  Q_{10 4}       9734.3162      44619.1789      54353.4950
Re  Q_{10 6}          2.4881       -276.3516       -273.8635
Re  Q_{10 8}       4137.7060      46781.8152      50919.5212
Re  Q_{1010}         -1.6307         17.2785         15.6479

 RMS radius           2.8728          2.9794          2.9266
______________________________________________________________
                     Neutrons        Protons         Total
______________________________________________________________


Beta_{ 2 0}       0.19132556      0.20268960      0.39401516
Beta_{ 2 2}       0.00000052      0.00000048      0.00000101

Beta_{ 3 0}       0.13766313      0.16241685      0.30007998
Beta_{ 3 2}       0.00000004     -0.00000006     -0.00000001

Beta_{ 4 0}       0.14070536      0.17891301      0.31961837
Beta_{ 4 2}       0.00000029     -0.00000154     -0.00000126
Beta_{ 4 4}       0.00003034     -0.00000469      0.00002565

Beta_{ 5 0}       0.18936495      0.26473068      0.45409562
Beta_{ 5 2}       0.00000006     -0.00000019     -0.00000012
Beta_{ 5 4}      -0.00006791     -0.00034139     -0.00040930

Beta_{ 6 0}       0.23857363      0.38888412      0.62745775
Beta_{ 6 2}      -0.00000034     -0.00000781     -0.00000815
Beta_{ 6 4}       0.00026691      0.00048994      0.00075686
Beta_{ 6 6}       0.00000005      0.00000015      0.00000020

Beta_{ 7 0}       0.31498613      0.54307347      0.85805960
Beta_{ 7 2}      -0.00000128     -0.00003744     -0.00003872
Beta_{ 7 4}      -0.00061234     -0.00236601     -0.00297835
Beta_{ 7 6}      -0.00000007     -0.00000290     -0.00000297

Beta_{ 8 0}       0.51033693      0.97503837      1.48537530
Beta_{ 8 2}       0.00000119     -0.00000611     -0.00000492
Beta_{ 8 4}       0.00120248      0.00094436      0.00214684
Beta_{ 8 6}       0.00000167     -0.00002546     -0.00002379
Beta_{ 8 8}       0.00003644      0.00499017      0.00502661

Beta_{ 9 0}       0.68141462      1.37587994      2.05729456
Beta_{ 9 2}      -0.00000372     -0.00010683     -0.00011055
Beta_{ 9 4}       0.00150008      0.02024130      0.02174138
Beta_{ 9 6}      -0.00000296     -0.00004427     -0.00004723
Beta_{ 9 8}      -0.00091702      0.00614090      0.00522388

Beta_{10 0}       1.19752460      2.34072864      3.53825324
Beta_{10 2}       0.00000359     -0.00012926     -0.00012566
Beta_{10 4}       0.01516299      0.06950260      0.08466560
Beta_{10 6}       0.00000388     -0.00043047     -0.00042659
Beta_{10 8}       0.00644524      0.07287131      0.07931655
Beta_{1010}      -0.00000254      0.00002691      0.00002437

______________________________________________________________
                     Neutrons        Protons         Total
______________________________________________________________
Q_{ 1}                0.0299          0.0201          0.0098
Q_{ 2}                9.6924         10.2681         19.9604
Q_{ 3}               22.7160         26.8007         49.5168
Q_{ 4}               75.6282         96.1645        171.7927
Q_{ 5}              331.5359        463.4853        795.0210
Q_{ 6}             1360.5416       2217.7355       3578.2772
Q_{ 7}             5851.1312      10088.1980      15939.3076
Q_{ 8}            30879.0611      58998.1190      89876.6248
Q_{ 9}           134300.2821     271235.0130     405518.2118
Q_{10}           768930.5832    1505476.2712    2273923.3715
______________________________________________________________
                     Neutrons        Protons         Total
______________________________________________________________
Beta_{   1}       0.00192129      0.00129344      0.00062785
Beta_{   2}       0.19132556      0.20268960      0.39401516
Beta_{   3}       0.13766313      0.16241685      0.30007998
Beta_{   4}       0.14070537      0.17891301      0.31961837
Beta_{   5}       0.18936497      0.26473112      0.45409599
Beta_{   6}       0.23857393      0.38888474      0.62745867
Beta_{   7}       0.31498732      0.54308378      0.85806994
Beta_{   8}       0.51033977      0.97506482      1.48539541
Beta_{   9}       0.68141915      1.37620510      2.05753758
Beta_{  10}       1.19775126      2.34505707      3.54205521
______________________________________________________________
 Cart. Moments X              Y              Z
 Cart. N      -15.3655192    -15.3657240     30.7312432
 Cart. P      -16.2781876    -16.2783784     32.5565661
 Cart. T      -31.6437068    -31.6441024     63.2878092
 (Q, gamma)    Q              Gamma
 (Q,g) N       30.7312432      0.0002205
 (Q,g) P       32.5565661      0.0001939
 (Q,g) T       63.2878092      0.0002068
 (iq1, iq2)    iq1            iq2
 iq    N       30.7311749      0.0001365
 iq    P       32.5565025      0.0001272
 iq    T       63.2876774      0.0002637
               X^2            Y^2            Z^2
 X^2_i N       22.3879400     22.3878717     37.7535274
 X^2_i P       22.8792542     22.8791906     39.1575055
 X^2_i T       45.2671942     45.2670623     76.9110329
------------------------------------------------------------
------------------------- Angular Momentum (hbar) --------------------------

               Spwfs(*)    Desired     Omega       E (MeV)      Densit. 
  __________________________________________________________________________
   J_x   |     0.00000     0.00000     0.00000     0.00000     0.00000
   J_y   |     0.00000     0.00000     0.00000     0.00000     0.00000
   J_z   |     0.00000     0.00000     0.00000     0.00000     0.00000
  __________________________________________________________________________
   Size  |     0.00000     0.00000     0.00000                 0.00000
  --------------------------------------------------------------------------
---------------------Rotational properties--------------------
                Rigid rotor          (hbar^2/MeV)
              n              p              t 
 I_R X       1.4502024      1.4959041      2.9461066
 I_R Y       1.4502041      1.4959057      2.9461097
 I_R Z       1.0796887      1.1033832      2.1830719

                Belyaev                 (hbar^2/MeV) 
              n              p              t 
 I_B X       0.5413861      0.5138002      1.0551863
 I_B Y       0.5413749      0.5137857      1.0551606
 I_B Z       0.0000091      0.0000196      0.0000287

                Belyaev (collective)    (hbar^2/MeV) 
              n              p              t 
 I_B X       0.5413861      0.5138002      1.0551863
 I_B Y       0.5413749      0.5137857      1.0551606
 I_B Z       0.0000091      0.0000196      0.0000287

                 <J^2> - <J>^2          (hbar^2)
              n              p              t 
 J2_X        1.4600187      1.4343348      2.8943535
 J2_Y        1.4599932      1.4342930      2.8942862
 J2_Z        0.0000557      0.0001268      0.0001825
 J2_t        2.9200676      2.8687545      5.7888221

                 <J^2> - <J>^2 (coll.)  (hbar^2)
              n              p              t 
 J2_X        1.4600187      1.4343348      2.8943535
 J2_Y        1.4599932      1.4342930      2.8942862
 J2_Z        0.0000557      0.0001268      0.0001825
 J2_t        2.9200676      2.8687545      5.7888221
-------------------------- Pairing -------------------------
                          N         P 
 Fermi Level (MeV)    -11.99415837    -7.89535927
 Particles             10.00000000    10.00000000
 Dispersion             1.95249808     2.01756116
 Average gap   v^2      0.68980595     0.74148744
 Average gap   uv       1.58363860     1.65926691
------------------------------------------------------------
--------------------------------------------------------------------------------
 Skyrme Energy 
                                    Isoscalar      Isovector   |   Total
--------------------------------------------------------------------------------
  E_D_I_I_D_I_I                  -1295.896697       0.052238   -1295.844459
  E_D_I_I_D_Nm_Nm                   27.847828      -0.003095      27.844734
  E_D_I_I_Lap_D_I_I                 58.008018       0.001412      58.009429
  E_D_I_I_D_I_I_DD                 736.218171      -0.026489     736.191682
  E_C_I_NmSk_C_I_NmSk                0.000000       0.000000       0.000000
  E_D_I_I_Derm_C_I_NxmSxm          -10.943639      -0.000583     -10.944222
  E_DP_I_I_DP_I_I                                                 -4.880597
--------------------------------------------------------------------------------
                 Total Skyrme:                                  -489.623433
                    time-even:                                  -489.623433
                    time-odd :                                     0.000000
--------------------------------------------------------------------------------
--------------------------------------------------------------------------------
                                     neutron        proton         total
                Kinetic Energy:     162.929399     159.543955     322.473354
                    COM 1-body:      -8.146470      -7.977198     -16.123668
                    COM 2-body:       3.233986       3.181776       6.415762
                            ph:       3.206787       3.149332       6.356119
                            pp:       0.027199       0.032444       0.059643
                 Collective T:                                     -2.551592

                 Rotational  T:                                    -2.551592
                 Rotational  X:                                    -1.275485
                 Rotational  Y:                                    -1.275486
                 Rotational  Z:                                    -0.000622

                 Vibrational T:                                     0.000000
                 Vibrational X:                                    -0.000000
                 Vibrational Y:                                    -0.000000
                 Vibrational Z:                                    -0.000000


                Coulomb Direct:       0.000000      23.447225      23.447225
                      Exchange:       0.000000       0.000000       0.000000

               Pairing (delta):      -2.337533      -2.561062      -4.898594
               Pairing (densi):                                    -4.880597
--------------------------------------------------------------------------------
                  Total energy:                                  -155.962352
                    from spwfs:                                  -155.960626
                   E_fu - E_sp:                                -0.172677E-02
                   (no corr.) :                                  -159.826522
                      Routhian:                                  -157.498355
                         dE   :                                -0.320558E-01
                         dR   :                                -0.253151E-01
--------------------------------------------------------------------------------
--------------------------------------------------------------------------------
 Iteration =   41
 dt  =   0.0247      mu  =   0.8270 gradn=    0.000E+00 D2H =    9.611E-03
 E   =   -155.963    DE  = -0.97398E-06
 R   =   -157.490    DR  =  0.52303E-04
 R-E =     -1.528  D(R-E)=  0.53789E-04
 dmun= -4.6E-03      dmup= -2.1E-03
 RQ10=     -0.0105   dQ =-3.2E-02  L =     -0.3810   dL =-2.7E-03  dev = 1.0E-02
 RQ20=     20.0512   dQ =-4.0E-02  L =      0.0000   dL = 0.0E+00  dev = 0.0E+00
 RQ22=      0.0000   dQ =-2.1E-07  L =      0.0000   dL = 0.0E+00  dev = 0.0E+00
 RQ30=     49.5013   dQ =-1.1E+00  L =      0.0631   dL =-3.3E-04  dev = 5.0E-01
 Jz  =    0.000      dJZ =  0.0E+00
--------------------------------------------------------------------------------
 Iteration =   42
 dt  =   0.0247      mu  =   0.8271 gradn=    0.000E+00 D2H =    8.354E-03
 E   =   -155.960    DE  =  0.16851E-04
 R   =   -157.481    DR  =  0.59643E-04
 R-E =     -1.521  D(R-E)=  0.43374E-04
 dmun= -3.9E-03      dmup= -1.5E-03
 RQ10=     -0.0099   dQ =-3.0E-02  L =     -0.3835   dL =-2.6E-03  dev = 9.9E-03
 RQ20=     20.1405   dQ =-3.8E-02  L =      0.0000   dL = 0.0E+00  dev = 0.0E+00
 RQ22=      0.0000   dQ =-2.1E-07  L =      0.0000   dL = 0.0E+00  dev = 0.0E+00
 RQ30=     49.5339   dQ =-1.0E+00  L =      0.0627   dL =-3.2E-04  dev = 4.7E-01
 Jz  =    0.000      dJZ =  0.0E+00
--------------------------------------------------------------------------------
 Iteration =   43
 dt  =   0.0247      mu  =   0.8272 gradn=    0.000E+00 D2H =    7.184E-03
 E   =   -155.959    DE  =  0.75039E-05
 R   =   -157.472    DR  =  0.57784E-04
 R-E =     -1.513  D(R-E)=  0.50841E-04
 dmun= -3.6E-03      dmup= -1.4E-03
 RQ10=     -0.0103   dQ =-3.0E-02  L =     -0.3860   dL =-2.5E-03  dev = 1.0E-02
 RQ20=     20.2233   dQ =-4.1E-02  L =      0.0000   dL = 0.0E+00  dev = 0.0E+00
 RQ22=      0.0000   dQ =-1.9E-07  L =      0.0000   dL = 0.0E+00  dev = 0.0E+00
 RQ30=     49.5263   dQ =-1.0E+00  L =      0.0624   dL =-3.2E-04  dev = 4.7E-01
 Jz  =    0.000      dJZ =  0.0E+00
--------------------------------------------------------------------------------
 Iteration =   44
 dt  =   0.0247      mu  =   0.8274 gradn=    0.000E+00 D2H =    6.192E-03
 E   =   -155.955    DE  =  0.22268E-04
 R   =   -157.462    DR  =  0.63157E-04
 R-E =     -1.506  D(R-E)=  0.41499E-04
 dmun= -3.1E-03      dmup= -9.6E-04
 RQ10=     -0.0097   dQ =-2.8E-02  L =     -0.3884   dL =-2.3E-03  dev = 9.7E-03
 RQ20=     20.3044   dQ =-3.8E-02  L =      0.0000   dL = 0.0E+00  dev = 0.0E+00
 RQ22=      0.0000   dQ =-1.7E-07  L =      0.0000   dL = 0.0E+00  dev = 0.0E+00
 RQ30=     49.5582   dQ =-9.7E-01  L =      0.0621   dL =-3.1E-04  dev = 4.4E-01
 Jz  =    0.000      dJZ =  0.0E+00
--------------------------------------------------------------------------------
 Iteration =   45
 dt  =   0.0247      mu  =   0.8275 gradn=    0.000E+00 D2H =    5.352E-03
 E   =   -155.953    DE  =  0.13605E-04
 R   =   -157.452    DR  =  0.60344E-04
 R-E =     -1.499  D(R-E)=  0.47319E-04
 dmun= -2.8E-03      dmup= -8.9E-04
 RQ10=     -0.0100   dQ =-2.8E-02  L =     -0.3906   dL =-2.3E-03  dev = 1.0E-02
 RQ20=     20.3795   dQ =-4.0E-02  L =      0.0000   dL = 0.0E+00  dev = 0.0E+00
 RQ22=      0.0000   dQ =-1.5E-07  L =      0.0000   dL = 0.0E+00  dev = 0.0E+00
 RQ30=     49.5556   dQ =-9.8E-01  L =      0.0618   dL =-3.1E-04  dev = 4.4E-01
 Jz  =    0.000      dJZ =  0.0E+00
--------------------------------------------------------------------------------
 Iteration =   46
 dt  =   0.0247      mu  =   0.8276 gradn=    0.000E+00 D2H =    4.665E-03
 E   =   -155.949    DE  =  0.24798E-04
 R   =   -157.442    DR  =  0.63322E-04
 R-E =     -1.493  D(R-E)=  0.39130E-04
 dmun= -2.3E-03      dmup= -5.7E-04
 RQ10=     -0.0094   dQ =-2.6E-02  L =     -0.3927   dL =-2.1E-03  dev = 9.4E-03
 RQ20=     20.4525   dQ =-3.7E-02  L =      0.0000   dL = 0.0E+00  dev = 0.0E+00
 RQ22=      0.0000   dQ =-1.2E-07  L =      0.0000   dL = 0.0E+00  dev = 0.0E+00
 RQ30=     49.5859   dQ =-9.2E-01  L =      0.0615   dL =-2.9E-04  dev = 4.1E-01
 Jz  =    0.000      dJZ =  0.0E+00
--------------------------------------------------------------------------------
 Iteration =   47
 dt  =   0.0247      mu  =   0.8277 gradn=    0.000E+00 D2H =    4.042E-03
 E   =   -155.947    DE  =  0.16567E-04
 R   =   -157.433    DR  =  0.59561E-04
 R-E =     -1.486  D(R-E)=  0.43561E-04
 dmun= -2.1E-03      dmup= -5.9E-04
 RQ10=     -0.0096   dQ =-2.6E-02  L =     -0.3947   dL =-2.0E-03  dev = 9.6E-03
 RQ20=     20.5199   dQ =-3.8E-02  L =      0.0000   dL = 0.0E+00  dev = 0.0E+00
 RQ22=      0.0000   dQ =-9.5E-08  L =      0.0000   dL = 0.0E+00  dev = 0.0E+00
 RQ30=     49.5871   dQ =-9.2E-01  L =      0.0612   dL =-2.9E-04  dev = 4.1E-01
 Jz  =    0.000      dJZ =  0.0E+00
--------------------------------------------------------------------------------
 Iteration =   48
 dt  =   0.0247      mu  =   0.8279 gradn=    0.000E+00 D2H =    3.497E-03
 E   =   -155.943    DE  =  0.24991E-04
 R   =   -157.423    DR  =  0.60950E-04
 R-E =     -1.480  D(R-E)=  0.36538E-04
 dmun= -1.7E-03      dmup= -4.1E-04
 RQ10=     -0.0091   dQ =-2.4E-02  L =     -0.3965   dL =-1.8E-03  dev = 9.1E-03
 RQ20=     20.5851   dQ =-3.6E-02  L =      0.0000   dL = 0.0E+00  dev = 0.0E+00
 RQ22=      0.0000   dQ =-6.9E-08  L =      0.0000   dL = 0.0E+00  dev = 0.0E+00
 RQ30=     49.6157   dQ =-8.6E-01  L =      0.0609   dL =-2.8E-04  dev = 3.8E-01
 Jz  =    0.000      dJZ =  0.0E+00
--------------------------------------------------------------------------------
 Iteration =   49
 dt  =   0.0247      mu  =   0.8280 gradn=    0.000E+00 D2H =    2.997E-03
 E   =   -155.940    DE  =  0.17304E-04
 R   =   -157.414    DR  =  0.56935E-04
 R-E =     -1.474  D(R-E)=  0.40169E-04
 dmun= -1.5E-03      dmup= -4.8E-04
 RQ10=     -0.0092   dQ =-2.3E-02  L =     -0.3983   dL =-1.8E-03  dev = 9.2E-03
 RQ20=     20.6451   dQ =-3.6E-02  L =      0.0000   dL = 0.0E+00  dev = 0.0E+00
 RQ22=      0.0000   dQ =-4.3E-08  L =      0.0000   dL = 0.0E+00  dev = 0.0E+00
 RQ30=     49.6196   dQ =-8.6E-01  L =      0.0607   dL =-2.8E-04  dev = 3.8E-01
 Jz  =    0.000      dJZ =  0.0E+00
--------------------- Sp wavefunctions -------------------------------------------------------------
____________________________________________________________________________________________________
   Neutron wavefunctions
  i     P   Rz   occ       E        d2h    Delta |   JxT    JyT    Jz      J   |   SxT    SyT    Sz
----------------------------------------------------------------------------------------------------
  1  0.99  1.0  1.0000   -35.300  5.3E-04   0.00 |  -0.50   0.50   0.50   0.52 |  -0.50   0.50   0.50
  9 -0.99  1.0  1.0000   -24.181  3.4E-03   0.02 |  -0.88   0.88   0.50   1.47 |  -0.45   0.45   0.39
 10 -0.98  1.0  1.0000   -21.833  9.1E-04   0.14 |  -0.00   0.00  -1.50   1.53 |   0.00   0.00  -0.50
 11 -0.92  1.0  0.9799   -17.105  4.0E-03   1.49 |   0.32  -0.32   0.50   0.76 |  -0.06   0.06  -0.38
  2  0.88  1.0  0.7076   -12.837  1.5E-02   1.78 |  -1.16   1.16   0.50   2.23 |  -0.40   0.40   0.31
  3  0.97  1.0  0.2529   -11.064  3.7E-03   1.68 |  -0.00   0.00  -1.50   2.50 |  -0.00   0.00  -0.42
  4  0.95  1.0  0.0411    -8.898  1.2E-03   1.35 |   0.00  -0.00   2.50   2.54 |  -0.00   0.00   0.50
  5  0.81  1.0  0.0142    -7.234  4.0E-02   1.15 |  -0.64   0.64   0.50   1.60 |  -0.36   0.36   0.21
  6  0.48  1.0  0.0029    -4.765  3.5E-01   0.72 |   0.20  -0.20   0.50   1.82 |  -0.35   0.35   0.20
 12  0.15  1.0  0.0014    -4.165  3.7E-01   0.42 |  -0.10   0.10   0.50   2.52 |  -0.37   0.37   0.25
  7  0.74  1.0  0.0000    -2.330  1.8E-02   0.11 |   0.00  -0.00  -1.49   1.89 |   0.00  -0.00   0.37
 20 -0.59  1.0  0.0000    -0.587  9.9E-01   0.03 |  -0.82   0.82   0.50   2.85 |  -0.37   0.37   0.25
 13 -0.71  1.0  0.0000    -0.356  2.8E-02   0.01 |   0.01  -0.01  -1.49   2.67 |   0.00  -0.00  -0.44
 18 -0.45  1.0  0.0000     0.292  9.7E-02   0.01 |  -0.03   0.03   0.46   1.74 |  -0.00   0.00  -0.49
 17 -0.41  1.0  0.0000     0.603  9.8E-02   0.01 |   0.04  -0.04  -1.46   2.83 |   0.01  -0.01  -0.40
 15 -0.33  1.0  0.0000     1.036  6.3E-01   0.01 |  -0.83   0.83   0.50   2.33 |  -0.45   0.45   0.40
 14 -0.57  1.0  0.0000     1.096  7.4E-02   0.01 |   0.26  -0.26   1.38   2.82 |   0.34  -0.34   0.47
  8  0.58  1.0  0.0000     1.417  1.2E-01   0.01 |  -0.13   0.14   0.51   2.45 |  -0.02   0.02  -0.46
 19 -0.87  1.0  0.0000     1.920  2.2E-02   0.00 |   0.18  -0.18   1.35   2.91 |   0.15  -0.15   0.45
 16 -0.76  1.0  0.0000     3.057  2.1E-02   0.00 |  -0.00   0.00  -3.36   3.66 |  -0.00   0.00  -0.50
____________________________________________________________________________________________________
   Proton  wavefunctions
  i     P   Rz   occ       E        d2h    Delta |   JxT    JyT    Jz      J   |   SxT    SyT    Sz
----------------------------------------------------------------------------------------------------
 21  0.99  1.0  1.0000   -30.775  5.9E-04   0.00 |  -0.50   0.50   0.50   0.52 |  -0.50   0.50   0.50
 29 -0.99  1.0  1.0000   -19.852  3.4E-03   0.02 |  -0.87   0.87   0.50   1.47 |  -0.45   0.45   0.40
 30 -0.98  1.0  0.9999   -17.479  1.0E-03   0.18 |  -0.00   0.00  -1.50   1.53 |   0.00   0.00  -0.50
 31 -0.92  1.0  0.9763   -12.839  4.4E-03   1.58 |   0.31  -0.31   0.50   0.77 |  -0.06   0.06  -0.38
 22  0.86  1.0  0.7016    -8.735  1.8E-02   1.86 |  -1.14   1.14   0.50   2.23 |  -0.41   0.41   0.32
 23  0.97  1.0  0.2548    -6.909  3.8E-03   1.77 |  -0.00   0.00  -1.50   2.50 |  -0.00   0.00  -0.42
 24  0.95  1.0  0.0442    -4.763  1.4E-03   1.42 |   0.00  -0.00   2.50   2.54 |   0.00  -0.00   0.50
 25  0.69  1.0  0.0161    -3.500  1.5E-01   1.10 |  -0.66   0.66   0.50   1.84 |  -0.36   0.36   0.22
 40 -0.13  1.0  0.0033    -2.379  7.4E-01   0.51 |  -0.47   0.47   0.50   2.73 |  -0.47   0.47   0.44
 26  0.84  1.0  0.0035    -0.435  4.8E-01   0.83 |   0.61  -0.61   0.50   1.46 |  -0.25   0.25  -0.00
 27  0.70  1.0  0.0001     1.271  2.1E-02   0.16 |  -0.01   0.01  -1.42   1.93 |   0.03  -0.03   0.35
 37 -0.46  1.0  0.0000     1.934  3.8E-02   0.04 |   0.04  -0.04  -1.47   2.24 |   0.00  -0.00  -0.48
 28  0.42  1.0  0.0000     2.213  6.9E-02   0.07 |   0.03  -0.02   0.48   2.00 |  -0.01   0.02  -0.47
 39 -0.86  1.0  0.0000     2.581  2.9E-02   0.02 |   0.48  -0.48   0.54   2.25 |   0.48  -0.48   0.49
 38 -0.29  1.0  0.0000     2.695  2.1E-01   0.02 |   0.02  -0.01   0.51   2.28 |  -0.01   0.02  -0.47
 32 -0.38  1.0  0.0000     2.924  3.5E-01   0.04 |  -0.63   0.63   0.50   2.44 |  -0.44   0.44   0.38
 33 -0.36  1.0  0.0000     3.334  5.1E-01   0.02 |   0.05  -0.05  -1.35   3.40 |   0.03  -0.04  -0.33
 35 -0.51  1.0  0.0000     3.367  2.5E-01   0.04 |  -1.16   1.16   0.50   2.66 |  -0.42   0.42   0.34
 34  0.02  1.0  0.0000     3.916  9.9E-01   0.02 |   0.30  -0.30   1.50   2.88 |   0.17  -0.17   0.44
 36 -0.55  1.0  0.0000     5.658  3.2E-02   0.00 |   0.00  -0.00  -3.02   3.89 |  -0.00   0.00  -0.50
----------------------------------------------------------------------------------------------------
--------------------- Canonical basis  -------------------------------------------------------------
____________________________________________________________________________________________________
   Neutron wavefunctions
  i     P   Rz   occ       E        d2h    Delta |   JxT    JyT    Jz      J   |   SxT    SyT    Sz
----------------------------------------------------------------------------------------------------
 20  0.99  1.0  2.0000   -35.300  0.0E+00   0.00 |  -0.50   0.50   0.50   0.52 |  -0.50   0.50   0.50
 19 -0.99  1.0  2.0000   -24.181  0.0E+00   0.02 |  -0.88   0.88   0.50   1.47 |  -0.45   0.45   0.39
 18 -0.98  1.0  1.9999   -21.833  0.0E+00   0.14 |  -0.00   0.00  -1.50   1.53 |   0.00   0.00  -0.50
 17 -0.93  1.0  1.9598   -17.104  0.0E+00   1.49 |   0.33  -0.33   0.50   0.75 |  -0.06   0.06  -0.38
 16  0.89  1.0  1.4154   -12.836  0.0E+00   1.79 |  -1.17   1.17   0.50   2.24 |  -0.40   0.40   0.31
 15  0.97  1.0  0.5059   -11.064  0.0E+00   1.68 |  -0.00   0.00  -1.50   2.50 |  -0.00   0.00  -0.42
 14  0.95  1.0  0.0822    -8.898  0.0E+00   1.35 |   0.00  -0.00   2.50   2.54 |  -0.00   0.00   0.50
 13  0.84  1.0  0.0302    -7.027  0.0E+00   1.26 |  -0.32   0.32   0.50   1.63 |  -0.25   0.25  -0.00
 11 -0.36  1.0  0.0005    -4.685  0.0E+00   0.24 |  -0.75   0.75   0.50   2.80 |  -0.47   0.47   0.44
 12  0.91  1.0  0.0060    -4.360  0.0E+00   0.79 |   0.39  -0.39   0.50   1.31 |  -0.35   0.35   0.20
 10  0.72  1.0  0.0001    -2.333  0.0E+00   0.11 |  -0.00   0.00  -1.50   1.92 |   0.00  -0.00   0.36
  8 -0.66  1.0  0.0000    -0.928  0.0E+00   0.01 |  -0.93   0.93   0.50   3.05 |  -0.36   0.36   0.23
  9 -0.73  1.0  0.0000    -0.145  0.0E+00   0.01 |   0.03  -0.03  -1.50   3.12 |   0.00  -0.00  -0.36
  5 -0.38  1.0  0.0000     0.388  0.0E+00   0.00 |   0.01  -0.01  -1.47   2.30 |   0.01   0.00  -0.47
  4 -0.61  1.0  0.0000     0.496  0.0E+00   0.00 |   0.25  -0.25   0.41   1.68 |  -0.07   0.06  -0.38
  6 -0.30  1.0  0.0000     1.198  0.0E+00   0.00 |  -0.96   0.97   0.49   2.25 |  -0.42   0.43   0.35
  2  0.82  1.0  0.0000     1.310  0.0E+00   0.00 |  -0.04   0.05   0.51   2.41 |  -0.00   0.01  -0.49
  1 -0.87  1.0  0.0000     1.505  0.0E+00   0.00 |   0.45  -0.46   0.37   2.28 |   0.46  -0.46   0.49
  7 -0.59  1.0  0.0000     1.518  0.0E+00   0.00 |   0.00  -0.00   2.39   3.36 |   0.04  -0.04   0.45
  3 -0.76  1.0  0.0000     3.046  0.0E+00   0.00 |   0.00  -0.00  -3.30   3.64 |  -0.00   0.00  -0.50
____________________________________________________________________________________________________
   Proton  wavefunctions
  i     P   Rz   occ       E        d2h    Delta |   JxT    JyT    Jz      J   |   SxT    SyT    Sz
----------------------------------------------------------------------------------------------------
 40  0.99  1.0  2.0000   -30.775  0.0E+00   0.00 |  -0.50   0.50   0.50   0.52 |  -0.50   0.50   0.50
 39 -0.99  1.0  2.0000   -19.852  0.0E+00   0.02 |  -0.88   0.88   0.50   1.47 |  -0.45   0.45   0.39
 38 -0.98  1.0  1.9998   -17.479  0.0E+00   0.18 |  -0.00   0.00  -1.50   1.53 |   0.00   0.00  -0.50
 37 -0.92  1.0  1.9527   -12.838  0.0E+00   1.57 |   0.32  -0.32   0.50   0.76 |  -0.06   0.06  -0.38
 36  0.88  1.0  1.4040    -8.729  0.0E+00   1.87 |  -1.15   1.15   0.50   2.23 |  -0.41   0.41   0.32
 35  0.97  1.0  0.5096    -6.909  0.0E+00   1.77 |  -0.00   0.00  -1.50   2.50 |  -0.00   0.00  -0.42
 34  0.95  1.0  0.0884    -4.763  0.0E+00   1.42 |  -0.00   0.00   2.50   2.54 |  -0.00   0.00   0.50
 33  0.86  1.0  0.0377    -2.969  0.0E+00   1.33 |  -0.31   0.31   0.50   1.60 |  -0.24   0.24  -0.02
 31 -0.30  1.0  0.0022    -2.739  0.0E+00   0.37 |  -0.59   0.59   0.50   2.82 |  -0.49   0.49   0.48
 32  0.85  1.0  0.0054    -0.499  0.0E+00   0.74 |   0.34  -0.34   0.50   1.52 |  -0.35   0.35   0.20
 30  0.69  1.0  0.0002     1.304  0.0E+00   0.17 |  -0.02   0.02  -1.46   1.98 |   0.01  -0.01   0.36
 29 -0.74  1.0  0.0000     2.425  0.0E+00   0.03 |  -1.05   1.06   0.50   2.92 |  -0.38   0.38   0.27
 25 -0.56  1.0  0.0000     2.605  0.0E+00   0.00 |   0.31  -0.31   0.49   1.79 |  -0.12   0.12  -0.25
 21 -0.98  1.0  0.0000     2.765  0.0E+00   0.00 |   0.45  -0.45   0.38   2.17 |   0.48  -0.48   0.49
 23  0.75  1.0  0.0000     2.885  0.0E+00   0.00 |  -0.09   0.09   0.51   2.36 |  -0.03   0.04  -0.43
 28 -0.58  1.0  0.0000     2.910  0.0E+00   0.02 |   0.13  -0.13  -1.46   3.16 |   0.01  -0.02  -0.39
 27 -0.23  1.0  0.0000     3.000  0.0E+00   0.00 |   0.15  -0.15  -0.34   2.63 |   0.05  -0.05  -0.14
 26  0.08  1.0  0.0000     3.057  0.0E+00   0.00 |   0.16  -0.16   0.68   2.85 |   0.16  -0.16   0.16
 24 -0.24  1.0  0.0000     3.170  0.0E+00   0.00 |  -0.87   0.87   0.49   2.27 |  -0.35   0.35   0.19
 22 -0.55  1.0  0.0000     5.657  0.0E+00   0.00 |   0.00  -0.00  -3.03   3.89 |  -0.00   0.00  -0.50
----------------------------------------------------------------------------------------------------
---------------------------------Quasiparticles---------------------------------
Block 1:  P=+1  neutrons
  N      Eqp       f_n      |   U   V  |   B  P  ov_TR |    JxT    JyT    Jz
________________________________________________________________________________
  1    -23.28      0.00E+00 |    1   0 |   -  -  0.000 |    0.00   0.00   0.50
  2    -15.08      0.00E+00 |    0  16 |   -  -  0.000 |    0.00   0.00   3.36
  3    -13.94      0.00E+00 |    0  19 |   -  -  0.000 |    0.00   0.00  -1.35
  4    -13.44      0.00E+00 |    0   8 |   -  -  0.000 |    0.00   0.00  -0.51
  5    -13.12      0.00E+00 |    0  14 |   -  -  0.000 |    0.00   0.00  -1.38
  6    -13.06      0.00E+00 |    0  15 |   -  -  0.000 |    0.00   0.00  -0.50
  7    -12.62      0.00E+00 |    0  17 |   -  -  0.000 |    0.00   0.00   1.46
  8    -12.31      0.00E+00 |    0  18 |   -  -  0.000 |    0.00   0.00  -0.46
  9    -12.16      0.00E+00 |    9   0 |   -  -  0.000 |    0.00   0.00   0.50
 10    -11.66      0.00E+00 |    0  13 |   -  -  0.000 |    0.00   0.00   1.49
 11    -11.43      0.00E+00 |    0  20 |   -  -  0.000 |    0.00   0.00  -0.50
 12     -9.81      0.00E+00 |   10   0 |   -  -  0.000 |    0.00   0.00  -1.49
 13     -9.69      0.00E+00 |    0   7 |   -  -  0.000 |    0.00   0.00   1.49
 14     -7.88      0.00E+00 |    0  12 |   -  -  0.000 |    0.00   0.00  -0.50
 15     -7.30      0.00E+00 |    0   6 |   -  -  0.000 |    0.00   0.00  -0.50
 16     -5.30      0.00E+00 |   11  11 |   -  -  0.000 |    0.00   0.00   0.48
 17     -4.93      0.00E+00 |    5   5 |   -  -  0.000 |    0.00   0.00  -0.48
 18     -3.40      0.00E+00 |    4   4 |   -  -  0.000 |    0.00   0.00  -2.29
 19     -1.96      0.00E+00 |    2   2 |   -  -  0.000 |    0.00   0.00   0.21
 20     -1.94      0.00E+00 |    3   3 |   -  -  0.000 |    0.00   0.00   0.74
 21      1.94      1.00E+00 |    3   3 |   -  -  0.000 |    0.00   0.00  -0.74
 22      1.96      1.00E+00 |    2   2 |   -  -  0.000 |    0.00   0.00  -0.21
 23      3.40      1.00E+00 |    4   4 |   -  -  0.000 |    0.00   0.00   2.29
 24      4.93      1.00E+00 |    5   5 |   -  -  0.000 |    0.00   0.00   0.48
 25      5.30      1.00E+00 |   11  11 |   -  -  0.000 |    0.00   0.00  -0.48
 26      7.30      1.00E+00 |    6   0 |   -  -  0.000 |    0.00   0.00   0.50
 27      7.88      1.00E+00 |   12   0 |   -  -  0.000 |    0.00   0.00   0.50
 28      9.69      1.00E+00 |    7   0 |   -  -  0.000 |    0.00   0.00  -1.49
 29      9.81      1.00E+00 |    0  10 |   -  -  0.000 |    0.00   0.00   1.49
 30     11.43      1.00E+00 |   20   0 |   -  -  0.000 |    0.00   0.00   0.50
 31     11.66      1.00E+00 |   13   0 |   -  -  0.000 |    0.00   0.00  -1.49
 32     12.16      1.00E+00 |    0   9 |   -  -  0.000 |    0.00   0.00  -0.50
 33     12.31      1.00E+00 |   18   0 |   -  -  0.000 |    0.00   0.00   0.46
 34     12.62      1.00E+00 |   17   0 |   -  -  0.000 |    0.00   0.00  -1.46
 35     13.06      1.00E+00 |   15   0 |   -  -  0.000 |    0.00   0.00   0.50
 36     13.12      1.00E+00 |   14   0 |   -  -  0.000 |    0.00   0.00   1.38
 37     13.44      1.00E+00 |    8   0 |   -  -  0.000 |    0.00   0.00   0.51
 38     13.94      1.00E+00 |   19   0 |   -  -  0.000 |    0.00   0.00   1.35
 39     15.08      1.00E+00 |   16   0 |   -  -  0.000 |    0.00   0.00  -3.36
 40     23.28      1.00E+00 |    0   1 |   -  -  0.000 |    0.00   0.00  -0.50

Block 5:  P=+1   protons
  N      Eqp       f_n      |   U   V  |   B  P  ov_TR |    JxT    JyT    Jz
________________________________________________________________________________
  1    -22.87      0.00E+00 |   21   0 |   -  -  0.000 |    0.00   0.00   0.50
  2    -13.56      0.00E+00 |    0  36 |   -  -  0.000 |    0.00   0.00   3.02
  3    -11.95      0.00E+00 |   29   0 |   -  -  0.000 |    0.00   0.00   0.50
  4    -11.82      0.00E+00 |    0  34 |   -  -  0.000 |    0.00   0.00  -1.50
  5    -11.27      0.00E+00 |    0  35 |   -  -  0.000 |    0.00   0.00  -0.50
  6    -11.24      0.00E+00 |    0  33 |   -  -  0.000 |    0.00   0.00   1.35
  7    -10.83      0.00E+00 |    0  32 |   -  -  0.000 |    0.00   0.00  -0.50
  8    -10.60      0.00E+00 |    0  38 |   -  -  0.000 |    0.00   0.00  -0.51
  9    -10.49      0.00E+00 |    0  39 |   -  -  0.000 |    0.00   0.00  -0.54
 10    -10.12      0.00E+00 |    0  28 |   -  -  0.000 |    0.00   0.00  -0.48
 11     -9.84      0.00E+00 |    0  37 |   -  -  0.000 |    0.00   0.00   1.47
 12     -9.58      0.00E+00 |   30   0 |   -  -  0.000 |    0.00   0.00  -1.50
 13     -9.18      0.00E+00 |    0  27 |   -  -  0.000 |    0.00   0.00   1.42
 14     -7.52      0.00E+00 |    0  26 |   -  -  0.000 |    0.00   0.00  -0.50
 15     -5.59      0.00E+00 |   31  40 |   -  -  0.000 |    0.00   0.00  -0.47
 16     -5.17      0.00E+00 |   31  40 |   -  -  0.000 |    0.00   0.00   0.45
 17     -4.56      0.00E+00 |   25  25 |   -  -  0.000 |    0.00   0.00  -0.48
 18     -3.45      0.00E+00 |   24  24 |   -  -  0.000 |    0.00   0.00  -2.28
 19     -2.03      0.00E+00 |   23  23 |   -  -  0.000 |    0.00   0.00   0.74
 20     -2.02      0.00E+00 |   22  22 |   -  -  0.000 |    0.00   0.00   0.20
 21      2.02      1.00E+00 |   22  22 |   -  -  0.000 |    0.00   0.00  -0.20
 22      2.03      1.00E+00 |   23  23 |   -  -  0.000 |    0.00   0.00  -0.74
 23      3.45      1.00E+00 |   24  24 |   -  -  0.000 |    0.00   0.00   2.28
 24      4.56      1.00E+00 |   25  25 |   -  -  0.000 |    0.00   0.00   0.48
 25      5.17      1.00E+00 |   40  31 |   -  -  0.000 |    0.00   0.00  -0.45
 26      5.59      1.00E+00 |   40  31 |   -  -  0.000 |    0.00   0.00   0.47
 27      7.52      1.00E+00 |   26   0 |   -  -  0.000 |    0.00   0.00   0.50
 28      9.18      1.00E+00 |   27   0 |   -  -  0.000 |    0.00   0.00  -1.42
 29      9.58      1.00E+00 |    0  30 |   -  -  0.000 |    0.00   0.00   1.50
 30      9.84      1.00E+00 |   37   0 |   -  -  0.000 |    0.00   0.00  -1.47
 31     10.12      1.00E+00 |   28   0 |   -  -  0.000 |    0.00   0.00   0.48
 32     10.49      1.00E+00 |   39   0 |   -  -  0.000 |    0.00   0.00   0.54
 33     10.60      1.00E+00 |   38   0 |   -  -  0.000 |    0.00   0.00   0.51
 34     10.83      1.00E+00 |   32   0 |   -  -  0.000 |    0.00   0.00   0.50
 35     11.24      1.00E+00 |   33   0 |   -  -  0.000 |    0.00   0.00  -1.35
 36     11.27      1.00E+00 |   35   0 |   -  -  0.000 |    0.00   0.00   0.50
 37     11.82      1.00E+00 |   34   0 |   -  -  0.000 |    0.00   0.00   1.50
 38     11.95      1.00E+00 |    0  29 |   -  -  0.000 |    0.00   0.00  -0.50
 39     13.56      1.00E+00 |   36   0 |   -  -  0.000 |    0.00   0.00  -3.02
 40     22.87      1.00E+00 |    0  21 |   -  -  0.000 |    0.00   0.00  -0.50

--------------------------------------------------------------------------------
---------------- Electric Multipole Moments -----------------
Quantisation Axis             : Z
  With secondary axis ordering: X,Y
______________________________________________________________
                     Neutrons        Protons         Total
______________________________________________________________
 Particles           10.0000         10.0000         20.0000

Re  Q_{ 1 0}         -0.0277          0.0191         -0.0086
Constrained                                           0.0000
Re De_{ 1 0}                                   0.8614346E-02
Re La_{ 1 0}                                         -0.3999

Re  Q_{ 2 0}         10.0745         10.6282         20.7027
Re  Q_{ 2 2}          0.0000          0.0000          0.0000

Re  Q_{ 3 0}         22.9191         26.7276         49.6467
Constrained                                          50.0000
Re De_{ 3 0}                                   0.3533166E+00
Re La_{ 3 0}                                          0.0604
Re  Q_{ 3 2}         -0.0000         -0.0000         -0.0000

Re  Q_{ 4 0}         80.0922         99.1617        179.2539
Re  Q_{ 4 2}          0.0001         -0.0005         -0.0004
Re  Q_{ 4 4}          0.0091          0.0100          0.0191

Re  Q_{ 5 0}        343.9899        466.2168        810.2067
Re  Q_{ 5 2}         -0.0001         -0.0005         -0.0005
Re  Q_{ 5 4}         -0.1393         -0.4055         -0.5447

Re  Q_{ 6 0}       1434.9786       2242.8745       3677.8531
Re  Q_{ 6 2}         -0.0019         -0.0168         -0.0187
Re  Q_{ 6 4}          1.4581          4.3197          5.7779
Re  Q_{ 6 6}          0.0002          0.0049          0.0051

Re  Q_{ 7 0}       6214.7574      10124.2163      16338.9737
Re  Q_{ 7 2}         -0.0158         -0.1949         -0.2107
Re  Q_{ 7 4}         -0.2025         -4.4698         -4.6723
Re  Q_{ 7 6}          0.0013         -0.0295         -0.0281

Re  Q_{ 8 0}      33710.6743      61577.2107      95287.8850
Re  Q_{ 8 2}          0.2045          3.1302          3.3347
Re  Q_{ 8 4}         66.8966        143.3704        210.2671
Re  Q_{ 8 6}          0.1030          1.2768          1.3799
Re  Q_{ 8 8}          7.8759         94.7989        102.6747

Re  Q_{ 9 0}     154871.4429     286941.7936     441813.2365
Re  Q_{ 9 2}         -0.5088         -5.7274         -6.2362
Re  Q_{ 9 4}        743.3854       2002.2910       2745.6765
Re  Q_{ 9 6}          0.2462         -6.1063         -5.8601
Re  Q_{ 9 8}        169.7047       1258.5248       1428.2295

Re  Q_{10 0}     832047.7411    1643851.1513    2475898.8924
Re  Q_{10 2}         -8.7343        -29.8735        -38.6078
Re  Q_{10 4}       6808.5089       2820.0125       9628.5213
Re  Q_{10 6}          6.2046          8.6418         14.8464
Re  Q_{10 8}        993.4454      13505.2330      14498.6784
Re  Q_{1010}         -0.5904        -27.5866        -28.1770

 RMS radius           2.8767          2.9820          2.9298
______________________________________________________________
                     Neutrons        Protons         Total
______________________________________________________________


Beta_{ 2 0}       0.19886913      0.20979843      0.40866757
Beta_{ 2 2}       0.00000034      0.00000033      0.00000067

Beta_{ 3 0}       0.13889363      0.16197376      0.30086739
Beta_{ 3 2}      -0.00000000     -0.00000022     -0.00000022

Beta_{ 4 0}       0.14901059      0.18448917      0.33349976
Beta_{ 4 2}       0.00000013     -0.00000095     -0.00000082
Beta_{ 4 4}       0.00001694      0.00001855      0.00003548

Beta_{ 5 0}       0.19647836      0.26629130      0.46276966
Beta_{ 5 2}      -0.00000004     -0.00000027     -0.00000030
Beta_{ 5 4}      -0.00007956     -0.00023159     -0.00031114

Beta_{ 6 0}       0.25162661      0.39329291      0.64491952
Beta_{ 6 2}      -0.00000034     -0.00000295     -0.00000328
Beta_{ 6 4}       0.00025569      0.00075748      0.00101317
Beta_{ 6 6}       0.00000004      0.00000086      0.00000090

Beta_{ 7 0}       0.33456262      0.54502277      0.87958539
Beta_{ 7 2}      -0.00000085     -0.00001049     -0.00001134
Beta_{ 7 4}      -0.00001090     -0.00024063     -0.00025152
Beta_{ 7 6}       0.00000007     -0.00000159     -0.00000151

Beta_{ 8 0}       0.55713798      1.01768960      1.57482758
Beta_{ 8 2}       0.00000338      0.00005173      0.00005511
Beta_{ 8 4}       0.00110560      0.00236949      0.00347509
Beta_{ 8 6}       0.00000170      0.00002110      0.00002280
Beta_{ 8 8}       0.00013017      0.00156675      0.00169691

Beta_{ 9 0}       0.78579409      1.45589891      2.24169300
Beta_{ 9 2}      -0.00000258     -0.00002906     -0.00003164
Beta_{ 9 4}       0.00377182      0.01015932      0.01393114
Beta_{ 9 6}       0.00000125     -0.00003098     -0.00002973
Beta_{ 9 8}       0.00086106      0.00638556      0.00724662

Beta_{10 0}       1.29606788      2.56060147      3.85666935
Beta_{10 2}      -0.00001361     -0.00004653     -0.00006014
Beta_{10 4}       0.01060551      0.00439269      0.01499820
Beta_{10 6}       0.00000966      0.00001346      0.00002313
Beta_{10 8}       0.00154747      0.02103689      0.02258437
Beta_{1010}      -0.00000092     -0.00004297     -0.00004389

______________________________________________________________
                     Neutrons        Protons         Total
______________________________________________________________
Q_{ 1}                0.0277          0.0191          0.0086
Q_{ 2}               10.0745         10.6282         20.7027
Q_{ 3}               22.9191         26.7276         49.6467
Q_{ 4}               80.0922         99.1617        179.2539
Q_{ 5}              343.9899        466.2172        810.2071
Q_{ 6}             1434.9801       2242.8828       3677.8622
Q_{ 7}             6214.7574      10124.2183      16338.9750
Q_{ 8}            33710.8089      61577.6907      95288.4598
Q_{ 9}           154875.1970     286961.2852     441834.9163
Q_{10}           832104.6384    1643966.9396    2476021.2379
______________________________________________________________
                     Neutrons        Protons         Total
______________________________________________________________
Beta_{   1}       0.00178230      0.00122841      0.00055389
Beta_{   2}       0.19886913      0.20979843      0.40866757
Beta_{   3}       0.13889363      0.16197376      0.30086739
Beta_{   4}       0.14901059      0.18448917      0.33349976
Beta_{   5}       0.19647839      0.26629151      0.46276987
Beta_{   6}       0.25162687      0.39329436      0.64492111
Beta_{   7}       0.33456262      0.54502288      0.87958546
Beta_{   8}       0.55714020      1.01769753      1.57483708
Beta_{   9}       0.78581314      1.45599781      2.24180300
Beta_{  10}       1.29615651      2.56078184      3.85685993
______________________________________________________________
 Cart. Moments X              Y              Z
 Cart. N      -15.9713890    -15.9715239     31.9429130
 Cart. P      -16.8491394    -16.8492677     33.6984071
 Cart. T      -32.8205284    -32.8207916     65.6413201
 (Q, gamma)    Q              Gamma
 (Q,g) N       31.9429130      0.0001397
 (Q,g) P       33.6984071      0.0001259
 (Q,g) T       65.6413201      0.0001326
 (iq1, iq2)    iq1            iq2
 iq    N       31.9428680      0.0000899
 iq    P       33.6983643      0.0000855
 iq    T       65.6412323      0.0001755
               X^2            Y^2            Z^2
 X^2_i N       22.2599817     22.2599367     38.2314157
 X^2_i P       22.7394125     22.7393697     39.5885947
 X^2_i T       44.9993942     44.9993065     77.8200104
------------------------------------------------------------
------------------------- Angular Momentum (hbar) --------------------------

               Spwfs(*)    Desired     Omega       E (MeV)      Densit. 
  __________________________________________________________________________
   J_x   |     0.00000     0.00000     0.00000     0.00000     0.00000
   J_y   |     0.00000     0.00000     0.00000     0.00000     0.00000
   J_z   |     0.00000     0.00000     0.00000     0.00000     0.00000
  __________________________________________________________________________
   Size  |     0.00000     0.00000     0.00000                 0.00000
  --------------------------------------------------------------------------
---------------------Rotational properties--------------------
                Rigid rotor          (hbar^2/MeV)
              n              p              t 
 I_R X       1.4586409      1.5029275      2.9615685
 I_R Y       1.4586420      1.5029286      2.9615706
 I_R Z       1.0735183      1.0966396      2.1701579

                Belyaev                 (hbar^2/MeV) 
              n              p              t 
 I_B X       0.5743463      0.5511949      1.1255412
 I_B Y       0.5743386      0.5511878      1.1255264
 I_B Z       0.0000188      0.0000214      0.0000402

                Belyaev (collective)    (hbar^2/MeV) 
              n              p              t 
 I_B X       0.5743463      0.5511949      1.1255412
 I_B Y       0.5743386      0.5511878      1.1255264
 I_B Z       0.0000188      0.0000214      0.0000402

                 <J^2> - <J>^2          (hbar^2)
              n              p              t 
 J2_X        1.5248732      1.5078691      3.0327423
 J2_Y        1.5248557      1.5078495      3.0327052
 J2_Z        0.0001210      0.0001377      0.0002587
 J2_t        3.0498498      3.0158562      6.0657061

                 <J^2> - <J>^2 (coll.)  (hbar^2)
              n              p              t 
 J2_X        1.5248732      1.5078691      3.0327423
 J2_Y        1.5248557      1.5078495      3.0327052
 J2_Z        0.0001210      0.0001377      0.0002587
 J2_t        3.0498498      3.0158562      6.0657061
-------------------------- Pairing -------------------------
                          N         P 
 Fermi Level (MeV)    -12.02093626    -7.90456474
 Particles             10.00000000    10.00000000
 Dispersion             1.88938142     1.94174468
 Average gap   v^2      0.67480655     0.71918922
 Average gap   uv       1.54941298     1.60194281
------------------------------------------------------------
--------------------------------------------------------------------------------
 Skyrme Energy 
                                    Isoscalar      Isovector   |   Total
--------------------------------------------------------------------------------
  E_D_I_I_D_I_I                  -1295.236923       0.051278   -1295.185645
  E_D_I_I_D_Nm_Nm                   27.787993      -0.003024      27.784969
  E_D_I_I_Lap_D_I_I                 58.039170       0.001395      58.040566
  E_D_I_I_D_I_I_DD                 735.743435      -0.026035     735.717400
  E_C_I_NmSk_C_I_NmSk                0.000000       0.000000       0.000000
  E_D_I_I_Derm_C_I_NxmSxm          -10.837553      -0.000500     -10.838053
  E_DP_I_I_DP_I_I                                                 -4.604653
--------------------------------------------------------------------------------
                 Total Skyrme:                                  -489.085417
                    time-even:                                  -489.085417
                    time-odd :                                     0.000000
--------------------------------------------------------------------------------
--------------------------------------------------------------------------------
                                     neutron        proton         total
                Kinetic Energy:     162.649844     159.296348     321.946192
                    COM 1-body:      -8.132492      -7.964817     -16.097310
                    COM 2-body:       3.222236       3.170205       6.392441
                            ph:       3.196939       3.139758       6.336697
                            pp:       0.025297       0.030447       0.055744
                 Collective T:                                     -2.506744

                 Rotational  T:                                    -2.506744
                 Rotational  X:                                    -1.252931
                 Rotational  Y:                                    -1.252932
                 Rotational  Z:                                    -0.000881

                 Vibrational T:                                     0.000000
                 Vibrational X:                                    -0.000000
                 Vibrational Y:                                    -0.000000
                 Vibrational Z:                                    -0.000000


                Coulomb Direct:       0.000000      23.435981      23.435981
                      Exchange:       0.000000       0.000000       0.000000

               Pairing (delta):      -2.223015      -2.394135      -4.617150
               Pairing (densi):                                    -4.604653
--------------------------------------------------------------------------------
                  Total energy:                                  -155.914856
                    from spwfs:                                  -155.922434
                   E_fu - E_sp:                                 0.757841E-02
                   (no corr.) :                                  -159.800553
                      Routhian:                                  -157.383725
                         dE   :                                 0.252090E-01
                         dR   :                                 0.305506E-01
--------------------------------------------------------------------------------
--------------------------------------------------------------------------------
 Iteration =   51
 dt  =   0.0247      mu  =   0.8282 gradn=    0.000E+00 D2H =    2.225E-03
 E   =   -155.912    DE  =  0.16685E-04
 R   =   -157.375    DR  =  0.53189E-04
 R-E =     -1.463  D(R-E)=  0.37003E-04
 dmun= -1.2E-03      dmup= -3.8E-04
 RQ10=     -0.0086   dQ =-2.1E-02  L =     -0.4014   dL =-1.5E-03  dev = 8.6E-03
 RQ20=     20.7556   dQ =-3.4E-02  L =      0.0000   dL = 0.0E+00  dev = 0.0E+00
 RQ22=      0.0000   dQ =-2.4E-09  L =      0.0000   dL = 0.0E+00  dev = 0.0E+00
 RQ30=     49.6535   dQ =-7.9E-01  L =      0.0601   dL =-2.5E-04  dev = 3.5E-01
 Jz  =    0.000      dJZ =  0.0E+00
--------------------------------------------------------------------------------
 Iteration =   52
 dt  =   0.0247      mu  =   0.8283 gradn=    0.000E+00 D2H =    1.929E-03
 E   =   -155.909    DE  =  0.21725E-04
 R   =   -157.367    DR  =  0.52813E-04
 R-E =     -1.458  D(R-E)=  0.31582E-04
 dmun= -1.0E-03      dmup= -2.7E-04
 RQ10=     -0.0080   dQ =-1.9E-02  L =     -0.4027   dL =-1.4E-03  dev = 8.0E-03
 RQ20=     20.8064   dQ =-3.1E-02  L =      0.0000   dL = 0.0E+00  dev = 0.0E+00
 RQ22=      0.0000   dQ = 1.6E-08  L =      0.0000   dL = 0.0E+00  dev = 0.0E+00
 RQ30=     49.6801   dQ =-7.3E-01  L =      0.0599   dL =-2.4E-04  dev = 3.2E-01
 Jz  =    0.000      dJZ =  0.0E+00
--------------------------------------------------------------------------------
 Iteration =   53
 dt  =   0.0247      mu  =   0.8285 gradn=    0.000E+00 D2H =    1.662E-03
 E   =   -155.906    DE  =  0.15739E-04
 R   =   -157.359    DR  =  0.48611E-04
 R-E =     -1.453  D(R-E)=  0.33325E-04
 dmun= -1.0E-03      dmup= -3.0E-04
 RQ10=     -0.0079   dQ =-1.8E-02  L =     -0.4041   dL =-1.3E-03  dev = 7.9E-03
 RQ20=     20.8530   dQ =-3.1E-02  L =      0.0000   dL = 0.0E+00  dev = 0.0E+00
 RQ22=      0.0000   dQ = 3.2E-08  L =      0.0000   dL = 0.0E+00  dev = 0.0E+00
 RQ30=     49.6895   dQ =-7.1E-01  L =      0.0597   dL =-2.3E-04  dev = 3.1E-01
 Jz  =    0.000      dJZ =  0.0E+00
--------------------------------------------------------------------------------
 Iteration =   54
 dt  =   0.0247      mu  =   0.8286 gradn=    0.000E+00 D2H =    1.431E-03
 E   =   -155.903    DE  =  0.19747E-04
 R   =   -157.352    DR  =  0.47616E-04
 R-E =     -1.449  D(R-E)=  0.28311E-04
 dmun= -9.0E-04      dmup= -2.0E-04
 RQ10=     -0.0073   dQ =-1.7E-02  L =     -0.4052   dL =-1.2E-03  dev = 7.3E-03
 RQ20=     20.8975   dQ =-2.8E-02  L =      0.0000   dL = 0.0E+00  dev = 0.0E+00
 RQ22=      0.0000   dQ = 4.3E-08  L =      0.0000   dL = 0.0E+00  dev = 0.0E+00
 RQ30=     49.7150   dQ =-6.6E-01  L =      0.0595   dL =-2.1E-04  dev = 2.9E-01
 Jz  =    0.000      dJZ =  0.0E+00
--------------------------------------------------------------------------------
 Iteration =   55
 dt  =   0.0247      mu  =   0.8287 gradn=    0.000E+00 D2H =    1.214E-03
 E   =   -155.901    DE  =  0.14388E-04
 R   =   -157.345    DR  =  0.43414E-04
 R-E =     -1.444  D(R-E)=  0.29427E-04
 dmun= -8.6E-04      dmup= -2.3E-04
 RQ10=     -0.0070   dQ =-1.6E-02  L =     -0.4064   dL =-1.1E-03  dev = 7.0E-03
 RQ20=     20.9384   dQ =-2.8E-02  L =      0.0000   dL = 0.0E+00  dev = 0.0E+00
 RQ22=      0.0000   dQ = 5.1E-08  L =      0.0000   dL = 0.0E+00  dev = 0.0E+00
 RQ30=     49.7252   dQ =-6.3E-01  L =      0.0593   dL =-2.1E-04  dev = 2.7E-01
 Jz  =    0.000      dJZ =  0.0E+00
--------------------------------------------------------------------------------
 Iteration =   56
 dt  =   0.0247      mu  =   0.8287 gradn=    0.000E+00 D2H =    1.030E-03
 E   =   -155.898    DE  =  0.17446E-04
 R   =   -157.338    DR  =  0.42015E-04
 R-E =     -1.440  D(R-E)=  0.24957E-04
 dmun= -7.6E-04      dmup= -1.6E-04
 RQ10=     -0.0065   dQ =-1.5E-02  L =     -0.4074   dL =-1.0E-03  dev = 6.5E-03
 RQ20=     20.9773   dQ =-2.5E-02  L =      0.0000   dL = 0.0E+00  dev = 0.0E+00
 RQ22=      0.0000   dQ = 5.4E-08  L =      0.0000   dL = 0.0E+00  dev = 0.0E+00
 RQ30=     49.7487   dQ =-5.8E-01  L =      0.0591   dL =-1.9E-04  dev = 2.5E-01
 Jz  =    0.000      dJZ =  0.0E+00
--------------------------------------------------------------------------------
 Iteration =   57
 dt  =   0.0247      mu  =   0.8288 gradn=    0.000E+00 D2H =    8.677E-04
 E   =   -155.896    DE  =  0.12571E-04
 R   =   -157.332    DR  =  0.37944E-04
 R-E =     -1.436  D(R-E)=  0.25723E-04
 dmun= -7.1E-04      dmup= -2.0E-04
 RQ10=     -0.0062   dQ =-1.4E-02  L =     -0.4084   dL =-9.9E-04  dev = 6.2E-03
 RQ20=     21.0127   dQ =-2.4E-02  L =      0.0000   dL = 0.0E+00  dev = 0.0E+00
 RQ22=      0.0000   dQ = 5.5E-08  L =      0.0000   dL = 0.0E+00  dev = 0.0E+00
 RQ30=     49.7589   dQ =-5.5E-01  L =      0.0589   dL =-1.8E-04  dev = 2.4E-01
 Jz  =    0.000      dJZ =  0.0E+00
--------------------------------------------------------------------------------
 Iteration =   58
 dt  =   0.0247      mu  =   0.8289 gradn=    0.000E+00 D2H =    7.341E-04
 E   =   -155.894    DE  =  0.14938E-04
 R   =   -157.327    DR  =  0.36372E-04
 R-E =     -1.433  D(R-E)=  0.21768E-04
 dmun= -6.3E-04      dmup= -1.7E-04
 RQ10=     -0.0057   dQ =-1.3E-02  L =     -0.4093   dL =-9.1E-04  dev = 5.7E-03
 RQ20=     21.0462   dQ =-2.2E-02  L =      0.0000   dL = 0.0E+00  dev = 0.0E+00
 RQ22=      0.0000   dQ = 5.2E-08  L =      0.0000   dL = 0.0E+00  dev = 0.0E+00
 RQ30=     49.7801   dQ =-5.0E-01  L =      0.0587   dL =-1.6E-04  dev = 2.2E-01
 Jz  =    0.000      dJZ =  0.0E+00
--------------------------------------------------------------------------------
 Iteration =   59
 dt  =   0.0247      mu  =   0.8290 gradn=    0.000E+00 D2H =    6.215E-04
 E   =   -155.892    DE  =  0.10674E-04
 R   =   -157.322    DR  =  0.32626E-04
 R-E =     -1.429  D(R-E)=  0.22252E-04
 dmun= -6.0E-04      dmup= -2.3E-04
 RQ10=     -0.0054   dQ =-1.2E-02  L =     -0.4102   dL =-8.7E-04  dev = 5.4E-03
 RQ20=     21.0765   dQ =-2.1E-02  L =      0.0000   dL = 0.0E+00  dev = 0.0E+00
 RQ22=      0.0000   dQ = 4.8E-08  L =      0.0000   dL = 0.0E+00  dev = 0.0E+00
 RQ30=     49.7898   dQ =-4.8E-01  L =      0.0586   dL =-1.6E-04  dev = 2.1E-01
 Jz  =    0.000      dJZ =  0.0E+00
--------------------- Sp wavefunctions -------------------------------------------------------------
____________________________________________________________________________________________________
   Neutron wavefunctions
  i     P   Rz   occ       E        d2h    Delta |   JxT    JyT    Jz      J   |   SxT    SyT    Sz
----------------------------------------------------------------------------------------------------
  1  0.99  1.0  1.0000   -35.279  1.0E-04   0.00 |  -0.50   0.50   0.50   0.52 |  -0.50   0.50   0.50
  9 -0.99  1.0  1.0000   -24.204  7.4E-04   0.01 |  -0.87   0.87   0.50   1.46 |  -0.45   0.45   0.40
 10 -0.98  1.0  0.9999   -21.803  1.1E-04   0.14 |  -0.00   0.00  -1.50   1.53 |   0.00   0.00  -0.50
 11 -0.92  1.0  0.9803   -17.071  6.8E-04   1.46 |   0.31  -0.31   0.50   0.77 |  -0.06   0.06  -0.39
  2  0.88  1.0  0.7150   -12.868  2.9E-03   1.76 |  -1.15   1.15   0.50   2.22 |  -0.41   0.41   0.31
  3  0.97  1.0  0.2494   -11.069  5.5E-04   1.66 |  -0.00   0.00  -1.50   2.50 |  -0.00   0.00  -0.42
  4  0.95  1.0  0.0383    -8.851  2.3E-04   1.32 |   0.00  -0.00   2.50   2.54 |  -0.00   0.00   0.50
  5  0.81  1.0  0.0137    -7.189  9.9E-03   1.14 |  -0.63   0.63   0.50   1.62 |  -0.35   0.35   0.19
  6  0.39  1.0  0.0022    -4.729  1.5E-01   0.64 |   0.06  -0.06   0.50   1.89 |  -0.38   0.38   0.26
 12  0.23  1.0  0.0010    -3.922  1.5E-01   0.37 |   0.00  -0.00   0.50   2.44 |  -0.35   0.35   0.20
  7  0.72  1.0  0.0000    -2.283  7.2E-03   0.11 |   0.00  -0.00  -1.49   1.92 |   0.00  -0.00   0.36
 20 -0.67  1.0  0.0000    -0.814  2.9E-01   0.04 |  -0.96   0.96   0.50   2.90 |  -0.38   0.38   0.27
 13 -0.70  1.0  0.0000    -0.326  9.6E-03   0.01 |   0.01  -0.01  -1.49   2.64 |   0.00  -0.00  -0.43
 18 -0.42  1.0  0.0000     0.359  5.5E-02   0.01 |  -0.00   0.00   0.47   1.73 |  -0.00   0.00  -0.49
 17 -0.33  1.0  0.0000     0.609  5.0E-02   0.01 |   0.04  -0.04  -1.47   2.82 |   0.01  -0.01  -0.40
 14 -0.51  1.0  0.0000     1.109  4.9E-02   0.01 |   0.31  -0.31   1.33   2.78 |   0.36  -0.36   0.48
 15 -0.25  1.0  0.0000     1.267  2.5E-01   0.01 |  -0.76   0.76   0.50   2.22 |  -0.47   0.47   0.43
  8  0.55  1.0  0.0000     1.457  3.8E-02   0.00 |  -0.13   0.14   0.51   2.46 |  -0.02   0.03  -0.46
 19 -0.87  1.0  0.0000     1.937  1.8E-02   0.00 |   0.15  -0.15   1.37   2.92 |   0.15  -0.15   0.45
 16 -0.75  1.0  0.0000     3.122  8.8E-03   0.00 |   0.00  -0.00  -3.35   3.67 |  -0.00   0.00  -0.50
____________________________________________________________________________________________________
   Proton  wavefunctions
  i     P   Rz   occ       E        d2h    Delta |   JxT    JyT    Jz      J   |   SxT    SyT    Sz
----------------------------------------------------------------------------------------------------
 21  0.99  1.0  1.0000   -30.754  1.2E-04   0.00 |  -0.50   0.50   0.50   0.52 |  -0.50   0.50   0.50
 29 -0.99  1.0  1.0000   -19.873  8.5E-04   0.02 |  -0.87   0.87   0.50   1.46 |  -0.45   0.45   0.40
 30 -0.98  1.0  0.9999   -17.448  9.6E-05   0.19 |  -0.00   0.00  -1.50   1.53 |   0.00   0.00  -0.50
 31 -0.91  1.0  0.9769   -12.804  8.3E-04   1.54 |   0.30  -0.30   0.50   0.78 |  -0.06   0.06  -0.39
 22  0.86  1.0  0.7099    -8.761  3.5E-03   1.83 |  -1.13   1.13   0.50   2.22 |  -0.41   0.41   0.32
 23  0.97  1.0  0.2516    -6.913  6.2E-04   1.74 |  -0.00   0.00  -1.50   2.50 |  -0.00   0.00  -0.42
 24  0.95  1.0  0.0412    -4.715  2.8E-04   1.38 |   0.00  -0.00   2.50   2.54 |   0.00  -0.00   0.50
 25  0.65  1.0  0.0150    -3.440  5.0E-02   1.08 |  -0.65   0.65   0.50   1.91 |  -0.35   0.35   0.21
 40 -0.13  1.0  0.0026    -2.235  1.8E-01   0.47 |  -0.56   0.56   0.50   2.64 |  -0.49   0.49   0.47
 26  0.86  1.0  0.0028    -0.269  1.3E-01   0.75 |   0.63  -0.63   0.50   1.51 |  -0.24   0.24  -0.02
 27  0.68  1.0  0.0001     1.322  8.7E-03   0.15 |  -0.01   0.01  -1.41   1.95 |   0.04  -0.04   0.35
 37 -0.43  1.0  0.0000     1.976  1.8E-02   0.04 |   0.04  -0.05  -1.47   2.24 |   0.00  -0.00  -0.48
 28  0.35  1.0  0.0000     2.238  2.9E-02   0.07 |   0.04  -0.04   0.47   1.98 |  -0.01   0.02  -0.47
 39 -0.83  1.0  0.0000     2.585  1.9E-02   0.02 |   0.47  -0.47   0.54   2.25 |   0.48  -0.48   0.49
 38 -0.27  1.0  0.0000     2.710  1.6E-01   0.02 |  -0.02   0.02   0.51   2.34 |  -0.02   0.03  -0.45
 32 -0.39  1.0  0.0000     2.934  2.7E-01   0.04 |  -0.63   0.63   0.50   2.49 |  -0.42   0.42   0.33
 33 -0.20  1.0  0.0000     3.211  4.0E-01   0.02 |   0.15  -0.15  -1.29   3.33 |   0.05  -0.05  -0.31
 35 -0.45  1.0  0.0000     3.453  1.8E-01   0.04 |  -1.13   1.13   0.50   2.60 |  -0.42   0.42   0.35
 34  0.28  1.0  0.0000     3.588  7.9E-01   0.02 |   0.34  -0.34   1.06   2.66 |   0.26  -0.26   0.43
 36 -0.52  1.0  0.0000     5.715  1.4E-02   0.00 |   0.00  -0.00  -2.99   3.91 |  -0.00   0.00  -0.50
----------------------------------------------------------------------------------------------------
--------------------- Canonical basis  -------------------------------------------------------------
____________________________________________________________________________________________________
   Neutron wavefunctions
  i     P   Rz   occ       E        d2h    Delta |   JxT    JyT    Jz      J   |   SxT    SyT    Sz
----------------------------------------------------------------------------------------------------
 20  0.99  1.0  2.0000   -35.279  0.0E+00   0.00 |  -0.50   0.50   0.50   0.52 |  -0.50   0.50   0.50
 19 -0.99  1.0  2.0000   -24.204  0.0E+00   0.01 |  -0.87   0.87   0.50   1.47 |  -0.45   0.45   0.40
 18 -0.98  1.0  1.9999   -21.803  0.0E+00   0.14 |  -0.00   0.00  -1.50   1.53 |   0.00   0.00  -0.50
 17 -0.92  1.0  1.9606   -17.071  0.0E+00   1.46 |   0.32  -0.32   0.50   0.76 |  -0.06   0.06  -0.39
 16  0.89  1.0  1.4302   -12.868  0.0E+00   1.76 |  -1.16   1.16   0.50   2.23 |  -0.41   0.41   0.31
 15  0.97  1.0  0.4988   -11.069  0.0E+00   1.66 |  -0.00   0.00  -1.50   2.50 |  -0.00   0.00  -0.42
 14  0.95  1.0  0.0766    -8.851  0.0E+00   1.32 |   0.00  -0.00   2.50   2.54 |  -0.00   0.00   0.50
 13  0.83  1.0  0.0287    -7.032  0.0E+00   1.23 |  -0.36   0.36   0.50   1.66 |  -0.25   0.25   0.01
 12  0.87  1.0  0.0047    -4.401  0.0E+00   0.71 |   0.35  -0.35   0.50   1.32 |  -0.36   0.36   0.21
 11 -0.33  1.0  0.0004    -4.297  0.0E+00   0.22 |  -0.72   0.72   0.50   2.74 |  -0.45   0.45   0.40
 10  0.70  1.0  0.0001    -2.285  0.0E+00   0.11 |  -0.00   0.00  -1.50   1.96 |   0.00  -0.00   0.35
  9 -0.66  1.0  0.0000    -1.014  0.0E+00   0.01 |  -0.91   0.91   0.50   3.02 |  -0.39   0.39   0.29
  8 -0.70  1.0  0.0000    -0.144  0.0E+00   0.01 |   0.03  -0.04  -1.50   3.09 |   0.00  -0.00  -0.35
  6 -0.27  1.0  0.0000     0.425  0.0E+00   0.00 |   0.03   0.00  -1.47   2.31 |   0.01   0.01  -0.48
  4 -0.63  1.0  0.0000     0.530  0.0E+00   0.00 |   0.20  -0.21   0.43   1.70 |  -0.05   0.04  -0.42
  5 -0.31  1.0  0.0000     1.301  0.0E+00   0.00 |  -0.94   0.92   0.49   2.22 |  -0.45   0.45   0.39
  2  0.82  1.0  0.0000     1.345  0.0E+00   0.00 |  -0.05   0.06   0.51   2.42 |  -0.00   0.01  -0.48
  1 -0.85  1.0  0.0000     1.505  0.0E+00   0.00 |   0.46  -0.46   0.36   2.28 |   0.46  -0.46   0.49
  7 -0.55  1.0  0.0000     1.544  0.0E+00   0.00 |   0.01  -0.01   2.34   3.33 |   0.05  -0.05   0.45
  3 -0.75  1.0  0.0000     3.117  0.0E+00   0.00 |   0.00  -0.00  -3.31   3.65 |  -0.00   0.00  -0.50
____________________________________________________________________________________________________
   Proton  wavefunctions
  i     P   Rz   occ       E        d2h    Delta |   JxT    JyT    Jz      J   |   SxT    SyT    Sz
----------------------------------------------------------------------------------------------------
 40  0.99  1.0  2.0000   -30.754  0.0E+00   0.00 |  -0.50   0.50   0.50   0.52 |  -0.50   0.50   0.50
 39 -0.99  1.0  2.0000   -19.873  0.0E+00   0.02 |  -0.87   0.87   0.50   1.47 |  -0.45   0.45   0.40
 38 -0.98  1.0  1.9998   -17.448  0.0E+00   0.19 |  -0.00   0.00  -1.50   1.53 |   0.00   0.00  -0.50
 37 -0.92  1.0  1.9539   -12.803  0.0E+00   1.54 |   0.31  -0.31   0.50   0.77 |  -0.06   0.06  -0.39
 36  0.88  1.0  1.4204    -8.758  0.0E+00   1.84 |  -1.15   1.15   0.50   2.22 |  -0.41   0.41   0.32
 35  0.97  1.0  0.5032    -6.913  0.0E+00   1.74 |  -0.00   0.00  -1.50   2.50 |  -0.00   0.00  -0.42
 34  0.95  1.0  0.0824    -4.714  0.0E+00   1.38 |  -0.00   0.00   2.50   2.54 |  -0.00   0.00   0.50
 33  0.86  1.0  0.0343    -3.034  0.0E+00   1.28 |  -0.35   0.35   0.50   1.61 |  -0.25   0.25  -0.00
 31 -0.36  1.0  0.0020    -2.359  0.0E+00   0.36 |  -0.69   0.69   0.50   2.90 |  -0.49   0.49   0.48
 32  0.89  1.0  0.0039    -0.454  0.0E+00   0.67 |   0.41  -0.41   0.50   1.36 |  -0.34   0.34   0.17
 30  0.67  1.0  0.0001     1.362  0.0E+00   0.15 |  -0.03   0.03  -1.47   2.00 |   0.01  -0.01   0.35
 29 -0.74  1.0  0.0000     2.403  0.0E+00   0.03 |  -1.02   1.03   0.50   2.94 |  -0.38   0.38   0.26
 26  0.34  1.0  0.0000     2.617  0.0E+00   0.00 |   0.30  -0.30   0.50   1.79 |  -0.09   0.10  -0.31
 27 -0.03  1.0  0.0000     2.749  0.0E+00   0.00 |  -0.02   0.02  -0.66   2.48 |   0.06  -0.06  -0.21
 21 -0.98  1.0  0.0000     2.749  0.0E+00   0.00 |   0.46  -0.46   0.40   2.16 |   0.49  -0.49   0.50
 25 -0.61  1.0  0.0000     2.894  0.0E+00   0.00 |   0.42  -0.42   0.60   2.72 |   0.26  -0.26   0.23
 28 -0.55  1.0  0.0000     2.927  0.0E+00   0.02 |   0.16  -0.17  -1.45   3.13 |   0.01  -0.01  -0.39
 23  0.72  1.0  0.0000     2.953  0.0E+00   0.00 |  -0.13   0.13   0.51   2.35 |  -0.05   0.05  -0.40
 24 -0.16  1.0  0.0000     3.263  0.0E+00   0.00 |  -0.83   0.83   0.49   2.27 |  -0.36   0.36   0.22
 22 -0.52  1.0  0.0000     5.714  0.0E+00   0.00 |   0.00  -0.00  -3.01   3.92 |  -0.00   0.00  -0.50
----------------------------------------------------------------------------------------------------
---------------------------------Quasiparticles---------------------------------
Block 1:  P=+1  neutrons
  N      Eqp       f_n      |   U   V  |   B  P  ov_TR |    JxT    JyT    Jz
________________________________________________________________________________
  1    -23.25      0.00E+00 |    1   0 |   -  -  0.000 |    0.00   0.00   0.50
  2    -15.15      0.00E+00 |    0  16 |   -  -  0.000 |    0.00   0.00   3.35
  3    -13.97      0.00E+00 |    0  19 |   -  -  0.000 |    0.00   0.00  -1.37
  4    -13.49      0.00E+00 |    0   8 |   -  -  0.000 |    0.00   0.00  -0.51
  5    -13.30      0.00E+00 |    0  15 |   -  -  0.000 |    0.00   0.00  -0.50
  6    -13.14      0.00E+00 |    0  14 |   -  -  0.000 |    0.00   0.00  -1.33
  7    -12.64      0.00E+00 |    0  17 |   -  -  0.000 |    0.00   0.00   1.47
  8    -12.39      0.00E+00 |    0  18 |   -  -  0.000 |    0.00   0.00  -0.47
  9    -12.17      0.00E+00 |    9   0 |   -  -  0.000 |    0.00   0.00   0.50
 10    -11.70      0.00E+00 |    0  13 |   -  -  0.000 |    0.00   0.00   1.49
 11    -11.22      0.00E+00 |    0  20 |   -  -  0.000 |    0.00   0.00  -0.50
 12     -9.78      0.00E+00 |   10   7 |   -  -  0.000 |    0.00   0.00  -1.39
 13     -9.75      0.00E+00 |   10   7 |   -  -  0.000 |    0.00   0.00   1.38
 14     -8.13      0.00E+00 |    0  12 |   -  -  0.000 |    0.00   0.00  -0.50
 15     -7.33      0.00E+00 |    0   6 |   -  -  0.000 |    0.00   0.00  -0.50
 16     -5.25      0.00E+00 |   11  11 |   -  -  0.000 |    0.00   0.00   0.47
 17     -4.98      0.00E+00 |    5   5 |   -  -  0.000 |    0.00   0.00  -0.48
 18     -3.44      0.00E+00 |    4   4 |   -  -  0.000 |    0.00   0.00  -2.31
 19     -1.94      0.00E+00 |    2   2 |   -  -  0.000 |    0.00   0.00   0.21
 20     -1.92      0.00E+00 |    3   3 |   -  -  0.000 |    0.00   0.00   0.75
 21      1.92      1.00E+00 |    3   3 |   -  -  0.000 |    0.00   0.00  -0.75
 22      1.94      1.00E+00 |    2   2 |   -  -  0.000 |    0.00   0.00  -0.21
 23      3.44      1.00E+00 |    4   4 |   -  -  0.000 |    0.00   0.00   2.31
 24      4.98      1.00E+00 |    5   5 |   -  -  0.000 |    0.00   0.00   0.48
 25      5.25      1.00E+00 |   11  11 |   -  -  0.000 |    0.00   0.00  -0.47
 26      7.33      1.00E+00 |    6   0 |   -  -  0.000 |    0.00   0.00   0.50
 27      8.13      1.00E+00 |   12   0 |   -  -  0.000 |    0.00   0.00   0.50
 28      9.75      1.00E+00 |    7  10 |   -  -  0.000 |    0.00   0.00  -1.38
 29      9.78      1.00E+00 |    7  10 |   -  -  0.000 |    0.00   0.00   1.39
 30     11.22      1.00E+00 |   20   0 |   -  -  0.000 |    0.00   0.00   0.50
 31     11.70      1.00E+00 |   13   0 |   -  -  0.000 |    0.00   0.00  -1.49
 32     12.17      1.00E+00 |    0   9 |   -  -  0.000 |    0.00   0.00  -0.50
 33     12.39      1.00E+00 |   18   0 |   -  -  0.000 |    0.00   0.00   0.47
 34     12.64      1.00E+00 |   17   0 |   -  -  0.000 |    0.00   0.00  -1.47
 35     13.14      1.00E+00 |   14   0 |   -  -  0.000 |    0.00   0.00   1.33
 36     13.30      1.00E+00 |   15   0 |   -  -  0.000 |    0.00   0.00   0.50
 37     13.49      1.00E+00 |    8   0 |   -  -  0.000 |    0.00   0.00   0.51
 38     13.97      1.00E+00 |   19   0 |   -  -  0.000 |    0.00   0.00   1.37
 39     15.15      1.00E+00 |   16   0 |   -  -  0.000 |    0.00   0.00  -3.35
 40     23.25      1.00E+00 |    0   1 |   -  -  0.000 |    0.00   0.00  -0.50

Block 5:  P=+1   protons
  N      Eqp       f_n      |   U   V  |   B  P  ov_TR |    JxT    JyT    Jz
________________________________________________________________________________
  1    -22.85      0.00E+00 |   21   0 |   -  -  0.000 |    0.00   0.00   0.50
  2    -13.62      0.00E+00 |    0  36 |   -  -  0.000 |    0.00   0.00   2.99
  3    -11.97      0.00E+00 |   29   0 |   -  -  0.000 |    0.00   0.00   0.50
  4    -11.49      0.00E+00 |    0  34 |   -  -  0.000 |    0.00   0.00  -1.06
  5    -11.36      0.00E+00 |    0  35 |   -  -  0.000 |    0.00   0.00  -0.50
  6    -11.12      0.00E+00 |    0  33 |   -  -  0.000 |    0.00   0.00   1.29
  7    -10.84      0.00E+00 |    0  32 |   -  -  0.000 |    0.00   0.00  -0.50
  8    -10.62      0.00E+00 |    0  38 |   -  -  0.000 |    0.00   0.00  -0.51
  9    -10.49      0.00E+00 |    0  39 |   -  -  0.000 |    0.00   0.00  -0.54
 10    -10.15      0.00E+00 |    0  28 |   -  -  0.000 |    0.00   0.00  -0.47
 11     -9.88      0.00E+00 |    0  37 |   -  -  0.000 |    0.00   0.00   1.47
 12     -9.54      0.00E+00 |   30   0 |   -  -  0.000 |    0.00   0.00  -1.50
 13     -9.23      0.00E+00 |    0  27 |   -  -  0.000 |    0.00   0.00   1.41
 14     -7.68      0.00E+00 |    0  26 |   -  -  0.000 |    0.00   0.00  -0.50
 15     -5.72      0.00E+00 |   31  40 |   -  -  0.000 |    0.00   0.00  -0.48
 16     -5.13      0.00E+00 |   31  31 |   -  -  0.000 |    0.00   0.00   0.47
 17     -4.61      0.00E+00 |   25  25 |   -  -  0.000 |    0.00   0.00  -0.48
 18     -3.48      0.00E+00 |   24  24 |   -  -  0.000 |    0.00   0.00  -2.29
 19     -2.01      0.00E+00 |   22  22 |   -  -  0.000 |    0.00   0.00   0.21
 20     -2.00      0.00E+00 |   23  23 |   -  -  0.000 |    0.00   0.00   0.75
 21      2.00      1.00E+00 |   23  23 |   -  -  0.000 |    0.00   0.00  -0.75
 22      2.01      1.00E+00 |   22  22 |   -  -  0.000 |    0.00   0.00  -0.21
 23      3.48      1.00E+00 |   24  24 |   -  -  0.000 |    0.00   0.00   2.29
 24      4.61      1.00E+00 |   25  25 |   -  -  0.000 |    0.00   0.00   0.48
 25      5.13      1.00E+00 |   31  31 |   -  -  0.000 |    0.00   0.00  -0.47
 26      5.72      1.00E+00 |   40  31 |   -  -  0.000 |    0.00   0.00   0.48
 27      7.68      1.00E+00 |   26   0 |   -  -  0.000 |    0.00   0.00   0.50
 28      9.23      1.00E+00 |   27   0 |   -  -  0.000 |    0.00   0.00  -1.41
 29      9.54      1.00E+00 |    0  30 |   -  -  0.000 |    0.00   0.00   1.50
 30      9.88      1.00E+00 |   37   0 |   -  -  0.000 |    0.00   0.00  -1.47
 31     10.15      1.00E+00 |   28   0 |   -  -  0.000 |    0.00   0.00   0.47
 32     10.49      1.00E+00 |   39   0 |   -  -  0.000 |    0.00   0.00   0.54
 33     10.62      1.00E+00 |   38   0 |   -  -  0.000 |    0.00   0.00   0.51
 34     10.84      1.00E+00 |   32   0 |   -  -  0.000 |    0.00   0.00   0.50
 35     11.12      1.00E+00 |   33   0 |   -  -  0.000 |    0.00   0.00  -1.29
 36     11.36      1.00E+00 |   35   0 |   -  -  0.000 |    0.00   0.00   0.50
 37     11.49      1.00E+00 |   34   0 |   -  -  0.000 |    0.00   0.00   1.06
 38     11.97      1.00E+00 |    0  29 |   -  -  0.000 |    0.00   0.00  -0.50
 39     13.62      1.00E+00 |   36   0 |   -  -  0.000 |    0.00   0.00  -2.99
 40     22.85      1.00E+00 |    0  21 |   -  -  0.000 |    0.00   0.00  -0.50

--------------------------------------------------------------------------------
---------------- Electric Multipole Moments -----------------
Quantisation Axis             : Z
  With secondary axis ordering: X,Y
______________________________________________________________
                     Neutrons        Protons         Total
______________________________________________________________
 Particles           10.0000         10.0000         20.0000

Re  Q_{ 1 0}         -0.0253          0.0205         -0.0049
Constrained                                           0.0000
Re De_{ 1 0}                                   0.4885705E-02
Re La_{ 1 0}                                         -0.4110

Re  Q_{ 2 0}         10.2774         10.8277         21.1051
Re  Q_{ 2 2}          0.0000          0.0000          0.0000

Re  Q_{ 3 0}         23.0354         26.7736         49.8090
Constrained                                          50.0000
Re De_{ 3 0}                                   0.1909849E+00
Re La_{ 3 0}                                          0.0584
Re  Q_{ 3 2}         -0.0000         -0.0000         -0.0000

Re  Q_{ 4 0}         82.4272        101.2056        183.6328
Re  Q_{ 4 2}          0.0000         -0.0003         -0.0003
Re  Q_{ 4 4}          0.0169          0.0149          0.0319

Re  Q_{ 5 0}        349.5561        468.6313        818.1874
Re  Q_{ 5 2}         -0.0000         -0.0003         -0.0003
Re  Q_{ 5 4}         -0.1065         -0.2186         -0.3252

Re  Q_{ 6 0}       1446.1177       2216.0942       3662.2120
Re  Q_{ 6 2}         -0.0020         -0.0124         -0.0143
Re  Q_{ 6 4}          1.0514          2.3605          3.4119
Re  Q_{ 6 6}          0.0001          0.0016          0.0017

Re  Q_{ 7 0}       6275.5667      10094.6076      16370.1742
Re  Q_{ 7 2}         -0.0124         -0.0646         -0.0770
Re  Q_{ 7 4}         -4.9576        -14.3614        -19.3190
Re  Q_{ 7 6}          0.0003          0.0187          0.0189

Re  Q_{ 8 0}      33165.4555      59162.7254      92328.1808
Re  Q_{ 8 2}          0.0530          1.4924          1.5454
Re  Q_{ 8 4}         -3.0346         60.6238         57.5892
Re  Q_{ 8 6}          0.0457          0.8488          0.8945
Re  Q_{ 8 8}        -12.5908         32.3680         19.7772

Re  Q_{ 9 0}     149407.1509     273257.3987     422664.5497
Re  Q_{ 9 2}         -0.5090         -3.7274         -4.2364
Re  Q_{ 9 4}        178.0153       1456.6424       1634.6578
Re  Q_{ 9 6}         -0.2199         -0.3122         -0.5321
Re  Q_{ 9 8}        118.6142        504.1281        622.7423

Re  Q_{10 0}     812052.7745    1580251.9812    2392304.7557
Re  Q_{10 2}         -0.1564        -16.4076        -16.5640
Re  Q_{10 4}       2541.0353      12173.6971      14714.7324
Re  Q_{10 6}          1.1452         57.9176         59.0628
Re  Q_{10 8}        -44.2828       7698.9452       7654.6624
Re  Q_{1010}         -0.8163         -9.5581        -10.3744

 RMS radius           2.8783          2.9832          2.9313
______________________________________________________________
                     Neutrons        Protons         Total
______________________________________________________________


Beta_{ 2 0}       0.20287344      0.21373645      0.41660989
Beta_{ 2 2}       0.00000021      0.00000019      0.00000040

Beta_{ 3 0}       0.13959828      0.16225287      0.30185115
Beta_{ 3 2}      -0.00000001     -0.00000011     -0.00000012

Beta_{ 4 0}       0.15335493      0.18829181      0.34164674
Beta_{ 4 2}       0.00000007     -0.00000064     -0.00000057
Beta_{ 4 4}       0.00003151      0.00002776      0.00005927

Beta_{ 5 0}       0.19965762      0.26767042      0.46732804
Beta_{ 5 2}      -0.00000002     -0.00000017     -0.00000019
Beta_{ 5 4}      -0.00006085     -0.00012488     -0.00018573

Beta_{ 6 0}       0.25357988      0.38859694      0.64217682
Beta_{ 6 2}      -0.00000035     -0.00000217     -0.00000252
Beta_{ 6 4}       0.00018436      0.00041393      0.00059829
Beta_{ 6 6}       0.00000002      0.00000028      0.00000030

Beta_{ 7 0}       0.33783620      0.54342883      0.88126503
Beta_{ 7 2}      -0.00000067     -0.00000348     -0.00000415
Beta_{ 7 4}      -0.00026688     -0.00077313     -0.00104001
Beta_{ 7 6}       0.00000001      0.00000101      0.00000102

Beta_{ 8 0}       0.54812712      0.97778528      1.52591240
Beta_{ 8 2}       0.00000088      0.00002467      0.00002554
Beta_{ 8 4}      -0.00005015      0.00100193      0.00095178
Beta_{ 8 6}       0.00000076      0.00001403      0.00001478
Beta_{ 8 8}      -0.00020809      0.00053495      0.00032686

Beta_{ 9 0}       0.75806910      1.38646638      2.14453548
Beta_{ 9 2}      -0.00000258     -0.00001891     -0.00002149
Beta_{ 9 4}       0.00090322      0.00739078      0.00829400
Beta_{ 9 6}      -0.00000112     -0.00000158     -0.00000270
Beta_{ 9 8}       0.00060183      0.00255787      0.00315970

Beta_{10 0}       1.26492203      2.46153403      3.72645606
Beta_{10 2}      -0.00000024     -0.00002556     -0.00002580
Beta_{10 4}       0.00395813      0.01896278      0.02292091
Beta_{10 6}       0.00000178      0.00009022      0.00009200
Beta_{10 8}      -0.00006898      0.01199253      0.01192355
Beta_{1010}      -0.00000127     -0.00001489     -0.00001616

______________________________________________________________
                     Neutrons        Protons         Total
______________________________________________________________
Q_{ 1}                0.0253          0.0205          0.0049
Q_{ 2}               10.2774         10.8277         21.1051
Q_{ 3}               23.0354         26.7736         49.8090
Q_{ 4}               82.4272        101.2056        183.6328
Q_{ 5}              349.5561        468.6314        818.1875
Q_{ 6}             1446.1185       2216.0968       3662.2151
Q_{ 7}             6275.5706      10094.6280      16370.1970
Q_{ 8}            33165.4605      59162.8052      92328.2210
Q_{ 9}           149407.4572     273266.0936     422671.7892
Q_{10}           812060.7282    1580383.2689    2392419.7554
______________________________________________________________
                     Neutrons        Protons         Total
______________________________________________________________
Beta_{   1}       0.00162946      0.00131532      0.00031414
Beta_{   2}       0.20287344      0.21373645      0.41660989
Beta_{   3}       0.13959828      0.16225287      0.30185115
Beta_{   4}       0.15335494      0.18829182      0.34164675
Beta_{   5}       0.19965764      0.26767048      0.46732812
Beta_{   6}       0.25358001      0.38859738      0.64217737
Beta_{   7}       0.33783641      0.54342993      0.88126626
Beta_{   8}       0.54812720      0.97778660      1.52591306
Beta_{   9}       0.75807066      1.38651049      2.14457221
Beta_{  10}       1.26493442      2.46173854      3.72663519
______________________________________________________________
 Cart. Moments X              Y              Z
 Cart. N      -16.2930066    -16.2930897     32.5860963
 Cart. P      -17.1654346    -17.1655074     34.3309421
 Cart. T      -33.4584412    -33.4585971     66.9170383
 (Q, gamma)    Q              Gamma
 (Q,g) N       32.5860963      0.0000843
 (Q,g) P       34.3309421      0.0000702
 (Q,g) T       66.9170383      0.0000771
 (iq1, iq2)    iq1            iq2
 iq    N       32.5860686      0.0000554
 iq    P       34.3309178      0.0000486
 iq    T       66.9169863      0.0001039
               X^2            Y^2            Z^2
 X^2_i N       22.1848300     22.1848023     38.4778643
 X^2_i P       22.6585894     22.6585651     39.8240483
 X^2_i T       44.8434194     44.8433675     78.3019126
------------------------------------------------------------
------------------------- Angular Momentum (hbar) --------------------------

               Spwfs(*)    Desired     Omega       E (MeV)      Densit. 
  __________________________________________________________________________
   J_x   |     0.00000     0.00000     0.00000     0.00000     0.00000
   J_y   |     0.00000     0.00000     0.00000     0.00000     0.00000
   J_z   |     0.00000     0.00000     0.00000     0.00000     0.00000
  __________________________________________________________________________
   Size  |     0.00000     0.00000     0.00000                 0.00000
  --------------------------------------------------------------------------
---------------------Rotational properties--------------------
                Rigid rotor          (hbar^2/MeV)
              n              p              t 
 I_R X       1.4627719      1.5066566      2.9694285
 I_R Y       1.4627725      1.5066572      2.9694297
 I_R Z       1.0698944      1.0927422      2.1626367

                Belyaev                 (hbar^2/MeV) 
              n              p              t 
 I_B X       0.5931242      0.5720100      1.1651342
 I_B Y       0.5931193      0.5720063      1.1651255
 I_B Z       0.0000212      0.0000237      0.0000449

                Belyaev (collective)    (hbar^2/MeV) 
              n              p              t 
 I_B X       0.5931242      0.5720100      1.1651342
 I_B Y       0.5931193      0.5720063      1.1651255
 I_B Z       0.0000212      0.0000237      0.0000449

                 <J^2> - <J>^2          (hbar^2)
              n              p              t 
 J2_X        1.5550177      1.5458985      3.1009163
 J2_Y        1.5550065      1.5458893      3.1008958
 J2_Z        0.0001397      0.0001510      0.0002907
 J2_t        3.1101639      3.0919388      6.2021027

                 <J^2> - <J>^2 (coll.)  (hbar^2)
              n              p              t 
 J2_X        1.5550177      1.5458985      3.1009163
 J2_Y        1.5550065      1.5458893      3.1008958
 J2_Z        0.0001397      0.0001510      0.0002907
 J2_t        3.1101639      3.0919388      6.2021027
-------------------------- Pairing -------------------------
                          N         P 
 Fermi Level (MeV)    -12.02915484    -7.90692769
 Particles             10.00000000    10.00000000
 Dispersion             1.85303109     1.89952718
 Average gap   v^2      0.66500197     0.70664973
 Average gap   uv       1.52644131     1.57318865
------------------------------------------------------------
--------------------------------------------------------------------------------
 Skyrme Energy 
                                    Isoscalar      Isovector   |   Total
--------------------------------------------------------------------------------
  E_D_I_I_D_I_I                  -1295.300225       0.051188   -1295.249037
  E_D_I_I_D_Nm_Nm                   27.766247      -0.003017      27.763230
  E_D_I_I_Lap_D_I_I                 58.096038       0.001397      58.097435
  E_D_I_I_D_I_I_DD                 735.781904      -0.025993     735.755911
  E_C_I_NmSk_C_I_NmSk                0.000000       0.000000       0.000000
  E_D_I_I_Derm_C_I_NxmSxm          -10.789351      -0.000463     -10.789814
  E_DP_I_I_DP_I_I                                                 -4.450653
--------------------------------------------------------------------------------
                 Total Skyrme:                                  -488.872928
                    time-even:                                  -488.872928
                    time-odd :                                     0.000000
--------------------------------------------------------------------------------
--------------------------------------------------------------------------------
                                     neutron        proton         total
                Kinetic Energy:     162.546863     159.205910     321.752773
                    COM 1-body:      -8.127343      -7.960295     -16.087639
                    COM 2-body:       3.216550       3.163891       6.380440
                            ph:       3.191853       3.135181       6.327034
                            pp:       0.024696       0.028710       0.053406
                 Collective T:                                     -2.476116

                 Rotational  T:                                    -2.476116
                 Rotational  X:                                    -1.237562
                 Rotational  Y:                                    -1.237563
                 Rotational  Z:                                    -0.000991

                 Vibrational T:                                     0.000000
                 Vibrational X:                                    -0.000000
                 Vibrational Y:                                    -0.000000
                 Vibrational Z:                                    -0.000000


                Coulomb Direct:       0.000000      23.431666      23.431666
                      Exchange:       0.000000       0.000000       0.000000

               Pairing (delta):      -2.152672      -2.303884      -4.456556
               Pairing (densi):                                    -4.450653
--------------------------------------------------------------------------------
                  Total energy:                                  -155.871803
                    from spwfs:                                  -155.874018
                   E_fu - E_sp:                                 0.221502E-02
                   (no corr.) :                                  -159.776128
                      Routhian:                                  -157.298107
                         dE   :                                 0.206164E-01
                         dR   :                                 0.235280E-01
--------------------------------------------------------------------------------
--------------------------------------------------------------------------------
 Iteration =   61
 dt  =   0.0247      mu  =   0.8291 gradn=    0.000E+00 D2H =    4.518E-04
 E   =   -155.870    DE  =  0.92685E-05
 R   =   -157.294    DR  =  0.27893E-04
 R-E =     -1.423  D(R-E)=  0.18879E-04
 dmun= -5.4E-04      dmup= -2.7E-04
 RQ10=     -0.0046   dQ =-1.1E-02  L =     -0.4118   dL =-7.7E-04  dev = 4.6E-03
 RQ20=     21.1308   dQ =-1.8E-02  L =      0.0000   dL = 0.0E+00  dev = 0.0E+00
 RQ22=      0.0000   dQ = 3.6E-08  L =      0.0000   dL = 0.0E+00  dev = 0.0E+00
 RQ30=     49.8182   dQ =-4.1E-01  L =      0.0583   dL =-1.3E-04  dev = 1.8E-01
 Jz  =    0.000      dJZ =  0.0E+00
--------------------------------------------------------------------------------
 Iteration =   62
 dt  =   0.0247      mu  =   0.8292 gradn=    0.000E+00 D2H =    3.850E-04
 E   =   -155.869    DE  =  0.11218E-04
 R   =   -157.290    DR  =  0.26629E-04
 R-E =     -1.421  D(R-E)=  0.15653E-04
 dmun= -5.0E-04      dmup= -2.5E-04
 RQ10=     -0.0042   dQ =-9.8E-03  L =     -0.4125   dL =-7.1E-04  dev = 4.2E-03
 RQ20=     21.1550   dQ =-1.7E-02  L =      0.0000   dL = 0.0E+00  dev = 0.0E+00
 RQ22=      0.0000   dQ = 2.9E-08  L =      0.0000   dL = 0.0E+00  dev = 0.0E+00
 RQ30=     49.8354   dQ =-3.7E-01  L =      0.0582   dL =-1.2E-04  dev = 1.6E-01
 Jz  =    0.000      dJZ =  0.0E+00
--------------------------------------------------------------------------------
 Iteration =   63
 dt  =   0.0247      mu  =   0.8292 gradn=    0.000E+00 D2H =    3.272E-04
 E   =   -155.867    DE  =  0.82417E-05
 R   =   -157.286    DR  =  0.23798E-04
 R-E =     -1.418  D(R-E)=  0.15773E-04
 dmun= -5.0E-04      dmup= -2.7E-04
 RQ10=     -0.0039   dQ =-9.3E-03  L =     -0.4132   dL =-6.8E-04  dev = 3.9E-03
 RQ20=     21.1766   dQ =-1.6E-02  L =      0.0000   dL = 0.0E+00  dev = 0.0E+00
 RQ22=      0.0000   dQ = 2.2E-08  L =      0.0000   dL = 0.0E+00  dev = 0.0E+00
 RQ30=     49.8438   dQ =-3.5E-01  L =      0.0581   dL =-1.1E-04  dev = 1.6E-01
 Jz  =    0.000      dJZ =  0.0E+00
--------------------------------------------------------------------------------
 Iteration =   64
 dt  =   0.0247      mu  =   0.8293 gradn=    0.000E+00 D2H =    2.790E-04
 E   =   -155.866    DE  =  0.98439E-05
 R   =   -157.282    DR  =  0.22677E-04
 R-E =     -1.416  D(R-E)=  0.13039E-04
 dmun= -4.7E-04      dmup= -2.3E-04
 RQ10=     -0.0035   dQ =-8.5E-03  L =     -0.4138   dL =-6.2E-04  dev = 3.5E-03
 RQ20=     21.1968   dQ =-1.4E-02  L =      0.0000   dL = 0.0E+00  dev = 0.0E+00
 RQ22=      0.0000   dQ = 1.5E-08  L =      0.0000   dL = 0.0E+00  dev = 0.0E+00
 RQ30=     49.8590   dQ =-3.2E-01  L =      0.0580   dL =-1.0E-04  dev = 1.4E-01
 Jz  =    0.000      dJZ =  0.0E+00
--------------------------------------------------------------------------------
 Iteration =   65
 dt  =   0.0247      mu  =   0.8293 gradn=    0.000E+00 D2H =    2.352E-04
 E   =   -155.865    DE  =  0.71264E-05
 R   =   -157.279    DR  =  0.20184E-04
 R-E =     -1.414  D(R-E)=  0.13241E-04
 dmun= -4.5E-04      dmup= -2.4E-04
 RQ10=     -0.0033   dQ =-8.1E-03  L =     -0.4144   dL =-5.9E-04  dev = 3.3E-03
 RQ20=     21.2148   dQ =-1.3E-02  L =      0.0000   dL = 0.0E+00  dev = 0.0E+00
 RQ22=      0.0000   dQ = 8.0E-09  L =      0.0000   dL = 0.0E+00  dev = 0.0E+00
 RQ30=     49.8664   dQ =-3.0E-01  L =      0.0579   dL =-9.5E-05  dev = 1.3E-01
 Jz  =    0.000      dJZ =  0.0E+00
--------------------------------------------------------------------------------
 Iteration =   66
 dt  =   0.0247      mu  =   0.8294 gradn=    0.000E+00 D2H =    1.977E-04
 E   =   -155.863    DE  =  0.83970E-05
 R   =   -157.276    DR  =  0.19188E-04
 R-E =     -1.413  D(R-E)=  0.10965E-04
 dmun= -4.1E-04      dmup= -2.0E-04
 RQ10=     -0.0030   dQ =-7.3E-03  L =     -0.4149   dL =-5.4E-04  dev = 3.0E-03
 RQ20=     21.2315   dQ =-1.2E-02  L =      0.0000   dL = 0.0E+00  dev = 0.0E+00
 RQ22=      0.0000   dQ = 1.9E-09  L =      0.0000   dL = 0.0E+00  dev = 0.0E+00
 RQ30=     49.8797   dQ =-2.7E-01  L =      0.0578   dL =-8.5E-05  dev = 1.2E-01
 Jz  =    0.000      dJZ =  0.0E+00
--------------------------------------------------------------------------------
 Iteration =   67
 dt  =   0.0247      mu  =   0.8294 gradn=    0.000E+00 D2H =    1.664E-04
 E   =   -155.862    DE  =  0.59498E-05
 R   =   -157.273    DR  =  0.16999E-04
 R-E =     -1.411  D(R-E)=  0.11203E-04
 dmun= -3.8E-04      dmup= -2.0E-04
 RQ10=     -0.0028   dQ =-6.9E-03  L =     -0.4154   dL =-5.1E-04  dev = 2.8E-03
 RQ20=     21.2462   dQ =-1.1E-02  L =      0.0000   dL = 0.0E+00  dev = 0.0E+00
 RQ22=      0.0000   dQ =-4.1E-09  L =      0.0000   dL = 0.0E+00  dev = 0.0E+00
 RQ30=     49.8863   dQ =-2.5E-01  L =      0.0577   dL =-8.0E-05  dev = 1.1E-01
 Jz  =    0.000      dJZ =  0.0E+00
--------------------------------------------------------------------------------
 Iteration =   68
 dt  =   0.0247      mu  =   0.8295 gradn=    0.000E+00 D2H =    1.422E-04
 E   =   -155.861    DE  =  0.70063E-05
 R   =   -157.271    DR  =  0.16120E-04
 R-E =     -1.409  D(R-E)=  0.92592E-05
 dmun= -3.2E-04      dmup= -1.5E-04
 RQ10=     -0.0025   dQ =-6.3E-03  L =     -0.4159   dL =-4.7E-04  dev = 2.5E-03
 RQ20=     21.2599   dQ =-1.0E-02  L =      0.0000   dL = 0.0E+00  dev = 0.0E+00
 RQ22=      0.0000   dQ =-7.8E-09  L =      0.0000   dL = 0.0E+00  dev = 0.0E+00
 RQ30=     49.8979   dQ =-2.3E-01  L =      0.0576   dL =-7.2E-05  dev = 1.0E-01
 Jz  =    0.000      dJZ =  0.0E+00
--------------------------------------------------------------------------------
 Iteration =   69
 dt  =   0.0248      mu  =   0.8295 gradn=    0.000E+00 D2H =    1.203E-04
 E   =   -155.861    DE  =  0.48669E-05
 R   =   -157.269    DR  =  0.14218E-04
 R-E =     -1.408  D(R-E)=  0.94795E-05
 dmun= -2.8E-04      dmup= -1.5E-04
 RQ10=     -0.0024   dQ =-5.9E-03  L =     -0.4163   dL =-4.4E-04  dev = 2.4E-03
 RQ20=     21.2719   dQ =-9.7E-03  L =      0.0000   dL = 0.0E+00  dev = 0.0E+00
 RQ22=      0.0000   dQ =-1.3E-08  L =      0.0000   dL = 0.0E+00  dev = 0.0E+00
 RQ30=     49.9036   dQ =-2.1E-01  L =      0.0576   dL =-6.7E-05  dev = 9.6E-02
 Jz  =    0.000      dJZ =  0.0E+00
--------------------- Sp wavefunctions -------------------------------------------------------------
____________________________________________________________________________________________________
   Neutron wavefunctions
  i     P   Rz   occ       E        d2h    Delta |   JxT    JyT    Jz      J   |   SxT    SyT    Sz
----------------------------------------------------------------------------------------------------
  1  0.99  1.0  1.0000   -35.269  2.9E-05   0.00 |  -0.50   0.50   0.50   0.52 |  -0.50   0.50   0.50
  9 -0.99  1.0  1.0000   -24.214  1.4E-04   0.01 |  -0.87   0.87   0.50   1.46 |  -0.45   0.45   0.40
 10 -0.98  1.0  0.9999   -21.790  2.2E-05   0.14 |  -0.00   0.00  -1.50   1.53 |   0.00   0.00  -0.50
 11 -0.91  1.0  0.9805   -17.058  1.3E-04   1.44 |   0.31  -0.31   0.50   0.78 |  -0.06   0.06  -0.39
  2  0.88  1.0  0.7186   -12.883  4.6E-04   1.74 |  -1.15   1.15   0.50   2.22 |  -0.41   0.41   0.31
  3  0.97  1.0  0.2477   -11.072  1.1E-04   1.64 |  -0.00   0.00  -1.50   2.50 |  -0.00   0.00  -0.42
  4  0.95  1.0  0.0370    -8.830  2.5E-05   1.31 |   0.00  -0.00   2.50   2.54 |  -0.00   0.00   0.50
  5  0.80  1.0  0.0135    -7.168  2.2E-03   1.14 |  -0.62   0.62   0.50   1.64 |  -0.34   0.34   0.18
  6  0.31  1.0  0.0019    -4.710  6.8E-02   0.59 |  -0.04   0.04   0.50   1.96 |  -0.40   0.40   0.30
 12  0.31  1.0  0.0009    -3.810  7.1E-02   0.36 |   0.08  -0.08   0.50   2.36 |  -0.34   0.34   0.17
  7  0.71  1.0  0.0000    -2.264  2.8E-03   0.10 |   0.00  -0.00  -1.49   1.94 |   0.00  -0.00   0.36
 20 -0.72  1.0  0.0000    -0.880  9.5E-02   0.04 |  -1.04   1.04   0.50   2.95 |  -0.38   0.38   0.26
 13 -0.69  1.0  0.0000    -0.312  4.1E-03   0.01 |   0.01  -0.01  -1.49   2.63 |   0.00  -0.00  -0.43
 18 -0.39  1.0  0.0000     0.396  2.9E-02   0.01 |   0.01  -0.01   0.47   1.73 |  -0.00   0.01  -0.49
 17 -0.27  1.0  0.0000     0.609  2.8E-02   0.01 |   0.04  -0.04  -1.47   2.82 |   0.00  -0.00  -0.41
 14 -0.46  1.0  0.0000     1.110  3.4E-02   0.01 |   0.35  -0.35   1.27   2.74 |   0.37  -0.37   0.48
 15 -0.23  1.0  0.0000     1.362  7.3E-02   0.01 |  -0.73   0.73   0.50   2.17 |  -0.47   0.47   0.44
  8  0.52  1.0  0.0000     1.483  1.3E-02   0.00 |  -0.12   0.13   0.51   2.47 |  -0.02   0.03  -0.46
 19 -0.86  1.0  0.0000     1.942  1.7E-02   0.00 |   0.13  -0.13   1.38   2.92 |   0.15  -0.15   0.45
 16 -0.75  1.0  0.0000     3.152  4.7E-03   0.00 |   0.00  -0.00  -3.34   3.67 |  -0.00   0.00  -0.50
____________________________________________________________________________________________________
   Proton  wavefunctions
  i     P   Rz   occ       E        d2h    Delta |   JxT    JyT    Jz      J   |   SxT    SyT    Sz
----------------------------------------------------------------------------------------------------
 21  0.99  1.0  1.0000   -30.746  2.3E-05   0.00 |  -0.50   0.50   0.50   0.52 |  -0.50   0.50   0.50
 29 -0.99  1.0  1.0000   -19.883  1.3E-04   0.02 |  -0.87   0.87   0.50   1.46 |  -0.45   0.45   0.40
 30 -0.98  1.0  0.9999   -17.434  2.6E-05   0.19 |  -0.00   0.00  -1.50   1.53 |   0.00   0.00  -0.50
 31 -0.91  1.0  0.9772   -12.790  1.4E-04   1.53 |   0.30  -0.30   0.50   0.79 |  -0.06   0.06  -0.39
 22  0.86  1.0  0.7134    -8.774  4.8E-04   1.81 |  -1.13   1.13   0.50   2.22 |  -0.41   0.41   0.32
 23  0.97  1.0  0.2501    -6.915  1.2E-04   1.72 |  -0.00   0.00  -1.50   2.50 |  -0.00   0.00  -0.42
 24  0.95  1.0  0.0399    -4.694  3.6E-05   1.37 |   0.00  -0.00   2.50   2.54 |   0.00  -0.00   0.50
 25  0.63  1.0  0.0144    -3.408  1.5E-02   1.06 |  -0.64   0.64   0.50   1.95 |  -0.35   0.35   0.20
 40 -0.11  1.0  0.0024    -2.141  5.1E-02   0.46 |  -0.58   0.58   0.50   2.56 |  -0.49   0.49   0.48
 26  0.85  1.0  0.0025    -0.213  3.5E-02   0.71 |   0.62  -0.62   0.50   1.58 |  -0.24   0.24  -0.03
 27  0.67  1.0  0.0001     1.344  3.6E-03   0.14 |  -0.01   0.01  -1.41   1.97 |   0.04  -0.04   0.34
 37 -0.40  1.0  0.0000     1.994  1.1E-02   0.04 |   0.05  -0.05  -1.47   2.25 |   0.00  -0.00  -0.48
 28  0.29  1.0  0.0000     2.248  1.7E-02   0.06 |   0.04  -0.04   0.47   1.96 |  -0.02   0.02  -0.47
 39 -0.81  1.0  0.0000     2.585  1.4E-02   0.02 |   0.46  -0.46   0.53   2.26 |   0.47  -0.47   0.49
 38 -0.27  1.0  0.0000     2.688  1.5E-01   0.02 |  -0.07   0.07   0.51   2.39 |  -0.04   0.04  -0.42
 32 -0.39  1.0  0.0000     2.942  2.2E-01   0.04 |  -0.63   0.63   0.50   2.52 |  -0.39   0.39   0.28
 33 -0.04  1.0  0.0000     3.088  3.1E-01   0.02 |   0.23  -0.24  -1.23   3.24 |   0.07  -0.07  -0.29
 34  0.48  1.0  0.0000     3.332  4.8E-01   0.02 |   0.29  -0.29   0.68   2.49 |   0.32  -0.32   0.40
 35 -0.39  1.0  0.0000     3.530  1.3E-01   0.04 |  -1.07   1.07   0.50   2.54 |  -0.43   0.43   0.36
 36 -0.50  1.0  0.0000     5.741  7.0E-03   0.00 |   0.00  -0.00  -2.96   3.93 |  -0.00   0.00  -0.50
----------------------------------------------------------------------------------------------------
--------------------- Canonical basis  -------------------------------------------------------------
____________________________________________________________________________________________________
   Neutron wavefunctions
  i     P   Rz   occ       E        d2h    Delta |   JxT    JyT    Jz      J   |   SxT    SyT    Sz
----------------------------------------------------------------------------------------------------
 20  0.99  1.0  2.0000   -35.269  0.0E+00   0.00 |  -0.50   0.50   0.50   0.52 |  -0.50   0.50   0.50
 19 -0.99  1.0  2.0000   -24.214  0.0E+00   0.01 |  -0.87   0.87   0.50   1.47 |  -0.45   0.45   0.40
 18 -0.98  1.0  1.9999   -21.790  0.0E+00   0.14 |  -0.00   0.00  -1.50   1.53 |   0.00   0.00  -0.50
 17 -0.92  1.0  1.9611   -17.057  0.0E+00   1.44 |   0.32  -0.32   0.50   0.77 |  -0.06   0.06  -0.39
 16  0.89  1.0  1.4372   -12.882  0.0E+00   1.75 |  -1.16   1.16   0.50   2.23 |  -0.41   0.41   0.31
 15  0.97  1.0  0.4953   -11.072  0.0E+00   1.64 |  -0.00   0.00  -1.50   2.50 |  -0.00   0.00  -0.42
 14  0.95  1.0  0.0740    -8.830  0.0E+00   1.31 |   0.00  -0.00   2.50   2.54 |  -0.00   0.00   0.50
 13  0.82  1.0  0.0280    -7.034  0.0E+00   1.21 |  -0.38   0.38   0.50   1.67 |  -0.26   0.26   0.02
 12  0.83  1.0  0.0040    -4.432  0.0E+00   0.66 |   0.32  -0.32   0.50   1.34 |  -0.36   0.36   0.23
 11 -0.30  1.0  0.0004    -4.100  0.0E+00   0.22 |  -0.70   0.70   0.50   2.72 |  -0.44   0.44   0.38
 10  0.68  1.0  0.0001    -2.264  0.0E+00   0.10 |  -0.00   0.00  -1.50   1.98 |   0.00  -0.00   0.35
  9 -0.68  1.0  0.0000    -1.033  0.0E+00   0.01 |  -0.93   0.93   0.50   3.03 |  -0.40   0.40   0.29
  8 -0.69  1.0  0.0000    -0.145  0.0E+00   0.01 |   0.04  -0.04  -1.50   3.06 |   0.00  -0.00  -0.35
  6 -0.26  1.0  0.0000     0.442  0.0E+00   0.00 |   0.02  -0.01  -1.47   2.32 |   0.01   0.01  -0.48
  4 -0.57  1.0  0.0000     0.762  0.0E+00   0.00 |  -0.63   0.62   0.45   2.07 |  -0.13   0.13  -0.24
  5 -0.32  1.0  0.0000     1.146  0.0E+00   0.00 |  -0.08   0.09   0.49   1.86 |  -0.36   0.36   0.22
  2  0.82  1.0  0.0000     1.365  0.0E+00   0.00 |  -0.05   0.06   0.51   2.43 |  -0.01   0.01  -0.48
  1 -0.83  1.0  0.0000     1.501  0.0E+00   0.00 |   0.46  -0.46   0.36   2.28 |   0.46  -0.46   0.49
  7 -0.50  1.0  0.0000     1.552  0.0E+00   0.00 |   0.02  -0.02   2.29   3.30 |   0.06  -0.06   0.45
  3 -0.75  1.0  0.0000     3.149  0.0E+00   0.00 |   0.00  -0.00  -3.31   3.66 |  -0.00   0.00  -0.50
____________________________________________________________________________________________________
   Proton  wavefunctions
  i     P   Rz   occ       E        d2h    Delta |   JxT    JyT    Jz      J   |   SxT    SyT    Sz
----------------------------------------------------------------------------------------------------
 40  0.99  1.0  2.0000   -30.746  0.0E+00   0.00 |  -0.50   0.50   0.50   0.52 |  -0.50   0.50   0.50
 39 -0.99  1.0  2.0000   -19.883  0.0E+00   0.02 |  -0.87   0.87   0.50   1.47 |  -0.45   0.45   0.40
 38 -0.98  1.0  1.9998   -17.434  0.0E+00   0.19 |  -0.00   0.00  -1.50   1.53 |   0.00   0.00  -0.50
 37 -0.92  1.0  1.9544   -12.790  0.0E+00   1.53 |   0.31  -0.31   0.50   0.77 |  -0.06   0.06  -0.39
 36  0.88  1.0  1.4273    -8.771  0.0E+00   1.82 |  -1.14   1.14   0.50   2.22 |  -0.41   0.41   0.32
 35  0.97  1.0  0.5003    -6.915  0.0E+00   1.72 |  -0.00   0.00  -1.50   2.50 |  -0.00   0.00  -0.42
 34  0.95  1.0  0.0799    -4.693  0.0E+00   1.37 |  -0.00   0.00   2.50   2.54 |  -0.00   0.00   0.50
 33  0.85  1.0  0.0328    -3.059  0.0E+00   1.25 |  -0.37   0.37   0.50   1.64 |  -0.25   0.25   0.00
 31 -0.32  1.0  0.0018    -2.004  0.0E+00   0.36 |  -0.65   0.65   0.50   2.89 |  -0.48   0.48   0.45
 32  0.86  1.0  0.0037    -0.612  0.0E+00   0.64 |   0.37  -0.37   0.50   1.34 |  -0.35   0.35   0.19
 30  0.67  1.0  0.0001     1.391  0.0E+00   0.15 |  -0.03   0.03  -1.48   2.01 |   0.00  -0.00   0.35
 29 -0.73  1.0  0.0000     2.399  0.0E+00   0.03 |  -1.00   1.01   0.50   2.95 |  -0.37   0.38   0.25
 27  0.04  1.0  0.0000     2.410  0.0E+00   0.00 |  -0.07   0.07  -1.30   2.43 |   0.01  -0.01  -0.42
 26 -0.64  1.0  0.0000     2.599  0.0E+00   0.00 |   0.28  -0.28   0.50   1.78 |  -0.07   0.07  -0.35
 21 -0.95  1.0  0.0000     2.760  0.0E+00   0.00 |   0.46  -0.46   0.42   2.17 |   0.49  -0.49   0.50
 28 -0.52  1.0  0.0000     2.886  0.0E+00   0.02 |   0.14  -0.15  -1.46   3.07 |   0.00  -0.01  -0.39
 24  0.64  1.0  0.0000     2.896  0.0E+00   0.00 |   0.51  -0.53   0.92   2.58 |   0.39  -0.39   0.44
 23  0.69  1.0  0.0000     2.998  0.0E+00   0.00 |  -0.16   0.16   0.51   2.35 |  -0.06   0.07  -0.37
 25 -0.10  1.0  0.0000     3.324  0.0E+00   0.00 |  -0.79   0.80   0.49   2.28 |  -0.37   0.37   0.23
 22 -0.50  1.0  0.0000     5.739  0.0E+00   0.00 |   0.00  -0.00  -2.98   3.93 |  -0.00   0.00  -0.50
----------------------------------------------------------------------------------------------------
---------------------------------Quasiparticles---------------------------------
Block 1:  P=+1  neutrons
  N      Eqp       f_n      |   U   V  |   B  P  ov_TR |    JxT    JyT    Jz
________________________________________________________________________________
  1    -23.24      0.00E+00 |    1   0 |   -  -  0.000 |    0.00   0.00   0.50
  2    -15.19      0.00E+00 |    0  16 |   -  -  0.000 |    0.00   0.00   3.34
  3    -13.98      0.00E+00 |    0  19 |   -  -  0.000 |    0.00   0.00  -1.38
  4    -13.52      0.00E+00 |    0   8 |   -  -  0.000 |    0.00   0.00  -0.51
  5    -13.39      0.00E+00 |    0  15 |   -  -  0.000 |    0.00   0.00  -0.50
  6    -13.14      0.00E+00 |    0  14 |   -  -  0.000 |    0.00   0.00  -1.27
  7    -12.64      0.00E+00 |    0  17 |   -  -  0.000 |    0.00   0.00   1.47
  8    -12.43      0.00E+00 |    0  18 |   -  -  0.000 |    0.00   0.00  -0.47
  9    -12.18      0.00E+00 |    9   0 |   -  -  0.000 |    0.00   0.00   0.50
 10    -11.72      0.00E+00 |    0  13 |   -  -  0.000 |    0.00   0.00   1.49
 11    -11.15      0.00E+00 |    0  20 |   -  -  0.000 |    0.00   0.00  -0.50
 12     -9.77      0.00E+00 |   10   7 |   -  -  0.000 |    0.00   0.00   1.03
 13     -9.76      0.00E+00 |   10   7 |   -  -  0.000 |    0.00   0.00  -1.04
 14     -8.24      0.00E+00 |    0  12 |   -  -  0.000 |    0.00   0.00  -0.50
 15     -7.35      0.00E+00 |    0   6 |   -  -  0.000 |    0.00   0.00  -0.50
 16     -5.23      0.00E+00 |   11  11 |   -  -  0.000 |    0.00   0.00   0.47
 17     -5.00      0.00E+00 |    5   5 |   -  -  0.000 |    0.00   0.00  -0.48
 18     -3.46      0.00E+00 |    4   4 |   -  -  0.000 |    0.00   0.00  -2.31
 19     -1.94      0.00E+00 |    2   2 |   -  -  0.000 |    0.00   0.00   0.22
 20     -1.90      0.00E+00 |    3   3 |   -  -  0.000 |    0.00   0.00   0.76
 21      1.90      1.00E+00 |    3   3 |   -  -  0.000 |    0.00   0.00  -0.76
 22      1.94      1.00E+00 |    2   2 |   -  -  0.000 |    0.00   0.00  -0.22
 23      3.46      1.00E+00 |    4   4 |   -  -  0.000 |    0.00   0.00   2.31
 24      5.00      1.00E+00 |    5   5 |   -  -  0.000 |    0.00   0.00   0.48
 25      5.23      1.00E+00 |   11  11 |   -  -  0.000 |    0.00   0.00  -0.47
 26      7.35      1.00E+00 |    6   0 |   -  -  0.000 |    0.00   0.00   0.50
 27      8.24      1.00E+00 |   12   0 |   -  -  0.000 |    0.00   0.00   0.50
 28      9.76      1.00E+00 |    7  10 |   -  -  0.000 |    0.00   0.00   1.04
 29      9.77      1.00E+00 |    7  10 |   -  -  0.000 |    0.00   0.00  -1.03
 30     11.15      1.00E+00 |   20   0 |   -  -  0.000 |    0.00   0.00   0.50
 31     11.72      1.00E+00 |   13   0 |   -  -  0.000 |    0.00   0.00  -1.49
 32     12.18      1.00E+00 |    0   9 |   -  -  0.000 |    0.00   0.00  -0.50
 33     12.43      1.00E+00 |   18   0 |   -  -  0.000 |    0.00   0.00   0.47
 34     12.64      1.00E+00 |   17   0 |   -  -  0.000 |    0.00   0.00  -1.47
 35     13.14      1.00E+00 |   14   0 |   -  -  0.000 |    0.00   0.00   1.27
 36     13.39      1.00E+00 |   15   0 |   -  -  0.000 |    0.00   0.00   0.50
 37     13.52      1.00E+00 |    8   0 |   -  -  0.000 |    0.00   0.00   0.51
 38     13.98      1.00E+00 |   19   0 |   -  -  0.000 |    0.00   0.00   1.38
 39     15.19      1.00E+00 |   16   0 |   -  -  0.000 |    0.00   0.00  -3.34
 40     23.24      1.00E+00 |    0   1 |   -  -  0.000 |    0.00   0.00  -0.50

Block 5:  P=+1   protons
  N      Eqp       f_n      |   U   V  |   B  P  ov_TR |    JxT    JyT    Jz
________________________________________________________________________________
  1    -22.84      0.00E+00 |   21   0 |   -  -  0.000 |    0.00   0.00   0.50
  2    -13.65      0.00E+00 |    0  36 |   -  -  0.000 |    0.00   0.00   2.96
  3    -11.97      0.00E+00 |   29   0 |   -  -  0.000 |    0.00   0.00   0.50
  4    -11.44      0.00E+00 |    0  35 |   -  -  0.000 |    0.00   0.00  -0.50
  5    -11.24      0.00E+00 |    0  34 |   -  -  0.000 |    0.00   0.00  -0.68
  6    -11.00      0.00E+00 |    0  33 |   -  -  0.000 |    0.00   0.00   1.23
  7    -10.85      0.00E+00 |    0  32 |   -  -  0.000 |    0.00   0.00  -0.50
  8    -10.60      0.00E+00 |    0  38 |   -  -  0.000 |    0.00   0.00  -0.51
  9    -10.49      0.00E+00 |    0  39 |   -  -  0.000 |    0.00   0.00  -0.53
 10    -10.16      0.00E+00 |    0  28 |   -  -  0.000 |    0.00   0.00  -0.47
 11     -9.90      0.00E+00 |    0  37 |   -  -  0.000 |    0.00   0.00   1.47
 12     -9.53      0.00E+00 |   30   0 |   -  -  0.000 |    0.00   0.00  -1.50
 13     -9.25      0.00E+00 |    0  27 |   -  -  0.000 |    0.00   0.00   1.40
 14     -7.74      0.00E+00 |    0  26 |   -  -  0.000 |    0.00   0.00  -0.50
 15     -5.81      0.00E+00 |    0  40 |   -  -  0.000 |    0.00   0.00  -0.49
 16     -5.11      0.00E+00 |   31  31 |   -  -  0.000 |    0.00   0.00   0.47
 17     -4.64      0.00E+00 |   25  25 |   -  -  0.000 |    0.00   0.00  -0.48
 18     -3.49      0.00E+00 |   24  24 |   -  -  0.000 |    0.00   0.00  -2.30
 19     -2.00      0.00E+00 |   22  22 |   -  -  0.000 |    0.00   0.00   0.21
 20     -1.99      0.00E+00 |   23  23 |   -  -  0.000 |    0.00   0.00   0.75
 21      1.99      1.00E+00 |   23  23 |   -  -  0.000 |    0.00   0.00  -0.75
 22      2.00      1.00E+00 |   22  22 |   -  -  0.000 |    0.00   0.00  -0.21
 23      3.49      1.00E+00 |   24  24 |   -  -  0.000 |    0.00   0.00   2.30
 24      4.64      1.00E+00 |   25  25 |   -  -  0.000 |    0.00   0.00   0.48
 25      5.11      1.00E+00 |   31  31 |   -  -  0.000 |    0.00   0.00  -0.47
 26      5.81      1.00E+00 |   40   0 |   -  -  0.000 |    0.00   0.00   0.49
 27      7.74      1.00E+00 |   26   0 |   -  -  0.000 |    0.00   0.00   0.50
 28      9.25      1.00E+00 |   27   0 |   -  -  0.000 |    0.00   0.00  -1.40
 29      9.53      1.00E+00 |    0  30 |   -  -  0.000 |    0.00   0.00   1.50
 30      9.90      1.00E+00 |   37   0 |   -  -  0.000 |    0.00   0.00  -1.47
 31     10.16      1.00E+00 |   28   0 |   -  -  0.000 |    0.00   0.00   0.47
 32     10.49      1.00E+00 |   39   0 |   -  -  0.000 |    0.00   0.00   0.53
 33     10.60      1.00E+00 |   38   0 |   -  -  0.000 |    0.00   0.00   0.51
 34     10.85      1.00E+00 |   32   0 |   -  -  0.000 |    0.00   0.00   0.50
 35     11.00      1.00E+00 |   33   0 |   -  -  0.000 |    0.00   0.00  -1.23
 36     11.24      1.00E+00 |   34   0 |   -  -  0.000 |    0.00   0.00   0.68
 37     11.44      1.00E+00 |   35   0 |   -  -  0.000 |    0.00   0.00   0.50
 38     11.97      1.00E+00 |    0  29 |   -  -  0.000 |    0.00   0.00  -0.50
 39     13.65      1.00E+00 |   36   0 |   -  -  0.000 |    0.00   0.00  -2.96
 40     22.84      1.00E+00 |    0  21 |   -  -  0.000 |    0.00   0.00  -0.50

--------------------------------------------------------------------------------
---------------- Electric Multipole Moments -----------------
Quantisation Axis             : Z
  With secondary axis ordering: X,Y
______________________________________________________________
                     Neutrons        Protons         Total
______________________________________________________________
 Particles           10.0000         10.0000         20.0000

Re  Q_{ 1 0}         -0.0242          0.0221         -0.0021
Constrained                                           0.0000
Re De_{ 1 0}                                   0.2130652E-02
Re La_{ 1 0}                                         -0.4167

Re  Q_{ 2 0}         10.3683         10.9148         21.2830
Re  Q_{ 2 2}          0.0000          0.0000          0.0000

Re  Q_{ 3 0}         23.1084         26.8055         49.9139
Constrained                                          50.0000
Re De_{ 3 0}                                   0.8614190E-01
Re La_{ 3 0}                                          0.0575
Re  Q_{ 3 2}         -0.0000         -0.0000         -0.0000

Re  Q_{ 4 0}         83.4955        101.9191        185.4145
Re  Q_{ 4 2}          0.0000         -0.0002         -0.0002
Re  Q_{ 4 4}          0.0162          0.0181          0.0342

Re  Q_{ 5 0}        352.0254        468.9210        820.9464
Re  Q_{ 5 2}         -0.0001         -0.0002         -0.0002
Re  Q_{ 5 4}         -0.1109         -0.1975         -0.3084

Re  Q_{ 6 0}       1455.6097       2201.6534       3657.2631
Re  Q_{ 6 2}         -0.0019         -0.0099         -0.0118
Re  Q_{ 6 4}          1.0920          1.7605          2.8525
Re  Q_{ 6 6}          0.0001          0.0001          0.0002

Re  Q_{ 7 0}       6312.1565      10006.9446      16319.1011
Re  Q_{ 7 2}         -0.0116         -0.0538         -0.0654
Re  Q_{ 7 4}         -1.6582         -3.4178         -5.0760
Re  Q_{ 7 6}          0.0007          0.0121          0.0128

Re  Q_{ 8 0}      33301.0442      58203.4394      91504.4836
Re  Q_{ 8 2}          0.0727          0.7062          0.7789
Re  Q_{ 8 4}         14.0570         -3.3860         10.6710
Re  Q_{ 8 6}          0.0441          0.2137          0.2578
Re  Q_{ 8 8}        -16.5425          0.2241        -16.3184

Re  Q_{ 9 0}     150441.0154     268352.2538     418793.2692
Re  Q_{ 9 2}         -0.4498         -2.3918         -2.8416
Re  Q_{ 9 4}        637.2795       1192.2147       1829.4942
Re  Q_{ 9 6}         -0.0461         -0.3911         -0.4372
Re  Q_{ 9 8}        131.9845        264.1790        396.1635

Re  Q_{10 0}     811098.6113    1548373.9398    2359472.5511
Re  Q_{10 2}         -2.1787          4.1730          1.9942
Re  Q_{10 4}       1115.7916       3933.9308       5049.7224
Re  Q_{10 6}          1.6256         -5.2686         -3.6430
Re  Q_{10 8}      -1536.4330       6239.9074       4703.4744
Re  Q_{1010}         -0.2826          2.3166          2.0341

 RMS radius           2.8792          2.9839          2.9320
______________________________________________________________
                     Neutrons        Protons         Total
______________________________________________________________


Beta_{ 2 0}       0.20466738      0.21545516      0.42012254
Beta_{ 2 2}       0.00000013      0.00000012      0.00000025

Beta_{ 3 0}       0.14004071      0.16244581      0.30248652
Beta_{ 3 2}      -0.00000002     -0.00000009     -0.00000011

Beta_{ 4 0}       0.15534239      0.18961921      0.34496161
Beta_{ 4 2}       0.00000001     -0.00000043     -0.00000042
Beta_{ 4 4}       0.00003005      0.00003360      0.00006365

Beta_{ 5 0}       0.20106807      0.26783586      0.46890393
Beta_{ 5 2}      -0.00000003     -0.00000009     -0.00000012
Beta_{ 5 4}      -0.00006332     -0.00011281     -0.00017613

Beta_{ 6 0}       0.25524431      0.38606471      0.64130902
Beta_{ 6 2}      -0.00000033     -0.00000173     -0.00000206
Beta_{ 6 4}       0.00019149      0.00030870      0.00050019
Beta_{ 6 6}       0.00000002      0.00000002      0.00000004

Beta_{ 7 0}       0.33980596      0.53870962      0.87851558
Beta_{ 7 2}      -0.00000062     -0.00000290     -0.00000352
Beta_{ 7 4}      -0.00008927     -0.00018399     -0.00027326
Beta_{ 7 6}       0.00000004      0.00000065      0.00000069

Beta_{ 8 0}       0.55036800      0.96193111      1.51229912
Beta_{ 8 2}       0.00000120      0.00001167      0.00001287
Beta_{ 8 4}       0.00023232     -0.00005596      0.00017636
Beta_{ 8 6}       0.00000073      0.00000353      0.00000426
Beta_{ 8 8}      -0.00027340      0.00000370     -0.00026969

Beta_{ 9 0}       0.76331477      1.36157842      2.12489319
Beta_{ 9 2}      -0.00000228     -0.00001214     -0.00001442
Beta_{ 9 4}       0.00323346      0.00604912      0.00928257
Beta_{ 9 6}      -0.00000023     -0.00000198     -0.00000222
Beta_{ 9 8}       0.00066967      0.00134040      0.00201007

Beta_{10 0}       1.26343574      2.41187810      3.67531384
Beta_{10 2}      -0.00000339      0.00000650      0.00000311
Beta_{10 4}       0.00173805      0.00612782      0.00786587
Beta_{10 6}       0.00000253     -0.00000821     -0.00000567
Beta_{10 8}      -0.00239328      0.00971981      0.00732653
Beta_{1010}      -0.00000044      0.00000361      0.00000317

______________________________________________________________
                     Neutrons        Protons         Total
______________________________________________________________
Q_{ 1}                0.0242          0.0221          0.0021
Q_{ 2}               10.3683         10.9148         21.2830
Q_{ 3}               23.1084         26.8055         49.9139
Q_{ 4}               83.4955        101.9191        185.4146
Q_{ 5}              352.0255        468.9211        820.9465
Q_{ 6}             1455.6105       2201.6548       3657.2653
Q_{ 7}             6312.1570      10006.9457      16319.1027
Q_{ 8}            33301.0584      58203.4396      91504.4878
Q_{ 9}           150443.8307     268357.8105     418801.6360
Q_{10}           811103.0566    1548409.0810    2359492.7345
______________________________________________________________
                     Neutrons        Protons         Total
______________________________________________________________
Beta_{   1}       0.00155898      0.00142198      0.00013700
Beta_{   2}       0.20466738      0.21545516      0.42012254
Beta_{   3}       0.14004071      0.16244581      0.30248652
Beta_{   4}       0.15534240      0.18961922      0.34496162
Beta_{   5}       0.20106809      0.26783591      0.46890400
Beta_{   6}       0.25524446      0.38606495      0.64130941
Beta_{   7}       0.33980599      0.53870968      0.87851566
Beta_{   8}       0.55036823      0.96193112      1.51229918
Beta_{   9}       0.76332906      1.36160661      2.12493565
Beta_{  10}       1.26344267      2.41193284      3.67534528
______________________________________________________________
 Cart. Moments X              Y              Z
 Cart. N      -16.4370958    -16.4371482     32.8742440
 Cart. P      -17.3034793    -17.3035265     34.6070059
 Cart. T      -33.7405752    -33.7406747     67.4812498
 (Q, gamma)    Q              Gamma
 (Q,g) N       32.8742440      0.0000527
 (Q,g) P       34.6070059      0.0000451
 (Q,g) T       67.4812498      0.0000488
 (iq1, iq2)    iq1            iq2
 iq    N       32.8742265      0.0000349
 iq    P       34.6069901      0.0000315
 iq    T       67.4812166      0.0000663
               X^2            Y^2            Z^2
 X^2_i N       22.1537588     22.1537413     38.5908720
 X^2_i P       22.6256940     22.6256783     39.9291891
 X^2_i T       44.7794528     44.7794197     78.5200611
------------------------------------------------------------
------------------------- Angular Momentum (hbar) --------------------------

               Spwfs(*)    Desired     Omega       E (MeV)      Densit. 
  __________________________________________________________________________
   J_x   |     0.00000     0.00000     0.00000     0.00000     0.00000
   J_y   |     0.00000     0.00000     0.00000     0.00000     0.00000
   J_z   |     0.00000     0.00000     0.00000     0.00000     0.00000
  __________________________________________________________________________
   Size  |     0.00000     0.00000     0.00000                 0.00000
  --------------------------------------------------------------------------
---------------------Rotational properties--------------------
                Rigid rotor          (hbar^2/MeV)
              n              p              t 
 I_R X       1.4647479      1.5083989      2.9731468
 I_R Y       1.4647483      1.5083993      2.9731476
 I_R Z       1.0683962      1.0911560      2.1595523

                Belyaev                 (hbar^2/MeV) 
              n              p              t 
 I_B X       0.6021716      0.5805987      1.1827703
 I_B Y       0.6021685      0.5805965      1.1827651
 I_B Z       0.0000206      0.0000252      0.0000458

                Belyaev (collective)    (hbar^2/MeV) 
              n              p              t 
 I_B X       0.6021716      0.5805987      1.1827703
 I_B Y       0.6021685      0.5805965      1.1827651
 I_B Z       0.0000206      0.0000252      0.0000458

                 <J^2> - <J>^2          (hbar^2)
              n              p              t 
 J2_X        1.5687770      1.5631566      3.1319336
 J2_Y        1.5687699      1.5631514      3.1319213
 J2_Z        0.0001369      0.0001598      0.0002967
 J2_t        3.1376839      3.1264678      6.2641517

                 <J^2> - <J>^2 (coll.)  (hbar^2)
              n              p              t 
 J2_X        1.5687770      1.5631566      3.1319336
 J2_Y        1.5687699      1.5631514      3.1319213
 J2_Z        0.0001369      0.0001598      0.0002967
 J2_t        3.1376839      3.1264678      6.2641517
-------------------------- Pairing -------------------------
                          N         P 
 Fermi Level (MeV)    -12.03321284    -7.90900180
 Particles             10.00000000    10.00000000
 Dispersion             1.83537466     1.88161025
 Average gap   v^2      0.65999935     0.70155978
 Average gap   uv       1.51455583     1.56178474
------------------------------------------------------------
--------------------------------------------------------------------------------
 Skyrme Energy 
                                    Isoscalar      Isovector   |   Total
--------------------------------------------------------------------------------
  E_D_I_I_D_I_I                  -1295.178965       0.051253   -1295.127712
  E_D_I_I_D_Nm_Nm                   27.750534      -0.003019      27.747515
  E_D_I_I_Lap_D_I_I                 58.112981       0.001400      58.114381
  E_D_I_I_D_I_I_DD                 735.687549      -0.026029     735.661520
  E_C_I_NmSk_C_I_NmSk                0.000000       0.000000       0.000000
  E_D_I_I_Derm_C_I_NxmSxm          -10.769066      -0.000452     -10.769518
  E_DP_I_I_DP_I_I                                                 -4.383161
--------------------------------------------------------------------------------
                 Total Skyrme:                                  -488.756976
                    time-even:                                  -488.756976
                    time-odd :                                     0.000000
--------------------------------------------------------------------------------
--------------------------------------------------------------------------------
                                     neutron        proton         total
                Kinetic Energy:     162.490540     159.156082     321.646622
                    COM 1-body:      -8.124527      -7.957804     -16.082331
                    COM 2-body:       3.214270       3.161240       6.375511
                            ph:       3.189665       3.133158       6.322822
                            pp:       0.024606       0.028083       0.052688
                 Collective T:                                     -2.463619

                 Rotational  T:                                    -2.463619
                 Rotational  X:                                    -1.231303
                 Rotational  Y:                                    -1.231304
                 Rotational  Z:                                    -0.001011

                 Vibrational T:                                     0.000000
                 Vibrational X:                                    -0.000000
                 Vibrational Y:                                    -0.000000
                 Vibrational Z:                                    -0.000000


                Coulomb Direct:       0.000000      23.428676      23.428676
                      Exchange:       0.000000       0.000000       0.000000

               Pairing (delta):      -2.117958      -2.267590      -4.385548
               Pairing (densi):                                    -4.383161
--------------------------------------------------------------------------------
                  Total energy:                                  -155.852116
                    from spwfs:                                  -155.853163
                   E_fu - E_sp:                                 0.104709E-02
                   (no corr.) :                                  -159.764008
                      Routhian:                                  -157.258896
                         dE   :                                 0.847720E-02
                         dR   :                                 0.968905E-02
--------------------------------------------------------------------------------
--------------------------------------------------------------------------------
 Iteration =   71
 dt  =   0.0248      mu  =   0.8296 gradn=    0.000E+00 D2H =    8.537E-05
 E   =   -155.851    DE  =  0.40584E-05
 R   =   -157.257    DR  =  0.11887E-04
 R-E =     -1.406  D(R-E)=  0.79361E-05
 dmun= -1.9E-04      dmup= -1.1E-04
 RQ10=     -0.0020   dQ =-5.0E-03  L =     -0.4171   dL =-3.8E-04  dev = 2.0E-03
 RQ20=     21.2928   dQ =-8.3E-03  L =      0.0000   dL = 0.0E+00  dev = 0.0E+00
 RQ22=      0.0000   dQ =-1.8E-08  L =      0.0000   dL = 0.0E+00  dev = 0.0E+00
 RQ30=     49.9189   dQ =-1.8E-01  L =      0.0574   dL =-5.7E-05  dev = 8.1E-02
 Jz  =    0.000      dJZ =  0.0E+00
--------------------------------------------------------------------------------
 Iteration =   72
 dt  =   0.0248      mu  =   0.8296 gradn=    0.000E+00 D2H =    7.208E-05
 E   =   -155.851    DE  =  0.50014E-05
 R   =   -157.255    DR  =  0.11313E-04
 R-E =     -1.405  D(R-E)=  0.64140E-05
 dmun= -1.4E-04      dmup= -7.6E-05
 RQ10=     -0.0018   dQ =-4.5E-03  L =     -0.4175   dL =-3.4E-04  dev = 1.8E-03
 RQ20=     21.3018   dQ =-7.3E-03  L =      0.0000   dL = 0.0E+00  dev = 0.0E+00
 RQ22=      0.0000   dQ =-1.9E-08  L =      0.0000   dL = 0.0E+00  dev = 0.0E+00
 RQ30=     49.9279   dQ =-1.6E-01  L =      0.0574   dL =-5.0E-05  dev = 7.2E-02
 Jz  =    0.000      dJZ =  0.0E+00
--------------------------------------------------------------------------------
 Iteration =   73
 dt  =   0.0248      mu  =   0.8296 gradn=    0.000E+00 D2H =    6.073E-05
 E   =   -155.850    DE  =  0.35041E-05
 R   =   -157.254    DR  =  0.99547E-05
 R-E =     -1.404  D(R-E)=  0.65403E-05
 dmun= -1.2E-04      dmup= -7.1E-05
 RQ10=     -0.0017   dQ =-4.2E-03  L =     -0.4178   dL =-3.2E-04  dev = 1.7E-03
 RQ20=     21.3097   dQ =-7.0E-03  L =      0.0000   dL = 0.0E+00  dev = 0.0E+00
 RQ22=      0.0000   dQ =-1.7E-08  L =      0.0000   dL = 0.0E+00  dev = 0.0E+00
 RQ30=     49.9323   dQ =-1.5E-01  L =      0.0573   dL =-4.7E-05  dev = 6.8E-02
 Jz  =    0.000      dJZ =  0.0E+00
--------------------------------------------------------------------------------
 Iteration =   74
 dt  =   0.0248      mu  =   0.8296 gradn=    0.000E+00 D2H =    5.133E-05
 E   =   -155.849    DE  =  0.43395E-05
 R   =   -157.252    DR  =  0.94770E-05
 R-E =     -1.403  D(R-E)=  0.52228E-05
 dmun= -8.9E-05      dmup= -4.2E-05
 RQ10=     -0.0015   dQ =-3.8E-03  L =     -0.4181   dL =-2.9E-04  dev = 1.5E-03
 RQ20=     21.3171   dQ =-6.2E-03  L =      0.0000   dL = 0.0E+00  dev = 0.0E+00
 RQ22=      0.0000   dQ =-1.8E-08  L =      0.0000   dL = 0.0E+00  dev = 0.0E+00
 RQ30=     49.9400   dQ =-1.3E-01  L =      0.0573   dL =-4.1E-05  dev = 6.0E-02
 Jz  =    0.000      dJZ =  0.0E+00
--------------------------------------------------------------------------------
 Iteration =   75
 dt  =   0.0248      mu  =   0.8297 gradn=    0.000E+00 D2H =    4.311E-05
 E   =   -155.849    DE  =  0.30005E-05
 R   =   -157.251    DR  =  0.82917E-05
 R-E =     -1.402  D(R-E)=  0.53658E-05
 dmun= -7.9E-05      dmup= -4.1E-05
 RQ10=     -0.0014   dQ =-3.5E-03  L =     -0.4183   dL =-2.7E-04  dev = 1.4E-03
 RQ20=     21.3236   dQ =-5.8E-03  L =      0.0000   dL = 0.0E+00  dev = 0.0E+00
 RQ22=      0.0000   dQ =-1.7E-08  L =      0.0000   dL = 0.0E+00  dev = 0.0E+00
 RQ30=     49.9437   dQ =-1.2E-01  L =      0.0573   dL =-3.8E-05  dev = 5.6E-02
 Jz  =    0.000      dJZ =  0.0E+00
--------------------------------------------------------------------------------
 Iteration =   76
 dt  =   0.0248      mu  =   0.8297 gradn=    0.000E+00 D2H =    3.654E-05
 E   =   -155.848    DE  =  0.37029E-05
 R   =   -157.250    DR  =  0.78712E-05
 R-E =     -1.401  D(R-E)=  0.42391E-05
 dmun= -6.0E-05      dmup= -2.2E-05
 RQ10=     -0.0012   dQ =-3.1E-03  L =     -0.4186   dL =-2.4E-04  dev = 1.2E-03
 RQ20=     21.3296   dQ =-5.1E-03  L =      0.0000   dL = 0.0E+00  dev = 0.0E+00
 RQ22=      0.0000   dQ =-1.5E-08  L =      0.0000   dL = 0.0E+00  dev = 0.0E+00
 RQ30=     49.9504   dQ =-1.1E-01  L =      0.0572   dL =-3.4E-05  dev = 5.0E-02
 Jz  =    0.000      dJZ =  0.0E+00
--------------------------------------------------------------------------------
 Iteration =   77
 dt  =   0.0248      mu  =   0.8297 gradn=    0.000E+00 D2H =    3.094E-05
 E   =   -155.848    DE  =  0.25126E-05
 R   =   -157.249    DR  =  0.68276E-05
 R-E =     -1.401  D(R-E)=  0.43763E-05
 dmun= -5.4E-05      dmup= -2.8E-05
 RQ10=     -0.0011   dQ =-3.0E-03  L =     -0.4188   dL =-2.3E-04  dev = 1.1E-03
 RQ20=     21.3349   dQ =-4.8E-03  L =      0.0000   dL = 0.0E+00  dev = 0.0E+00
 RQ22=      0.0000   dQ =-1.4E-08  L =      0.0000   dL = 0.0E+00  dev = 0.0E+00
 RQ30=     49.9535   dQ =-1.0E-01  L =      0.0572   dL =-3.1E-05  dev = 4.7E-02
 Jz  =    0.000      dJZ =  0.0E+00
--------------------------------------------------------------------------------
 Iteration =   78
 dt  =   0.0248      mu  =   0.8297 gradn=    0.000E+00 D2H =    2.631E-05
 E   =   -155.848    DE  =  0.31277E-05
 R   =   -157.248    DR  =  0.64580E-05
 R-E =     -1.400  D(R-E)=  0.33883E-05
 dmun= -3.8E-05      dmup= -1.8E-05
 RQ10=     -0.0010   dQ =-2.6E-03  L =     -0.4190   dL =-2.1E-04  dev = 9.7E-04
 RQ20=     21.3399   dQ =-4.2E-03  L =      0.0000   dL = 0.0E+00  dev = 0.0E+00
 RQ22=      0.0000   dQ =-1.2E-08  L =      0.0000   dL = 0.0E+00  dev = 0.0E+00
 RQ30=     49.9592   dQ =-8.8E-02  L =      0.0572   dL =-2.7E-05  dev = 4.1E-02
 Jz  =    0.000      dJZ =  0.0E+00
--------------------------------------------------------------------------------
 Iteration =   79
 dt  =   0.0248      mu  =   0.8297 gradn=    0.000E+00 D2H =    2.235E-05
 E   =   -155.847    DE  =  0.20859E-05
 R   =   -157.247    DR  =  0.55463E-05
 R-E =     -1.399  D(R-E)=  0.35102E-05
 dmun= -3.3E-05      dmup= -3.0E-05
 RQ10=     -0.0009   dQ =-2.5E-03  L =     -0.4192   dL =-2.0E-04  dev = 9.0E-04
 RQ20=     21.3443   dQ =-3.9E-03  L =      0.0000   dL = 0.0E+00  dev = 0.0E+00
 RQ22=      0.0000   dQ =-9.8E-09  L =      0.0000   dL = 0.0E+00  dev = 0.0E+00
 RQ30=     49.9618   dQ =-8.1E-02  L =      0.0571   dL =-2.5E-05  dev = 3.8E-02
 Jz  =    0.000      dJZ =  0.0E+00
--------------------- Sp wavefunctions -------------------------------------------------------------
____________________________________________________________________________________________________
   Neutron wavefunctions
  i     P   Rz   occ       E        d2h    Delta |   JxT    JyT    Jz      J   |   SxT    SyT    Sz
----------------------------------------------------------------------------------------------------
  1  0.99  1.0  1.0000   -35.266  2.7E-06   0.00 |  -0.50   0.50   0.50   0.52 |  -0.50   0.50   0.50
  9 -0.99  1.0  1.0000   -24.217  1.3E-05   0.01 |  -0.87   0.87   0.50   1.46 |  -0.45   0.45   0.40
 10 -0.98  1.0  0.9999   -21.786  3.1E-06   0.14 |  -0.00   0.00  -1.50   1.53 |   0.00   0.00  -0.50
 11 -0.91  1.0  0.9806   -17.052  1.2E-05   1.44 |   0.31  -0.31   0.50   0.78 |  -0.06   0.06  -0.39
  2  0.88  1.0  0.7199   -12.887  5.1E-05   1.74 |  -1.15   1.15   0.50   2.22 |  -0.41   0.41   0.31
  3  0.97  1.0  0.2470   -11.073  1.3E-05   1.64 |  -0.00   0.00  -1.50   2.50 |  -0.00   0.00  -0.42
  4  0.95  1.0  0.0365    -8.822  3.8E-06   1.30 |   0.00  -0.00   2.50   2.54 |  -0.00   0.00   0.50
  5  0.80  1.0  0.0134    -7.160  3.8E-04   1.14 |  -0.62   0.62   0.50   1.65 |  -0.34   0.34   0.18
  6  0.25  1.0  0.0016    -4.705  3.5E-02   0.55 |  -0.12   0.12   0.50   2.01 |  -0.41   0.41   0.33
 12  0.37  1.0  0.0009    -3.762  3.6E-02   0.36 |   0.14  -0.14   0.50   2.29 |  -0.32   0.32   0.15
  7  0.70  1.0  0.0000    -2.256  1.0E-03   0.10 |   0.00  -0.00  -1.49   1.95 |   0.00  -0.00   0.35
 20 -0.74  1.0  0.0000    -0.897  2.9E-02   0.04 |  -1.07   1.07   0.50   2.99 |  -0.38   0.38   0.25
 13 -0.69  1.0  0.0000    -0.306  1.9E-03   0.01 |   0.00  -0.00  -1.49   2.63 |   0.00  -0.00  -0.43
 18 -0.36  1.0  0.0000     0.414  1.5E-02   0.01 |   0.02  -0.02   0.47   1.73 |  -0.01   0.01  -0.49
 17 -0.22  1.0  0.0000     0.606  1.7E-02   0.01 |   0.04  -0.04  -1.47   2.81 |   0.00  -0.00  -0.41
 14 -0.41  1.0  0.0000     1.108  2.4E-02   0.01 |   0.38  -0.38   1.23   2.71 |   0.38  -0.38   0.49
 15 -0.22  1.0  0.0000     1.392  1.9E-02   0.01 |  -0.71   0.71   0.50   2.15 |  -0.47   0.47   0.45
  8  0.50  1.0  0.0000     1.496  5.8E-03   0.00 |  -0.12   0.13   0.51   2.46 |  -0.02   0.03  -0.46
 19 -0.85  1.0  0.0000     1.940  1.7E-02   0.00 |   0.11  -0.11   1.38   2.91 |   0.15  -0.15   0.45
 16 -0.75  1.0  0.0000     3.162  3.7E-03   0.00 |   0.00  -0.00  -3.33   3.67 |  -0.00   0.00  -0.50
____________________________________________________________________________________________________
   Proton  wavefunctions
  i     P   Rz   occ       E        d2h    Delta |   JxT    JyT    Jz      J   |   SxT    SyT    Sz
----------------------------------------------------------------------------------------------------
 21  0.99  1.0  1.0000   -30.743  3.8E-06   0.00 |  -0.50   0.50   0.50   0.52 |  -0.50   0.50   0.50
 29 -0.99  1.0  1.0000   -19.886  1.6E-05   0.02 |  -0.87   0.87   0.50   1.46 |  -0.45   0.45   0.40
 30 -0.98  1.0  0.9999   -17.429  4.1E-06   0.19 |  -0.00   0.00  -1.50   1.53 |   0.00   0.00  -0.50
 31 -0.91  1.0  0.9772   -12.784  1.5E-05   1.52 |   0.30  -0.30   0.50   0.79 |  -0.06   0.06  -0.39
 22  0.86  1.0  0.7146    -8.778  5.6E-05   1.81 |  -1.13   1.13   0.50   2.21 |  -0.41   0.41   0.32
 23  0.97  1.0  0.2496    -6.916  1.6E-05   1.72 |  -0.00   0.00  -1.50   2.50 |  -0.00   0.00  -0.42
 24  0.95  1.0  0.0395    -4.685  5.8E-06   1.36 |   0.00  -0.00   2.50   2.54 |   0.00  -0.00   0.50
 25  0.61  1.0  0.0142    -3.393  5.0E-03   1.06 |  -0.63   0.63   0.50   1.98 |  -0.35   0.35   0.20
 40 -0.08  1.0  0.0024    -2.097  1.5E-02   0.47 |  -0.57   0.57   0.50   2.50 |  -0.49   0.49   0.49
 26  0.84  1.0  0.0025    -0.194  9.9E-03   0.70 |   0.62  -0.62   0.50   1.62 |  -0.23   0.23  -0.03
 27  0.67  1.0  0.0001     1.353  1.6E-03   0.14 |  -0.00   0.00  -1.40   1.98 |   0.04  -0.04   0.34
 37 -0.37  1.0  0.0000     1.999  7.3E-03   0.04 |   0.05  -0.05  -1.47   2.25 |   0.00  -0.00  -0.48
 28  0.25  1.0  0.0000     2.250  1.2E-02   0.06 |   0.04  -0.04   0.47   1.95 |  -0.02   0.02  -0.47
 39 -0.79  1.0  0.0000     2.583  1.1E-02   0.02 |   0.45  -0.45   0.52   2.26 |   0.47  -0.47   0.49
 38 -0.29  1.0  0.0000     2.647  1.4E-01   0.02 |  -0.13   0.14   0.51   2.44 |  -0.06   0.07  -0.37
 32 -0.37  1.0  0.0000     2.958  1.9E-01   0.04 |  -0.62   0.62   0.50   2.53 |  -0.36   0.36   0.22
 33  0.09  1.0  0.0000     2.985  2.2E-01   0.02 |   0.31  -0.31  -1.17   3.16 |   0.08  -0.09  -0.27
 34  0.60  1.0  0.0000     3.184  2.4E-01   0.02 |   0.21  -0.21   0.42   2.39 |   0.34  -0.34   0.38
 35 -0.35  1.0  0.0000     3.585  8.8E-02   0.03 |  -1.02   1.02   0.50   2.49 |  -0.44   0.44   0.38
 36 -0.49  1.0  0.0000     5.750  4.6E-03   0.00 |   0.00  -0.00  -2.94   3.94 |  -0.00   0.00  -0.50
----------------------------------------------------------------------------------------------------
--------------------- Canonical basis  -------------------------------------------------------------
____________________________________________________________________________________________________
   Neutron wavefunctions
  i     P   Rz   occ       E        d2h    Delta |   JxT    JyT    Jz      J   |   SxT    SyT    Sz
----------------------------------------------------------------------------------------------------
 20  0.99  1.0  2.0000   -35.266  0.0E+00   0.00 |  -0.50   0.50   0.50   0.52 |  -0.50   0.50   0.50
 19 -0.99  1.0  2.0000   -24.217  0.0E+00   0.01 |  -0.87   0.87   0.50   1.46 |  -0.45   0.45   0.40
 18 -0.98  1.0  1.9999   -21.786  0.0E+00   0.14 |  -0.00   0.00  -1.50   1.53 |   0.00   0.00  -0.50
 17 -0.92  1.0  1.9613   -17.052  0.0E+00   1.44 |   0.32  -0.32   0.50   0.77 |  -0.06   0.06  -0.39
 16  0.89  1.0  1.4399   -12.887  0.0E+00   1.74 |  -1.16   1.16   0.50   2.22 |  -0.41   0.41   0.31
 15  0.97  1.0  0.4940   -11.073  0.0E+00   1.64 |  -0.00   0.00  -1.50   2.50 |  -0.00   0.00  -0.42
 14  0.95  1.0  0.0730    -8.822  0.0E+00   1.30 |   0.00  -0.00   2.50   2.54 |  -0.00   0.00   0.50
 13  0.82  1.0  0.0277    -7.037  0.0E+00   1.20 |  -0.39   0.39   0.50   1.67 |  -0.26   0.26   0.02
 12  0.80  1.0  0.0036    -4.455  0.0E+00   0.64 |   0.29  -0.29   0.50   1.37 |  -0.37   0.37   0.23
 11 -0.27  1.0  0.0004    -4.004  0.0E+00   0.23 |  -0.68   0.68   0.50   2.70 |  -0.43   0.43   0.36
 10  0.67  1.0  0.0001    -2.255  0.0E+00   0.10 |  -0.00   0.00  -1.50   1.99 |   0.00  -0.00   0.34
  9 -0.69  1.0  0.0000    -1.034  0.0E+00   0.01 |  -0.94   0.94   0.50   3.04 |  -0.39   0.39   0.29
  8 -0.67  1.0  0.0000    -0.147  0.0E+00   0.01 |   0.04  -0.04  -1.50   3.04 |   0.00  -0.00  -0.35
  6 -0.21  1.0  0.0000     0.448  0.0E+00   0.00 |  -0.00  -0.03  -1.46   2.33 |   0.02   0.02  -0.48
  4 -0.51  1.0  0.0000     0.830  0.0E+00   0.00 |  -0.71   0.70   0.45   2.10 |  -0.17   0.16  -0.17
  5 -0.38  1.0  0.0000     1.103  0.0E+00   0.00 |   0.02   0.03   0.49   1.83 |  -0.34   0.31   0.15
  2  0.82  1.0  0.0000     1.375  0.0E+00   0.00 |  -0.05   0.06   0.51   2.43 |  -0.01   0.02  -0.48
  1 -0.82  1.0  0.0000     1.495  0.0E+00   0.00 |   0.46  -0.46   0.36   2.29 |   0.46  -0.46   0.49
  7 -0.45  1.0  0.0000     1.550  0.0E+00   0.00 |   0.02  -0.02   2.24   3.26 |   0.08  -0.08   0.45
  3 -0.75  1.0  0.0000     3.160  0.0E+00   0.00 |   0.00  -0.00  -3.31   3.66 |  -0.00   0.00  -0.50
____________________________________________________________________________________________________
   Proton  wavefunctions
  i     P   Rz   occ       E        d2h    Delta |   JxT    JyT    Jz      J   |   SxT    SyT    Sz
----------------------------------------------------------------------------------------------------
 40  0.99  1.0  2.0000   -30.743  0.0E+00   0.00 |  -0.50   0.50   0.50   0.52 |  -0.50   0.50   0.50
 39 -0.99  1.0  2.0000   -19.886  0.0E+00   0.02 |  -0.87   0.87   0.50   1.47 |  -0.45   0.45   0.40
 38 -0.98  1.0  1.9998   -17.429  0.0E+00   0.19 |  -0.00   0.00  -1.50   1.53 |   0.00   0.00  -0.50
 37 -0.92  1.0  1.9545   -12.784  0.0E+00   1.52 |   0.31  -0.31   0.50   0.78 |  -0.06   0.06  -0.39
 36  0.88  1.0  1.4297    -8.776  0.0E+00   1.82 |  -1.14   1.14   0.50   2.22 |  -0.41   0.41   0.32
 35  0.97  1.0  0.4993    -6.916  0.0E+00   1.72 |  -0.00   0.00  -1.50   2.50 |  -0.00   0.00  -0.42
 34  0.95  1.0  0.0790    -4.685  0.0E+00   1.36 |  -0.00   0.00   2.50   2.54 |  -0.00   0.00   0.50
 33  0.84  1.0  0.0321    -3.068  0.0E+00   1.25 |  -0.37   0.37   0.50   1.65 |  -0.25   0.25   0.00
 31 -0.27  1.0  0.0017    -1.814  0.0E+00   0.36 |  -0.60   0.60   0.50   2.86 |  -0.47   0.47   0.43
 32  0.81  1.0  0.0037    -0.715  0.0E+00   0.63 |   0.32  -0.32   0.50   1.37 |  -0.36   0.36   0.21
 30  0.67  1.0  0.0001     1.404  0.0E+00   0.15 |  -0.02   0.02  -1.48   2.01 |   0.00  -0.00   0.35
 27  0.17  1.0  0.0000     2.306  0.0E+00   0.00 |  -0.03   0.03  -1.44   2.45 |   0.00   0.00  -0.47
 29 -0.73  1.0  0.0000     2.391  0.0E+00   0.03 |  -0.98   0.99   0.50   2.95 |  -0.37   0.38   0.25
 26 -0.66  1.0  0.0000     2.573  0.0E+00   0.00 |   0.26  -0.26   0.50   1.78 |  -0.06   0.06  -0.38
 24  0.70  1.0  0.0000     2.788  0.0E+00   0.00 |   0.51  -0.51   0.85   2.46 |   0.44  -0.44   0.49
 21 -0.86  1.0  0.0000     2.801  0.0E+00   0.00 |   0.47  -0.47   0.44   2.17 |   0.50  -0.50   0.50
 28 -0.50  1.0  0.0000     2.804  0.0E+00   0.02 |   0.09  -0.10  -1.47   2.98 |   0.00  -0.01  -0.41
 23  0.66  1.0  0.0000     3.027  0.0E+00   0.00 |  -0.18   0.19   0.51   2.34 |  -0.07   0.08  -0.35
 25 -0.06  1.0  0.0000     3.361  0.0E+00   0.00 |  -0.75   0.75   0.49   2.29 |  -0.37   0.37   0.24
 22 -0.49  1.0  0.0000     5.748  0.0E+00   0.00 |   0.00  -0.00  -2.96   3.94 |  -0.00   0.00  -0.50
----------------------------------------------------------------------------------------------------
---------------------------------Quasiparticles---------------------------------
Block 1:  P=+1  neutrons
  N      Eqp       f_n      |   U   V  |   B  P  ov_TR |    JxT    JyT    Jz
________________________________________________________________________________
  1    -23.23      0.00E+00 |    1   0 |   -  -  0.000 |    0.00   0.00   0.50
  2    -15.20      0.00E+00 |    0  16 |   -  -  0.000 |    0.00   0.00   3.33
  3    -13.97      0.00E+00 |    0  19 |   -  -  0.000 |    0.00   0.00  -1.38
  4    -13.53      0.00E+00 |    0   8 |   -  -  0.000 |    0.00   0.00  -0.51
  5    -13.43      0.00E+00 |    0  15 |   -  -  0.000 |    0.00   0.00  -0.50
  6    -13.14      0.00E+00 |    0  14 |   -  -  0.000 |    0.00   0.00  -1.23
  7    -12.64      0.00E+00 |    0  17 |   -  -  0.000 |    0.00   0.00   1.47
  8    -12.45      0.00E+00 |    0  18 |   -  -  0.000 |    0.00   0.00  -0.47
  9    -12.18      0.00E+00 |    9   0 |   -  -  0.000 |    0.00   0.00   0.50
 10    -11.73      0.00E+00 |    0  13 |   -  -  0.000 |    0.00   0.00   1.49
 11    -11.14      0.00E+00 |    0  20 |   -  -  0.000 |    0.00   0.00  -0.50
 12     -9.78      0.00E+00 |   10   7 |   -  -  0.000 |    0.00   0.00   1.34
 13     -9.75      0.00E+00 |   10   7 |   -  -  0.000 |    0.00   0.00  -1.35
 14     -8.29      0.00E+00 |    0  12 |   -  -  0.000 |    0.00   0.00  -0.50
 15     -7.35      0.00E+00 |    0   6 |   -  -  0.000 |    0.00   0.00  -0.50
 16     -5.22      0.00E+00 |   11  11 |   -  -  0.000 |    0.00   0.00   0.47
 17     -5.01      0.00E+00 |   11   5 |   -  -  0.000 |    0.00   0.00  -0.47
 18     -3.46      0.00E+00 |    4   4 |   -  -  0.000 |    0.00   0.00  -2.32
 19     -1.93      0.00E+00 |    2   2 |   -  -  0.000 |    0.00   0.00   0.22
 20     -1.90      0.00E+00 |    3   3 |   -  -  0.000 |    0.00   0.00   0.76
 21      1.90      1.00E+00 |    3   3 |   -  -  0.000 |    0.00   0.00  -0.76
 22      1.93      1.00E+00 |    2   2 |   -  -  0.000 |    0.00   0.00  -0.22
 23      3.46      1.00E+00 |    4   4 |   -  -  0.000 |    0.00   0.00   2.32
 24      5.01      1.00E+00 |    5  11 |   -  -  0.000 |    0.00   0.00   0.47
 25      5.22      1.00E+00 |   11  11 |   -  -  0.000 |    0.00   0.00  -0.47
 26      7.35      1.00E+00 |    6   0 |   -  -  0.000 |    0.00   0.00   0.50
 27      8.29      1.00E+00 |   12   0 |   -  -  0.000 |    0.00   0.00   0.50
 28      9.75      1.00E+00 |    7  10 |   -  -  0.000 |    0.00   0.00   1.35
 29      9.78      1.00E+00 |    7  10 |   -  -  0.000 |    0.00   0.00  -1.34
 30     11.14      1.00E+00 |   20   0 |   -  -  0.000 |    0.00   0.00   0.50
 31     11.73      1.00E+00 |   13   0 |   -  -  0.000 |    0.00   0.00  -1.49
 32     12.18      1.00E+00 |    0   9 |   -  -  0.000 |    0.00   0.00  -0.50
 33     12.45      1.00E+00 |   18   0 |   -  -  0.000 |    0.00   0.00   0.47
 34     12.64      1.00E+00 |   17   0 |   -  -  0.000 |    0.00   0.00  -1.47
 35     13.14      1.00E+00 |   14   0 |   -  -  0.000 |    0.00   0.00   1.23
 36     13.43      1.00E+00 |   15   0 |   -  -  0.000 |    0.00   0.00   0.50
 37     13.53      1.00E+00 |    8   0 |   -  -  0.000 |    0.00   0.00   0.51
 38     13.97      1.00E+00 |   19   0 |   -  -  0.000 |    0.00   0.00   1.38
 39     15.20      1.00E+00 |   16   0 |   -  -  0.000 |    0.00   0.00  -3.33
 40     23.23      1.00E+00 |    0   1 |   -  -  0.000 |    0.00   0.00  -0.50

Block 5:  P=+1   protons
  N      Eqp       f_n      |   U   V  |   B  P  ov_TR |    JxT    JyT    Jz
________________________________________________________________________________
  1    -22.83      0.00E+00 |   21   0 |   -  -  0.000 |    0.00   0.00   0.50
  2    -13.66      0.00E+00 |    0  36 |   -  -  0.000 |    0.00   0.00   2.94
  3    -11.98      0.00E+00 |   29   0 |   -  -  0.000 |    0.00   0.00   0.50
  4    -11.49      0.00E+00 |    0  35 |   -  -  0.000 |    0.00   0.00  -0.50
  5    -11.09      0.00E+00 |    0  34 |   -  -  0.000 |    0.00   0.00  -0.42
  6    -10.89      0.00E+00 |    0  33 |   -  -  0.000 |    0.00   0.00   1.17
  7    -10.87      0.00E+00 |    0  32 |   -  -  0.000 |    0.00   0.00  -0.50
  8    -10.56      0.00E+00 |    0  38 |   -  -  0.000 |    0.00   0.00  -0.51
  9    -10.49      0.00E+00 |    0  39 |   -  -  0.000 |    0.00   0.00  -0.52
 10    -10.16      0.00E+00 |    0  28 |   -  -  0.000 |    0.00   0.00  -0.47
 11     -9.91      0.00E+00 |    0  37 |   -  -  0.000 |    0.00   0.00   1.47
 12     -9.52      0.00E+00 |   30   0 |   -  -  0.000 |    0.00   0.00  -1.50
 13     -9.26      0.00E+00 |    0  27 |   -  -  0.000 |    0.00   0.00   1.40
 14     -7.76      0.00E+00 |    0  26 |   -  -  0.000 |    0.00   0.00  -0.50
 15     -5.85      0.00E+00 |    0  40 |   -  -  0.000 |    0.00   0.00  -0.49
 16     -5.10      0.00E+00 |   31  31 |   -  -  0.000 |    0.00   0.00   0.47
 17     -4.66      0.00E+00 |   25  25 |   -  -  0.000 |    0.00   0.00  -0.48
 18     -3.50      0.00E+00 |   24  24 |   -  -  0.000 |    0.00   0.00  -2.30
 19     -2.00      0.00E+00 |   22  22 |   -  -  0.000 |    0.00   0.00   0.21
 20     -1.98      0.00E+00 |   23  23 |   -  -  0.000 |    0.00   0.00   0.75
 21      1.98      1.00E+00 |   23  23 |   -  -  0.000 |    0.00   0.00  -0.75
 22      2.00      1.00E+00 |   22  22 |   -  -  0.000 |    0.00   0.00  -0.21
 23      3.50      1.00E+00 |   24  24 |   -  -  0.000 |    0.00   0.00   2.30
 24      4.66      1.00E+00 |   25  25 |   -  -  0.000 |    0.00   0.00   0.48
 25      5.10      1.00E+00 |   31  31 |   -  -  0.000 |    0.00   0.00  -0.47
 26      5.85      1.00E+00 |   40   0 |   -  -  0.000 |    0.00   0.00   0.49
 27      7.76      1.00E+00 |   26   0 |   -  -  0.000 |    0.00   0.00   0.50
 28      9.26      1.00E+00 |   27   0 |   -  -  0.000 |    0.00   0.00  -1.40
 29      9.52      1.00E+00 |    0  30 |   -  -  0.000 |    0.00   0.00   1.50
 30      9.91      1.00E+00 |   37   0 |   -  -  0.000 |    0.00   0.00  -1.47
 31     10.16      1.00E+00 |   28   0 |   -  -  0.000 |    0.00   0.00   0.47
 32     10.49      1.00E+00 |   39   0 |   -  -  0.000 |    0.00   0.00   0.52
 33     10.56      1.00E+00 |   38   0 |   -  -  0.000 |    0.00   0.00   0.51
 34     10.87      1.00E+00 |   32   0 |   -  -  0.000 |    0.00   0.00   0.50
 35     10.89      1.00E+00 |   33   0 |   -  -  0.000 |    0.00   0.00  -1.17
 36     11.09      1.00E+00 |   34   0 |   -  -  0.000 |    0.00   0.00   0.42
 37     11.49      1.00E+00 |   35   0 |   -  -  0.000 |    0.00   0.00   0.50
 38     11.98      1.00E+00 |    0  29 |   -  -  0.000 |    0.00   0.00  -0.50
 39     13.66      1.00E+00 |   36   0 |   -  -  0.000 |    0.00   0.00  -2.94
 40     22.83      1.00E+00 |    0  21 |   -  -  0.000 |    0.00   0.00  -0.50

--------------------------------------------------------------------------------
---------------- Electric Multipole Moments -----------------
Quantisation Axis             : Z
  With secondary axis ordering: X,Y
______________________________________________________________
                     Neutrons        Protons         Total
______________________________________________________________
 Particles           10.0000         10.0000         20.0000

Re  Q_{ 1 0}         -0.0231          0.0224         -0.0008
Constrained                                           0.0000
Re De_{ 1 0}                                   0.7688155E-03
Re La_{ 1 0}                                         -0.4194

Re  Q_{ 2 0}         10.4038         10.9447         21.3485
Re  Q_{ 2 2}          0.0000          0.0000          0.0000

Re  Q_{ 3 0}         23.1514         26.8152         49.9666
Constrained                                          50.0000
Re De_{ 3 0}                                   0.3335995E-01
Re La_{ 3 0}                                          0.0571
Re  Q_{ 3 2}         -0.0000         -0.0000         -0.0000

Re  Q_{ 4 0}         84.0214        102.1408        186.1622
Re  Q_{ 4 2}         -0.0000         -0.0002         -0.0002
Re  Q_{ 4 4}          0.0168          0.0193          0.0361

Re  Q_{ 5 0}        353.7303        468.7484        822.4787
Re  Q_{ 5 2}         -0.0001         -0.0001         -0.0002
Re  Q_{ 5 4}         -0.1144         -0.1977         -0.3121

Re  Q_{ 6 0}       1464.1255       2195.5509       3659.6763
Re  Q_{ 6 2}         -0.0019         -0.0077         -0.0096
Re  Q_{ 6 4}          1.0313          1.8352          2.8666
Re  Q_{ 6 6}          0.0001          0.0001          0.0002

Re  Q_{ 7 0}       6353.3613       9965.3243      16318.6856
Re  Q_{ 7 2}         -0.0108         -0.0393         -0.0501
Re  Q_{ 7 4}         -2.8840         -6.1077         -8.9918
Re  Q_{ 7 6}          0.0007          0.0074          0.0081

Re  Q_{ 8 0}      33477.4947      57743.0881      91220.5828
Re  Q_{ 8 2}          0.0523          0.4849          0.5372
Re  Q_{ 8 4}         -0.3299         -8.9636         -9.2935
Re  Q_{ 8 6}          0.0355          0.1348          0.1703
Re  Q_{ 8 8}        -18.5463        -17.0145        -35.5609

Re  Q_{ 9 0}     150744.2304     265745.3073     416489.5378
Re  Q_{ 9 2}         -0.4262         -1.7905         -2.2167
Re  Q_{ 9 4}        426.9002       1109.9646       1536.8648
Re  Q_{ 9 6}         -0.0831         -0.6913         -0.7744
Re  Q_{ 9 8}        181.8848        234.3157        416.2004

Re  Q_{10 0}     815254.1977    1528700.5428    2343954.7405
Re  Q_{10 2}         -1.2239          2.9230          1.6990
Re  Q_{10 4}       -261.4105       2767.2992       2505.8887
Re  Q_{10 6}          0.9254         -5.2630         -4.3376
Re  Q_{10 8}      -2039.3635       4073.9554       2034.5919
Re  Q_{1010}         -0.3302          0.7451          0.4149

 RMS radius           2.8795          2.9841          2.9323
______________________________________________________________
                     Neutrons        Protons         Total
______________________________________________________________


Beta_{ 2 0}       0.20536836      0.21604628      0.42141464
Beta_{ 2 2}       0.00000008      0.00000008      0.00000016

Beta_{ 3 0}       0.14030158      0.16250481      0.30280638
Beta_{ 3 2}      -0.00000002     -0.00000011     -0.00000013

Beta_{ 4 0}       0.15632076      0.19003177      0.34635252
Beta_{ 4 2}      -0.00000002     -0.00000029     -0.00000032
Beta_{ 4 4}       0.00003127      0.00003594      0.00006721

Beta_{ 5 0}       0.20204186      0.26773728      0.46977913
Beta_{ 5 2}      -0.00000005     -0.00000006     -0.00000010
Beta_{ 5 4}      -0.00006534     -0.00011291     -0.00017825

Beta_{ 6 0}       0.25673758      0.38499461      0.64173219
Beta_{ 6 2}      -0.00000033     -0.00000136     -0.00000169
Beta_{ 6 4}       0.00018084      0.00032181      0.00050266
Beta_{ 6 6}       0.00000002      0.00000002      0.00000004

Beta_{ 7 0}       0.34202416      0.53646905      0.87849321
Beta_{ 7 2}      -0.00000058     -0.00000212     -0.00000270
Beta_{ 7 4}      -0.00015526     -0.00032880     -0.00048406
Beta_{ 7 6}       0.00000004      0.00000040      0.00000044

Beta_{ 8 0}       0.55328421      0.95432287      1.50760707
Beta_{ 8 2}       0.00000086      0.00000801      0.00000888
Beta_{ 8 4}      -0.00000545     -0.00014814     -0.00015359
Beta_{ 8 6}       0.00000059      0.00000223      0.00000281
Beta_{ 8 8}      -0.00030652     -0.00028120     -0.00058772

Beta_{ 9 0}       0.76485324      1.34835117      2.11320441
Beta_{ 9 2}      -0.00000216     -0.00000908     -0.00001125
Beta_{ 9 4}       0.00216603      0.00563179      0.00779782
Beta_{ 9 6}      -0.00000042     -0.00000351     -0.00000393
Beta_{ 9 8}       0.00092286      0.00118888      0.00211174

Beta_{10 0}       1.26990883      2.38123315      3.65114199
Beta_{10 2}      -0.00000191      0.00000455      0.00000265
Beta_{10 4}      -0.00040720      0.00431058      0.00390338
Beta_{10 6}       0.00000144     -0.00000820     -0.00000676
Beta_{10 8}      -0.00317668      0.00634594      0.00316925
Beta_{1010}      -0.00000051      0.00000116      0.00000065

______________________________________________________________
                     Neutrons        Protons         Total
______________________________________________________________
Q_{ 1}                0.0231          0.0224          0.0008
Q_{ 2}               10.4038         10.9447         21.3485
Q_{ 3}               23.1514         26.8152         49.9666
Q_{ 4}               84.0214        102.1408        186.1622
Q_{ 5}              353.7304        468.7485        822.4788
Q_{ 6}             1464.1262       2195.5524       3659.6786
Q_{ 7}             6353.3626       9965.3281      16318.6906
Q_{ 8}            33477.5050      57743.0945      91220.5976
Q_{ 9}           150745.6588     265750.1500     416495.6248
Q_{10}           815259.3829    1528716.4092    2343959.1855
______________________________________________________________
                     Neutrons        Protons         Total
______________________________________________________________
Beta_{   1}       0.00148664      0.00143720      0.00004943
Beta_{   2}       0.20536836      0.21604628      0.42141464
Beta_{   3}       0.14030158      0.16250481      0.30280638
Beta_{   4}       0.15632077      0.19003177      0.34635254
Beta_{   5}       0.20204188      0.26773733      0.46977920
Beta_{   6}       0.25673771      0.38499488      0.64173258
Beta_{   7}       0.34202423      0.53646925      0.87849348
Beta_{   8}       0.55328438      0.95432297      1.50760732
Beta_{   9}       0.76486049      1.34837574      2.11323530
Beta_{  10}       1.26991691      2.38125787      3.65114891
______________________________________________________________
 Cart. Moments X              Y              Z
 Cart. N      -16.4934025    -16.4934336     32.9868361
 Cart. P      -17.3509618    -17.3509920     34.7019538
 Cart. T      -33.8443643    -33.8444257     67.6887899
 (Q, gamma)    Q              Gamma
 (Q,g) N       32.9868361      0.0000313
 (Q,g) P       34.7019538      0.0000288
 (Q,g) T       67.6887899      0.0000300
 (iq1, iq2)    iq1            iq2
 iq    N       32.9868257      0.0000208
 iq    P       34.7019438      0.0000201
 iq    T       67.6887695      0.0000409
               X^2            Y^2            Z^2
 X^2_i N       22.1414970     22.1414866     38.6349098
 X^2_i P       22.6137550     22.6137450     39.9647269
 X^2_i T       44.7552520     44.7552315     78.5996367
------------------------------------------------------------
------------------------- Angular Momentum (hbar) --------------------------

               Spwfs(*)    Desired     Omega       E (MeV)      Densit. 
  __________________________________________________________________________
   J_x   |     0.00000     0.00000     0.00000     0.00000     0.00000
   J_y   |     0.00000     0.00000     0.00000     0.00000     0.00000
   J_z   |     0.00000     0.00000     0.00000     0.00000     0.00000
  __________________________________________________________________________
   Size  |     0.00000     0.00000     0.00000                 0.00000
  --------------------------------------------------------------------------
---------------------Rotational properties--------------------
                Rigid rotor          (hbar^2/MeV)
              n              p              t 
 I_R X       1.4655143      1.5089681      2.9744823
 I_R Y       1.4655145      1.5089683      2.9744828
 I_R Z       1.0678051      1.0905804      2.1583854

                Belyaev                 (hbar^2/MeV) 
              n              p              t 
 I_B X       0.6056586      0.5833217      1.1889803
 I_B Y       0.6056568      0.5833205      1.1889773
 I_B Z       0.0000200      0.0000261      0.0000461

                Belyaev (collective)    (hbar^2/MeV) 
              n              p              t 
 I_B X       0.6056586      0.5833217      1.1889803
 I_B Y       0.6056568      0.5833205      1.1889773
 I_B Z       0.0000200      0.0000261      0.0000461

                 <J^2> - <J>^2          (hbar^2)
              n              p              t 
 J2_X        1.5723528      1.5688448      3.1411976
 J2_Y        1.5723484      1.5688417      3.1411902
 J2_Z        0.0001334      0.0001646      0.0002980
 J2_t        3.1448346      3.1378511      6.2826857

                 <J^2> - <J>^2 (coll.)  (hbar^2)
              n              p              t 
 J2_X        1.5723528      1.5688448      3.1411976
 J2_Y        1.5723484      1.5688417      3.1411902
 J2_Z        0.0001334      0.0001646      0.0002980
 J2_t        3.1448346      3.1378511      6.2826857
-------------------------- Pairing -------------------------
                          N         P 
 Fermi Level (MeV)    -12.03403150    -7.90946633
 Particles             10.00000000    10.00000000
 Dispersion             1.82826236     1.87538819
 Average gap   v^2      0.65768587     0.69987838
 Average gap   uv       1.50900446     1.55776913
------------------------------------------------------------
--------------------------------------------------------------------------------
 Skyrme Energy 
                                    Isoscalar      Isovector   |   Total
--------------------------------------------------------------------------------
  E_D_I_I_D_I_I                  -1295.176815       0.051242   -1295.125573
  E_D_I_I_D_Nm_Nm                   27.746635      -0.003018      27.743617
  E_D_I_I_Lap_D_I_I                 58.122106       0.001400      58.123506
  E_D_I_I_D_I_I_DD                 735.684553      -0.026030     735.658523
  E_C_I_NmSk_C_I_NmSk                0.000000       0.000000       0.000000
  E_D_I_I_Derm_C_I_NxmSxm          -10.763259      -0.000447     -10.763706
  E_DP_I_I_DP_I_I                                                 -4.357272
--------------------------------------------------------------------------------
                 Total Skyrme:                                  -488.720906
                    time-even:                                  -488.720906
                    time-odd :                                     0.000000
--------------------------------------------------------------------------------
--------------------------------------------------------------------------------
                                     neutron        proton         total
                Kinetic Energy:     162.471349     159.143678     321.615027
                    COM 1-body:      -8.123567      -7.957184     -16.080751
                    COM 2-body:       3.213376       3.160475       6.373851
                            ph:       3.188698       3.132434       6.321132
                            pp:       0.024679       0.028041       0.052720
                 Collective T:                                     -2.458006

                 Rotational  T:                                    -2.458006
                 Rotational  X:                                    -1.228495
                 Rotational  Y:                                    -1.228496
                 Rotational  Z:                                    -0.001015

                 Vibrational T:                                     0.000000
                 Vibrational X:                                    -0.000000
                 Vibrational Y:                                    -0.000000
                 Vibrational Z:                                    -0.000000


                Coulomb Direct:       0.000000      23.427915      23.427915
                      Exchange:       0.000000       0.000000       0.000000

               Pairing (delta):      -2.102585      -2.255609      -4.358194
               Pairing (densi):                                    -4.357272
--------------------------------------------------------------------------------
                  Total energy:                                  -155.842870
                    from spwfs:                                  -155.843103
                   E_fu - E_sp:                                 0.232564E-03
                   (no corr.) :                                  -159.758715
                      Routhian:                                  -157.241913
                         dE   :                                 0.436306E-02
                         dR   :                                 0.477649E-02
--------------------------------------------------------------------------------
--------------------------------------------------------------------------------
 Iteration =   81
 dt  =   0.0248      mu  =   0.8298 gradn=    0.000E+00 D2H =    1.645E-05
 E   =   -155.843    DE  =  0.17213E-05
 R   =   -157.241    DR  =  0.44604E-05
 R-E =     -1.399  D(R-E)=  0.27791E-05
 dmun= -1.8E-05      dmup= -3.7E-05
 RQ10=     -0.0007   dQ =-2.1E-03  L =     -0.4196   dL =-1.7E-04  dev = 7.1E-04
 RQ20=     21.3521   dQ =-3.2E-03  L =      0.0000   dL = 0.0E+00  dev = 0.0E+00
 RQ22=      0.0000   dQ =-6.3E-09  L =      0.0000   dL = 0.0E+00  dev = 0.0E+00
 RQ30=     49.9687   dQ =-6.5E-02  L =      0.0571   dL =-2.0E-05  dev = 3.1E-02
 Jz  =    0.000      dJZ =  0.0E+00
--------------------------------------------------------------------------------
 Iteration =   82
 dt  =   0.0248      mu  =   0.8298 gradn=    0.000E+00 D2H =    1.426E-05
 E   =   -155.842    DE  =  0.22131E-05
 R   =   -157.241    DR  =  0.42235E-05
 R-E =     -1.398  D(R-E)=  0.20483E-05
 dmun= -8.4E-06      dmup= -3.1E-05
 RQ10=     -0.0006   dQ =-1.8E-03  L =     -0.4197   dL =-1.5E-04  dev = 6.0E-04
 RQ20=     21.3556   dQ =-2.7E-03  L =      0.0000   dL = 0.0E+00  dev = 0.0E+00
 RQ22=      0.0000   dQ =-4.7E-09  L =      0.0000   dL = 0.0E+00  dev = 0.0E+00
 RQ30=     49.9728   dQ =-5.6E-02  L =      0.0571   dL =-1.7E-05  dev = 2.7E-02
 Jz  =    0.000      dJZ =  0.0E+00
--------------------------------------------------------------------------------
 Iteration =   83
 dt  =   0.0248      mu  =   0.8298 gradn=    0.000E+00 D2H =    1.241E-05
 E   =   -155.842    DE  =  0.14376E-05
 R   =   -157.240    DR  =  0.35875E-05
 R-E =     -1.398  D(R-E)=  0.21821E-05
 dmun= -8.6E-06      dmup= -3.7E-05
 RQ10=     -0.0006   dQ =-1.7E-03  L =     -0.4199   dL =-1.4E-04  dev = 5.6E-04
 RQ20=     21.3586   dQ =-2.5E-03  L =      0.0000   dL = 0.0E+00  dev = 0.0E+00
 RQ22=      0.0000   dQ =-7.7E-09  L =      0.0000   dL = 0.0E+00  dev = 0.0E+00
 RQ30=     49.9745   dQ =-5.2E-02  L =      0.0571   dL =-1.5E-05  dev = 2.5E-02
 Jz  =    0.000      dJZ =  0.0E+00
--------------------------------------------------------------------------------
 Iteration =   84
 dt  =   0.0248      mu  =   0.8298 gradn=    0.000E+00 D2H =    1.089E-05
 E   =   -155.842    DE  =  0.18960E-05
 R   =   -157.239    DR  =  0.34295E-05
 R-E =     -1.398  D(R-E)=  0.15643E-05
 dmun= -2.3E-06      dmup= -2.7E-05
 RQ10=     -0.0005   dQ =-1.5E-03  L =     -0.4200   dL =-1.3E-04  dev = 4.6E-04
 RQ20=     21.3615   dQ =-2.1E-03  L =      0.0000   dL = 0.0E+00  dev = 0.0E+00
 RQ22=      0.0000   dQ =-6.4E-09  L =      0.0000   dL = 0.0E+00  dev = 0.0E+00
 RQ30=     49.9779   dQ =-4.5E-02  L =      0.0571   dL =-1.3E-05  dev = 2.2E-02
 Jz  =    0.000      dJZ =  0.0E+00
--------------------------------------------------------------------------------
 Iteration =   85
 dt  =   0.0248      mu  =   0.8298 gradn=    0.000E+00 D2H =    9.592E-06
 E   =   -155.842    DE  =  0.12328E-05
 R   =   -157.239    DR  =  0.29146E-05
 R-E =     -1.397  D(R-E)=  0.17079E-05
 dmun= -3.4E-06      dmup= -2.9E-05
 RQ10=     -0.0004   dQ =-1.4E-03  L =     -0.4201   dL =-1.2E-04  dev = 4.3E-04
 RQ20=     21.3640   dQ =-2.0E-03  L =      0.0000   dL = 0.0E+00  dev = 0.0E+00
 RQ22=      0.0000   dQ =-5.7E-09  L =      0.0000   dL = 0.0E+00  dev = 0.0E+00
 RQ30=     49.9792   dQ =-4.1E-02  L =      0.0570   dL =-1.2E-05  dev = 2.1E-02
 Jz  =    0.000      dJZ =  0.0E+00
--------------------------------------------------------------------------------
 Iteration =   86
 dt  =   0.0248      mu  =   0.8298 gradn=    0.000E+00 D2H =    8.493E-06
 E   =   -155.841    DE  =  0.16491E-05
 R   =   -157.239    DR  =  0.28144E-05
 R-E =     -1.397  D(R-E)=  0.11905E-05
 dmun=  2.1E-06      dmup= -1.9E-05
 RQ10=     -0.0004   dQ =-1.2E-03  L =     -0.4202   dL =-1.1E-04  dev = 3.6E-04
 RQ20=     21.3664   dQ =-1.7E-03  L =      0.0000   dL = 0.0E+00  dev = 0.0E+00
 RQ22=      0.0000   dQ =-5.0E-09  L =      0.0000   dL = 0.0E+00  dev = 0.0E+00
 RQ30=     49.9820   dQ =-3.5E-02  L =      0.0570   dL =-1.0E-05  dev = 1.8E-02
 Jz  =    0.000      dJZ =  0.0E+00
--------------------------------------------------------------------------------
 Iteration =   87
 dt  =   0.0248      mu  =   0.8299 gradn=    0.000E+00 D2H =    7.570E-06
 E   =   -155.841    DE  =  0.10745E-05
 R   =   -157.238    DR  =  0.23934E-05
 R-E =     -1.397  D(R-E)=  0.13404E-05
 dmun=  2.0E-06      dmup= -2.1E-05
 RQ10=     -0.0003   dQ =-1.2E-03  L =     -0.4203   dL =-1.0E-04  dev = 3.4E-04
 RQ20=     21.3685   dQ =-1.6E-03  L =      0.0000   dL = 0.0E+00  dev = 0.0E+00
 RQ22=      0.0000   dQ =-4.5E-09  L =      0.0000   dL = 0.0E+00  dev = 0.0E+00
 RQ30=     49.9830   dQ =-3.3E-02  L =      0.0570   dL =-9.3E-06  dev = 1.7E-02
 Jz  =    0.000      dJZ =  0.0E+00
--------------------------------------------------------------------------------
 Iteration =   88
 dt  =   0.0248      mu  =   0.8299 gradn=    0.000E+00 D2H =    6.796E-06
 E   =   -155.841    DE  =  0.14446E-05
 R   =   -157.238    DR  =  0.23275E-05
 R-E =     -1.397  D(R-E)=  0.90377E-06
 dmun=  8.5E-06      dmup= -1.4E-05
 RQ10=     -0.0003   dQ =-1.0E-03  L =     -0.4204   dL =-9.3E-05  dev = 2.8E-04
 RQ20=     21.3704   dQ =-1.3E-03  L =      0.0000   dL = 0.0E+00  dev = 0.0E+00
 RQ22=      0.0000   dQ =-4.2E-09  L =      0.0000   dL = 0.0E+00  dev = 0.0E+00
 RQ30=     49.9853   dQ =-2.8E-02  L =      0.0570   dL =-7.7E-06  dev = 1.5E-02
 Jz  =    0.000      dJZ =  0.0E+00
--------------------------------------------------------------------------------
 Iteration =   89
 dt  =   0.0248      mu  =   0.8299 gradn=    0.000E+00 D2H =    6.120E-06
 E   =   -155.841    DE  =  0.94416E-06
 R   =   -157.237    DR  =  0.19775E-05
 R-E =     -1.397  D(R-E)=  0.10511E-05
 dmun=  1.0E-05      dmup= -1.9E-05
 RQ10=     -0.0003   dQ =-9.6E-04  L =     -0.4205   dL =-8.8E-05  dev = 2.6E-04
 RQ20=     21.3721   dQ =-1.3E-03  L =      0.0000   dL = 0.0E+00  dev = 0.0E+00
 RQ22=      0.0000   dQ =-1.0E-09  L =      0.0000   dL = 0.0E+00  dev = 0.0E+00
 RQ30=     49.9860   dQ =-2.6E-02  L =      0.0570   dL =-7.2E-06  dev = 1.4E-02
 Jz  =    0.000      dJZ =  0.0E+00
--------------------- Sp wavefunctions -------------------------------------------------------------
____________________________________________________________________________________________________
   Neutron wavefunctions
  i     P   Rz   occ       E        d2h    Delta |   JxT    JyT    Jz      J   |   SxT    SyT    Sz
----------------------------------------------------------------------------------------------------
  1  0.99  1.0  1.0000   -35.265  4.9E-07   0.00 |  -0.50   0.50   0.50   0.52 |  -0.50   0.50   0.50
  9 -0.99  1.0  1.0000   -24.219  1.6E-06   0.01 |  -0.87   0.87   0.50   1.46 |  -0.45   0.45   0.40
 10 -0.98  1.0  0.9999   -21.784  3.2E-07   0.14 |  -0.00   0.00  -1.50   1.53 |   0.00   0.00  -0.50
 11 -0.91  1.0  0.9807   -17.050  1.3E-06   1.44 |   0.31  -0.31   0.50   0.78 |  -0.06   0.06  -0.39
  2  0.88  1.0  0.7205   -12.889  4.4E-06   1.74 |  -1.15   1.15   0.50   2.22 |  -0.41   0.41   0.31
  3  0.97  1.0  0.2468   -11.074  1.7E-06   1.64 |  -0.00   0.00  -1.50   2.50 |  -0.00   0.00  -0.42
  4  0.95  1.0  0.0363    -8.819  5.1E-07   1.30 |   0.00  -0.00   2.50   2.54 |  -0.00   0.00   0.50
  5  0.80  1.0  0.0134    -7.156  5.4E-05   1.14 |  -0.62   0.62   0.50   1.65 |  -0.34   0.34   0.17
  6  0.20  1.0  0.0015    -4.708  1.9E-02   0.53 |  -0.18   0.18   0.50   2.06 |  -0.42   0.42   0.35
 12  0.41  1.0  0.0009    -3.741  2.0E-02   0.37 |   0.19  -0.19   0.50   2.24 |  -0.31   0.31   0.13
  7  0.69  1.0  0.0000    -2.254  3.3E-04   0.10 |   0.00  -0.00  -1.49   1.96 |   0.00  -0.00   0.35
 20 -0.75  1.0  0.0000    -0.903  9.3E-03   0.04 |  -1.08   1.08   0.50   3.00 |  -0.37   0.37   0.24
 13 -0.68  1.0  0.0000    -0.305  8.2E-04   0.01 |   0.00  -0.00  -1.49   2.63 |   0.00  -0.00  -0.42
 18 -0.35  1.0  0.0000     0.422  7.7E-03   0.01 |   0.02  -0.02   0.47   1.74 |  -0.01   0.01  -0.48
 17 -0.18  1.0  0.0000     0.602  1.1E-02   0.01 |   0.04  -0.04  -1.47   2.80 |   0.00  -0.00  -0.41
 14 -0.37  1.0  0.0000     1.104  1.7E-02   0.01 |   0.40  -0.40   1.19   2.68 |   0.39  -0.39   0.49
 15 -0.22  1.0  0.0000     1.399  5.1E-03   0.01 |  -0.70   0.70   0.50   2.15 |  -0.48   0.48   0.45
  8  0.48  1.0  0.0000     1.501  3.2E-03   0.00 |  -0.12   0.13   0.51   2.46 |  -0.02   0.03  -0.45
 19 -0.84  1.0  0.0000     1.935  1.7E-02   0.00 |   0.10  -0.10   1.37   2.90 |   0.16  -0.16   0.45
 16 -0.75  1.0  0.0000     3.165  3.5E-03   0.00 |   0.00  -0.00  -3.33   3.67 |  -0.00   0.00  -0.50
____________________________________________________________________________________________________
   Proton  wavefunctions
  i     P   Rz   occ       E        d2h    Delta |   JxT    JyT    Jz      J   |   SxT    SyT    Sz
----------------------------------------------------------------------------------------------------
 21  0.99  1.0  1.0000   -30.742  4.6E-07   0.00 |  -0.50   0.50   0.50   0.52 |  -0.50   0.50   0.50
 29 -0.99  1.0  1.0000   -19.888  1.7E-06   0.02 |  -0.87   0.87   0.50   1.46 |  -0.45   0.45   0.40
 30 -0.98  1.0  0.9999   -17.427  3.5E-07   0.19 |  -0.00   0.00  -1.50   1.53 |   0.00   0.00  -0.50
 31 -0.91  1.0  0.9773   -12.782  1.3E-06   1.52 |   0.30  -0.30   0.50   0.79 |  -0.06   0.06  -0.39
 22  0.86  1.0  0.7150    -8.779  5.0E-06   1.81 |  -1.13   1.13   0.50   2.21 |  -0.41   0.41   0.32
 23  0.97  1.0  0.2495    -6.916  1.7E-06   1.72 |  -0.00   0.00  -1.50   2.50 |  -0.00   0.00  -0.42
 24  0.95  1.0  0.0394    -4.683  6.9E-07   1.36 |   0.00  -0.00   2.50   2.54 |   0.00  -0.00   0.50
 25  0.59  1.0  0.0140    -3.388  1.9E-03   1.05 |  -0.63   0.63   0.50   2.00 |  -0.35   0.35   0.19
 40 -0.06  1.0  0.0024    -2.082  4.7E-03   0.48 |  -0.57   0.57   0.50   2.46 |  -0.49   0.49   0.49
 26  0.83  1.0  0.0025    -0.188  2.9E-03   0.69 |   0.61  -0.61   0.50   1.64 |  -0.23   0.23  -0.03
 27  0.67  1.0  0.0001     1.355  7.3E-04   0.14 |  -0.00   0.00  -1.40   1.99 |   0.04  -0.04   0.34
 37 -0.35  1.0  0.0000     1.999  5.0E-03   0.04 |   0.06  -0.06  -1.47   2.25 |   0.00  -0.00  -0.48
 28  0.21  1.0  0.0000     2.248  8.2E-03   0.06 |   0.05  -0.04   0.47   1.94 |  -0.02   0.02  -0.47
 39 -0.77  1.0  0.0000     2.581  9.4E-03   0.02 |   0.45  -0.45   0.52   2.26 |   0.47  -0.47   0.48
 38 -0.31  1.0  0.0000     2.600  1.2E-01   0.03 |  -0.20   0.21   0.51   2.49 |  -0.09   0.09  -0.32
 33  0.18  1.0  0.0000     2.911  1.4E-01   0.01 |   0.36  -0.37  -1.13   3.08 |   0.10  -0.10  -0.25
 32 -0.34  1.0  0.0000     2.982  1.6E-01   0.04 |  -0.59   0.59   0.51   2.53 |  -0.33   0.33   0.16
 34  0.67  1.0  0.0000     3.108  1.2E-01   0.02 |   0.13  -0.13   0.26   2.33 |   0.35  -0.35   0.35
 35 -0.32  1.0  0.0000     3.622  5.7E-02   0.03 |  -0.97   0.97   0.50   2.45 |  -0.44   0.45   0.39
 36 -0.48  1.0  0.0000     5.752  3.9E-03   0.00 |   0.00  -0.00  -2.93   3.94 |  -0.00   0.00  -0.50
----------------------------------------------------------------------------------------------------
--------------------- Canonical basis  -------------------------------------------------------------
____________________________________________________________________________________________________
   Neutron wavefunctions
  i     P   Rz   occ       E        d2h    Delta |   JxT    JyT    Jz      J   |   SxT    SyT    Sz
----------------------------------------------------------------------------------------------------
 20  0.99  1.0  2.0000   -35.265  0.0E+00   0.00 |  -0.50   0.50   0.50   0.52 |  -0.50   0.50   0.50
 19 -0.99  1.0  2.0000   -24.219  0.0E+00   0.01 |  -0.87   0.87   0.50   1.46 |  -0.45   0.45   0.40
 18 -0.98  1.0  1.9999   -21.784  0.0E+00   0.14 |  -0.00   0.00  -1.50   1.53 |   0.00   0.00  -0.50
 17 -0.92  1.0  1.9614   -17.050  0.0E+00   1.43 |   0.31  -0.31   0.50   0.77 |  -0.06   0.06  -0.39
 16  0.89  1.0  1.4411   -12.889  0.0E+00   1.74 |  -1.16   1.16   0.50   2.22 |  -0.41   0.41   0.31
 15  0.97  1.0  0.4935   -11.074  0.0E+00   1.64 |  -0.00   0.00  -1.50   2.50 |  -0.00   0.00  -0.42
 14  0.95  1.0  0.0726    -8.819  0.0E+00   1.30 |   0.00  -0.00   2.50   2.54 |  -0.00   0.00   0.50
 13  0.82  1.0  0.0276    -7.040  0.0E+00   1.20 |  -0.39   0.39   0.50   1.67 |  -0.26   0.26   0.02
 12  0.78  1.0  0.0034    -4.470  0.0E+00   0.62 |   0.27  -0.27   0.50   1.39 |  -0.37   0.37   0.24
 11 -0.25  1.0  0.0004    -3.961  0.0E+00   0.24 |  -0.66   0.66   0.50   2.69 |  -0.42   0.42   0.35
 10  0.66  1.0  0.0001    -2.252  0.0E+00   0.10 |  -0.00   0.00  -1.50   2.00 |   0.00  -0.00   0.34
  9 -0.70  1.0  0.0000    -1.032  0.0E+00   0.01 |  -0.94   0.94   0.50   3.05 |  -0.39   0.39   0.28
  8 -0.66  1.0  0.0000    -0.149  0.0E+00   0.01 |   0.04  -0.04  -1.50   3.03 |   0.00  -0.00  -0.34
  5 -0.17  1.0  0.0000     0.448  0.0E+00   0.00 |   0.04  -0.00  -1.47   2.33 |  -0.00  -0.01  -0.48
  4 -0.53  1.0  0.0000     0.791  0.0E+00   0.00 |  -0.67   0.66   0.45   2.08 |  -0.15   0.14  -0.21
  6 -0.36  1.0  0.0000     1.149  0.0E+00   0.00 |  -0.06   0.04   0.50   1.86 |  -0.34   0.36   0.19
  2  0.82  1.0  0.0000     1.380  0.0E+00   0.00 |  -0.05   0.06   0.50   2.42 |  -0.01   0.02  -0.47
  1 -0.81  1.0  0.0000     1.489  0.0E+00   0.00 |   0.46  -0.46   0.36   2.29 |   0.46  -0.46   0.49
  7 -0.41  1.0  0.0000     1.545  0.0E+00   0.00 |   0.03  -0.03   2.19   3.23 |   0.09  -0.09   0.45
  3 -0.75  1.0  0.0000     3.162  0.0E+00   0.00 |   0.00  -0.00  -3.31   3.67 |  -0.00   0.00  -0.50
____________________________________________________________________________________________________
   Proton  wavefunctions
  i     P   Rz   occ       E        d2h    Delta |   JxT    JyT    Jz      J   |   SxT    SyT    Sz
----------------------------------------------------------------------------------------------------
 40  0.99  1.0  2.0000   -30.742  0.0E+00   0.00 |  -0.50   0.50   0.50   0.52 |  -0.50   0.50   0.50
 39 -0.99  1.0  2.0000   -19.888  0.0E+00   0.02 |  -0.87   0.87   0.50   1.47 |  -0.45   0.45   0.40
 38 -0.98  1.0  1.9998   -17.427  0.0E+00   0.19 |  -0.00   0.00  -1.50   1.53 |   0.00   0.00  -0.50
 37 -0.91  1.0  1.9546   -12.782  0.0E+00   1.52 |   0.31  -0.31   0.50   0.78 |  -0.06   0.06  -0.39
 36  0.88  1.0  1.4305    -8.777  0.0E+00   1.82 |  -1.14   1.14   0.50   2.22 |  -0.41   0.41   0.32
 35  0.97  1.0  0.4990    -6.916  0.0E+00   1.72 |  -0.00   0.00  -1.50   2.50 |  -0.00   0.00  -0.42
 34  0.95  1.0  0.0787    -4.682  0.0E+00   1.36 |  -0.00   0.00   2.50   2.54 |  -0.00   0.00   0.50
 33  0.84  1.0  0.0318    -3.074  0.0E+00   1.24 |  -0.37   0.37   0.50   1.66 |  -0.25   0.25   0.00
 31 -0.24  1.0  0.0017    -1.725  0.0E+00   0.36 |  -0.58   0.58   0.50   2.84 |  -0.46   0.46   0.42
 32  0.78  1.0  0.0038    -0.767  0.0E+00   0.63 |   0.29  -0.29   0.50   1.39 |  -0.36   0.36   0.22
 30  0.67  1.0  0.0001     1.410  0.0E+00   0.15 |  -0.02   0.02  -1.49   2.01 |   0.00  -0.00   0.35
 26  0.31  1.0  0.0000     2.278  0.0E+00   0.00 |   0.00  -0.01  -1.47   2.48 |  -0.01  -0.01  -0.48
 29 -0.73  1.0  0.0000     2.379  0.0E+00   0.03 |  -0.97   0.98   0.50   2.95 |  -0.37   0.37   0.24
 27 -0.67  1.0  0.0000     2.543  0.0E+00   0.00 |   0.24  -0.23   0.50   1.78 |  -0.04   0.06  -0.41
 24  0.59  1.0  0.0000     2.701  0.0E+00   0.00 |   0.49  -0.48   0.75   2.39 |   0.47  -0.47   0.49
 28 -0.50  1.0  0.0000     2.713  0.0E+00   0.02 |   0.05  -0.06  -1.49   2.89 |   0.00  -0.00  -0.42
 21 -0.68  1.0  0.0000     2.852  0.0E+00   0.00 |   0.46  -0.46   0.47   2.18 |   0.50  -0.50   0.50
 23  0.64  1.0  0.0000     3.044  0.0E+00   0.00 |  -0.21   0.21   0.51   2.34 |  -0.08   0.09  -0.33
 25 -0.03  1.0  0.0000     3.393  0.0E+00   0.00 |  -0.71   0.71   0.49   2.28 |  -0.38   0.38   0.26
 22 -0.48  1.0  0.0000     5.749  0.0E+00   0.00 |   0.00  -0.00  -2.95   3.95 |  -0.00   0.00  -0.50
----------------------------------------------------------------------------------------------------
---------------------------------Quasiparticles---------------------------------
Block 1:  P=+1  neutrons
  N      Eqp       f_n      |   U   V  |   B  P  ov_TR |    JxT    JyT    Jz
________________________________________________________________________________
  1    -23.23      0.00E+00 |    1   0 |   -  -  0.000 |    0.00   0.00   0.50
  2    -15.20      0.00E+00 |    0  16 |   -  -  0.000 |    0.00   0.00   3.33
  3    -13.97      0.00E+00 |    0  19 |   -  -  0.000 |    0.00   0.00  -1.37
  4    -13.53      0.00E+00 |    0   8 |   -  -  0.000 |    0.00   0.00  -0.51
  5    -13.43      0.00E+00 |    0  15 |   -  -  0.000 |    0.00   0.00  -0.50
  6    -13.14      0.00E+00 |    0  14 |   -  -  0.000 |    0.00   0.00  -1.19
  7    -12.64      0.00E+00 |    0  17 |   -  -  0.000 |    0.00   0.00   1.47
  8    -12.46      0.00E+00 |    0  18 |   -  -  0.000 |    0.00   0.00  -0.47
  9    -12.18      0.00E+00 |    9   0 |   -  -  0.000 |    0.00   0.00   0.50
 10    -11.73      0.00E+00 |    0  13 |   -  -  0.000 |    0.00   0.00   1.49
 11    -11.13      0.00E+00 |    0  20 |   -  -  0.000 |    0.00   0.00  -0.50
 12     -9.78      0.00E+00 |   10   7 |   -  -  0.000 |    0.00   0.00   1.38
 13     -9.75      0.00E+00 |   10   7 |   -  -  0.000 |    0.00   0.00  -1.38
 14     -8.31      0.00E+00 |    0  12 |   -  -  0.000 |    0.00   0.00  -0.50
 15     -7.35      0.00E+00 |    0   6 |   -  -  0.000 |    0.00   0.00  -0.50
 16     -5.22      0.00E+00 |   11  11 |   -  -  0.000 |    0.00   0.00   0.47
 17     -5.01      0.00E+00 |   11   5 |   -  -  0.000 |    0.00   0.00  -0.47
 18     -3.47      0.00E+00 |    4   4 |   -  -  0.000 |    0.00   0.00  -2.32
 19     -1.93      0.00E+00 |    2   2 |   -  -  0.000 |    0.00   0.00   0.22
 20     -1.90      0.00E+00 |    3   3 |   -  -  0.000 |    0.00   0.00   0.76
 21      1.90      1.00E+00 |    3   3 |   -  -  0.000 |    0.00   0.00  -0.76
 22      1.93      1.00E+00 |    2   2 |   -  -  0.000 |    0.00   0.00  -0.22
 23      3.47      1.00E+00 |    4   4 |   -  -  0.000 |    0.00   0.00   2.32
 24      5.01      1.00E+00 |    5  11 |   -  -  0.000 |    0.00   0.00   0.47
 25      5.22      1.00E+00 |   11  11 |   -  -  0.000 |    0.00   0.00  -0.47
 26      7.35      1.00E+00 |    6   0 |   -  -  0.000 |    0.00   0.00   0.50
 27      8.31      1.00E+00 |   12   0 |   -  -  0.000 |    0.00   0.00   0.50
 28      9.75      1.00E+00 |    7  10 |   -  -  0.000 |    0.00   0.00   1.38
 29      9.78      1.00E+00 |    7  10 |   -  -  0.000 |    0.00   0.00  -1.38
 30     11.13      1.00E+00 |   20   0 |   -  -  0.000 |    0.00   0.00   0.50
 31     11.73      1.00E+00 |   13   0 |   -  -  0.000 |    0.00   0.00  -1.49
 32     12.18      1.00E+00 |    0   9 |   -  -  0.000 |    0.00   0.00  -0.50
 33     12.46      1.00E+00 |   18   0 |   -  -  0.000 |    0.00   0.00   0.47
 34     12.64      1.00E+00 |   17   0 |   -  -  0.000 |    0.00   0.00  -1.47
 35     13.14      1.00E+00 |   14   0 |   -  -  0.000 |    0.00   0.00   1.19
 36     13.43      1.00E+00 |   15   0 |   -  -  0.000 |    0.00   0.00   0.50
 37     13.53      1.00E+00 |    8   0 |   -  -  0.000 |    0.00   0.00   0.51
 38     13.97      1.00E+00 |   19   0 |   -  -  0.000 |    0.00   0.00   1.37
 39     15.20      1.00E+00 |   16   0 |   -  -  0.000 |    0.00   0.00  -3.33
 40     23.23      1.00E+00 |    0   1 |   -  -  0.000 |    0.00   0.00  -0.50

Block 5:  P=+1   protons
  N      Eqp       f_n      |   U   V  |   B  P  ov_TR |    JxT    JyT    Jz
________________________________________________________________________________
  1    -22.83      0.00E+00 |   21   0 |   -  -  0.000 |    0.00   0.00   0.50
  2    -13.66      0.00E+00 |    0  36 |   -  -  0.000 |    0.00   0.00   2.93
  3    -11.98      0.00E+00 |   29   0 |   -  -  0.000 |    0.00   0.00   0.50
  4    -11.53      0.00E+00 |    0  35 |   -  -  0.000 |    0.00   0.00  -0.50
  5    -11.02      0.00E+00 |    0  34 |   -  -  0.000 |    0.00   0.00  -0.26
  6    -10.89      0.00E+00 |    0  32 |   -  -  0.000 |    0.00   0.00  -0.51
  7    -10.82      0.00E+00 |    0  33 |   -  -  0.000 |    0.00   0.00   1.13
  8    -10.51      0.00E+00 |    0  38 |   -  -  0.000 |    0.00   0.00  -0.51
  9    -10.49      0.00E+00 |    0  39 |   -  -  0.000 |    0.00   0.00  -0.52
 10    -10.16      0.00E+00 |    0  28 |   -  -  0.000 |    0.00   0.00  -0.47
 11     -9.91      0.00E+00 |    0  37 |   -  -  0.000 |    0.00   0.00   1.47
 12     -9.52      0.00E+00 |   30   0 |   -  -  0.000 |    0.00   0.00  -1.50
 13     -9.27      0.00E+00 |    0  27 |   -  -  0.000 |    0.00   0.00   1.39
 14     -7.76      0.00E+00 |    0  26 |   -  -  0.000 |    0.00   0.00  -0.50
 15     -5.86      0.00E+00 |    0  40 |   -  -  0.000 |    0.00   0.00  -0.49
 16     -5.10      0.00E+00 |   31  31 |   -  -  0.000 |    0.00   0.00   0.47
 17     -4.66      0.00E+00 |   25  25 |   -  -  0.000 |    0.00   0.00  -0.48
 18     -3.50      0.00E+00 |   24  24 |   -  -  0.000 |    0.00   0.00  -2.30
 19     -2.00      0.00E+00 |   22  22 |   -  -  0.000 |    0.00   0.00   0.21
 20     -1.98      0.00E+00 |   23  23 |   -  -  0.000 |    0.00   0.00   0.75
 21      1.98      1.00E+00 |   23  23 |   -  -  0.000 |    0.00   0.00  -0.75
 22      2.00      1.00E+00 |   22  22 |   -  -  0.000 |    0.00   0.00  -0.21
 23      3.50      1.00E+00 |   24  24 |   -  -  0.000 |    0.00   0.00   2.30
 24      4.66      1.00E+00 |   25  25 |   -  -  0.000 |    0.00   0.00   0.48
 25      5.10      1.00E+00 |   31  31 |   -  -  0.000 |    0.00   0.00  -0.47
 26      5.86      1.00E+00 |   40   0 |   -  -  0.000 |    0.00   0.00   0.49
 27      7.76      1.00E+00 |   26   0 |   -  -  0.000 |    0.00   0.00   0.50
 28      9.27      1.00E+00 |   27   0 |   -  -  0.000 |    0.00   0.00  -1.39
 29      9.52      1.00E+00 |    0  30 |   -  -  0.000 |    0.00   0.00   1.50
 30      9.91      1.00E+00 |   37   0 |   -  -  0.000 |    0.00   0.00  -1.47
 31     10.16      1.00E+00 |   28   0 |   -  -  0.000 |    0.00   0.00   0.47
 32     10.49      1.00E+00 |   39   0 |   -  -  0.000 |    0.00   0.00   0.52
 33     10.51      1.00E+00 |   38   0 |   -  -  0.000 |    0.00   0.00   0.51
 34     10.82      1.00E+00 |   33   0 |   -  -  0.000 |    0.00   0.00  -1.13
 35     10.89      1.00E+00 |   32   0 |   -  -  0.000 |    0.00   0.00   0.51
 36     11.02      1.00E+00 |   34   0 |   -  -  0.000 |    0.00   0.00   0.26
 37     11.53      1.00E+00 |   35   0 |   -  -  0.000 |    0.00   0.00   0.50
 38     11.98      1.00E+00 |    0  29 |   -  -  0.000 |    0.00   0.00  -0.50
 39     13.66      1.00E+00 |   36   0 |   -  -  0.000 |    0.00   0.00  -2.93
 40     22.83      1.00E+00 |    0  21 |   -  -  0.000 |    0.00   0.00  -0.50

--------------------------------------------------------------------------------
---------------- Electric Multipole Moments -----------------
Quantisation Axis             : Z
  With secondary axis ordering: X,Y
______________________________________________________________
                     Neutrons        Protons         Total
______________________________________________________________
 Particles           10.0000         10.0000         20.0000

Re  Q_{ 1 0}         -0.0229          0.0227         -0.0002
Constrained                                           0.0000
Re De_{ 1 0}                                   0.2168529E-03
Re La_{ 1 0}                                         -0.4206

Re  Q_{ 2 0}         10.4168         10.9568         21.3737
Re  Q_{ 2 2}          0.0000          0.0000          0.0000

Re  Q_{ 3 0}         23.1620         26.8259         49.9879
Constrained                                          50.0000
Re De_{ 3 0}                                   0.1210593E-01
Re La_{ 3 0}                                          0.0570
Re  Q_{ 3 2}         -0.0000         -0.0000         -0.0000

Re  Q_{ 4 0}         84.2275        102.3211        186.5486
Re  Q_{ 4 2}         -0.0000         -0.0001         -0.0001
Re  Q_{ 4 4}          0.0172          0.0213          0.0385

Re  Q_{ 5 0}        354.5123        469.3673        823.8796
Re  Q_{ 5 2}         -0.0001         -0.0000         -0.0001
Re  Q_{ 5 4}         -0.1065         -0.1980         -0.3046

Re  Q_{ 6 0}       1469.1436       2199.5109       3668.6545
Re  Q_{ 6 2}         -0.0019         -0.0056         -0.0074
Re  Q_{ 6 4}          1.0034          1.7457          2.7491
Re  Q_{ 6 6}          0.0001          0.0001          0.0002

Re  Q_{ 7 0}       6381.2148       9984.1597      16365.3745
Re  Q_{ 7 2}         -0.0103         -0.0235         -0.0337
Re  Q_{ 7 4}         -1.8379         -5.7047         -7.5426
Re  Q_{ 7 6}          0.0007          0.0074          0.0081

Re  Q_{ 8 0}      33678.2715      57895.3994      91573.6709
Re  Q_{ 8 2}          0.0432          0.3817          0.4249
Re  Q_{ 8 4}          4.2720         -7.3028         -3.0309
Re  Q_{ 8 6}          0.0284          0.1076          0.1360
Re  Q_{ 8 8}        -18.8858        -23.9676        -42.8534

Re  Q_{ 9 0}     151688.9368     266352.9447     418041.8815
Re  Q_{ 9 2}         -0.4036         -1.3507         -1.7543
Re  Q_{ 9 4}        530.4866        962.5702       1493.0568
Re  Q_{ 9 6}         -0.0560         -0.4103         -0.4663
Re  Q_{ 9 8}        153.1959        100.8896        254.0855

Re  Q_{10 0}     821879.6333    1529303.3507    2351182.9840
Re  Q_{10 2}         -1.2048          2.4313          1.2265
Re  Q_{10 4}        563.2027       5224.2654       5787.4680
Re  Q_{10 6}          0.2726         -3.3124         -3.0398
Re  Q_{10 8}      -1641.1350       5486.7784       3845.6434
Re  Q_{1010}         -0.2395          0.1337         -0.1058

 RMS radius           2.8797          2.9842          2.9324
______________________________________________________________
                     Neutrons        Protons         Total
______________________________________________________________


Beta_{ 2 0}       0.20562605      0.21628588      0.42191193
Beta_{ 2 2}       0.00000005      0.00000005      0.00000009

Beta_{ 3 0}       0.14036585      0.16256933      0.30293519
Beta_{ 3 2}      -0.00000003     -0.00000009     -0.00000012

Beta_{ 4 0}       0.15670429      0.19036717      0.34707146
Beta_{ 4 2}      -0.00000004     -0.00000021     -0.00000025
Beta_{ 4 4}       0.00003197      0.00003967      0.00007165

Beta_{ 5 0}       0.20248851      0.26809076      0.47057927
Beta_{ 5 2}      -0.00000005     -0.00000002     -0.00000007
Beta_{ 5 4}      -0.00006085     -0.00011311     -0.00017397

Beta_{ 6 0}       0.25761751      0.38568902      0.64330653
Beta_{ 6 2}      -0.00000032     -0.00000098     -0.00000130
Beta_{ 6 4}       0.00017595      0.00030611      0.00048206
Beta_{ 6 6}       0.00000002      0.00000003      0.00000004

Beta_{ 7 0}       0.34352362      0.53748302      0.88100664
Beta_{ 7 2}      -0.00000055     -0.00000126     -0.00000182
Beta_{ 7 4}      -0.00009894     -0.00030710     -0.00040604
Beta_{ 7 6}       0.00000004      0.00000040      0.00000044

Beta_{ 8 0}       0.55660245      0.95684012      1.51344258
Beta_{ 8 2}       0.00000071      0.00000631      0.00000702
Beta_{ 8 4}       0.00007060     -0.00012069     -0.00005009
Beta_{ 8 6}       0.00000047      0.00000178      0.00000225
Beta_{ 8 8}      -0.00031213     -0.00039611     -0.00070824

Beta_{ 9 0}       0.76964654      1.35143423      2.12108077
Beta_{ 9 2}      -0.00000205     -0.00000685     -0.00000890
Beta_{ 9 4}       0.00269161      0.00488393      0.00757554
Beta_{ 9 6}      -0.00000028     -0.00000208     -0.00000237
Beta_{ 9 8}       0.00077729      0.00051190      0.00128919

Beta_{10 0}       1.28022917      2.38217214      3.66240131
Beta_{10 2}      -0.00000188      0.00000379      0.00000191
Beta_{10 4}       0.00087729      0.00813776      0.00901505
Beta_{10 6}       0.00000042     -0.00000516     -0.00000474
Beta_{10 8}      -0.00255637      0.00854667      0.00599030
Beta_{1010}      -0.00000037      0.00000021     -0.00000016

______________________________________________________________
                     Neutrons        Protons         Total
______________________________________________________________
Q_{ 1}                0.0229          0.0227          0.0002
Q_{ 2}               10.4168         10.9568         21.3737
Q_{ 3}               23.1620         26.8259         49.9879
Q_{ 4}               84.2275        102.3211        186.5486
Q_{ 5}              354.5124        469.3673        823.8797
Q_{ 6}             1469.1442       2199.5123       3668.6566
Q_{ 7}             6381.2154       9984.1629      16365.3780
Q_{ 8}            33678.2826      57895.4102      91573.6911
Q_{ 9}           151690.9467     266356.4615     418047.3684
Q_{10}           821883.2963    1529340.8821    2351203.5199
______________________________________________________________
                     Neutrons        Protons         Total
______________________________________________________________
Beta_{   1}       0.00147383      0.00145989      0.00001394
Beta_{   2}       0.20562605      0.21628588      0.42191193
Beta_{   3}       0.14036585      0.16256933      0.30293519
Beta_{   4}       0.15670429      0.19036718      0.34707147
Beta_{   5}       0.20248853      0.26809081      0.47057934
Beta_{   6}       0.25761763      0.38568926      0.64330689
Beta_{   7}       0.34352365      0.53748320      0.88100683
Beta_{   8}       0.55660264      0.95684030      1.51344291
Beta_{   9}       0.76965673      1.35145207      2.12110861
Beta_{  10}       1.28023488      2.38223060      3.66243330
______________________________________________________________
 Cart. Moments X              Y              Z
 Cart. N      -16.5141043    -16.5141226     33.0282269
 Cart. P      -17.3702102    -17.3702292     34.7404394
 Cart. T      -33.8843145    -33.8843518     67.7686663
 (Q, gamma)    Q              Gamma
 (Q,g) N       33.0282269      0.0000184
 (Q,g) P       34.7404394      0.0000181
 (Q,g) T       67.7686663      0.0000182
 (iq1, iq2)    iq1            iq2
 iq    N       33.0282208      0.0000122
 iq    P       34.7404331      0.0000126
 iq    T       67.7686539      0.0000249
               X^2            Y^2            Z^2
 X^2_i N       22.1369353     22.1369292     38.6510457
 X^2_i P       22.6094704     22.6094640     39.9796869
 X^2_i T       44.7464057     44.7463932     78.6307326
------------------------------------------------------------
------------------------- Angular Momentum (hbar) --------------------------

               Spwfs(*)    Desired     Omega       E (MeV)      Densit. 
  __________________________________________________________________________
   J_x   |     0.00000     0.00000     0.00000     0.00000     0.00000
   J_y   |     0.00000     0.00000     0.00000     0.00000     0.00000
   J_z   |     0.00000     0.00000     0.00000     0.00000     0.00000
  __________________________________________________________________________
   Size  |     0.00000     0.00000     0.00000                 0.00000
  --------------------------------------------------------------------------
---------------------Rotational properties--------------------
                Rigid rotor          (hbar^2/MeV)
              n              p              t 
 I_R X       1.4657934      1.5092256      2.9750190
 I_R Y       1.4657936      1.5092257      2.9750193
 I_R Z       1.0675852      1.0903738      2.1579590

                Belyaev                 (hbar^2/MeV) 
              n              p              t 
 I_B X       0.6070223      0.5841827      1.1912050
 I_B Y       0.6070212      0.5841820      1.1912032
 I_B Z       0.0000197      0.0000266      0.0000463

                Belyaev (collective)    (hbar^2/MeV) 
              n              p              t 
 I_B X       0.6070223      0.5841827      1.1912050
 I_B Y       0.6070212      0.5841820      1.1912032
 I_B Z       0.0000197      0.0000266      0.0000463

                 <J^2> - <J>^2          (hbar^2)
              n              p              t 
 J2_X        1.5725299      1.5707785      3.1433084
 J2_Y        1.5725273      1.5707767      3.1433040
 J2_Z        0.0001315      0.0001669      0.0002983
 J2_t        3.1451887      3.1417221      6.2869107

                 <J^2> - <J>^2 (coll.)  (hbar^2)
              n              p              t 
 J2_X        1.5725299      1.5707785      3.1433084
 J2_Y        1.5725273      1.5707767      3.1433040
 J2_Z        0.0001315      0.0001669      0.0002983
 J2_t        3.1451887      3.1417221      6.2869107
-------------------------- Pairing -------------------------
                          N         P 
 Fermi Level (MeV)    -12.03403137    -7.90971738
 Particles             10.00000000    10.00000000
 Dispersion             1.82516256     1.87326316
 Average gap   v^2      0.65654695     0.69932734
 Average gap   uv       1.50618440     1.55629083
------------------------------------------------------------
--------------------------------------------------------------------------------
 Skyrme Energy 
                                    Isoscalar      Isovector   |   Total
--------------------------------------------------------------------------------
  E_D_I_I_D_I_I                  -1295.175950       0.051258   -1295.124692
  E_D_I_I_D_Nm_Nm                   27.745306      -0.003019      27.742287
  E_D_I_I_Lap_D_I_I                 58.124810       0.001401      58.126211
  E_D_I_I_D_I_I_DD                 735.684775      -0.026040     735.658735
  E_C_I_NmSk_C_I_NmSk                0.000000       0.000000       0.000000
  E_D_I_I_Derm_C_I_NxmSxm          -10.761680      -0.000444     -10.762124
  E_DP_I_I_DP_I_I                                                 -4.346435
--------------------------------------------------------------------------------
                 Total Skyrme:                                  -488.706019
                    time-even:                                  -488.706019
                    time-odd :                                     0.000000
--------------------------------------------------------------------------------
--------------------------------------------------------------------------------
                                     neutron        proton         total
                Kinetic Energy:     162.463531     159.138638     321.602169
                    COM 1-body:      -8.123177      -7.956932     -16.080108
                    COM 2-body:       3.213150       3.160353       6.373503
                            ph:       3.188409       3.132237       6.320646
                            pp:       0.024741       0.028116       0.052857
                 Collective T:                                     -2.455067

                 Rotational  T:                                    -2.455067
                 Rotational  X:                                    -1.227025
                 Rotational  Y:                                    -1.227025
                 Rotational  Z:                                    -0.001017

                 Vibrational T:                                     0.000000
                 Vibrational X:                                    -0.000000
                 Vibrational Y:                                    -0.000000
                 Vibrational Z:                                    -0.000000


                Coulomb Direct:       0.000000      23.427563      23.427563
                      Exchange:       0.000000       0.000000       0.000000

               Pairing (delta):      -2.095154      -2.251751      -4.346905
               Pairing (densi):                                    -4.346435
--------------------------------------------------------------------------------
                  Total energy:                                  -155.837960
                    from spwfs:                                  -155.838038
                   E_fu - E_sp:                                 0.785305E-04
                   (no corr.) :                                  -159.756395
                      Routhian:                                  -157.234595
                         dE   :                                 0.278906E-02
                         dR   :                                 0.289508E-02
--------------------------------------------------------------------------------
--------------------------------------------------------------------------------
 Iteration =   91
 dt  =   0.0248      mu  =   0.8299 gradn=    0.000E+00 D2H =    5.048E-06
 E   =   -155.838    DE  =  0.83228E-06
 R   =   -157.234    DR  =  0.16407E-05
 R-E =     -1.397  D(R-E)=  0.82311E-06
 dmun=  2.0E-05      dmup= -2.3E-05
 RQ10=     -0.0002   dQ =-7.9E-04  L =     -0.4207   dL =-7.3E-05  dev = 2.1E-04
 RQ20=     21.3750   dQ =-1.0E-03  L =      0.0000   dL = 0.0E+00  dev = 0.0E+00
 RQ22=      0.0000   dQ =-4.3E-09  L =      0.0000   dL = 0.0E+00  dev = 0.0E+00
 RQ30=     49.9884   dQ =-2.1E-02  L =      0.0570   dL =-5.6E-06  dev = 1.2E-02
 Jz  =    0.000      dJZ =  0.0E+00
--------------------------------------------------------------------------------
 Iteration =   92
 dt  =   0.0248      mu  =   0.8299 gradn=    0.000E+00 D2H =    4.600E-06
 E   =   -155.838    DE  =  0.11237E-05
 R   =   -157.234    DR  =  0.16179E-05
 R-E =     -1.396  D(R-E)=  0.50869E-06
 dmun=  2.6E-05      dmup= -2.0E-05
 RQ10=     -0.0002   dQ =-6.9E-04  L =     -0.4207   dL =-6.5E-05  dev = 1.7E-04
 RQ20=     21.3763   dQ =-8.7E-04  L =      0.0000   dL = 0.0E+00  dev = 0.0E+00
 RQ22=      0.0000   dQ =-4.7E-09  L =      0.0000   dL = 0.0E+00  dev = 0.0E+00
 RQ30=     49.9900   dQ =-1.8E-02  L =      0.0570   dL =-4.6E-06  dev = 1.0E-02
 Jz  =    0.000      dJZ =  0.0E+00
--------------------------------------------------------------------------------
 Iteration =   93
 dt  =   0.0248      mu  =   0.8299 gradn=    0.000E+00 D2H =    4.203E-06
 E   =   -155.838    DE  =  0.73970E-06
 R   =   -157.234    DR  =  0.13724E-05
 R-E =     -1.396  D(R-E)=  0.64503E-06
 dmun=  2.7E-05      dmup= -2.4E-05
 RQ10=     -0.0002   dQ =-6.5E-04  L =     -0.4208   dL =-6.1E-05  dev = 1.7E-04
 RQ20=     21.3774   dQ =-8.6E-04  L =      0.0000   dL = 0.0E+00  dev = 0.0E+00
 RQ22=      0.0000   dQ =-5.3E-09  L =      0.0000   dL = 0.0E+00  dev = 0.0E+00
 RQ30=     49.9903   dQ =-1.7E-02  L =      0.0570   dL =-4.4E-06  dev = 9.7E-03
 Jz  =    0.000      dJZ =  0.0E+00
--------------------------------------------------------------------------------
 Iteration =   94
 dt  =   0.0248      mu  =   0.8299 gradn=    0.000E+00 D2H =    3.860E-06
 E   =   -155.837    DE  =  0.10050E-05
 R   =   -157.234    DR  =  0.13693E-05
 R-E =     -1.396  D(R-E)=  0.37658E-06
 dmun=  2.9E-05      dmup= -2.0E-05
 RQ10=     -0.0001   dQ =-5.6E-04  L =     -0.4208   dL =-5.3E-05  dev = 1.4E-04
 RQ20=     21.3784   dQ =-7.2E-04  L =      0.0000   dL = 0.0E+00  dev = 0.0E+00
 RQ22=      0.0000   dQ =-5.9E-09  L =      0.0000   dL = 0.0E+00  dev = 0.0E+00
 RQ30=     49.9916   dQ =-1.4E-02  L =      0.0570   dL =-3.5E-06  dev = 8.4E-03
 Jz  =    0.000      dJZ =  0.0E+00
--------------------------------------------------------------------------------
 Iteration =   95
 dt  =   0.0248      mu  =   0.8299 gradn=    0.000E+00 D2H =    3.552E-06
 E   =   -155.837    DE  =  0.66908E-06
 R   =   -157.233    DR  =  0.11613E-05
 R-E =     -1.396  D(R-E)=  0.50263E-06
 dmun=  2.7E-05      dmup= -2.1E-05
 RQ10=     -0.0001   dQ =-5.4E-04  L =     -0.4209   dL =-5.0E-05  dev = 1.4E-04
 RQ20=     21.3793   dQ =-7.1E-04  L =      0.0000   dL = 0.0E+00  dev = 0.0E+00
 RQ22=      0.0000   dQ =-6.5E-09  L =      0.0000   dL = 0.0E+00  dev = 0.0E+00
 RQ30=     49.9919   dQ =-1.4E-02  L =      0.0570   dL =-3.4E-06  dev = 8.1E-03
 Jz  =    0.000      dJZ =  0.0E+00
--------------------------------------------------------------------------------
 Iteration =   96
 dt  =   0.0248      mu  =   0.8299 gradn=    0.000E+00 D2H =    3.274E-06
 E   =   -155.837    DE  =  0.91072E-06
 R   =   -157.233    DR  =  0.11714E-05
 R-E =     -1.396  D(R-E)=  0.27117E-06
 dmun=  2.7E-05      dmup= -1.6E-05
 RQ10=     -0.0001   dQ =-4.6E-04  L =     -0.4209   dL =-4.4E-05  dev = 1.1E-04
 RQ20=     21.3802   dQ =-5.9E-04  L =      0.0000   dL = 0.0E+00  dev = 0.0E+00
 RQ22=      0.0000   dQ =-8.7E-09  L =      0.0000   dL = 0.0E+00  dev = 0.0E+00
 RQ30=     49.9930   dQ =-1.2E-02  L =      0.0570   dL =-2.7E-06  dev = 7.0E-03
 Jz  =    0.000      dJZ =  0.0E+00
--------------------------------------------------------------------------------
 Iteration =   97
 dt  =   0.0248      mu  =   0.8299 gradn=    0.000E+00 D2H =    3.024E-06
 E   =   -155.837    DE  =  0.61763E-06
 R   =   -157.233    DR  =  0.99528E-06
 R-E =     -1.396  D(R-E)=  0.38657E-06
 dmun=  2.4E-05      dmup= -1.6E-05
 RQ10=     -0.0001   dQ =-4.4E-04  L =     -0.4210   dL =-4.1E-05  dev = 1.1E-04
 RQ20=     21.3809   dQ =-5.9E-04  L =      0.0000   dL = 0.0E+00  dev = 0.0E+00
 RQ22=      0.0000   dQ =-9.4E-09  L =      0.0000   dL = 0.0E+00  dev = 0.0E+00
 RQ30=     49.9931   dQ =-1.1E-02  L =      0.0570   dL =-2.6E-06  dev = 6.9E-03
 Jz  =    0.000      dJZ =  0.0E+00
--------------------------------------------------------------------------------
 Iteration =   98
 dt  =   0.0248      mu  =   0.8299 gradn=    0.000E+00 D2H =    2.805E-06
 E   =   -155.837    DE  =  0.83139E-06
 R   =   -157.233    DR  =  0.10092E-05
 R-E =     -1.396  D(R-E)=  0.18686E-06
 dmun=  2.5E-05      dmup= -1.1E-05
 RQ10=     -0.0001   dQ =-3.8E-04  L =     -0.4210   dL =-3.6E-05  dev = 8.7E-05
 RQ20=     21.3817   dQ =-4.9E-04  L =      0.0000   dL = 0.0E+00  dev = 0.0E+00
 RQ22=      0.0000   dQ =-1.0E-08  L =      0.0000   dL = 0.0E+00  dev = 0.0E+00
 RQ30=     49.9941   dQ =-9.3E-03  L =      0.0570   dL =-2.0E-06  dev = 5.9E-03
 Jz  =    0.000      dJZ =  0.0E+00
--------------------------------------------------------------------------------
 Iteration =   99
 dt  =   0.0248      mu  =   0.8300 gradn=    0.000E+00 D2H =    2.606E-06
 E   =   -155.837    DE  =  0.57198E-06
 R   =   -157.233    DR  =  0.85736E-06
 R-E =     -1.396  D(R-E)=  0.29306E-06
 dmun=  2.3E-05      dmup= -1.2E-05
 RQ10=     -0.0001   dQ =-3.6E-04  L =     -0.4210   dL =-3.4E-05  dev = 8.7E-05
 RQ20=     21.3823   dQ =-4.9E-04  L =      0.0000   dL = 0.0E+00  dev = 0.0E+00
 RQ22=      0.0000   dQ =-1.1E-08  L =      0.0000   dL = 0.0E+00  dev = 0.0E+00
 RQ30=     49.9942   dQ =-9.1E-03  L =      0.0570   dL =-1.9E-06  dev = 5.8E-03
 Jz  =    0.000      dJZ =  0.0E+00
--------------------- Sp wavefunctions -------------------------------------------------------------
____________________________________________________________________________________________________
   Neutron wavefunctions
  i     P   Rz   occ       E        d2h    Delta |   JxT    JyT    Jz      J   |   SxT    SyT    Sz
----------------------------------------------------------------------------------------------------
  1  0.99  1.0  1.0000   -35.265  6.7E-08   0.00 |  -0.50   0.50   0.50   0.52 |  -0.50   0.50   0.50
  9 -0.99  1.0  1.0000   -24.219  2.0E-07   0.01 |  -0.87   0.87   0.50   1.46 |  -0.45   0.45   0.40
 10 -0.98  1.0  0.9999   -21.784  6.0E-08   0.14 |  -0.00   0.00  -1.50   1.53 |   0.00   0.00  -0.50
 11 -0.91  1.0  0.9807   -17.050  1.4E-07   1.43 |   0.31  -0.31   0.50   0.78 |  -0.06   0.06  -0.39
  2  0.88  1.0  0.7208   -12.889  5.3E-07   1.73 |  -1.15   1.15   0.50   2.22 |  -0.41   0.41   0.31
  3  0.97  1.0  0.2466   -11.074  2.4E-07   1.63 |  -0.00   0.00  -1.50   2.50 |  -0.00   0.00  -0.42
  4  0.95  1.0  0.0362    -8.819  7.0E-08   1.29 |   0.00  -0.00   2.50   2.54 |  -0.00   0.00   0.50
  5  0.80  1.0  0.0133    -7.155  7.1E-06   1.14 |  -0.61   0.61   0.50   1.65 |  -0.34   0.34   0.17
  6  0.17  1.0  0.0014    -4.713  1.1E-02   0.52 |  -0.22   0.22   0.50   2.10 |  -0.43   0.43   0.36
 12  0.45  1.0  0.0009    -3.731  1.1E-02   0.37 |   0.23  -0.23   0.50   2.21 |  -0.31   0.31   0.11
  7  0.69  1.0  0.0000    -2.253  1.0E-04   0.10 |   0.00  -0.00  -1.49   1.97 |   0.00  -0.00   0.35
 20 -0.75  1.0  0.0000    -0.905  3.4E-03   0.04 |  -1.09   1.09   0.50   3.00 |  -0.37   0.37   0.24
 13 -0.68  1.0  0.0000    -0.304  3.8E-04   0.01 |  -0.00   0.00  -1.49   2.63 |   0.00  -0.00  -0.42
 18 -0.33  1.0  0.0000     0.424  3.9E-03   0.01 |   0.02  -0.01   0.47   1.75 |  -0.01   0.01  -0.48
 17 -0.15  1.0  0.0000     0.598  7.5E-03   0.01 |   0.04  -0.04  -1.47   2.80 |   0.00  -0.00  -0.42
 14 -0.33  1.0  0.0000     1.101  1.2E-02   0.01 |   0.42  -0.42   1.16   2.66 |   0.40  -0.40   0.49
 15 -0.22  1.0  0.0000     1.401  2.1E-03   0.01 |  -0.70   0.70   0.50   2.15 |  -0.47   0.47   0.45
  8  0.46  1.0  0.0000     1.503  2.2E-03   0.00 |  -0.12   0.13   0.51   2.46 |  -0.02   0.03  -0.45
 19 -0.83  1.0  0.0000     1.928  1.8E-02   0.00 |   0.09  -0.09   1.34   2.88 |   0.17  -0.17   0.45
 16 -0.75  1.0  0.0000     3.165  3.4E-03   0.00 |   0.00  -0.00  -3.32   3.67 |  -0.00   0.00  -0.50
____________________________________________________________________________________________________
   Proton  wavefunctions
  i     P   Rz   occ       E        d2h    Delta |   JxT    JyT    Jz      J   |   SxT    SyT    Sz
----------------------------------------------------------------------------------------------------
 21  0.99  1.0  1.0000   -30.742  6.7E-08   0.00 |  -0.50   0.50   0.50   0.52 |  -0.50   0.50   0.50
 29 -0.99  1.0  1.0000   -19.888  2.2E-07   0.02 |  -0.87   0.87   0.50   1.46 |  -0.45   0.45   0.40
 30 -0.98  1.0  0.9999   -17.427  6.0E-08   0.19 |  -0.00   0.00  -1.50   1.53 |   0.00   0.00  -0.50
 31 -0.91  1.0  0.9773   -12.782  1.6E-07   1.52 |   0.30  -0.30   0.50   0.79 |  -0.06   0.06  -0.39
 22  0.86  1.0  0.7152    -8.780  5.5E-07   1.81 |  -1.13   1.13   0.50   2.21 |  -0.41   0.41   0.32
 23  0.97  1.0  0.2494    -6.917  2.8E-07   1.72 |  -0.00   0.00  -1.50   2.50 |  -0.00   0.00  -0.42
 24  0.95  1.0  0.0393    -4.682  1.1E-07   1.36 |   0.00  -0.00   2.50   2.54 |   0.00  -0.00   0.50
 25  0.58  1.0  0.0139    -3.387  8.0E-04   1.05 |  -0.63   0.63   0.50   2.01 |  -0.35   0.35   0.19
 40 -0.05  1.0  0.0024    -2.077  1.6E-03   0.48 |  -0.57   0.57   0.50   2.44 |  -0.49   0.49   0.49
 26  0.83  1.0  0.0025    -0.187  8.2E-04   0.69 |   0.61  -0.61   0.50   1.65 |  -0.23   0.23  -0.03
 27  0.66  1.0  0.0001     1.356  3.5E-04   0.14 |  -0.00   0.00  -1.39   1.99 |   0.04  -0.04   0.34
 37 -0.32  1.0  0.0000     1.998  3.4E-03   0.04 |   0.06  -0.06  -1.47   2.25 |   0.00  -0.00  -0.48
 28  0.18  1.0  0.0000     2.245  6.0E-03   0.06 |   0.05  -0.04   0.47   1.93 |  -0.02   0.02  -0.47
 38 -0.35  1.0  0.0000     2.554  1.0E-01   0.03 |  -0.28   0.29   0.50   2.54 |  -0.11   0.12  -0.27
 39 -0.75  1.0  0.0000     2.578  8.0E-03   0.02 |   0.44  -0.44   0.51   2.27 |   0.47  -0.47   0.48
 33  0.24  1.0  0.0000     2.863  8.5E-02   0.01 |   0.40  -0.41  -1.10   3.01 |   0.10  -0.11  -0.25
 32 -0.30  1.0  0.0000     3.010  1.3E-01   0.03 |  -0.55   0.55   0.51   2.52 |  -0.30   0.30   0.09
 34  0.70  1.0  0.0000     3.070  6.0E-02   0.02 |   0.07  -0.07   0.18   2.29 |   0.36  -0.36   0.34
 35 -0.30  1.0  0.0000     3.644  3.7E-02   0.03 |  -0.93   0.93   0.50   2.42 |  -0.45   0.45   0.40
 36 -0.47  1.0  0.0000     5.752  3.9E-03   0.00 |  -0.00  -0.00  -2.92   3.95 |  -0.00   0.00  -0.50
----------------------------------------------------------------------------------------------------
--------------------- Canonical basis  -------------------------------------------------------------
____________________________________________________________________________________________________
   Neutron wavefunctions
  i     P   Rz   occ       E        d2h    Delta |   JxT    JyT    Jz      J   |   SxT    SyT    Sz
----------------------------------------------------------------------------------------------------
 20  0.99  1.0  2.0000   -35.265  0.0E+00   0.00 |  -0.50   0.50   0.50   0.52 |  -0.50   0.50   0.50
 19 -0.99  1.0  2.0000   -24.219  0.0E+00   0.01 |  -0.87   0.87   0.50   1.46 |  -0.45   0.45   0.40
 18 -0.98  1.0  1.9999   -21.784  0.0E+00   0.14 |  -0.00   0.00  -1.50   1.53 |   0.00   0.00  -0.50
 17 -0.92  1.0  1.9615   -17.049  0.0E+00   1.43 |   0.31  -0.31   0.50   0.77 |  -0.06   0.06  -0.39
 16  0.89  1.0  1.4416   -12.889  0.0E+00   1.74 |  -1.16   1.16   0.50   2.22 |  -0.41   0.41   0.31
 15  0.97  1.0  0.4933   -11.074  0.0E+00   1.63 |  -0.00   0.00  -1.50   2.50 |  -0.00   0.00  -0.42
 14  0.95  1.0  0.0724    -8.819  0.0E+00   1.29 |   0.00  -0.00   2.50   2.54 |  -0.00   0.00   0.50
 13  0.82  1.0  0.0275    -7.044  0.0E+00   1.19 |  -0.40   0.40   0.50   1.67 |  -0.26   0.26   0.03
 12  0.76  1.0  0.0033    -4.481  0.0E+00   0.61 |   0.26  -0.26   0.50   1.40 |  -0.37   0.37   0.24
 11 -0.23  1.0  0.0004    -3.940  0.0E+00   0.24 |  -0.64   0.64   0.50   2.69 |  -0.42   0.42   0.34
 10  0.66  1.0  0.0001    -2.250  0.0E+00   0.10 |  -0.01   0.01  -1.50   2.01 |   0.00  -0.00   0.34
  9 -0.70  1.0  0.0000    -1.030  0.0E+00   0.01 |  -0.94   0.94   0.50   3.05 |  -0.39   0.39   0.28
  8 -0.66  1.0  0.0000    -0.151  0.0E+00   0.01 |   0.04  -0.04  -1.50   3.02 |   0.00  -0.00  -0.34
  5 -0.14  1.0  0.0000     0.448  0.0E+00   0.00 |   0.03  -0.01  -1.47   2.34 |   0.00  -0.00  -0.48
  4 -0.55  1.0  0.0000     0.750  0.0E+00   0.00 |  -0.62   0.61   0.45   2.05 |  -0.13   0.12  -0.25
  6 -0.34  1.0  0.0000     1.190  0.0E+00   0.00 |  -0.11   0.10   0.50   1.90 |  -0.37   0.37   0.24
  2  0.81  1.0  0.0000     1.383  0.0E+00   0.00 |  -0.05   0.06   0.50   2.42 |  -0.01   0.02  -0.47
  1 -0.80  1.0  0.0000     1.484  0.0E+00   0.00 |   0.46  -0.46   0.36   2.29 |   0.46  -0.46   0.49
  7 -0.36  1.0  0.0000     1.539  0.0E+00   0.00 |   0.03  -0.03   2.14   3.20 |   0.10  -0.10   0.45
  3 -0.75  1.0  0.0000     3.160  0.0E+00   0.00 |   0.00  -0.00  -3.30   3.66 |  -0.00   0.00  -0.49
____________________________________________________________________________________________________
   Proton  wavefunctions
  i     P   Rz   occ       E        d2h    Delta |   JxT    JyT    Jz      J   |   SxT    SyT    Sz
----------------------------------------------------------------------------------------------------
 40  0.99  1.0  2.0000   -30.742  0.0E+00   0.00 |  -0.50   0.50   0.50   0.52 |  -0.50   0.50   0.50
 39 -0.99  1.0  2.0000   -19.888  0.0E+00   0.02 |  -0.87   0.87   0.50   1.47 |  -0.45   0.45   0.40
 38 -0.98  1.0  1.9998   -17.427  0.0E+00   0.19 |  -0.00   0.00  -1.50   1.53 |   0.00   0.00  -0.50
 37 -0.91  1.0  1.9546   -12.781  0.0E+00   1.52 |   0.31  -0.31   0.50   0.78 |  -0.06   0.06  -0.39
 36  0.88  1.0  1.4308    -8.778  0.0E+00   1.82 |  -1.14   1.14   0.50   2.22 |  -0.41   0.41   0.32
 35  0.97  1.0  0.4988    -6.916  0.0E+00   1.72 |  -0.00   0.00  -1.50   2.50 |  -0.00   0.00  -0.42
 34  0.95  1.0  0.0786    -4.681  0.0E+00   1.36 |  -0.00   0.00   2.50   2.54 |  -0.00   0.00   0.50
 33  0.83  1.0  0.0316    -3.077  0.0E+00   1.24 |  -0.37   0.37   0.50   1.66 |  -0.25   0.25   0.00
 31 -0.22  1.0  0.0017    -1.684  0.0E+00   0.36 |  -0.57   0.57   0.50   2.84 |  -0.46   0.46   0.41
 32  0.77  1.0  0.0039    -0.792  0.0E+00   0.63 |   0.28  -0.28   0.50   1.40 |  -0.36   0.36   0.23
 30  0.67  1.0  0.0001     1.413  0.0E+00   0.15 |  -0.01   0.01  -1.49   2.01 |   0.00  -0.00   0.35
 26  0.43  1.0  0.0000     2.280  0.0E+00   0.00 |   0.03  -0.04  -1.48   2.52 |  -0.00  -0.00  -0.48
 29 -0.73  1.0  0.0000     2.367  0.0E+00   0.03 |  -0.96   0.96   0.50   2.95 |  -0.37   0.37   0.24
 27 -0.67  1.0  0.0000     2.512  0.0E+00   0.00 |   0.20  -0.20   0.50   1.79 |  -0.04   0.04  -0.42
 28 -0.52  1.0  0.0000     2.631  0.0E+00   0.02 |   0.03  -0.04  -1.49   2.79 |   0.00  -0.00  -0.43
 23  0.42  1.0  0.0000     2.649  0.0E+00   0.00 |   0.45  -0.46   0.70   2.35 |   0.47  -0.47   0.50
 21 -0.48  1.0  0.0000     2.892  0.0E+00   0.00 |   0.46  -0.46   0.48   2.19 |   0.50  -0.50   0.50
 24  0.64  1.0  0.0000     3.050  0.0E+00   0.00 |  -0.21   0.22   0.51   2.34 |  -0.08   0.09  -0.33
 25 -0.03  1.0  0.0000     3.427  0.0E+00   0.00 |  -0.68   0.67   0.49   2.28 |  -0.39   0.39   0.28
 22 -0.47  1.0  0.0000     5.748  0.0E+00   0.00 |   0.00  -0.00  -2.94   3.95 |  -0.00   0.00  -0.50
----------------------------------------------------------------------------------------------------
---------------------------------Quasiparticles---------------------------------
Block 1:  P=+1  neutrons
  N      Eqp       f_n      |   U   V  |   B  P  ov_TR |    JxT    JyT    Jz
________________________________________________________________________________
  1    -23.23      0.00E+00 |    1   0 |   -  -  0.000 |    0.00   0.00   0.50
  2    -15.20      0.00E+00 |    0  16 |   -  -  0.000 |    0.00   0.00   3.32
  3    -13.96      0.00E+00 |    0  19 |   -  -  0.000 |    0.00   0.00  -1.34
  4    -13.54      0.00E+00 |    0   8 |   -  -  0.000 |    0.00   0.00  -0.51
  5    -13.43      0.00E+00 |    0  15 |   -  -  0.000 |    0.00   0.00  -0.50
  6    -13.13      0.00E+00 |    0  14 |   -  -  0.000 |    0.00   0.00  -1.16
  7    -12.63      0.00E+00 |    0  17 |   -  -  0.000 |    0.00   0.00   1.47
  8    -12.46      0.00E+00 |    0  18 |   -  -  0.000 |    0.00   0.00  -0.47
  9    -12.19      0.00E+00 |    9   0 |   -  -  0.000 |    0.00   0.00   0.50
 10    -11.73      0.00E+00 |    0  13 |   -  -  0.000 |    0.00   0.00   1.49
 11    -11.13      0.00E+00 |    0  20 |   -  -  0.000 |    0.00   0.00  -0.50
 12     -9.78      0.00E+00 |   10   7 |   -  -  0.000 |    0.00   0.00   1.38
 13     -9.75      0.00E+00 |   10   7 |   -  -  0.000 |    0.00   0.00  -1.39
 14     -8.32      0.00E+00 |    0  12 |   -  -  0.000 |    0.00   0.00  -0.50
 15     -7.34      0.00E+00 |    0   6 |   -  -  0.000 |    0.00   0.00  -0.50
 16     -5.22      0.00E+00 |   11  11 |   -  -  0.000 |    0.00   0.00   0.47
 17     -5.01      0.00E+00 |   11   5 |   -  -  0.000 |    0.00   0.00  -0.47
 18     -3.47      0.00E+00 |    4   4 |   -  -  0.000 |    0.00   0.00  -2.32
 19     -1.93      0.00E+00 |    2   2 |   -  -  0.000 |    0.00   0.00   0.22
 20     -1.89      0.00E+00 |    3   3 |   -  -  0.000 |    0.00   0.00   0.76
 21      1.89      1.00E+00 |    3   3 |   -  -  0.000 |    0.00   0.00  -0.76
 22      1.93      1.00E+00 |    2   2 |   -  -  0.000 |    0.00   0.00  -0.22
 23      3.47      1.00E+00 |    4   4 |   -  -  0.000 |    0.00   0.00   2.32
 24      5.01      1.00E+00 |    5  11 |   -  -  0.000 |    0.00   0.00   0.47
 25      5.22      1.00E+00 |   11  11 |   -  -  0.000 |    0.00   0.00  -0.47
 26      7.34      1.00E+00 |    6   0 |   -  -  0.000 |    0.00   0.00   0.50
 27      8.32      1.00E+00 |   12   0 |   -  -  0.000 |    0.00   0.00   0.50
 28      9.75      1.00E+00 |    7  10 |   -  -  0.000 |    0.00   0.00   1.39
 29      9.78      1.00E+00 |    7  10 |   -  -  0.000 |    0.00   0.00  -1.38
 30     11.13      1.00E+00 |   20   0 |   -  -  0.000 |    0.00   0.00   0.50
 31     11.73      1.00E+00 |   13   0 |   -  -  0.000 |    0.00   0.00  -1.49
 32     12.19      1.00E+00 |    0   9 |   -  -  0.000 |    0.00   0.00  -0.50
 33     12.46      1.00E+00 |   18   0 |   -  -  0.000 |    0.00   0.00   0.47
 34     12.63      1.00E+00 |   17   0 |   -  -  0.000 |    0.00   0.00  -1.47
 35     13.13      1.00E+00 |   14   0 |   -  -  0.000 |    0.00   0.00   1.16
 36     13.43      1.00E+00 |   15   0 |   -  -  0.000 |    0.00   0.00   0.50
 37     13.54      1.00E+00 |    8   0 |   -  -  0.000 |    0.00   0.00   0.51
 38     13.96      1.00E+00 |   19   0 |   -  -  0.000 |    0.00   0.00   1.34
 39     15.20      1.00E+00 |   16   0 |   -  -  0.000 |    0.00   0.00  -3.32
 40     23.23      1.00E+00 |    0   1 |   -  -  0.000 |    0.00   0.00  -0.50

Block 5:  P=+1   protons
  N      Eqp       f_n      |   U   V  |   B  P  ov_TR |    JxT    JyT    Jz
________________________________________________________________________________
  1    -22.83      0.00E+00 |   21   0 |   -  -  0.000 |    0.00   0.00   0.50
  2    -13.66      0.00E+00 |    0  36 |   -  -  0.000 |    0.00   0.00   2.92
  3    -11.98      0.00E+00 |   29   0 |   -  -  0.000 |    0.00   0.00   0.50
  4    -11.55      0.00E+00 |    0  35 |   -  -  0.000 |    0.00   0.00  -0.50
  5    -10.98      0.00E+00 |    0  34 |   -  -  0.000 |    0.00   0.00  -0.18
  6    -10.92      0.00E+00 |    0  32 |   -  -  0.000 |    0.00   0.00  -0.51
  7    -10.77      0.00E+00 |    0  33 |   -  -  0.000 |    0.00   0.00   1.10
  8    -10.49      0.00E+00 |    0  39 |   -  -  0.000 |    0.00   0.00  -0.51
  9    -10.46      0.00E+00 |    0  38 |   -  -  0.000 |    0.00   0.00  -0.50
 10    -10.16      0.00E+00 |    0  28 |   -  -  0.000 |    0.00   0.00  -0.47
 11     -9.91      0.00E+00 |    0  37 |   -  -  0.000 |    0.00   0.00   1.47
 12     -9.52      0.00E+00 |   30   0 |   -  -  0.000 |    0.00   0.00  -1.50
 13     -9.27      0.00E+00 |    0  27 |   -  -  0.000 |    0.00   0.00   1.39
 14     -7.76      0.00E+00 |    0  26 |   -  -  0.000 |    0.00   0.00  -0.50
 15     -5.87      0.00E+00 |    0  40 |   -  -  0.000 |    0.00   0.00  -0.49
 16     -5.10      0.00E+00 |   31  31 |   -  -  0.000 |    0.00   0.00   0.47
 17     -4.66      0.00E+00 |   25  25 |   -  -  0.000 |    0.00   0.00  -0.48
 18     -3.50      0.00E+00 |   24  24 |   -  -  0.000 |    0.00   0.00  -2.30
 19     -2.00      0.00E+00 |   22  22 |   -  -  0.000 |    0.00   0.00   0.21
 20     -1.98      0.00E+00 |   23  23 |   -  -  0.000 |    0.00   0.00   0.75
 21      1.98      1.00E+00 |   23  23 |   -  -  0.000 |    0.00   0.00  -0.75
 22      2.00      1.00E+00 |   22  22 |   -  -  0.000 |    0.00   0.00  -0.21
 23      3.50      1.00E+00 |   24  24 |   -  -  0.000 |    0.00   0.00   2.30
 24      4.66      1.00E+00 |   25  25 |   -  -  0.000 |    0.00   0.00   0.48
 25      5.10      1.00E+00 |   31  31 |   -  -  0.000 |    0.00   0.00  -0.47
 26      5.87      1.00E+00 |   40   0 |   -  -  0.000 |    0.00   0.00   0.49
 27      7.76      1.00E+00 |   26   0 |   -  -  0.000 |    0.00   0.00   0.50
 28      9.27      1.00E+00 |   27   0 |   -  -  0.000 |    0.00   0.00  -1.39
 29      9.52      1.00E+00 |    0  30 |   -  -  0.000 |    0.00   0.00   1.50
 30      9.91      1.00E+00 |   37   0 |   -  -  0.000 |    0.00   0.00  -1.47
 31     10.16      1.00E+00 |   28   0 |   -  -  0.000 |    0.00   0.00   0.47
 32     10.46      1.00E+00 |   38   0 |   -  -  0.000 |    0.00   0.00   0.50
 33     10.49      1.00E+00 |   39   0 |   -  -  0.000 |    0.00   0.00   0.51
 34     10.77      1.00E+00 |   33   0 |   -  -  0.000 |    0.00   0.00  -1.10
 35     10.92      1.00E+00 |   32   0 |   -  -  0.000 |    0.00   0.00   0.51
 36     10.98      1.00E+00 |   34   0 |   -  -  0.000 |    0.00   0.00   0.18
 37     11.55      1.00E+00 |   35   0 |   -  -  0.000 |    0.00   0.00   0.50
 38     11.98      1.00E+00 |    0  29 |   -  -  0.000 |    0.00   0.00  -0.50
 39     13.66      1.00E+00 |   36   0 |   -  -  0.000 |    0.00   0.00  -2.92
 40     22.83      1.00E+00 |    0  21 |   -  -  0.000 |    0.00   0.00  -0.50

--------------------------------------------------------------------------------
---------------- Electric Multipole Moments -----------------
Quantisation Axis             : Z
  With secondary axis ordering: X,Y
______________________________________________________________
                     Neutrons        Protons         Total
______________________________________________________________
 Particles           10.0000         10.0000         20.0000

Re  Q_{ 1 0}         -0.0229          0.0229         -0.0001
Constrained                                           0.0000
Re De_{ 1 0}                                   0.6855798E-04
Re La_{ 1 0}                                         -0.4211

Re  Q_{ 2 0}         10.4212         10.9617         21.3829
Re  Q_{ 2 2}          0.0000          0.0000          0.0000

Re  Q_{ 3 0}         23.1605         26.8344         49.9950
Constrained                                          50.0000
Re De_{ 3 0}                                   0.5027289E-02
Re La_{ 3 0}                                          0.0570
Re  Q_{ 3 2}         -0.0000         -0.0000         -0.0000

Re  Q_{ 4 0}         84.2822        102.4281        186.7103
Re  Q_{ 4 2}         -0.0000         -0.0001         -0.0001
Re  Q_{ 4 4}          0.0178          0.0210          0.0387

Re  Q_{ 5 0}        354.6293        469.8033        824.4327
Re  Q_{ 5 2}         -0.0001          0.0000         -0.0001
Re  Q_{ 5 4}         -0.1110         -0.1878         -0.2988

Re  Q_{ 6 0}       1469.9077       2202.5919       3672.4996
Re  Q_{ 6 2}         -0.0018         -0.0039         -0.0056
Re  Q_{ 6 4}          0.9871          1.6202          2.6073
Re  Q_{ 6 6}          0.0001          0.0003          0.0003

Re  Q_{ 7 0}       6384.6124      10000.3634      16384.9758
Re  Q_{ 7 2}         -0.0097         -0.0130         -0.0228
Re  Q_{ 7 4}         -2.3020         -5.4314         -7.7335
Re  Q_{ 7 6}          0.0006          0.0118          0.0124

Re  Q_{ 8 0}      33694.2899      57990.1471      91684.4370
Re  Q_{ 8 2}          0.0384          0.2900          0.3284
Re  Q_{ 8 4}          1.8039        -10.4954         -8.6915
Re  Q_{ 8 6}          0.0266          0.1752          0.2018
Re  Q_{ 8 8}        -19.7225        -28.2562        -47.9786

Re  Q_{ 9 0}     151722.2684     266763.4430     418485.7114
Re  Q_{ 9 2}         -0.3773         -1.3304         -1.7077
Re  Q_{ 9 4}        470.3787        915.7044       1386.0831
Re  Q_{ 9 6}         -0.0547          0.7012          0.6465
Re  Q_{ 9 8}        160.7154         73.4477        234.1631

Re  Q_{10 0}     822270.8429    1529025.2829    2351296.1258
Re  Q_{10 2}         -1.0605         -3.1882         -4.2488
Re  Q_{10 4}        362.7321       7232.6614       7595.3935
Re  Q_{10 6}          0.3083          1.6720          1.9804
Re  Q_{10 8}      -1693.1825       6504.0969       4810.9143
Re  Q_{1010}         -0.2219         -4.1342         -4.3561

 RMS radius           2.8797          2.9843          2.9324
______________________________________________________________
                     Neutrons        Protons         Total
______________________________________________________________


Beta_{ 2 0}       0.20571259      0.21638134      0.42209394
Beta_{ 2 2}       0.00000003      0.00000003      0.00000006

Beta_{ 3 0}       0.14035680      0.16262128      0.30297808
Beta_{ 3 2}      -0.00000003     -0.00000008     -0.00000011

Beta_{ 4 0}       0.15680610      0.19056628      0.34737239
Beta_{ 4 2}      -0.00000006     -0.00000015     -0.00000020
Beta_{ 4 4}       0.00003303      0.00003904      0.00007207

Beta_{ 5 0}       0.20255534      0.26833984      0.47089519
Beta_{ 5 2}      -0.00000006      0.00000000     -0.00000005
Beta_{ 5 4}      -0.00006338     -0.00010727     -0.00017065

Beta_{ 6 0}       0.25775150      0.38622927      0.64398077
Beta_{ 6 2}      -0.00000032     -0.00000068     -0.00000099
Beta_{ 6 4}       0.00017309      0.00028411      0.00045720
Beta_{ 6 6}       0.00000001      0.00000005      0.00000006

Beta_{ 7 0}       0.34370652      0.53835533      0.88206185
Beta_{ 7 2}      -0.00000052     -0.00000070     -0.00000123
Beta_{ 7 4}      -0.00012393     -0.00029239     -0.00041632
Beta_{ 7 6}       0.00000003      0.00000064      0.00000067

Beta_{ 8 0}       0.55686719      0.95840602      1.51527321
Beta_{ 8 2}       0.00000063      0.00000479      0.00000543
Beta_{ 8 4}       0.00002981     -0.00017346     -0.00014365
Beta_{ 8 6}       0.00000044      0.00000290      0.00000334
Beta_{ 8 8}      -0.00032595     -0.00046699     -0.00079294

Beta_{ 9 0}       0.76981566      1.35351704      2.12333269
Beta_{ 9 2}      -0.00000191     -0.00000675     -0.00000866
Beta_{ 9 4}       0.00238663      0.00464614      0.00703277
Beta_{ 9 6}      -0.00000028      0.00000356      0.00000328
Beta_{ 9 8}       0.00081545      0.00037266      0.00118811

Beta_{10 0}       1.28083855      2.38173900      3.66257755
Beta_{10 2}      -0.00000165     -0.00000497     -0.00000662
Beta_{10 4}       0.00056502      0.01126620      0.01183123
Beta_{10 6}       0.00000048      0.00000260      0.00000308
Beta_{10 8}      -0.00263744      0.01013133      0.00749389
Beta_{1010}      -0.00000035     -0.00000644     -0.00000679

______________________________________________________________
                     Neutrons        Protons         Total
______________________________________________________________
Q_{ 1}                0.0229          0.0229          0.0001
Q_{ 2}               10.4212         10.9617         21.3829
Q_{ 3}               23.1605         26.8344         49.9950
Q_{ 4}               84.2822        102.4281        186.7103
Q_{ 5}              354.6294        469.8034        824.4328
Q_{ 6}             1469.9083       2202.5931       3672.5014
Q_{ 7}             6384.6132      10000.3663      16384.9794
Q_{ 8}            33694.3015      57990.1627      91684.4629
Q_{ 9}           151723.8970     266766.6065     418490.4333
Q_{10}           822274.4894    1529087.1607    2351330.5044
______________________________________________________________
                     Neutrons        Protons         Total
______________________________________________________________
Beta_{   1}       0.00147564      0.00147123      0.00000441
Beta_{   2}       0.20571259      0.21638134      0.42209394
Beta_{   3}       0.14035680      0.16262128      0.30297808
Beta_{   4}       0.15680611      0.19056629      0.34737240
Beta_{   5}       0.20255536      0.26833988      0.47089525
Beta_{   6}       0.25775161      0.38622948      0.64398109
Beta_{   7}       0.34370657      0.53835549      0.88206205
Beta_{   8}       0.55686738      0.95840628      1.51527364
Beta_{   9}       0.76982392      1.35353309      2.12335665
Beta_{  10}       1.28084423      2.38183538      3.66263110
______________________________________________________________
 Cart. Moments X              Y              Z
 Cart. N      -16.5210589    -16.5210696     33.0421285
 Cart. P      -17.3778801    -17.3778922     34.7557723
 Cart. T      -33.8989390    -33.8989618     67.7979008
 (Q, gamma)    Q              Gamma
 (Q,g) N       33.0421285      0.0000107
 (Q,g) P       34.7557723      0.0000115
 (Q,g) T       67.7979008      0.0000111
 (iq1, iq2)    iq1            iq2
 iq    N       33.0421250      0.0000071
 iq    P       34.7557682      0.0000081
 iq    T       67.7978932      0.0000152
               X^2            Y^2            Z^2
 X^2_i N       22.1349965     22.1349929     38.6560590
 X^2_i P       22.6078191     22.6078150     39.9857032
 X^2_i T       44.7428156     44.7428080     78.6417621
------------------------------------------------------------
------------------------- Angular Momentum (hbar) --------------------------

               Spwfs(*)    Desired     Omega       E (MeV)      Densit. 
  __________________________________________________________________________
   J_x   |     0.00000     0.00000     0.00000     0.00000     0.00000
   J_y   |     0.00000     0.00000     0.00000     0.00000     0.00000
   J_z   |     0.00000     0.00000     0.00000     0.00000     0.00000
  __________________________________________________________________________
   Size  |     0.00000     0.00000     0.00000                 0.00000
  --------------------------------------------------------------------------
---------------------Rotational properties--------------------
                Rigid rotor          (hbar^2/MeV)
              n              p              t 
 I_R X       1.4658676      1.5093309      2.9751985
 I_R Y       1.4658677      1.5093310      2.9751987
 I_R Z       1.0674917      1.0902943      2.1577860

                Belyaev                 (hbar^2/MeV) 
              n              p              t 
 I_B X       0.6076457      0.5845715      1.1922172
 I_B Y       0.6076451      0.5845711      1.1922162
 I_B Z       0.0000196      0.0000268      0.0000464

                Belyaev (collective)    (hbar^2/MeV) 
              n              p              t 
 I_B X       0.6076457      0.5845715      1.1922172
 I_B Y       0.6076451      0.5845711      1.1922162
 I_B Z       0.0000196      0.0000268      0.0000464

                 <J^2> - <J>^2          (hbar^2)
              n              p              t 
 J2_X        1.5717903      1.5716930      3.1434833
 J2_Y        1.5717888      1.5716921      3.1434809
 J2_Z        0.0001305      0.0001683      0.0002988
 J2_t        3.1437096      3.1435534      6.2872630

                 <J^2> - <J>^2 (coll.)  (hbar^2)
              n              p              t 
 J2_X        1.5717903      1.5716930      3.1434833
 J2_Y        1.5717888      1.5716921      3.1434809
 J2_Z        0.0001305      0.0001683      0.0002988
 J2_t        3.1437096      3.1435534      6.2872630
-------------------------- Pairing -------------------------
                          N         P 
 Fermi Level (MeV)    -12.03377764    -7.90988880
 Particles             10.00000000    10.00000000
 Dispersion             1.82352818     1.87228468
 Average gap   v^2      0.65587565     0.69908078
 Average gap   uv       1.50449986     1.55558490
------------------------------------------------------------
--------------------------------------------------------------------------------
 Skyrme Energy 
                                    Isoscalar      Isovector   |   Total
--------------------------------------------------------------------------------
  E_D_I_I_D_I_I                  -1295.185859       0.051298   -1295.134561
  E_D_I_I_D_Nm_Nm                   27.745066      -0.003022      27.742044
  E_D_I_I_Lap_D_I_I                 58.126632       0.001402      58.128034
  E_D_I_I_D_I_I_DD                 735.691914      -0.026060     735.665854
  E_C_I_NmSk_C_I_NmSk                0.000000       0.000000       0.000000
  E_D_I_I_Derm_C_I_NxmSxm          -10.761694      -0.000444     -10.762138
  E_DP_I_I_DP_I_I                                                 -4.340575
--------------------------------------------------------------------------------
                 Total Skyrme:                                  -488.701343
                    time-even:                                  -488.701343
                    time-odd :                                     0.000000
--------------------------------------------------------------------------------
--------------------------------------------------------------------------------
                                     neutron        proton         total
                Kinetic Energy:     162.461686     159.137014     321.598700
                    COM 1-body:      -8.123084      -7.956851     -16.079935
                    COM 2-body:       3.213044       3.160345       6.373389
                            ph:       3.188283       3.132157       6.320440
                            pp:       0.024761       0.028188       0.052949
                 Collective T:                                     -2.453121

                 Rotational  T:                                    -2.453121
                 Rotational  X:                                    -1.226051
                 Rotational  Y:                                    -1.226052
                 Rotational  Z:                                    -0.001018

                 Vibrational T:                                     0.000000
                 Vibrational X:                                    -0.000000
                 Vibrational Y:                                    -0.000000
                 Vibrational Z:                                    -0.000000


                Coulomb Direct:       0.000000      23.427439      23.427439
                      Exchange:       0.000000       0.000000       0.000000

               Pairing (delta):      -2.090810      -2.250053      -4.340863
               Pairing (densi):                                    -4.340575
--------------------------------------------------------------------------------
                  Total energy:                                  -155.834871
                    from spwfs:                                  -155.834817
                   E_fu - E_sp:                                -0.545303E-04
                   (no corr.) :                                  -159.755139
                      Routhian:                                  -157.230865
                         dE   :                                 0.195030E-02
                         dR   :                                 0.196919E-02
--------------------------------------------------------------------------------
--------------------------------------------------------------------------------
 Iteration =  101
 dt  =   0.0248      mu  =   0.8300 gradn=    0.000E+00 D2H =    2.260E-06
 E   =   -155.835    DE  =  0.53270E-06
 R   =   -157.231    DR  =  0.74462E-06
 R-E =     -1.396  D(R-E)=  0.21859E-06
 dmun=  2.4E-05      dmup= -1.0E-05
 RQ10=     -0.0001   dQ =-3.0E-04  L =     -0.4211   dL =-2.9E-05  dev = 6.9E-05
 RQ20=     21.3834   dQ =-4.0E-04  L =      0.0000   dL = 0.0E+00  dev = 0.0E+00
 RQ22=      0.0000   dQ =-7.9E-09  L =      0.0000   dL = 0.0E+00  dev = 0.0E+00
 RQ30=     49.9950   dQ =-7.4E-03  L =      0.0570   dL =-1.4E-06  dev = 5.0E-03
 Jz  =    0.000      dJZ =  0.0E+00
--------------------------------------------------------------------------------
 Iteration =  102
 dt  =   0.0248      mu  =   0.8300 gradn=    0.000E+00 D2H =    2.111E-06
 E   =   -155.835    DE  =  0.69971E-06
 R   =   -157.231    DR  =  0.76321E-06
 R-E =     -1.396  D(R-E)=  0.70334E-07
 dmun=  2.5E-05      dmup= -8.5E-06
 RQ10=     -0.0001   dQ =-2.6E-04  L =     -0.4211   dL =-2.5E-05  dev = 5.3E-05
 RQ20=     21.3839   dQ =-3.3E-04  L =      0.0000   dL = 0.0E+00  dev = 0.0E+00
 RQ22=      0.0000   dQ =-1.2E-08  L =      0.0000   dL = 0.0E+00  dev = 0.0E+00
 RQ30=     49.9957   dQ =-6.0E-03  L =      0.0570   dL =-9.8E-07  dev = 4.3E-03
 Jz  =    0.000      dJZ =  0.0E+00
--------------------------------------------------------------------------------
 Iteration =  103
 dt  =   0.0248      mu  =   0.8300 gradn=    0.000E+00 D2H =    1.975E-06
 E   =   -155.835    DE  =  0.50162E-06
 R   =   -157.231    DR  =  0.65516E-06
 R-E =     -1.396  D(R-E)=  0.15941E-06
 dmun=  2.4E-05      dmup= -1.1E-05
 RQ10=     -0.0001   dQ =-2.5E-04  L =     -0.4212   dL =-2.4E-05  dev = 5.5E-05
 RQ20=     21.3844   dQ =-3.3E-04  L =      0.0000   dL = 0.0E+00  dev = 0.0E+00
 RQ22=      0.0000   dQ =-1.3E-08  L =      0.0000   dL = 0.0E+00  dev = 0.0E+00
 RQ30=     49.9957   dQ =-6.0E-03  L =      0.0570   dL =-9.7E-07  dev = 4.3E-03
 Jz  =    0.000      dJZ =  0.0E+00
--------------------------------------------------------------------------------
 Iteration =  104
 dt  =   0.0248      mu  =   0.8300 gradn=    0.000E+00 D2H =    1.850E-06
 E   =   -155.835    DE  =  0.64835E-06
 R   =   -157.230    DR  =  0.67454E-06
 R-E =     -1.396  D(R-E)=  0.32239E-07
 dmun=  2.4E-05      dmup= -1.0E-05
 RQ10=     -0.0000   dQ =-2.1E-04  L =     -0.4212   dL =-2.2E-05  dev = 4.2E-05
 RQ20=     21.3849   dQ =-2.7E-04  L =      0.0000   dL = 0.0E+00  dev = 0.0E+00
 RQ22=      0.0000   dQ =-1.3E-08  L =      0.0000   dL = 0.0E+00  dev = 0.0E+00
 RQ30=     49.9963   dQ =-4.8E-03  L =      0.0570   dL =-6.5E-07  dev = 3.7E-03
 Jz  =    0.000      dJZ =  0.0E+00
--------------------------------------------------------------------------------
 Iteration =  105
 dt  =   0.0248      mu  =   0.8300 gradn=    0.000E+00 D2H =    1.735E-06
 E   =   -155.834    DE  =  0.47198E-06
 R   =   -157.230    DR  =  0.58133E-06
 R-E =     -1.396  D(R-E)=  0.11456E-06
 dmun=  2.2E-05      dmup= -1.3E-05
 RQ10=     -0.0000   dQ =-2.1E-04  L =     -0.4212   dL =-2.1E-05  dev = 4.4E-05
 RQ20=     21.3853   dQ =-2.8E-04  L =      0.0000   dL = 0.0E+00  dev = 0.0E+00
 RQ22=      0.0000   dQ =-1.7E-08  L =      0.0000   dL = 0.0E+00  dev = 0.0E+00
 RQ30=     49.9963   dQ =-4.9E-03  L =      0.0570   dL =-6.7E-07  dev = 3.7E-03
 Jz  =    0.000      dJZ =  0.0E+00
--------------------------------------------------------------------------------
 Iteration =  106
 dt  =   0.0248      mu  =   0.8300 gradn=    0.000E+00 D2H =    1.629E-06
 E   =   -155.834    DE  =  0.59868E-06
 R   =   -157.230    DR  =  0.59960E-06
 R-E =     -1.396  D(R-E)=  0.62931E-08
 dmun=  2.1E-05      dmup= -1.1E-05
 RQ10=     -0.0000   dQ =-1.8E-04  L =     -0.4212   dL =-1.8E-05  dev = 3.3E-05
 RQ20=     21.3857   dQ =-2.3E-04  L =      0.0000   dL = 0.0E+00  dev = 0.0E+00
 RQ22=      0.0000   dQ =-1.4E-08  L =      0.0000   dL = 0.0E+00  dev = 0.0E+00
 RQ30=     49.9967   dQ =-4.0E-03  L =      0.0570   dL =-4.0E-07  dev = 3.3E-03
 Jz  =    0.000      dJZ =  0.0E+00
--------------------------------------------------------------------------------
 Iteration =  107
 dt  =   0.0248      mu  =   0.8300 gradn=    0.000E+00 D2H =    1.532E-06
 E   =   -155.834    DE  =  0.44163E-06
 R   =   -157.230    DR  =  0.51884E-06
 R-E =     -1.396  D(R-E)=  0.81863E-07
 dmun=  1.9E-05      dmup= -1.2E-05
 RQ10=     -0.0000   dQ =-1.8E-04  L =     -0.4212   dL =-1.8E-05  dev = 3.5E-05
 RQ20=     21.3861   dQ =-2.4E-04  L =      0.0000   dL = 0.0E+00  dev = 0.0E+00
 RQ22=      0.0000   dQ =-1.5E-08  L =      0.0000   dL = 0.0E+00  dev = 0.0E+00
 RQ30=     49.9967   dQ =-4.1E-03  L =      0.0570   dL =-4.4E-07  dev = 3.3E-03
 Jz  =    0.000      dJZ =  0.0E+00
--------------------------------------------------------------------------------
 Iteration =  108
 dt  =   0.0248      mu  =   0.8300 gradn=    0.000E+00 D2H =    1.441E-06
 E   =   -155.834    DE  =  0.55121E-06
 R   =   -157.230    DR  =  0.53591E-06
 R-E =     -1.396  D(R-E)= -0.10492E-07
 dmun=  1.8E-05      dmup= -1.1E-05
 RQ10=     -0.0000   dQ =-1.5E-04  L =     -0.4212   dL =-1.6E-05  dev = 2.7E-05
 RQ20=     21.3865   dQ =-1.9E-04  L =      0.0000   dL = 0.0E+00  dev = 0.0E+00
 RQ22=      0.0000   dQ =-1.5E-08  L =      0.0000   dL = 0.0E+00  dev = 0.0E+00
 RQ30=     49.9970   dQ =-3.4E-03  L =      0.0570   dL =-2.3E-07  dev = 3.0E-03
 Jz  =    0.000      dJZ =  0.0E+00
--------------------------------------------------------------------------------
 Iteration =  109
 dt  =   0.0248      mu  =   0.8300 gradn=    0.000E+00 D2H =    1.357E-06
 E   =   -155.834    DE  =  0.41187E-06
 R   =   -157.230    DR  =  0.46671E-06
 R-E =     -1.396  D(R-E)=  0.59013E-07
 dmun=  1.6E-05      dmup= -1.1E-05
 RQ10=     -0.0000   dQ =-1.5E-04  L =     -0.4213   dL =-1.6E-05  dev = 3.0E-05
 RQ20=     21.3868   dQ =-2.1E-04  L =      0.0000   dL = 0.0E+00  dev = 0.0E+00
 RQ22=      0.0000   dQ =-1.5E-08  L =      0.0000   dL = 0.0E+00  dev = 0.0E+00
 RQ30=     49.9970   dQ =-3.5E-03  L =      0.0570   dL =-2.9E-07  dev = 3.0E-03
 Jz  =    0.000      dJZ =  0.0E+00
--------------------- Sp wavefunctions -------------------------------------------------------------
____________________________________________________________________________________________________
   Neutron wavefunctions
  i     P   Rz   occ       E        d2h    Delta |   JxT    JyT    Jz      J   |   SxT    SyT    Sz
----------------------------------------------------------------------------------------------------
  1  0.99  1.0  1.0000   -35.264  2.2E-08   0.00 |  -0.50   0.50   0.50   0.52 |  -0.50   0.50   0.50
  9 -0.99  1.0  1.0000   -24.219  6.2E-08   0.01 |  -0.87   0.87   0.50   1.46 |  -0.45   0.45   0.40
 10 -0.98  1.0  0.9999   -21.783  2.4E-08   0.14 |  -0.00   0.00  -1.50   1.53 |   0.00   0.00  -0.50
 11 -0.91  1.0  0.9808   -17.049  4.4E-08   1.43 |   0.31  -0.31   0.50   0.78 |  -0.06   0.06  -0.39
  2  0.88  1.0  0.7210   -12.889  1.2E-07   1.73 |  -1.15   1.15   0.50   2.22 |  -0.41   0.41   0.31
  3  0.97  1.0  0.2466   -11.074  6.6E-08   1.63 |  -0.00   0.00  -1.50   2.50 |  -0.00   0.00  -0.42
  4  0.95  1.0  0.0361    -8.818  2.5E-08   1.29 |   0.00  -0.00   2.50   2.54 |  -0.00   0.00   0.50
  5  0.80  1.0  0.0133    -7.155  1.1E-06   1.14 |  -0.61   0.61   0.50   1.65 |  -0.34   0.34   0.17
  6  0.14  1.0  0.0014    -4.717  6.8E-03   0.51 |  -0.25   0.25   0.50   2.12 |  -0.44   0.44   0.37
 12  0.48  1.0  0.0009    -3.726  6.8E-03   0.38 |   0.26  -0.26   0.50   2.18 |  -0.30   0.30   0.10
  7  0.68  1.0  0.0000    -2.253  2.9E-05   0.10 |   0.00  -0.00  -1.49   1.97 |   0.00  -0.00   0.35
 20 -0.75  1.0  0.0000    -0.906  1.5E-03   0.04 |  -1.09   1.09   0.50   3.00 |  -0.37   0.37   0.24
 13 -0.68  1.0  0.0000    -0.304  1.9E-04   0.01 |  -0.00   0.00  -1.49   2.63 |   0.00  -0.00  -0.42
 18 -0.32  1.0  0.0000     0.425  2.0E-03   0.01 |   0.01  -0.01   0.47   1.76 |  -0.01   0.01  -0.48
 17 -0.13  1.0  0.0000     0.596  5.1E-03   0.01 |   0.04  -0.04  -1.47   2.80 |   0.00  -0.00  -0.42
 14 -0.29  1.0  0.0000     1.099  8.9E-03   0.01 |   0.43  -0.43   1.13   2.64 |   0.41  -0.41   0.49
 15 -0.22  1.0  0.0000     1.400  1.4E-03   0.01 |  -0.69   0.69   0.50   2.15 |  -0.47   0.47   0.45
  8  0.45  1.0  0.0000     1.504  1.7E-03   0.00 |  -0.12   0.13   0.51   2.46 |  -0.02   0.03  -0.45
 19 -0.82  1.0  0.0000     1.921  1.9E-02   0.00 |   0.08  -0.08   1.31   2.86 |   0.17  -0.18   0.45
 16 -0.75  1.0  0.0000     3.164  3.3E-03   0.00 |   0.00  -0.00  -3.31   3.67 |  -0.00   0.00  -0.50
____________________________________________________________________________________________________
   Proton  wavefunctions
  i     P   Rz   occ       E        d2h    Delta |   JxT    JyT    Jz      J   |   SxT    SyT    Sz
----------------------------------------------------------------------------------------------------
 21  0.99  1.0  1.0000   -30.742  1.7E-08   0.00 |  -0.50   0.50   0.50   0.52 |  -0.50   0.50   0.50
 29 -0.99  1.0  1.0000   -19.889  4.9E-08   0.02 |  -0.87   0.87   0.50   1.46 |  -0.45   0.45   0.40
 30 -0.98  1.0  0.9999   -17.427  2.0E-08   0.19 |  -0.00   0.00  -1.50   1.53 |   0.00   0.00  -0.50
 31 -0.91  1.0  0.9773   -12.781  4.5E-08   1.52 |   0.30  -0.30   0.50   0.79 |  -0.06   0.06  -0.39
 22  0.86  1.0  0.7153    -8.780  7.8E-08   1.81 |  -1.13   1.13   0.50   2.21 |  -0.41   0.41   0.32
 23  0.97  1.0  0.2494    -6.917  5.8E-08   1.72 |  -0.00   0.00  -1.50   2.50 |  -0.00   0.00  -0.42
 24  0.95  1.0  0.0393    -4.681  2.8E-08   1.36 |   0.00  -0.00   2.50   2.54 |   0.00  -0.00   0.50
 25  0.58  1.0  0.0138    -3.386  3.8E-04   1.04 |  -0.63   0.63   0.50   2.02 |  -0.35   0.35   0.20
 40 -0.04  1.0  0.0025    -2.076  6.1E-04   0.49 |  -0.57   0.57   0.50   2.43 |  -0.50   0.50   0.49
 26  0.83  1.0  0.0025    -0.186  2.3E-04   0.69 |   0.61  -0.61   0.50   1.66 |  -0.23   0.23  -0.03
 27  0.66  1.0  0.0001     1.356  1.8E-04   0.14 |  -0.00   0.00  -1.39   1.99 |   0.04  -0.04   0.34
 37 -0.31  1.0  0.0000     1.997  2.4E-03   0.04 |   0.06  -0.06  -1.47   2.25 |   0.00  -0.00  -0.48
 28  0.16  1.0  0.0000     2.243  4.5E-03   0.06 |   0.05  -0.04   0.47   1.92 |  -0.02   0.02  -0.47
 38 -0.38  1.0  0.0000     2.514  8.5E-02   0.04 |  -0.36   0.36   0.50   2.59 |  -0.14   0.14  -0.22
 39 -0.73  1.0  0.0000     2.575  6.8E-03   0.02 |   0.44  -0.44   0.50   2.27 |   0.46  -0.46   0.48
 33  0.28  1.0  0.0000     2.835  5.0E-02   0.01 |   0.42  -0.43  -1.08   2.96 |   0.11  -0.11  -0.24
 32 -0.26  1.0  0.0000     3.038  9.9E-02   0.03 |  -0.51   0.51   0.51   2.50 |  -0.26   0.27   0.03
 34  0.71  1.0  0.0000     3.050  3.4E-02   0.02 |   0.03  -0.02   0.13   2.27 |   0.36  -0.36   0.33
 35 -0.28  1.0  0.0000     3.659  2.4E-02   0.03 |  -0.90   0.90   0.50   2.39 |  -0.46   0.46   0.41
 36 -0.47  1.0  0.0000     5.750  4.4E-03   0.00 |  -0.00   0.00  -2.91   3.95 |  -0.00   0.00  -0.50
----------------------------------------------------------------------------------------------------
--------------------- Canonical basis  -------------------------------------------------------------
____________________________________________________________________________________________________
   Neutron wavefunctions
  i     P   Rz   occ       E        d2h    Delta |   JxT    JyT    Jz      J   |   SxT    SyT    Sz
----------------------------------------------------------------------------------------------------
 20  0.99  1.0  2.0000   -35.264  0.0E+00   0.00 |  -0.50   0.50   0.50   0.52 |  -0.50   0.50   0.50
 19 -0.99  1.0  2.0000   -24.219  0.0E+00   0.01 |  -0.87   0.87   0.50   1.46 |  -0.45   0.45   0.40
 18 -0.98  1.0  1.9999   -21.783  0.0E+00   0.14 |  -0.00   0.00  -1.50   1.53 |   0.00   0.00  -0.50
 17 -0.92  1.0  1.9616   -17.049  0.0E+00   1.43 |   0.31  -0.31   0.50   0.77 |  -0.06   0.06  -0.39
 16  0.89  1.0  1.4420   -12.889  0.0E+00   1.74 |  -1.16   1.16   0.50   2.22 |  -0.41   0.41   0.31
 15  0.97  1.0  0.4931   -11.074  0.0E+00   1.63 |  -0.00   0.00  -1.50   2.50 |  -0.00   0.00  -0.42
 14  0.95  1.0  0.0722    -8.818  0.0E+00   1.29 |   0.00  -0.00   2.50   2.54 |  -0.00   0.00   0.50
 13  0.82  1.0  0.0274    -7.048  0.0E+00   1.19 |  -0.40   0.40   0.50   1.67 |  -0.26   0.26   0.03
 12  0.75  1.0  0.0032    -4.488  0.0E+00   0.60 |   0.25  -0.25   0.50   1.42 |  -0.37   0.37   0.24
 11 -0.22  1.0  0.0005    -3.930  0.0E+00   0.25 |  -0.63   0.63   0.50   2.68 |  -0.42   0.42   0.34
 10  0.65  1.0  0.0001    -2.249  0.0E+00   0.10 |  -0.01   0.01  -1.50   2.01 |   0.00  -0.00   0.34
  9 -0.70  1.0  0.0000    -1.029  0.0E+00   0.01 |  -0.94   0.95   0.50   3.04 |  -0.39   0.39   0.27
  8 -0.66  1.0  0.0000    -0.153  0.0E+00   0.01 |   0.04  -0.04  -1.50   3.02 |   0.00  -0.00  -0.34
  5 -0.12  1.0  0.0000     0.448  0.0E+00   0.00 |   0.04  -0.01  -1.47   2.34 |   0.01   0.00  -0.48
  4 -0.57  1.0  0.0000     0.718  0.0E+00   0.00 |  -0.58   0.56   0.45   2.04 |  -0.11   0.10  -0.29
  6 -0.33  1.0  0.0000     1.221  0.0E+00   0.00 |  -0.16   0.15   0.50   1.92 |  -0.38   0.39   0.27
  2  0.81  1.0  0.0000     1.386  0.0E+00   0.00 |  -0.05   0.06   0.50   2.42 |  -0.01   0.02  -0.47
  1 -0.80  1.0  0.0000     1.480  0.0E+00   0.00 |   0.46  -0.46   0.36   2.29 |   0.46  -0.46   0.49
  7 -0.31  1.0  0.0000     1.532  0.0E+00   0.00 |   0.03  -0.03   2.08   3.16 |   0.12  -0.12   0.46
  3 -0.74  1.0  0.0000     3.158  0.0E+00   0.00 |   0.00  -0.00  -3.29   3.66 |  -0.00   0.00  -0.49
____________________________________________________________________________________________________
   Proton  wavefunctions
  i     P   Rz   occ       E        d2h    Delta |   JxT    JyT    Jz      J   |   SxT    SyT    Sz
----------------------------------------------------------------------------------------------------
 40  0.99  1.0  2.0000   -30.742  0.0E+00   0.00 |  -0.50   0.50   0.50   0.52 |  -0.50   0.50   0.50
 39 -0.99  1.0  2.0000   -19.888  0.0E+00   0.02 |  -0.87   0.87   0.50   1.47 |  -0.45   0.45   0.40
 38 -0.98  1.0  1.9998   -17.427  0.0E+00   0.19 |  -0.00   0.00  -1.50   1.53 |   0.00   0.00  -0.50
 37 -0.91  1.0  1.9546   -12.781  0.0E+00   1.52 |   0.31  -0.31   0.50   0.78 |  -0.06   0.06  -0.39
 36  0.88  1.0  1.4310    -8.778  0.0E+00   1.82 |  -1.14   1.14   0.50   2.22 |  -0.41   0.41   0.32
 35  0.97  1.0  0.4988    -6.916  0.0E+00   1.72 |  -0.00   0.00  -1.50   2.50 |  -0.00   0.00  -0.42
 34  0.95  1.0  0.0786    -4.681  0.0E+00   1.36 |  -0.00   0.00   2.50   2.54 |  -0.00   0.00   0.50
 33  0.83  1.0  0.0315    -3.080  0.0E+00   1.24 |  -0.37   0.37   0.50   1.66 |  -0.25   0.25   0.00
 31 -0.22  1.0  0.0017    -1.662  0.0E+00   0.36 |  -0.57   0.57   0.50   2.83 |  -0.45   0.45   0.41
 32  0.76  1.0  0.0039    -0.804  0.0E+00   0.63 |   0.27  -0.27   0.50   1.41 |  -0.37   0.37   0.23
 30  0.66  1.0  0.0001     1.414  0.0E+00   0.15 |  -0.01   0.01  -1.49   2.01 |   0.00  -0.00   0.35
 26  0.53  1.0  0.0000     2.295  0.0E+00   0.00 |   0.06  -0.06  -1.48   2.55 |  -0.00  -0.00  -0.48
 29 -0.73  1.0  0.0000     2.356  0.0E+00   0.03 |  -0.94   0.95   0.50   2.95 |  -0.37   0.37   0.23
 27 -0.67  1.0  0.0000     2.484  0.0E+00   0.00 |   0.18  -0.17   0.51   1.79 |  -0.03   0.04  -0.43
 28 -0.55  1.0  0.0000     2.564  0.0E+00   0.02 |   0.02  -0.02  -1.49   2.71 |   0.00  -0.00  -0.44
 23  0.29  1.0  0.0000     2.623  0.0E+00   0.00 |   0.43  -0.43   0.66   2.33 |   0.48  -0.48   0.50
 21 -0.33  1.0  0.0000     2.916  0.0E+00   0.00 |   0.45  -0.45   0.49   2.20 |   0.50  -0.50   0.50
 24  0.64  1.0  0.0000     3.050  0.0E+00   0.00 |  -0.21   0.22   0.51   2.34 |  -0.08   0.08  -0.34
 25 -0.04  1.0  0.0000     3.462  0.0E+00   0.00 |  -0.65   0.65   0.49   2.27 |  -0.40   0.40   0.30
 22 -0.47  1.0  0.0000     5.745  0.0E+00   0.00 |   0.00  -0.00  -2.93   3.95 |  -0.00   0.00  -0.50
----------------------------------------------------------------------------------------------------
---------------------------------Quasiparticles---------------------------------
Block 1:  P=+1  neutrons
  N      Eqp       f_n      |   U   V  |   B  P  ov_TR |    JxT    JyT    Jz
________________________________________________________________________________
  1    -23.23      0.00E+00 |    1   0 |   -  -  0.000 |    0.00   0.00   0.50
  2    -15.20      0.00E+00 |    0  16 |   -  -  0.000 |    0.00   0.00   3.31
  3    -13.95      0.00E+00 |    0  19 |   -  -  0.000 |    0.00   0.00  -1.31
  4    -13.54      0.00E+00 |    0   8 |   -  -  0.000 |    0.00   0.00  -0.51
  5    -13.43      0.00E+00 |    0  15 |   -  -  0.000 |    0.00   0.00  -0.50
  6    -13.13      0.00E+00 |    0  14 |   -  -  0.000 |    0.00   0.00  -1.13
  7    -12.63      0.00E+00 |    0  17 |   -  -  0.000 |    0.00   0.00   1.47
  8    -12.46      0.00E+00 |    0  18 |   -  -  0.000 |    0.00   0.00  -0.47
  9    -12.19      0.00E+00 |    9   0 |   -  -  0.000 |    0.00   0.00   0.50
 10    -11.73      0.00E+00 |    0  13 |   -  -  0.000 |    0.00   0.00   1.49
 11    -11.13      0.00E+00 |    0  20 |   -  -  0.000 |    0.00   0.00  -0.50
 12     -9.78      0.00E+00 |   10   7 |   -  -  0.000 |    0.00   0.00   1.38
 13     -9.75      0.00E+00 |   10   7 |   -  -  0.000 |    0.00   0.00  -1.39
 14     -8.32      0.00E+00 |    0  12 |   -  -  0.000 |    0.00   0.00  -0.50
 15     -7.34      0.00E+00 |    0   6 |   -  -  0.000 |    0.00   0.00  -0.50
 16     -5.22      0.00E+00 |   11  11 |   -  -  0.000 |    0.00   0.00   0.47
 17     -5.01      0.00E+00 |   11   5 |   -  -  0.000 |    0.00   0.00  -0.47
 18     -3.47      0.00E+00 |    4   4 |   -  -  0.000 |    0.00   0.00  -2.32
 19     -1.93      0.00E+00 |    2   2 |   -  -  0.000 |    0.00   0.00   0.22
 20     -1.89      0.00E+00 |    3   3 |   -  -  0.000 |    0.00   0.00   0.76
 21      1.89      1.00E+00 |    3   3 |   -  -  0.000 |    0.00   0.00  -0.76
 22      1.93      1.00E+00 |    2   2 |   -  -  0.000 |    0.00   0.00  -0.22
 23      3.47      1.00E+00 |    4   4 |   -  -  0.000 |    0.00   0.00   2.32
 24      5.01      1.00E+00 |    5  11 |   -  -  0.000 |    0.00   0.00   0.47
 25      5.22      1.00E+00 |   11  11 |   -  -  0.000 |    0.00   0.00  -0.47
 26      7.34      1.00E+00 |    6   0 |   -  -  0.000 |    0.00   0.00   0.50
 27      8.32      1.00E+00 |   12   0 |   -  -  0.000 |    0.00   0.00   0.50
 28      9.75      1.00E+00 |    7  10 |   -  -  0.000 |    0.00   0.00   1.39
 29      9.78      1.00E+00 |    7  10 |   -  -  0.000 |    0.00   0.00  -1.38
 30     11.13      1.00E+00 |   20   0 |   -  -  0.000 |    0.00   0.00   0.50
 31     11.73      1.00E+00 |   13   0 |   -  -  0.000 |    0.00   0.00  -1.49
 32     12.19      1.00E+00 |    0   9 |   -  -  0.000 |    0.00   0.00  -0.50
 33     12.46      1.00E+00 |   18   0 |   -  -  0.000 |    0.00   0.00   0.47
 34     12.63      1.00E+00 |   17   0 |   -  -  0.000 |    0.00   0.00  -1.47
 35     13.13      1.00E+00 |   14   0 |   -  -  0.000 |    0.00   0.00   1.13
 36     13.43      1.00E+00 |   15   0 |   -  -  0.000 |    0.00   0.00   0.50
 37     13.54      1.00E+00 |    8   0 |   -  -  0.000 |    0.00   0.00   0.51
 38     13.95      1.00E+00 |   19   0 |   -  -  0.000 |    0.00   0.00   1.31
 39     15.20      1.00E+00 |   16   0 |   -  -  0.000 |    0.00   0.00  -3.31
 40     23.23      1.00E+00 |    0   1 |   -  -  0.000 |    0.00   0.00  -0.50

Block 5:  P=+1   protons
  N      Eqp       f_n      |   U   V  |   B  P  ov_TR |    JxT    JyT    Jz
________________________________________________________________________________
  1    -22.83      0.00E+00 |   21   0 |   -  -  0.000 |    0.00   0.00   0.50
  2    -13.66      0.00E+00 |    0  36 |   -  -  0.000 |    0.00   0.00   2.91
  3    -11.98      0.00E+00 |   29   0 |   -  -  0.000 |    0.00   0.00   0.50
  4    -11.57      0.00E+00 |    0  35 |   -  -  0.000 |    0.00   0.00  -0.50
  5    -10.96      0.00E+00 |    0  34 |   -  -  0.000 |    0.00   0.00  -0.13
  6    -10.95      0.00E+00 |    0  32 |   -  -  0.000 |    0.00   0.00  -0.51
  7    -10.75      0.00E+00 |    0  33 |   -  -  0.000 |    0.00   0.00   1.08
  8    -10.49      0.00E+00 |    0  39 |   -  -  0.000 |    0.00   0.00  -0.50
  9    -10.42      0.00E+00 |    0  38 |   -  -  0.000 |    0.00   0.00  -0.50
 10    -10.15      0.00E+00 |    0  28 |   -  -  0.000 |    0.00   0.00  -0.47
 11     -9.91      0.00E+00 |    0  37 |   -  -  0.000 |    0.00   0.00   1.47
 12     -9.52      0.00E+00 |   30   0 |   -  -  0.000 |    0.00   0.00  -1.50
 13     -9.27      0.00E+00 |    0  27 |   -  -  0.000 |    0.00   0.00   1.39
 14     -7.76      0.00E+00 |    0  26 |   -  -  0.000 |    0.00   0.00  -0.50
 15     -5.87      0.00E+00 |    0  40 |   -  -  0.000 |    0.00   0.00  -0.49
 16     -5.10      0.00E+00 |   31  31 |   -  -  0.000 |    0.00   0.00   0.47
 17     -4.66      0.00E+00 |   25  25 |   -  -  0.000 |    0.00   0.00  -0.48
 18     -3.50      0.00E+00 |   24  24 |   -  -  0.000 |    0.00   0.00  -2.30
 19     -2.00      0.00E+00 |   22  22 |   -  -  0.000 |    0.00   0.00   0.21
 20     -1.98      0.00E+00 |   23  23 |   -  -  0.000 |    0.00   0.00   0.75
 21      1.98      1.00E+00 |   23  23 |   -  -  0.000 |    0.00   0.00  -0.75
 22      2.00      1.00E+00 |   22  22 |   -  -  0.000 |    0.00   0.00  -0.21
 23      3.50      1.00E+00 |   24  24 |   -  -  0.000 |    0.00   0.00   2.30
 24      4.66      1.00E+00 |   25  25 |   -  -  0.000 |    0.00   0.00   0.48
 25      5.10      1.00E+00 |   31  31 |   -  -  0.000 |    0.00   0.00  -0.47
 26      5.87      1.00E+00 |   40   0 |   -  -  0.000 |    0.00   0.00   0.49
 27      7.76      1.00E+00 |   26   0 |   -  -  0.000 |    0.00   0.00   0.50
 28      9.27      1.00E+00 |   27   0 |   -  -  0.000 |    0.00   0.00  -1.39
 29      9.52      1.00E+00 |    0  30 |   -  -  0.000 |    0.00   0.00   1.50
 30      9.91      1.00E+00 |   37   0 |   -  -  0.000 |    0.00   0.00  -1.47
 31     10.15      1.00E+00 |   28   0 |   -  -  0.000 |    0.00   0.00   0.47
 32     10.42      1.00E+00 |   38   0 |   -  -  0.000 |    0.00   0.00   0.50
 33     10.49      1.00E+00 |   39   0 |   -  -  0.000 |    0.00   0.00   0.50
 34     10.75      1.00E+00 |   33   0 |   -  -  0.000 |    0.00   0.00  -1.08
 35     10.95      1.00E+00 |   32   0 |   -  -  0.000 |    0.00   0.00   0.51
 36     10.96      1.00E+00 |   34   0 |   -  -  0.000 |    0.00   0.00   0.13
 37     11.57      1.00E+00 |   35   0 |   -  -  0.000 |    0.00   0.00   0.50
 38     11.98      1.00E+00 |    0  29 |   -  -  0.000 |    0.00   0.00  -0.50
 39     13.66      1.00E+00 |   36   0 |   -  -  0.000 |    0.00   0.00  -2.91
 40     22.83      1.00E+00 |    0  21 |   -  -  0.000 |    0.00   0.00  -0.50

--------------------------------------------------------------------------------
---------------- Electric Multipole Moments -----------------
Quantisation Axis             : Z
  With secondary axis ordering: X,Y
______________________________________________________________
                     Neutrons        Protons         Total
______________________________________________________________
 Particles           10.0000         10.0000         20.0000

Re  Q_{ 1 0}         -0.0230          0.0230         -0.0000
Constrained                                           0.0000
Re De_{ 1 0}                                   0.2307569E-04
Re La_{ 1 0}                                         -0.4213

Re  Q_{ 2 0}         10.4232         10.9639         21.3871
Re  Q_{ 2 2}          0.0000          0.0000          0.0000

Re  Q_{ 3 0}         23.1580         26.8392         49.9973
Constrained                                          50.0000
Re De_{ 3 0}                                   0.2717112E-02
Re La_{ 3 0}                                          0.0570
Re  Q_{ 3 2}         -0.0000         -0.0000         -0.0000

Re  Q_{ 4 0}         84.3097        102.4854        186.7951
Re  Q_{ 4 2}         -0.0000         -0.0001         -0.0001
Re  Q_{ 4 4}          0.0180          0.0214          0.0394

Re  Q_{ 5 0}        354.6828        470.0300        824.7129
Re  Q_{ 5 2}         -0.0001          0.0000         -0.0001
Re  Q_{ 5 4}         -0.1097         -0.1888         -0.2985

Re  Q_{ 6 0}       1470.4469       2204.4601       3674.9070
Re  Q_{ 6 2}         -0.0017         -0.0029         -0.0047
Re  Q_{ 6 4}          0.9762          1.5632          2.5394
Re  Q_{ 6 6}          0.0001          0.0000          0.0001

Re  Q_{ 7 0}       6388.1755      10009.9432      16398.1188
Re  Q_{ 7 2}         -0.0093         -0.0103         -0.0196
Re  Q_{ 7 4}         -1.9848         -5.5549         -7.5398
Re  Q_{ 7 6}          0.0006          0.0057          0.0063

Re  Q_{ 8 0}      33721.7065      58059.4090      91781.1154
Re  Q_{ 8 2}          0.0344          0.2018          0.2361
Re  Q_{ 8 4}          1.9884        -10.7778         -8.7893
Re  Q_{ 8 6}          0.0242          0.0528          0.0770
Re  Q_{ 8 8}        -20.3269        -29.6313        -49.9582

Re  Q_{ 9 0}     151851.4495     267104.5353     418955.9848
Re  Q_{ 9 2}         -0.3588         -0.8600         -1.2188
Re  Q_{ 9 4}        492.4893        883.1940       1375.6833
Re  Q_{ 9 6}         -0.0512         -0.2700         -0.3212
Re  Q_{ 9 8}        157.2054         34.6932        191.8985

Re  Q_{10 0}     823319.5145    1529228.3888    2352547.9033
Re  Q_{10 2}         -1.0113          1.3705          0.3592
Re  Q_{10 4}        546.3512       8730.3826       9276.7337
Re  Q_{10 6}          0.2295         -1.5329         -1.3034
Re  Q_{10 8}      -1650.4492       7340.2728       5689.8236
Re  Q_{1010}         -0.1842          0.3648          0.1807

 RMS radius           2.8797          2.9843          2.9325
______________________________________________________________
                     Neutrons        Protons         Total
______________________________________________________________


Beta_{ 2 0}       0.20575168      0.21642611      0.42217779
Beta_{ 2 2}       0.00000002      0.00000002      0.00000004

Beta_{ 3 0}       0.14034169      0.16265039      0.30299208
Beta_{ 3 2}      -0.00000003     -0.00000007     -0.00000010

Beta_{ 4 0}       0.15685717      0.19067290      0.34753007
Beta_{ 4 2}      -0.00000006     -0.00000010     -0.00000017
Beta_{ 4 4}       0.00003352      0.00003984      0.00007336

Beta_{ 5 0}       0.20258591      0.26846933      0.47105524
Beta_{ 5 2}      -0.00000006      0.00000002     -0.00000004
Beta_{ 5 4}      -0.00006268     -0.00010781     -0.00017049

Beta_{ 6 0}       0.25784606      0.38655686      0.64440292
Beta_{ 6 2}      -0.00000031     -0.00000051     -0.00000082
Beta_{ 6 4}       0.00017117      0.00027412      0.00044529
Beta_{ 6 6}       0.00000001      0.00000000      0.00000002

Beta_{ 7 0}       0.34389834      0.53887105      0.88276938
Beta_{ 7 2}      -0.00000050     -0.00000055     -0.00000105
Beta_{ 7 4}      -0.00010685     -0.00029904     -0.00040589
Beta_{ 7 6}       0.00000003      0.00000031      0.00000034

Beta_{ 8 0}       0.55732031      0.95955072      1.51687102
Beta_{ 8 2}       0.00000057      0.00000333      0.00000390
Beta_{ 8 4}       0.00003286     -0.00017812     -0.00014526
Beta_{ 8 6}       0.00000040      0.00000087      0.00000127
Beta_{ 8 8}      -0.00033594     -0.00048972     -0.00082566

Beta_{ 9 0}       0.77047110      1.35524769      2.12571879
Beta_{ 9 2}      -0.00000182     -0.00000436     -0.00000618
Beta_{ 9 4}       0.00249882      0.00448119      0.00698001
Beta_{ 9 6}      -0.00000026     -0.00000137     -0.00000163
Beta_{ 9 8}       0.00079764      0.00017603      0.00097366

Beta_{10 0}       1.28247205      2.38205537      3.66452743
Beta_{10 2}      -0.00000158      0.00000213      0.00000056
Beta_{10 4}       0.00085104      0.01359918      0.01445022
Beta_{10 6}       0.00000036     -0.00000239     -0.00000203
Beta_{10 8}      -0.00257088      0.01143383      0.00886295
Beta_{1010}      -0.00000029      0.00000057      0.00000028

______________________________________________________________
                     Neutrons        Protons         Total
______________________________________________________________
Q_{ 1}                0.0230          0.0230          0.0000
Q_{ 2}               10.4232         10.9639         21.3871
Q_{ 3}               23.1580         26.8392         49.9973
Q_{ 4}               84.3097        102.4854        186.7951
Q_{ 5}              354.6829        470.0301        824.7130
Q_{ 6}             1470.4476       2204.4612       3674.9088
Q_{ 7}             6388.1761      10009.9463      16398.1222
Q_{ 8}            33721.7189      58059.4261      91781.1435
Q_{ 9}           151853.2095     267107.4601     418960.5899
Q_{10}           823323.1855    1529313.4615    2352598.2447
______________________________________________________________
                     Neutrons        Protons         Total
______________________________________________________________
Beta_{   1}       0.00148039      0.00147891      0.00000148
Beta_{   2}       0.20575168      0.21642611      0.42217779
Beta_{   3}       0.14034169      0.16265039      0.30299208
Beta_{   4}       0.15685717      0.19067291      0.34753009
Beta_{   5}       0.20258593      0.26846937      0.47105530
Beta_{   6}       0.25784617      0.38655706      0.64440323
Beta_{   7}       0.34389837      0.53887121      0.88276957
Beta_{   8}       0.55732051      0.95955100      1.51687149
Beta_{   9}       0.77048003      1.35526253      2.12574215
Beta_{  10}       1.28247777      2.38218789      3.66460584
______________________________________________________________
 Cart. Moments X              Y              Z
 Cart. N      -16.5242001    -16.5242060     33.0484061
 Cart. P      -17.3814778    -17.3814858     34.7629635
 Cart. T      -33.9056778    -33.9056918     67.8113696
 (Q, gamma)    Q              Gamma
 (Q,g) N       33.0484061      0.0000060
 (Q,g) P       34.7629635      0.0000076
 (Q,g) T       67.8113696      0.0000068
 (iq1, iq2)    iq1            iq2
 iq    N       33.0484041      0.0000040
 iq    P       34.7629609      0.0000053
 iq    T       67.8113650      0.0000093
               X^2            Y^2            Z^2
 X^2_i N       22.1339684     22.1339664     38.6581704
 X^2_i P       22.6070310     22.6070283     39.9885114
 X^2_i T       44.7409994     44.7409947     78.6466819
------------------------------------------------------------
------------------------- Angular Momentum (hbar) --------------------------

               Spwfs(*)    Desired     Omega       E (MeV)      Densit. 
  __________________________________________________________________________
   J_x   |     0.00000     0.00000     0.00000     0.00000     0.00000
   J_y   |     0.00000     0.00000     0.00000     0.00000     0.00000
   J_z   |     0.00000     0.00000     0.00000     0.00000     0.00000
  __________________________________________________________________________
   Size  |     0.00000     0.00000     0.00000                 0.00000
  --------------------------------------------------------------------------
---------------------Rotational properties--------------------
                Rigid rotor          (hbar^2/MeV)
              n              p              t 
 I_R X       1.4658938      1.5093796      2.9752734
 I_R Y       1.4658939      1.5093797      2.9752736
 I_R Z       1.0674422      1.0902563      2.1576985

                Belyaev                 (hbar^2/MeV) 
              n              p              t 
 I_B X       0.6080495      0.5847654      1.1928150
 I_B Y       0.6080492      0.5847653      1.1928145
 I_B Z       0.0000195      0.0000270      0.0000465

                Belyaev (collective)    (hbar^2/MeV) 
              n              p              t 
 I_B X       0.6080495      0.5847654      1.1928150
 I_B Y       0.6080492      0.5847653      1.1928145
 I_B Z       0.0000195      0.0000270      0.0000465

                 <J^2> - <J>^2          (hbar^2)
              n              p              t 
 J2_X        1.5710403      1.5721329      3.1431732
 J2_Y        1.5710394      1.5721325      3.1431719
 J2_Z        0.0001299      0.0001694      0.0002993
 J2_t        3.1422096      3.1444349      6.2866444

                 <J^2> - <J>^2 (coll.)  (hbar^2)
              n              p              t 
 J2_X        1.5710403      1.5721329      3.1431732
 J2_Y        1.5710394      1.5721325      3.1431719
 J2_Z        0.0001299      0.0001694      0.0002993
 J2_t        3.1422096      3.1444349      6.2866444
-------------------------- Pairing -------------------------
                          N         P 
 Fermi Level (MeV)    -12.03356883    -7.90999670
 Particles             10.00000000    10.00000000
 Dispersion             1.82241540     1.87173366
 Average gap   v^2      0.65540169     0.69894698
 Average gap   uv       1.50331676     1.55517973
------------------------------------------------------------
--------------------------------------------------------------------------------
 Skyrme Energy 
                                    Isoscalar      Isovector   |   Total
--------------------------------------------------------------------------------
  E_D_I_I_D_I_I                  -1295.195362       0.051331   -1295.144031
  E_D_I_I_D_Nm_Nm                   27.745041      -0.003024      27.742017
  E_D_I_I_Lap_D_I_I                 58.127904       0.001402      58.129306
  E_D_I_I_D_I_I_DD                 735.698719      -0.026077     735.672642
  E_C_I_NmSk_C_I_NmSk                0.000000       0.000000       0.000000
  E_D_I_I_Derm_C_I_NxmSxm          -10.762018      -0.000444     -10.762462
  E_DP_I_I_DP_I_I                                                 -4.336667
--------------------------------------------------------------------------------
                 Total Skyrme:                                  -488.699195
                    time-even:                                  -488.699195
                    time-odd :                                     0.000000
--------------------------------------------------------------------------------
--------------------------------------------------------------------------------
                                     neutron        proton         total
                Kinetic Energy:     162.460931     159.136439     321.597370
                    COM 1-body:      -8.123047      -7.956822     -16.079868
                    COM 2-body:       3.212975       3.160387       6.373362
                            ph:       3.188222       3.132124       6.320346
                            pp:       0.024753       0.028264       0.053016
                 Collective T:                                     -2.451652

                 Rotational  T:                                    -2.451652
                 Rotational  X:                                    -1.225316
                 Rotational  Y:                                    -1.225316
                 Rotational  Z:                                    -0.001020

                 Vibrational T:                                     0.000000
                 Vibrational X:                                    -0.000000
                 Vibrational Y:                                    -0.000000
                 Vibrational Z:                                    -0.000000


                Coulomb Direct:       0.000000      23.427391      23.427391
                      Exchange:       0.000000       0.000000       0.000000

               Pairing (delta):      -2.087751      -2.249128      -4.336879
               Pairing (densi):                                    -4.336667
--------------------------------------------------------------------------------
                  Total energy:                                  -155.832593
                    from spwfs:                                  -155.832518
                   E_fu - E_sp:                                -0.756395E-04
                   (no corr.) :                                  -159.754303
                      Routhian:                                  -157.228476
                         dE   :                                 0.152099E-02
                         dR   :                                 0.151787E-02
--------------------------------------------------------------------------------
--------------------------------------------------------------------------------
 Iteration =  111
 dt  =   0.0248      mu  =   0.8300 gradn=    0.000E+00 D2H =    1.206E-06
 E   =   -155.833    DE  =  0.38451E-06
 R   =   -157.228    DR  =  0.42443E-06
 R-E =     -1.396  D(R-E)=  0.43715E-07
 dmun=  1.5E-05      dmup= -1.0E-05
 RQ10=     -0.0000   dQ =-1.4E-04  L =     -0.4213   dL =-1.4E-05  dev = 2.6E-05
 RQ20=     21.3874   dQ =-1.9E-04  L =      0.0000   dL = 0.0E+00  dev = 0.0E+00
 RQ22=      0.0000   dQ =-1.6E-08  L =      0.0000   dL = 0.0E+00  dev = 0.0E+00
 RQ30=     49.9972   dQ =-3.1E-03  L =      0.0570   dL =-1.9E-07  dev = 2.8E-03
 Jz  =    0.000      dJZ =  0.0E+00
--------------------------------------------------------------------------------
 Iteration =  112
 dt  =   0.0248      mu  =   0.8300 gradn=    0.000E+00 D2H =    1.138E-06
 E   =   -155.832    DE  =  0.46825E-06
 R   =   -157.228    DR  =  0.43967E-06
 R-E =     -1.396  D(R-E)= -0.24648E-07
 dmun=  1.5E-05      dmup= -9.1E-06
 RQ10=     -0.0000   dQ =-1.2E-04  L =     -0.4213   dL =-1.2E-05  dev = 2.1E-05
 RQ20=     21.3877   dQ =-1.6E-04  L =      0.0000   dL = 0.0E+00  dev = 0.0E+00
 RQ22=      0.0000   dQ =-1.6E-08  L =      0.0000   dL = 0.0E+00  dev = 0.0E+00
 RQ30=     49.9975   dQ =-2.6E-03  L =      0.0570   dL =-5.9E-08  dev = 2.5E-03
 Jz  =    0.000      dJZ =  0.0E+00
--------------------------------------------------------------------------------
 Iteration =  113
 dt  =   0.0248      mu  =   0.8300 gradn=    0.000E+00 D2H =    1.074E-06
 E   =   -155.832    DE  =  0.36049E-06
 R   =   -157.228    DR  =  0.38981E-06
 R-E =     -1.396  D(R-E)=  0.32814E-07
 dmun=  1.5E-05      dmup= -1.0E-05
 RQ10=     -0.0000   dQ =-1.2E-04  L =     -0.4213   dL =-1.2E-05  dev = 2.4E-05
 RQ20=     21.3880   dQ =-1.7E-04  L =      0.0000   dL = 0.0E+00  dev = 0.0E+00
 RQ22=      0.0000   dQ =-1.6E-08  L =      0.0000   dL = 0.0E+00  dev = 0.0E+00
 RQ30=     49.9974   dQ =-2.8E-03  L =      0.0570   dL =-1.3E-07  dev = 2.6E-03
 Jz  =    0.000      dJZ =  0.0E+00
--------------------------------------------------------------------------------
 Iteration =  114
 dt  =   0.0248      mu  =   0.8300 gradn=    0.000E+00 D2H =    1.015E-06
 E   =   -155.832    DE  =  0.43575E-06
 R   =   -157.228    DR  =  0.40467E-06
 R-E =     -1.396  D(R-E)= -0.27450E-07
 dmun=  1.5E-05      dmup= -9.6E-06
 RQ10=     -0.0000   dQ =-1.1E-04  L =     -0.4213   dL =-1.1E-05  dev = 1.9E-05
 RQ20=     21.3883   dQ =-1.5E-04  L =      0.0000   dL = 0.0E+00  dev = 0.0E+00
 RQ22=      0.0000   dQ =-1.2E-08  L =      0.0000   dL = 0.0E+00  dev = 0.0E+00
 RQ30=     49.9976   dQ =-2.4E-03  L =      0.0570   dL =-1.8E-08  dev = 2.4E-03
 Jz  =    0.000      dJZ =  0.0E+00
--------------------------------------------------------------------------------
 Iteration =  115
 dt  =   0.0248      mu  =   0.8300 gradn=    0.000E+00 D2H =    9.597E-07
 E   =   -155.832    DE  =  0.34134E-06
 R   =   -157.228    DR  =  0.36150E-06
 R-E =     -1.396  D(R-E)=  0.23403E-07
 dmun=  1.4E-05      dmup= -1.1E-05
 RQ10=     -0.0000   dQ =-1.1E-04  L =     -0.4213   dL =-1.1E-05  dev = 2.2E-05
 RQ20=     21.3886   dQ =-1.6E-04  L =      0.0000   dL = 0.0E+00  dev = 0.0E+00
 RQ22=      0.0000   dQ =-1.2E-08  L =      0.0000   dL = 0.0E+00  dev = 0.0E+00
 RQ30=     49.9976   dQ =-2.6E-03  L =      0.0570   dL =-8.5E-08  dev = 2.4E-03
 Jz  =    0.000      dJZ =  0.0E+00
--------------------------------------------------------------------------------
 Iteration =  116
 dt  =   0.0248      mu  =   0.8300 gradn=    0.000E+00 D2H =    9.079E-07
 E   =   -155.832    DE  =  0.40820E-06
 R   =   -157.228    DR  =  0.37535E-06
 R-E =     -1.396  D(R-E)= -0.29486E-07
 dmun=  1.4E-05      dmup= -1.0E-05
 RQ10=     -0.0000   dQ =-9.8E-05  L =     -0.4213   dL =-1.0E-05  dev = 1.8E-05
 RQ20=     21.3889   dQ =-1.4E-04  L =      0.0000   dL = 0.0E+00  dev = 0.0E+00
 RQ22=      0.0000   dQ =-1.2E-08  L =      0.0000   dL = 0.0E+00  dev = 0.0E+00
 RQ30=     49.9978   dQ =-2.2E-03  L =      0.0570   dL = 7.8E-09  dev = 2.2E-03
 Jz  =    0.000      dJZ =  0.0E+00
--------------------------------------------------------------------------------
 Iteration =  117
 dt  =   0.0248      mu  =   0.8300 gradn=    0.000E+00 D2H =    8.595E-07
 E   =   -155.832    DE  =  0.32455E-06
 R   =   -157.228    DR  =  0.33733E-06
 R-E =     -1.396  D(R-E)=  0.15802E-07
 dmun=  1.3E-05      dmup= -1.1E-05
 RQ10=     -0.0000   dQ =-1.0E-04  L =     -0.4214   dL =-1.0E-05  dev = 2.0E-05
 RQ20=     21.3891   dQ =-1.5E-04  L =      0.0000   dL = 0.0E+00  dev = 0.0E+00
 RQ22=      0.0000   dQ =-1.2E-08  L =      0.0000   dL = 0.0E+00  dev = 0.0E+00
 RQ30=     49.9977   dQ =-2.4E-03  L =      0.0570   dL =-5.5E-08  dev = 2.3E-03
 Jz  =    0.000      dJZ =  0.0E+00
--------------------------------------------------------------------------------
 Iteration =  118
 dt  =   0.0248      mu  =   0.8300 gradn=    0.000E+00 D2H =    8.141E-07
 E   =   -155.832    DE  =  0.38277E-06
 R   =   -157.228    DR  =  0.34954E-06
 R-E =     -1.396  D(R-E)= -0.30103E-07
 dmun=  1.3E-05      dmup= -1.0E-05
 RQ10=     -0.0000   dQ =-9.1E-05  L =     -0.4214   dL =-9.3E-06  dev = 1.7E-05
 RQ20=     21.3894   dQ =-1.4E-04  L =      0.0000   dL = 0.0E+00  dev = 0.0E+00
 RQ22=      0.0000   dQ =-1.3E-08  L =      0.0000   dL = 0.0E+00  dev = 0.0E+00
 RQ30=     49.9979   dQ =-2.1E-03  L =      0.0570   dL = 2.3E-08  dev = 2.1E-03
 Jz  =    0.000      dJZ =  0.0E+00
--------------------------------------------------------------------------------
 Iteration =  119
 dt  =   0.0248      mu  =   0.8300 gradn=    0.000E+00 D2H =    7.716E-07
 E   =   -155.832    DE  =  0.30812E-06
 R   =   -157.228    DR  =  0.31601E-06
 R-E =     -1.396  D(R-E)=  0.10725E-07
 dmun=  1.1E-05      dmup= -1.1E-05
 RQ10=     -0.0000   dQ =-9.4E-05  L =     -0.4214   dL =-9.4E-06  dev = 1.9E-05
 RQ20=     21.3896   dQ =-1.5E-04  L =      0.0000   dL = 0.0E+00  dev = 0.0E+00
 RQ22=      0.0000   dQ =-1.3E-08  L =      0.0000   dL = 0.0E+00  dev = 0.0E+00
 RQ30=     49.9978   dQ =-2.3E-03  L =      0.0570   dL =-3.6E-08  dev = 2.2E-03
 Jz  =    0.000      dJZ =  0.0E+00
--------------------- Sp wavefunctions -------------------------------------------------------------
____________________________________________________________________________________________________
   Neutron wavefunctions
  i     P   Rz   occ       E        d2h    Delta |   JxT    JyT    Jz      J   |   SxT    SyT    Sz
----------------------------------------------------------------------------------------------------
  1  0.99  1.0  1.0000   -35.264  1.1E-08   0.00 |  -0.50   0.50   0.50   0.52 |  -0.50   0.50   0.50
  9 -0.99  1.0  1.0000   -24.219  4.0E-08   0.01 |  -0.87   0.87   0.50   1.46 |  -0.45   0.45   0.40
 10 -0.98  1.0  0.9999   -21.783  8.1E-09   0.14 |  -0.00   0.00  -1.50   1.53 |   0.00   0.00  -0.50
 11 -0.91  1.0  0.9808   -17.049  2.9E-08   1.43 |   0.31  -0.31   0.50   0.78 |  -0.06   0.06  -0.39
  2  0.88  1.0  0.7211   -12.889  6.5E-08   1.73 |  -1.15   1.15   0.50   2.22 |  -0.41   0.41   0.31
  3  0.97  1.0  0.2465   -11.074  3.2E-08   1.63 |  -0.00   0.00  -1.50   2.50 |  -0.00   0.00  -0.42
  4  0.95  1.0  0.0361    -8.818  6.7E-09   1.29 |   0.00  -0.00   2.50   2.54 |  -0.00   0.00   0.50
  5  0.80  1.0  0.0133    -7.155  3.4E-07   1.14 |  -0.61   0.61   0.50   1.65 |  -0.34   0.34   0.17
  6  0.12  1.0  0.0013    -4.720  4.1E-03   0.50 |  -0.27   0.27   0.50   2.15 |  -0.44   0.44   0.38
 12  0.50  1.0  0.0009    -3.723  4.1E-03   0.38 |   0.28  -0.28   0.50   2.15 |  -0.30   0.30   0.10
  7  0.68  1.0  0.0000    -2.252  8.6E-06   0.10 |   0.00  -0.00  -1.49   1.97 |   0.00  -0.00   0.35
 20 -0.76  1.0  0.0000    -0.907  6.9E-04   0.04 |  -1.09   1.09   0.50   3.00 |  -0.37   0.37   0.23
 13 -0.68  1.0  0.0000    -0.305  1.1E-04   0.01 |  -0.00   0.00  -1.49   2.63 |   0.00  -0.00  -0.42
 18 -0.32  1.0  0.0000     0.426  1.0E-03   0.01 |   0.01  -0.01   0.47   1.76 |  -0.01   0.01  -0.48
 17 -0.11  1.0  0.0000     0.594  3.5E-03   0.01 |   0.04  -0.04  -1.47   2.80 |   0.00  -0.00  -0.42
 14 -0.27  1.0  0.0000     1.097  6.5E-03   0.01 |   0.44  -0.44   1.11   2.63 |   0.41  -0.41   0.49
 15 -0.22  1.0  0.0000     1.400  1.2E-03   0.01 |  -0.69   0.69   0.50   2.15 |  -0.47   0.47   0.45
  8  0.45  1.0  0.0000     1.505  1.4E-03   0.00 |  -0.13   0.14   0.51   2.46 |  -0.02   0.03  -0.45
 19 -0.80  1.0  0.0000     1.912  2.0E-02   0.00 |   0.07  -0.07   1.27   2.83 |   0.18  -0.18   0.45
 16 -0.75  1.0  0.0000     3.163  3.3E-03   0.00 |   0.01  -0.01  -3.30   3.67 |  -0.00   0.00  -0.49
____________________________________________________________________________________________________
   Proton  wavefunctions
  i     P   Rz   occ       E        d2h    Delta |   JxT    JyT    Jz      J   |   SxT    SyT    Sz
----------------------------------------------------------------------------------------------------
 21  0.99  1.0  1.0000   -30.742  8.8E-09   0.00 |  -0.50   0.50   0.50   0.52 |  -0.50   0.50   0.50
 29 -0.99  1.0  1.0000   -19.889  3.3E-08   0.02 |  -0.87   0.87   0.50   1.46 |  -0.45   0.45   0.40
 30 -0.98  1.0  0.9999   -17.427  6.7E-09   0.19 |  -0.00   0.00  -1.50   1.53 |   0.00   0.00  -0.50
 31 -0.91  1.0  0.9773   -12.781  2.8E-08   1.52 |   0.30  -0.30   0.50   0.79 |  -0.06   0.06  -0.39
 22  0.86  1.0  0.7154    -8.781  4.1E-08   1.81 |  -1.13   1.13   0.50   2.21 |  -0.41   0.41   0.32
 23  0.97  1.0  0.2493    -6.917  2.7E-08   1.71 |  -0.00   0.00  -1.50   2.50 |  -0.00   0.00  -0.42
 24  0.95  1.0  0.0393    -4.681  8.1E-09   1.36 |   0.00  -0.00   2.50   2.54 |   0.00  -0.00   0.50
 25  0.57  1.0  0.0138    -3.386  1.9E-04   1.04 |  -0.63   0.63   0.50   2.03 |  -0.35   0.35   0.20
 40 -0.03  1.0  0.0025    -2.076  2.5E-04   0.49 |  -0.57   0.57   0.50   2.42 |  -0.50   0.50   0.49
 26  0.82  1.0  0.0025    -0.186  6.3E-05   0.69 |   0.61  -0.61   0.50   1.66 |  -0.23   0.23  -0.03
 27  0.66  1.0  0.0001     1.357  9.7E-05   0.14 |  -0.00   0.00  -1.39   2.00 |   0.04  -0.04   0.34
 37 -0.29  1.0  0.0000     1.996  1.7E-03   0.04 |   0.06  -0.07  -1.47   2.25 |   0.00  -0.00  -0.48
 28  0.13  1.0  0.0000     2.241  3.6E-03   0.06 |   0.05  -0.04   0.47   1.91 |  -0.01   0.02  -0.47
 38 -0.42  1.0  0.0000     2.482  6.7E-02   0.04 |  -0.43   0.44   0.50   2.63 |  -0.16   0.16  -0.17
 39 -0.71  1.0  0.0000     2.573  5.9E-03   0.02 |   0.43  -0.43   0.50   2.28 |   0.46  -0.46   0.47
 33  0.30  1.0  0.0000     2.820  2.9E-02   0.01 |   0.44  -0.45  -1.07   2.92 |   0.11  -0.12  -0.24
 34  0.71  1.0  0.0000     3.038  2.0E-02   0.02 |   0.00   0.00   0.11   2.25 |   0.36  -0.36   0.32
 32 -0.22  1.0  0.0000     3.062  7.6E-02   0.03 |  -0.46   0.47   0.51   2.48 |  -0.24   0.24  -0.02
 35 -0.27  1.0  0.0000     3.668  1.6E-02   0.03 |  -0.87   0.87   0.50   2.37 |  -0.46   0.46   0.42
 36 -0.47  1.0  0.0000     5.748  5.3E-03   0.00 |  -0.00   0.00  -2.90   3.95 |  -0.00   0.00  -0.49
----------------------------------------------------------------------------------------------------
--------------------- Canonical basis  -------------------------------------------------------------
____________________________________________________________________________________________________
   Neutron wavefunctions
  i     P   Rz   occ       E        d2h    Delta |   JxT    JyT    Jz      J   |   SxT    SyT    Sz
----------------------------------------------------------------------------------------------------
 20  0.99  1.0  2.0000   -35.264  0.0E+00   0.00 |  -0.50   0.50   0.50   0.52 |  -0.50   0.50   0.50
 19 -0.99  1.0  2.0000   -24.219  0.0E+00   0.01 |  -0.87   0.87   0.50   1.46 |  -0.45   0.45   0.40
 18 -0.98  1.0  1.9999   -21.783  0.0E+00   0.14 |  -0.00   0.00  -1.50   1.53 |   0.00   0.00  -0.50
 17 -0.92  1.0  1.9616   -17.049  0.0E+00   1.43 |   0.31  -0.31   0.50   0.77 |  -0.06   0.06  -0.39
 16  0.89  1.0  1.4423   -12.889  0.0E+00   1.74 |  -1.16   1.16   0.50   2.22 |  -0.41   0.41   0.31
 15  0.97  1.0  0.4930   -11.074  0.0E+00   1.63 |  -0.00   0.00  -1.50   2.50 |  -0.00   0.00  -0.42
 14  0.95  1.0  0.0721    -8.818  0.0E+00   1.29 |   0.00  -0.00   2.50   2.54 |  -0.00   0.00   0.50
 13  0.82  1.0  0.0274    -7.050  0.0E+00   1.19 |  -0.41   0.41   0.50   1.67 |  -0.27   0.27   0.03
 12  0.74  1.0  0.0031    -4.493  0.0E+00   0.59 |   0.24  -0.24   0.50   1.42 |  -0.37   0.37   0.24
 11 -0.21  1.0  0.0005    -3.924  0.0E+00   0.25 |  -0.62   0.62   0.50   2.68 |  -0.42   0.42   0.34
 10  0.65  1.0  0.0001    -2.249  0.0E+00   0.10 |  -0.01   0.01  -1.50   2.01 |   0.00  -0.00   0.34
  9 -0.70  1.0  0.0000    -1.027  0.0E+00   0.01 |  -0.95   0.95   0.50   3.04 |  -0.39   0.39   0.27
  8 -0.65  1.0  0.0000    -0.154  0.0E+00   0.01 |   0.03  -0.03  -1.50   3.01 |   0.00  -0.00  -0.34
  5 -0.11  1.0  0.0000     0.448  0.0E+00   0.00 |   0.04  -0.01  -1.47   2.34 |   0.01   0.00  -0.48
  4 -0.58  1.0  0.0000     0.695  0.0E+00   0.00 |  -0.55   0.52   0.45   2.02 |  -0.10   0.09  -0.31
  6 -0.31  1.0  0.0000     1.244  0.0E+00   0.00 |  -0.20   0.19   0.50   1.94 |  -0.40   0.40   0.29
  2  0.81  1.0  0.0000     1.388  0.0E+00   0.00 |  -0.05   0.06   0.50   2.42 |  -0.01   0.02  -0.47
  1 -0.80  1.0  0.0000     1.478  0.0E+00   0.00 |   0.46  -0.46   0.35   2.29 |   0.46  -0.46   0.48
  7 -0.27  1.0  0.0000     1.523  0.0E+00   0.00 |   0.03  -0.03   2.03   3.13 |   0.13  -0.13   0.46
  3 -0.74  1.0  0.0000     3.155  0.0E+00   0.00 |   0.01  -0.01  -3.28   3.66 |  -0.01   0.01  -0.49
____________________________________________________________________________________________________
   Proton  wavefunctions
  i     P   Rz   occ       E        d2h    Delta |   JxT    JyT    Jz      J   |   SxT    SyT    Sz
----------------------------------------------------------------------------------------------------
 40  0.99  1.0  2.0000   -30.742  0.0E+00   0.00 |  -0.50   0.50   0.50   0.52 |  -0.50   0.50   0.50
 39 -0.99  1.0  2.0000   -19.889  0.0E+00   0.02 |  -0.87   0.87   0.50   1.47 |  -0.45   0.45   0.40
 38 -0.98  1.0  1.9998   -17.427  0.0E+00   0.19 |  -0.00   0.00  -1.50   1.53 |   0.00   0.00  -0.50
 37 -0.91  1.0  1.9546   -12.781  0.0E+00   1.52 |   0.31  -0.31   0.50   0.78 |  -0.06   0.06  -0.39
 36  0.88  1.0  1.4312    -8.779  0.0E+00   1.82 |  -1.14   1.14   0.50   2.22 |  -0.41   0.41   0.32
 35  0.97  1.0  0.4987    -6.916  0.0E+00   1.72 |  -0.00   0.00  -1.50   2.50 |  -0.00   0.00  -0.42
 34  0.95  1.0  0.0785    -4.680  0.0E+00   1.36 |   0.00  -0.00   2.50   2.54 |  -0.00   0.00   0.50
 33  0.83  1.0  0.0314    -3.081  0.0E+00   1.24 |  -0.37   0.37   0.50   1.67 |  -0.25   0.25   0.00
 31 -0.21  1.0  0.0017    -1.649  0.0E+00   0.36 |  -0.57   0.57   0.50   2.83 |  -0.45   0.45   0.41
 32  0.76  1.0  0.0039    -0.811  0.0E+00   0.63 |   0.27  -0.27   0.50   1.41 |  -0.37   0.37   0.23
 30  0.66  1.0  0.0001     1.415  0.0E+00   0.15 |  -0.01   0.01  -1.49   2.01 |   0.00  -0.00   0.35
 26  0.62  1.0  0.0000     2.317  0.0E+00   0.00 |   0.08  -0.09  -1.48   2.57 |   0.00  -0.00  -0.48
 29 -0.73  1.0  0.0000     2.347  0.0E+00   0.04 |  -0.93   0.94   0.50   2.94 |  -0.36   0.36   0.23
 27 -0.66  1.0  0.0000     2.459  0.0E+00   0.00 |   0.15  -0.15   0.51   1.79 |  -0.03   0.03  -0.44
 28 -0.58  1.0  0.0000     2.511  0.0E+00   0.02 |   0.01  -0.02  -1.49   2.64 |   0.00  -0.00  -0.45
 23  0.20  1.0  0.0000     2.612  0.0E+00   0.00 |   0.41  -0.41   0.65   2.31 |   0.48  -0.48   0.49
 21 -0.24  1.0  0.0000     2.929  0.0E+00   0.00 |   0.44  -0.44   0.49   2.20 |   0.49  -0.49   0.49
 24  0.64  1.0  0.0000     3.047  0.0E+00   0.00 |  -0.21   0.22   0.51   2.35 |  -0.07   0.08  -0.35
 25 -0.05  1.0  0.0000     3.495  0.0E+00   0.00 |  -0.64   0.64   0.48   2.27 |  -0.41   0.41   0.33
 22 -0.47  1.0  0.0000     5.742  0.0E+00   0.00 |   0.00  -0.00  -2.91   3.95 |  -0.00   0.00  -0.49
----------------------------------------------------------------------------------------------------
---------------------------------Quasiparticles---------------------------------
Block 1:  P=+1  neutrons
  N      Eqp       f_n      |   U   V  |   B  P  ov_TR |    JxT    JyT    Jz
________________________________________________________________________________
  1    -23.23      0.00E+00 |    1   0 |   -  -  0.000 |    0.00   0.00   0.50
  2    -15.20      0.00E+00 |    0  16 |   -  -  0.000 |    0.00   0.00   3.30
  3    -13.95      0.00E+00 |    0  19 |   -  -  0.000 |    0.00   0.00  -1.27
  4    -13.54      0.00E+00 |    0   8 |   -  -  0.000 |    0.00   0.00  -0.51
  5    -13.43      0.00E+00 |    0  15 |   -  -  0.000 |    0.00   0.00  -0.50
  6    -13.13      0.00E+00 |    0  14 |   -  -  0.000 |    0.00   0.00  -1.11
  7    -12.63      0.00E+00 |    0  17 |   -  -  0.000 |    0.00   0.00   1.47
  8    -12.46      0.00E+00 |    0  18 |   -  -  0.000 |    0.00   0.00  -0.47
  9    -12.19      0.00E+00 |    9   0 |   -  -  0.000 |    0.00   0.00   0.50
 10    -11.73      0.00E+00 |    0  13 |   -  -  0.000 |    0.00   0.00   1.49
 11    -11.13      0.00E+00 |    0  20 |   -  -  0.000 |    0.00   0.00  -0.50
 12     -9.78      0.00E+00 |   10   7 |   -  -  0.000 |    0.00   0.00   1.38
 13     -9.75      0.00E+00 |   10   7 |   -  -  0.000 |    0.00   0.00  -1.39
 14     -8.33      0.00E+00 |    0  12 |   -  -  0.000 |    0.00   0.00  -0.50
 15     -7.33      0.00E+00 |    0   6 |   -  -  0.000 |    0.00   0.00  -0.50
 16     -5.22      0.00E+00 |   11  11 |   -  -  0.000 |    0.00   0.00   0.47
 17     -5.01      0.00E+00 |   11   5 |   -  -  0.000 |    0.00   0.00  -0.47
 18     -3.47      0.00E+00 |    4   4 |   -  -  0.000 |    0.00   0.00  -2.32
 19     -1.93      0.00E+00 |    2   2 |   -  -  0.000 |    0.00   0.00   0.22
 20     -1.89      0.00E+00 |    3   3 |   -  -  0.000 |    0.00   0.00   0.76
 21      1.89      1.00E+00 |    3   3 |   -  -  0.000 |    0.00   0.00  -0.76
 22      1.93      1.00E+00 |    2   2 |   -  -  0.000 |    0.00   0.00  -0.22
 23      3.47      1.00E+00 |    4   4 |   -  -  0.000 |    0.00   0.00   2.32
 24      5.01      1.00E+00 |    5  11 |   -  -  0.000 |    0.00   0.00   0.47
 25      5.22      1.00E+00 |   11  11 |   -  -  0.000 |    0.00   0.00  -0.47
 26      7.33      1.00E+00 |    6   0 |   -  -  0.000 |    0.00   0.00   0.50
 27      8.33      1.00E+00 |   12   0 |   -  -  0.000 |    0.00   0.00   0.50
 28      9.75      1.00E+00 |    7  10 |   -  -  0.000 |    0.00   0.00   1.39
 29      9.78      1.00E+00 |    7  10 |   -  -  0.000 |    0.00   0.00  -1.38
 30     11.13      1.00E+00 |   20   0 |   -  -  0.000 |    0.00   0.00   0.50
 31     11.73      1.00E+00 |   13   0 |   -  -  0.000 |    0.00   0.00  -1.49
 32     12.19      1.00E+00 |    0   9 |   -  -  0.000 |    0.00   0.00  -0.50
 33     12.46      1.00E+00 |   18   0 |   -  -  0.000 |    0.00   0.00   0.47
 34     12.63      1.00E+00 |   17   0 |   -  -  0.000 |    0.00   0.00  -1.47
 35     13.13      1.00E+00 |   14   0 |   -  -  0.000 |    0.00   0.00   1.11
 36     13.43      1.00E+00 |   15   0 |   -  -  0.000 |    0.00   0.00   0.50
 37     13.54      1.00E+00 |    8   0 |   -  -  0.000 |    0.00   0.00   0.51
 38     13.95      1.00E+00 |   19   0 |   -  -  0.000 |    0.00   0.00   1.27
 39     15.20      1.00E+00 |   16   0 |   -  -  0.000 |    0.00   0.00  -3.30
 40     23.23      1.00E+00 |    0   1 |   -  -  0.000 |    0.00   0.00  -0.50

Block 5:  P=+1   protons
  N      Eqp       f_n      |   U   V  |   B  P  ov_TR |    JxT    JyT    Jz
________________________________________________________________________________
  1    -22.83      0.00E+00 |   21   0 |   -  -  0.000 |    0.00   0.00   0.50
  2    -13.66      0.00E+00 |    0  36 |   -  -  0.000 |    0.00   0.00   2.90
  3    -11.98      0.00E+00 |   29   0 |   -  -  0.000 |    0.00   0.00   0.50
  4    -11.58      0.00E+00 |    0  35 |   -  -  0.000 |    0.00   0.00  -0.50
  5    -10.97      0.00E+00 |    0  32 |   -  -  0.000 |    0.00   0.00  -0.51
  6    -10.95      0.00E+00 |    0  34 |   -  -  0.000 |    0.00   0.00  -0.11
  7    -10.73      0.00E+00 |    0  33 |   -  -  0.000 |    0.00   0.00   1.07
  8    -10.48      0.00E+00 |    0  39 |   -  -  0.000 |    0.00   0.00  -0.50
  9    -10.39      0.00E+00 |    0  38 |   -  -  0.000 |    0.00   0.00  -0.50
 10    -10.15      0.00E+00 |    0  28 |   -  -  0.000 |    0.00   0.00  -0.47
 11     -9.91      0.00E+00 |    0  37 |   -  -  0.000 |    0.00   0.00   1.47
 12     -9.52      0.00E+00 |   30   0 |   -  -  0.000 |    0.00   0.00  -1.50
 13     -9.27      0.00E+00 |    0  27 |   -  -  0.000 |    0.00   0.00   1.39
 14     -7.76      0.00E+00 |    0  26 |   -  -  0.000 |    0.00   0.00  -0.50
 15     -5.87      0.00E+00 |    0  40 |   -  -  0.000 |    0.00   0.00  -0.49
 16     -5.10      0.00E+00 |   31  31 |   -  -  0.000 |    0.00   0.00   0.47
 17     -4.66      0.00E+00 |   25  25 |   -  -  0.000 |    0.00   0.00  -0.48
 18     -3.50      0.00E+00 |   24  24 |   -  -  0.000 |    0.00   0.00  -2.30
 19     -2.00      0.00E+00 |   22  22 |   -  -  0.000 |    0.00   0.00   0.21
 20     -1.98      0.00E+00 |   23  23 |   -  -  0.000 |    0.00   0.00   0.75
 21      1.98      1.00E+00 |   23  23 |   -  -  0.000 |    0.00   0.00  -0.75
 22      2.00      1.00E+00 |   22  22 |   -  -  0.000 |    0.00   0.00  -0.21
 23      3.50      1.00E+00 |   24  24 |   -  -  0.000 |    0.00   0.00   2.30
 24      4.66      1.00E+00 |   25  25 |   -  -  0.000 |    0.00   0.00   0.48
 25      5.10      1.00E+00 |   31  31 |   -  -  0.000 |    0.00   0.00  -0.47
 26      5.87      1.00E+00 |   40   0 |   -  -  0.000 |    0.00   0.00   0.49
 27      7.76      1.00E+00 |   26   0 |   -  -  0.000 |    0.00   0.00   0.50
 28      9.27      1.00E+00 |   27   0 |   -  -  0.000 |    0.00   0.00  -1.39
 29      9.52      1.00E+00 |    0  30 |   -  -  0.000 |    0.00   0.00   1.50
 30      9.91      1.00E+00 |   37   0 |   -  -  0.000 |    0.00   0.00  -1.47
 31     10.15      1.00E+00 |   28   0 |   -  -  0.000 |    0.00   0.00   0.47
 32     10.39      1.00E+00 |   38   0 |   -  -  0.000 |    0.00   0.00   0.50
 33     10.48      1.00E+00 |   39   0 |   -  -  0.000 |    0.00   0.00   0.50
 34     10.73      1.00E+00 |   33   0 |   -  -  0.000 |    0.00   0.00  -1.07
 35     10.95      1.00E+00 |   34   0 |   -  -  0.000 |    0.00   0.00   0.11
 36     10.97      1.00E+00 |   32   0 |   -  -  0.000 |    0.00   0.00   0.51
 37     11.58      1.00E+00 |   35   0 |   -  -  0.000 |    0.00   0.00   0.50
 38     11.98      1.00E+00 |    0  29 |   -  -  0.000 |    0.00   0.00  -0.50
 39     13.66      1.00E+00 |   36   0 |   -  -  0.000 |    0.00   0.00  -2.90
 40     22.83      1.00E+00 |    0  21 |   -  -  0.000 |    0.00   0.00  -0.50

--------------------------------------------------------------------------------
---------------- Electric Multipole Moments -----------------
Quantisation Axis             : Z
  With secondary axis ordering: X,Y
______________________________________________________________
                     Neutrons        Protons         Total
______________________________________________________________
 Particles           10.0000         10.0000         20.0000

Re  Q_{ 1 0}         -0.0231          0.0231         -0.0000
Constrained                                           0.0000
Re De_{ 1 0}                                   0.1571101E-04
Re La_{ 1 0}                                         -0.4214

Re  Q_{ 2 0}         10.4245         10.9654         21.3899
Re  Q_{ 2 2}          0.0000          0.0000          0.0000

Re  Q_{ 3 0}         23.1560         26.8419         49.9979
Constrained                                          50.0000
Re De_{ 3 0}                                   0.2052091E-02
Re La_{ 3 0}                                          0.0570
Re  Q_{ 3 2}         -0.0000         -0.0000         -0.0000

Re  Q_{ 4 0}         84.3228        102.5134        186.8362
Re  Q_{ 4 2}         -0.0000         -0.0000         -0.0001
Re  Q_{ 4 4}          0.0182          0.0216          0.0398

Re  Q_{ 5 0}        354.6788        470.1187        824.7975
Re  Q_{ 5 2}         -0.0001          0.0000         -0.0001
Re  Q_{ 5 4}         -0.1104         -0.1866         -0.2970

Re  Q_{ 6 0}       1470.4735       2205.1468       3675.6203
Re  Q_{ 6 2}         -0.0017         -0.0022         -0.0038
Re  Q_{ 6 4}          0.9655          1.5190          2.4845
Re  Q_{ 6 6}          0.0001         -0.0001          0.0000

Re  Q_{ 7 0}       6388.4675      10013.1395      16401.6070
Re  Q_{ 7 2}         -0.0089         -0.0078         -0.0167
Re  Q_{ 7 4}         -2.0284         -5.4579         -7.4864
Re  Q_{ 7 6}          0.0005          0.0049          0.0055

Re  Q_{ 8 0}      33722.4062      58080.0409      91802.4470
Re  Q_{ 8 2}          0.0316          0.1395          0.1711
Re  Q_{ 8 4}          1.4847        -11.3781         -9.8934
Re  Q_{ 8 6}          0.0226          0.0276          0.0502
Re  Q_{ 8 8}        -20.7830        -29.9445        -50.7275

Re  Q_{ 9 0}     151849.9585     267178.2940     419028.2524
Re  Q_{ 9 2}         -0.3423         -0.7318         -1.0740
Re  Q_{ 9 4}        480.3592        861.6710       1342.0301
Re  Q_{ 9 6}         -0.0528         -0.2720         -0.3248
Re  Q_{ 9 8}        158.1669         20.0345        178.2014

Re  Q_{10 0}     823479.7835    1528208.7317    2351688.5152
Re  Q_{10 2}         -0.9356          1.0974          0.1618
Re  Q_{10 4}        494.8600       9686.8344      10181.6945
Re  Q_{10 6}          0.1781         -2.0358         -1.8577
Re  Q_{10 8}      -1626.6937       7986.0545       6359.3608
Re  Q_{1010}         -0.1703          0.6495          0.4793

 RMS radius           2.8797          2.9843          2.9325
______________________________________________________________
                     Neutrons        Protons         Total
______________________________________________________________


Beta_{ 2 0}       0.20577745      0.21645410      0.42223155
Beta_{ 2 2}       0.00000001      0.00000001      0.00000002

Beta_{ 3 0}       0.14032959      0.16266652      0.30299611
Beta_{ 3 2}      -0.00000003     -0.00000006     -0.00000009

Beta_{ 4 0}       0.15688158      0.19072499      0.34760656
Beta_{ 4 2}      -0.00000007     -0.00000008     -0.00000014
Beta_{ 4 4}       0.00003393      0.00004016      0.00007409

Beta_{ 5 0}       0.20258360      0.26851994      0.47110355
Beta_{ 5 2}      -0.00000006      0.00000003     -0.00000003
Beta_{ 5 4}      -0.00006306     -0.00010659     -0.00016965

Beta_{ 6 0}       0.25785073      0.38667728      0.64452801
Beta_{ 6 2}      -0.00000029     -0.00000038     -0.00000067
Beta_{ 6 4}       0.00016931      0.00026635      0.00043566
Beta_{ 6 6}       0.00000001     -0.00000001      0.00000000

Beta_{ 7 0}       0.34391405      0.53904311      0.88295717
Beta_{ 7 2}      -0.00000048     -0.00000042     -0.00000090
Beta_{ 7 4}      -0.00010920     -0.00029382     -0.00040302
Beta_{ 7 6}       0.00000003      0.00000027      0.00000029

Beta_{ 8 0}       0.55733187      0.95989170      1.51722357
Beta_{ 8 2}       0.00000052      0.00000231      0.00000283
Beta_{ 8 4}       0.00002454     -0.00018805     -0.00016351
Beta_{ 8 6}       0.00000037      0.00000046      0.00000083
Beta_{ 8 8}      -0.00034348     -0.00049489     -0.00083838

Beta_{ 9 0}       0.77046354      1.35562193      2.12608546
Beta_{ 9 2}      -0.00000174     -0.00000371     -0.00000545
Beta_{ 9 4}       0.00243727      0.00437199      0.00680926
Beta_{ 9 6}      -0.00000027     -0.00000138     -0.00000165
Beta_{ 9 8}       0.00080251      0.00010165      0.00090417

Beta_{10 0}       1.28272170      2.38046707      3.66318877
Beta_{10 2}      -0.00000146      0.00000171      0.00000025
Beta_{10 4}       0.00077084      0.01508903      0.01585987
Beta_{10 6}       0.00000028     -0.00000317     -0.00000289
Beta_{10 8}      -0.00253388      0.01243975      0.00990588
Beta_{1010}      -0.00000027      0.00000101      0.00000075

______________________________________________________________
                     Neutrons        Protons         Total
______________________________________________________________
Q_{ 1}                0.0231          0.0231          0.0000
Q_{ 2}               10.4245         10.9654         21.3899
Q_{ 3}               23.1560         26.8419         49.9979
Q_{ 4}               84.3228        102.5134        186.8362
Q_{ 5}              354.6788        470.1187        824.7976
Q_{ 6}             1470.4742       2205.1479       3675.6220
Q_{ 7}             6388.4681      10013.1425      16401.6104
Q_{ 8}            33722.4190      58080.0585      91802.4761
Q_{ 9}           151851.6428     267181.0744     419032.6263
Q_{10}           823483.2942    1528311.8632    2351749.7931
______________________________________________________________
                     Neutrons        Protons         Total
______________________________________________________________
Beta_{   1}       0.00148441      0.00148340      0.00000101
Beta_{   2}       0.20577745      0.21645410      0.42223155
Beta_{   3}       0.14032959      0.16266652      0.30299611
Beta_{   4}       0.15688158      0.19072499      0.34760658
Beta_{   5}       0.20258362      0.26851999      0.47110361
Beta_{   6}       0.25785084      0.38667746      0.64452830
Beta_{   7}       0.34391409      0.53904327      0.88295735
Beta_{   8}       0.55733208      0.95989199      1.51722405
Beta_{   9}       0.77047208      1.35563603      2.12610765
Beta_{  10}       1.28272717      2.38062771      3.66328422
______________________________________________________________
 Cart. Moments X              Y              Z
 Cart. N      -16.5262713    -16.5262743     33.0525456
 Cart. P      -17.3837271    -17.3837324     34.7674594
 Cart. T      -33.9099984    -33.9100067     67.8200051
 (Q, gamma)    Q              Gamma
 (Q,g) N       33.0525456      0.0000030
 (Q,g) P       34.7674594      0.0000050
 (Q,g) T       67.8200051      0.0000040
 (iq1, iq2)    iq1            iq2
 iq    N       33.0525446      0.0000020
 iq    P       34.7674577      0.0000035
 iq    T       67.8200023      0.0000055
               X^2            Y^2            Z^2
 X^2_i N       22.1332323     22.1332312     38.6595046
 X^2_i P       22.6064825     22.6064808     39.9902114
 X^2_i T       44.7397148     44.7397120     78.6497159
------------------------------------------------------------
------------------------- Angular Momentum (hbar) --------------------------

               Spwfs(*)    Desired     Omega       E (MeV)      Densit. 
  __________________________________________________________________________
   J_x   |     0.00000     0.00000     0.00000     0.00000     0.00000
   J_y   |     0.00000     0.00000     0.00000     0.00000     0.00000
   J_z   |     0.00000     0.00000     0.00000     0.00000     0.00000
  __________________________________________________________________________
   Size  |     0.00000     0.00000     0.00000                 0.00000
  --------------------------------------------------------------------------
---------------------Rotational properties--------------------
                Rigid rotor          (hbar^2/MeV)
              n              p              t 
 I_R X       1.4659082      1.5094074      2.9753157
 I_R Y       1.4659083      1.5094075      2.9753157
 I_R Z       1.0674067      1.0902299      2.1576366

                Belyaev                 (hbar^2/MeV) 
              n              p              t 
 I_B X       0.6083610      0.5849092      1.1932702
 I_B Y       0.6083608      0.5849092      1.1932700
 I_B Z       0.0000194      0.0000272      0.0000467

                Belyaev (collective)    (hbar^2/MeV) 
              n              p              t 
 I_B X       0.6083610      0.5849092      1.1932702
 I_B Y       0.6083608      0.5849092      1.1932700
 I_B Z       0.0000194      0.0000272      0.0000467

                 <J^2> - <J>^2          (hbar^2)
              n              p              t 
 J2_X        1.5704930      1.5724637      3.1429568
 J2_Y        1.5704926      1.5724638      3.1429563
 J2_Z        0.0001294      0.0001704      0.0002998
 J2_t        3.1411150      3.1450979      6.2862130

                 <J^2> - <J>^2 (coll.)  (hbar^2)
              n              p              t 
 J2_X        1.5704930      1.5724637      3.1429568
 J2_Y        1.5704926      1.5724638      3.1429563
 J2_Z        0.0001294      0.0001704      0.0002998
 J2_t        3.1411150      3.1450979      6.2862130
-------------------------- Pairing -------------------------
                          N         P 
 Fermi Level (MeV)    -12.03343236    -7.91009955
 Particles             10.00000000    10.00000000
 Dispersion             1.82157141     1.87132697
 Average gap   v^2      0.65504554     0.69885685
 Average gap   uv       1.50243817     1.55489211
------------------------------------------------------------
--------------------------------------------------------------------------------
 Skyrme Energy 
                                    Isoscalar      Isovector   |   Total
--------------------------------------------------------------------------------
  E_D_I_I_D_I_I                  -1295.203795       0.051354   -1295.152441
  E_D_I_I_D_Nm_Nm                   27.745064      -0.003025      27.742039
  E_D_I_I_Lap_D_I_I                 58.128962       0.001403      58.130365
  E_D_I_I_D_I_I_DD                 735.704652      -0.026088     735.678563
  E_C_I_NmSk_C_I_NmSk                0.000000       0.000000       0.000000
  E_D_I_I_Derm_C_I_NxmSxm          -10.762275      -0.000444     -10.762719
  E_DP_I_I_DP_I_I                                                 -4.333778
--------------------------------------------------------------------------------
                 Total Skyrme:                                  -488.697971
                    time-even:                                  -488.697971
                    time-odd :                                     0.000000
--------------------------------------------------------------------------------
--------------------------------------------------------------------------------
                                     neutron        proton         total
                Kinetic Energy:     162.460486     159.136235     321.596721
                    COM 1-body:      -8.123024      -7.956812     -16.079836
                    COM 2-body:       3.212913       3.160451       6.373365
                            ph:       3.188179       3.132102       6.320281
                            pp:       0.024735       0.028349       0.053084
                 Collective T:                                     -2.450551

                 Rotational  T:                                    -2.450551
                 Rotational  X:                                    -1.224764
                 Rotational  Y:                                    -1.224764
                 Rotational  Z:                                    -0.001022

                 Vibrational T:                                     0.000000
                 Vibrational X:                                    -0.000000
                 Vibrational Y:                                    -0.000000
                 Vibrational Z:                                    -0.000000


                Coulomb Direct:       0.000000      23.427371      23.427371
                      Exchange:       0.000000       0.000000       0.000000

               Pairing (delta):      -2.085443      -2.248492      -4.333935
               Pairing (densi):                                    -4.333778
--------------------------------------------------------------------------------
                  Total energy:                                  -155.830901
                    from spwfs:                                  -155.830839
                   E_fu - E_sp:                                -0.617232E-04
                   (no corr.) :                                  -159.753715
                      Routhian:                                  -157.226786
                         dE   :                                 0.116033E-02
                         dR   :                                 0.115577E-02
--------------------------------------------------------------------------------
--------------------------------------------------------------------------------
 Iteration =  121
 dt  =   0.0248      mu  =   0.8301 gradn=    0.000E+00 D2H =    6.942E-07
 E   =   -155.831    DE  =  0.29236E-06
 R   =   -157.227    DR  =  0.29710E-06
 R-E =     -1.396  D(R-E)=  0.74018E-08
 dmun=  9.6E-06      dmup= -1.1E-05
 RQ10=     -0.0000   dQ =-8.9E-05  L =     -0.4214   dL =-8.9E-06  dev = 1.8E-05
 RQ20=     21.3901   dQ =-1.4E-04  L =      0.0000   dL = 0.0E+00  dev = 0.0E+00
 RQ22=      0.0000   dQ =-1.3E-08  L =      0.0000   dL = 0.0E+00  dev = 0.0E+00
 RQ30=     49.9979   dQ =-2.2E-03  L =      0.0570   dL =-2.6E-08  dev = 2.1E-03
 Jz  =    0.000      dJZ =  0.0E+00
--------------------------------------------------------------------------------
 Iteration =  122
 dt  =   0.0248      mu  =   0.8301 gradn=    0.000E+00 D2H =    6.589E-07
 E   =   -155.831    DE  =  0.33689E-06
 R   =   -157.227    DR  =  0.30658E-06
 R-E =     -1.396  D(R-E)= -0.27564E-07
 dmun=  9.4E-06      dmup= -1.1E-05
 RQ10=     -0.0000   dQ =-8.2E-05  L =     -0.4214   dL =-8.5E-06  dev = 1.5E-05
 RQ20=     21.3903   dQ =-1.3E-04  L =      0.0000   dL = 0.0E+00  dev = 0.0E+00
 RQ22=      0.0000   dQ =-1.3E-08  L =      0.0000   dL = 0.0E+00  dev = 0.0E+00
 RQ30=     49.9980   dQ =-1.9E-03  L =      0.0570   dL = 2.9E-08  dev = 2.0E-03
 Jz  =    0.000      dJZ =  0.0E+00
--------------------------------------------------------------------------------
 Iteration =  123
 dt  =   0.0248      mu  =   0.8301 gradn=    0.000E+00 D2H =    6.258E-07
 E   =   -155.831    DE  =  0.27763E-06
 R   =   -157.227    DR  =  0.28018E-06
 R-E =     -1.396  D(R-E)=  0.50560E-08
 dmun=  8.7E-06      dmup= -1.1E-05
 RQ10=     -0.0000   dQ =-8.6E-05  L =     -0.4214   dL =-8.6E-06  dev = 1.7E-05
 RQ20=     21.3906   dQ =-1.4E-04  L =      0.0000   dL = 0.0E+00  dev = 0.0E+00
 RQ22=      0.0000   dQ =-1.3E-08  L =      0.0000   dL = 0.0E+00  dev = 0.0E+00
 RQ30=     49.9980   dQ =-2.1E-03  L =      0.0570   dL =-2.2E-08  dev = 2.0E-03
 Jz  =    0.000      dJZ =  0.0E+00
--------------------------------------------------------------------------------
 Iteration =  124
 dt  =   0.0248      mu  =   0.8301 gradn=    0.000E+00 D2H =    5.946E-07
 E   =   -155.831    DE  =  0.31620E-06
 R   =   -157.227    DR  =  0.28820E-06
 R-E =     -1.396  D(R-E)= -0.25422E-07
 dmun=  8.5E-06      dmup= -1.1E-05
 RQ10=     -0.0000   dQ =-8.0E-05  L =     -0.4214   dL =-8.2E-06  dev = 1.4E-05
 RQ20=     21.3908   dQ =-1.2E-04  L =      0.0000   dL = 0.0E+00  dev = 0.0E+00
 RQ22=      0.0000   dQ =-1.3E-08  L =      0.0000   dL = 0.0E+00  dev = 0.0E+00
 RQ30=     49.9981   dQ =-1.9E-03  L =      0.0570   dL = 2.4E-08  dev = 1.9E-03
 Jz  =    0.000      dJZ =  0.0E+00
--------------------------------------------------------------------------------
 Iteration =  125
 dt  =   0.0248      mu  =   0.8301 gradn=    0.000E+00 D2H =    5.652E-07
 E   =   -155.831    DE  =  0.26330E-06
 R   =   -157.227    DR  =  0.26472E-06
 R-E =     -1.396  D(R-E)=  0.37935E-08
 dmun=  7.9E-06      dmup= -1.2E-05
 RQ10=     -0.0000   dQ =-8.3E-05  L =     -0.4214   dL =-8.4E-06  dev = 1.6E-05
 RQ20=     21.3911   dQ =-1.3E-04  L =      0.0000   dL = 0.0E+00  dev = 0.0E+00
 RQ22=      0.0000   dQ =-1.3E-08  L =      0.0000   dL = 0.0E+00  dev = 0.0E+00
 RQ30=     49.9980   dQ =-2.0E-03  L =      0.0570   dL =-2.4E-08  dev = 2.0E-03
 Jz  =    0.000      dJZ =  0.0E+00
--------------------------------------------------------------------------------
 Iteration =  126
 dt  =   0.0248      mu  =   0.8301 gradn=    0.000E+00 D2H =    5.375E-07
 E   =   -155.831    DE  =  0.29611E-06
 R   =   -157.227    DR  =  0.27124E-06
 R-E =     -1.396  D(R-E)= -0.22440E-07
 dmun=  7.7E-06      dmup= -1.2E-05
 RQ10=     -0.0000   dQ =-7.8E-05  L =     -0.4214   dL =-8.1E-06  dev = 1.4E-05
 RQ20=     21.3913   dQ =-1.2E-04  L =      0.0000   dL = 0.0E+00  dev = 0.0E+00
 RQ22=      0.0000   dQ =-1.3E-08  L =      0.0000   dL = 0.0E+00  dev = 0.0E+00
 RQ30=     49.9981   dQ =-1.8E-03  L =      0.0570   dL = 1.3E-08  dev = 1.9E-03
 Jz  =    0.000      dJZ =  0.0E+00
--------------------------------------------------------------------------------
 Iteration =  127
 dt  =   0.0248      mu  =   0.8301 gradn=    0.000E+00 D2H =    5.113E-07
 E   =   -155.831    DE  =  0.24863E-06
 R   =   -157.226    DR  =  0.25033E-06
 R-E =     -1.396  D(R-E)=  0.39406E-08
 dmun=  7.0E-06      dmup= -1.2E-05
 RQ10=     -0.0000   dQ =-8.1E-05  L =     -0.4214   dL =-8.2E-06  dev = 1.5E-05
 RQ20=     21.3915   dQ =-1.3E-04  L =      0.0000   dL = 0.0E+00  dev = 0.0E+00
 RQ22=      0.0000   dQ =-1.3E-08  L =      0.0000   dL = 0.0E+00  dev = 0.0E+00
 RQ30=     49.9981   dQ =-2.0E-03  L =      0.0570   dL =-3.3E-08  dev = 1.9E-03
 Jz  =    0.000      dJZ =  0.0E+00
--------------------------------------------------------------------------------
 Iteration =  128
 dt  =   0.0248      mu  =   0.8301 gradn=    0.000E+00 D2H =    4.867E-07
 E   =   -155.831    DE  =  0.27744E-06
 R   =   -157.226    DR  =  0.25639E-06
 R-E =     -1.396  D(R-E)= -0.18753E-07
 dmun=  6.5E-06      dmup= -1.2E-05
 RQ10=     -0.0000   dQ =-7.7E-05  L =     -0.4215   dL =-8.0E-06  dev = 1.4E-05
 RQ20=     21.3918   dQ =-1.2E-04  L =      0.0000   dL = 0.0E+00  dev = 0.0E+00
 RQ22=      0.0000   dQ =-1.4E-08  L =      0.0000   dL = 0.0E+00  dev = 0.0E+00
 RQ30=     49.9982   dQ =-1.8E-03  L =      0.0570   dL =-3.0E-09  dev = 1.8E-03
 Jz  =    0.000      dJZ =  0.0E+00
--------------------------------------------------------------------------------
 Iteration =  129
 dt  =   0.0248      mu  =   0.8301 gradn=    0.000E+00 D2H =    4.634E-07
 E   =   -155.831    DE  =  0.23522E-06
 R   =   -157.226    DR  =  0.23796E-06
 R-E =     -1.396  D(R-E)=  0.48662E-08
 dmun=  5.8E-06      dmup= -1.2E-05
 RQ10=     -0.0000   dQ =-8.0E-05  L =     -0.4215   dL =-8.1E-06  dev = 1.5E-05
 RQ20=     21.3920   dQ =-1.2E-04  L =      0.0000   dL = 0.0E+00  dev = 0.0E+00
 RQ22=      0.0000   dQ =-1.4E-08  L =      0.0000   dL = 0.0E+00  dev = 0.0E+00
 RQ30=     49.9981   dQ =-1.9E-03  L =      0.0570   dL =-4.6E-08  dev = 1.9E-03
 Jz  =    0.000      dJZ =  0.0E+00
--------------------- Sp wavefunctions -------------------------------------------------------------
____________________________________________________________________________________________________
   Neutron wavefunctions
  i     P   Rz   occ       E        d2h    Delta |   JxT    JyT    Jz      J   |   SxT    SyT    Sz
----------------------------------------------------------------------------------------------------
  1  0.99  1.0  1.0000   -35.264  8.8E-09   0.00 |  -0.50   0.50   0.50   0.52 |  -0.50   0.50   0.50
  9 -0.99  1.0  1.0000   -24.220  3.9E-08   0.01 |  -0.87   0.87   0.50   1.46 |  -0.45   0.45   0.40
 10 -0.98  1.0  0.9999   -21.783  5.9E-09   0.14 |  -0.00   0.00  -1.50   1.53 |   0.00   0.00  -0.50
 11 -0.91  1.0  0.9808   -17.049  3.2E-08   1.43 |   0.31  -0.31   0.50   0.78 |  -0.06   0.06  -0.39
  2  0.88  1.0  0.7212   -12.890  8.7E-08   1.73 |  -1.15   1.15   0.50   2.22 |  -0.41   0.41   0.31
  3  0.97  1.0  0.2465   -11.074  2.9E-08   1.63 |  -0.00   0.00  -1.50   2.50 |  -0.00   0.00  -0.42
  4  0.95  1.0  0.0360    -8.818  3.2E-09   1.29 |   0.00  -0.00   2.50   2.54 |  -0.00   0.00   0.50
  5  0.80  1.0  0.0133    -7.155  2.1E-07   1.14 |  -0.61   0.61   0.50   1.65 |  -0.34   0.34   0.17
  6  0.10  1.0  0.0013    -4.721  2.5E-03   0.49 |  -0.29   0.29   0.50   2.17 |  -0.44   0.44   0.38
 12  0.51  1.0  0.0009    -3.722  2.5E-03   0.39 |   0.30  -0.30   0.50   2.14 |  -0.30   0.30   0.09
  7  0.68  1.0  0.0000    -2.252  2.7E-06   0.10 |   0.00  -0.00  -1.49   1.97 |   0.00  -0.00   0.35
 20 -0.76  1.0  0.0000    -0.907  3.2E-04   0.04 |  -1.09   1.09   0.50   3.00 |  -0.37   0.37   0.23
 13 -0.68  1.0  0.0000    -0.305  6.4E-05   0.01 |  -0.00   0.00  -1.49   2.63 |   0.00  -0.00  -0.42
 18 -0.31  1.0  0.0000     0.426  5.2E-04   0.01 |   0.01  -0.01   0.47   1.76 |  -0.01   0.01  -0.48
 17 -0.09  1.0  0.0000     0.592  2.5E-03   0.01 |   0.04  -0.04  -1.47   2.80 |   0.00  -0.00  -0.42
 14 -0.24  1.0  0.0000     1.096  4.7E-03   0.01 |   0.44  -0.44   1.09   2.62 |   0.41  -0.41   0.49
 15 -0.22  1.0  0.0000     1.400  1.1E-03   0.01 |  -0.69   0.68   0.50   2.15 |  -0.47   0.47   0.44
  8  0.44  1.0  0.0000     1.506  1.2E-03   0.00 |  -0.13   0.14   0.51   2.46 |  -0.02   0.03  -0.45
 19 -0.78  1.0  0.0000     1.904  2.1E-02   0.00 |   0.06  -0.06   1.23   2.80 |   0.19  -0.19   0.45
 16 -0.75  1.0  0.0000     3.161  3.3E-03   0.00 |   0.01  -0.01  -3.29   3.67 |  -0.00   0.00  -0.49
____________________________________________________________________________________________________
   Proton  wavefunctions
  i     P   Rz   occ       E        d2h    Delta |   JxT    JyT    Jz      J   |   SxT    SyT    Sz
----------------------------------------------------------------------------------------------------
 21  0.99  1.0  1.0000   -30.742  6.2E-09   0.00 |  -0.50   0.50   0.50   0.52 |  -0.50   0.50   0.50
 29 -0.99  1.0  1.0000   -19.889  3.2E-08   0.02 |  -0.87   0.87   0.50   1.46 |  -0.45   0.45   0.40
 30 -0.98  1.0  0.9999   -17.426  4.7E-09   0.19 |  -0.00   0.00  -1.50   1.53 |   0.00   0.00  -0.50
 31 -0.91  1.0  0.9773   -12.781  3.2E-08   1.52 |   0.30  -0.30   0.50   0.79 |  -0.06   0.06  -0.39
 22  0.86  1.0  0.7154    -8.781  5.8E-08   1.81 |  -1.13   1.13   0.50   2.21 |  -0.41   0.41   0.32
 23  0.97  1.0  0.2493    -6.917  2.3E-08   1.71 |  -0.00   0.00  -1.50   2.50 |  -0.00   0.00  -0.42
 24  0.95  1.0  0.0393    -4.681  2.7E-09   1.36 |   0.00  -0.00   2.50   2.54 |   0.00  -0.00   0.50
 25  0.57  1.0  0.0137    -3.386  9.3E-05   1.04 |  -0.63   0.63   0.50   2.03 |  -0.35   0.35   0.20
 40 -0.03  1.0  0.0025    -2.076  1.1E-04   0.49 |  -0.57   0.57   0.50   2.42 |  -0.50   0.50   0.49
 26  0.82  1.0  0.0025    -0.186  1.6E-05   0.69 |   0.61  -0.61   0.50   1.67 |  -0.23   0.23  -0.03
 27  0.66  1.0  0.0001     1.357  5.6E-05   0.14 |  -0.00   0.00  -1.39   2.00 |   0.04  -0.04   0.34
 37 -0.28  1.0  0.0000     1.995  1.2E-03   0.04 |   0.07  -0.07  -1.47   2.25 |   0.00  -0.00  -0.48
 28  0.12  1.0  0.0000     2.239  2.9E-03   0.06 |   0.05  -0.05   0.47   1.90 |  -0.01   0.02  -0.47
 38 -0.45  1.0  0.0000     2.456  5.1E-02   0.04 |  -0.50   0.50   0.50   2.67 |  -0.18   0.19  -0.13
 39 -0.70  1.0  0.0000     2.571  5.1E-03   0.02 |   0.43  -0.43   0.49   2.28 |   0.46  -0.46   0.47
 33  0.30  1.0  0.0000     2.813  1.7E-02   0.01 |   0.44  -0.45  -1.06   2.89 |   0.11  -0.12  -0.24
 34  0.71  1.0  0.0000     3.031  1.2E-02   0.02 |  -0.02   0.02   0.09   2.24 |   0.36  -0.36   0.31
 32 -0.18  1.0  0.0000     3.083  5.7E-02   0.03 |  -0.42   0.42   0.51   2.46 |  -0.21   0.22  -0.07
 35 -0.26  1.0  0.0000     3.674  1.0E-02   0.03 |  -0.85   0.85   0.50   2.35 |  -0.47   0.47   0.43
 36 -0.47  1.0  0.0000     5.746  6.5E-03   0.00 |  -0.00   0.00  -2.89   3.95 |  -0.00   0.00  -0.49
----------------------------------------------------------------------------------------------------
--------------------- Canonical basis  -------------------------------------------------------------
____________________________________________________________________________________________________
   Neutron wavefunctions
  i     P   Rz   occ       E        d2h    Delta |   JxT    JyT    Jz      J   |   SxT    SyT    Sz
----------------------------------------------------------------------------------------------------
 20  0.99  1.0  2.0000   -35.264  0.0E+00   0.00 |  -0.50   0.50   0.50   0.52 |  -0.50   0.50   0.50
 19 -0.99  1.0  2.0000   -24.220  0.0E+00   0.01 |  -0.87   0.87   0.50   1.46 |  -0.45   0.45   0.40
 18 -0.98  1.0  1.9999   -21.783  0.0E+00   0.14 |  -0.00   0.00  -1.50   1.53 |   0.00   0.00  -0.50
 17 -0.92  1.0  1.9617   -17.049  0.0E+00   1.43 |   0.31  -0.31   0.50   0.77 |  -0.06   0.06  -0.39
 16  0.89  1.0  1.4426   -12.889  0.0E+00   1.73 |  -1.16   1.16   0.50   2.22 |  -0.41   0.41   0.31
 15  0.97  1.0  0.4929   -11.074  0.0E+00   1.63 |  -0.00   0.00  -1.50   2.50 |  -0.00   0.00  -0.42
 14  0.95  1.0  0.0721    -8.818  0.0E+00   1.29 |   0.00  -0.00   2.50   2.54 |  -0.00   0.00   0.50
 13  0.82  1.0  0.0273    -7.052  0.0E+00   1.19 |  -0.41   0.41   0.50   1.67 |  -0.27   0.27   0.03
 12  0.73  1.0  0.0030    -4.497  0.0E+00   0.59 |   0.24  -0.24   0.50   1.43 |  -0.37   0.37   0.25
 11 -0.20  1.0  0.0005    -3.920  0.0E+00   0.25 |  -0.61   0.61   0.50   2.67 |  -0.42   0.42   0.33
 10  0.65  1.0  0.0001    -2.249  0.0E+00   0.10 |  -0.01   0.01  -1.50   2.01 |   0.00  -0.00   0.34
  9 -0.70  1.0  0.0000    -1.026  0.0E+00   0.01 |  -0.95   0.95   0.50   3.04 |  -0.39   0.39   0.27
  8 -0.65  1.0  0.0000    -0.155  0.0E+00   0.01 |   0.03  -0.03  -1.50   3.01 |   0.00  -0.00  -0.34
  5 -0.09  1.0  0.0000     0.449  0.0E+00   0.00 |   0.04  -0.01  -1.47   2.35 |   0.01   0.01  -0.48
  4 -0.59  1.0  0.0000     0.679  0.0E+00   0.00 |  -0.52   0.50   0.45   2.01 |  -0.10   0.08  -0.33
  6 -0.31  1.0  0.0000     1.260  0.0E+00   0.00 |  -0.23   0.22   0.50   1.96 |  -0.40   0.41   0.31
  2  0.81  1.0  0.0000     1.390  0.0E+00   0.00 |  -0.05   0.06   0.50   2.42 |  -0.01   0.02  -0.47
  1 -0.80  1.0  0.0000     1.476  0.0E+00   0.00 |   0.46  -0.46   0.35   2.29 |   0.46  -0.46   0.48
  7 -0.22  1.0  0.0000     1.514  0.0E+00   0.00 |   0.03  -0.03   1.98   3.10 |   0.14  -0.14   0.46
  3 -0.74  1.0  0.0000     3.152  0.0E+00   0.00 |   0.01  -0.01  -3.27   3.66 |  -0.01   0.01  -0.49
____________________________________________________________________________________________________
   Proton  wavefunctions
  i     P   Rz   occ       E        d2h    Delta |   JxT    JyT    Jz      J   |   SxT    SyT    Sz
----------------------------------------------------------------------------------------------------
 40  0.99  1.0  2.0000   -30.742  0.0E+00   0.00 |  -0.50   0.50   0.50   0.52 |  -0.50   0.50   0.50
 39 -0.99  1.0  2.0000   -19.889  0.0E+00   0.02 |  -0.87   0.87   0.50   1.47 |  -0.45   0.45   0.40
 38 -0.98  1.0  1.9998   -17.426  0.0E+00   0.19 |  -0.00   0.00  -1.50   1.53 |   0.00   0.00  -0.50
 37 -0.91  1.0  1.9546   -12.781  0.0E+00   1.52 |   0.31  -0.31   0.50   0.78 |  -0.06   0.06  -0.39
 36  0.88  1.0  1.4313    -8.779  0.0E+00   1.82 |  -1.14   1.14   0.50   2.22 |  -0.41   0.41   0.32
 35  0.97  1.0  0.4987    -6.916  0.0E+00   1.72 |  -0.00   0.00  -1.50   2.50 |  -0.00   0.00  -0.42
 34  0.95  1.0  0.0785    -4.680  0.0E+00   1.36 |   0.00  -0.00   2.50   2.54 |  -0.00   0.00   0.50
 33  0.83  1.0  0.0314    -3.082  0.0E+00   1.24 |  -0.37   0.37   0.50   1.67 |  -0.25   0.25   0.00
 31 -0.21  1.0  0.0017    -1.639  0.0E+00   0.36 |  -0.58   0.58   0.50   2.83 |  -0.45   0.45   0.40
 32  0.76  1.0  0.0039    -0.814  0.0E+00   0.63 |   0.27  -0.27   0.50   1.41 |  -0.37   0.37   0.24
 30  0.66  1.0  0.0001     1.416  0.0E+00   0.15 |  -0.01   0.01  -1.49   2.01 |   0.00  -0.00   0.35
 26  0.68  1.0  0.0000     2.338  0.0E+00   0.00 |   0.11  -0.11  -1.47   2.60 |   0.00  -0.01  -0.48
 29 -0.73  1.0  0.0000     2.340  0.0E+00   0.04 |  -0.93   0.93   0.50   2.94 |  -0.36   0.36   0.23
 27 -0.65  1.0  0.0000     2.439  0.0E+00   0.00 |   0.14  -0.13   0.51   1.79 |  -0.03   0.03  -0.45
 28 -0.61  1.0  0.0000     2.469  0.0E+00   0.02 |   0.01  -0.01  -1.49   2.59 |   0.00  -0.00  -0.46
 23  0.16  1.0  0.0000     2.608  0.0E+00   0.00 |   0.39  -0.39   0.63   2.30 |   0.48  -0.48   0.49
 21 -0.20  1.0  0.0000     2.935  0.0E+00   0.00 |   0.43  -0.43   0.49   2.20 |   0.49  -0.49   0.49
 24  0.65  1.0  0.0000     3.044  0.0E+00   0.00 |  -0.20   0.21   0.50   2.35 |  -0.07   0.07  -0.36
 25 -0.07  1.0  0.0000     3.523  0.0E+00   0.00 |  -0.63   0.63   0.48   2.26 |  -0.42   0.42   0.35
 22 -0.46  1.0  0.0000     5.737  0.0E+00   0.00 |   0.00  -0.00  -2.90   3.95 |  -0.00   0.00  -0.49
----------------------------------------------------------------------------------------------------
---------------------------------Quasiparticles---------------------------------
Block 1:  P=+1  neutrons
  N      Eqp       f_n      |   U   V  |   B  P  ov_TR |    JxT    JyT    Jz
________________________________________________________________________________
  1    -23.23      0.00E+00 |    1   0 |   -  -  0.000 |    0.00   0.00   0.50
  2    -15.19      0.00E+00 |    0  16 |   -  -  0.000 |    0.00   0.00   3.29
  3    -13.94      0.00E+00 |    0  19 |   -  -  0.000 |    0.00   0.00  -1.23
  4    -13.54      0.00E+00 |    0   8 |   -  -  0.000 |    0.00   0.00  -0.51
  5    -13.43      0.00E+00 |    0  15 |   -  -  0.000 |    0.00   0.00  -0.50
  6    -13.13      0.00E+00 |    0  14 |   -  -  0.000 |    0.00   0.00  -1.09
  7    -12.63      0.00E+00 |    0  17 |   -  -  0.000 |    0.00   0.00   1.47
  8    -12.46      0.00E+00 |    0  18 |   -  -  0.000 |    0.00   0.00  -0.47
  9    -12.19      0.00E+00 |    9   0 |   -  -  0.000 |    0.00   0.00   0.50
 10    -11.73      0.00E+00 |    0  13 |   -  -  0.000 |    0.00   0.00   1.49
 11    -11.13      0.00E+00 |    0  20 |   -  -  0.000 |    0.00   0.00  -0.50
 12     -9.78      0.00E+00 |   10   7 |   -  -  0.000 |    0.00   0.00   1.39
 13     -9.75      0.00E+00 |   10   7 |   -  -  0.000 |    0.00   0.00  -1.39
 14     -8.33      0.00E+00 |    0  12 |   -  -  0.000 |    0.00   0.00  -0.50
 15     -7.33      0.00E+00 |    0   6 |   -  -  0.000 |    0.00   0.00  -0.50
 16     -5.22      0.00E+00 |   11  11 |   -  -  0.000 |    0.00   0.00   0.47
 17     -5.01      0.00E+00 |   11   5 |   -  -  0.000 |    0.00   0.00  -0.47
 18     -3.47      0.00E+00 |    4   4 |   -  -  0.000 |    0.00   0.00  -2.32
 19     -1.93      0.00E+00 |    2   2 |   -  -  0.000 |    0.00   0.00   0.22
 20     -1.89      0.00E+00 |    3   3 |   -  -  0.000 |    0.00   0.00   0.76
 21      1.89      1.00E+00 |    3   3 |   -  -  0.000 |    0.00   0.00  -0.76
 22      1.93      1.00E+00 |    2   2 |   -  -  0.000 |    0.00   0.00  -0.22
 23      3.47      1.00E+00 |    4   4 |   -  -  0.000 |    0.00   0.00   2.32
 24      5.01      1.00E+00 |    5  11 |   -  -  0.000 |    0.00   0.00   0.47
 25      5.22      1.00E+00 |   11  11 |   -  -  0.000 |    0.00   0.00  -0.47
 26      7.33      1.00E+00 |    6   0 |   -  -  0.000 |    0.00   0.00   0.50
 27      8.33      1.00E+00 |   12   0 |   -  -  0.000 |    0.00   0.00   0.50
 28      9.75      1.00E+00 |    7  10 |   -  -  0.000 |    0.00   0.00   1.39
 29      9.78      1.00E+00 |    7  10 |   -  -  0.000 |    0.00   0.00  -1.39
 30     11.13      1.00E+00 |   20   0 |   -  -  0.000 |    0.00   0.00   0.50
 31     11.73      1.00E+00 |   13   0 |   -  -  0.000 |    0.00   0.00  -1.49
 32     12.19      1.00E+00 |    0   9 |   -  -  0.000 |    0.00   0.00  -0.50
 33     12.46      1.00E+00 |   18   0 |   -  -  0.000 |    0.00   0.00   0.47
 34     12.63      1.00E+00 |   17   0 |   -  -  0.000 |    0.00   0.00  -1.47
 35     13.13      1.00E+00 |   14   0 |   -  -  0.000 |    0.00   0.00   1.09
 36     13.43      1.00E+00 |   15   0 |   -  -  0.000 |    0.00   0.00   0.50
 37     13.54      1.00E+00 |    8   0 |   -  -  0.000 |    0.00   0.00   0.51
 38     13.94      1.00E+00 |   19   0 |   -  -  0.000 |    0.00   0.00   1.23
 39     15.19      1.00E+00 |   16   0 |   -  -  0.000 |    0.00   0.00  -3.29
 40     23.23      1.00E+00 |    0   1 |   -  -  0.000 |    0.00   0.00  -0.50

Block 5:  P=+1   protons
  N      Eqp       f_n      |   U   V  |   B  P  ov_TR |    JxT    JyT    Jz
________________________________________________________________________________
  1    -22.83      0.00E+00 |   21   0 |   -  -  0.000 |    0.00   0.00   0.50
  2    -13.66      0.00E+00 |    0  36 |   -  -  0.000 |    0.00   0.00   2.89
  3    -11.98      0.00E+00 |   29   0 |   -  -  0.000 |    0.00   0.00   0.50
  4    -11.58      0.00E+00 |    0  35 |   -  -  0.000 |    0.00   0.00  -0.50
  5    -10.99      0.00E+00 |    0  32 |   -  -  0.000 |    0.00   0.00  -0.51
  6    -10.94      0.00E+00 |    0  34 |   -  -  0.000 |    0.00   0.00  -0.09
  7    -10.72      0.00E+00 |    0  33 |   -  -  0.000 |    0.00   0.00   1.06
  8    -10.48      0.00E+00 |    0  39 |   -  -  0.000 |    0.00   0.00  -0.49
  9    -10.37      0.00E+00 |    0  38 |   -  -  0.000 |    0.00   0.00  -0.50
 10    -10.15      0.00E+00 |    0  28 |   -  -  0.000 |    0.00   0.00  -0.47
 11     -9.91      0.00E+00 |    0  37 |   -  -  0.000 |    0.00   0.00   1.47
 12     -9.52      0.00E+00 |   30   0 |   -  -  0.000 |    0.00   0.00  -1.50
 13     -9.27      0.00E+00 |    0  27 |   -  -  0.000 |    0.00   0.00   1.38
 14     -7.76      0.00E+00 |    0  26 |   -  -  0.000 |    0.00   0.00  -0.50
 15     -5.87      0.00E+00 |    0  40 |   -  -  0.000 |    0.00   0.00  -0.49
 16     -5.10      0.00E+00 |   31  31 |   -  -  0.000 |    0.00   0.00   0.47
 17     -4.66      0.00E+00 |   25  25 |   -  -  0.000 |    0.00   0.00  -0.48
 18     -3.50      0.00E+00 |   24  24 |   -  -  0.000 |    0.00   0.00  -2.30
 19     -2.00      0.00E+00 |   22  22 |   -  -  0.000 |    0.00   0.00   0.21
 20     -1.98      0.00E+00 |   23  23 |   -  -  0.000 |    0.00   0.00   0.75
 21      1.98      1.00E+00 |   23  23 |   -  -  0.000 |    0.00   0.00  -0.75
 22      2.00      1.00E+00 |   22  22 |   -  -  0.000 |    0.00   0.00  -0.21
 23      3.50      1.00E+00 |   24  24 |   -  -  0.000 |    0.00   0.00   2.30
 24      4.66      1.00E+00 |   25  25 |   -  -  0.000 |    0.00   0.00   0.48
 25      5.10      1.00E+00 |   31  31 |   -  -  0.000 |    0.00   0.00  -0.47
 26      5.87      1.00E+00 |   40   0 |   -  -  0.000 |    0.00   0.00   0.49
 27      7.76      1.00E+00 |   26   0 |   -  -  0.000 |    0.00   0.00   0.50
 28      9.27      1.00E+00 |   27   0 |   -  -  0.000 |    0.00   0.00  -1.38
 29      9.52      1.00E+00 |    0  30 |   -  -  0.000 |    0.00   0.00   1.50
 30      9.91      1.00E+00 |   37   0 |   -  -  0.000 |    0.00   0.00  -1.47
 31     10.15      1.00E+00 |   28   0 |   -  -  0.000 |    0.00   0.00   0.47
 32     10.37      1.00E+00 |   38   0 |   -  -  0.000 |    0.00   0.00   0.50
 33     10.48      1.00E+00 |   39   0 |   -  -  0.000 |    0.00   0.00   0.49
 34     10.72      1.00E+00 |   33   0 |   -  -  0.000 |    0.00   0.00  -1.06
 35     10.94      1.00E+00 |   34   0 |   -  -  0.000 |    0.00   0.00   0.09
 36     10.99      1.00E+00 |   32   0 |   -  -  0.000 |    0.00   0.00   0.51
 37     11.58      1.00E+00 |   35   0 |   -  -  0.000 |    0.00   0.00   0.50
 38     11.98      1.00E+00 |    0  29 |   -  -  0.000 |    0.00   0.00  -0.50
 39     13.66      1.00E+00 |   36   0 |   -  -  0.000 |    0.00   0.00  -2.89
 40     22.83      1.00E+00 |    0  21 |   -  -  0.000 |    0.00   0.00  -0.50

--------------------------------------------------------------------------------
---------------- Electric Multipole Moments -----------------
Quantisation Axis             : Z
  With secondary axis ordering: X,Y
______________________________________________________________
                     Neutrons        Protons         Total
______________________________________________________________
 Particles           10.0000         10.0000         20.0000

Re  Q_{ 1 0}         -0.0231          0.0231         -0.0000
Constrained                                           0.0000
Re De_{ 1 0}                                   0.1352157E-04
Re La_{ 1 0}                                         -0.4215

Re  Q_{ 2 0}         10.4256         10.9666         21.3922
Re  Q_{ 2 2}          0.0000          0.0000          0.0000

Re  Q_{ 3 0}         23.1544         26.8438         49.9982
Constrained                                          50.0000
Re De_{ 3 0}                                   0.1788966E-02
Re La_{ 3 0}                                          0.0570
Re  Q_{ 3 2}         -0.0000         -0.0000         -0.0000

Re  Q_{ 4 0}         84.3300        102.5299        186.8599
Re  Q_{ 4 2}         -0.0000         -0.0000         -0.0001
Re  Q_{ 4 4}          0.0185          0.0218          0.0403

Re  Q_{ 5 0}        354.6501        470.1505        824.8006
Re  Q_{ 5 2}         -0.0001          0.0001         -0.0000
Re  Q_{ 5 4}         -0.1105         -0.1864         -0.2969

Re  Q_{ 6 0}       1470.2818       2205.2953       3675.5771
Re  Q_{ 6 2}         -0.0016         -0.0016         -0.0032
Re  Q_{ 6 4}          0.9595          1.4955          2.4550
Re  Q_{ 6 6}          0.0001         -0.0001         -0.0001

Re  Q_{ 7 0}       6387.5587      10013.8053      16401.3639
Re  Q_{ 7 2}         -0.0084         -0.0065         -0.0149
Re  Q_{ 7 4}         -1.9771         -5.4404         -7.4175
Re  Q_{ 7 6}          0.0005          0.0046          0.0051

Re  Q_{ 8 0}      33715.4324      58083.6066      91799.0390
Re  Q_{ 8 2}          0.0298          0.1003          0.1301
Re  Q_{ 8 4}          1.2953        -10.8338         -9.5385
Re  Q_{ 8 6}          0.0213          0.0105          0.0318
Re  Q_{ 8 8}        -21.2785        -30.0699        -51.3484

Re  Q_{ 9 0}     151814.4489     267178.1212     418992.5701
Re  Q_{ 9 2}         -0.3270         -0.6427         -0.9697
Re  Q_{ 9 4}        482.0295        848.8961       1330.9257
Re  Q_{ 9 6}         -0.0469         -0.2817         -0.3286
Re  Q_{ 9 8}        158.4709          7.1511        165.6220

Re  Q_{10 0}     823336.2523    1527349.1485    2350685.4008
Re  Q_{10 2}         -0.8759          0.9006          0.0247
Re  Q_{10 4}        513.9011      10294.1067      10808.0077
Re  Q_{10 6}          0.1084         -2.2146         -2.1062
Re  Q_{10 8}      -1587.1052       8332.2364       6745.1311
Re  Q_{1010}         -0.1600          0.9061          0.7461

 RMS radius           2.8797          2.9843          2.9325
______________________________________________________________
                     Neutrons        Protons         Total
______________________________________________________________


Beta_{ 2 0}       0.20579985      0.21647837      0.42227822
Beta_{ 2 2}       0.00000000      0.00000001      0.00000001

Beta_{ 3 0}       0.14031977      0.16267794      0.30299771
Beta_{ 3 2}      -0.00000003     -0.00000005     -0.00000008

Beta_{ 4 0}       0.15689499      0.19075561      0.34765060
Beta_{ 4 2}      -0.00000007     -0.00000006     -0.00000013
Beta_{ 4 4}       0.00003433      0.00004057      0.00007490

Beta_{ 5 0}       0.20256720      0.26853816      0.47110536
Beta_{ 5 2}      -0.00000005      0.00000004     -0.00000001
Beta_{ 5 4}      -0.00006314     -0.00010644     -0.00016958

Beta_{ 6 0}       0.25781711      0.38670331      0.64452042
Beta_{ 6 2}      -0.00000028     -0.00000028     -0.00000056
Beta_{ 6 4}       0.00016825      0.00026224      0.00043049
Beta_{ 6 6}       0.00000001     -0.00000002     -0.00000001

Beta_{ 7 0}       0.34386513      0.53907895      0.88294408
Beta_{ 7 2}      -0.00000045     -0.00000035     -0.00000080
Beta_{ 7 4}      -0.00010643     -0.00029288     -0.00039931
Beta_{ 7 6}       0.00000003      0.00000025      0.00000028

Beta_{ 8 0}       0.55721661      0.95995063      1.51716725
Beta_{ 8 2}       0.00000049      0.00000166      0.00000215
Beta_{ 8 4}       0.00002141     -0.00017905     -0.00015764
Beta_{ 8 6}       0.00000035      0.00000017      0.00000053
Beta_{ 8 8}      -0.00035167     -0.00049697     -0.00084864

Beta_{ 9 0}       0.77028337      1.35562105      2.12590442
Beta_{ 9 2}      -0.00000166     -0.00000326     -0.00000492
Beta_{ 9 4}       0.00244574      0.00430717      0.00675291
Beta_{ 9 6}      -0.00000024     -0.00000143     -0.00000167
Beta_{ 9 8}       0.00080406      0.00003628      0.00084034

Beta_{10 0}       1.28249813      2.37912811      3.66162623
Beta_{10 2}      -0.00000136      0.00000140      0.00000004
Beta_{10 4}       0.00080050      0.01603497      0.01683547
Beta_{10 6}       0.00000017     -0.00000345     -0.00000328
Beta_{10 8}      -0.00247221      0.01297900      0.01050679
Beta_{1010}      -0.00000025      0.00000141      0.00000116

______________________________________________________________
                     Neutrons        Protons         Total
______________________________________________________________
Q_{ 1}                0.0231          0.0231          0.0000
Q_{ 2}               10.4256         10.9666         21.3922
Q_{ 3}               23.1544         26.8438         49.9982
Q_{ 4}               84.3300        102.5299        186.8599
Q_{ 5}              354.6501        470.1506        824.8007
Q_{ 6}             1470.2825       2205.2963       3675.5787
Q_{ 7}             6387.5593      10013.8082      16401.3673
Q_{ 8}            33715.4459      58083.6242      91799.0687
Q_{ 9}           151816.1448     267180.8185     418996.8632
Q_{10}           823339.6325    1527463.9802    2350754.4476
______________________________________________________________
                     Neutrons        Protons         Total
______________________________________________________________
Beta_{   1}       0.00148822      0.00148735      0.00000087
Beta_{   2}       0.20579985      0.21647837      0.42227822
Beta_{   3}       0.14031977      0.16267794      0.30299771
Beta_{   4}       0.15689500      0.19075561      0.34765062
Beta_{   5}       0.20256722      0.26853820      0.47110542
Beta_{   6}       0.25781722      0.38670349      0.64452071
Beta_{   7}       0.34386516      0.53907911      0.88294426
Beta_{   8}       0.55721684      0.95995092      1.51716774
Beta_{   9}       0.77029197      1.35563474      2.12592620
Beta_{  10}       1.28250339      2.37930698      3.66173379
______________________________________________________________
 Cart. Moments X              Y              Z
 Cart. N      -16.5280710    -16.5280722     33.0561433
 Cart. P      -17.3856772    -17.3856807     34.7713579
 Cart. T      -33.9137483    -33.9137529     67.8275012
 (Q, gamma)    Q              Gamma
 (Q,g) N       33.0561433      0.0000012
 (Q,g) P       34.7713579      0.0000033
 (Q,g) T       67.8275012      0.0000023
 (iq1, iq2)    iq1            iq2
 iq    N       33.0561429      0.0000008
 iq    P       34.7713568      0.0000023
 iq    T       67.8274996      0.0000031
               X^2            Y^2            Z^2
 X^2_i N       22.1326156     22.1326152     38.6606870
 X^2_i P       22.6060012     22.6060000     39.9916796
 X^2_i T       44.7386168     44.7386152     78.6523666
------------------------------------------------------------
------------------------- Angular Momentum (hbar) --------------------------

               Spwfs(*)    Desired     Omega       E (MeV)      Densit. 
  __________________________________________________________________________
   J_x   |     0.00000     0.00000     0.00000     0.00000     0.00000
   J_y   |     0.00000     0.00000     0.00000     0.00000     0.00000
   J_z   |     0.00000     0.00000     0.00000     0.00000     0.00000
  __________________________________________________________________________
   Size  |     0.00000     0.00000     0.00000                 0.00000
  --------------------------------------------------------------------------
---------------------Rotational properties--------------------
                Rigid rotor          (hbar^2/MeV)
              n              p              t 
 I_R X       1.4659219      1.5094312      2.9753531
 I_R Y       1.4659219      1.5094313      2.9753532
 I_R Z       1.0673770      1.0902067      2.1575836

                Belyaev                 (hbar^2/MeV) 
              n              p              t 
 I_B X       0.6086185      0.5850266      1.1936451
 I_B Y       0.6086184      0.5850266      1.1936450
 I_B Z       0.0000194      0.0000274      0.0000467

                Belyaev (collective)    (hbar^2/MeV) 
              n              p              t 
 I_B X       0.6086185      0.5850266      1.1936451
 I_B Y       0.6086184      0.5850266      1.1936450
 I_B Z       0.0000194      0.0000274      0.0000467

                 <J^2> - <J>^2          (hbar^2)
              n              p              t 
 J2_X        1.5701461      1.5727654      3.1429115
 J2_Y        1.5701459      1.5727656      3.1429115
 J2_Z        0.0001290      0.0001713      0.0003003
 J2_t        3.1404209      3.1457024      6.2861233

                 <J^2> - <J>^2 (coll.)  (hbar^2)
              n              p              t 
 J2_X        1.5701461      1.5727654      3.1429115
 J2_Y        1.5701459      1.5727656      3.1429115
 J2_Z        0.0001290      0.0001713      0.0003003
 J2_t        3.1404209      3.1457024      6.2861233
-------------------------- Pairing -------------------------
                          N         P 
 Fermi Level (MeV)    -12.03335587    -7.91021374
 Particles             10.00000000    10.00000000
 Dispersion             1.82090062     1.87101061
 Average gap   v^2      0.65477253     0.69879667
 Average gap   uv       1.50176986     1.55467918
------------------------------------------------------------
--------------------------------------------------------------------------------
 Skyrme Energy 
                                    Isoscalar      Isovector   |   Total
--------------------------------------------------------------------------------
  E_D_I_I_D_I_I                  -1295.209148       0.051374   -1295.157774
  E_D_I_I_D_Nm_Nm                   27.745021      -0.003026      27.741996
  E_D_I_I_Lap_D_I_I                 58.129755       0.001403      58.131158
  E_D_I_I_D_I_I_DD                 735.708339      -0.026098     735.682241
  E_C_I_NmSk_C_I_NmSk                0.000000       0.000000       0.000000
  E_D_I_I_Derm_C_I_NxmSxm          -10.762348      -0.000444     -10.762792
  E_DP_I_I_DP_I_I                                                 -4.331581
--------------------------------------------------------------------------------
                 Total Skyrme:                                  -488.696753
                    time-even:                                  -488.696753
                    time-odd :                                     0.000000
--------------------------------------------------------------------------------
--------------------------------------------------------------------------------
                                     neutron        proton         total
                Kinetic Energy:     162.460001     159.135927     321.595928
                    COM 1-body:      -8.123000      -7.956796     -16.079796
                    COM 2-body:       3.212854       3.160519       6.373373
                            ph:       3.188138       3.132078       6.320216
                            pp:       0.024717       0.028441       0.053157
                 Collective T:                                     -2.449748

                 Rotational  T:                                    -2.449748
                 Rotational  X:                                    -1.224362
                 Rotational  Y:                                    -1.224362
                 Rotational  Z:                                    -0.001023

                 Vibrational T:                                     0.000000
                 Vibrational X:                                    -0.000000
                 Vibrational Y:                                    -0.000000
                 Vibrational Z:                                    -0.000000


                Coulomb Direct:       0.000000      23.427343      23.427343
                      Exchange:       0.000000       0.000000       0.000000

               Pairing (delta):      -2.083659      -2.248042      -4.331701
               Pairing (densi):                                    -4.331581
--------------------------------------------------------------------------------
                  Total energy:                                  -155.829652
                    from spwfs:                                  -155.829611
                   E_fu - E_sp:                                -0.411502E-04
                   (no corr.) :                                  -159.753278
                      Routhian:                                  -157.225551
                         dE   :                                 0.852273E-03
                         dR   :                                 0.849944E-03
--------------------------------------------------------------------------------
--------------------------------------------------------------------------------
 Iteration =  131
 dt  =   0.0248      mu  =   0.8301 gradn=    0.000E+00 D2H =    4.206E-07
 E   =   -155.830    DE  =  0.22334E-06
 R   =   -157.226    DR  =  0.22746E-06
 R-E =     -1.396  D(R-E)=  0.61601E-08
 dmun=  4.7E-06      dmup= -1.1E-05
 RQ10=     -0.0000   dQ =-7.9E-05  L =     -0.4215   dL =-8.0E-06  dev = 1.5E-05
 RQ20=     21.3924   dQ =-1.2E-04  L =      0.0000   dL = 0.0E+00  dev = 0.0E+00
 RQ22=      0.0000   dQ =-1.4E-08  L =      0.0000   dL = 0.0E+00  dev = 0.0E+00
 RQ30=     49.9982   dQ =-1.9E-03  L =      0.0570   dL =-6.2E-08  dev = 1.8E-03
 Jz  =    0.000      dJZ =  0.0E+00
--------------------------------------------------------------------------------
 Iteration =  132
 dt  =   0.0248      mu  =   0.8301 gradn=    0.000E+00 D2H =    4.010E-07
 E   =   -155.830    DE  =  0.24573E-06
 R   =   -157.225    DR  =  0.23244E-06
 R-E =     -1.396  D(R-E)= -0.11210E-07
 dmun=  4.4E-06      dmup= -1.1E-05
 RQ10=     -0.0000   dQ =-7.6E-05  L =     -0.4215   dL =-7.8E-06  dev = 1.4E-05
 RQ20=     21.3927   dQ =-1.1E-04  L =      0.0000   dL = 0.0E+00  dev = 0.0E+00
 RQ22=      0.0000   dQ =-1.4E-08  L =      0.0000   dL = 0.0E+00  dev = 0.0E+00
 RQ30=     49.9982   dQ =-1.8E-03  L =      0.0570   dL =-4.2E-08  dev = 1.8E-03
 Jz  =    0.000      dJZ =  0.0E+00
--------------------------------------------------------------------------------
 Iteration =  133
 dt  =   0.0248      mu  =   0.8301 gradn=    0.000E+00 D2H =    3.823E-07
 E   =   -155.830    DE  =  0.21241E-06
 R   =   -157.225    DR  =  0.21811E-06
 R-E =     -1.396  D(R-E)=  0.76538E-08
 dmun=  3.9E-06      dmup= -1.1E-05
 RQ10=     -0.0000   dQ =-7.8E-05  L =     -0.4215   dL =-7.9E-06  dev = 1.5E-05
 RQ20=     21.3929   dQ =-1.2E-04  L =      0.0000   dL = 0.0E+00  dev = 0.0E+00
 RQ22=      0.0000   dQ =-1.4E-08  L =      0.0000   dL = 0.0E+00  dev = 0.0E+00
 RQ30=     49.9982   dQ =-1.9E-03  L =      0.0570   dL =-7.9E-08  dev = 1.8E-03
 Jz  =    0.000      dJZ =  0.0E+00
--------------------------------------------------------------------------------
 Iteration =  134
 dt  =   0.0248      mu  =   0.8301 gradn=    0.000E+00 D2H =    3.646E-07
 E   =   -155.830    DE  =  0.23203E-06
 R   =   -157.225    DR  =  0.22248E-06
 R-E =     -1.396  D(R-E)= -0.75578E-08
 dmun=  3.7E-06      dmup= -1.1E-05
 RQ10=     -0.0000   dQ =-7.5E-05  L =     -0.4215   dL =-7.7E-06  dev = 1.4E-05
 RQ20=     21.3931   dQ =-1.1E-04  L =      0.0000   dL = 0.0E+00  dev = 0.0E+00
 RQ22=      0.0000   dQ =-1.5E-08  L =      0.0000   dL = 0.0E+00  dev = 0.0E+00
 RQ30=     49.9983   dQ =-1.8E-03  L =      0.0570   dL =-6.3E-08  dev = 1.7E-03
 Jz  =    0.000      dJZ =  0.0E+00
--------------------------------------------------------------------------------
 Iteration =  135
 dt  =   0.0248      mu  =   0.8301 gradn=    0.000E+00 D2H =    3.479E-07
 E   =   -155.829    DE  =  0.20219E-06
 R   =   -157.225    DR  =  0.20965E-06
 R-E =     -1.396  D(R-E)=  0.93380E-08
 dmun=  3.4E-06      dmup= -1.1E-05
 RQ10=     -0.0000   dQ =-7.7E-05  L =     -0.4215   dL =-7.8E-06  dev = 1.5E-05
 RQ20=     21.3933   dQ =-1.2E-04  L =      0.0000   dL = 0.0E+00  dev = 0.0E+00
 RQ22=      0.0000   dQ =-1.5E-08  L =      0.0000   dL = 0.0E+00  dev = 0.0E+00
 RQ30=     49.9983   dQ =-1.9E-03  L =      0.0570   dL =-9.7E-08  dev = 1.7E-03
 Jz  =    0.000      dJZ =  0.0E+00
--------------------------------------------------------------------------------
 Iteration =  136
 dt  =   0.0248      mu  =   0.8301 gradn=    0.000E+00 D2H =    3.319E-07
 E   =   -155.829    DE  =  0.21926E-06
 R   =   -157.225    DR  =  0.21337E-06
 R-E =     -1.396  D(R-E)= -0.39730E-08
 dmun=  3.4E-06      dmup= -1.1E-05
 RQ10=     -0.0000   dQ =-7.5E-05  L =     -0.4215   dL =-7.7E-06  dev = 1.4E-05
 RQ20=     21.3936   dQ =-1.1E-04  L =      0.0000   dL = 0.0E+00  dev = 0.0E+00
 RQ22=      0.0000   dQ =-1.5E-08  L =      0.0000   dL = 0.0E+00  dev = 0.0E+00
 RQ30=     49.9983   dQ =-1.8E-03  L =      0.0570   dL =-8.4E-08  dev = 1.7E-03
 Jz  =    0.000      dJZ =  0.0E+00
--------------------------------------------------------------------------------
 Iteration =  137
 dt  =   0.0248      mu  =   0.8301 gradn=    0.000E+00 D2H =    3.168E-07
 E   =   -155.829    DE  =  0.19222E-06
 R   =   -157.225    DR  =  0.20154E-06
 R-E =     -1.396  D(R-E)=  0.11126E-07
 dmun=  3.1E-06      dmup= -1.1E-05
 RQ10=     -0.0000   dQ =-7.7E-05  L =     -0.4215   dL =-7.8E-06  dev = 1.5E-05
 RQ20=     21.3938   dQ =-1.2E-04  L =      0.0000   dL = 0.0E+00  dev = 0.0E+00
 RQ22=      0.0000   dQ =-1.5E-08  L =      0.0000   dL = 0.0E+00  dev = 0.0E+00
 RQ30=     49.9983   dQ =-1.9E-03  L =      0.0570   dL =-1.1E-07  dev = 1.7E-03
 Jz  =    0.000      dJZ =  0.0E+00
--------------------------------------------------------------------------------
 Iteration =  138
 dt  =   0.0248      mu  =   0.8301 gradn=    0.000E+00 D2H =    3.024E-07
 E   =   -155.829    DE  =  0.20694E-06
 R   =   -157.225    DR  =  0.20449E-06
 R-E =     -1.396  D(R-E)= -0.61716E-09
 dmun=  2.9E-06      dmup= -1.1E-05
 RQ10=     -0.0000   dQ =-7.4E-05  L =     -0.4215   dL =-7.6E-06  dev = 1.4E-05
 RQ20=     21.3940   dQ =-1.1E-04  L =      0.0000   dL = 0.0E+00  dev = 0.0E+00
 RQ22=      0.0000   dQ =-1.6E-08  L =      0.0000   dL = 0.0E+00  dev = 0.0E+00
 RQ30=     49.9983   dQ =-1.8E-03  L =      0.0570   dL =-1.0E-07  dev = 1.7E-03
 Jz  =    0.000      dJZ =  0.0E+00
--------------------------------------------------------------------------------
 Iteration =  139
 dt  =   0.0248      mu  =   0.8301 gradn=    0.000E+00 D2H =    2.887E-07
 E   =   -155.829    DE  =  0.18302E-06
 R   =   -157.225    DR  =  0.19405E-06
 R-E =     -1.396  D(R-E)=  0.12763E-07
 dmun=  2.6E-06      dmup= -1.1E-05
 RQ10=     -0.0000   dQ =-7.6E-05  L =     -0.4215   dL =-7.7E-06  dev = 1.5E-05
 RQ20=     21.3942   dQ =-1.2E-04  L =      0.0000   dL = 0.0E+00  dev = 0.0E+00
 RQ22=      0.0000   dQ =-1.6E-08  L =      0.0000   dL = 0.0E+00  dev = 0.0E+00
 RQ30=     49.9983   dQ =-1.9E-03  L =      0.0570   dL =-1.3E-07  dev = 1.7E-03
 Jz  =    0.000      dJZ =  0.0E+00
--------------------- Sp wavefunctions -------------------------------------------------------------
____________________________________________________________________________________________________
   Neutron wavefunctions
  i     P   Rz   occ       E        d2h    Delta |   JxT    JyT    Jz      J   |   SxT    SyT    Sz
----------------------------------------------------------------------------------------------------
  1  0.99  1.0  1.0000   -35.264  8.3E-09   0.00 |  -0.50   0.50   0.50   0.52 |  -0.50   0.50   0.50
  9 -0.99  1.0  1.0000   -24.220  3.8E-08   0.01 |  -0.87   0.87   0.50   1.46 |  -0.45   0.45   0.40
 10 -0.98  1.0  0.9999   -21.783  5.2E-09   0.14 |  -0.00   0.00  -1.50   1.53 |   0.00   0.00  -0.50
 11 -0.91  1.0  0.9808   -17.049  3.4E-08   1.43 |   0.31  -0.31   0.50   0.78 |  -0.06   0.06  -0.39
  2  0.88  1.0  0.7213   -12.890  9.8E-08   1.73 |  -1.15   1.15   0.50   2.22 |  -0.41   0.41   0.31
  3  0.97  1.0  0.2464   -11.074  2.8E-08   1.63 |  -0.00   0.00  -1.50   2.50 |  -0.00   0.00  -0.42
  4  0.95  1.0  0.0360    -8.818  2.5E-09   1.29 |   0.00  -0.00   2.50   2.54 |  -0.00   0.00   0.50
  5  0.80  1.0  0.0133    -7.154  1.8E-07   1.14 |  -0.61   0.61   0.50   1.65 |  -0.34   0.34   0.17
  6  0.09  1.0  0.0013    -4.722  1.5E-03   0.49 |  -0.30   0.30   0.50   2.18 |  -0.44   0.44   0.39
 12  0.53  1.0  0.0009    -3.721  1.5E-03   0.39 |   0.31  -0.31   0.50   2.12 |  -0.29   0.29   0.09
  7  0.68  1.0  0.0000    -2.252  9.6E-07   0.10 |   0.00  -0.00  -1.49   1.97 |   0.00  -0.00   0.35
 20 -0.76  1.0  0.0000    -0.908  1.5E-04   0.05 |  -1.09   1.09   0.50   3.00 |  -0.37   0.37   0.23
 13 -0.68  1.0  0.0000    -0.305  4.0E-05   0.01 |  -0.00   0.00  -1.49   2.64 |   0.00  -0.00  -0.42
 18 -0.31  1.0  0.0000     0.426  2.7E-04   0.01 |   0.01  -0.01   0.47   1.77 |  -0.01   0.01  -0.48
 17 -0.08  1.0  0.0000     0.591  1.8E-03   0.01 |   0.04  -0.04  -1.47   2.79 |   0.00  -0.00  -0.42
 14 -0.22  1.0  0.0000     1.096  3.5E-03   0.01 |   0.45  -0.45   1.08   2.61 |   0.41  -0.41   0.49
 15 -0.22  1.0  0.0000     1.399  1.0E-03   0.01 |  -0.68   0.68   0.50   2.15 |  -0.47   0.47   0.44
  8  0.43  1.0  0.0000     1.506  1.1E-03   0.00 |  -0.14   0.15   0.51   2.46 |  -0.02   0.03  -0.44
 19 -0.76  1.0  0.0000     1.895  2.1E-02   0.00 |   0.05  -0.05   1.18   2.77 |   0.20  -0.20   0.45
 16 -0.75  1.0  0.0000     3.160  3.3E-03   0.00 |   0.01  -0.01  -3.28   3.66 |  -0.00   0.00  -0.49
____________________________________________________________________________________________________
   Proton  wavefunctions
  i     P   Rz   occ       E        d2h    Delta |   JxT    JyT    Jz      J   |   SxT    SyT    Sz
----------------------------------------------------------------------------------------------------
 21  0.99  1.0  1.0000   -30.742  6.1E-09   0.00 |  -0.50   0.50   0.50   0.52 |  -0.50   0.50   0.50
 29 -0.99  1.0  1.0000   -19.889  3.1E-08   0.02 |  -0.87   0.87   0.50   1.46 |  -0.45   0.45   0.40
 30 -0.98  1.0  0.9999   -17.426  4.1E-09   0.19 |  -0.00   0.00  -1.50   1.53 |   0.00   0.00  -0.50
 31 -0.91  1.0  0.9773   -12.781  3.4E-08   1.52 |   0.30  -0.30   0.50   0.79 |  -0.06   0.06  -0.39
 22  0.86  1.0  0.7155    -8.781  7.0E-08   1.81 |  -1.13   1.13   0.50   2.21 |  -0.41   0.41   0.32
 23  0.97  1.0  0.2493    -6.917  2.3E-08   1.71 |  -0.00   0.00  -1.50   2.50 |  -0.00   0.00  -0.42
 24  0.95  1.0  0.0392    -4.680  2.2E-09   1.36 |   0.00  -0.00   2.50   2.54 |   0.00  -0.00   0.50
 25  0.57  1.0  0.0137    -3.386  4.7E-05   1.04 |  -0.63   0.63   0.50   2.04 |  -0.35   0.35   0.20
 40 -0.03  1.0  0.0025    -2.076  5.1E-05   0.49 |  -0.57   0.57   0.50   2.41 |  -0.49   0.49   0.49
 26  0.82  1.0  0.0025    -0.186  4.1E-06   0.69 |   0.61  -0.61   0.50   1.67 |  -0.23   0.23  -0.03
 27  0.66  1.0  0.0001     1.357  3.4E-05   0.14 |  -0.00   0.00  -1.39   2.00 |   0.05  -0.05   0.34
 37 -0.27  1.0  0.0000     1.995  8.6E-04   0.04 |   0.07  -0.07  -1.47   2.25 |   0.00  -0.00  -0.48
 28  0.10  1.0  0.0000     2.238  2.5E-03   0.06 |   0.05  -0.05   0.47   1.90 |  -0.01   0.02  -0.47
 38 -0.48  1.0  0.0000     2.437  3.8E-02   0.05 |  -0.55   0.56   0.50   2.70 |  -0.20   0.20  -0.09
 39 -0.68  1.0  0.0000     2.569  4.4E-03   0.02 |   0.43  -0.43   0.49   2.29 |   0.46  -0.46   0.47
 33  0.30  1.0  0.0000     2.810  1.1E-02   0.01 |   0.45  -0.46  -1.05   2.87 |   0.12  -0.12  -0.24
 34  0.70  1.0  0.0000     3.027  7.8E-03   0.02 |  -0.03   0.03   0.08   2.23 |   0.36  -0.36   0.31
 32 -0.14  1.0  0.0000     3.099  4.2E-02   0.03 |  -0.38   0.39   0.51   2.44 |  -0.19   0.19  -0.12
 35 -0.26  1.0  0.0000     3.679  7.2E-03   0.03 |  -0.83   0.83   0.50   2.34 |  -0.47   0.47   0.44
 36 -0.47  1.0  0.0000     5.743  8.3E-03   0.00 |  -0.00   0.00  -2.88   3.94 |  -0.00   0.01  -0.49
----------------------------------------------------------------------------------------------------
--------------------- Canonical basis  -------------------------------------------------------------
____________________________________________________________________________________________________
   Neutron wavefunctions
  i     P   Rz   occ       E        d2h    Delta |   JxT    JyT    Jz      J   |   SxT    SyT    Sz
----------------------------------------------------------------------------------------------------
 20  0.99  1.0  2.0000   -35.264  0.0E+00   0.00 |  -0.50   0.50   0.50   0.52 |  -0.50   0.50   0.50
 19 -0.99  1.0  2.0000   -24.220  0.0E+00   0.01 |  -0.87   0.87   0.50   1.46 |  -0.45   0.45   0.40
 18 -0.98  1.0  1.9999   -21.783  0.0E+00   0.14 |  -0.00   0.00  -1.50   1.53 |   0.00   0.00  -0.50
 17 -0.92  1.0  1.9617   -17.048  0.0E+00   1.43 |   0.31  -0.31   0.50   0.77 |  -0.06   0.06  -0.39
 16  0.89  1.0  1.4428   -12.890  0.0E+00   1.73 |  -1.16   1.16   0.50   2.22 |  -0.41   0.41   0.31
 15  0.97  1.0  0.4928   -11.074  0.0E+00   1.63 |  -0.00   0.00  -1.50   2.50 |  -0.00   0.00  -0.42
 14  0.95  1.0  0.0720    -8.818  0.0E+00   1.29 |   0.00  -0.00   2.50   2.54 |  -0.00   0.00   0.50
 13  0.82  1.0  0.0273    -7.053  0.0E+00   1.19 |  -0.41   0.41   0.50   1.67 |  -0.27   0.27   0.03
 12  0.73  1.0  0.0030    -4.500  0.0E+00   0.58 |   0.23  -0.23   0.50   1.44 |  -0.37   0.37   0.25
 11 -0.20  1.0  0.0005    -3.917  0.0E+00   0.25 |  -0.60   0.60   0.50   2.67 |  -0.42   0.42   0.33
 10  0.65  1.0  0.0001    -2.248  0.0E+00   0.10 |  -0.01   0.01  -1.50   2.01 |   0.00  -0.00   0.34
  9 -0.70  1.0  0.0000    -1.025  0.0E+00   0.01 |  -0.95   0.95   0.50   3.04 |  -0.39   0.39   0.27
  8 -0.65  1.0  0.0000    -0.156  0.0E+00   0.01 |   0.03  -0.03  -1.50   3.01 |   0.00  -0.00  -0.34
  5 -0.08  1.0  0.0000     0.450  0.0E+00   0.00 |   0.04  -0.00  -1.47   2.35 |   0.01   0.01  -0.48
  4 -0.59  1.0  0.0000     0.667  0.0E+00   0.00 |  -0.51   0.47   0.45   2.00 |  -0.09   0.07  -0.34
  6 -0.30  1.0  0.0000     1.273  0.0E+00   0.00 |  -0.25   0.24   0.50   1.97 |  -0.41   0.41   0.32
  2  0.81  1.0  0.0000     1.391  0.0E+00   0.00 |  -0.05   0.06   0.50   2.42 |  -0.01   0.02  -0.47
  1 -0.81  1.0  0.0000     1.476  0.0E+00   0.00 |   0.46  -0.46   0.35   2.29 |   0.46  -0.46   0.48
  7 -0.17  1.0  0.0000     1.504  0.0E+00   0.00 |   0.03  -0.03   1.92   3.06 |   0.16  -0.16   0.46
  3 -0.74  1.0  0.0000     3.148  0.0E+00   0.00 |   0.01  -0.01  -3.25   3.65 |  -0.01   0.01  -0.48
____________________________________________________________________________________________________
   Proton  wavefunctions
  i     P   Rz   occ       E        d2h    Delta |   JxT    JyT    Jz      J   |   SxT    SyT    Sz
----------------------------------------------------------------------------------------------------
 40  0.99  1.0  2.0000   -30.742  0.0E+00   0.00 |  -0.50   0.50   0.50   0.52 |  -0.50   0.50   0.50
 39 -0.99  1.0  2.0000   -19.889  0.0E+00   0.02 |  -0.87   0.87   0.50   1.47 |  -0.45   0.45   0.40
 38 -0.98  1.0  1.9998   -17.426  0.0E+00   0.19 |  -0.00   0.00  -1.50   1.53 |   0.00   0.00  -0.50
 37 -0.91  1.0  1.9546   -12.780  0.0E+00   1.52 |   0.31  -0.31   0.50   0.78 |  -0.06   0.06  -0.39
 36  0.88  1.0  1.4314    -8.779  0.0E+00   1.82 |  -1.14   1.14   0.50   2.22 |  -0.41   0.41   0.32
 35  0.97  1.0  0.4986    -6.916  0.0E+00   1.72 |  -0.00   0.00  -1.50   2.50 |  -0.00   0.00  -0.42
 34  0.95  1.0  0.0785    -4.680  0.0E+00   1.36 |   0.00  -0.00   2.50   2.54 |  -0.00   0.00   0.50
 33  0.83  1.0  0.0313    -3.082  0.0E+00   1.24 |  -0.37   0.37   0.50   1.67 |  -0.25   0.25   0.00
 31 -0.21  1.0  0.0017    -1.631  0.0E+00   0.37 |  -0.58   0.58   0.50   2.83 |  -0.45   0.45   0.40
 32  0.76  1.0  0.0039    -0.816  0.0E+00   0.63 |   0.26  -0.26   0.50   1.41 |  -0.37   0.37   0.24
 30  0.66  1.0  0.0001     1.416  0.0E+00   0.15 |  -0.00   0.00  -1.49   2.01 |   0.00  -0.00   0.35
 29 -0.73  1.0  0.0000     2.335  0.0E+00   0.04 |  -0.92   0.92   0.50   2.94 |  -0.36   0.36   0.23
 26  0.72  1.0  0.0000     2.358  0.0E+00   0.00 |   0.14  -0.14  -1.47   2.62 |   0.01  -0.01  -0.47
 27 -0.64  1.0  0.0000     2.422  0.0E+00   0.00 |   0.12  -0.12   0.51   1.80 |  -0.02   0.03  -0.45
 28 -0.63  1.0  0.0000     2.437  0.0E+00   0.02 |   0.01  -0.01  -1.49   2.55 |   0.00  -0.00  -0.46
 23  0.14  1.0  0.0000     2.608  0.0E+00   0.00 |   0.36  -0.37   0.62   2.29 |   0.47  -0.47   0.49
 21 -0.18  1.0  0.0000     2.938  0.0E+00   0.00 |   0.42  -0.42   0.49   2.20 |   0.49  -0.49   0.49
 24  0.65  1.0  0.0000     3.041  0.0E+00   0.00 |  -0.20   0.20   0.50   2.36 |  -0.06   0.06  -0.37
 25 -0.09  1.0  0.0000     3.545  0.0E+00   0.00 |  -0.63   0.63   0.48   2.26 |  -0.43   0.43   0.36
 22 -0.46  1.0  0.0000     5.730  0.0E+00   0.00 |   0.00  -0.00  -2.88   3.94 |  -0.00   0.01  -0.49
----------------------------------------------------------------------------------------------------
---------------------------------Quasiparticles---------------------------------
Block 1:  P=+1  neutrons
  N      Eqp       f_n      |   U   V  |   B  P  ov_TR |    JxT    JyT    Jz
________________________________________________________________________________
  1    -23.23      0.00E+00 |    1   0 |   -  -  0.000 |    0.00   0.00   0.50
  2    -15.19      0.00E+00 |    0  16 |   -  -  0.000 |    0.00   0.00   3.28
  3    -13.93      0.00E+00 |    0  19 |   -  -  0.000 |    0.00   0.00  -1.18
  4    -13.54      0.00E+00 |    0   8 |   -  -  0.000 |    0.00   0.00  -0.51
  5    -13.43      0.00E+00 |    0  15 |   -  -  0.000 |    0.00   0.00  -0.50
  6    -13.13      0.00E+00 |    0  14 |   -  -  0.000 |    0.00   0.00  -1.08
  7    -12.62      0.00E+00 |    0  17 |   -  -  0.000 |    0.00   0.00   1.47
  8    -12.46      0.00E+00 |    0  18 |   -  -  0.000 |    0.00   0.00  -0.47
  9    -12.19      0.00E+00 |    9   0 |   -  -  0.000 |    0.00   0.00   0.50
 10    -11.73      0.00E+00 |    0  13 |   -  -  0.000 |    0.00   0.00   1.49
 11    -11.13      0.00E+00 |    0  20 |   -  -  0.000 |    0.00   0.00  -0.50
 12     -9.78      0.00E+00 |   10   7 |   -  -  0.000 |    0.00   0.00   1.39
 13     -9.75      0.00E+00 |   10   7 |   -  -  0.000 |    0.00   0.00  -1.39
 14     -8.33      0.00E+00 |    0  12 |   -  -  0.000 |    0.00   0.00  -0.50
 15     -7.33      0.00E+00 |    0   6 |   -  -  0.000 |    0.00   0.00  -0.50
 16     -5.22      0.00E+00 |   11  11 |   -  -  0.000 |    0.00   0.00   0.47
 17     -5.01      0.00E+00 |   11   5 |   -  -  0.000 |    0.00   0.00  -0.47
 18     -3.47      0.00E+00 |    4   4 |   -  -  0.000 |    0.00   0.00  -2.32
 19     -1.93      0.00E+00 |    2   2 |   -  -  0.000 |    0.00   0.00   0.22
 20     -1.89      0.00E+00 |    3   3 |   -  -  0.000 |    0.00   0.00   0.76
 21      1.89      1.00E+00 |    3   3 |   -  -  0.000 |    0.00   0.00  -0.76
 22      1.93      1.00E+00 |    2   2 |   -  -  0.000 |    0.00   0.00  -0.22
 23      3.47      1.00E+00 |    4   4 |   -  -  0.000 |    0.00   0.00   2.32
 24      5.01      1.00E+00 |    5  11 |   -  -  0.000 |    0.00   0.00   0.47
 25      5.22      1.00E+00 |   11  11 |   -  -  0.000 |    0.00   0.00  -0.47
 26      7.33      1.00E+00 |    6   0 |   -  -  0.000 |    0.00   0.00   0.50
 27      8.33      1.00E+00 |   12   0 |   -  -  0.000 |    0.00   0.00   0.50
 28      9.75      1.00E+00 |    7  10 |   -  -  0.000 |    0.00   0.00   1.39
 29      9.78      1.00E+00 |    7  10 |   -  -  0.000 |    0.00   0.00  -1.39
 30     11.13      1.00E+00 |   20   0 |   -  -  0.000 |    0.00   0.00   0.50
 31     11.73      1.00E+00 |   13   0 |   -  -  0.000 |    0.00   0.00  -1.49
 32     12.19      1.00E+00 |    0   9 |   -  -  0.000 |    0.00   0.00  -0.50
 33     12.46      1.00E+00 |   18   0 |   -  -  0.000 |    0.00   0.00   0.47
 34     12.62      1.00E+00 |   17   0 |   -  -  0.000 |    0.00   0.00  -1.47
 35     13.13      1.00E+00 |   14   0 |   -  -  0.000 |    0.00   0.00   1.08
 36     13.43      1.00E+00 |   15   0 |   -  -  0.000 |    0.00   0.00   0.50
 37     13.54      1.00E+00 |    8   0 |   -  -  0.000 |    0.00   0.00   0.51
 38     13.93      1.00E+00 |   19   0 |   -  -  0.000 |    0.00   0.00   1.18
 39     15.19      1.00E+00 |   16   0 |   -  -  0.000 |    0.00   0.00  -3.28
 40     23.23      1.00E+00 |    0   1 |   -  -  0.000 |    0.00   0.00  -0.50

Block 5:  P=+1   protons
  N      Eqp       f_n      |   U   V  |   B  P  ov_TR |    JxT    JyT    Jz
________________________________________________________________________________
  1    -22.83      0.00E+00 |   21   0 |   -  -  0.000 |    0.00   0.00   0.50
  2    -13.65      0.00E+00 |    0  36 |   -  -  0.000 |    0.00   0.00   2.88
  3    -11.98      0.00E+00 |   29   0 |   -  -  0.000 |    0.00   0.00   0.50
  4    -11.59      0.00E+00 |    0  35 |   -  -  0.000 |    0.00   0.00  -0.50
  5    -11.01      0.00E+00 |    0  32 |   -  -  0.000 |    0.00   0.00  -0.51
  6    -10.94      0.00E+00 |    0  34 |   -  -  0.000 |    0.00   0.00  -0.08
  7    -10.72      0.00E+00 |    0  33 |   -  -  0.000 |    0.00   0.00   1.05
  8    -10.48      0.00E+00 |    0  39 |   -  -  0.000 |    0.00   0.00  -0.49
  9    -10.35      0.00E+00 |    0  38 |   -  -  0.000 |    0.00   0.00  -0.50
 10    -10.15      0.00E+00 |    0  28 |   -  -  0.000 |    0.00   0.00  -0.47
 11     -9.91      0.00E+00 |    0  37 |   -  -  0.000 |    0.00   0.00   1.47
 12     -9.52      0.00E+00 |   30   0 |   -  -  0.000 |    0.00   0.00  -1.50
 13     -9.27      0.00E+00 |    0  27 |   -  -  0.000 |    0.00   0.00   1.38
 14     -7.76      0.00E+00 |    0  26 |   -  -  0.000 |    0.00   0.00  -0.50
 15     -5.87      0.00E+00 |    0  40 |   -  -  0.000 |    0.00   0.00  -0.49
 16     -5.10      0.00E+00 |   31  31 |   -  -  0.000 |    0.00   0.00   0.47
 17     -4.66      0.00E+00 |   25  25 |   -  -  0.000 |    0.00   0.00  -0.48
 18     -3.51      0.00E+00 |   24  24 |   -  -  0.000 |    0.00   0.00  -2.30
 19     -2.00      0.00E+00 |   22  22 |   -  -  0.000 |    0.00   0.00   0.21
 20     -1.98      0.00E+00 |   23  23 |   -  -  0.000 |    0.00   0.00   0.75
 21      1.98      1.00E+00 |   23  23 |   -  -  0.000 |    0.00   0.00  -0.75
 22      2.00      1.00E+00 |   22  22 |   -  -  0.000 |    0.00   0.00  -0.21
 23      3.51      1.00E+00 |   24  24 |   -  -  0.000 |    0.00   0.00   2.30
 24      4.66      1.00E+00 |   25  25 |   -  -  0.000 |    0.00   0.00   0.48
 25      5.10      1.00E+00 |   31  31 |   -  -  0.000 |    0.00   0.00  -0.47
 26      5.87      1.00E+00 |   40   0 |   -  -  0.000 |    0.00   0.00   0.49
 27      7.76      1.00E+00 |   26   0 |   -  -  0.000 |    0.00   0.00   0.50
 28      9.27      1.00E+00 |   27   0 |   -  -  0.000 |    0.00   0.00  -1.38
 29      9.52      1.00E+00 |    0  30 |   -  -  0.000 |    0.00   0.00   1.50
 30      9.91      1.00E+00 |   37   0 |   -  -  0.000 |    0.00   0.00  -1.47
 31     10.15      1.00E+00 |   28   0 |   -  -  0.000 |    0.00   0.00   0.47
 32     10.35      1.00E+00 |   38   0 |   -  -  0.000 |    0.00   0.00   0.50
 33     10.48      1.00E+00 |   39   0 |   -  -  0.000 |    0.00   0.00   0.49
 34     10.72      1.00E+00 |   33   0 |   -  -  0.000 |    0.00   0.00  -1.05
 35     10.94      1.00E+00 |   34   0 |   -  -  0.000 |    0.00   0.00   0.08
 36     11.01      1.00E+00 |   32   0 |   -  -  0.000 |    0.00   0.00   0.51
 37     11.59      1.00E+00 |   35   0 |   -  -  0.000 |    0.00   0.00   0.50
 38     11.98      1.00E+00 |    0  29 |   -  -  0.000 |    0.00   0.00  -0.50
 39     13.65      1.00E+00 |   36   0 |   -  -  0.000 |    0.00   0.00  -2.88
 40     22.83      1.00E+00 |    0  21 |   -  -  0.000 |    0.00   0.00  -0.50

--------------------------------------------------------------------------------
---------------- Electric Multipole Moments -----------------
Quantisation Axis             : Z
  With secondary axis ordering: X,Y
______________________________________________________________
                     Neutrons        Protons         Total
______________________________________________________________
 Particles           10.0000         10.0000         20.0000

Re  Q_{ 1 0}         -0.0232          0.0232         -0.0000
Constrained                                           0.0000
Re De_{ 1 0}                                   0.1390494E-04
Re La_{ 1 0}                                         -0.4215

Re  Q_{ 2 0}         10.4267         10.9677         21.3944
Re  Q_{ 2 2}          0.0000          0.0000          0.0000

Re  Q_{ 3 0}         23.1534         26.8450         49.9984
Constrained                                          50.0000
Re De_{ 3 0}                                   0.1623677E-02
Re La_{ 3 0}                                          0.0570
Re  Q_{ 3 2}         -0.0000         -0.0000         -0.0000

Re  Q_{ 4 0}         84.3360        102.5388        186.8748
Re  Q_{ 4 2}         -0.0000         -0.0000         -0.0001
Re  Q_{ 4 4}          0.0186          0.0219          0.0405

Re  Q_{ 5 0}        354.6222        470.1421        824.7643
Re  Q_{ 5 2}         -0.0001          0.0001          0.0000
Re  Q_{ 5 4}         -0.1109         -0.1856         -0.2965

Re  Q_{ 6 0}       1470.0451       2205.0741       3675.1192
Re  Q_{ 6 2}         -0.0016         -0.0011         -0.0027
Re  Q_{ 6 4}          0.9521          1.4768          2.4289
Re  Q_{ 6 6}          0.0001         -0.0002         -0.0001

Re  Q_{ 7 0}       6386.3034      10012.4420      16398.7454
Re  Q_{ 7 2}         -0.0080         -0.0058         -0.0138
Re  Q_{ 7 4}         -1.9541         -5.3699         -7.3241
Re  Q_{ 7 6}          0.0004          0.0048          0.0053

Re  Q_{ 8 0}      33705.3750      58071.6764      91777.0514
Re  Q_{ 8 2}          0.0288          0.0803          0.1090
Re  Q_{ 8 4}          1.1269        -10.4222         -9.2953
Re  Q_{ 8 6}          0.0206         -0.0005          0.0201
Re  Q_{ 8 8}        -21.7369        -29.8715        -51.6084

Re  Q_{ 9 0}     151762.1667     267097.4534     418859.6201
Re  Q_{ 9 2}         -0.3140         -0.5740         -0.8880
Re  Q_{ 9 4}        479.2539        835.6432       1314.8972
Re  Q_{ 9 6}         -0.0461         -0.2916         -0.3377
Re  Q_{ 9 8}        159.7222         -3.3586        156.3635

Re  Q_{10 0}     823085.2809    1526239.5717    2349324.8527
Re  Q_{10 2}         -0.8196          0.6946         -0.1249
Re  Q_{10 4}        530.4712      10671.8999      11202.3711
Re  Q_{10 6}          0.1042         -1.9543         -1.8501
Re  Q_{10 8}      -1543.4314       8599.6113       7056.1799
Re  Q_{1010}         -0.1569          1.1628          1.0059

 RMS radius           2.8797          2.9843          2.9325
______________________________________________________________
                     Neutrons        Protons         Total
______________________________________________________________


Beta_{ 2 0}       0.20582108      0.21650000      0.42232109
Beta_{ 2 2}       0.00000000      0.00000001      0.00000001

Beta_{ 3 0}       0.14031340      0.16268531      0.30299871
Beta_{ 3 2}      -0.00000003     -0.00000003     -0.00000006

Beta_{ 4 0}       0.15690613      0.19077229      0.34767843
Beta_{ 4 2}      -0.00000007     -0.00000005     -0.00000012
Beta_{ 4 4}       0.00003463      0.00004080      0.00007542

Beta_{ 5 0}       0.20255126      0.26853336      0.47108462
Beta_{ 5 2}      -0.00000005      0.00000005      0.00000000
Beta_{ 5 4}      -0.00006332     -0.00010604     -0.00016936

Beta_{ 6 0}       0.25777559      0.38666453      0.64444013
Beta_{ 6 2}      -0.00000027     -0.00000019     -0.00000047
Beta_{ 6 4}       0.00016695      0.00025897      0.00042592
Beta_{ 6 6}       0.00000001     -0.00000004     -0.00000003

Beta_{ 7 0}       0.34379756      0.53900556      0.88280312
Beta_{ 7 2}      -0.00000043     -0.00000031     -0.00000074
Beta_{ 7 4}      -0.00010520     -0.00028908     -0.00039428
Beta_{ 7 6}       0.00000002      0.00000026      0.00000028

Beta_{ 8 0}       0.55705040      0.95975346      1.51680386
Beta_{ 8 2}       0.00000048      0.00000133      0.00000180
Beta_{ 8 4}       0.00001862     -0.00017225     -0.00015362
Beta_{ 8 6}       0.00000034     -0.00000001      0.00000033
Beta_{ 8 8}      -0.00035925     -0.00049369     -0.00085293

Beta_{ 9 0}       0.77001809      1.35521175      2.12522985
Beta_{ 9 2}      -0.00000159     -0.00000291     -0.00000451
Beta_{ 9 4}       0.00243166      0.00423993      0.00667159
Beta_{ 9 6}      -0.00000023     -0.00000148     -0.00000171
Beta_{ 9 8}       0.00081041     -0.00001704      0.00079336

Beta_{10 0}       1.28210719      2.37739974      3.65950693
Beta_{10 2}      -0.00000128      0.00000108     -0.00000019
Beta_{10 4}       0.00082631      0.01662345      0.01744976
Beta_{10 6}       0.00000016     -0.00000304     -0.00000288
Beta_{10 8}      -0.00240418      0.01339548      0.01099130
Beta_{1010}      -0.00000024      0.00000181      0.00000157

______________________________________________________________
                     Neutrons        Protons         Total
______________________________________________________________
Q_{ 1}                0.0232          0.0232          0.0000
Q_{ 2}               10.4267         10.9677         21.3944
Q_{ 3}               23.1534         26.8450         49.9984
Q_{ 4}               84.3360        102.5388        186.8748
Q_{ 5}              354.6222        470.1422        824.7644
Q_{ 6}             1470.0457       2205.0751       3675.1208
Q_{ 7}             6386.3040      10012.4448      16398.7487
Q_{ 8}            33705.3891      58071.6936      91777.0814
Q_{ 9}           151763.8482     267100.0679     418863.8062
Q_{10}           823088.5170    1526362.6423    2349399.4614
______________________________________________________________
                     Neutrons        Protons         Total
______________________________________________________________
Beta_{   1}       0.00149128      0.00149038      0.00000089
Beta_{   2}       0.20582108      0.21650000      0.42232109
Beta_{   3}       0.14031340      0.16268531      0.30299871
Beta_{   4}       0.15690614      0.19077230      0.34767844
Beta_{   5}       0.20255128      0.26853340      0.47108468
Beta_{   6}       0.25777570      0.38666471      0.64444041
Beta_{   7}       0.34379759      0.53900572      0.88280329
Beta_{   8}       0.55705063      0.95975375      1.51680435
Beta_{   9}       0.77002663      1.35522502      2.12525109
Beta_{  10}       1.28211223      2.37759144      3.65962315
______________________________________________________________
 Cart. Moments X              Y              Z
 Cart. N      -16.5297772    -16.5297772     33.0595544
 Cart. P      -17.3874148    -17.3874170     34.7748318
 Cart. T      -33.9171920    -33.9171942     67.8343862
 (Q, gamma)    Q              Gamma
 (Q,g) N       33.0595544      0.0000000
 (Q,g) P       34.7748318      0.0000020
 (Q,g) T       67.8343862      0.0000011
 (iq1, iq2)    iq1            iq2
 iq    N       33.0595544      0.0000000
 iq    P       34.7748311      0.0000014
 iq    T       67.8343855      0.0000015
               X^2            Y^2            Z^2
 X^2_i N       22.1320746     22.1320746     38.6618518
 X^2_i P       22.6055605     22.6055598     39.9929760
 X^2_i T       44.7376351     44.7376343     78.6548278
------------------------------------------------------------
------------------------- Angular Momentum (hbar) --------------------------

               Spwfs(*)    Desired     Omega       E (MeV)      Densit. 
  __________________________________________________________________________
   J_x   |     0.00000     0.00000     0.00000     0.00000     0.00000
   J_y   |     0.00000     0.00000     0.00000     0.00000     0.00000
   J_z   |     0.00000     0.00000     0.00000     0.00000     0.00000
  __________________________________________________________________________
   Size  |     0.00000     0.00000     0.00000                 0.00000
  --------------------------------------------------------------------------
---------------------Rotational properties--------------------
                Rigid rotor          (hbar^2/MeV)
              n              p              t 
 I_R X       1.4659370      1.5094519      2.9753888
 I_R Y       1.4659370      1.5094519      2.9753889
 I_R Z       1.0673509      1.0901854      2.1575363

                Belyaev                 (hbar^2/MeV) 
              n              p              t 
 I_B X       0.6088388      0.5851275      1.1939664
 I_B Y       0.6088388      0.5851276      1.1939664
 I_B Z       0.0000193      0.0000275      0.0000468

                Belyaev (collective)    (hbar^2/MeV) 
              n              p              t 
 I_B X       0.6088388      0.5851275      1.1939664
 I_B Y       0.6088388      0.5851276      1.1939664
 I_B Z       0.0000193      0.0000275      0.0000468

                 <J^2> - <J>^2          (hbar^2)
              n              p              t 
 J2_X        1.5699513      1.5730468      3.1429981
 J2_Y        1.5699513      1.5730472      3.1429984
 J2_Z        0.0001286      0.0001721      0.0003007
 J2_t        3.1400312      3.1462660      6.2862972

                 <J^2> - <J>^2 (coll.)  (hbar^2)
              n              p              t 
 J2_X        1.5699513      1.5730468      3.1429981
 J2_Y        1.5699513      1.5730472      3.1429984
 J2_Z        0.0001286      0.0001721      0.0003007
 J2_t        3.1400312      3.1462660      6.2862972
-------------------------- Pairing -------------------------
                          N         P 
 Fermi Level (MeV)    -12.03332141    -7.91032326
 Particles             10.00000000    10.00000000
 Dispersion             1.82035417     1.87075441
 Average gap   v^2      0.65455915     0.69875475
 Average gap   uv       1.50125046     1.55451307
------------------------------------------------------------
--------------------------------------------------------------------------------
 Skyrme Energy 
                                    Isoscalar      Isovector   |   Total
--------------------------------------------------------------------------------
  E_D_I_I_D_I_I                  -1295.212756       0.051390   -1295.161366
  E_D_I_I_D_Nm_Nm                   27.744947      -0.003027      27.741920
  E_D_I_I_Lap_D_I_I                 58.130400       0.001404      58.131803
  E_D_I_I_D_I_I_DD                 735.710765      -0.026106     735.684659
  E_C_I_NmSk_C_I_NmSk                0.000000       0.000000       0.000000
  E_D_I_I_Derm_C_I_NxmSxm          -10.762304      -0.000444     -10.762748
  E_DP_I_I_DP_I_I                                                 -4.329871
--------------------------------------------------------------------------------
                 Total Skyrme:                                  -488.695603
                    time-even:                                  -488.695603
                    time-odd :                                     0.000000
--------------------------------------------------------------------------------
--------------------------------------------------------------------------------
                                     neutron        proton         total
                Kinetic Energy:     162.459473     159.135621     321.595094
                    COM 1-body:      -8.122974      -7.956781     -16.079755
                    COM 2-body:       3.212801       3.160586       6.373387
                            ph:       3.188100       3.132054       6.320155
                            pp:       0.024701       0.028531       0.053232
                 Collective T:                                     -2.449158

                 Rotational  T:                                    -2.449158
                 Rotational  X:                                    -1.224066
                 Rotational  Y:                                    -1.224066
                 Rotational  Z:                                    -0.001025

                 Vibrational T:                                     0.000000
                 Vibrational X:                                    -0.000000
                 Vibrational Y:                                    -0.000000
                 Vibrational Z:                                    -0.000000


                Coulomb Direct:       0.000000      23.427315      23.427315
                      Exchange:       0.000000       0.000000       0.000000

               Pairing (delta):      -2.082255      -2.247708      -4.329963
               Pairing (densi):                                    -4.329871
--------------------------------------------------------------------------------
                  Total energy:                                  -155.828719
                    from spwfs:                                  -155.828690
                   E_fu - E_sp:                                -0.292871E-04
                   (no corr.) :                                  -159.752949
                      Routhian:                                  -157.224614
                         dE   :                                 0.634151E-03
                         dR   :                                 0.634518E-03
--------------------------------------------------------------------------------
--------------------------------------------------------------------------------
 Iteration =  141
 dt  =   0.0248      mu  =   0.8301 gradn=    0.000E+00 D2H =    2.633E-07
 E   =   -155.829    DE  =  0.17418E-06
 R   =   -157.225    DR  =  0.18670E-06
 R-E =     -1.396  D(R-E)=  0.14199E-07
 dmun=  2.1E-06      dmup= -1.0E-05
 RQ10=     -0.0000   dQ =-7.5E-05  L =     -0.4216   dL =-7.6E-06  dev = 1.5E-05
 RQ20=     21.3946   dQ =-1.1E-04  L =      0.0000   dL = 0.0E+00  dev = 0.0E+00
 RQ22=      0.0000   dQ =-1.6E-08  L =      0.0000   dL = 0.0E+00  dev = 0.0E+00
 RQ30=     49.9984   dQ =-1.9E-03  L =      0.0570   dL =-1.4E-07  dev = 1.6E-03
 Jz  =    0.000      dJZ =  0.0E+00
--------------------------------------------------------------------------------
 Iteration =  142
 dt  =   0.0248      mu  =   0.8301 gradn=    0.000E+00 D2H =    2.515E-07
 E   =   -155.829    DE  =  0.18521E-06
 R   =   -157.225    DR  =  0.18847E-06
 R-E =     -1.396  D(R-E)=  0.49457E-08
 dmun=  1.9E-06      dmup= -1.0E-05
 RQ10=     -0.0000   dQ =-7.3E-05  L =     -0.4216   dL =-7.4E-06  dev = 1.4E-05
 RQ20=     21.3948   dQ =-1.1E-04  L =      0.0000   dL = 0.0E+00  dev = 0.0E+00
 RQ22=      0.0000   dQ =-1.7E-08  L =      0.0000   dL = 0.0E+00  dev = 0.0E+00
 RQ30=     49.9984   dQ =-1.8E-03  L =      0.0570   dL =-1.3E-07  dev = 1.6E-03
 Jz  =    0.000      dJZ =  0.0E+00
--------------------------------------------------------------------------------
 Iteration =  143
 dt  =   0.0248      mu  =   0.8301 gradn=    0.000E+00 D2H =    2.403E-07
 E   =   -155.829    DE  =  0.16597E-06
 R   =   -157.225    DR  =  0.17979E-06
 R-E =     -1.396  D(R-E)=  0.15440E-07
 dmun=  1.6E-06      dmup= -9.9E-06
 RQ10=     -0.0000   dQ =-7.4E-05  L =     -0.4216   dL =-7.5E-06  dev = 1.5E-05
 RQ20=     21.3950   dQ =-1.1E-04  L =      0.0000   dL = 0.0E+00  dev = 0.0E+00
 RQ22=      0.0000   dQ =-1.7E-08  L =      0.0000   dL = 0.0E+00  dev = 0.0E+00
 RQ30=     49.9984   dQ =-1.9E-03  L =      0.0570   dL =-1.6E-07  dev = 1.6E-03
 Jz  =    0.000      dJZ =  0.0E+00
--------------------------------------------------------------------------------
 Iteration =  144
 dt  =   0.0248      mu  =   0.8301 gradn=    0.000E+00 D2H =    2.296E-07
 E   =   -155.829    DE  =  0.17533E-06
 R   =   -157.224    DR  =  0.18091E-06
 R-E =     -1.396  D(R-E)=  0.72004E-08
 dmun=  1.5E-06      dmup= -9.6E-06
 RQ10=     -0.0000   dQ =-7.2E-05  L =     -0.4216   dL =-7.3E-06  dev = 1.4E-05
 RQ20=     21.3952   dQ =-1.1E-04  L =      0.0000   dL = 0.0E+00  dev = 0.0E+00
 RQ22=      0.0000   dQ =-1.7E-08  L =      0.0000   dL = 0.0E+00  dev = 0.0E+00
 RQ30=     49.9984   dQ =-1.8E-03  L =      0.0570   dL =-1.5E-07  dev = 1.6E-03
 Jz  =    0.000      dJZ =  0.0E+00
--------------------------------------------------------------------------------
 Iteration =  145
 dt  =   0.0248      mu  =   0.8301 gradn=    0.000E+00 D2H =    2.194E-07
 E   =   -155.829    DE  =  0.15807E-06
 R   =   -157.224    DR  =  0.17300E-06
 R-E =     -1.396  D(R-E)=  0.16472E-07
 dmun=  1.3E-06      dmup= -9.6E-06
 RQ10=     -0.0000   dQ =-7.3E-05  L =     -0.4216   dL =-7.3E-06  dev = 1.4E-05
 RQ20=     21.3954   dQ =-1.1E-04  L =      0.0000   dL = 0.0E+00  dev = 0.0E+00
 RQ22=      0.0000   dQ =-1.7E-08  L =      0.0000   dL = 0.0E+00  dev = 0.0E+00
 RQ30=     49.9984   dQ =-1.8E-03  L =      0.0570   dL =-1.7E-07  dev = 1.6E-03
 Jz  =    0.000      dJZ =  0.0E+00
--------------------------------------------------------------------------------
 Iteration =  146
 dt  =   0.0248      mu  =   0.8301 gradn=    0.000E+00 D2H =    2.097E-07
 E   =   -155.829    DE  =  0.16625E-06
 R   =   -157.224    DR  =  0.17379E-06
 R-E =     -1.396  D(R-E)=  0.91022E-08
 dmun=  1.3E-06      dmup= -9.3E-06
 RQ10=     -0.0000   dQ =-7.1E-05  L =     -0.4216   dL =-7.2E-06  dev = 1.4E-05
 RQ20=     21.3956   dQ =-1.1E-04  L =      0.0000   dL = 0.0E+00  dev = 0.0E+00
 RQ22=      0.0000   dQ =-1.8E-08  L =      0.0000   dL = 0.0E+00  dev = 0.0E+00
 RQ30=     49.9985   dQ =-1.8E-03  L =      0.0570   dL =-1.6E-07  dev = 1.5E-03
 Jz  =    0.000      dJZ =  0.0E+00
--------------------------------------------------------------------------------
 Iteration =  147
 dt  =   0.0248      mu  =   0.8301 gradn=    0.000E+00 D2H =    2.004E-07
 E   =   -155.829    DE  =  0.15052E-06
 R   =   -157.224    DR  =  0.16630E-06
 R-E =     -1.396  D(R-E)=  0.17268E-07
 dmun=  1.2E-06      dmup= -9.3E-06
 RQ10=     -0.0000   dQ =-7.2E-05  L =     -0.4216   dL =-7.2E-06  dev = 1.4E-05
 RQ20=     21.3957   dQ =-1.1E-04  L =      0.0000   dL = 0.0E+00  dev = 0.0E+00
 RQ22=      0.0000   dQ =-1.8E-08  L =      0.0000   dL = 0.0E+00  dev = 0.0E+00
 RQ30=     49.9985   dQ =-1.8E-03  L =      0.0570   dL =-1.7E-07  dev = 1.5E-03
 Jz  =    0.000      dJZ =  0.0E+00
--------------------------------------------------------------------------------
 Iteration =  148
 dt  =   0.0248      mu  =   0.8301 gradn=    0.000E+00 D2H =    1.916E-07
 E   =   -155.829    DE  =  0.15765E-06
 R   =   -157.224    DR  =  0.16681E-06
 R-E =     -1.396  D(R-E)=  0.10655E-07
 dmun=  1.1E-06      dmup= -9.0E-06
 RQ10=     -0.0000   dQ =-7.0E-05  L =     -0.4216   dL =-7.1E-06  dev = 1.4E-05
 RQ20=     21.3959   dQ =-1.1E-04  L =      0.0000   dL = 0.0E+00  dev = 0.0E+00
 RQ22=      0.0000   dQ =-1.8E-08  L =      0.0000   dL = 0.0E+00  dev = 0.0E+00
 RQ30=     49.9985   dQ =-1.8E-03  L =      0.0570   dL =-1.6E-07  dev = 1.5E-03
 Jz  =    0.000      dJZ =  0.0E+00
--------------------------------------------------------------------------------
 Iteration =  149
 dt  =   0.0248      mu  =   0.8301 gradn=    0.000E+00 D2H =    1.832E-07
 E   =   -155.828    DE  =  0.14330E-06
 R   =   -157.224    DR  =  0.15969E-06
 R-E =     -1.396  D(R-E)=  0.17824E-07
 dmun=  1.0E-06      dmup= -9.0E-06
 RQ10=     -0.0000   dQ =-7.0E-05  L =     -0.4216   dL =-7.1E-06  dev = 1.4E-05
 RQ20=     21.3961   dQ =-1.1E-04  L =      0.0000   dL = 0.0E+00  dev = 0.0E+00
 RQ22=      0.0000   dQ =-1.9E-08  L =      0.0000   dL = 0.0E+00  dev = 0.0E+00
 RQ30=     49.9985   dQ =-1.8E-03  L =      0.0570   dL =-1.8E-07  dev = 1.5E-03
 Jz  =    0.000      dJZ =  0.0E+00
--------------------- Sp wavefunctions -------------------------------------------------------------
____________________________________________________________________________________________________
   Neutron wavefunctions
  i     P   Rz   occ       E        d2h    Delta |   JxT    JyT    Jz      J   |   SxT    SyT    Sz
----------------------------------------------------------------------------------------------------
  1  0.99  1.0  1.0000   -35.264  6.5E-09   0.00 |  -0.50   0.50   0.50   0.52 |  -0.50   0.50   0.50
  9 -0.99  1.0  1.0000   -24.220  3.3E-08   0.01 |  -0.87   0.87   0.50   1.46 |  -0.45   0.45   0.40
 10 -0.98  1.0  0.9999   -21.783  3.9E-09   0.14 |  -0.00   0.00  -1.50   1.53 |   0.00   0.00  -0.50
 11 -0.91  1.0  0.9808   -17.049  2.9E-08   1.43 |   0.31  -0.31   0.50   0.78 |  -0.06   0.06  -0.39
  2  0.88  1.0  0.7214   -12.890  8.8E-08   1.73 |  -1.15   1.15   0.50   2.22 |  -0.41   0.41   0.31
  3  0.97  1.0  0.2464   -11.074  2.3E-08   1.63 |  -0.00   0.00  -1.50   2.50 |  -0.00   0.00  -0.42
  4  0.95  1.0  0.0360    -8.817  1.8E-09   1.29 |   0.00  -0.00   2.50   2.54 |  -0.00   0.00   0.50
  5  0.80  1.0  0.0133    -7.154  1.5E-07   1.14 |  -0.61   0.61   0.50   1.65 |  -0.34   0.34   0.17
  6  0.08  1.0  0.0012    -4.723  8.8E-04   0.48 |  -0.31   0.31   0.50   2.19 |  -0.45   0.45   0.39
 12  0.54  1.0  0.0009    -3.720  8.8E-04   0.39 |   0.32  -0.32   0.50   2.11 |  -0.29   0.29   0.08
  7  0.68  1.0  0.0000    -2.252  4.0E-07   0.10 |   0.00  -0.00  -1.49   1.97 |   0.00  -0.00   0.35
 20 -0.76  1.0  0.0000    -0.908  7.3E-05   0.05 |  -1.09   1.09   0.50   3.00 |  -0.37   0.37   0.23
 13 -0.68  1.0  0.0000    -0.305  2.6E-05   0.01 |  -0.01   0.01  -1.49   2.64 |   0.00  -0.00  -0.42
 18 -0.30  1.0  0.0000     0.426  1.4E-04   0.01 |   0.01  -0.01   0.47   1.77 |  -0.01   0.01  -0.47
 17 -0.07  1.0  0.0000     0.590  1.3E-03   0.01 |   0.04  -0.04  -1.47   2.79 |   0.00  -0.00  -0.42
 14 -0.20  1.0  0.0000     1.096  2.5E-03   0.01 |   0.45  -0.45   1.07   2.60 |   0.42  -0.42   0.49
 15 -0.22  1.0  0.0000     1.399  9.7E-04   0.01 |  -0.68   0.68   0.50   2.15 |  -0.47   0.47   0.44
  8  0.43  1.0  0.0000     1.507  1.0E-03   0.00 |  -0.14   0.15   0.51   2.46 |  -0.03   0.03  -0.44
 19 -0.74  1.0  0.0000     1.885  2.2E-02   0.00 |   0.05  -0.05   1.13   2.75 |   0.22  -0.22   0.44
 16 -0.74  1.0  0.0000     3.159  3.3E-03   0.00 |   0.01  -0.01  -3.27   3.66 |  -0.00   0.00  -0.49
____________________________________________________________________________________________________
   Proton  wavefunctions
  i     P   Rz   occ       E        d2h    Delta |   JxT    JyT    Jz      J   |   SxT    SyT    Sz
----------------------------------------------------------------------------------------------------
 21  0.99  1.0  1.0000   -30.742  5.0E-09   0.00 |  -0.50   0.50   0.50   0.52 |  -0.50   0.50   0.50
 29 -0.99  1.0  1.0000   -19.889  2.7E-08   0.02 |  -0.87   0.87   0.50   1.46 |  -0.45   0.45   0.40
 30 -0.98  1.0  0.9999   -17.426  3.3E-09   0.19 |  -0.00   0.00  -1.50   1.53 |   0.00   0.00  -0.50
 31 -0.91  1.0  0.9773   -12.781  2.9E-08   1.52 |   0.30  -0.30   0.50   0.79 |  -0.06   0.06  -0.39
 22  0.86  1.0  0.7155    -8.781  6.5E-08   1.81 |  -1.13   1.13   0.50   2.21 |  -0.41   0.41   0.32
 23  0.97  1.0  0.2493    -6.917  1.9E-08   1.71 |  -0.00   0.00  -1.50   2.50 |  -0.00   0.00  -0.42
 24  0.95  1.0  0.0392    -4.680  1.7E-09   1.36 |   0.00  -0.00   2.50   2.54 |   0.00  -0.00   0.50
 25  0.57  1.0  0.0137    -3.386  2.4E-05   1.04 |  -0.63   0.63   0.50   2.04 |  -0.35   0.35   0.20
 40 -0.02  1.0  0.0025    -2.076  2.5E-05   0.49 |  -0.57   0.57   0.50   2.41 |  -0.49   0.49   0.49
 26  0.82  1.0  0.0025    -0.186  9.4E-07   0.69 |   0.61  -0.61   0.50   1.67 |  -0.23   0.23  -0.03
 27  0.66  1.0  0.0001     1.357  2.2E-05   0.14 |  -0.00   0.00  -1.39   2.00 |   0.05  -0.05   0.34
 37 -0.26  1.0  0.0000     1.994  6.2E-04   0.04 |   0.07  -0.07  -1.47   2.25 |   0.00  -0.00  -0.48
 28  0.09  1.0  0.0000     2.237  2.1E-03   0.06 |   0.05  -0.05   0.47   1.89 |  -0.01   0.01  -0.47
 38 -0.50  1.0  0.0000     2.423  2.8E-02   0.05 |  -0.60   0.61   0.50   2.73 |  -0.22   0.22  -0.06
 39 -0.67  1.0  0.0000     2.568  3.8E-03   0.02 |   0.42  -0.42   0.48   2.29 |   0.46  -0.46   0.46
 33  0.30  1.0  0.0000     2.808  7.0E-03   0.01 |   0.45  -0.46  -1.05   2.85 |   0.12  -0.12  -0.24
 34  0.69  1.0  0.0000     3.024  4.9E-03   0.02 |  -0.03   0.03   0.08   2.23 |   0.36  -0.36   0.30
 32 -0.11  1.0  0.0000     3.111  3.1E-02   0.02 |  -0.35   0.35   0.51   2.42 |  -0.17   0.18  -0.15
 35 -0.25  1.0  0.0000     3.682  5.1E-03   0.03 |  -0.82   0.82   0.50   2.33 |  -0.47   0.47   0.44
 36 -0.47  1.0  0.0000     5.739  1.1E-02   0.00 |  -0.00   0.00  -2.86   3.94 |  -0.00   0.01  -0.49
----------------------------------------------------------------------------------------------------
--------------------- Canonical basis  -------------------------------------------------------------
____________________________________________________________________________________________________
   Neutron wavefunctions
  i     P   Rz   occ       E        d2h    Delta |   JxT    JyT    Jz      J   |   SxT    SyT    Sz
----------------------------------------------------------------------------------------------------
 20  0.99  1.0  2.0000   -35.264  0.0E+00   0.00 |  -0.50   0.50   0.50   0.52 |  -0.50   0.50   0.50
 19 -0.99  1.0  2.0000   -24.220  0.0E+00   0.01 |  -0.87   0.87   0.50   1.46 |  -0.45   0.45   0.40
 18 -0.98  1.0  1.9999   -21.783  0.0E+00   0.14 |  -0.00   0.00  -1.50   1.53 |   0.00   0.00  -0.50
 17 -0.92  1.0  1.9617   -17.048  0.0E+00   1.43 |   0.31  -0.31   0.50   0.77 |  -0.06   0.06  -0.39
 16  0.89  1.0  1.4429   -12.890  0.0E+00   1.73 |  -1.16   1.16   0.50   2.22 |  -0.41   0.41   0.31
 15  0.97  1.0  0.4928   -11.074  0.0E+00   1.63 |  -0.00   0.00  -1.50   2.50 |  -0.00   0.00  -0.42
 14  0.95  1.0  0.0719    -8.817  0.0E+00   1.29 |   0.00  -0.00   2.50   2.54 |  -0.00   0.00   0.50
 13  0.82  1.0  0.0273    -7.054  0.0E+00   1.19 |  -0.41   0.41   0.50   1.66 |  -0.27   0.27   0.03
 12  0.72  1.0  0.0030    -4.502  0.0E+00   0.58 |   0.23  -0.23   0.50   1.44 |  -0.37   0.37   0.25
 11 -0.19  1.0  0.0005    -3.915  0.0E+00   0.26 |  -0.60   0.60   0.50   2.67 |  -0.42   0.42   0.33
 10  0.65  1.0  0.0001    -2.248  0.0E+00   0.10 |  -0.01   0.01  -1.50   2.01 |   0.00  -0.00   0.34
  9 -0.70  1.0  0.0000    -1.024  0.0E+00   0.01 |  -0.95   0.95   0.50   3.04 |  -0.39   0.39   0.27
  8 -0.65  1.0  0.0000    -0.157  0.0E+00   0.01 |   0.03  -0.03  -1.50   3.01 |   0.00  -0.00  -0.34
  5 -0.08  1.0  0.0000     0.450  0.0E+00   0.00 |   0.04  -0.00  -1.47   2.35 |   0.01   0.01  -0.48
  4 -0.60  1.0  0.0000     0.659  0.0E+00   0.00 |  -0.49   0.46   0.45   1.99 |  -0.09   0.06  -0.35
  6 -0.30  1.0  0.0000     1.282  0.0E+00   0.00 |  -0.26   0.26   0.50   1.98 |  -0.41   0.41   0.33
  2  0.80  1.0  0.0000     1.393  0.0E+00   0.00 |  -0.05   0.06   0.50   2.42 |  -0.01   0.02  -0.47
  1 -0.82  1.0  0.0000     1.477  0.0E+00   0.00 |   0.46  -0.46   0.34   2.29 |   0.46  -0.46   0.48
  7 -0.13  1.0  0.0000     1.492  0.0E+00   0.00 |   0.03  -0.03   1.87   3.03 |   0.17  -0.17   0.46
  3 -0.74  1.0  0.0000     3.145  0.0E+00   0.00 |   0.01  -0.01  -3.24   3.65 |  -0.01   0.01  -0.48
____________________________________________________________________________________________________
   Proton  wavefunctions
  i     P   Rz   occ       E        d2h    Delta |   JxT    JyT    Jz      J   |   SxT    SyT    Sz
----------------------------------------------------------------------------------------------------
 40  0.99  1.0  2.0000   -30.742  0.0E+00   0.00 |  -0.50   0.50   0.50   0.52 |  -0.50   0.50   0.50
 39 -0.99  1.0  2.0000   -19.889  0.0E+00   0.02 |  -0.87   0.87   0.50   1.47 |  -0.45   0.45   0.40
 38 -0.98  1.0  1.9998   -17.426  0.0E+00   0.19 |  -0.00   0.00  -1.50   1.53 |   0.00   0.00  -0.50
 37 -0.91  1.0  1.9546   -12.780  0.0E+00   1.52 |   0.31  -0.31   0.50   0.78 |  -0.06   0.06  -0.39
 36  0.88  1.0  1.4315    -8.779  0.0E+00   1.82 |  -1.14   1.14   0.50   2.22 |  -0.41   0.41   0.32
 35  0.97  1.0  0.4986    -6.916  0.0E+00   1.72 |  -0.00   0.00  -1.50   2.50 |  -0.00   0.00  -0.42
 34  0.95  1.0  0.0785    -4.680  0.0E+00   1.36 |   0.00  -0.00   2.50   2.54 |  -0.00   0.00   0.50
 33  0.83  1.0  0.0313    -3.082  0.0E+00   1.24 |  -0.37   0.37   0.50   1.67 |  -0.25   0.25   0.00
 31 -0.21  1.0  0.0017    -1.625  0.0E+00   0.37 |  -0.58   0.58   0.50   2.83 |  -0.45   0.45   0.40
 32  0.76  1.0  0.0039    -0.818  0.0E+00   0.63 |   0.26  -0.26   0.50   1.41 |  -0.37   0.37   0.24
 30  0.66  1.0  0.0001     1.417  0.0E+00   0.15 |  -0.00   0.00  -1.49   2.02 |   0.00  -0.00   0.35
 29 -0.73  1.0  0.0000     2.331  0.0E+00   0.04 |  -0.92   0.92   0.50   2.95 |  -0.36   0.36   0.23
 26  0.75  1.0  0.0000     2.373  0.0E+00   0.00 |   0.16  -0.16  -1.46   2.63 |   0.01  -0.01  -0.47
 27 -0.62  1.0  0.0000     2.409  0.0E+00   0.00 |   0.11  -0.11   0.51   1.80 |  -0.02   0.02  -0.45
 28 -0.64  1.0  0.0000     2.413  0.0E+00   0.01 |   0.00  -0.01  -1.49   2.52 |   0.00  -0.00  -0.46
 23  0.13  1.0  0.0000     2.609  0.0E+00   0.00 |   0.35  -0.35   0.61   2.29 |   0.47  -0.47   0.48
 21 -0.17  1.0  0.0000     2.939  0.0E+00   0.00 |   0.41  -0.41   0.48   2.20 |   0.49  -0.49   0.49
 24  0.65  1.0  0.0000     3.039  0.0E+00   0.00 |  -0.19   0.19   0.49   2.36 |  -0.06   0.06  -0.38
 25 -0.10  1.0  0.0000     3.563  0.0E+00   0.00 |  -0.62   0.62   0.48   2.26 |  -0.44   0.44   0.38
 22 -0.46  1.0  0.0000     5.722  0.0E+00   0.00 |   0.00  -0.00  -2.85   3.94 |  -0.00   0.01  -0.49
----------------------------------------------------------------------------------------------------
---------------------------------Quasiparticles---------------------------------
Block 1:  P=+1  neutrons
  N      Eqp       f_n      |   U   V  |   B  P  ov_TR |    JxT    JyT    Jz
________________________________________________________________________________
  1    -23.23      0.00E+00 |    1   0 |   -  -  0.000 |    0.00   0.00   0.50
  2    -15.19      0.00E+00 |    0  16 |   -  -  0.000 |    0.00   0.00   3.27
  3    -13.92      0.00E+00 |    0  19 |   -  -  0.000 |    0.00   0.00  -1.13
  4    -13.54      0.00E+00 |    0   8 |   -  -  0.000 |    0.00   0.00  -0.51
  5    -13.43      0.00E+00 |    0  15 |   -  -  0.000 |    0.00   0.00  -0.50
  6    -13.13      0.00E+00 |    0  14 |   -  -  0.000 |    0.00   0.00  -1.07
  7    -12.62      0.00E+00 |    0  17 |   -  -  0.000 |    0.00   0.00   1.47
  8    -12.46      0.00E+00 |    0  18 |   -  -  0.000 |    0.00   0.00  -0.47
  9    -12.19      0.00E+00 |    9   0 |   -  -  0.000 |    0.00   0.00   0.50
 10    -11.73      0.00E+00 |    0  13 |   -  -  0.000 |    0.00   0.00   1.49
 11    -11.13      0.00E+00 |    0  20 |   -  -  0.000 |    0.00   0.00  -0.50
 12     -9.78      0.00E+00 |   10   7 |   -  -  0.000 |    0.00   0.00   1.39
 13     -9.75      0.00E+00 |   10   7 |   -  -  0.000 |    0.00   0.00  -1.39
 14     -8.33      0.00E+00 |    0  12 |   -  -  0.000 |    0.00   0.00  -0.50
 15     -7.33      0.00E+00 |    0   6 |   -  -  0.000 |    0.00   0.00  -0.50
 16     -5.22      0.00E+00 |   11  11 |   -  -  0.000 |    0.00   0.00   0.47
 17     -5.01      0.00E+00 |   11   5 |   -  -  0.000 |    0.00   0.00  -0.47
 18     -3.47      0.00E+00 |    4   4 |   -  -  0.000 |    0.00   0.00  -2.32
 19     -1.93      0.00E+00 |    2   2 |   -  -  0.000 |    0.00   0.00   0.22
 20     -1.89      0.00E+00 |    3   3 |   -  -  0.000 |    0.00   0.00   0.76
 21      1.89      1.00E+00 |    3   3 |   -  -  0.000 |    0.00   0.00  -0.76
 22      1.93      1.00E+00 |    2   2 |   -  -  0.000 |    0.00   0.00  -0.22
 23      3.47      1.00E+00 |    4   4 |   -  -  0.000 |    0.00   0.00   2.32
 24      5.01      1.00E+00 |    5  11 |   -  -  0.000 |    0.00   0.00   0.47
 25      5.22      1.00E+00 |   11  11 |   -  -  0.000 |    0.00   0.00  -0.47
 26      7.33      1.00E+00 |    6   0 |   -  -  0.000 |    0.00   0.00   0.50
 27      8.33      1.00E+00 |   12   0 |   -  -  0.000 |    0.00   0.00   0.50
 28      9.75      1.00E+00 |    7  10 |   -  -  0.000 |    0.00   0.00   1.39
 29      9.78      1.00E+00 |    7  10 |   -  -  0.000 |    0.00   0.00  -1.39
 30     11.13      1.00E+00 |   20   0 |   -  -  0.000 |    0.00   0.00   0.50
 31     11.73      1.00E+00 |   13   0 |   -  -  0.000 |    0.00   0.00  -1.49
 32     12.19      1.00E+00 |    0   9 |   -  -  0.000 |    0.00   0.00  -0.50
 33     12.46      1.00E+00 |   18   0 |   -  -  0.000 |    0.00   0.00   0.47
 34     12.62      1.00E+00 |   17   0 |   -  -  0.000 |    0.00   0.00  -1.47
 35     13.13      1.00E+00 |   14   0 |   -  -  0.000 |    0.00   0.00   1.07
 36     13.43      1.00E+00 |   15   0 |   -  -  0.000 |    0.00   0.00   0.50
 37     13.54      1.00E+00 |    8   0 |   -  -  0.000 |    0.00   0.00   0.51
 38     13.92      1.00E+00 |   19   0 |   -  -  0.000 |    0.00   0.00   1.13
 39     15.19      1.00E+00 |   16   0 |   -  -  0.000 |    0.00   0.00  -3.27
 40     23.23      1.00E+00 |    0   1 |   -  -  0.000 |    0.00   0.00  -0.50

Block 5:  P=+1   protons
  N      Eqp       f_n      |   U   V  |   B  P  ov_TR |    JxT    JyT    Jz
________________________________________________________________________________
  1    -22.83      0.00E+00 |   21   0 |   -  -  0.000 |    0.00   0.00   0.50
  2    -13.65      0.00E+00 |    0  36 |   -  -  0.000 |    0.00   0.00   2.86
  3    -11.98      0.00E+00 |   29   0 |   -  -  0.000 |    0.00   0.00   0.50
  4    -11.59      0.00E+00 |    0  35 |   -  -  0.000 |    0.00   0.00  -0.50
  5    -11.02      0.00E+00 |    0  32 |   -  -  0.000 |    0.00   0.00  -0.51
  6    -10.93      0.00E+00 |    0  34 |   -  -  0.000 |    0.00   0.00  -0.08
  7    -10.72      0.00E+00 |    0  33 |   -  -  0.000 |    0.00   0.00   1.05
  8    -10.48      0.00E+00 |    0  39 |   -  -  0.000 |    0.00   0.00  -0.48
  9    -10.33      0.00E+00 |    0  38 |   -  -  0.000 |    0.00   0.00  -0.50
 10    -10.15      0.00E+00 |    0  28 |   -  -  0.000 |    0.00   0.00  -0.47
 11     -9.91      0.00E+00 |    0  37 |   -  -  0.000 |    0.00   0.00   1.47
 12     -9.52      0.00E+00 |   30   0 |   -  -  0.000 |    0.00   0.00  -1.50
 13     -9.27      0.00E+00 |    0  27 |   -  -  0.000 |    0.00   0.00   1.38
 14     -7.76      0.00E+00 |    0  26 |   -  -  0.000 |    0.00   0.00  -0.50
 15     -5.87      0.00E+00 |    0  40 |   -  -  0.000 |    0.00   0.00  -0.49
 16     -5.10      0.00E+00 |   31  31 |   -  -  0.000 |    0.00   0.00   0.47
 17     -4.66      0.00E+00 |   25  25 |   -  -  0.000 |    0.00   0.00  -0.48
 18     -3.51      0.00E+00 |   24  24 |   -  -  0.000 |    0.00   0.00  -2.30
 19     -2.00      0.00E+00 |   22  22 |   -  -  0.000 |    0.00   0.00   0.21
 20     -1.98      0.00E+00 |   23  23 |   -  -  0.000 |    0.00   0.00   0.75
 21      1.98      1.00E+00 |   23  23 |   -  -  0.000 |    0.00   0.00  -0.75
 22      2.00      1.00E+00 |   22  22 |   -  -  0.000 |    0.00   0.00  -0.21
 23      3.51      1.00E+00 |   24  24 |   -  -  0.000 |    0.00   0.00   2.30
 24      4.66      1.00E+00 |   25  25 |   -  -  0.000 |    0.00   0.00   0.48
 25      5.10      1.00E+00 |   31  31 |   -  -  0.000 |    0.00   0.00  -0.47
 26      5.87      1.00E+00 |   40   0 |   -  -  0.000 |    0.00   0.00   0.49
 27      7.76      1.00E+00 |   26   0 |   -  -  0.000 |    0.00   0.00   0.50
 28      9.27      1.00E+00 |   27   0 |   -  -  0.000 |    0.00   0.00  -1.38
 29      9.52      1.00E+00 |    0  30 |   -  -  0.000 |    0.00   0.00   1.50
 30      9.91      1.00E+00 |   37   0 |   -  -  0.000 |    0.00   0.00  -1.47
 31     10.15      1.00E+00 |   28   0 |   -  -  0.000 |    0.00   0.00   0.47
 32     10.33      1.00E+00 |   38   0 |   -  -  0.000 |    0.00   0.00   0.50
 33     10.48      1.00E+00 |   39   0 |   -  -  0.000 |    0.00   0.00   0.48
 34     10.72      1.00E+00 |   33   0 |   -  -  0.000 |    0.00   0.00  -1.05
 35     10.93      1.00E+00 |   34   0 |   -  -  0.000 |    0.00   0.00   0.08
 36     11.02      1.00E+00 |   32   0 |   -  -  0.000 |    0.00   0.00   0.51
 37     11.59      1.00E+00 |   35   0 |   -  -  0.000 |    0.00   0.00   0.50
 38     11.98      1.00E+00 |    0  29 |   -  -  0.000 |    0.00   0.00  -0.50
 39     13.65      1.00E+00 |   36   0 |   -  -  0.000 |    0.00   0.00  -2.86
 40     22.83      1.00E+00 |    0  21 |   -  -  0.000 |    0.00   0.00  -0.50

--------------------------------------------------------------------------------
---------------- Electric Multipole Moments -----------------
Quantisation Axis             : Z
  With secondary axis ordering: X,Y
______________________________________________________________
                     Neutrons        Protons         Total
______________________________________________________________
 Particles           10.0000         10.0000         20.0000

Re  Q_{ 1 0}         -0.0232          0.0232         -0.0000
Constrained                                           0.0000
Re De_{ 1 0}                                   0.1334633E-04
Re La_{ 1 0}                                         -0.4216

Re  Q_{ 2 0}         10.4277         10.9686         21.3963
Re  Q_{ 2 2}         -0.0000          0.0000          0.0000

Re  Q_{ 3 0}         23.1528         26.8458         49.9986
Constrained                                          50.0000
Re De_{ 3 0}                                   0.1431948E-02
Re La_{ 3 0}                                          0.0570
Re  Q_{ 3 2}         -0.0000         -0.0000         -0.0000

Re  Q_{ 4 0}         84.3416        102.5433        186.8849
Re  Q_{ 4 2}         -0.0000         -0.0000         -0.0001
Re  Q_{ 4 4}          0.0187          0.0220          0.0408

Re  Q_{ 5 0}        354.6011        470.1175        824.7186
Re  Q_{ 5 2}         -0.0001          0.0001          0.0000
Re  Q_{ 5 4}         -0.1111         -0.1850         -0.2961

Re  Q_{ 6 0}       1469.8453       2204.7078       3674.5531
Re  Q_{ 6 2}         -0.0015         -0.0007         -0.0022
Re  Q_{ 6 4}          0.9475          1.4635          2.4111
Re  Q_{ 6 6}          0.0001         -0.0003         -0.0002

Re  Q_{ 7 0}       6385.2067      10010.3769      16395.5836
Re  Q_{ 7 2}         -0.0076         -0.0056         -0.0132
Re  Q_{ 7 4}         -1.9254         -5.3246         -7.2500
Re  Q_{ 7 6}          0.0004          0.0056          0.0060

Re  Q_{ 8 0}      33696.6043      58054.7592      91751.3636
Re  Q_{ 8 2}          0.0284          0.0754          0.1038
Re  Q_{ 8 4}          0.8893        -10.0134         -9.1241
Re  Q_{ 8 6}          0.0201         -0.0066          0.0135
Re  Q_{ 8 8}        -21.9486        -29.6065        -51.5551

Re  Q_{ 9 0}     151715.4704     266995.0170     418710.4874
Re  Q_{ 9 2}         -0.3024         -0.5206         -0.8230
Re  Q_{ 9 4}        478.3013        824.7845       1303.0858
Re  Q_{ 9 6}         -0.0460         -0.2993         -0.3453
Re  Q_{ 9 8}        160.1173        -12.0379        148.0794

Re  Q_{10 0}     822833.6573    1525156.5638    2347990.2211
Re  Q_{10 2}         -0.7625          0.4427         -0.3199
Re  Q_{10 4}        551.3159      10930.6477      11481.9636
Re  Q_{10 6}          0.1050         -1.2294         -1.1244
Re  Q_{10 8}      -1523.1077       8798.0712       7274.9635
Re  Q_{1010}         -0.1563          1.4232          1.2668

 RMS radius           2.8797          2.9843          2.9325
______________________________________________________________
                     Neutrons        Protons         Total
______________________________________________________________


Beta_{ 2 0}       0.20583998      0.21651839      0.42235837
Beta_{ 2 2}      -0.00000000      0.00000000      0.00000000

Beta_{ 3 0}       0.14030969      0.16269018      0.30299987
Beta_{ 3 2}      -0.00000002     -0.00000002     -0.00000004

Beta_{ 4 0}       0.15691659      0.19078054      0.34769713
Beta_{ 4 2}      -0.00000007     -0.00000006     -0.00000012
Beta_{ 4 4}       0.00003486      0.00004101      0.00007587

Beta_{ 5 0}       0.20253922      0.26851927      0.47105849
Beta_{ 5 2}      -0.00000004      0.00000007      0.00000003
Beta_{ 5 4}      -0.00006345     -0.00010567     -0.00016912

Beta_{ 6 0}       0.25774056      0.38660031      0.64434087
Beta_{ 6 2}      -0.00000027     -0.00000012     -0.00000039
Beta_{ 6 4}       0.00016615      0.00025663      0.00042278
Beta_{ 6 6}       0.00000001     -0.00000005     -0.00000004

Beta_{ 7 0}       0.34373851      0.53889439      0.88263291
Beta_{ 7 2}      -0.00000041     -0.00000030     -0.00000071
Beta_{ 7 4}      -0.00010365     -0.00028664     -0.00039029
Beta_{ 7 6}       0.00000002      0.00000030      0.00000032

Beta_{ 8 0}       0.55690544      0.95947387      1.51637931
Beta_{ 8 2}       0.00000047      0.00000125      0.00000172
Beta_{ 8 4}       0.00001470     -0.00016549     -0.00015080
Beta_{ 8 6}       0.00000033     -0.00000011      0.00000022
Beta_{ 8 8}      -0.00036275     -0.00048931     -0.00085205

Beta_{ 9 0}       0.76978116      1.35469201      2.12447317
Beta_{ 9 2}      -0.00000153     -0.00000264     -0.00000418
Beta_{ 9 4}       0.00242683      0.00418483      0.00661166
Beta_{ 9 6}      -0.00000023     -0.00000152     -0.00000175
Beta_{ 9 8}       0.00081241     -0.00006108      0.00075133

Beta_{10 0}       1.28171524      2.37571275      3.65742799
Beta_{10 2}      -0.00000119      0.00000069     -0.00000050
Beta_{10 4}       0.00085878      0.01702650      0.01788528
Beta_{10 6}       0.00000016     -0.00000191     -0.00000175
Beta_{10 8}      -0.00237252      0.01370462      0.01133210
Beta_{1010}      -0.00000024      0.00000222      0.00000197

______________________________________________________________
                     Neutrons        Protons         Total
______________________________________________________________
Q_{ 1}                0.0232          0.0232          0.0000
Q_{ 2}               10.4277         10.9686         21.3963
Q_{ 3}               23.1528         26.8458         49.9986
Q_{ 4}               84.3416        102.5433        186.8849
Q_{ 5}              354.6011        470.1176        824.7187
Q_{ 6}             1469.8459       2204.7088       3674.5547
Q_{ 7}             6385.2073      10010.3797      16395.5868
Q_{ 8}            33696.6186      58054.7761      91751.3934
Q_{ 9}           151717.1473     266997.5654     418714.5952
Q_{10}           822836.8461    1525285.6501    2348068.9086
______________________________________________________________
                     Neutrons        Protons         Total
______________________________________________________________
Beta_{   1}       0.00149359      0.00149273      0.00000086
Beta_{   2}       0.20583998      0.21651839      0.42235837
Beta_{   3}       0.14030969      0.16269018      0.30299987
Beta_{   4}       0.15691660      0.19078054      0.34769715
Beta_{   5}       0.20253924      0.26851931      0.47105855
Beta_{   6}       0.25774067      0.38660048      0.64434115
Beta_{   7}       0.34373855      0.53889454      0.88263308
Beta_{   8}       0.55690568      0.95947415      1.51637981
Beta_{   9}       0.76978967      1.35470494      2.12449401
Beta_{  10}       1.28172021      2.37591383      3.65755057
______________________________________________________________
 Cart. Moments X              Y              Z
 Cart. N      -16.5312950    -16.5312943     33.0625893
 Cart. P      -17.3888922    -17.3888932     34.7777854
 Cart. T      -33.9201872    -33.9201875     67.8403747
 (Q, gamma)    Q              Gamma
 (Q,g) N       33.0625893     -0.0000007
 (Q,g) P       34.7777854      0.0000010
 (Q,g) T       67.8403747      0.0000002
 (iq1, iq2)    iq1            iq2
 iq    N       33.0625896     -0.0000005
 iq    P       34.7777851      0.0000007
 iq    T       67.8403746      0.0000002
               X^2            Y^2            Z^2
 X^2_i N       22.1316195     22.1316197     38.6629143
 X^2_i P       22.6051789     22.6051785     39.9940714
 X^2_i T       44.7367984     44.7367983     78.6569857
------------------------------------------------------------
------------------------- Angular Momentum (hbar) --------------------------

               Spwfs(*)    Desired     Omega       E (MeV)      Densit. 
  __________________________________________________________________________
   J_x   |     0.00000     0.00000     0.00000     0.00000     0.00000
   J_y   |     0.00000     0.00000     0.00000     0.00000     0.00000
   J_z   |     0.00000     0.00000     0.00000     0.00000     0.00000
  __________________________________________________________________________
   Size  |     0.00000     0.00000     0.00000                 0.00000
  --------------------------------------------------------------------------
---------------------Rotational properties--------------------
                Rigid rotor          (hbar^2/MeV)
              n              p              t 
 I_R X       1.4659516      1.5094691      2.9754207
 I_R Y       1.4659516      1.5094691      2.9754207
 I_R Z       1.0673290      1.0901670      2.1574960

                Belyaev                 (hbar^2/MeV) 
              n              p              t 
 I_B X       0.6090203      0.5852108      1.1942311
 I_B Y       0.6090204      0.5852108      1.1942312
 I_B Z       0.0000193      0.0000276      0.0000469

                Belyaev (collective)    (hbar^2/MeV) 
              n              p              t 
 I_B X       0.6090203      0.5852108      1.1942311
 I_B Y       0.6090204      0.5852108      1.1942312
 I_B Z       0.0000193      0.0000276      0.0000469

                 <J^2> - <J>^2          (hbar^2)
              n              p              t 
 J2_X        1.5698424      1.5732905      3.1431329
 J2_Y        1.5698425      1.5732909      3.1431334
 J2_Z        0.0001283      0.0001728      0.0003010
 J2_t        3.1398131      3.1467542      6.2865673

                 <J^2> - <J>^2 (coll.)  (hbar^2)
              n              p              t 
 J2_X        1.5698424      1.5732905      3.1431329
 J2_Y        1.5698425      1.5732909      3.1431334
 J2_Z        0.0001283      0.0001728      0.0003010
 J2_t        3.1398131      3.1467542      6.2865673
-------------------------- Pairing -------------------------
                          N         P 
 Fermi Level (MeV)    -12.03330746    -7.91041808
 Particles             10.00000000    10.00000000
 Dispersion             1.81991819     1.87055096
 Average gap   v^2      0.65439330     0.69872480
 Average gap   uv       1.50084890     1.55438258
------------------------------------------------------------
--------------------------------------------------------------------------------
 Skyrme Energy 
                                    Isoscalar      Isovector   |   Total
--------------------------------------------------------------------------------
  E_D_I_I_D_I_I                  -1295.215056       0.051402   -1295.163654
  E_D_I_I_D_Nm_Nm                   27.744858      -0.003027      27.741831
  E_D_I_I_Lap_D_I_I                 58.130904       0.001404      58.132308
  E_D_I_I_D_I_I_DD                 735.712259      -0.026112     735.686147
  E_C_I_NmSk_C_I_NmSk                0.000000       0.000000       0.000000
  E_D_I_I_Derm_C_I_NxmSxm          -10.762211      -0.000444     -10.762655
  E_DP_I_I_DP_I_I                                                 -4.328546
--------------------------------------------------------------------------------
                 Total Skyrme:                                  -488.694570
                    time-even:                                  -488.694570
                    time-odd :                                     0.000000
--------------------------------------------------------------------------------
--------------------------------------------------------------------------------
                                     neutron        proton         total
                Kinetic Energy:     162.458964     159.135336     321.594300
                    COM 1-body:      -8.122948      -7.956767     -16.079715
                    COM 2-body:       3.212756       3.160647       6.373403
                            ph:       3.188067       3.132033       6.320100
                            pp:       0.024689       0.028614       0.053303
                 Collective T:                                     -2.448721

                 Rotational  T:                                    -2.448721
                 Rotational  X:                                    -1.223847
                 Rotational  Y:                                    -1.223848
                 Rotational  Z:                                    -0.001026

                 Vibrational T:                                     0.000000
                 Vibrational X:                                    -0.000000
                 Vibrational Y:                                    -0.000000
                 Vibrational Z:                                    -0.000000


                Coulomb Direct:       0.000000      23.427289      23.427289
                      Exchange:       0.000000       0.000000       0.000000

               Pairing (delta):      -2.081160      -2.247457      -4.328617
               Pairing (densi):                                    -4.328546
--------------------------------------------------------------------------------
                  Total energy:                                  -155.828014
                    from spwfs:                                  -155.827994
                   E_fu - E_sp:                                -0.202786E-04
                   (no corr.) :                                  -159.752696
                      Routhian:                                  -157.223888
                         dE   :                                 0.475607E-03
                         dR   :                                 0.477458E-03
--------------------------------------------------------------------------------
--------------------------------------------------------------------------------
 Iteration =  151
 dt  =   0.0248      mu  =   0.8301 gradn=    0.000E+00 D2H =    1.675E-07
 E   =   -155.828    DE  =  0.13647E-06
 R   =   -157.224    DR  =  0.15325E-06
 R-E =     -1.396  D(R-E)=  0.18151E-07
 dmun=  8.0E-07      dmup= -8.6E-06
 RQ10=     -0.0000   dQ =-6.9E-05  L =     -0.4216   dL =-6.9E-06  dev = 1.4E-05
 RQ20=     21.3965   dQ =-1.0E-04  L =      0.0000   dL = 0.0E+00  dev = 0.0E+00
 RQ22=      0.0000   dQ =-1.9E-08  L =      0.0000   dL = 0.0E+00  dev = 0.0E+00
 RQ30=     49.9986   dQ =-1.7E-03  L =      0.0570   dL =-1.8E-07  dev = 1.4E-03
 Jz  =    0.000      dJZ =  0.0E+00
--------------------------------------------------------------------------------
 Iteration =  152
 dt  =   0.0248      mu  =   0.8301 gradn=    0.000E+00 D2H =    1.602E-07
 E   =   -155.828    DE  =  0.14167E-06
 R   =   -157.224    DR  =  0.15309E-06
 R-E =     -1.396  D(R-E)=  0.12794E-07
 dmun=  7.3E-07      dmup= -8.3E-06
 RQ10=     -0.0000   dQ =-6.7E-05  L =     -0.4216   dL =-6.8E-06  dev = 1.3E-05
 RQ20=     21.3966   dQ =-1.0E-04  L =      0.0000   dL = 0.0E+00  dev = 0.0E+00
 RQ22=     -0.0000   dQ =-2.0E-08  L =      0.0000   dL = 0.0E+00  dev = 0.0E+00
 RQ30=     49.9986   dQ =-1.7E-03  L =      0.0570   dL =-1.7E-07  dev = 1.4E-03
 Jz  =    0.000      dJZ =  0.0E+00
--------------------------------------------------------------------------------
 Iteration =  153
 dt  =   0.0248      mu  =   0.8301 gradn=    0.000E+00 D2H =    1.532E-07
 E   =   -155.828    DE  =  0.13004E-06
 R   =   -157.224    DR  =  0.14702E-06
 R-E =     -1.396  D(R-E)=  0.18291E-07
 dmun=  5.8E-07      dmup= -8.2E-06
 RQ10=     -0.0000   dQ =-6.7E-05  L =     -0.4216   dL =-6.8E-06  dev = 1.3E-05
 RQ20=     21.3968   dQ =-1.0E-04  L =      0.0000   dL = 0.0E+00  dev = 0.0E+00
 RQ22=     -0.0000   dQ =-2.0E-08  L =      0.0000   dL = 0.0E+00  dev = 0.0E+00
 RQ30=     49.9986   dQ =-1.7E-03  L =      0.0570   dL =-1.8E-07  dev = 1.4E-03
 Jz  =    0.000      dJZ =  0.0E+00
--------------------------------------------------------------------------------
 Iteration =  154
 dt  =   0.0248      mu  =   0.8301 gradn=    0.000E+00 D2H =    1.465E-07
 E   =   -155.828    DE  =  0.13440E-06
 R   =   -157.224    DR  =  0.14656E-06
 R-E =     -1.396  D(R-E)=  0.13472E-07
 dmun=  5.3E-07      dmup= -7.9E-06
 RQ10=     -0.0000   dQ =-6.6E-05  L =     -0.4216   dL =-6.7E-06  dev = 1.3E-05
 RQ20=     21.3969   dQ =-9.9E-05  L =      0.0000   dL = 0.0E+00  dev = 0.0E+00
 RQ22=     -0.0000   dQ =-2.1E-08  L =      0.0000   dL = 0.0E+00  dev = 0.0E+00
 RQ30=     49.9987   dQ =-1.7E-03  L =      0.0570   dL =-1.8E-07  dev = 1.3E-03
 Jz  =    0.000      dJZ =  0.0E+00
--------------------------------------------------------------------------------
 Iteration =  155
 dt  =   0.0248      mu  =   0.8301 gradn=    0.000E+00 D2H =    1.402E-07
 E   =   -155.828    DE  =  0.12372E-06
 R   =   -157.224    DR  =  0.14078E-06
 R-E =     -1.396  D(R-E)=  0.18318E-07
 dmun=  4.2E-07      dmup= -7.8E-06
 RQ10=     -0.0000   dQ =-6.6E-05  L =     -0.4217   dL =-6.6E-06  dev = 1.3E-05
 RQ20=     21.3971   dQ =-9.9E-05  L =      0.0000   dL = 0.0E+00  dev = 0.0E+00
 RQ22=     -0.0000   dQ =-2.1E-08  L =      0.0000   dL = 0.0E+00  dev = 0.0E+00
 RQ30=     49.9987   dQ =-1.7E-03  L =      0.0570   dL =-1.8E-07  dev = 1.3E-03
 Jz  =    0.000      dJZ =  0.0E+00
--------------------------------------------------------------------------------
 Iteration =  156
 dt  =   0.0248      mu  =   0.8301 gradn=    0.000E+00 D2H =    1.341E-07
 E   =   -155.828    DE  =  0.12749E-06
 R   =   -157.224    DR  =  0.14014E-06
 R-E =     -1.396  D(R-E)=  0.13907E-07
 dmun=  4.1E-07      dmup= -7.6E-06
 RQ10=     -0.0000   dQ =-6.4E-05  L =     -0.4217   dL =-6.5E-06  dev = 1.2E-05
 RQ20=     21.3973   dQ =-9.6E-05  L =      0.0000   dL = 0.0E+00  dev = 0.0E+00
 RQ22=     -0.0000   dQ =-2.1E-08  L =      0.0000   dL = 0.0E+00  dev = 0.0E+00
 RQ30=     49.9987   dQ =-1.6E-03  L =      0.0570   dL =-1.8E-07  dev = 1.3E-03
 Jz  =    0.000      dJZ =  0.0E+00
--------------------------------------------------------------------------------
 Iteration =  157
 dt  =   0.0248      mu  =   0.8301 gradn=    0.000E+00 D2H =    1.283E-07
 E   =   -155.828    DE  =  0.11786E-06
 R   =   -157.224    DR  =  0.13480E-06
 R-E =     -1.396  D(R-E)=  0.18144E-07
 dmun=  3.4E-07      dmup= -7.5E-06
 RQ10=     -0.0000   dQ =-6.4E-05  L =     -0.4217   dL =-6.5E-06  dev = 1.3E-05
 RQ20=     21.3974   dQ =-9.6E-05  L =      0.0000   dL = 0.0E+00  dev = 0.0E+00
 RQ22=     -0.0000   dQ =-2.2E-08  L =      0.0000   dL = 0.0E+00  dev = 0.0E+00
 RQ30=     49.9987   dQ =-1.6E-03  L =      0.0570   dL =-1.8E-07  dev = 1.3E-03
 Jz  =    0.000      dJZ =  0.0E+00
--------------------------------------------------------------------------------
 Iteration =  158
 dt  =   0.0248      mu  =   0.8301 gradn=    0.000E+00 D2H =    1.227E-07
 E   =   -155.828    DE  =  0.12096E-06
 R   =   -157.224    DR  =  0.13392E-06
 R-E =     -1.396  D(R-E)=  0.14157E-07
 dmun=  3.5E-07      dmup= -7.3E-06
 RQ10=     -0.0000   dQ =-6.3E-05  L =     -0.4217   dL =-6.3E-06  dev = 1.2E-05
 RQ20=     21.3976   dQ =-9.4E-05  L =      0.0000   dL = 0.0E+00  dev = 0.0E+00
 RQ22=     -0.0000   dQ =-2.2E-08  L =      0.0000   dL = 0.0E+00  dev = 0.0E+00
 RQ30=     49.9987   dQ =-1.6E-03  L =      0.0570   dL =-1.8E-07  dev = 1.3E-03
 Jz  =    0.000      dJZ =  0.0E+00
--------------------------------------------------------------------------------
 Iteration =  159
 dt  =   0.0248      mu  =   0.8301 gradn=    0.000E+00 D2H =    1.175E-07
 E   =   -155.828    DE  =  0.11217E-06
 R   =   -157.224    DR  =  0.12885E-06
 R-E =     -1.396  D(R-E)=  0.17837E-07
 dmun=  2.1E-07      dmup= -7.2E-06
 RQ10=     -0.0000   dQ =-6.2E-05  L =     -0.4217   dL =-6.3E-06  dev = 1.2E-05
 RQ20=     21.3977   dQ =-9.3E-05  L =      0.0000   dL = 0.0E+00  dev = 0.0E+00
 RQ22=     -0.0000   dQ =-2.3E-08  L =      0.0000   dL = 0.0E+00  dev = 0.0E+00
 RQ30=     49.9988   dQ =-1.6E-03  L =      0.0570   dL =-1.8E-07  dev = 1.2E-03
 Jz  =    0.000      dJZ =  0.0E+00
--------------------- Sp wavefunctions -------------------------------------------------------------
____________________________________________________________________________________________________
   Neutron wavefunctions
  i     P   Rz   occ       E        d2h    Delta |   JxT    JyT    Jz      J   |   SxT    SyT    Sz
----------------------------------------------------------------------------------------------------
  1  0.99  1.0  1.0000   -35.263  5.0E-09   0.00 |  -0.50   0.50   0.50   0.52 |  -0.50   0.50   0.50
  9 -0.99  1.0  1.0000   -24.220  2.4E-08   0.01 |  -0.87   0.87   0.50   1.46 |  -0.45   0.45   0.40
 10 -0.98  1.0  0.9999   -21.783  2.9E-09   0.14 |  -0.00   0.00  -1.50   1.53 |   0.00  -0.00  -0.50
 11 -0.91  1.0  0.9808   -17.048  2.1E-08   1.43 |   0.31  -0.31   0.50   0.78 |  -0.06   0.06  -0.39
  2  0.88  1.0  0.7215   -12.890  6.7E-08   1.73 |  -1.15   1.15   0.50   2.22 |  -0.41   0.41   0.31
  3  0.97  1.0  0.2463   -11.074  1.7E-08   1.63 |  -0.00   0.00  -1.50   2.50 |  -0.00   0.00  -0.42
  4  0.95  1.0  0.0360    -8.817  1.3E-09   1.29 |   0.00  -0.00   2.50   2.54 |  -0.00   0.00   0.50
  5  0.80  1.0  0.0133    -7.154  1.2E-07   1.14 |  -0.61   0.61   0.50   1.65 |  -0.34   0.34   0.17
  6  0.07  1.0  0.0012    -4.723  5.3E-04   0.48 |  -0.32   0.32   0.50   2.20 |  -0.45   0.45   0.39
 12  0.54  1.0  0.0009    -3.720  5.3E-04   0.39 |   0.33  -0.33   0.50   2.10 |  -0.29   0.29   0.08
  7  0.68  1.0  0.0000    -2.252  2.0E-07   0.10 |   0.00  -0.00  -1.49   1.97 |   0.00  -0.00   0.35
 20 -0.76  1.0  0.0000    -0.908  3.5E-05   0.05 |  -1.09   1.09   0.50   3.00 |  -0.37   0.37   0.23
 13 -0.68  1.0  0.0000    -0.305  1.7E-05   0.01 |  -0.01   0.01  -1.49   2.64 |   0.00  -0.00  -0.42
 18 -0.30  1.0  0.0000     0.426  7.5E-05   0.01 |   0.01  -0.00   0.47   1.77 |  -0.01   0.01  -0.47
 17 -0.07  1.0  0.0000     0.590  9.6E-04   0.01 |   0.04  -0.04  -1.47   2.79 |   0.00  -0.00  -0.42
 14 -0.19  1.0  0.0000     1.095  1.9E-03   0.01 |   0.45  -0.45   1.06   2.60 |   0.42  -0.42   0.49
 15 -0.22  1.0  0.0000     1.398  9.2E-04   0.01 |  -0.67   0.67   0.50   2.15 |  -0.47   0.47   0.44
  8  0.43  1.0  0.0000     1.507  9.3E-04   0.00 |  -0.15   0.15   0.51   2.46 |  -0.03   0.03  -0.44
 19 -0.72  1.0  0.0000     1.876  2.3E-02   0.00 |   0.04  -0.04   1.08   2.71 |   0.23  -0.23   0.44
 16 -0.74  1.0  0.0000     3.157  3.3E-03   0.00 |   0.01  -0.01  -3.25   3.66 |  -0.00   0.01  -0.49
____________________________________________________________________________________________________
   Proton  wavefunctions
  i     P   Rz   occ       E        d2h    Delta |   JxT    JyT    Jz      J   |   SxT    SyT    Sz
----------------------------------------------------------------------------------------------------
 21  0.99  1.0  1.0000   -30.742  3.7E-09   0.00 |  -0.50   0.50   0.50   0.52 |  -0.50   0.50   0.50
 29 -0.99  1.0  1.0000   -19.890  2.0E-08   0.02 |  -0.87   0.87   0.50   1.46 |  -0.45   0.45   0.40
 30 -0.98  1.0  0.9999   -17.426  2.4E-09   0.19 |  -0.00   0.00  -1.50   1.53 |   0.00   0.00  -0.50
 31 -0.91  1.0  0.9773   -12.781  2.1E-08   1.52 |   0.30  -0.30   0.50   0.79 |  -0.06   0.06  -0.39
 22  0.86  1.0  0.7155    -8.782  5.1E-08   1.81 |  -1.13   1.13   0.50   2.21 |  -0.41   0.41   0.32
 23  0.97  1.0  0.2493    -6.917  1.4E-08   1.71 |  -0.00   0.00  -1.50   2.50 |  -0.00   0.00  -0.42
 24  0.95  1.0  0.0392    -4.680  1.2E-09   1.36 |   0.00  -0.00   2.50   2.54 |   0.00  -0.00   0.50
 25  0.56  1.0  0.0137    -3.386  1.2E-05   1.04 |  -0.63   0.63   0.50   2.04 |  -0.35   0.35   0.20
 40 -0.02  1.0  0.0025    -2.076  1.2E-05   0.49 |  -0.57   0.57   0.50   2.41 |  -0.49   0.49   0.49
 26  0.82  1.0  0.0025    -0.186  2.0E-07   0.69 |   0.61  -0.61   0.50   1.67 |  -0.23   0.23  -0.03
 27  0.66  1.0  0.0001     1.357  1.5E-05   0.14 |   0.00  -0.00  -1.39   2.00 |   0.05  -0.05   0.34
 37 -0.26  1.0  0.0000     1.994  4.5E-04   0.04 |   0.07  -0.07  -1.47   2.25 |   0.00  -0.00  -0.48
 28  0.08  1.0  0.0000     2.236  1.9E-03   0.06 |   0.05  -0.05   0.47   1.89 |  -0.01   0.01  -0.47
 38 -0.52  1.0  0.0000     2.413  2.1E-02   0.05 |  -0.64   0.65   0.50   2.75 |  -0.23   0.23  -0.03
 39 -0.65  1.0  0.0000     2.566  3.3E-03   0.02 |   0.42  -0.42   0.48   2.30 |   0.45  -0.45   0.46
 33  0.30  1.0  0.0000     2.808  4.9E-03   0.01 |   0.45  -0.46  -1.05   2.84 |   0.12  -0.12  -0.23
 34  0.69  1.0  0.0000     3.023  3.2E-03   0.02 |  -0.04   0.04   0.08   2.23 |   0.36  -0.36   0.30
 32 -0.09  1.0  0.0000     3.119  2.2E-02   0.02 |  -0.32   0.32   0.51   2.41 |  -0.16   0.16  -0.18
 35 -0.25  1.0  0.0000     3.684  3.7E-03   0.03 |  -0.81   0.81   0.50   2.32 |  -0.47   0.47   0.45
 36 -0.47  1.0  0.0000     5.734  1.4E-02   0.00 |  -0.00   0.01  -2.83   3.94 |  -0.00   0.01  -0.49
----------------------------------------------------------------------------------------------------
--------------------- Canonical basis  -------------------------------------------------------------
____________________________________________________________________________________________________
   Neutron wavefunctions
  i     P   Rz   occ       E        d2h    Delta |   JxT    JyT    Jz      J   |   SxT    SyT    Sz
----------------------------------------------------------------------------------------------------
 20  0.99  1.0  2.0000   -35.263  0.0E+00   0.00 |  -0.50   0.50   0.50   0.52 |  -0.50   0.50   0.50
 19 -0.99  1.0  2.0000   -24.220  0.0E+00   0.01 |  -0.87   0.87   0.50   1.46 |  -0.45   0.45   0.40
 18 -0.98  1.0  1.9999   -21.783  0.0E+00   0.14 |  -0.00   0.00  -1.50   1.53 |   0.00  -0.00  -0.50
 17 -0.92  1.0  1.9617   -17.048  0.0E+00   1.43 |   0.31  -0.31   0.50   0.77 |  -0.06   0.06  -0.39
 16  0.89  1.0  1.4430   -12.890  0.0E+00   1.73 |  -1.16   1.16   0.50   2.22 |  -0.41   0.41   0.31
 15  0.97  1.0  0.4927   -11.074  0.0E+00   1.63 |  -0.00   0.00  -1.50   2.50 |  -0.00   0.00  -0.42
 14  0.95  1.0  0.0719    -8.817  0.0E+00   1.29 |   0.00  -0.00   2.50   2.54 |  -0.00   0.00   0.50
 13  0.82  1.0  0.0273    -7.054  0.0E+00   1.19 |  -0.41   0.41   0.50   1.66 |  -0.27   0.27   0.04
 12  0.72  1.0  0.0029    -4.503  0.0E+00   0.58 |   0.23  -0.23   0.50   1.44 |  -0.37   0.37   0.25
 11 -0.19  1.0  0.0005    -3.913  0.0E+00   0.26 |  -0.59   0.59   0.50   2.67 |  -0.42   0.42   0.33
 10  0.65  1.0  0.0001    -2.248  0.0E+00   0.10 |  -0.01   0.01  -1.50   2.01 |   0.00  -0.00   0.34
  9 -0.70  1.0  0.0000    -1.024  0.0E+00   0.01 |  -0.95   0.95   0.50   3.04 |  -0.39   0.39   0.27
  8 -0.65  1.0  0.0000    -0.157  0.0E+00   0.01 |   0.02  -0.02  -1.50   3.01 |   0.00  -0.00  -0.34
  5 -0.07  1.0  0.0000     0.451  0.0E+00   0.00 |   0.05   0.00  -1.47   2.35 |   0.02   0.01  -0.48
  4 -0.60  1.0  0.0000     0.652  0.0E+00   0.00 |  -0.48   0.44   0.45   1.99 |  -0.09   0.06  -0.35
  6 -0.29  1.0  0.0000     1.290  0.0E+00   0.00 |  -0.28   0.27   0.50   1.99 |  -0.42   0.42   0.33
  2  0.80  1.0  0.0000     1.394  0.0E+00   0.00 |  -0.05   0.06   0.50   2.42 |  -0.01   0.02  -0.47
  1 -0.82  1.0  0.0000     1.479  0.0E+00   0.00 |   0.46  -0.46   0.33   2.29 |   0.46  -0.46   0.47
  7 -0.08  1.0  0.0000     1.479  0.0E+00   0.00 |   0.03  -0.03   1.81   3.00 |   0.18  -0.18   0.45
  3 -0.74  1.0  0.0000     3.141  0.0E+00   0.00 |   0.01  -0.01  -3.22   3.65 |  -0.01   0.01  -0.48
____________________________________________________________________________________________________
   Proton  wavefunctions
  i     P   Rz   occ       E        d2h    Delta |   JxT    JyT    Jz      J   |   SxT    SyT    Sz
----------------------------------------------------------------------------------------------------
 40  0.99  1.0  2.0000   -30.742  0.0E+00   0.00 |  -0.50   0.50   0.50   0.52 |  -0.50   0.50   0.50
 39 -0.99  1.0  2.0000   -19.889  0.0E+00   0.02 |  -0.87   0.87   0.50   1.47 |  -0.45   0.45   0.40
 38 -0.98  1.0  1.9998   -17.426  0.0E+00   0.19 |  -0.00   0.00  -1.50   1.53 |   0.00  -0.00  -0.50
 37 -0.91  1.0  1.9546   -12.780  0.0E+00   1.52 |   0.31  -0.31   0.50   0.78 |  -0.06   0.06  -0.39
 36  0.88  1.0  1.4315    -8.780  0.0E+00   1.82 |  -1.14   1.14   0.50   2.22 |  -0.41   0.41   0.32
 35  0.97  1.0  0.4985    -6.916  0.0E+00   1.72 |  -0.00   0.00  -1.50   2.50 |  -0.00   0.00  -0.42
 34  0.95  1.0  0.0784    -4.680  0.0E+00   1.36 |   0.00  -0.00   2.50   2.54 |  -0.00   0.00   0.50
 33  0.83  1.0  0.0313    -3.082  0.0E+00   1.24 |  -0.37   0.37   0.50   1.67 |  -0.25   0.25   0.00
 31 -0.21  1.0  0.0017    -1.620  0.0E+00   0.37 |  -0.58   0.58   0.50   2.83 |  -0.45   0.45   0.40
 32  0.76  1.0  0.0039    -0.819  0.0E+00   0.63 |   0.26  -0.26   0.50   1.41 |  -0.37   0.37   0.24
 30  0.65  1.0  0.0001     1.417  0.0E+00   0.15 |  -0.00   0.00  -1.49   2.02 |   0.00  -0.00   0.35
 29 -0.73  1.0  0.0000     2.328  0.0E+00   0.04 |  -0.92   0.92   0.50   2.95 |  -0.36   0.36   0.23
 26  0.77  1.0  0.0000     2.386  0.0E+00   0.00 |   0.18  -0.18  -1.46   2.64 |   0.01  -0.01  -0.46
 28 -0.66  1.0  0.0000     2.395  0.0E+00   0.01 |   0.00  -0.01  -1.48   2.50 |   0.00  -0.00  -0.46
 27 -0.62  1.0  0.0000     2.400  0.0E+00   0.00 |   0.10  -0.10   0.51   1.80 |  -0.02   0.02  -0.46
 23  0.13  1.0  0.0000     2.611  0.0E+00   0.00 |   0.33  -0.33   0.60   2.29 |   0.47  -0.47   0.48
 21 -0.17  1.0  0.0000     2.939  0.0E+00   0.00 |   0.41  -0.40   0.48   2.20 |   0.49  -0.49   0.49
 24  0.66  1.0  0.0000     3.039  0.0E+00   0.00 |  -0.18   0.18   0.49   2.37 |  -0.05   0.05  -0.39
 25 -0.11  1.0  0.0000     3.578  0.0E+00   0.00 |  -0.62   0.62   0.47   2.26 |  -0.44   0.44   0.39
 22 -0.46  1.0  0.0000     5.711  0.0E+00   0.00 |   0.00  -0.00  -2.82   3.93 |  -0.00   0.01  -0.49
----------------------------------------------------------------------------------------------------
---------------------------------Quasiparticles---------------------------------
Block 1:  P=+1  neutrons
  N      Eqp       f_n      |   U   V  |   B  P  ov_TR |    JxT    JyT    Jz
________________________________________________________________________________
  1    -23.23      0.00E+00 |    1   0 |   -  -  0.000 |    0.00   0.00   0.50
  2    -15.19      0.00E+00 |    0  16 |   -  -  0.000 |    0.00   0.00   3.25
  3    -13.91      0.00E+00 |    0  19 |   -  -  0.000 |    0.00   0.00  -1.08
  4    -13.54      0.00E+00 |    0   8 |   -  -  0.000 |    0.00   0.00  -0.51
  5    -13.43      0.00E+00 |    0  15 |   -  -  0.000 |    0.00   0.00  -0.50
  6    -13.13      0.00E+00 |    0  14 |   -  -  0.000 |    0.00   0.00  -1.06
  7    -12.62      0.00E+00 |    0  17 |   -  -  0.000 |    0.00   0.00   1.47
  8    -12.46      0.00E+00 |    0  18 |   -  -  0.000 |    0.00   0.00  -0.47
  9    -12.19      0.00E+00 |    9   0 |   -  -  0.000 |    0.00   0.00   0.50
 10    -11.73      0.00E+00 |    0  13 |   -  -  0.000 |    0.00   0.00   1.49
 11    -11.13      0.00E+00 |    0  20 |   -  -  0.000 |    0.00   0.00  -0.50
 12     -9.78      0.00E+00 |   10   7 |   -  -  0.000 |    0.00   0.00   1.39
 13     -9.75      0.00E+00 |   10   7 |   -  -  0.000 |    0.00   0.00  -1.40
 14     -8.33      0.00E+00 |    0  12 |   -  -  0.000 |    0.00   0.00  -0.50
 15     -7.33      0.00E+00 |    0   6 |   -  -  0.000 |    0.00   0.00  -0.50
 16     -5.22      0.00E+00 |   11  11 |   -  -  0.000 |    0.00   0.00   0.47
 17     -5.01      0.00E+00 |   11   5 |   -  -  0.000 |    0.00   0.00  -0.47
 18     -3.47      0.00E+00 |    4   4 |   -  -  0.000 |    0.00   0.00  -2.32
 19     -1.93      0.00E+00 |    2   2 |   -  -  0.000 |    0.00   0.00   0.22
 20     -1.89      0.00E+00 |    3   3 |   -  -  0.000 |    0.00   0.00   0.76
 21      1.89      1.00E+00 |    3   3 |   -  -  0.000 |    0.00   0.00  -0.76
 22      1.93      1.00E+00 |    2   2 |   -  -  0.000 |    0.00   0.00  -0.22
 23      3.47      1.00E+00 |    4   4 |   -  -  0.000 |    0.00   0.00   2.32
 24      5.01      1.00E+00 |    5  11 |   -  -  0.000 |    0.00   0.00   0.47
 25      5.22      1.00E+00 |   11  11 |   -  -  0.000 |    0.00   0.00  -0.47
 26      7.33      1.00E+00 |    6   0 |   -  -  0.000 |    0.00   0.00   0.50
 27      8.33      1.00E+00 |   12   0 |   -  -  0.000 |    0.00   0.00   0.50
 28      9.75      1.00E+00 |    7  10 |   -  -  0.000 |    0.00   0.00   1.40
 29      9.78      1.00E+00 |    7  10 |   -  -  0.000 |    0.00   0.00  -1.39
 30     11.13      1.00E+00 |   20   0 |   -  -  0.000 |    0.00   0.00   0.50
 31     11.73      1.00E+00 |   13   0 |   -  -  0.000 |    0.00   0.00  -1.49
 32     12.19      1.00E+00 |    0   9 |   -  -  0.000 |    0.00   0.00  -0.50
 33     12.46      1.00E+00 |   18   0 |   -  -  0.000 |    0.00   0.00   0.47
 34     12.62      1.00E+00 |   17   0 |   -  -  0.000 |    0.00   0.00  -1.47
 35     13.13      1.00E+00 |   14   0 |   -  -  0.000 |    0.00   0.00   1.06
 36     13.43      1.00E+00 |   15   0 |   -  -  0.000 |    0.00   0.00   0.50
 37     13.54      1.00E+00 |    8   0 |   -  -  0.000 |    0.00   0.00   0.51
 38     13.91      1.00E+00 |   19   0 |   -  -  0.000 |    0.00   0.00   1.08
 39     15.19      1.00E+00 |   16   0 |   -  -  0.000 |    0.00   0.00  -3.25
 40     23.23      1.00E+00 |    0   1 |   -  -  0.000 |    0.00   0.00  -0.50

Block 5:  P=+1   protons
  N      Eqp       f_n      |   U   V  |   B  P  ov_TR |    JxT    JyT    Jz
________________________________________________________________________________
  1    -22.83      0.00E+00 |   21   0 |   -  -  0.000 |    0.00   0.00   0.50
  2    -13.64      0.00E+00 |    0  36 |   -  -  0.000 |    0.00   0.00   2.83
  3    -11.98      0.00E+00 |   29   0 |   -  -  0.000 |    0.00   0.00   0.50
  4    -11.59      0.00E+00 |    0  35 |   -  -  0.000 |    0.00   0.00  -0.50
  5    -11.03      0.00E+00 |    0  32 |   -  -  0.000 |    0.00   0.00  -0.51
  6    -10.93      0.00E+00 |    0  34 |   -  -  0.000 |    0.00   0.00  -0.08
  7    -10.72      0.00E+00 |    0  33 |   -  -  0.000 |    0.00   0.00   1.05
  8    -10.48      0.00E+00 |    0  39 |   -  -  0.000 |    0.00   0.00  -0.48
  9    -10.32      0.00E+00 |    0  38 |   -  -  0.000 |    0.00   0.00  -0.50
 10    -10.15      0.00E+00 |    0  28 |   -  -  0.000 |    0.00   0.00  -0.47
 11     -9.90      0.00E+00 |    0  37 |   -  -  0.000 |    0.00   0.00   1.47
 12     -9.52      0.00E+00 |   30   0 |   -  -  0.000 |    0.00   0.00  -1.50
 13     -9.27      0.00E+00 |    0  27 |   -  -  0.000 |    0.00   0.00   1.38
 14     -7.76      0.00E+00 |    0  26 |   -  -  0.000 |    0.00   0.00  -0.50
 15     -5.87      0.00E+00 |    0  40 |   -  -  0.000 |    0.00   0.00  -0.49
 16     -5.10      0.00E+00 |   31  31 |   -  -  0.000 |    0.00   0.00   0.47
 17     -4.66      0.00E+00 |   25  25 |   -  -  0.000 |    0.00   0.00  -0.48
 18     -3.51      0.00E+00 |   24  24 |   -  -  0.000 |    0.00   0.00  -2.30
 19     -2.00      0.00E+00 |   22  22 |   -  -  0.000 |    0.00   0.00   0.21
 20     -1.98      0.00E+00 |   23  23 |   -  -  0.000 |    0.00   0.00   0.75
 21      1.98      1.00E+00 |   23  23 |   -  -  0.000 |    0.00   0.00  -0.75
 22      2.00      1.00E+00 |   22  22 |   -  -  0.000 |    0.00   0.00  -0.21
 23      3.51      1.00E+00 |   24  24 |   -  -  0.000 |    0.00   0.00   2.30
 24      4.66      1.00E+00 |   25  25 |   -  -  0.000 |    0.00   0.00   0.48
 25      5.10      1.00E+00 |   31  31 |   -  -  0.000 |    0.00   0.00  -0.47
 26      5.87      1.00E+00 |   40   0 |   -  -  0.000 |    0.00   0.00   0.49
 27      7.76      1.00E+00 |   26   0 |   -  -  0.000 |    0.00   0.00   0.50
 28      9.27      1.00E+00 |   27   0 |   -  -  0.000 |    0.00   0.00  -1.38
 29      9.52      1.00E+00 |    0  30 |   -  -  0.000 |    0.00   0.00   1.50
 30      9.90      1.00E+00 |   37   0 |   -  -  0.000 |    0.00   0.00  -1.47
 31     10.15      1.00E+00 |   28   0 |   -  -  0.000 |    0.00   0.00   0.47
 32     10.32      1.00E+00 |   38   0 |   -  -  0.000 |    0.00   0.00   0.50
 33     10.48      1.00E+00 |   39   0 |   -  -  0.000 |    0.00   0.00   0.48
 34     10.72      1.00E+00 |   33   0 |   -  -  0.000 |    0.00   0.00  -1.05
 35     10.93      1.00E+00 |   34   0 |   -  -  0.000 |    0.00   0.00   0.08
 36     11.03      1.00E+00 |   32   0 |   -  -  0.000 |    0.00   0.00   0.51
 37     11.59      1.00E+00 |   35   0 |   -  -  0.000 |    0.00   0.00   0.50
 38     11.98      1.00E+00 |    0  29 |   -  -  0.000 |    0.00   0.00  -0.50
 39     13.64      1.00E+00 |   36   0 |   -  -  0.000 |    0.00   0.00  -2.83
 40     22.83      1.00E+00 |    0  21 |   -  -  0.000 |    0.00   0.00  -0.50

--------------------------------------------------------------------------------
---------------- Electric Multipole Moments -----------------
Quantisation Axis             : Z
  With secondary axis ordering: X,Y
______________________________________________________________
                     Neutrons        Protons         Total
______________________________________________________________
 Particles           10.0000         10.0000         20.0000

Re  Q_{ 1 0}         -0.0233          0.0232         -0.0000
Constrained                                           0.0000
Re De_{ 1 0}                                   0.1174521E-04
Re La_{ 1 0}                                         -0.4217

Re  Q_{ 2 0}         10.4285         10.9694         21.3978
Re  Q_{ 2 2}         -0.0000         -0.0000         -0.0000

Re  Q_{ 3 0}         23.1524         26.8464         49.9988
Constrained                                          50.0000
Re De_{ 3 0}                                   0.1215472E-02
Re La_{ 3 0}                                          0.0570
Re  Q_{ 3 2}         -0.0000         -0.0000         -0.0000

Re  Q_{ 4 0}         84.3464        102.5450        186.8914
Re  Q_{ 4 2}         -0.0000         -0.0000         -0.0001
Re  Q_{ 4 4}          0.0189          0.0221          0.0409

Re  Q_{ 5 0}        354.5852        470.0870        824.6722
Re  Q_{ 5 2}         -0.0001          0.0002          0.0001
Re  Q_{ 5 4}         -0.1113         -0.1841         -0.2954

Re  Q_{ 6 0}       1469.6793       2204.2990       3673.9783
Re  Q_{ 6 2}         -0.0015         -0.0004         -0.0018
Re  Q_{ 6 4}          0.9438          1.4514          2.3952
Re  Q_{ 6 6}          0.0001         -0.0004         -0.0003

Re  Q_{ 7 0}       6384.2783      10008.1132      16392.3915
Re  Q_{ 7 2}         -0.0072         -0.0059         -0.0131
Re  Q_{ 7 4}         -1.9104         -5.2778         -7.1881
Re  Q_{ 7 6}          0.0003          0.0069          0.0072

Re  Q_{ 8 0}      33689.0023      58036.3693      91725.3716
Re  Q_{ 8 2}          0.0287          0.0821          0.1108
Re  Q_{ 8 4}          0.6594         -9.6253         -8.9659
Re  Q_{ 8 6}          0.0200         -0.0094          0.0106
Re  Q_{ 8 8}        -22.1898        -29.3055        -51.4953

Re  Q_{ 9 0}     151674.5725     266887.6557     418562.2282
Re  Q_{ 9 2}         -0.2924         -0.4821         -0.7745
Re  Q_{ 9 4}        477.6242        814.9320       1292.5562
Re  Q_{ 9 6}         -0.0467         -0.3041         -0.3509
Re  Q_{ 9 8}        159.9918        -19.7258        140.2660

Re  Q_{10 0}     822598.3633    1524171.0403    2346769.4036
Re  Q_{10 2}         -0.7026          0.0946         -0.6080
Re  Q_{10 4}        574.5929      11111.6097      11686.2025
Re  Q_{10 6}          0.1136         -0.0267          0.0869
Re  Q_{10 8}      -1510.3072       8956.0867       7445.7796
Re  Q_{1010}         -0.1587          1.6999          1.5411

 RMS radius           2.8797          2.9843          2.9325
______________________________________________________________
                     Neutrons        Protons         Total
______________________________________________________________


Beta_{ 2 0}       0.20585587      0.21653336      0.42238922
Beta_{ 2 2}      -0.00000000     -0.00000000     -0.00000000

Beta_{ 3 0}       0.14030767      0.16269351      0.30300118
Beta_{ 3 2}      -0.00000002     -0.00000000     -0.00000003

Beta_{ 4 0}       0.15692549      0.19078384      0.34770933
Beta_{ 4 2}      -0.00000007     -0.00000006     -0.00000013
Beta_{ 4 4}       0.00003508      0.00004110      0.00007617

Beta_{ 5 0}       0.20253016      0.26850184      0.47103201
Beta_{ 5 2}      -0.00000003      0.00000009      0.00000005
Beta_{ 5 4}      -0.00006358     -0.00010515     -0.00016873

Beta_{ 6 0}       0.25771146      0.38652861      0.64424007
Beta_{ 6 2}      -0.00000026     -0.00000006     -0.00000032
Beta_{ 6 4}       0.00016549      0.00025451      0.00042001
Beta_{ 6 6}       0.00000001     -0.00000007     -0.00000006

Beta_{ 7 0}       0.34368854      0.53877253      0.88246106
Beta_{ 7 2}      -0.00000039     -0.00000032     -0.00000070
Beta_{ 7 4}      -0.00010284     -0.00028412     -0.00038696
Beta_{ 7 6}       0.00000002      0.00000037      0.00000039

Beta_{ 8 0}       0.55677980      0.95916994      1.51594974
Beta_{ 8 2}       0.00000047      0.00000136      0.00000183
Beta_{ 8 4}       0.00001090     -0.00015908     -0.00014818
Beta_{ 8 6}       0.00000033     -0.00000015      0.00000017
Beta_{ 8 8}      -0.00036673     -0.00048433     -0.00085107

Beta_{ 9 0}       0.76957365      1.35414727      2.12372093
Beta_{ 9 2}      -0.00000148     -0.00000245     -0.00000393
Beta_{ 9 4}       0.00242339      0.00413484      0.00655823
Beta_{ 9 6}      -0.00000024     -0.00000154     -0.00000178
Beta_{ 9 8}       0.00081177     -0.00010009      0.00071169

Beta_{10 0}       1.28134873      2.37417762      3.65552635
Beta_{10 2}      -0.00000109      0.00000015     -0.00000095
Beta_{10 4}       0.00089503      0.01730838      0.01820342
Beta_{10 6}       0.00000018     -0.00000004      0.00000014
Beta_{10 8}      -0.00235258      0.01395076      0.01159818
Beta_{1010}      -0.00000025      0.00000265      0.00000240

______________________________________________________________
                     Neutrons        Protons         Total
______________________________________________________________
Q_{ 1}                0.0233          0.0232          0.0000
Q_{ 2}               10.4285         10.9694         21.3978
Q_{ 3}               23.1524         26.8464         49.9988
Q_{ 4}               84.3464        102.5450        186.8914
Q_{ 5}              354.5853        470.0870        824.6723
Q_{ 6}             1469.6799       2204.2999       3673.9799
Q_{ 7}             6384.2789      10008.1160      16392.3947
Q_{ 8}            33689.0169      58036.3857      91725.4014
Q_{ 9}           151676.2453     266890.1455     418566.2667
Q_{10}           822601.5376    1524304.6673    2346851.2197
______________________________________________________________
                     Neutrons        Protons         Total
______________________________________________________________
Beta_{   1}       0.00149537      0.00149462      0.00000076
Beta_{   2}       0.20585587      0.21653336      0.42238922
Beta_{   3}       0.14030767      0.16269351      0.30300118
Beta_{   4}       0.15692550      0.19078385      0.34770934
Beta_{   5}       0.20253018      0.26850188      0.47103207
Beta_{   6}       0.25771157      0.38652878      0.64424035
Beta_{   7}       0.34368857      0.53877268      0.88246123
Beta_{   8}       0.55678004      0.95917021      1.51595023
Beta_{   9}       0.76958214      1.35415990      2.12374142
Beta_{  10}       1.28135367      2.37438577      3.65565379
______________________________________________________________
 Cart. Moments X              Y              Z
 Cart. N      -16.5325711    -16.5325700     33.0651411
 Cart. P      -17.3900947    -17.3900945     34.7801892
 Cart. T      -33.9226658    -33.9226645     67.8453303
 (Q, gamma)    Q              Gamma
 (Q,g) N       33.0651411     -0.0000012
 (Q,g) P       34.7801892     -0.0000002
 (Q,g) T       67.8453303     -0.0000007
 (iq1, iq2)    iq1            iq2
 iq    N       33.0651415     -0.0000008
 iq    P       34.7801892     -0.0000001
 iq    T       67.8453307     -0.0000009
               X^2            Y^2            Z^2
 X^2_i N       22.1312503     22.1312507     38.6638210
 X^2_i P       22.6048636     22.6048637     39.9949582
 X^2_i T       44.7361139     44.7361143     78.6587792
------------------------------------------------------------
------------------------- Angular Momentum (hbar) --------------------------

               Spwfs(*)    Desired     Omega       E (MeV)      Densit. 
  __________________________________________________________________________
   J_x   |     0.00000     0.00000     0.00000     0.00000     0.00000
   J_y   |     0.00000     0.00000     0.00000     0.00000     0.00000
   J_z   |     0.00000     0.00000     0.00000     0.00000     0.00000
  __________________________________________________________________________
   Size  |     0.00000     0.00000     0.00000                 0.00000
  --------------------------------------------------------------------------
---------------------Rotational properties--------------------
                Rigid rotor          (hbar^2/MeV)
              n              p              t 
 I_R X       1.4659646      1.5094829      2.9754475
 I_R Y       1.4659646      1.5094829      2.9754475
 I_R Z       1.0673112      1.0901518      2.1574630

                Belyaev                 (hbar^2/MeV) 
              n              p              t 
 I_B X       0.6091663      0.5852766      1.1944429
 I_B Y       0.6091664      0.5852767      1.1944430
 I_B Z       0.0000193      0.0000277      0.0000469

                Belyaev (collective)    (hbar^2/MeV) 
              n              p              t 
 I_B X       0.6091663      0.5852766      1.1944429
 I_B Y       0.6091664      0.5852767      1.1944430
 I_B Z       0.0000193      0.0000277      0.0000469

                 <J^2> - <J>^2          (hbar^2)
              n              p              t 
 J2_X        1.5697818      1.5734902      3.1432721
 J2_Y        1.5697819      1.5734907      3.1432726
 J2_Z        0.0001280      0.0001733      0.0003013
 J2_t        3.1396917      3.1471543      6.2868460

                 <J^2> - <J>^2 (coll.)  (hbar^2)
              n              p              t 
 J2_X        1.5697818      1.5734902      3.1432721
 J2_Y        1.5697819      1.5734907      3.1432726
 J2_Z        0.0001280      0.0001733      0.0003013
 J2_t        3.1396917      3.1471543      6.2868460
-------------------------- Pairing -------------------------
                          N         P 
 Fermi Level (MeV)    -12.03330281    -7.91049547
 Particles             10.00000000    10.00000000
 Dispersion             1.81957503     1.87039360
 Average gap   v^2      0.65426480     0.69870368
 Average gap   uv       1.50053923     1.55428147
------------------------------------------------------------
--------------------------------------------------------------------------------
 Skyrme Energy 
                                    Isoscalar      Isovector   |   Total
--------------------------------------------------------------------------------
  E_D_I_I_D_I_I                  -1295.216553       0.051411   -1295.165142
  E_D_I_I_D_Nm_Nm                   27.744773      -0.003028      27.741745
  E_D_I_I_Lap_D_I_I                 58.131295       0.001404      58.132699
  E_D_I_I_D_I_I_DD                 735.713198      -0.026117     735.687081
  E_C_I_NmSk_C_I_NmSk                0.000000       0.000000       0.000000
  E_D_I_I_Derm_C_I_NxmSxm          -10.762107      -0.000444     -10.762551
  E_DP_I_I_DP_I_I                                                 -4.327528
--------------------------------------------------------------------------------
                 Total Skyrme:                                  -488.693695
                    time-even:                                  -488.693695
                    time-odd :                                     0.000000
--------------------------------------------------------------------------------
--------------------------------------------------------------------------------
                                     neutron        proton         total
                Kinetic Energy:     162.458513     159.135097     321.593609
                    COM 1-body:      -8.122926      -7.956755     -16.079680
                    COM 2-body:       3.212719       3.160701       6.373420
                            ph:       3.188039       3.132014       6.320053
                            pp:       0.024679       0.028687       0.053366
                 Collective T:                                     -2.448396

                 Rotational  T:                                    -2.448396
                 Rotational  X:                                    -1.223685
                 Rotational  Y:                                    -1.223685
                 Rotational  Z:                                    -0.001027

                 Vibrational T:                                     0.000000
                 Vibrational X:                                    -0.000000
                 Vibrational Y:                                    -0.000000
                 Vibrational Z:                                    -0.000000


                Coulomb Direct:       0.000000      23.427267      23.427267
                      Exchange:       0.000000       0.000000       0.000000

               Pairing (delta):      -2.080310      -2.247272      -4.327582
               Pairing (densi):                                    -4.327528
--------------------------------------------------------------------------------
                  Total energy:                                  -155.827476
                    from spwfs:                                  -155.827462
                   E_fu - E_sp:                                -0.142377E-04
                   (no corr.) :                                  -159.752499
                      Routhian:                                  -157.223326
                         dE   :                                 0.359592E-03
                         dR   :                                 0.361821E-03
--------------------------------------------------------------------------------
--------------------------------------------------------------------------------
 Iteration =  161
 dt  =   0.0248      mu  =   0.8301 gradn=    0.000E+00 D2H =    1.076E-07
 E   =   -155.827    DE  =  0.10674E-06
 R   =   -157.223    DR  =  0.12307E-06
 R-E =     -1.396  D(R-E)=  0.17428E-07
 dmun=  2.4E-07      dmup= -6.9E-06
 RQ10=     -0.0000   dQ =-6.1E-05  L =     -0.4217   dL =-6.1E-06  dev = 1.2E-05
 RQ20=     21.3980   dQ =-9.0E-05  L =      0.0000   dL = 0.0E+00  dev = 0.0E+00
 RQ22=     -0.0000   dQ =-2.4E-08  L =      0.0000   dL = 0.0E+00  dev = 0.0E+00
 RQ30=     49.9988   dQ =-1.5E-03  L =      0.0570   dL =-1.8E-07  dev = 1.2E-03
 Jz  =    0.000      dJZ =  0.0E+00
--------------------------------------------------------------------------------
 Iteration =  162
 dt  =   0.0248      mu  =   0.8301 gradn=    0.000E+00 D2H =    1.030E-07
 E   =   -155.827    DE  =  0.10876E-06
 R   =   -157.223    DR  =  0.12189E-06
 R-E =     -1.396  D(R-E)=  0.14221E-07
 dmun=  2.3E-07      dmup= -6.7E-06
 RQ10=     -0.0000   dQ =-5.9E-05  L =     -0.4217   dL =-6.0E-06  dev = 1.1E-05
 RQ20=     21.3981   dQ =-8.8E-05  L =      0.0000   dL = 0.0E+00  dev = 0.0E+00
 RQ22=     -0.0000   dQ =-2.4E-08  L =      0.0000   dL = 0.0E+00  dev = 0.0E+00
 RQ30=     49.9988   dQ =-1.5E-03  L =      0.0570   dL =-1.7E-07  dev = 1.2E-03
 Jz  =    0.000      dJZ =  0.0E+00
--------------------------------------------------------------------------------
 Iteration =  163
 dt  =   0.0248      mu  =   0.8301 gradn=    0.000E+00 D2H =    9.862E-08
 E   =   -155.827    DE  =  0.10162E-06
 R   =   -157.223    DR  =  0.11750E-06
 R-E =     -1.396  D(R-E)=  0.16927E-07
 dmun=  1.6E-07      dmup= -6.7E-06
 RQ10=     -0.0000   dQ =-5.9E-05  L =     -0.4217   dL =-5.9E-06  dev = 1.1E-05
 RQ20=     21.3983   dQ =-8.7E-05  L =      0.0000   dL = 0.0E+00  dev = 0.0E+00
 RQ22=     -0.0000   dQ =-2.5E-08  L =      0.0000   dL = 0.0E+00  dev = 0.0E+00
 RQ30=     49.9988   dQ =-1.5E-03  L =      0.0570   dL =-1.7E-07  dev = 1.2E-03
 Jz  =    0.000      dJZ =  0.0E+00
--------------------------------------------------------------------------------
 Iteration =  164
 dt  =   0.0248      mu  =   0.8301 gradn=    0.000E+00 D2H =    9.443E-08
 E   =   -155.827    DE  =  0.10317E-06
 R   =   -157.223    DR  =  0.11623E-06
 R-E =     -1.396  D(R-E)=  0.14103E-07
 dmun=  1.3E-07      dmup= -6.4E-06
 RQ10=     -0.0000   dQ =-5.7E-05  L =     -0.4217   dL =-5.8E-06  dev = 1.1E-05
 RQ20=     21.3984   dQ =-8.5E-05  L =      0.0000   dL = 0.0E+00  dev = 0.0E+00
 RQ22=     -0.0000   dQ =-2.5E-08  L =      0.0000   dL = 0.0E+00  dev = 0.0E+00
 RQ30=     49.9989   dQ =-1.4E-03  L =      0.0570   dL =-1.7E-07  dev = 1.1E-03
 Jz  =    0.000      dJZ =  0.0E+00
--------------------------------------------------------------------------------
 Iteration =  165
 dt  =   0.0248      mu  =   0.8301 gradn=    0.000E+00 D2H =    9.043E-08
 E   =   -155.827    DE  =  0.96668E-07
 R   =   -157.223    DR  =  0.11203E-06
 R-E =     -1.396  D(R-E)=  0.16368E-07
 dmun=  6.9E-08      dmup= -6.3E-06
 RQ10=     -0.0000   dQ =-5.7E-05  L =     -0.4217   dL =-5.8E-06  dev = 1.1E-05
 RQ20=     21.3985   dQ =-8.4E-05  L =      0.0000   dL = 0.0E+00  dev = 0.0E+00
 RQ22=     -0.0000   dQ =-2.6E-08  L =      0.0000   dL = 0.0E+00  dev = 0.0E+00
 RQ30=     49.9989   dQ =-1.4E-03  L =      0.0570   dL =-1.7E-07  dev = 1.1E-03
 Jz  =    0.000      dJZ =  0.0E+00
--------------------------------------------------------------------------------
 Iteration =  166
 dt  =   0.0248      mu  =   0.8301 gradn=    0.000E+00 D2H =    8.660E-08
 E   =   -155.827    DE  =  0.98045E-07
 R   =   -157.223    DR  =  0.11076E-06
 R-E =     -1.396  D(R-E)=  0.13710E-07
 dmun=  5.5E-08      dmup= -6.1E-06
 RQ10=     -0.0000   dQ =-5.6E-05  L =     -0.4217   dL =-5.7E-06  dev = 1.1E-05
 RQ20=     21.3986   dQ =-8.2E-05  L =      0.0000   dL = 0.0E+00  dev = 0.0E+00
 RQ22=     -0.0000   dQ =-2.7E-08  L =      0.0000   dL = 0.0E+00  dev = 0.0E+00
 RQ30=     49.9989   dQ =-1.4E-03  L =      0.0570   dL =-1.6E-07  dev = 1.1E-03
 Jz  =    0.000      dJZ =  0.0E+00
--------------------------------------------------------------------------------
 Iteration =  167
 dt  =   0.0248      mu  =   0.8301 gradn=    0.000E+00 D2H =    8.295E-08
 E   =   -155.827    DE  =  0.91916E-07
 R   =   -157.223    DR  =  0.10680E-06
 R-E =     -1.396  D(R-E)=  0.15844E-07
 dmun=  1.6E-08      dmup= -6.0E-06
 RQ10=     -0.0000   dQ =-5.5E-05  L =     -0.4217   dL =-5.6E-06  dev = 1.1E-05
 RQ20=     21.3988   dQ =-8.2E-05  L =      0.0000   dL = 0.0E+00  dev = 0.0E+00
 RQ22=     -0.0000   dQ =-2.7E-08  L =      0.0000   dL = 0.0E+00  dev = 0.0E+00
 RQ30=     49.9989   dQ =-1.4E-03  L =      0.0570   dL =-1.7E-07  dev = 1.1E-03
 Jz  =    0.000      dJZ =  0.0E+00
--------------------------------------------------------------------------------
 Iteration =  168
 dt  =   0.0248      mu  =   0.8301 gradn=    0.000E+00 D2H =    7.946E-08
 E   =   -155.827    DE  =  0.92900E-07
 R   =   -157.223    DR  =  0.10535E-06
 R-E =     -1.396  D(R-E)=  0.13397E-07
 dmun=  1.9E-08      dmup= -5.8E-06
 RQ10=     -0.0000   dQ =-5.4E-05  L =     -0.4217   dL =-5.5E-06  dev = 1.0E-05
 RQ20=     21.3989   dQ =-7.9E-05  L =      0.0000   dL = 0.0E+00  dev = 0.0E+00
 RQ22=     -0.0000   dQ =-2.8E-08  L =      0.0000   dL = 0.0E+00  dev = 0.0E+00
 RQ30=     49.9990   dQ =-1.3E-03  L =      0.0570   dL =-1.6E-07  dev = 1.0E-03
 Jz  =    0.000      dJZ =  0.0E+00
--------------------------------------------------------------------------------
 Iteration =  169
 dt  =   0.0248      mu  =   0.8301 gradn=    0.000E+00 D2H =    7.612E-08
 E   =   -155.827    DE  =  0.87412E-07
 R   =   -157.223    DR  =  0.10174E-06
 R-E =     -1.396  D(R-E)=  0.15237E-07
 dmun= -5.2E-09      dmup= -5.7E-06
 RQ10=     -0.0000   dQ =-5.3E-05  L =     -0.4217   dL =-5.4E-06  dev = 1.0E-05
 RQ20=     21.3990   dQ =-7.9E-05  L =      0.0000   dL = 0.0E+00  dev = 0.0E+00
 RQ22=     -0.0000   dQ =-2.9E-08  L =      0.0000   dL = 0.0E+00  dev = 0.0E+00
 RQ30=     49.9990   dQ =-1.3E-03  L =      0.0570   dL =-1.6E-07  dev = 1.0E-03
 Jz  =    0.000      dJZ =  0.0E+00
--------------------- Sp wavefunctions -------------------------------------------------------------
____________________________________________________________________________________________________
   Neutron wavefunctions
  i     P   Rz   occ       E        d2h    Delta |   JxT    JyT    Jz      J   |   SxT    SyT    Sz
----------------------------------------------------------------------------------------------------
  1  0.99  1.0  1.0000   -35.263  3.5E-09   0.00 |  -0.50   0.50   0.50   0.52 |  -0.50   0.50   0.50
  9 -0.99  1.0  1.0000   -24.220  1.7E-08   0.01 |  -0.87   0.87   0.50   1.46 |  -0.45   0.45   0.40
 10 -0.98  1.0  0.9999   -21.783  2.1E-09   0.14 |  -0.00   0.00  -1.50   1.53 |  -0.00  -0.00  -0.50
 11 -0.91  1.0  0.9808   -17.048  1.5E-08   1.43 |   0.31  -0.31   0.50   0.78 |  -0.06   0.06  -0.39
  2  0.88  1.0  0.7215   -12.890  4.7E-08   1.73 |  -1.15   1.15   0.50   2.22 |  -0.41   0.41   0.31
  3  0.97  1.0  0.2463   -11.074  1.2E-08   1.63 |  -0.00   0.00  -1.50   2.50 |  -0.00   0.00  -0.42
  4  0.95  1.0  0.0359    -8.817  9.5E-10   1.29 |   0.00  -0.00   2.50   2.54 |  -0.00   0.00   0.50
  5  0.80  1.0  0.0133    -7.154  8.1E-08   1.14 |  -0.61   0.61   0.50   1.65 |  -0.34   0.34   0.17
  6  0.07  1.0  0.0012    -4.723  3.2E-04   0.48 |  -0.33   0.33   0.50   2.20 |  -0.45   0.45   0.40
 12  0.55  1.0  0.0009    -3.720  3.2E-04   0.39 |   0.33  -0.33   0.50   2.10 |  -0.29   0.29   0.08
  7  0.68  1.0  0.0000    -2.252  1.1E-07   0.10 |   0.00  -0.00  -1.49   1.97 |   0.00  -0.00   0.35
 20 -0.76  1.0  0.0000    -0.908  1.6E-05   0.05 |  -1.09   1.09   0.50   3.00 |  -0.36   0.36   0.23
 13 -0.68  1.0  0.0000    -0.305  1.1E-05   0.01 |  -0.01   0.01  -1.49   2.64 |   0.00  -0.00  -0.42
 18 -0.30  1.0  0.0000     0.426  4.0E-05   0.01 |   0.00  -0.00   0.47   1.77 |  -0.01   0.01  -0.47
 17 -0.06  1.0  0.0000     0.590  7.2E-04   0.01 |   0.04  -0.04  -1.46   2.79 |   0.00  -0.00  -0.42
 14 -0.18  1.0  0.0000     1.095  1.4E-03   0.01 |   0.45  -0.45   1.05   2.59 |   0.42  -0.42   0.49
 15 -0.22  1.0  0.0000     1.398  8.7E-04   0.01 |  -0.67   0.67   0.50   2.15 |  -0.47   0.47   0.44
  8  0.42  1.0  0.0000     1.507  8.8E-04   0.00 |  -0.15   0.16   0.51   2.46 |  -0.03   0.03  -0.44
 19 -0.69  1.0  0.0000     1.866  2.3E-02   0.00 |   0.04  -0.04   1.02   2.68 |   0.24  -0.24   0.44
 16 -0.74  1.0  0.0000     3.156  3.3E-03   0.00 |   0.01  -0.01  -3.24   3.65 |  -0.01   0.01  -0.49
____________________________________________________________________________________________________
   Proton  wavefunctions
  i     P   Rz   occ       E        d2h    Delta |   JxT    JyT    Jz      J   |   SxT    SyT    Sz
----------------------------------------------------------------------------------------------------
 21  0.99  1.0  1.0000   -30.742  2.6E-09   0.00 |  -0.50   0.50   0.50   0.52 |  -0.50   0.50   0.50
 29 -0.99  1.0  1.0000   -19.890  1.4E-08   0.02 |  -0.87   0.87   0.50   1.46 |  -0.45   0.45   0.40
 30 -0.98  1.0  0.9999   -17.426  1.7E-09   0.19 |  -0.00   0.00  -1.50   1.53 |   0.00   0.00  -0.50
 31 -0.91  1.0  0.9773   -12.780  1.5E-08   1.52 |   0.30  -0.30   0.50   0.79 |  -0.06   0.06  -0.39
 22  0.86  1.0  0.7156    -8.782  3.6E-08   1.81 |  -1.13   1.13   0.50   2.21 |  -0.41   0.41   0.32
 23  0.97  1.0  0.2492    -6.917  9.8E-09   1.71 |  -0.00   0.00  -1.50   2.50 |  -0.00   0.00  -0.42
 24  0.95  1.0  0.0392    -4.680  8.5E-10   1.36 |   0.00  -0.00   2.50   2.54 |   0.00  -0.00   0.50
 25  0.56  1.0  0.0137    -3.386  5.9E-06   1.04 |  -0.63   0.63   0.50   2.04 |  -0.35   0.35   0.20
 40 -0.02  1.0  0.0025    -2.076  6.0E-06   0.49 |  -0.57   0.57   0.50   2.41 |  -0.49   0.49   0.49
 26  0.82  1.0  0.0025    -0.186  4.5E-08   0.69 |   0.61  -0.61   0.50   1.67 |  -0.23   0.23  -0.03
 27  0.66  1.0  0.0001     1.357  1.0E-05   0.14 |   0.00  -0.00  -1.39   2.00 |   0.05  -0.05   0.34
 37 -0.25  1.0  0.0000     1.994  3.3E-04   0.04 |   0.08  -0.08  -1.47   2.25 |   0.00  -0.00  -0.48
 28  0.07  1.0  0.0000     2.235  1.7E-03   0.06 |   0.05  -0.05   0.47   1.89 |  -0.01   0.01  -0.47
 38 -0.53  1.0  0.0000     2.405  1.5E-02   0.05 |  -0.68   0.68   0.50   2.77 |  -0.24   0.25  -0.01
 39 -0.64  1.0  0.0000     2.565  2.8E-03   0.02 |   0.42  -0.42   0.47   2.30 |   0.45  -0.45   0.46
 33  0.29  1.0  0.0000     2.808  3.6E-03   0.01 |   0.45  -0.45  -1.04   2.83 |   0.12  -0.12  -0.23
 34  0.68  1.0  0.0000     3.023  2.1E-03   0.02 |  -0.04   0.04   0.08   2.22 |   0.36  -0.36   0.30
 32 -0.06  1.0  0.0000     3.126  1.6E-02   0.02 |  -0.30   0.30   0.51   2.40 |  -0.14   0.15  -0.21
 35 -0.24  1.0  0.0000     3.685  2.7E-03   0.03 |  -0.79   0.80   0.50   2.32 |  -0.48   0.48   0.45
 36 -0.47  1.0  0.0000     5.728  1.8E-02   0.00 |  -0.00   0.01  -2.80   3.93 |  -0.00   0.01  -0.49
----------------------------------------------------------------------------------------------------
--------------------- Canonical basis  -------------------------------------------------------------
____________________________________________________________________________________________________
   Neutron wavefunctions
  i     P   Rz   occ       E        d2h    Delta |   JxT    JyT    Jz      J   |   SxT    SyT    Sz
----------------------------------------------------------------------------------------------------
 20  0.99  1.0  2.0000   -35.263  0.0E+00   0.00 |  -0.50   0.50   0.50   0.52 |  -0.50   0.50   0.50
 19 -0.99  1.0  2.0000   -24.220  0.0E+00   0.01 |  -0.87   0.87   0.50   1.46 |  -0.45   0.45   0.40
 18 -0.98  1.0  1.9999   -21.783  0.0E+00   0.14 |  -0.00   0.00  -1.50   1.53 |  -0.00  -0.00  -0.50
 17 -0.92  1.0  1.9617   -17.048  0.0E+00   1.43 |   0.31  -0.31   0.50   0.77 |  -0.06   0.06  -0.39
 16  0.89  1.0  1.4431   -12.890  0.0E+00   1.73 |  -1.16   1.16   0.50   2.22 |  -0.41   0.41   0.31
 15  0.97  1.0  0.4927   -11.074  0.0E+00   1.63 |  -0.00   0.00  -1.50   2.50 |  -0.00   0.00  -0.42
 14  0.95  1.0  0.0719    -8.817  0.0E+00   1.29 |   0.00  -0.00   2.50   2.54 |  -0.00   0.00   0.50
 13  0.82  1.0  0.0272    -7.055  0.0E+00   1.19 |  -0.41   0.41   0.50   1.66 |  -0.27   0.27   0.04
 12  0.72  1.0  0.0029    -4.504  0.0E+00   0.57 |   0.23  -0.23   0.50   1.45 |  -0.37   0.37   0.25
 11 -0.19  1.0  0.0005    -3.912  0.0E+00   0.26 |  -0.59   0.59   0.50   2.67 |  -0.41   0.41   0.33
 10  0.65  1.0  0.0001    -2.248  0.0E+00   0.10 |  -0.01   0.01  -1.50   2.01 |   0.00  -0.00   0.34
  9 -0.70  1.0  0.0000    -1.023  0.0E+00   0.01 |  -0.95   0.95   0.50   3.04 |  -0.39   0.39   0.27
  8 -0.65  1.0  0.0000    -0.158  0.0E+00   0.01 |   0.02  -0.02  -1.50   3.01 |   0.00  -0.00  -0.34
  5 -0.07  1.0  0.0000     0.452  0.0E+00   0.00 |   0.05   0.01  -1.47   2.35 |   0.02   0.01  -0.48
  4 -0.60  1.0  0.0000     0.648  0.0E+00   0.00 |  -0.48   0.43   0.45   1.99 |  -0.09   0.06  -0.36
  6 -0.29  1.0  0.0000     1.296  0.0E+00   0.00 |  -0.28   0.28   0.50   1.99 |  -0.42   0.42   0.34
  2  0.80  1.0  0.0000     1.396  0.0E+00   0.00 |  -0.05   0.06   0.49   2.42 |  -0.01   0.02  -0.47
  7 -0.03  1.0  0.0000     1.466  0.0E+00   0.00 |   0.03  -0.03   1.76   2.97 |   0.20  -0.20   0.45
  1 -0.83  1.0  0.0000     1.482  0.0E+00   0.00 |   0.46  -0.46   0.33   2.29 |   0.46  -0.46   0.47
  3 -0.74  1.0  0.0000     3.137  0.0E+00   0.00 |   0.01  -0.01  -3.20   3.64 |  -0.01   0.01  -0.48
____________________________________________________________________________________________________
   Proton  wavefunctions
  i     P   Rz   occ       E        d2h    Delta |   JxT    JyT    Jz      J   |   SxT    SyT    Sz
----------------------------------------------------------------------------------------------------
 40  0.99  1.0  2.0000   -30.742  0.0E+00   0.00 |  -0.50   0.50   0.50   0.52 |  -0.50   0.50   0.50
 39 -0.99  1.0  2.0000   -19.890  0.0E+00   0.02 |  -0.87   0.87   0.50   1.47 |  -0.45   0.45   0.40
 38 -0.98  1.0  1.9998   -17.426  0.0E+00   0.19 |  -0.00   0.00  -1.50   1.53 |   0.00  -0.00  -0.50
 37 -0.91  1.0  1.9546   -12.780  0.0E+00   1.52 |   0.31  -0.31   0.50   0.78 |  -0.06   0.06  -0.39
 36  0.88  1.0  1.4316    -8.780  0.0E+00   1.82 |  -1.14   1.14   0.50   2.22 |  -0.41   0.41   0.32
 35  0.97  1.0  0.4985    -6.917  0.0E+00   1.71 |  -0.00   0.00  -1.50   2.50 |  -0.00   0.00  -0.42
 34  0.95  1.0  0.0784    -4.679  0.0E+00   1.36 |   0.00  -0.00   2.50   2.54 |  -0.00   0.00   0.50
 33  0.83  1.0  0.0313    -3.082  0.0E+00   1.24 |  -0.37   0.37   0.50   1.67 |  -0.25   0.25   0.00
 31 -0.21  1.0  0.0017    -1.616  0.0E+00   0.37 |  -0.58   0.58   0.50   2.83 |  -0.45   0.45   0.40
 32  0.76  1.0  0.0039    -0.819  0.0E+00   0.63 |   0.26  -0.26   0.50   1.41 |  -0.37   0.37   0.24
 30  0.65  1.0  0.0001     1.418  0.0E+00   0.15 |  -0.00   0.00  -1.49   2.02 |   0.00  -0.00   0.35
 29 -0.73  1.0  0.0000     2.326  0.0E+00   0.04 |  -0.92   0.92   0.50   2.95 |  -0.37   0.37   0.23
 28 -0.66  1.0  0.0000     2.382  0.0E+00   0.01 |   0.00  -0.00  -1.48   2.48 |   0.00  -0.00  -0.46
 27 -0.61  1.0  0.0000     2.392  0.0E+00   0.00 |   0.09  -0.09   0.51   1.80 |  -0.02   0.02  -0.46
 26  0.78  1.0  0.0000     2.395  0.0E+00   0.00 |   0.20  -0.20  -1.45   2.65 |   0.01  -0.01  -0.46
 23  0.13  1.0  0.0000     2.613  0.0E+00   0.00 |   0.32  -0.32   0.60   2.28 |   0.47  -0.47   0.48
 21 -0.17  1.0  0.0000     2.939  0.0E+00   0.00 |   0.40  -0.40   0.47   2.20 |   0.49  -0.49   0.48
 24  0.66  1.0  0.0000     3.042  0.0E+00   0.00 |  -0.17   0.17   0.48   2.38 |  -0.05   0.05  -0.40
 25 -0.12  1.0  0.0000     3.589  0.0E+00   0.00 |  -0.62   0.62   0.47   2.26 |  -0.45   0.45   0.40
 22 -0.46  1.0  0.0000     5.697  0.0E+00   0.00 |   0.00  -0.00  -2.78   3.92 |  -0.00   0.01  -0.49
----------------------------------------------------------------------------------------------------
---------------------------------Quasiparticles---------------------------------
Block 1:  P=+1  neutrons
  N      Eqp       f_n      |   U   V  |   B  P  ov_TR |    JxT    JyT    Jz
________________________________________________________________________________
  1    -23.23      0.00E+00 |    1   0 |   -  -  0.000 |    0.00   0.00   0.50
  2    -15.19      0.00E+00 |    0  16 |   -  -  0.000 |    0.00   0.00   3.24
  3    -13.90      0.00E+00 |    0  19 |   -  -  0.000 |    0.00   0.00  -1.02
  4    -13.54      0.00E+00 |    0   8 |   -  -  0.000 |    0.00   0.00  -0.51
  5    -13.43      0.00E+00 |    0  15 |   -  -  0.000 |    0.00   0.00  -0.50
  6    -13.13      0.00E+00 |    0  14 |   -  -  0.000 |    0.00   0.00  -1.05
  7    -12.62      0.00E+00 |    0  17 |   -  -  0.000 |    0.00   0.00   1.46
  8    -12.46      0.00E+00 |    0  18 |   -  -  0.000 |    0.00   0.00  -0.47
  9    -12.19      0.00E+00 |    9   0 |   -  -  0.000 |    0.00   0.00   0.50
 10    -11.73      0.00E+00 |    0  13 |   -  -  0.000 |    0.00   0.00   1.49
 11    -11.13      0.00E+00 |    0  20 |   -  -  0.000 |    0.00   0.00  -0.50
 12     -9.78      0.00E+00 |   10   7 |   -  -  0.000 |    0.00   0.00   1.39
 13     -9.75      0.00E+00 |   10   7 |   -  -  0.000 |    0.00   0.00  -1.40
 14     -8.33      0.00E+00 |    0  12 |   -  -  0.000 |    0.00   0.00  -0.50
 15     -7.33      0.00E+00 |    0   6 |   -  -  0.000 |    0.00   0.00  -0.50
 16     -5.22      0.00E+00 |   11  11 |   -  -  0.000 |    0.00   0.00   0.47
 17     -5.01      0.00E+00 |   11   5 |   -  -  0.000 |    0.00   0.00  -0.47
 18     -3.47      0.00E+00 |    4   4 |   -  -  0.000 |    0.00   0.00  -2.32
 19     -1.93      0.00E+00 |    2   2 |   -  -  0.000 |    0.00   0.00   0.22
 20     -1.89      0.00E+00 |    3   3 |   -  -  0.000 |    0.00   0.00   0.76
 21      1.89      1.00E+00 |    3   3 |   -  -  0.000 |    0.00   0.00  -0.76
 22      1.93      1.00E+00 |    2   2 |   -  -  0.000 |    0.00   0.00  -0.22
 23      3.47      1.00E+00 |    4   4 |   -  -  0.000 |    0.00   0.00   2.32
 24      5.01      1.00E+00 |    5  11 |   -  -  0.000 |    0.00   0.00   0.47
 25      5.22      1.00E+00 |   11  11 |   -  -  0.000 |    0.00   0.00  -0.47
 26      7.33      1.00E+00 |    6   0 |   -  -  0.000 |    0.00   0.00   0.50
 27      8.33      1.00E+00 |   12   0 |   -  -  0.000 |    0.00   0.00   0.50
 28      9.75      1.00E+00 |    7  10 |   -  -  0.000 |    0.00   0.00   1.40
 29      9.78      1.00E+00 |    7  10 |   -  -  0.000 |    0.00   0.00  -1.39
 30     11.13      1.00E+00 |   20   0 |   -  -  0.000 |    0.00   0.00   0.50
 31     11.73      1.00E+00 |   13   0 |   -  -  0.000 |    0.00   0.00  -1.49
 32     12.19      1.00E+00 |    0   9 |   -  -  0.000 |    0.00   0.00  -0.50
 33     12.46      1.00E+00 |   18   0 |   -  -  0.000 |    0.00   0.00   0.47
 34     12.62      1.00E+00 |   17   0 |   -  -  0.000 |    0.00   0.00  -1.46
 35     13.13      1.00E+00 |   14   0 |   -  -  0.000 |    0.00   0.00   1.05
 36     13.43      1.00E+00 |   15   0 |   -  -  0.000 |    0.00   0.00   0.50
 37     13.54      1.00E+00 |    8   0 |   -  -  0.000 |    0.00   0.00   0.51
 38     13.90      1.00E+00 |   19   0 |   -  -  0.000 |    0.00   0.00   1.02
 39     15.19      1.00E+00 |   16   0 |   -  -  0.000 |    0.00   0.00  -3.24
 40     23.23      1.00E+00 |    0   1 |   -  -  0.000 |    0.00   0.00  -0.50

Block 5:  P=+1   protons
  N      Eqp       f_n      |   U   V  |   B  P  ov_TR |    JxT    JyT    Jz
________________________________________________________________________________
  1    -22.83      0.00E+00 |   21   0 |   -  -  0.000 |    0.00   0.00   0.50
  2    -13.64      0.00E+00 |    0  36 |   -  -  0.000 |    0.00   0.00   2.80
  3    -11.98      0.00E+00 |   29   0 |   -  -  0.000 |    0.00   0.00   0.50
  4    -11.60      0.00E+00 |    0  35 |   -  -  0.000 |    0.00   0.00  -0.50
  5    -11.04      0.00E+00 |    0  32 |   -  -  0.000 |    0.00   0.00  -0.51
  6    -10.93      0.00E+00 |    0  34 |   -  -  0.000 |    0.00   0.00  -0.08
  7    -10.72      0.00E+00 |    0  33 |   -  -  0.000 |    0.00   0.00   1.04
  8    -10.48      0.00E+00 |    0  39 |   -  -  0.000 |    0.00   0.00  -0.47
  9    -10.32      0.00E+00 |    0  38 |   -  -  0.000 |    0.00   0.00  -0.50
 10    -10.15      0.00E+00 |    0  28 |   -  -  0.000 |    0.00   0.00  -0.47
 11     -9.90      0.00E+00 |    0  37 |   -  -  0.000 |    0.00   0.00   1.47
 12     -9.52      0.00E+00 |   30   0 |   -  -  0.000 |    0.00   0.00  -1.50
 13     -9.27      0.00E+00 |    0  27 |   -  -  0.000 |    0.00   0.00   1.38
 14     -7.76      0.00E+00 |    0  26 |   -  -  0.000 |    0.00   0.00  -0.50
 15     -5.87      0.00E+00 |    0  40 |   -  -  0.000 |    0.00   0.00  -0.49
 16     -5.10      0.00E+00 |   31  31 |   -  -  0.000 |    0.00   0.00   0.47
 17     -4.66      0.00E+00 |   25  25 |   -  -  0.000 |    0.00   0.00  -0.48
 18     -3.51      0.00E+00 |   24  24 |   -  -  0.000 |    0.00   0.00  -2.30
 19     -2.00      0.00E+00 |   22  22 |   -  -  0.000 |    0.00   0.00   0.21
 20     -1.98      0.00E+00 |   23  23 |   -  -  0.000 |    0.00   0.00   0.75
 21      1.98      1.00E+00 |   23  23 |   -  -  0.000 |    0.00   0.00  -0.75
 22      2.00      1.00E+00 |   22  22 |   -  -  0.000 |    0.00   0.00  -0.21
 23      3.51      1.00E+00 |   24  24 |   -  -  0.000 |    0.00   0.00   2.30
 24      4.66      1.00E+00 |   25  25 |   -  -  0.000 |    0.00   0.00   0.48
 25      5.10      1.00E+00 |   31  31 |   -  -  0.000 |    0.00   0.00  -0.47
 26      5.87      1.00E+00 |   40   0 |   -  -  0.000 |    0.00   0.00   0.49
 27      7.76      1.00E+00 |   26   0 |   -  -  0.000 |    0.00   0.00   0.50
 28      9.27      1.00E+00 |   27   0 |   -  -  0.000 |    0.00   0.00  -1.38
 29      9.52      1.00E+00 |    0  30 |   -  -  0.000 |    0.00   0.00   1.50
 30      9.90      1.00E+00 |   37   0 |   -  -  0.000 |    0.00   0.00  -1.47
 31     10.15      1.00E+00 |   28   0 |   -  -  0.000 |    0.00   0.00   0.47
 32     10.32      1.00E+00 |   38   0 |   -  -  0.000 |    0.00   0.00   0.50
 33     10.48      1.00E+00 |   39   0 |   -  -  0.000 |    0.00   0.00   0.47
 34     10.72      1.00E+00 |   33   0 |   -  -  0.000 |    0.00   0.00  -1.04
 35     10.93      1.00E+00 |   34   0 |   -  -  0.000 |    0.00   0.00   0.08
 36     11.04      1.00E+00 |   32   0 |   -  -  0.000 |    0.00   0.00   0.51
 37     11.60      1.00E+00 |   35   0 |   -  -  0.000 |    0.00   0.00   0.50
 38     11.98      1.00E+00 |    0  29 |   -  -  0.000 |    0.00   0.00  -0.50
 39     13.64      1.00E+00 |   36   0 |   -  -  0.000 |    0.00   0.00  -2.80
 40     22.83      1.00E+00 |    0  21 |   -  -  0.000 |    0.00   0.00  -0.50

--------------------------------------------------------------------------------
---------------- Electric Multipole Moments -----------------
Quantisation Axis             : Z
  With secondary axis ordering: X,Y
______________________________________________________________
                     Neutrons        Protons         Total
______________________________________________________________
 Particles           10.0000         10.0000         20.0000

Re  Q_{ 1 0}         -0.0233          0.0233         -0.0000
Constrained                                           0.0000
Re De_{ 1 0}                                   0.9736926E-05
Re La_{ 1 0}                                         -0.4217

Re  Q_{ 2 0}         10.4291         10.9700         21.3991
Re  Q_{ 2 2}         -0.0000         -0.0000         -0.0000

Re  Q_{ 3 0}         23.1523         26.8467         49.9990
Constrained                                          50.0000
Re De_{ 3 0}                                   0.1001730E-02
Re La_{ 3 0}                                          0.0570
Re  Q_{ 3 2}         -0.0000          0.0000         -0.0000

Re  Q_{ 4 0}         84.3502        102.5452        186.8955
Re  Q_{ 4 2}         -0.0000         -0.0000         -0.0001
Re  Q_{ 4 4}          0.0189          0.0221          0.0410

Re  Q_{ 5 0}        354.5730        470.0564        824.6294
Re  Q_{ 5 2}         -0.0000          0.0002          0.0001
Re  Q_{ 5 4}         -0.1116         -0.1831         -0.2947

Re  Q_{ 6 0}       1469.5431       2203.9074       3673.4505
Re  Q_{ 6 2}         -0.0014         -0.0001         -0.0015
Re  Q_{ 6 4}          0.9410          1.4381          2.3791
Re  Q_{ 6 6}          0.0001         -0.0007         -0.0006

Re  Q_{ 7 0}       6383.4978      10005.9773      16389.4751
Re  Q_{ 7 2}         -0.0068         -0.0080         -0.0148
Re  Q_{ 7 4}         -1.8848         -5.2461         -7.1308
Re  Q_{ 7 6}          0.0002          0.0044          0.0047

Re  Q_{ 8 0}      33682.7636      58019.0467      91701.8104
Re  Q_{ 8 2}          0.0296          0.0978          0.1274
Re  Q_{ 8 4}          0.3986         -9.1417         -8.7431
Re  Q_{ 8 6}          0.0201         -0.0901         -0.0700
Re  Q_{ 8 8}        -22.4767        -28.8763        -51.3530

Re  Q_{ 9 0}     151640.5720     266783.5463     418424.1182
Re  Q_{ 9 2}         -0.2840         -0.1982         -0.4822
Re  Q_{ 9 4}        476.6277        811.3275       1287.9552
Re  Q_{ 9 6}         -0.0484         -1.1291         -1.1775
Re  Q_{ 9 8}        162.6613        -22.4528        140.2086

Re  Q_{10 0}     822383.6227    1523229.5084    2345613.1312
Re  Q_{10 2}         -0.6387          3.5131          2.8745
Re  Q_{10 4}        611.6200      11304.0397      11915.6597
Re  Q_{10 6}          0.1297          1.0088          1.1385
Re  Q_{10 8}      -1513.5577       9183.9367       7670.3790
Re  Q_{1010}         -0.1642          7.2982          7.1339

 RMS radius           2.8797          2.9843          2.9325
______________________________________________________________
                     Neutrons        Protons         Total
______________________________________________________________


Beta_{ 2 0}       0.20586874      0.21654519      0.42241393
Beta_{ 2 2}      -0.00000000     -0.00000000     -0.00000001

Beta_{ 3 0}       0.14030663      0.16269585      0.30300248
Beta_{ 3 2}      -0.00000002      0.00000001     -0.00000000

Beta_{ 4 0}       0.15693260      0.19078423      0.34771684
Beta_{ 4 2}      -0.00000007     -0.00000008     -0.00000015
Beta_{ 4 4}       0.00003525      0.00004110      0.00007636

Beta_{ 5 0}       0.20252317      0.26848436      0.47100753
Beta_{ 5 2}      -0.00000003      0.00000010      0.00000008
Beta_{ 5 4}      -0.00006375     -0.00010458     -0.00016833

Beta_{ 6 0}       0.25768758      0.38645994      0.64414752
Beta_{ 6 2}      -0.00000025     -0.00000002     -0.00000027
Beta_{ 6 4}       0.00016501      0.00025217      0.00041718
Beta_{ 6 6}       0.00000001     -0.00000012     -0.00000011

Beta_{ 7 0}       0.34364652      0.53865755      0.88230406
Beta_{ 7 2}      -0.00000037     -0.00000043     -0.00000080
Beta_{ 7 4}      -0.00010146     -0.00028242     -0.00038388
Beta_{ 7 6}       0.00000001      0.00000024      0.00000025

Beta_{ 8 0}       0.55667670      0.95888365      1.51556034
Beta_{ 8 2}       0.00000049      0.00000162      0.00000210
Beta_{ 8 4}       0.00000659     -0.00015109     -0.00014450
Beta_{ 8 6}       0.00000033     -0.00000149     -0.00000116
Beta_{ 8 8}      -0.00037147     -0.00047724     -0.00084871

Beta_{ 9 0}       0.76940114      1.35361904      2.12302018
Beta_{ 9 2}      -0.00000144     -0.00000101     -0.00000245
Beta_{ 9 4}       0.00241834      0.00411655      0.00653489
Beta_{ 9 6}      -0.00000025     -0.00000573     -0.00000597
Beta_{ 9 8}       0.00082532     -0.00011392      0.00071140

Beta_{10 0}       1.28101423      2.37271101      3.65372524
Beta_{10 2}      -0.00000099      0.00000547      0.00000448
Beta_{10 4}       0.00095271      0.01760813      0.01856084
Beta_{10 6}       0.00000020      0.00000157      0.00000177
Beta_{10 8}      -0.00235765      0.01430568      0.01194803
Beta_{1010}      -0.00000026      0.00001137      0.00001111

______________________________________________________________
                     Neutrons        Protons         Total
______________________________________________________________
Q_{ 1}                0.0233          0.0233          0.0000
Q_{ 2}               10.4291         10.9700         21.3991
Q_{ 3}               23.1523         26.8467         49.9990
Q_{ 4}               84.3502        102.5452        186.8955
Q_{ 5}              354.5730        470.0564        824.6295
Q_{ 6}             1469.5437       2203.9083       3673.4521
Q_{ 7}             6383.4983      10005.9801      16389.4782
Q_{ 8}            33682.7787      58019.0626      91701.8400
Q_{ 9}           151642.2446     266786.0155     418428.1297
Q_{10}           822386.8632    1523368.7628    2345698.7438
______________________________________________________________
                     Neutrons        Protons         Total
______________________________________________________________
Beta_{   1}       0.00149673      0.00149610      0.00000063
Beta_{   2}       0.20586874      0.21654519      0.42241393
Beta_{   3}       0.14030663      0.16269585      0.30300248
Beta_{   4}       0.15693261      0.19078424      0.34771685
Beta_{   5}       0.20252319      0.26848440      0.47100759
Beta_{   6}       0.25768768      0.38646011      0.64414779
Beta_{   7}       0.34364655      0.53865770      0.88230423
Beta_{   8}       0.55667694      0.95888391      1.51556083
Beta_{   9}       0.76940963      1.35363157      2.12304053
Beta_{  10}       1.28101928      2.37292792      3.65385860
______________________________________________________________
 Cart. Moments X              Y              Z
 Cart. N      -16.5336050    -16.5336035     33.0672085
 Cart. P      -17.3910461    -17.3910445     34.7820906
 Cart. T      -33.9246511    -33.9246480     67.8492991
 (Q, gamma)    Q              Gamma
 (Q,g) N       33.0672085     -0.0000015
 (Q,g) P       34.7820906     -0.0000015
 (Q,g) T       67.8492991     -0.0000015
 (iq1, iq2)    iq1            iq2
 iq    N       33.0672090     -0.0000010
 iq    P       34.7820911     -0.0000011
 iq    T       67.8493001     -0.0000020
               X^2            Y^2            Z^2
 X^2_i N       22.1309576     22.1309581     38.6645621
 X^2_i P       22.6046111     22.6046116     39.9956567
 X^2_i T       44.7355687     44.7355697     78.6602188
------------------------------------------------------------
------------------------- Angular Momentum (hbar) --------------------------

               Spwfs(*)    Desired     Omega       E (MeV)      Densit. 
  __________________________________________________________________________
   J_x   |     0.00000     0.00000     0.00000     0.00000     0.00000
   J_y   |     0.00000     0.00000     0.00000     0.00000     0.00000
   J_z   |     0.00000     0.00000     0.00000     0.00000     0.00000
  __________________________________________________________________________
   Size  |     0.00000     0.00000     0.00000                 0.00000
  --------------------------------------------------------------------------
---------------------Rotational properties--------------------
                Rigid rotor          (hbar^2/MeV)
              n              p              t 
 I_R X       1.4659754      1.5094937      2.9754691
 I_R Y       1.4659754      1.5094937      2.9754690
 I_R Z       1.0672970      1.0901397      2.1574367

                Belyaev                 (hbar^2/MeV) 
              n              p              t 
 I_B X       0.6092816      0.5853274      1.1946090
 I_B Y       0.6092816      0.5853275      1.1946091
 I_B Z       0.0000192      0.0000277      0.0000470

                Belyaev (collective)    (hbar^2/MeV) 
              n              p              t 
 I_B X       0.6092816      0.5853274      1.1946090
 I_B Y       0.6092816      0.5853275      1.1946091
 I_B Z       0.0000192      0.0000277      0.0000470

                 <J^2> - <J>^2          (hbar^2)
              n              p              t 
 J2_X        1.5697471      1.5736491      3.1433962
 J2_Y        1.5697472      1.5736496      3.1433968
 J2_Z        0.0001278      0.0001738      0.0003015
 J2_t        3.1396221      3.1474725      6.2870946

                 <J^2> - <J>^2 (coll.)  (hbar^2)
              n              p              t 
 J2_X        1.5697471      1.5736491      3.1433962
 J2_Y        1.5697472      1.5736496      3.1433968
 J2_Z        0.0001278      0.0001738      0.0003015
 J2_t        3.1396221      3.1474725      6.2870946
-------------------------- Pairing -------------------------
                          N         P 
 Fermi Level (MeV)    -12.03330189    -7.91055771
 Particles             10.00000000    10.00000000
 Dispersion             1.81930798     1.87027383
 Average gap   v^2      0.65416572     0.69868900
 Average gap   uv       1.50030140     1.55420373
------------------------------------------------------------
--------------------------------------------------------------------------------
 Skyrme Energy 
                                    Isoscalar      Isovector   |   Total
--------------------------------------------------------------------------------
  E_D_I_I_D_I_I                  -1295.217536       0.051418   -1295.166118
  E_D_I_I_D_Nm_Nm                   27.744699      -0.003028      27.741671
  E_D_I_I_Lap_D_I_I                 58.131595       0.001404      58.132999
  E_D_I_I_D_I_I_DD                 735.713791      -0.026120     735.687671
  E_C_I_NmSk_C_I_NmSk                0.000000       0.000000       0.000000
  E_D_I_I_Derm_C_I_NxmSxm          -10.762010      -0.000444     -10.762454
  E_DP_I_I_DP_I_I                                                 -4.326751
--------------------------------------------------------------------------------
                 Total Skyrme:                                  -488.692983
                    time-even:                                  -488.692983
                    time-odd :                                     0.000000
--------------------------------------------------------------------------------
--------------------------------------------------------------------------------
                                     neutron        proton         total
                Kinetic Energy:     162.458135     159.134904     321.593039
                    COM 1-body:      -8.122907      -7.956745     -16.079652
                    COM 2-body:       3.212689       3.160748       6.373436
                            ph:       3.188017       3.131999       6.320016
                            pp:       0.024672       0.028749       0.053421
                 Collective T:                                     -2.448153

                 Rotational  T:                                    -2.448153
                 Rotational  X:                                    -1.223563
                 Rotational  Y:                                    -1.223563
                 Rotational  Z:                                    -0.001028

                 Vibrational T:                                     0.000000
                 Vibrational X:                                    -0.000000
                 Vibrational Y:                                    -0.000000
                 Vibrational Z:                                    -0.000000


                Coulomb Direct:       0.000000      23.427249      23.427249
                      Exchange:       0.000000       0.000000       0.000000

               Pairing (delta):      -2.079653      -2.247139      -4.326792
               Pairing (densi):                                    -4.326751
--------------------------------------------------------------------------------
                  Total energy:                                  -155.827064
                    from spwfs:                                  -155.827054
                   E_fu - E_sp:                                -0.102608E-04
                   (no corr.) :                                  -159.752347
                      Routhian:                                  -157.222891
                         dE   :                                 0.273151E-03
                         dR   :                                 0.275179E-03
--------------------------------------------------------------------------------
--------------------------------------------------------------------------------
 Iteration =  171
 dt  =   0.0248      mu  =   0.8302 gradn=    0.000E+00 D2H =    6.989E-08
 E   =   -155.827    DE  =  0.83112E-07
 R   =   -157.223    DR  =  0.96856E-07
 R-E =     -1.396  D(R-E)=  0.14612E-07
 dmun= -1.7E-08      dmup= -5.5E-06
 RQ10=     -0.0000   dQ =-5.1E-05  L =     -0.4217   dL =-5.2E-06  dev = 9.7E-06
 RQ20=     21.3992   dQ =-7.6E-05  L =      0.0000   dL = 0.0E+00  dev = 0.0E+00
 RQ22=     -0.0000   dQ =-3.0E-08  L =      0.0000   dL = 0.0E+00  dev = 0.0E+00
 RQ30=     49.9990   dQ =-1.3E-03  L =      0.0570   dL =-1.5E-07  dev = 9.9E-04
 Jz  =    0.000      dJZ =  0.0E+00
--------------------------------------------------------------------------------
 Iteration =  172
 dt  =   0.0248      mu  =   0.8302 gradn=    0.000E+00 D2H =    6.699E-08
 E   =   -155.827    DE  =  0.83684E-07
 R   =   -157.223    DR  =  0.95430E-07
 R-E =     -1.396  D(R-E)=  0.12600E-07
 dmun= -1.2E-08      dmup= -5.3E-06
 RQ10=     -0.0000   dQ =-5.0E-05  L =     -0.4217   dL =-5.1E-06  dev = 9.3E-06
 RQ20=     21.3993   dQ =-7.4E-05  L =      0.0000   dL = 0.0E+00  dev = 0.0E+00
 RQ22=     -0.0000   dQ =-3.1E-08  L =      0.0000   dL = 0.0E+00  dev = 0.0E+00
 RQ30=     49.9990   dQ =-1.2E-03  L =      0.0570   dL =-1.5E-07  dev = 9.6E-04
 Jz  =    0.000      dJZ =  0.0E+00
--------------------------------------------------------------------------------
 Iteration =  173
 dt  =   0.0248      mu  =   0.8302 gradn=    0.000E+00 D2H =    6.421E-08
 E   =   -155.827    DE  =  0.79071E-07
 R   =   -157.223    DR  =  0.92226E-07
 R-E =     -1.396  D(R-E)=  0.13981E-07
 dmun= -3.6E-08      dmup= -5.2E-06
 RQ10=     -0.0000   dQ =-4.9E-05  L =     -0.4218   dL =-5.0E-06  dev = 9.3E-06
 RQ20=     21.3994   dQ =-7.3E-05  L =      0.0000   dL = 0.0E+00  dev = 0.0E+00
 RQ22=     -0.0000   dQ =-3.2E-08  L =      0.0000   dL = 0.0E+00  dev = 0.0E+00
 RQ30=     49.9991   dQ =-1.2E-03  L =      0.0570   dL =-1.5E-07  dev = 9.5E-04
 Jz  =    0.000      dJZ =  0.0E+00
--------------------------------------------------------------------------------
 Iteration =  174
 dt  =   0.0248      mu  =   0.8302 gradn=    0.000E+00 D2H =    6.156E-08
 E   =   -155.827    DE  =  0.79558E-07
 R   =   -157.223    DR  =  0.90821E-07
 R-E =     -1.396  D(R-E)=  0.12076E-07
 dmun= -3.6E-08      dmup= -5.1E-06
 RQ10=     -0.0000   dQ =-4.8E-05  L =     -0.4218   dL =-4.9E-06  dev = 8.9E-06
 RQ20=     21.3995   dQ =-7.1E-05  L =      0.0000   dL = 0.0E+00  dev = 0.0E+00
 RQ22=     -0.0000   dQ =-3.2E-08  L =      0.0000   dL = 0.0E+00  dev = 0.0E+00
 RQ30=     49.9991   dQ =-1.2E-03  L =      0.0570   dL =-1.4E-07  dev = 9.2E-04
 Jz  =    0.000      dJZ =  0.0E+00
--------------------------------------------------------------------------------
 Iteration =  175
 dt  =   0.0248      mu  =   0.8302 gradn=    0.000E+00 D2H =    5.902E-08
 E   =   -155.827    DE  =  0.75065E-07
 R   =   -157.223    DR  =  0.87682E-07
 R-E =     -1.396  D(R-E)=  0.13402E-07
 dmun= -6.1E-08      dmup= -5.0E-06
 RQ10=     -0.0000   dQ =-4.8E-05  L =     -0.4218   dL =-4.9E-06  dev = 8.9E-06
 RQ20=     21.3996   dQ =-7.0E-05  L =      0.0000   dL = 0.0E+00  dev = 0.0E+00
 RQ22=     -0.0000   dQ =-3.3E-08  L =      0.0000   dL = 0.0E+00  dev = 0.0E+00
 RQ30=     49.9991   dQ =-1.2E-03  L =      0.0570   dL =-1.4E-07  dev = 9.1E-04
 Jz  =    0.000      dJZ =  0.0E+00
--------------------------------------------------------------------------------
 Iteration =  176
 dt  =   0.0248      mu  =   0.8302 gradn=    0.000E+00 D2H =    5.661E-08
 E   =   -155.827    DE  =  0.75480E-07
 R   =   -157.223    DR  =  0.86341E-07
 R-E =     -1.396  D(R-E)=  0.11634E-07
 dmun= -1.5E-07      dmup= -4.8E-06
 RQ10=     -0.0000   dQ =-4.7E-05  L =     -0.4218   dL =-4.8E-06  dev = 8.6E-06
 RQ20=     21.3997   dQ =-6.8E-05  L =      0.0000   dL = 0.0E+00  dev = 0.0E+00
 RQ22=     -0.0000   dQ =-3.4E-08  L =      0.0000   dL = 0.0E+00  dev = 0.0E+00
 RQ30=     49.9991   dQ =-1.1E-03  L =      0.0570   dL =-1.4E-07  dev = 8.8E-04
 Jz  =    0.000      dJZ =  0.0E+00
--------------------------------------------------------------------------------
 Iteration =  177
 dt  =   0.0248      mu  =   0.8302 gradn=    0.000E+00 D2H =    5.430E-08
 E   =   -155.827    DE  =  0.71248E-07
 R   =   -157.223    DR  =  0.83367E-07
 R-E =     -1.396  D(R-E)=  0.12866E-07
 dmun= -1.1E-07      dmup= -4.7E-06
 RQ10=     -0.0000   dQ =-4.6E-05  L =     -0.4218   dL =-4.7E-06  dev = 8.5E-06
 RQ20=     21.3998   dQ =-6.7E-05  L =      0.0000   dL = 0.0E+00  dev = 0.0E+00
 RQ22=     -0.0000   dQ =-3.5E-08  L =      0.0000   dL = 0.0E+00  dev = 0.0E+00
 RQ30=     49.9991   dQ =-1.1E-03  L =      0.0570   dL =-1.4E-07  dev = 8.7E-04
 Jz  =    0.000      dJZ =  0.0E+00
--------------------------------------------------------------------------------
 Iteration =  178
 dt  =   0.0248      mu  =   0.8302 gradn=    0.000E+00 D2H =    5.209E-08
 E   =   -155.827    DE  =  0.71614E-07
 R   =   -157.223    DR  =  0.82058E-07
 R-E =     -1.396  D(R-E)=  0.11179E-07
 dmun= -8.4E-08      dmup= -4.6E-06
 RQ10=     -0.0000   dQ =-4.5E-05  L =     -0.4218   dL =-4.6E-06  dev = 8.2E-06
 RQ20=     21.3999   dQ =-6.5E-05  L =      0.0000   dL = 0.0E+00  dev = 0.0E+00
 RQ22=     -0.0000   dQ =-3.6E-08  L =      0.0000   dL = 0.0E+00  dev = 0.0E+00
 RQ30=     49.9992   dQ =-1.1E-03  L =      0.0570   dL =-1.3E-07  dev = 8.4E-04
 Jz  =    0.000      dJZ =  0.0E+00
--------------------------------------------------------------------------------
 Iteration =  179
 dt  =   0.0248      mu  =   0.8302 gradn=    0.000E+00 D2H =    4.998E-08
 E   =   -155.827    DE  =  0.67793E-07
 R   =   -157.223    DR  =  0.79312E-07
 R-E =     -1.396  D(R-E)=  0.12229E-07
 dmun= -9.1E-08      dmup= -4.6E-06
 RQ10=     -0.0000   dQ =-4.4E-05  L =     -0.4218   dL =-4.5E-06  dev = 8.1E-06
 RQ20=     21.4000   dQ =-6.4E-05  L =      0.0000   dL = 0.0E+00  dev = 0.0E+00
 RQ22=     -0.0000   dQ =-3.7E-08  L =      0.0000   dL = 0.0E+00  dev = 0.0E+00
 RQ30=     49.9992   dQ =-1.1E-03  L =      0.0570   dL =-1.3E-07  dev = 8.3E-04
 Jz  =    0.000      dJZ =  0.0E+00
--------------------- Sp wavefunctions -------------------------------------------------------------
____________________________________________________________________________________________________
   Neutron wavefunctions
  i     P   Rz   occ       E        d2h    Delta |   JxT    JyT    Jz      J   |   SxT    SyT    Sz
----------------------------------------------------------------------------------------------------
  1  0.99  1.0  1.0000   -35.263  2.3E-09   0.00 |  -0.50   0.50   0.50   0.52 |  -0.50   0.50   0.50
  9 -0.99  1.0  1.0000   -24.220  1.1E-08   0.01 |  -0.87   0.87   0.50   1.46 |  -0.45   0.45   0.40
 10 -0.98  1.0  0.9999   -21.783  1.4E-09   0.14 |  -0.00   0.00  -1.50   1.53 |  -0.00  -0.00  -0.50
 11 -0.91  1.0  0.9808   -17.048  9.5E-09   1.43 |   0.31  -0.31   0.50   0.78 |  -0.06   0.06  -0.39
  2  0.88  1.0  0.7216   -12.890  3.2E-08   1.73 |  -1.15   1.15   0.50   2.22 |  -0.41   0.41   0.31
  3  0.97  1.0  0.2463   -11.074  7.9E-09   1.63 |  -0.00   0.00  -1.50   2.50 |  -0.00   0.00  -0.42
  4  0.95  1.0  0.0359    -8.817  6.5E-10   1.29 |   0.00  -0.00   2.50   2.54 |  -0.00   0.00   0.50
  5  0.80  1.0  0.0133    -7.154  5.3E-08   1.14 |  -0.61   0.61   0.50   1.65 |  -0.34   0.34   0.17
  6  0.06  1.0  0.0012    -4.723  1.9E-04   0.47 |  -0.33   0.33   0.50   2.21 |  -0.45   0.45   0.40
 12  0.55  1.0  0.0009    -3.719  1.9E-04   0.39 |   0.34  -0.34   0.50   2.09 |  -0.29   0.29   0.08
  7  0.68  1.0  0.0000    -2.252  6.1E-08   0.10 |   0.00  -0.00  -1.49   1.97 |   0.00  -0.00   0.35
 20 -0.76  1.0  0.0000    -0.908  7.8E-06   0.05 |  -1.09   1.09   0.50   3.00 |  -0.36   0.36   0.23
 13 -0.68  1.0  0.0000    -0.305  7.1E-06   0.01 |  -0.01   0.01  -1.49   2.64 |   0.00  -0.00  -0.42
 18 -0.30  1.0  0.0000     0.426  2.2E-05   0.01 |   0.00  -0.00   0.47   1.77 |  -0.01   0.01  -0.47
 17 -0.06  1.0  0.0000     0.589  5.5E-04   0.01 |   0.04  -0.04  -1.46   2.79 |   0.00  -0.00  -0.42
 14 -0.17  1.0  0.0000     1.095  1.0E-03   0.01 |   0.45  -0.45   1.04   2.59 |   0.42  -0.42   0.49
 15 -0.22  1.0  0.0000     1.398  8.2E-04   0.01 |  -0.66   0.66   0.50   2.15 |  -0.47   0.47   0.43
  8  0.42  1.0  0.0000     1.508  8.3E-04   0.00 |  -0.15   0.16   0.51   2.46 |  -0.03   0.03  -0.44
 19 -0.67  1.0  0.0000     1.856  2.3E-02   0.00 |   0.03  -0.03   0.97   2.65 |   0.25  -0.25   0.43
 16 -0.74  1.0  0.0000     3.155  3.2E-03   0.00 |   0.01  -0.01  -3.22   3.65 |  -0.01   0.01  -0.49
____________________________________________________________________________________________________
   Proton  wavefunctions
  i     P   Rz   occ       E        d2h    Delta |   JxT    JyT    Jz      J   |   SxT    SyT    Sz
----------------------------------------------------------------------------------------------------
 21  0.99  1.0  1.0000   -30.742  1.8E-09   0.00 |  -0.50   0.50   0.50   0.52 |  -0.50   0.50   0.50
 29 -0.99  1.0  1.0000   -19.890  9.4E-09   0.02 |  -0.87   0.87   0.50   1.46 |  -0.45   0.45   0.40
 30 -0.98  1.0  0.9999   -17.426  1.2E-09   0.19 |  -0.00   0.00  -1.50   1.53 |   0.00   0.00  -0.50
 31 -0.91  1.0  0.9773   -12.780  9.5E-09   1.52 |   0.30  -0.30   0.50   0.79 |  -0.06   0.06  -0.39
 22  0.86  1.0  0.7156    -8.782  2.4E-08   1.81 |  -1.13   1.13   0.50   2.21 |  -0.41   0.41   0.32
 23  0.97  1.0  0.2492    -6.917  6.6E-09   1.71 |  -0.00   0.00  -1.50   2.50 |  -0.00   0.00  -0.42
 24  0.95  1.0  0.0392    -4.680  5.8E-10   1.36 |   0.00  -0.00   2.50   2.54 |   0.00  -0.00   0.50
 25  0.56  1.0  0.0137    -3.386  2.9E-06   1.04 |  -0.63   0.63   0.50   2.04 |  -0.35   0.35   0.20
 40 -0.02  1.0  0.0025    -2.076  2.9E-06   0.49 |  -0.57   0.57   0.50   2.41 |  -0.49   0.49   0.49
 26  0.82  1.0  0.0025    -0.186  1.5E-08   0.69 |   0.61  -0.61   0.50   1.67 |  -0.23   0.23  -0.03
 27  0.66  1.0  0.0001     1.357  7.4E-06   0.14 |   0.00  -0.00  -1.39   2.00 |   0.05  -0.05   0.34
 37 -0.25  1.0  0.0000     1.994  2.4E-04   0.04 |   0.08  -0.08  -1.47   2.25 |   0.00  -0.01  -0.48
 28  0.06  1.0  0.0000     2.234  1.5E-03   0.06 |   0.05  -0.05   0.47   1.88 |  -0.01   0.01  -0.47
 38 -0.55  1.0  0.0000     2.400  1.1E-02   0.05 |  -0.71   0.71   0.50   2.78 |  -0.25   0.26   0.01
 39 -0.63  1.0  0.0000     2.564  2.5E-03   0.02 |   0.42  -0.42   0.47   2.30 |   0.45  -0.45   0.45
 33  0.28  1.0  0.0000     2.809  2.8E-03   0.01 |   0.44  -0.45  -1.04   2.82 |   0.12  -0.12  -0.23
 34  0.67  1.0  0.0000     3.022  1.4E-03   0.02 |  -0.04   0.04   0.08   2.22 |   0.36  -0.36   0.30
 32 -0.05  1.0  0.0000     3.130  1.1E-02   0.02 |  -0.28   0.28   0.51   2.39 |  -0.13   0.14  -0.23
 35 -0.24  1.0  0.0000     3.686  2.0E-03   0.03 |  -0.79   0.79   0.50   2.31 |  -0.48   0.48   0.45
 36 -0.47  1.0  0.0000     5.719  2.4E-02   0.00 |  -0.00   0.01  -2.76   3.93 |  -0.00   0.01  -0.48
----------------------------------------------------------------------------------------------------
--------------------- Canonical basis  -------------------------------------------------------------
____________________________________________________________________________________________________
   Neutron wavefunctions
  i     P   Rz   occ       E        d2h    Delta |   JxT    JyT    Jz      J   |   SxT    SyT    Sz
----------------------------------------------------------------------------------------------------
 20  0.99  1.0  2.0000   -35.263  0.0E+00   0.00 |  -0.50   0.50   0.50   0.52 |  -0.50   0.50   0.50
 19 -0.99  1.0  2.0000   -24.220  0.0E+00   0.01 |  -0.87   0.87   0.50   1.46 |  -0.45   0.45   0.40
 18 -0.98  1.0  1.9999   -21.782  0.0E+00   0.14 |  -0.00   0.00  -1.50   1.53 |  -0.00  -0.00  -0.50
 17 -0.92  1.0  1.9617   -17.048  0.0E+00   1.43 |   0.31  -0.31   0.50   0.77 |  -0.06   0.06  -0.39
 16  0.89  1.0  1.4432   -12.890  0.0E+00   1.73 |  -1.16   1.16   0.50   2.22 |  -0.41   0.41   0.31
 15  0.97  1.0  0.4926   -11.074  0.0E+00   1.63 |  -0.00   0.00  -1.50   2.50 |  -0.00   0.00  -0.42
 14  0.95  1.0  0.0719    -8.817  0.0E+00   1.29 |   0.00  -0.00   2.50   2.54 |  -0.00   0.00   0.50
 13  0.82  1.0  0.0272    -7.055  0.0E+00   1.19 |  -0.41   0.41   0.50   1.66 |  -0.27   0.27   0.04
 12  0.72  1.0  0.0029    -4.505  0.0E+00   0.57 |   0.23  -0.23   0.50   1.45 |  -0.37   0.37   0.25
 11 -0.19  1.0  0.0005    -3.911  0.0E+00   0.26 |  -0.59   0.59   0.50   2.67 |  -0.41   0.41   0.33
 10  0.65  1.0  0.0001    -2.248  0.0E+00   0.10 |  -0.01   0.01  -1.50   2.01 |   0.00  -0.00   0.34
  9 -0.70  1.0  0.0000    -1.023  0.0E+00   0.01 |  -0.95   0.95   0.50   3.04 |  -0.39   0.39   0.27
  8 -0.65  1.0  0.0000    -0.158  0.0E+00   0.01 |   0.02  -0.02  -1.49   3.01 |   0.00  -0.00  -0.34
  5 -0.07  1.0  0.0000     0.453  0.0E+00   0.00 |   0.05   0.01  -1.47   2.35 |   0.02   0.02  -0.48
  4 -0.60  1.0  0.0000     0.644  0.0E+00   0.00 |  -0.48   0.42   0.45   1.98 |  -0.09   0.05  -0.36
  6 -0.29  1.0  0.0000     1.301  0.0E+00   0.00 |  -0.29   0.29   0.49   2.00 |  -0.42   0.42   0.34
  2  0.80  1.0  0.0000     1.397  0.0E+00   0.00 |  -0.05   0.05   0.49   2.42 |  -0.01   0.02  -0.47
  7  0.01  1.0  0.0000     1.451  0.0E+00   0.00 |   0.03  -0.03   1.70   2.93 |   0.21  -0.21   0.45
  1 -0.84  1.0  0.0000     1.486  0.0E+00   0.00 |   0.46  -0.46   0.32   2.29 |   0.46  -0.46   0.47
  3 -0.73  1.0  0.0000     3.132  0.0E+00   0.00 |   0.01  -0.02  -3.18   3.64 |  -0.01   0.01  -0.47
____________________________________________________________________________________________________
   Proton  wavefunctions
  i     P   Rz   occ       E        d2h    Delta |   JxT    JyT    Jz      J   |   SxT    SyT    Sz
----------------------------------------------------------------------------------------------------
 40  0.99  1.0  2.0000   -30.742  0.0E+00   0.00 |  -0.50   0.50   0.50   0.52 |  -0.50   0.50   0.50
 39 -0.99  1.0  2.0000   -19.890  0.0E+00   0.02 |  -0.87   0.87   0.50   1.47 |  -0.45   0.45   0.40
 38 -0.98  1.0  1.9998   -17.426  0.0E+00   0.19 |  -0.00   0.00  -1.50   1.53 |   0.00  -0.00  -0.50
 37 -0.91  1.0  1.9546   -12.780  0.0E+00   1.52 |   0.31  -0.31   0.50   0.78 |  -0.06   0.06  -0.39
 36  0.88  1.0  1.4316    -8.780  0.0E+00   1.82 |  -1.14   1.14   0.50   2.22 |  -0.41   0.41   0.32
 35  0.97  1.0  0.4985    -6.917  0.0E+00   1.71 |  -0.00   0.00  -1.50   2.50 |  -0.00   0.00  -0.42
 34  0.95  1.0  0.0784    -4.679  0.0E+00   1.36 |   0.00  -0.00   2.50   2.54 |  -0.00   0.00   0.50
 33  0.83  1.0  0.0313    -3.082  0.0E+00   1.24 |  -0.38   0.38   0.50   1.67 |  -0.25   0.25   0.00
 31 -0.21  1.0  0.0017    -1.613  0.0E+00   0.37 |  -0.58   0.58   0.50   2.82 |  -0.45   0.45   0.40
 32  0.76  1.0  0.0039    -0.820  0.0E+00   0.63 |   0.26  -0.26   0.50   1.41 |  -0.37   0.37   0.24
 30  0.65  1.0  0.0001     1.418  0.0E+00   0.15 |  -0.00   0.00  -1.49   2.02 |   0.00  -0.00   0.35
 29 -0.73  1.0  0.0000     2.325  0.0E+00   0.04 |  -0.92   0.93   0.50   2.95 |  -0.37   0.37   0.23
 28 -0.67  1.0  0.0000     2.372  0.0E+00   0.01 |   0.00  -0.00  -1.48   2.47 |   0.00  -0.00  -0.46
 27 -0.60  1.0  0.0000     2.387  0.0E+00   0.00 |   0.09  -0.09   0.51   1.80 |  -0.02   0.02  -0.46
 26  0.79  1.0  0.0000     2.402  0.0E+00   0.00 |   0.21  -0.21  -1.44   2.66 |   0.02  -0.01  -0.46
 23  0.13  1.0  0.0000     2.615  0.0E+00   0.00 |   0.30  -0.30   0.59   2.28 |   0.47  -0.47   0.47
 21 -0.17  1.0  0.0000     2.938  0.0E+00   0.00 |   0.40  -0.39   0.47   2.20 |   0.49  -0.49   0.48
 24  0.65  1.0  0.0000     3.047  0.0E+00   0.00 |  -0.16   0.16   0.46   2.39 |  -0.05   0.05  -0.40
 25 -0.13  1.0  0.0000     3.598  0.0E+00   0.00 |  -0.62   0.63   0.47   2.26 |  -0.45   0.45   0.40
 22 -0.45  1.0  0.0000     5.678  0.0E+00   0.00 |   0.01  -0.00  -2.72   3.90 |  -0.00   0.02  -0.48
----------------------------------------------------------------------------------------------------
---------------------------------Quasiparticles---------------------------------
Block 1:  P=+1  neutrons
  N      Eqp       f_n      |   U   V  |   B  P  ov_TR |    JxT    JyT    Jz
________________________________________________________________________________
  1    -23.23      0.00E+00 |    1   0 |   -  -  0.000 |    0.00   0.00   0.50
  2    -15.19      0.00E+00 |    0  16 |   -  -  0.000 |    0.00   0.00   3.22
  3    -13.89      0.00E+00 |    0  19 |   -  -  0.000 |    0.00   0.00  -0.97
  4    -13.54      0.00E+00 |    0   8 |   -  -  0.000 |    0.00   0.00  -0.51
  5    -13.43      0.00E+00 |    0  15 |   -  -  0.000 |    0.00   0.00  -0.50
  6    -13.13      0.00E+00 |    0  14 |   -  -  0.000 |    0.00   0.00  -1.04
  7    -12.62      0.00E+00 |    0  17 |   -  -  0.000 |    0.00   0.00   1.46
  8    -12.46      0.00E+00 |    0  18 |   -  -  0.000 |    0.00   0.00  -0.47
  9    -12.19      0.00E+00 |    9   0 |   -  -  0.000 |    0.00   0.00   0.50
 10    -11.73      0.00E+00 |    0  13 |   -  -  0.000 |    0.00   0.00   1.49
 11    -11.13      0.00E+00 |    0  20 |   -  -  0.000 |    0.00   0.00  -0.50
 12     -9.78      0.00E+00 |   10   7 |   -  -  0.000 |    0.00   0.00   1.39
 13     -9.75      0.00E+00 |   10   7 |   -  -  0.000 |    0.00   0.00  -1.40
 14     -8.33      0.00E+00 |    0  12 |   -  -  0.000 |    0.00   0.00  -0.50
 15     -7.33      0.00E+00 |    0   6 |   -  -  0.000 |    0.00   0.00  -0.50
 16     -5.22      0.00E+00 |   11  11 |   -  -  0.000 |    0.00   0.00   0.47
 17     -5.01      0.00E+00 |   11   5 |   -  -  0.000 |    0.00   0.00  -0.47
 18     -3.47      0.00E+00 |    4   4 |   -  -  0.000 |    0.00   0.00  -2.32
 19     -1.93      0.00E+00 |    2   2 |   -  -  0.000 |    0.00   0.00   0.22
 20     -1.89      0.00E+00 |    3   3 |   -  -  0.000 |    0.00   0.00   0.76
 21      1.89      1.00E+00 |    3   3 |   -  -  0.000 |    0.00   0.00  -0.76
 22      1.93      1.00E+00 |    2   2 |   -  -  0.000 |    0.00   0.00  -0.22
 23      3.47      1.00E+00 |    4   4 |   -  -  0.000 |    0.00   0.00   2.32
 24      5.01      1.00E+00 |    5  11 |   -  -  0.000 |    0.00   0.00   0.47
 25      5.22      1.00E+00 |   11  11 |   -  -  0.000 |    0.00   0.00  -0.47
 26      7.33      1.00E+00 |    6   0 |   -  -  0.000 |    0.00   0.00   0.50
 27      8.33      1.00E+00 |   12   0 |   -  -  0.000 |    0.00   0.00   0.50
 28      9.75      1.00E+00 |    7  10 |   -  -  0.000 |    0.00   0.00   1.40
 29      9.78      1.00E+00 |    7  10 |   -  -  0.000 |    0.00   0.00  -1.39
 30     11.13      1.00E+00 |   20   0 |   -  -  0.000 |    0.00   0.00   0.50
 31     11.73      1.00E+00 |   13   0 |   -  -  0.000 |    0.00   0.00  -1.49
 32     12.19      1.00E+00 |    0   9 |   -  -  0.000 |    0.00   0.00  -0.50
 33     12.46      1.00E+00 |   18   0 |   -  -  0.000 |    0.00   0.00   0.47
 34     12.62      1.00E+00 |   17   0 |   -  -  0.000 |    0.00   0.00  -1.46
 35     13.13      1.00E+00 |   14   0 |   -  -  0.000 |    0.00   0.00   1.04
 36     13.43      1.00E+00 |   15   0 |   -  -  0.000 |    0.00   0.00   0.50
 37     13.54      1.00E+00 |    8   0 |   -  -  0.000 |    0.00   0.00   0.51
 38     13.89      1.00E+00 |   19   0 |   -  -  0.000 |    0.00   0.00   0.97
 39     15.19      1.00E+00 |   16   0 |   -  -  0.000 |    0.00   0.00  -3.22
 40     23.23      1.00E+00 |    0   1 |   -  -  0.000 |    0.00   0.00  -0.50

Block 5:  P=+1   protons
  N      Eqp       f_n      |   U   V  |   B  P  ov_TR |    JxT    JyT    Jz
________________________________________________________________________________
  1    -22.83      0.00E+00 |   21   0 |   -  -  0.000 |    0.00   0.00   0.50
  2    -13.63      0.00E+00 |    0  36 |   -  -  0.000 |    0.00   0.00   2.76
  3    -11.98      0.00E+00 |   29   0 |   -  -  0.000 |    0.00   0.00   0.50
  4    -11.60      0.00E+00 |    0  35 |   -  -  0.000 |    0.00   0.00  -0.50
  5    -11.04      0.00E+00 |    0  32 |   -  -  0.000 |    0.00   0.00  -0.51
  6    -10.93      0.00E+00 |    0  34 |   -  -  0.000 |    0.00   0.00  -0.08
  7    -10.72      0.00E+00 |    0  33 |   -  -  0.000 |    0.00   0.00   1.04
  8    -10.47      0.00E+00 |    0  39 |   -  -  0.000 |    0.00   0.00  -0.47
  9    -10.31      0.00E+00 |    0  38 |   -  -  0.000 |    0.00   0.00  -0.50
 10    -10.15      0.00E+00 |    0  28 |   -  -  0.000 |    0.00   0.00  -0.47
 11     -9.90      0.00E+00 |    0  37 |   -  -  0.000 |    0.00   0.00   1.47
 12     -9.52      0.00E+00 |   30   0 |   -  -  0.000 |    0.00   0.00  -1.50
 13     -9.27      0.00E+00 |    0  27 |   -  -  0.000 |    0.00   0.00   1.38
 14     -7.76      0.00E+00 |    0  26 |   -  -  0.000 |    0.00   0.00  -0.50
 15     -5.87      0.00E+00 |    0  40 |   -  -  0.000 |    0.00   0.00  -0.49
 16     -5.10      0.00E+00 |   31  31 |   -  -  0.000 |    0.00   0.00   0.47
 17     -4.66      0.00E+00 |   25  25 |   -  -  0.000 |    0.00   0.00  -0.48
 18     -3.51      0.00E+00 |   24  24 |   -  -  0.000 |    0.00   0.00  -2.30
 19     -2.00      0.00E+00 |   22  22 |   -  -  0.000 |    0.00   0.00   0.21
 20     -1.98      0.00E+00 |   23  23 |   -  -  0.000 |    0.00   0.00   0.75
 21      1.98      1.00E+00 |   23  23 |   -  -  0.000 |    0.00   0.00  -0.75
 22      2.00      1.00E+00 |   22  22 |   -  -  0.000 |    0.00   0.00  -0.21
 23      3.51      1.00E+00 |   24  24 |   -  -  0.000 |    0.00   0.00   2.30
 24      4.66      1.00E+00 |   25  25 |   -  -  0.000 |    0.00   0.00   0.48
 25      5.10      1.00E+00 |   31  31 |   -  -  0.000 |    0.00   0.00  -0.47
 26      5.87      1.00E+00 |   40   0 |   -  -  0.000 |    0.00   0.00   0.49
 27      7.76      1.00E+00 |   26   0 |   -  -  0.000 |    0.00   0.00   0.50
 28      9.27      1.00E+00 |   27   0 |   -  -  0.000 |    0.00   0.00  -1.38
 29      9.52      1.00E+00 |    0  30 |   -  -  0.000 |    0.00   0.00   1.50
 30      9.90      1.00E+00 |   37   0 |   -  -  0.000 |    0.00   0.00  -1.47
 31     10.15      1.00E+00 |   28   0 |   -  -  0.000 |    0.00   0.00   0.47
 32     10.31      1.00E+00 |   38   0 |   -  -  0.000 |    0.00   0.00   0.50
 33     10.47      1.00E+00 |   39   0 |   -  -  0.000 |    0.00   0.00   0.47
 34     10.72      1.00E+00 |   33   0 |   -  -  0.000 |    0.00   0.00  -1.04
 35     10.93      1.00E+00 |   34   0 |   -  -  0.000 |    0.00   0.00   0.08
 36     11.04      1.00E+00 |   32   0 |   -  -  0.000 |    0.00   0.00   0.51
 37     11.60      1.00E+00 |   35   0 |   -  -  0.000 |    0.00   0.00   0.50
 38     11.98      1.00E+00 |    0  29 |   -  -  0.000 |    0.00   0.00  -0.50
 39     13.63      1.00E+00 |   36   0 |   -  -  0.000 |    0.00   0.00  -2.76
 40     22.83      1.00E+00 |    0  21 |   -  -  0.000 |    0.00   0.00  -0.50

--------------------------------------------------------------------------------
---------------- Electric Multipole Moments -----------------
Quantisation Axis             : Z
  With secondary axis ordering: X,Y
______________________________________________________________
                     Neutrons        Protons         Total
______________________________________________________________
 Particles           10.0000         10.0000         20.0000

Re  Q_{ 1 0}         -0.0233          0.0233         -0.0000
Constrained                                           0.0000
Re De_{ 1 0}                                   0.7850885E-05
Re La_{ 1 0}                                         -0.4218

Re  Q_{ 2 0}         10.4296         10.9704         21.4001
Re  Q_{ 2 2}         -0.0000         -0.0000         -0.0000

Re  Q_{ 3 0}         23.1522         26.8470         49.9992
Constrained                                          50.0000
Re De_{ 3 0}                                   0.8087592E-03
Re La_{ 3 0}                                          0.0570
Re  Q_{ 3 2}         -0.0000          0.0000          0.0000

Re  Q_{ 4 0}         84.3532        102.5446        186.8978
Re  Q_{ 4 2}         -0.0000         -0.0001         -0.0001
Re  Q_{ 4 4}          0.0190          0.0221          0.0411

Re  Q_{ 5 0}        354.5635        470.0283        824.5917
Re  Q_{ 5 2}         -0.0000          0.0002          0.0002
Re  Q_{ 5 4}         -0.1118         -0.1818         -0.2936

Re  Q_{ 6 0}       1469.4342       2203.5561       3672.9904
Re  Q_{ 6 2}         -0.0014          0.0003         -0.0011
Re  Q_{ 6 4}          0.9387          1.4254          2.3641
Re  Q_{ 6 6}          0.0001         -0.0007         -0.0006

Re  Q_{ 7 0}       6382.8668      10004.0640      16386.9308
Re  Q_{ 7 2}         -0.0064         -0.0083         -0.0147
Re  Q_{ 7 4}         -1.8717         -5.2099         -7.0816
Re  Q_{ 7 6}          0.0001          0.0119          0.0120

Re  Q_{ 8 0}      33677.5556      58003.7297      91681.2854
Re  Q_{ 8 2}          0.0313          0.1166          0.1479
Re  Q_{ 8 4}          0.2601         -8.8258         -8.5657
Re  Q_{ 8 6}          0.0206         -0.0096          0.0110
Re  Q_{ 8 8}        -22.6306        -28.5340        -51.1646

Re  Q_{ 9 0}     151612.9654     266694.0655     418307.0308
Re  Q_{ 9 2}         -0.2774         -0.4672         -0.7446
Re  Q_{ 9 4}        476.1287        804.3626       1280.4913
Re  Q_{ 9 6}         -0.0512         -0.3018         -0.3530
Re  Q_{ 9 8}        163.1470        -27.7873        135.3597

Re  Q_{10 0}     822220.8969    1522468.4656    2344689.3625
Re  Q_{10 2}         -0.5686         -1.2428         -1.8114
Re  Q_{10 4}        622.8739      11425.7285      12048.6025
Re  Q_{10 6}          0.1543          4.0760          4.2302
Re  Q_{10 8}      -1502.3176       9321.9188       7819.6013
Re  Q_{1010}         -0.1748          2.3372          2.1624

 RMS radius           2.8797          2.9843          2.9325
______________________________________________________________
                     Neutrons        Protons         Total
______________________________________________________________


Beta_{ 2 0}       0.20587894      0.21655436      0.42243330
Beta_{ 2 2}      -0.00000000     -0.00000001     -0.00000001

Beta_{ 3 0}       0.14030615      0.16269750      0.30300365
Beta_{ 3 2}      -0.00000001      0.00000004      0.00000003

Beta_{ 4 0}       0.15693817      0.19078302      0.34772119
Beta_{ 4 2}      -0.00000007     -0.00000010     -0.00000017
Beta_{ 4 4}       0.00003540      0.00004103      0.00007644

Beta_{ 5 0}       0.20251772      0.26846831      0.47098603
Beta_{ 5 2}      -0.00000001      0.00000012      0.00000011
Beta_{ 5 4}      -0.00006388     -0.00010382     -0.00016770

Beta_{ 6 0}       0.25766848      0.38639835      0.64406683
Beta_{ 6 2}      -0.00000024      0.00000006     -0.00000019
Beta_{ 6 4}       0.00016461      0.00024994      0.00041455
Beta_{ 6 6}       0.00000001     -0.00000012     -0.00000011

Beta_{ 7 0}       0.34361255      0.53855455      0.88216709
Beta_{ 7 2}      -0.00000034     -0.00000045     -0.00000079
Beta_{ 7 4}      -0.00010076     -0.00028047     -0.00038123
Beta_{ 7 6}       0.00000001      0.00000064      0.00000065

Beta_{ 8 0}       0.55659062      0.95863050      1.51522113
Beta_{ 8 2}       0.00000052      0.00000193      0.00000244
Beta_{ 8 4}       0.00000430     -0.00014586     -0.00014157
Beta_{ 8 6}       0.00000034     -0.00000016      0.00000018
Beta_{ 8 8}      -0.00037402     -0.00047158     -0.00084560

Beta_{ 9 0}       0.76926107      1.35316502      2.12242609
Beta_{ 9 2}      -0.00000141     -0.00000237     -0.00000378
Beta_{ 9 4}       0.00241580      0.00408121      0.00649702
Beta_{ 9 6}      -0.00000026     -0.00000153     -0.00000179
Beta_{ 9 8}       0.00082778     -0.00014099      0.00068679

Beta_{10 0}       1.28076075      2.37152554      3.65228630
Beta_{10 2}      -0.00000089     -0.00000194     -0.00000282
Beta_{10 4}       0.00097024      0.01779768      0.01876792
Beta_{10 6}       0.00000024      0.00000635      0.00000659
Beta_{10 8}      -0.00234014      0.01452061      0.01218047
Beta_{1010}      -0.00000027      0.00000364      0.00000337

______________________________________________________________
                     Neutrons        Protons         Total
______________________________________________________________
Q_{ 1}                0.0233          0.0233          0.0000
Q_{ 2}               10.4296         10.9704         21.4001
Q_{ 3}               23.1522         26.8470         49.9992
Q_{ 4}               84.3532        102.5446        186.8978
Q_{ 5}              354.5635        470.0283        824.5918
Q_{ 6}             1469.4348       2203.5571       3672.9919
Q_{ 7}             6382.8673      10004.0667      16386.9338
Q_{ 8}            33677.5708      58003.7451      91681.3147
Q_{ 9}           151614.6362     266696.4944     418310.9944
Q_{10}           822224.1137    1522611.2832    2344777.3533
______________________________________________________________
                     Neutrons        Protons         Total
______________________________________________________________
Beta_{   1}       0.00149778      0.00149727      0.00000050
Beta_{   2}       0.20587894      0.21655436      0.42243330
Beta_{   3}       0.14030615      0.16269750      0.30300365
Beta_{   4}       0.15693817      0.19078303      0.34772120
Beta_{   5}       0.20251774      0.26846835      0.47098609
Beta_{   6}       0.25766858      0.38639851      0.64406710
Beta_{   7}       0.34361258      0.53855469      0.88216726
Beta_{   8}       0.55659087      0.95863076      1.51522161
Beta_{   9}       0.76926955      1.35317735      2.12244620
Beta_{  10}       1.28076576      2.37174801      3.65242336
______________________________________________________________
 Cart. Moments X              Y              Z
 Cart. N      -16.5344243    -16.5344225     33.0688468
 Cart. P      -17.3917834    -17.3917799     34.7835633
 Cart. T      -33.9262077    -33.9262025     67.8524101
 (Q, gamma)    Q              Gamma
 (Q,g) N       33.0688468     -0.0000017
 (Q,g) P       34.7835633     -0.0000033
 (Q,g) T       67.8524101     -0.0000025
 (iq1, iq2)    iq1            iq2
 iq    N       33.0688474     -0.0000012
 iq    P       34.7835644     -0.0000023
 iq    T       67.8524119     -0.0000035
               X^2            Y^2            Z^2
 X^2_i N       22.1307291     22.1307297     38.6651528
 X^2_i P       22.6044126     22.6044137     39.9961948
 X^2_i T       44.7351417     44.7351434     78.6613476
------------------------------------------------------------
------------------------- Angular Momentum (hbar) --------------------------

               Spwfs(*)    Desired     Omega       E (MeV)      Densit. 
  __________________________________________________________________________
   J_x   |     0.00000     0.00000     0.00000     0.00000     0.00000
   J_y   |     0.00000     0.00000     0.00000     0.00000     0.00000
   J_z   |     0.00000     0.00000     0.00000     0.00000     0.00000
  __________________________________________________________________________
   Size  |     0.00000     0.00000     0.00000                 0.00000
  --------------------------------------------------------------------------
---------------------Rotational properties--------------------
                Rigid rotor          (hbar^2/MeV)
              n              p              t 
 I_R X       1.4659841      1.5095019      2.9754860
 I_R Y       1.4659841      1.5095018      2.9754860
 I_R Z       1.0672860      1.0901301      2.1574161

                Belyaev                 (hbar^2/MeV) 
              n              p              t 
 I_B X       0.6093715      0.5853660      1.1947375
 I_B Y       0.6093716      0.5853661      1.1947376
 I_B Z       0.0000192      0.0000278      0.0000470

                Belyaev (collective)    (hbar^2/MeV) 
              n              p              t 
 I_B X       0.6093715      0.5853660      1.1947375
 I_B Y       0.6093716      0.5853661      1.1947376
 I_B Z       0.0000192      0.0000278      0.0000470

                 <J^2> - <J>^2          (hbar^2)
              n              p              t 
 J2_X        1.5697265      1.5737726      3.1434991
 J2_Y        1.5697266      1.5737730      3.1434997
 J2_Z        0.0001276      0.0001742      0.0003017
 J2_t        3.1395807      3.1477198      6.2873005

                 <J^2> - <J>^2 (coll.)  (hbar^2)
              n              p              t 
 J2_X        1.5697265      1.5737726      3.1434991
 J2_Y        1.5697266      1.5737730      3.1434997
 J2_Z        0.0001276      0.0001742      0.0003017
 J2_t        3.1395807      3.1477198      6.2873005
-------------------------- Pairing -------------------------
                          N         P 
 Fermi Level (MeV)    -12.03330257    -7.91060692
 Particles             10.00000000    10.00000000
 Dispersion             1.81910144     1.87018388
 Average gap   v^2      0.65408951     0.69867902
 Average gap   uv       1.50011915     1.55414435
------------------------------------------------------------
--------------------------------------------------------------------------------
 Skyrme Energy 
                                    Isoscalar      Isovector   |   Total
--------------------------------------------------------------------------------
  E_D_I_I_D_I_I                  -1295.218195       0.051424   -1295.166772
  E_D_I_I_D_Nm_Nm                   27.744637      -0.003028      27.741608
  E_D_I_I_Lap_D_I_I                 58.131824       0.001404      58.133228
  E_D_I_I_D_I_I_DD                 735.714172      -0.026123     735.688049
  E_C_I_NmSk_C_I_NmSk                0.000000       0.000000       0.000000
  E_D_I_I_Derm_C_I_NxmSxm          -10.761927      -0.000444     -10.762371
  E_DP_I_I_DP_I_I                                                 -4.326160
--------------------------------------------------------------------------------
                 Total Skyrme:                                  -488.692417
                    time-even:                                  -488.692417
                    time-odd :                                     0.000000
--------------------------------------------------------------------------------
--------------------------------------------------------------------------------
                                     neutron        proton         total
                Kinetic Energy:     162.457828     159.134755     321.592583
                    COM 1-body:      -8.122891      -7.956738     -16.079629
                    COM 2-body:       3.212665       3.160787       6.373452
                            ph:       3.187999       3.131987       6.319986
                            pp:       0.024666       0.028800       0.053466
                 Collective T:                                     -2.447971

                 Rotational  T:                                    -2.447971
                 Rotational  X:                                    -1.223471
                 Rotational  Y:                                    -1.223471
                 Rotational  Z:                                    -0.001028

                 Vibrational T:                                     0.000000
                 Vibrational X:                                    -0.000000
                 Vibrational Y:                                    -0.000000
                 Vibrational Z:                                    -0.000000


                Coulomb Direct:       0.000000      23.427234      23.427234
                      Exchange:       0.000000       0.000000       0.000000

               Pairing (delta):      -2.079148      -2.247043      -4.326191
               Pairing (densi):                                    -4.326160
--------------------------------------------------------------------------------
                  Total energy:                                  -155.826749
                    from spwfs:                                  -155.826742
                   E_fu - E_sp:                                -0.696202E-05
                   (no corr.) :                                  -159.752230
                      Routhian:                                  -157.222556
                         dE   :                                 0.208634E-03
                         dR   :                                 0.210321E-03
--------------------------------------------------------------------------------
--------------------------------------------------------------------------------
 Iteration =  181
 dt  =   0.0248      mu  =   0.8302 gradn=    0.000E+00 D2H =    4.604E-08
 E   =   -155.827    DE  =  0.64436E-07
 R   =   -157.223    DR  =  0.75393E-07
 R-E =     -1.396  D(R-E)=  0.11633E-07
 dmun= -1.0E-07      dmup= -4.3E-06
 RQ10=     -0.0000   dQ =-4.2E-05  L =     -0.4218   dL =-4.3E-06  dev = 7.8E-06
 RQ20=     21.4002   dQ =-6.2E-05  L =      0.0000   dL = 0.0E+00  dev = 0.0E+00
 RQ22=     -0.0000   dQ =-3.9E-08  L =      0.0000   dL = 0.0E+00  dev = 0.0E+00
 RQ30=     49.9992   dQ =-1.0E-03  L =      0.0570   dL =-1.3E-07  dev = 7.9E-04
 Jz  =    0.000      dJZ =  0.0E+00
--------------------------------------------------------------------------------
 Iteration =  182
 dt  =   0.0248      mu  =   0.8302 gradn=    0.000E+00 D2H =    4.419E-08
 E   =   -155.827    DE  =  0.64410E-07
 R   =   -157.223    DR  =  0.74100E-07
 R-E =     -1.396  D(R-E)=  0.10353E-07
 dmun= -9.9E-08      dmup= -4.2E-06
 RQ10=     -0.0000   dQ =-4.1E-05  L =     -0.4218   dL =-4.3E-06  dev = 7.5E-06
 RQ20=     21.4002   dQ =-6.0E-05  L =      0.0000   dL = 0.0E+00  dev = 0.0E+00
 RQ22=     -0.0000   dQ =-4.0E-08  L =      0.0000   dL = 0.0E+00  dev = 0.0E+00
 RQ30=     49.9992   dQ =-9.9E-04  L =      0.0570   dL =-1.2E-07  dev = 7.7E-04
 Jz  =    0.000      dJZ =  0.0E+00
--------------------------------------------------------------------------------
 Iteration =  183
 dt  =   0.0248      mu  =   0.8302 gradn=    0.000E+00 D2H =    4.243E-08
 E   =   -155.827    DE  =  0.61281E-07
 R   =   -157.223    DR  =  0.71693E-07
 R-E =     -1.396  D(R-E)=  0.11055E-07
 dmun= -1.1E-07      dmup= -4.1E-06
 RQ10=     -0.0000   dQ =-4.1E-05  L =     -0.4218   dL =-4.2E-06  dev = 7.4E-06
 RQ20=     21.4003   dQ =-5.9E-05  L =      0.0000   dL = 0.0E+00  dev = 0.0E+00
 RQ22=     -0.0000   dQ =-4.1E-08  L =      0.0000   dL = 0.0E+00  dev = 0.0E+00
 RQ30=     49.9992   dQ =-9.7E-04  L =      0.0570   dL =-1.2E-07  dev = 7.6E-04
 Jz  =    0.000      dJZ =  0.0E+00
--------------------------------------------------------------------------------
 Iteration =  184
 dt  =   0.0248      mu  =   0.8302 gradn=    0.000E+00 D2H =    4.074E-08
 E   =   -155.827    DE  =  0.61070E-07
 R   =   -157.223    DR  =  0.70336E-07
 R-E =     -1.396  D(R-E)=  0.98964E-08
 dmun= -1.0E-07      dmup= -4.0E-06
 RQ10=     -0.0000   dQ =-4.0E-05  L =     -0.4218   dL =-4.1E-06  dev = 7.2E-06
 RQ20=     21.4004   dQ =-5.8E-05  L =      0.0000   dL = 0.0E+00  dev = 0.0E+00
 RQ22=     -0.0000   dQ =-4.2E-08  L =      0.0000   dL = 0.0E+00  dev = 0.0E+00
 RQ30=     49.9993   dQ =-9.4E-04  L =      0.0570   dL =-1.2E-07  dev = 7.4E-04
 Jz  =    0.000      dJZ =  0.0E+00
--------------------------------------------------------------------------------
 Iteration =  185
 dt  =   0.0248      mu  =   0.8302 gradn=    0.000E+00 D2H =    3.913E-08
 E   =   -155.827    DE  =  0.58267E-07
 R   =   -157.222    DR  =  0.68161E-07
 R-E =     -1.396  D(R-E)=  0.10505E-07
 dmun= -1.1E-07      dmup= -3.9E-06
 RQ10=     -0.0000   dQ =-3.9E-05  L =     -0.4218   dL =-4.0E-06  dev = 7.1E-06
 RQ20=     21.4005   dQ =-5.7E-05  L =      0.0000   dL = 0.0E+00  dev = 0.0E+00
 RQ22=     -0.0000   dQ =-4.4E-08  L =      0.0000   dL = 0.0E+00  dev = 0.0E+00
 RQ30=     49.9993   dQ =-9.3E-04  L =      0.0570   dL =-1.2E-07  dev = 7.3E-04
 Jz  =    0.000      dJZ =  0.0E+00
--------------------------------------------------------------------------------
 Iteration =  186
 dt  =   0.0248      mu  =   0.8302 gradn=    0.000E+00 D2H =    3.758E-08
 E   =   -155.827    DE  =  0.58021E-07
 R   =   -157.222    DR  =  0.66875E-07
 R-E =     -1.396  D(R-E)=  0.94539E-08
 dmun= -1.1E-07      dmup= -3.8E-06
 RQ10=     -0.0000   dQ =-3.8E-05  L =     -0.4218   dL =-3.9E-06  dev = 6.9E-06
 RQ20=     21.4006   dQ =-5.5E-05  L =      0.0000   dL = 0.0E+00  dev = 0.0E+00
 RQ22=     -0.0000   dQ =-4.5E-08  L =      0.0000   dL = 0.0E+00  dev = 0.0E+00
 RQ30=     49.9993   dQ =-9.0E-04  L =      0.0570   dL =-1.1E-07  dev = 7.1E-04
 Jz  =    0.000      dJZ =  0.0E+00
--------------------------------------------------------------------------------
 Iteration =  187
 dt  =   0.0248      mu  =   0.8302 gradn=    0.000E+00 D2H =    3.611E-08
 E   =   -155.827    DE  =  0.55370E-07
 R   =   -157.222    DR  =  0.64770E-07
 R-E =     -1.396  D(R-E)=  0.99798E-08
 dmun= -1.2E-07      dmup= -3.7E-06
 RQ10=     -0.0000   dQ =-3.7E-05  L =     -0.4218   dL =-3.9E-06  dev = 6.8E-06
 RQ20=     21.4006   dQ =-5.4E-05  L =      0.0000   dL = 0.0E+00  dev = 0.0E+00
 RQ22=     -0.0000   dQ =-4.6E-08  L =      0.0000   dL = 0.0E+00  dev = 0.0E+00
 RQ30=     49.9993   dQ =-8.9E-04  L =      0.0570   dL =-1.1E-07  dev = 6.9E-04
 Jz  =    0.000      dJZ =  0.0E+00
--------------------------------------------------------------------------------
 Iteration =  188
 dt  =   0.0248      mu  =   0.8302 gradn=    0.000E+00 D2H =    3.470E-08
 E   =   -155.827    DE  =  0.55073E-07
 R   =   -157.222    DR  =  0.63529E-07
 R-E =     -1.396  D(R-E)=  0.90252E-08
 dmun= -1.1E-07      dmup= -3.6E-06
 RQ10=     -0.0000   dQ =-3.7E-05  L =     -0.4218   dL =-3.8E-06  dev = 6.6E-06
 RQ20=     21.4007   dQ =-5.3E-05  L =      0.0000   dL = 0.0E+00  dev = 0.0E+00
 RQ22=     -0.0000   dQ =-4.7E-08  L =      0.0000   dL = 0.0E+00  dev = 0.0E+00
 RQ30=     49.9993   dQ =-8.6E-04  L =      0.0570   dL =-1.1E-07  dev = 6.8E-04
 Jz  =    0.000      dJZ =  0.0E+00
--------------------------------------------------------------------------------
 Iteration =  189
 dt  =   0.0248      mu  =   0.8302 gradn=    0.000E+00 D2H =    3.335E-08
 E   =   -155.827    DE  =  0.52665E-07
 R   =   -157.222    DR  =  0.61591E-07
 R-E =     -1.396  D(R-E)=  0.94783E-08
 dmun= -1.1E-07      dmup= -3.5E-06
 RQ10=     -0.0000   dQ =-3.6E-05  L =     -0.4218   dL =-3.7E-06  dev = 6.5E-06
 RQ20=     21.4008   dQ =-5.2E-05  L =      0.0000   dL = 0.0E+00  dev = 0.0E+00
 RQ22=     -0.0000   dQ =-4.9E-08  L =      0.0000   dL = 0.0E+00  dev = 0.0E+00
 RQ30=     49.9993   dQ =-8.5E-04  L =      0.0570   dL =-1.1E-07  dev = 6.6E-04
 Jz  =    0.000      dJZ =  0.0E+00
--------------------- Sp wavefunctions -------------------------------------------------------------
____________________________________________________________________________________________________
   Neutron wavefunctions
  i     P   Rz   occ       E        d2h    Delta |   JxT    JyT    Jz      J   |   SxT    SyT    Sz
----------------------------------------------------------------------------------------------------
  1  0.99  1.0  1.0000   -35.263  1.6E-09   0.00 |  -0.50   0.50   0.50   0.52 |  -0.50   0.50   0.50
  9 -0.99  1.0  1.0000   -24.220  7.3E-09   0.01 |  -0.87   0.87   0.50   1.46 |  -0.45   0.45   0.40
 10 -0.98  1.0  0.9999   -21.782  9.2E-10   0.14 |  -0.00   0.00  -1.50   1.53 |  -0.00  -0.00  -0.50
 11 -0.91  1.0  0.9808   -17.048  6.1E-09   1.43 |   0.31  -0.31   0.50   0.78 |  -0.06   0.06  -0.39
  2  0.88  1.0  0.7216   -12.890  2.0E-08   1.73 |  -1.15   1.15   0.50   2.22 |  -0.41   0.41   0.31
  3  0.97  1.0  0.2463   -11.074  5.1E-09   1.63 |  -0.00   0.00  -1.50   2.50 |  -0.00   0.00  -0.42
  4  0.95  1.0  0.0359    -8.817  4.3E-10   1.29 |   0.00  -0.00   2.50   2.54 |  -0.00   0.00   0.50
  5  0.80  1.0  0.0133    -7.154  3.3E-08   1.14 |  -0.61   0.61   0.50   1.65 |  -0.34   0.34   0.17
  6  0.06  1.0  0.0012    -4.723  1.1E-04   0.47 |  -0.34   0.34   0.50   2.21 |  -0.45   0.45   0.40
 12  0.56  1.0  0.0009    -3.719  1.1E-04   0.39 |   0.34  -0.34   0.50   2.09 |  -0.29   0.29   0.08
  7  0.68  1.0  0.0000    -2.252  3.6E-08   0.10 |   0.00  -0.00  -1.49   1.97 |   0.00  -0.00   0.35
 20 -0.76  1.0  0.0000    -0.908  3.7E-06   0.05 |  -1.09   1.09   0.50   3.00 |  -0.36   0.36   0.23
 13 -0.68  1.0  0.0000    -0.305  4.6E-06   0.01 |  -0.01   0.01  -1.49   2.64 |   0.00  -0.00  -0.42
 18 -0.30  1.0  0.0000     0.426  1.2E-05   0.01 |   0.00  -0.00   0.47   1.77 |  -0.01   0.01  -0.47
 17 -0.05  1.0  0.0000     0.589  4.2E-04   0.01 |   0.04  -0.04  -1.46   2.79 |   0.00  -0.00  -0.42
 14 -0.16  1.0  0.0000     1.095  7.8E-04   0.01 |   0.45  -0.45   1.04   2.58 |   0.42  -0.42   0.49
 15 -0.22  1.0  0.0000     1.397  7.8E-04   0.01 |  -0.66   0.66   0.50   2.15 |  -0.47   0.47   0.43
  8  0.42  1.0  0.0000     1.508  7.9E-04   0.00 |  -0.16   0.17   0.51   2.46 |  -0.03   0.04  -0.43
 19 -0.64  1.0  0.0000     1.845  2.3E-02   0.00 |   0.02  -0.02   0.91   2.62 |   0.26  -0.26   0.43
 16 -0.74  1.0  0.0000     3.153  3.3E-03   0.00 |   0.01  -0.01  -3.20   3.65 |  -0.01   0.01  -0.48
____________________________________________________________________________________________________
   Proton  wavefunctions
  i     P   Rz   occ       E        d2h    Delta |   JxT    JyT    Jz      J   |   SxT    SyT    Sz
----------------------------------------------------------------------------------------------------
 21  0.99  1.0  1.0000   -30.742  1.2E-09   0.00 |  -0.50   0.50   0.50   0.52 |  -0.50   0.50   0.50
 29 -0.99  1.0  1.0000   -19.890  6.0E-09   0.02 |  -0.87   0.87   0.50   1.46 |  -0.45   0.45   0.40
 30 -0.98  1.0  0.9999   -17.426  7.5E-10   0.19 |  -0.00   0.00  -1.50   1.53 |   0.00   0.00  -0.50
 31 -0.91  1.0  0.9773   -12.780  6.0E-09   1.52 |   0.30  -0.30   0.50   0.79 |  -0.06   0.06  -0.39
 22  0.86  1.0  0.7156    -8.782  1.6E-08   1.81 |  -1.13   1.13   0.50   2.21 |  -0.41   0.41   0.32
 23  0.97  1.0  0.2492    -6.917  4.3E-09   1.71 |  -0.00   0.00  -1.50   2.50 |  -0.00   0.00  -0.42
 24  0.95  1.0  0.0392    -4.680  3.8E-10   1.36 |   0.00  -0.00   2.50   2.54 |   0.00  -0.00   0.50
 25  0.56  1.0  0.0137    -3.386  1.4E-06   1.04 |  -0.63   0.63   0.50   2.04 |  -0.35   0.35   0.20
 40 -0.02  1.0  0.0025    -2.076  1.5E-06   0.49 |  -0.57   0.57   0.50   2.41 |  -0.49   0.49   0.49
 26  0.82  1.0  0.0025    -0.186  9.8E-09   0.69 |   0.61  -0.61   0.50   1.67 |  -0.23   0.23  -0.03
 27  0.66  1.0  0.0001     1.357  5.3E-06   0.14 |   0.00  -0.00  -1.39   2.00 |   0.05  -0.05   0.34
 37 -0.24  1.0  0.0000     1.994  1.8E-04   0.04 |   0.08  -0.08  -1.47   2.25 |   0.00  -0.01  -0.48
 28  0.05  1.0  0.0000     2.234  1.4E-03   0.06 |   0.05  -0.05   0.47   1.88 |  -0.01   0.01  -0.48
 38 -0.56  1.0  0.0000     2.397  8.0E-03   0.05 |  -0.73   0.73   0.50   2.79 |  -0.26   0.26   0.03
 39 -0.61  1.0  0.0000     2.563  2.1E-03   0.02 |   0.42  -0.42   0.46   2.31 |   0.45  -0.45   0.45
 33  0.28  1.0  0.0000     2.810  2.3E-03   0.01 |   0.44  -0.45  -1.04   2.82 |   0.12  -0.12  -0.23
 34  0.67  1.0  0.0000     3.022  1.0E-03   0.02 |  -0.04   0.04   0.08   2.22 |   0.36  -0.36   0.30
 32 -0.03  1.0  0.0000     3.133  8.1E-03   0.02 |  -0.26   0.26   0.51   2.39 |  -0.12   0.13  -0.25
 35 -0.24  1.0  0.0000     3.687  1.5E-03   0.03 |  -0.78   0.78   0.50   2.31 |  -0.48   0.48   0.46
 36 -0.47  1.0  0.0000     5.708  3.2E-02   0.00 |   0.00   0.01  -2.71   3.92 |  -0.00   0.02  -0.48
----------------------------------------------------------------------------------------------------
--------------------- Canonical basis  -------------------------------------------------------------
____________________________________________________________________________________________________
   Neutron wavefunctions
  i     P   Rz   occ       E        d2h    Delta |   JxT    JyT    Jz      J   |   SxT    SyT    Sz
----------------------------------------------------------------------------------------------------
 20  0.99  1.0  2.0000   -35.263  0.0E+00   0.00 |  -0.50   0.50   0.50   0.52 |  -0.50   0.50   0.50
 19 -0.99  1.0  2.0000   -24.220  0.0E+00   0.01 |  -0.87   0.87   0.50   1.46 |  -0.45   0.45   0.40
 18 -0.98  1.0  1.9999   -21.782  0.0E+00   0.14 |  -0.00   0.00  -1.50   1.53 |  -0.00  -0.00  -0.50
 17 -0.92  1.0  1.9617   -17.048  0.0E+00   1.43 |   0.31  -0.31   0.50   0.77 |  -0.06   0.06  -0.39
 16  0.89  1.0  1.4433   -12.890  0.0E+00   1.73 |  -1.16   1.16   0.50   2.22 |  -0.41   0.41   0.31
 15  0.97  1.0  0.4926   -11.074  0.0E+00   1.63 |  -0.00   0.00  -1.50   2.50 |  -0.00   0.00  -0.42
 14  0.95  1.0  0.0718    -8.817  0.0E+00   1.29 |   0.00  -0.00   2.50   2.54 |  -0.00   0.00   0.50
 13  0.82  1.0  0.0272    -7.056  0.0E+00   1.19 |  -0.41   0.41   0.50   1.66 |  -0.27   0.27   0.04
 12  0.72  1.0  0.0029    -4.506  0.0E+00   0.57 |   0.23  -0.23   0.50   1.45 |  -0.37   0.37   0.25
 11 -0.19  1.0  0.0005    -3.911  0.0E+00   0.26 |  -0.59   0.59   0.50   2.67 |  -0.41   0.41   0.33
 10  0.65  1.0  0.0001    -2.248  0.0E+00   0.10 |  -0.01   0.01  -1.50   2.01 |   0.00  -0.00   0.34
  9 -0.70  1.0  0.0000    -1.023  0.0E+00   0.01 |  -0.95   0.95   0.50   3.04 |  -0.39   0.39   0.27
  8 -0.65  1.0  0.0000    -0.158  0.0E+00   0.01 |   0.02  -0.02  -1.49   3.01 |   0.00  -0.00  -0.34
  5 -0.06  1.0  0.0000     0.454  0.0E+00   0.00 |   0.05   0.01  -1.47   2.35 |   0.02   0.02  -0.48
  4 -0.60  1.0  0.0000     0.641  0.0E+00   0.00 |  -0.47   0.41   0.45   1.98 |  -0.09   0.05  -0.36
  6 -0.29  1.0  0.0000     1.306  0.0E+00   0.00 |  -0.30   0.30   0.49   2.01 |  -0.42   0.42   0.34
  2  0.80  1.0  0.0000     1.399  0.0E+00   0.00 |  -0.05   0.05   0.49   2.42 |  -0.01   0.02  -0.47
  7  0.06  1.0  0.0000     1.435  0.0E+00   0.00 |   0.03  -0.03   1.65   2.90 |   0.22  -0.22   0.45
  1 -0.84  1.0  0.0000     1.490  0.0E+00   0.00 |   0.45  -0.45   0.31   2.29 |   0.46  -0.46   0.46
  3 -0.73  1.0  0.0000     3.128  0.0E+00   0.00 |   0.02  -0.02  -3.16   3.63 |  -0.02   0.02  -0.47
____________________________________________________________________________________________________
   Proton  wavefunctions
  i     P   Rz   occ       E        d2h    Delta |   JxT    JyT    Jz      J   |   SxT    SyT    Sz
----------------------------------------------------------------------------------------------------
 40  0.99  1.0  2.0000   -30.742  0.0E+00   0.00 |  -0.50   0.50   0.50   0.52 |  -0.50   0.50   0.50
 39 -0.99  1.0  2.0000   -19.890  0.0E+00   0.02 |  -0.87   0.87   0.50   1.47 |  -0.45   0.45   0.40
 38 -0.98  1.0  1.9998   -17.426  0.0E+00   0.19 |  -0.00   0.00  -1.50   1.53 |   0.00  -0.00  -0.50
 37 -0.91  1.0  1.9546   -12.780  0.0E+00   1.52 |   0.31  -0.31   0.50   0.78 |  -0.06   0.06  -0.39
 36  0.88  1.0  1.4316    -8.780  0.0E+00   1.82 |  -1.14   1.14   0.50   2.22 |  -0.41   0.41   0.32
 35  0.97  1.0  0.4985    -6.917  0.0E+00   1.71 |  -0.00   0.00  -1.50   2.50 |  -0.00   0.00  -0.42
 34  0.95  1.0  0.0784    -4.679  0.0E+00   1.36 |   0.00  -0.00   2.50   2.54 |  -0.00   0.00   0.50
 33  0.83  1.0  0.0313    -3.082  0.0E+00   1.24 |  -0.38   0.38   0.50   1.67 |  -0.25   0.25   0.00
 31 -0.21  1.0  0.0017    -1.610  0.0E+00   0.37 |  -0.59   0.59   0.50   2.82 |  -0.45   0.45   0.40
 32  0.76  1.0  0.0039    -0.820  0.0E+00   0.63 |   0.26  -0.26   0.50   1.41 |  -0.37   0.37   0.24
 30  0.65  1.0  0.0001     1.418  0.0E+00   0.15 |  -0.00   0.00  -1.49   2.02 |   0.00  -0.00   0.35
 29 -0.73  1.0  0.0000     2.324  0.0E+00   0.04 |  -0.93   0.93   0.50   2.95 |  -0.37   0.37   0.23
 28 -0.67  1.0  0.0000     2.365  0.0E+00   0.01 |   0.00  -0.00  -1.48   2.46 |   0.01  -0.00  -0.46
 27 -0.60  1.0  0.0000     2.383  0.0E+00   0.00 |   0.08  -0.09   0.51   1.80 |  -0.02   0.02  -0.46
 26  0.80  1.0  0.0000     2.408  0.0E+00   0.00 |   0.22  -0.22  -1.44   2.66 |   0.02  -0.01  -0.46
 23  0.13  1.0  0.0000     2.617  0.0E+00   0.00 |   0.29  -0.29   0.58   2.28 |   0.47  -0.47   0.47
 21 -0.17  1.0  0.0000     2.938  0.0E+00   0.00 |   0.40  -0.39   0.47   2.20 |   0.49  -0.49   0.48
 24  0.65  1.0  0.0000     3.055  0.0E+00   0.00 |  -0.16   0.15   0.45   2.40 |  -0.05   0.04  -0.40
 25 -0.14  1.0  0.0000     3.606  0.0E+00   0.00 |  -0.63   0.63   0.46   2.27 |  -0.45   0.45   0.40
 22 -0.45  1.0  0.0000     5.652  0.0E+00   0.00 |   0.01  -0.00  -2.65   3.89 |   0.00   0.02  -0.48
----------------------------------------------------------------------------------------------------
---------------------------------Quasiparticles---------------------------------
Block 1:  P=+1  neutrons
  N      Eqp       f_n      |   U   V  |   B  P  ov_TR |    JxT    JyT    Jz
________________________________________________________________________________
  1    -23.23      0.00E+00 |    1   0 |   -  -  0.000 |    0.00   0.00   0.50
  2    -15.19      0.00E+00 |    0  16 |   -  -  0.000 |    0.00   0.00   3.20
  3    -13.88      0.00E+00 |    0  19 |   -  -  0.000 |    0.00   0.00  -0.91
  4    -13.54      0.00E+00 |    0   8 |   -  -  0.000 |    0.00   0.00  -0.51
  5    -13.43      0.00E+00 |    0  15 |   -  -  0.000 |    0.00   0.00  -0.50
  6    -13.13      0.00E+00 |    0  14 |   -  -  0.000 |    0.00   0.00  -1.04
  7    -12.62      0.00E+00 |    0  17 |   -  -  0.000 |    0.00   0.00   1.46
  8    -12.46      0.00E+00 |    0  18 |   -  -  0.000 |    0.00   0.00  -0.47
  9    -12.19      0.00E+00 |    9   0 |   -  -  0.000 |    0.00   0.00   0.50
 10    -11.73      0.00E+00 |    0  13 |   -  -  0.000 |    0.00   0.00   1.49
 11    -11.13      0.00E+00 |    0  20 |   -  -  0.000 |    0.00   0.00  -0.50
 12     -9.78      0.00E+00 |   10   7 |   -  -  0.000 |    0.00   0.00   1.39
 13     -9.75      0.00E+00 |   10   7 |   -  -  0.000 |    0.00   0.00  -1.40
 14     -8.33      0.00E+00 |    0  12 |   -  -  0.000 |    0.00   0.00  -0.50
 15     -7.33      0.00E+00 |    0   6 |   -  -  0.000 |    0.00   0.00  -0.50
 16     -5.22      0.00E+00 |   11  11 |   -  -  0.000 |    0.00   0.00   0.47
 17     -5.01      0.00E+00 |   11   5 |   -  -  0.000 |    0.00   0.00  -0.47
 18     -3.47      0.00E+00 |    4   4 |   -  -  0.000 |    0.00   0.00  -2.32
 19     -1.93      0.00E+00 |    2   2 |   -  -  0.000 |    0.00   0.00   0.22
 20     -1.89      0.00E+00 |    3   3 |   -  -  0.000 |    0.00   0.00   0.76
 21      1.89      1.00E+00 |    3   3 |   -  -  0.000 |    0.00   0.00  -0.76
 22      1.93      1.00E+00 |    2   2 |   -  -  0.000 |    0.00   0.00  -0.22
 23      3.47      1.00E+00 |    4   4 |   -  -  0.000 |    0.00   0.00   2.32
 24      5.01      1.00E+00 |    5  11 |   -  -  0.000 |    0.00   0.00   0.47
 25      5.22      1.00E+00 |   11  11 |   -  -  0.000 |    0.00   0.00  -0.47
 26      7.33      1.00E+00 |    6   0 |   -  -  0.000 |    0.00   0.00   0.50
 27      8.33      1.00E+00 |   12   0 |   -  -  0.000 |    0.00   0.00   0.50
 28      9.75      1.00E+00 |    7  10 |   -  -  0.000 |    0.00   0.00   1.40
 29      9.78      1.00E+00 |    7  10 |   -  -  0.000 |    0.00   0.00  -1.39
 30     11.13      1.00E+00 |   20   0 |   -  -  0.000 |    0.00   0.00   0.50
 31     11.73      1.00E+00 |   13   0 |   -  -  0.000 |    0.00   0.00  -1.49
 32     12.19      1.00E+00 |    0   9 |   -  -  0.000 |    0.00   0.00  -0.50
 33     12.46      1.00E+00 |   18   0 |   -  -  0.000 |    0.00   0.00   0.47
 34     12.62      1.00E+00 |   17   0 |   -  -  0.000 |    0.00   0.00  -1.46
 35     13.13      1.00E+00 |   14   0 |   -  -  0.000 |    0.00   0.00   1.04
 36     13.43      1.00E+00 |   15   0 |   -  -  0.000 |    0.00   0.00   0.50
 37     13.54      1.00E+00 |    8   0 |   -  -  0.000 |    0.00   0.00   0.51
 38     13.88      1.00E+00 |   19   0 |   -  -  0.000 |    0.00   0.00   0.91
 39     15.19      1.00E+00 |   16   0 |   -  -  0.000 |    0.00   0.00  -3.20
 40     23.23      1.00E+00 |    0   1 |   -  -  0.000 |    0.00   0.00  -0.50

Block 5:  P=+1   protons
  N      Eqp       f_n      |   U   V  |   B  P  ov_TR |    JxT    JyT    Jz
________________________________________________________________________________
  1    -22.83      0.00E+00 |   21   0 |   -  -  0.000 |    0.00   0.00   0.50
  2    -13.62      0.00E+00 |    0  36 |   -  -  0.000 |    0.00   0.00   2.71
  3    -11.98      0.00E+00 |   29   0 |   -  -  0.000 |    0.00   0.00   0.50
  4    -11.60      0.00E+00 |    0  35 |   -  -  0.000 |    0.00   0.00  -0.50
  5    -11.04      0.00E+00 |    0  32 |   -  -  0.000 |    0.00   0.00  -0.51
  6    -10.93      0.00E+00 |    0  34 |   -  -  0.000 |    0.00   0.00  -0.08
  7    -10.72      0.00E+00 |    0  33 |   -  -  0.000 |    0.00   0.00   1.04
  8    -10.47      0.00E+00 |    0  39 |   -  -  0.000 |    0.00   0.00  -0.46
  9    -10.31      0.00E+00 |    0  38 |   -  -  0.000 |    0.00   0.00  -0.50
 10    -10.14      0.00E+00 |    0  28 |   -  -  0.000 |    0.00   0.00  -0.47
 11     -9.90      0.00E+00 |    0  37 |   -  -  0.000 |    0.00   0.00   1.47
 12     -9.52      0.00E+00 |   30   0 |   -  -  0.000 |    0.00   0.00  -1.50
 13     -9.27      0.00E+00 |    0  27 |   -  -  0.000 |    0.00   0.00   1.38
 14     -7.76      0.00E+00 |    0  26 |   -  -  0.000 |    0.00   0.00  -0.50
 15     -5.87      0.00E+00 |    0  40 |   -  -  0.000 |    0.00   0.00  -0.49
 16     -5.10      0.00E+00 |   31  31 |   -  -  0.000 |    0.00   0.00   0.47
 17     -4.66      0.00E+00 |   25  25 |   -  -  0.000 |    0.00   0.00  -0.48
 18     -3.51      0.00E+00 |   24  24 |   -  -  0.000 |    0.00   0.00  -2.30
 19     -2.00      0.00E+00 |   22  22 |   -  -  0.000 |    0.00   0.00   0.21
 20     -1.98      0.00E+00 |   23  23 |   -  -  0.000 |    0.00   0.00   0.75
 21      1.98      1.00E+00 |   23  23 |   -  -  0.000 |    0.00   0.00  -0.75
 22      2.00      1.00E+00 |   22  22 |   -  -  0.000 |    0.00   0.00  -0.21
 23      3.51      1.00E+00 |   24  24 |   -  -  0.000 |    0.00   0.00   2.30
 24      4.66      1.00E+00 |   25  25 |   -  -  0.000 |    0.00   0.00   0.48
 25      5.10      1.00E+00 |   31  31 |   -  -  0.000 |    0.00   0.00  -0.47
 26      5.87      1.00E+00 |   40   0 |   -  -  0.000 |    0.00   0.00   0.49
 27      7.76      1.00E+00 |   26   0 |   -  -  0.000 |    0.00   0.00   0.50
 28      9.27      1.00E+00 |   27   0 |   -  -  0.000 |    0.00   0.00  -1.38
 29      9.52      1.00E+00 |    0  30 |   -  -  0.000 |    0.00   0.00   1.50
 30      9.90      1.00E+00 |   37   0 |   -  -  0.000 |    0.00   0.00  -1.47
 31     10.14      1.00E+00 |   28   0 |   -  -  0.000 |    0.00   0.00   0.47
 32     10.31      1.00E+00 |   38   0 |   -  -  0.000 |    0.00   0.00   0.50
 33     10.47      1.00E+00 |   39   0 |   -  -  0.000 |    0.00   0.00   0.46
 34     10.72      1.00E+00 |   33   0 |   -  -  0.000 |    0.00   0.00  -1.04
 35     10.93      1.00E+00 |   34   0 |   -  -  0.000 |    0.00   0.00   0.08
 36     11.04      1.00E+00 |   32   0 |   -  -  0.000 |    0.00   0.00   0.51
 37     11.60      1.00E+00 |   35   0 |   -  -  0.000 |    0.00   0.00   0.50
 38     11.98      1.00E+00 |    0  29 |   -  -  0.000 |    0.00   0.00  -0.50
 39     13.62      1.00E+00 |   36   0 |   -  -  0.000 |    0.00   0.00  -2.71
 40     22.83      1.00E+00 |    0  21 |   -  -  0.000 |    0.00   0.00  -0.50

--------------------------------------------------------------------------------
---------------- Electric Multipole Moments -----------------
Quantisation Axis             : Z
  With secondary axis ordering: X,Y
______________________________________________________________
                     Neutrons        Protons         Total
______________________________________________________________
 Particles           10.0000         10.0000         20.0000

Re  Q_{ 1 0}         -0.0233          0.0233         -0.0000
Constrained                                           0.0000
Re De_{ 1 0}                                   0.6288037E-05
Re La_{ 1 0}                                         -0.4218

Re  Q_{ 2 0}         10.4300         10.9708         21.4008
Re  Q_{ 2 2}         -0.0000         -0.0000         -0.0000

Re  Q_{ 3 0}         23.1522         26.8472         49.9994
Constrained                                          50.0000
Re De_{ 3 0}                                   0.6447590E-03
Re La_{ 3 0}                                          0.0570
Re  Q_{ 3 2}         -0.0000          0.0000          0.0000

Re  Q_{ 4 0}         84.3555        102.5435        186.8990
Re  Q_{ 4 2}         -0.0000         -0.0001         -0.0001
Re  Q_{ 4 4}          0.0191          0.0220          0.0411

Re  Q_{ 5 0}        354.5559        470.0037        824.5596
Re  Q_{ 5 2}         -0.0000          0.0002          0.0002
Re  Q_{ 5 4}         -0.1121         -0.1801         -0.2922

Re  Q_{ 6 0}       1469.3477       2203.2536       3672.6013
Re  Q_{ 6 2}         -0.0014          0.0007         -0.0007
Re  Q_{ 6 4}          0.9369          1.4123          2.3492
Re  Q_{ 6 6}          0.0001         -0.0009         -0.0008

Re  Q_{ 7 0}       6382.3599      10002.4160      16384.7759
Re  Q_{ 7 2}         -0.0060         -0.0110         -0.0170
Re  Q_{ 7 4}         -1.8608         -5.1719         -7.0327
Re  Q_{ 7 6}          0.0000          0.0159          0.0159

Re  Q_{ 8 0}      33673.3605      57990.7715      91664.1320
Re  Q_{ 8 2}          0.0339          0.1360          0.1699
Re  Q_{ 8 4}          0.1420         -8.5974         -8.4554
Re  Q_{ 8 6}          0.0215         -0.0088          0.0127
Re  Q_{ 8 8}        -22.7675        -28.2288        -50.9963

Re  Q_{ 9 0}     151590.8517     266619.1098     418209.9616
Re  Q_{ 9 2}         -0.2731         -0.5115         -0.7846
Re  Q_{ 9 4}        475.7726        796.1977       1271.9702
Re  Q_{ 9 6}         -0.0555         -0.2837         -0.3392
Re  Q_{ 9 8}        163.6335        -33.8181        129.8154

Re  Q_{10 0}     822088.0295    1521846.3921    2343934.4216
Re  Q_{10 2}         -0.4904         -2.5560         -3.0463
Re  Q_{10 4}        632.1921      11516.2728      12148.4649
Re  Q_{10 6}          0.1894          7.3344          7.5238
Re  Q_{10 8}      -1492.6892       9424.9021       7932.2129
Re  Q_{1010}         -0.1914          2.6692          2.4779

 RMS radius           2.8797          2.9843          2.9325
______________________________________________________________
                     Neutrons        Protons         Total
______________________________________________________________


Beta_{ 2 0}       0.20588691      0.21656138      0.42244829
Beta_{ 2 2}      -0.00000001     -0.00000002     -0.00000002

Beta_{ 3 0}       0.14030599      0.16269865      0.30300464
Beta_{ 3 2}      -0.00000001      0.00000007      0.00000006

Beta_{ 4 0}       0.15694243      0.19078098      0.34772340
Beta_{ 4 2}      -0.00000007     -0.00000013     -0.00000021
Beta_{ 4 4}       0.00003553      0.00004089      0.00007642

Beta_{ 5 0}       0.20251343      0.26845426      0.47096769
Beta_{ 5 2}      -0.00000000      0.00000014      0.00000014
Beta_{ 5 4}      -0.00006402     -0.00010288     -0.00016689

Beta_{ 6 0}       0.25765330      0.38634530      0.64399861
Beta_{ 6 2}      -0.00000024      0.00000012     -0.00000012
Beta_{ 6 4}       0.00016429      0.00024765      0.00041194
Beta_{ 6 6}       0.00000002     -0.00000016     -0.00000014

Beta_{ 7 0}       0.34358526      0.53846583      0.88205109
Beta_{ 7 2}      -0.00000032     -0.00000059     -0.00000091
Beta_{ 7 4}      -0.00010018     -0.00027842     -0.00037860
Beta_{ 7 6}       0.00000000      0.00000086      0.00000086

Beta_{ 8 0}       0.55652129      0.95841634      1.51493763
Beta_{ 8 2}       0.00000056      0.00000225      0.00000281
Beta_{ 8 4}       0.00000235     -0.00014209     -0.00013974
Beta_{ 8 6}       0.00000036     -0.00000015      0.00000021
Beta_{ 8 8}      -0.00037628     -0.00046654     -0.00084282

Beta_{ 9 0}       0.76914887      1.35278471      2.12193358
Beta_{ 9 2}      -0.00000139     -0.00000260     -0.00000398
Beta_{ 9 4}       0.00241400      0.00403979      0.00645378
Beta_{ 9 6}      -0.00000028     -0.00000144     -0.00000172
Beta_{ 9 8}       0.00083025     -0.00017159      0.00065866

Beta_{10 0}       1.28055379      2.37055655      3.65111034
Beta_{10 2}      -0.00000076     -0.00000398     -0.00000475
Beta_{10 4}       0.00098476      0.01793872      0.01892348
Beta_{10 6}       0.00000030      0.00001142      0.00001172
Beta_{10 8}      -0.00232514      0.01468102      0.01235589
Beta_{1010}      -0.00000030      0.00000416      0.00000386

______________________________________________________________
                     Neutrons        Protons         Total
______________________________________________________________
Q_{ 1}                0.0233          0.0233          0.0000
Q_{ 2}               10.4300         10.9708         21.4008
Q_{ 3}               23.1522         26.8472         49.9994
Q_{ 4}               84.3555        102.5435        186.8990
Q_{ 5}              354.5560        470.0037        824.5597
Q_{ 6}             1469.3483       2203.2545       3672.6028
Q_{ 7}             6382.3605      10002.4187      16384.7790
Q_{ 8}            33673.3759      57990.7865      91664.1612
Q_{ 9}           151592.5216     266621.4918     418213.8705
Q_{10}           822091.2260    1521991.9014    2344024.2284
______________________________________________________________
                     Neutrons        Protons         Total
______________________________________________________________
Beta_{   1}       0.00149859      0.00149819      0.00000040
Beta_{   2}       0.20588691      0.21656138      0.42244829
Beta_{   3}       0.14030599      0.16269865      0.30300464
Beta_{   4}       0.15694244      0.19078098      0.34772342
Beta_{   5}       0.20251345      0.26845430      0.47096775
Beta_{   6}       0.25765341      0.38634546      0.64399887
Beta_{   7}       0.34358529      0.53846597      0.88205125
Beta_{   8}       0.55652155      0.95841659      1.51493811
Beta_{   9}       0.76915734      1.35279680      2.12195341
Beta_{  10}       1.28055877      2.37078321      3.65125023
______________________________________________________________
 Cart. Moments X              Y              Z
 Cart. N      -16.5350646    -16.5350626     33.0701271
 Cart. P      -17.3923484    -17.3923425     34.7846909
 Cart. T      -33.9274130    -33.9274050     67.8548180
 (Q, gamma)    Q              Gamma
 (Q,g) N       33.0701271     -0.0000020
 (Q,g) P       34.7846909     -0.0000057
 (Q,g) T       67.8548180     -0.0000039
 (iq1, iq2)    iq1            iq2
 iq    N       33.0701278     -0.0000013
 iq    P       34.7846929     -0.0000040
 iq    T       67.8548207     -0.0000053
               X^2            Y^2            Z^2
 X^2_i N       22.1305523     22.1305529     38.6656162
 X^2_i P       22.6042583     22.6042603     39.9966048
 X^2_i T       44.7348106     44.7348132     78.6622209
------------------------------------------------------------
------------------------- Angular Momentum (hbar) --------------------------

               Spwfs(*)    Desired     Omega       E (MeV)      Densit. 
  __________________________________________________________________________
   J_x   |     0.00000     0.00000     0.00000     0.00000     0.00000
   J_y   |     0.00000     0.00000     0.00000     0.00000     0.00000
   J_z   |     0.00000     0.00000     0.00000     0.00000     0.00000
  __________________________________________________________________________
   Size  |     0.00000     0.00000     0.00000                 0.00000
  --------------------------------------------------------------------------
---------------------Rotational properties--------------------
                Rigid rotor          (hbar^2/MeV)
              n              p              t 
 I_R X       1.4659910      1.5095081      2.9754991
 I_R Y       1.4659910      1.5095080      2.9754990
 I_R Z       1.0672775      1.0901227      2.1574002

                Belyaev                 (hbar^2/MeV) 
              n              p              t 
 I_B X       0.6094411      0.5853950      1.1948361
 I_B Y       0.6094412      0.5853950      1.1948362
 I_B Z       0.0000192      0.0000278      0.0000470

                Belyaev (collective)    (hbar^2/MeV) 
              n              p              t 
 I_B X       0.6094411      0.5853950      1.1948361
 I_B Y       0.6094412      0.5853950      1.1948362
 I_B Z       0.0000192      0.0000278      0.0000470

                 <J^2> - <J>^2          (hbar^2)
              n              p              t 
 J2_X        1.5697136      1.5738673      3.1435809
 J2_Y        1.5697137      1.5738677      3.1435815
 J2_Z        0.0001274      0.0001745      0.0003019
 J2_t        3.1395548      3.1479096      6.2874643

                 <J^2> - <J>^2 (coll.)  (hbar^2)
              n              p              t 
 J2_X        1.5697136      1.5738673      3.1435809
 J2_Y        1.5697137      1.5738677      3.1435815
 J2_Z        0.0001274      0.0001745      0.0003019
 J2_t        3.1395548      3.1479096      6.2874643
-------------------------- Pairing -------------------------
                          N         P 
 Fermi Level (MeV)    -12.03330365    -7.91064537
 Particles             10.00000000    10.00000000
 Dispersion             1.81894240     1.87011681
 Average gap   v^2      0.65403097     0.69867230
 Average gap   uv       1.49997971     1.55409895
------------------------------------------------------------
--------------------------------------------------------------------------------
 Skyrme Energy 
                                    Isoscalar      Isovector   |   Total
--------------------------------------------------------------------------------
  E_D_I_I_D_I_I                  -1295.218643       0.051428   -1295.167215
  E_D_I_I_D_Nm_Nm                   27.744586      -0.003028      27.741558
  E_D_I_I_Lap_D_I_I                 58.131999       0.001405      58.133403
  E_D_I_I_D_I_I_DD                 735.714418      -0.026125     735.688294
  E_C_I_NmSk_C_I_NmSk                0.000000       0.000000       0.000000
  E_D_I_I_Derm_C_I_NxmSxm          -10.761860      -0.000444     -10.762303
  E_DP_I_I_DP_I_I                                                 -4.325712
--------------------------------------------------------------------------------
                 Total Skyrme:                                  -488.691976
                    time-even:                                  -488.691976
                    time-odd :                                     0.000000
--------------------------------------------------------------------------------
--------------------------------------------------------------------------------
                                     neutron        proton         total
                Kinetic Energy:     162.457584     159.134641     321.592225
                    COM 1-body:      -8.122879      -7.956732     -16.079611
                    COM 2-body:       3.212646       3.160820       6.373466
                            ph:       3.187985       3.131977       6.319962
                            pp:       0.024662       0.028842       0.053504
                 Collective T:                                     -2.447833

                 Rotational  T:                                    -2.447833
                 Rotational  X:                                    -1.223402
                 Rotational  Y:                                    -1.223402
                 Rotational  Z:                                    -0.001029

                 Vibrational T:                                     0.000000
                 Vibrational X:                                    -0.000000
                 Vibrational Y:                                    -0.000000
                 Vibrational Z:                                    -0.000000


                Coulomb Direct:       0.000000      23.427223      23.427223
                      Exchange:       0.000000       0.000000       0.000000

               Pairing (delta):      -2.078760      -2.246975      -4.325735
               Pairing (densi):                                    -4.325712
--------------------------------------------------------------------------------
                  Total energy:                                  -155.826506
                    from spwfs:                                  -155.826501
                   E_fu - E_sp:                                -0.532025E-05
                   (no corr.) :                                  -159.752139
                      Routhian:                                  -157.222297
                         dE   :                                 0.160034E-03
                         dR   :                                 0.161376E-03
--------------------------------------------------------------------------------
--------------------------------------------------------------------------------
 Iteration =  191
 dt  =   0.0248      mu  =   0.8302 gradn=    0.000E+00 D2H =    3.083E-08
 E   =   -155.826    DE  =  0.50149E-07
 R   =   -157.222    DR  =  0.58555E-07
 R-E =     -1.396  D(R-E)=  0.89304E-08
 dmun= -1.8E-07      dmup= -3.3E-06
 RQ10=     -0.0000   dQ =-3.4E-05  L =     -0.4218   dL =-3.5E-06  dev = 6.2E-06
 RQ20=     21.4009   dQ =-5.0E-05  L =      0.0000   dL = 0.0E+00  dev = 0.0E+00
 RQ22=     -0.0000   dQ =-4.9E-08  L =      0.0000   dL = 0.0E+00  dev = 0.0E+00
 RQ30=     49.9994   dQ =-8.1E-04  L =      0.0570   dL =-1.0E-07  dev = 6.3E-04
 Jz  =    0.000      dJZ =  0.0E+00
--------------------------------------------------------------------------------
 Iteration =  192
 dt  =   0.0248      mu  =   0.8302 gradn=    0.000E+00 D2H =    2.965E-08
 E   =   -155.826    DE  =  0.49462E-07
 R   =   -157.222    DR  =  0.57281E-07
 R-E =     -1.396  D(R-E)=  0.83318E-08
 dmun= -1.2E-07      dmup= -3.3E-06
 RQ10=     -0.0000   dQ =-3.4E-05  L =     -0.4218   dL =-3.5E-06  dev = 6.0E-06
 RQ20=     21.4010   dQ =-4.9E-05  L =      0.0000   dL = 0.0E+00  dev = 0.0E+00
 RQ22=     -0.0000   dQ =-5.1E-08  L =      0.0000   dL = 0.0E+00  dev = 0.0E+00
 RQ30=     49.9994   dQ =-7.9E-04  L =      0.0570   dL =-1.0E-07  dev = 6.2E-04
 Jz  =    0.000      dJZ =  0.0E+00
--------------------------------------------------------------------------------
 Iteration =  193
 dt  =   0.0248      mu  =   0.8302 gradn=    0.000E+00 D2H =    2.853E-08
 E   =   -155.826    DE  =  0.47680E-07
 R   =   -157.222    DR  =  0.55666E-07
 R-E =     -1.396  D(R-E)=  0.84845E-08
 dmun= -1.0E-07      dmup= -3.3E-06
 RQ10=     -0.0000   dQ =-3.3E-05  L =     -0.4218   dL =-3.4E-06  dev = 5.9E-06
 RQ20=     21.4010   dQ =-4.8E-05  L =      0.0000   dL = 0.0E+00  dev = 0.0E+00
 RQ22=     -0.0000   dQ =-5.2E-08  L =      0.0000   dL = 0.0E+00  dev = 0.0E+00
 RQ30=     49.9994   dQ =-7.7E-04  L =      0.0570   dL =-9.8E-08  dev = 6.0E-04
 Jz  =    0.000      dJZ =  0.0E+00
--------------------------------------------------------------------------------
 Iteration =  194
 dt  =   0.0248      mu  =   0.8302 gradn=    0.000E+00 D2H =    2.745E-08
 E   =   -155.826    DE  =  0.46819E-07
 R   =   -157.222    DR  =  0.54376E-07
 R-E =     -1.396  D(R-E)=  0.80438E-08
 dmun= -1.0E-07      dmup= -3.1E-06
 RQ10=     -0.0000   dQ =-3.2E-05  L =     -0.4218   dL =-3.3E-06  dev = 5.8E-06
 RQ20=     21.4011   dQ =-4.7E-05  L =      0.0000   dL = 0.0E+00  dev = 0.0E+00
 RQ22=     -0.0000   dQ =-5.4E-08  L =      0.0000   dL = 0.0E+00  dev = 0.0E+00
 RQ30=     49.9994   dQ =-7.5E-04  L =      0.0570   dL =-9.6E-08  dev = 5.9E-04
 Jz  =    0.000      dJZ =  0.0E+00
--------------------------------------------------------------------------------
 Iteration =  195
 dt  =   0.0248      mu  =   0.8302 gradn=    0.000E+00 D2H =    2.642E-08
 E   =   -155.826    DE  =  0.45280E-07
 R   =   -157.222    DR  =  0.52870E-07
 R-E =     -1.396  D(R-E)=  0.80633E-08
 dmun= -1.0E-07      dmup= -3.0E-06
 RQ10=     -0.0000   dQ =-3.2E-05  L =     -0.4218   dL =-3.2E-06  dev = 5.7E-06
 RQ20=     21.4011   dQ =-4.6E-05  L =      0.0000   dL = 0.0E+00  dev = 0.0E+00
 RQ22=     -0.0000   dQ =-5.6E-08  L =      0.0000   dL = 0.0E+00  dev = 0.0E+00
 RQ30=     49.9994   dQ =-7.4E-04  L =      0.0570   dL =-9.4E-08  dev = 5.7E-04
 Jz  =    0.000      dJZ =  0.0E+00
--------------------------------------------------------------------------------
 Iteration =  196
 dt  =   0.0248      mu  =   0.8302 gradn=    0.000E+00 D2H =    2.542E-08
 E   =   -155.826    DE  =  0.44467E-07
 R   =   -157.222    DR  =  0.51652E-07
 R-E =     -1.396  D(R-E)=  0.76470E-08
 dmun= -1.0E-07      dmup= -2.9E-06
 RQ10=     -0.0000   dQ =-3.1E-05  L =     -0.4218   dL =-3.2E-06  dev = 5.5E-06
 RQ20=     21.4012   dQ =-4.5E-05  L =      0.0000   dL = 0.0E+00  dev = 0.0E+00
 RQ22=     -0.0000   dQ =-5.7E-08  L =      0.0000   dL = 0.0E+00  dev = 0.0E+00
 RQ30=     49.9994   dQ =-7.2E-04  L =      0.0570   dL =-9.1E-08  dev = 5.6E-04
 Jz  =    0.000      dJZ =  0.0E+00
--------------------------------------------------------------------------------
 Iteration =  197
 dt  =   0.0248      mu  =   0.8302 gradn=    0.000E+00 D2H =    2.448E-08
 E   =   -155.826    DE  =  0.42985E-07
 R   =   -157.222    DR  =  0.50220E-07
 R-E =     -1.396  D(R-E)=  0.76855E-08
 dmun= -1.1E-07      dmup= -2.9E-06
 RQ10=     -0.0000   dQ =-3.0E-05  L =     -0.4219   dL =-3.1E-06  dev = 5.4E-06
 RQ20=     21.4013   dQ =-4.4E-05  L =      0.0000   dL = 0.0E+00  dev = 0.0E+00
 RQ22=     -0.0000   dQ =-5.9E-08  L =      0.0000   dL = 0.0E+00  dev = 0.0E+00
 RQ30=     49.9995   dQ =-7.0E-04  L =      0.0570   dL =-9.0E-08  dev = 5.5E-04
 Jz  =    0.000      dJZ =  0.0E+00
--------------------------------------------------------------------------------
 Iteration =  198
 dt  =   0.0248      mu  =   0.8302 gradn=    0.000E+00 D2H =    2.357E-08
 E   =   -155.826    DE  =  0.42407E-07
 R   =   -157.222    DR  =  0.49161E-07
 R-E =     -1.396  D(R-E)=  0.71948E-08
 dmun= -1.0E-07      dmup= -2.8E-06
 RQ10=     -0.0000   dQ =-2.9E-05  L =     -0.4219   dL =-3.0E-06  dev = 5.3E-06
 RQ20=     21.4013   dQ =-4.3E-05  L =      0.0000   dL = 0.0E+00  dev = 0.0E+00
 RQ22=     -0.0000   dQ =-6.3E-08  L =      0.0000   dL = 0.0E+00  dev = 0.0E+00
 RQ30=     49.9995   dQ =-6.9E-04  L =      0.0570   dL =-8.7E-08  dev = 5.3E-04
 Jz  =    0.000      dJZ =  0.0E+00
--------------------------------------------------------------------------------
 Iteration =  199
 dt  =   0.0248      mu  =   0.8302 gradn=    0.000E+00 D2H =    2.270E-08
 E   =   -155.826    DE  =  0.40810E-07
 R   =   -157.222    DR  =  0.47723E-07
 R-E =     -1.396  D(R-E)=  0.73402E-08
 dmun= -1.0E-07      dmup= -2.7E-06
 RQ10=     -0.0000   dQ =-2.9E-05  L =     -0.4219   dL =-3.0E-06  dev = 5.2E-06
 RQ20=     21.4014   dQ =-4.2E-05  L =      0.0000   dL = 0.0E+00  dev = 0.0E+00
 RQ22=     -0.0000   dQ =-6.5E-08  L =      0.0000   dL = 0.0E+00  dev = 0.0E+00
 RQ30=     49.9995   dQ =-6.7E-04  L =      0.0570   dL =-8.6E-08  dev = 5.2E-04
 Jz  =    0.000      dJZ =  0.0E+00
--------------------- Sp wavefunctions -------------------------------------------------------------
____________________________________________________________________________________________________
   Neutron wavefunctions
  i     P   Rz   occ       E        d2h    Delta |   JxT    JyT    Jz      J   |   SxT    SyT    Sz
----------------------------------------------------------------------------------------------------
  1  0.99  1.0  1.0000   -35.263  9.9E-10   0.00 |  -0.50   0.50   0.50   0.52 |  -0.50   0.50   0.50
  9 -0.99  1.0  1.0000   -24.220  4.6E-09   0.01 |  -0.87   0.87   0.50   1.46 |  -0.45   0.45   0.40
 10 -0.98  1.0  0.9999   -21.782  5.9E-10   0.14 |  -0.00   0.00  -1.50   1.53 |  -0.00  -0.00  -0.50
 11 -0.91  1.0  0.9809   -17.048  3.8E-09   1.43 |   0.31  -0.31   0.50   0.78 |  -0.06   0.06  -0.39
  2  0.88  1.0  0.7216   -12.890  1.3E-08   1.73 |  -1.15   1.15   0.50   2.22 |  -0.41   0.41   0.31
  3  0.97  1.0  0.2463   -11.074  3.2E-09   1.63 |  -0.00   0.00  -1.50   2.50 |  -0.00   0.00  -0.42
  4  0.95  1.0  0.0359    -8.817  2.8E-10   1.29 |   0.00  -0.00   2.50   2.54 |  -0.00   0.00   0.50
  5  0.80  1.0  0.0133    -7.154  2.0E-08   1.14 |  -0.61   0.61   0.50   1.65 |  -0.34   0.34   0.17
  6  0.06  1.0  0.0012    -4.723  6.6E-05   0.47 |  -0.34   0.34   0.50   2.21 |  -0.45   0.45   0.40
 12  0.56  1.0  0.0009    -3.719  6.6E-05   0.39 |   0.35  -0.35   0.50   2.08 |  -0.29   0.29   0.08
  7  0.68  1.0  0.0000    -2.252  2.1E-08   0.10 |   0.00  -0.00  -1.49   1.97 |   0.00  -0.00   0.35
 20 -0.76  1.0  0.0000    -0.909  1.7E-06   0.05 |  -1.09   1.09   0.50   3.00 |  -0.36   0.36   0.23
 13 -0.68  1.0  0.0000    -0.305  3.0E-06   0.01 |  -0.01   0.01  -1.49   2.64 |   0.00  -0.00  -0.42
 18 -0.30  1.0  0.0000     0.426  6.6E-06   0.01 |   0.00  -0.00   0.47   1.77 |  -0.01   0.01  -0.47
 17 -0.05  1.0  0.0000     0.589  3.2E-04   0.01 |   0.04  -0.04  -1.46   2.79 |   0.00  -0.00  -0.42
 14 -0.15  1.0  0.0000     1.095  5.9E-04   0.01 |   0.45  -0.45   1.03   2.58 |   0.42  -0.42   0.49
 15 -0.21  1.0  0.0000     1.397  7.4E-04   0.01 |  -0.66   0.66   0.50   2.15 |  -0.47   0.47   0.43
  8  0.42  1.0  0.0000     1.509  7.4E-04   0.00 |  -0.16   0.17   0.51   2.46 |  -0.03   0.04  -0.43
 19 -0.61  1.0  0.0000     1.835  2.3E-02   0.00 |   0.02  -0.02   0.85   2.59 |   0.27  -0.27   0.42
 16 -0.74  1.0  0.0000     3.152  3.3E-03   0.00 |   0.01  -0.01  -3.18   3.64 |  -0.01   0.01  -0.48
____________________________________________________________________________________________________
   Proton  wavefunctions
  i     P   Rz   occ       E        d2h    Delta |   JxT    JyT    Jz      J   |   SxT    SyT    Sz
----------------------------------------------------------------------------------------------------
 21  0.99  1.0  1.0000   -30.742  7.5E-10   0.00 |  -0.50   0.50   0.50   0.52 |  -0.50   0.50   0.50
 29 -0.99  1.0  1.0000   -19.890  3.8E-09   0.02 |  -0.87   0.87   0.50   1.46 |  -0.45   0.45   0.40
 30 -0.98  1.0  0.9999   -17.426  4.7E-10   0.19 |  -0.00   0.00  -1.50   1.53 |   0.00   0.00  -0.50
 31 -0.91  1.0  0.9773   -12.780  3.8E-09   1.52 |   0.30  -0.30   0.50   0.79 |  -0.06   0.06  -0.39
 22  0.86  1.0  0.7156    -8.782  9.9E-09   1.81 |  -1.13   1.13   0.50   2.21 |  -0.41   0.41   0.32
 23  0.97  1.0  0.2492    -6.917  2.7E-09   1.71 |  -0.00   0.00  -1.50   2.50 |  -0.00   0.00  -0.42
 24  0.95  1.0  0.0392    -4.680  2.4E-10   1.36 |   0.00  -0.00   2.50   2.54 |   0.00  -0.00   0.50
 25  0.56  1.0  0.0137    -3.386  7.1E-07   1.04 |  -0.63   0.63   0.50   2.04 |  -0.35   0.35   0.20
 40 -0.02  1.0  0.0025    -2.075  7.2E-07   0.49 |  -0.57   0.57   0.50   2.41 |  -0.49   0.49   0.49
 26  0.82  1.0  0.0025    -0.186  7.6E-09   0.69 |   0.61  -0.61   0.50   1.67 |  -0.23   0.23  -0.03
 27  0.66  1.0  0.0001     1.357  3.9E-06   0.14 |   0.00  -0.00  -1.39   2.00 |   0.05  -0.05   0.34
 37 -0.24  1.0  0.0000     1.994  1.3E-04   0.04 |   0.08  -0.08  -1.47   2.25 |   0.00  -0.01  -0.48
 28  0.04  1.0  0.0000     2.233  1.3E-03   0.06 |   0.05  -0.05   0.47   1.88 |  -0.01   0.01  -0.48
 38 -0.56  1.0  0.0000     2.395  5.9E-03   0.05 |  -0.75   0.75   0.50   2.80 |  -0.27   0.27   0.04
 39 -0.60  1.0  0.0000     2.562  1.9E-03   0.02 |   0.42  -0.42   0.46   2.31 |   0.45  -0.45   0.45
 33  0.27  1.0  0.0000     2.810  2.0E-03   0.01 |   0.44  -0.44  -1.04   2.81 |   0.12  -0.12  -0.23
 34  0.66  1.0  0.0000     3.022  7.5E-04   0.02 |  -0.04   0.04   0.08   2.22 |   0.36  -0.36   0.30
 32 -0.02  1.0  0.0000     3.135  5.8E-03   0.02 |  -0.25   0.25   0.51   2.38 |  -0.12   0.12  -0.26
 35 -0.24  1.0  0.0000     3.688  1.1E-03   0.03 |  -0.77   0.77   0.50   2.30 |  -0.48   0.48   0.46
 36 -0.47  1.0  0.0000     5.693  4.3E-02   0.00 |   0.01   0.01  -2.65   3.91 |   0.00   0.03  -0.48
----------------------------------------------------------------------------------------------------
--------------------- Canonical basis  -------------------------------------------------------------
____________________________________________________________________________________________________
   Neutron wavefunctions
  i     P   Rz   occ       E        d2h    Delta |   JxT    JyT    Jz      J   |   SxT    SyT    Sz
----------------------------------------------------------------------------------------------------
 20  0.99  1.0  2.0000   -35.263  0.0E+00   0.00 |  -0.50   0.50   0.50   0.52 |  -0.50   0.50   0.50
 19 -0.99  1.0  2.0000   -24.220  0.0E+00   0.01 |  -0.87   0.87   0.50   1.46 |  -0.45   0.45   0.40
 18 -0.98  1.0  1.9999   -21.782  0.0E+00   0.14 |  -0.00   0.00  -1.50   1.53 |  -0.00  -0.00  -0.50
 17 -0.92  1.0  1.9617   -17.048  0.0E+00   1.43 |   0.31  -0.31   0.50   0.77 |  -0.06   0.06  -0.39
 16  0.89  1.0  1.4433   -12.890  0.0E+00   1.73 |  -1.16   1.16   0.50   2.22 |  -0.41   0.41   0.31
 15  0.97  1.0  0.4926   -11.074  0.0E+00   1.63 |  -0.00   0.00  -1.50   2.50 |  -0.00   0.00  -0.42
 14  0.95  1.0  0.0718    -8.817  0.0E+00   1.29 |   0.00  -0.00   2.50   2.54 |  -0.00   0.00   0.50
 13  0.82  1.0  0.0272    -7.056  0.0E+00   1.19 |  -0.41   0.41   0.50   1.66 |  -0.27   0.27   0.04
 12  0.71  1.0  0.0029    -4.506  0.0E+00   0.57 |   0.22  -0.22   0.50   1.45 |  -0.37   0.37   0.25
 11 -0.19  1.0  0.0005    -3.910  0.0E+00   0.26 |  -0.59   0.59   0.50   2.67 |  -0.41   0.41   0.33
 10  0.65  1.0  0.0001    -2.248  0.0E+00   0.10 |  -0.01   0.01  -1.50   2.01 |   0.00  -0.00   0.34
  9 -0.70  1.0  0.0000    -1.022  0.0E+00   0.01 |  -0.95   0.95   0.50   3.04 |  -0.38   0.38   0.27
  8 -0.65  1.0  0.0000    -0.158  0.0E+00   0.01 |   0.01  -0.01  -1.49   3.00 |   0.00  -0.00  -0.34
  5 -0.06  1.0  0.0000     0.455  0.0E+00   0.00 |   0.05   0.02  -1.46   2.34 |   0.03   0.02  -0.48
  4 -0.61  1.0  0.0000     0.639  0.0E+00   0.00 |  -0.47   0.40   0.45   1.98 |  -0.09   0.04  -0.37
  6 -0.29  1.0  0.0000     1.310  0.0E+00   0.00 |  -0.30   0.30   0.49   2.01 |  -0.42   0.42   0.34
  2  0.80  1.0  0.0000     1.400  0.0E+00   0.00 |  -0.05   0.05   0.49   2.42 |  -0.01   0.02  -0.47
  7  0.10  1.0  0.0000     1.418  0.0E+00   0.00 |   0.03  -0.04   1.59   2.87 |   0.23  -0.23   0.45
  1 -0.85  1.0  0.0000     1.495  0.0E+00   0.00 |   0.45  -0.45   0.30   2.29 |   0.45  -0.46   0.45
  3 -0.73  1.0  0.0000     3.123  0.0E+00   0.00 |   0.02  -0.02  -3.14   3.63 |  -0.02   0.02  -0.46
____________________________________________________________________________________________________
   Proton  wavefunctions
  i     P   Rz   occ       E        d2h    Delta |   JxT    JyT    Jz      J   |   SxT    SyT    Sz
----------------------------------------------------------------------------------------------------
 40  0.99  1.0  2.0000   -30.742  0.0E+00   0.00 |  -0.50   0.50   0.50   0.52 |  -0.50   0.50   0.50
 39 -0.99  1.0  2.0000   -19.890  0.0E+00   0.02 |  -0.87   0.87   0.50   1.47 |  -0.45   0.45   0.40
 38 -0.98  1.0  1.9998   -17.426  0.0E+00   0.19 |  -0.00   0.00  -1.50   1.53 |   0.00  -0.00  -0.50
 37 -0.91  1.0  1.9546   -12.780  0.0E+00   1.52 |   0.31  -0.31   0.50   0.78 |  -0.06   0.06  -0.39
 36  0.88  1.0  1.4317    -8.780  0.0E+00   1.82 |  -1.14   1.14   0.50   2.22 |  -0.41   0.41   0.32
 35  0.97  1.0  0.4985    -6.917  0.0E+00   1.71 |  -0.00   0.00  -1.50   2.50 |  -0.00   0.00  -0.42
 34  0.95  1.0  0.0784    -4.679  0.0E+00   1.36 |   0.00  -0.00   2.50   2.54 |  -0.00   0.00   0.50
 33  0.83  1.0  0.0313    -3.082  0.0E+00   1.24 |  -0.38   0.38   0.50   1.67 |  -0.25   0.25   0.00
 31 -0.21  1.0  0.0017    -1.608  0.0E+00   0.37 |  -0.59   0.59   0.50   2.82 |  -0.45   0.45   0.40
 32  0.76  1.0  0.0039    -0.820  0.0E+00   0.63 |   0.26  -0.26   0.50   1.41 |  -0.37   0.37   0.24
 30  0.65  1.0  0.0001     1.418  0.0E+00   0.15 |  -0.00   0.00  -1.49   2.02 |   0.00  -0.00   0.35
 29 -0.73  1.0  0.0000     2.323  0.0E+00   0.04 |  -0.93   0.93   0.50   2.95 |  -0.37   0.37   0.24
 28 -0.67  1.0  0.0000     2.361  0.0E+00   0.01 |   0.00  -0.00  -1.48   2.45 |   0.01  -0.00  -0.46
 27 -0.59  1.0  0.0000     2.380  0.0E+00   0.00 |   0.08  -0.08   0.52   1.80 |  -0.02   0.02  -0.46
 26  0.81  1.0  0.0000     2.412  0.0E+00   0.00 |   0.24  -0.23  -1.43   2.67 |   0.02  -0.01  -0.45
 23  0.13  1.0  0.0000     2.619  0.0E+00   0.00 |   0.29  -0.29   0.58   2.28 |   0.46  -0.46   0.47
 21 -0.17  1.0  0.0000     2.938  0.0E+00   0.00 |   0.40  -0.38   0.46   2.20 |   0.49  -0.49   0.48
 24  0.64  1.0  0.0000     3.067  0.0E+00   0.00 |  -0.16   0.13   0.43   2.42 |  -0.05   0.04  -0.41
 25 -0.14  1.0  0.0000     3.613  0.0E+00   0.00 |  -0.63   0.63   0.46   2.27 |  -0.45   0.45   0.41
 22 -0.43  1.0  0.0000     5.618  0.0E+00   0.00 |   0.02  -0.00  -2.57   3.86 |   0.01   0.03  -0.48
----------------------------------------------------------------------------------------------------
---------------------------------Quasiparticles---------------------------------
Block 1:  P=+1  neutrons
  N      Eqp       f_n      |   U   V  |   B  P  ov_TR |    JxT    JyT    Jz
________________________________________________________________________________
  1    -23.23      0.00E+00 |    1   0 |   -  -  0.000 |    0.00   0.00   0.50
  2    -15.19      0.00E+00 |    0  16 |   -  -  0.000 |    0.00   0.00   3.18
  3    -13.87      0.00E+00 |    0  19 |   -  -  0.000 |    0.00   0.00  -0.85
  4    -13.54      0.00E+00 |    0   8 |   -  -  0.000 |    0.00   0.00  -0.51
  5    -13.43      0.00E+00 |    0  15 |   -  -  0.000 |    0.00   0.00  -0.50
  6    -13.13      0.00E+00 |    0  14 |   -  -  0.000 |    0.00   0.00  -1.03
  7    -12.62      0.00E+00 |    0  17 |   -  -  0.000 |    0.00   0.00   1.46
  8    -12.46      0.00E+00 |    0  18 |   -  -  0.000 |    0.00   0.00  -0.47
  9    -12.19      0.00E+00 |    9   0 |   -  -  0.000 |    0.00   0.00   0.50
 10    -11.73      0.00E+00 |    0  13 |   -  -  0.000 |    0.00   0.00   1.49
 11    -11.13      0.00E+00 |    0  20 |   -  -  0.000 |    0.00   0.00  -0.50
 12     -9.78      0.00E+00 |   10   7 |   -  -  0.000 |    0.00   0.00   1.39
 13     -9.75      0.00E+00 |   10   7 |   -  -  0.000 |    0.00   0.00  -1.40
 14     -8.33      0.00E+00 |    0  12 |   -  -  0.000 |    0.00   0.00  -0.50
 15     -7.33      0.00E+00 |    0   6 |   -  -  0.000 |    0.00   0.00  -0.50
 16     -5.22      0.00E+00 |   11  11 |   -  -  0.000 |    0.00   0.00   0.47
 17     -5.01      0.00E+00 |   11   5 |   -  -  0.000 |    0.00   0.00  -0.47
 18     -3.47      0.00E+00 |    4   4 |   -  -  0.000 |    0.00   0.00  -2.32
 19     -1.93      0.00E+00 |    2   2 |   -  -  0.000 |    0.00   0.00   0.22
 20     -1.89      0.00E+00 |    3   3 |   -  -  0.000 |    0.00   0.00   0.76
 21      1.89      1.00E+00 |    3   3 |   -  -  0.000 |    0.00   0.00  -0.76
 22      1.93      1.00E+00 |    2   2 |   -  -  0.000 |    0.00   0.00  -0.22
 23      3.47      1.00E+00 |    4   4 |   -  -  0.000 |    0.00   0.00   2.32
 24      5.01      1.00E+00 |    5  11 |   -  -  0.000 |    0.00   0.00   0.47
 25      5.22      1.00E+00 |   11  11 |   -  -  0.000 |    0.00   0.00  -0.47
 26      7.33      1.00E+00 |    6   0 |   -  -  0.000 |    0.00   0.00   0.50
 27      8.33      1.00E+00 |   12   0 |   -  -  0.000 |    0.00   0.00   0.50
 28      9.75      1.00E+00 |    7  10 |   -  -  0.000 |    0.00   0.00   1.40
 29      9.78      1.00E+00 |    7  10 |   -  -  0.000 |    0.00   0.00  -1.39
 30     11.13      1.00E+00 |   20   0 |   -  -  0.000 |    0.00   0.00   0.50
 31     11.73      1.00E+00 |   13   0 |   -  -  0.000 |    0.00   0.00  -1.49
 32     12.19      1.00E+00 |    0   9 |   -  -  0.000 |    0.00   0.00  -0.50
 33     12.46      1.00E+00 |   18   0 |   -  -  0.000 |    0.00   0.00   0.47
 34     12.62      1.00E+00 |   17   0 |   -  -  0.000 |    0.00   0.00  -1.46
 35     13.13      1.00E+00 |   14   0 |   -  -  0.000 |    0.00   0.00   1.03
 36     13.43      1.00E+00 |   15   0 |   -  -  0.000 |    0.00   0.00   0.50
 37     13.54      1.00E+00 |    8   0 |   -  -  0.000 |    0.00   0.00   0.51
 38     13.87      1.00E+00 |   19   0 |   -  -  0.000 |    0.00   0.00   0.85
 39     15.19      1.00E+00 |   16   0 |   -  -  0.000 |    0.00   0.00  -3.18
 40     23.23      1.00E+00 |    0   1 |   -  -  0.000 |    0.00   0.00  -0.50

Block 5:  P=+1   protons
  N      Eqp       f_n      |   U   V  |   B  P  ov_TR |    JxT    JyT    Jz
________________________________________________________________________________
  1    -22.83      0.00E+00 |   21   0 |   -  -  0.000 |    0.00   0.00   0.50
  2    -13.60      0.00E+00 |    0  36 |   -  -  0.000 |    0.00   0.00   2.65
  3    -11.98      0.00E+00 |   29   0 |   -  -  0.000 |    0.00   0.00   0.50
  4    -11.60      0.00E+00 |    0  35 |   -  -  0.000 |    0.00   0.00  -0.50
  5    -11.05      0.00E+00 |    0  32 |   -  -  0.000 |    0.00   0.00  -0.51
  6    -10.93      0.00E+00 |    0  34 |   -  -  0.000 |    0.00   0.00  -0.08
  7    -10.72      0.00E+00 |    0  33 |   -  -  0.000 |    0.00   0.00   1.04
  8    -10.47      0.00E+00 |    0  39 |   -  -  0.000 |    0.00   0.00  -0.46
  9    -10.31      0.00E+00 |    0  38 |   -  -  0.000 |    0.00   0.00  -0.50
 10    -10.14      0.00E+00 |    0  28 |   -  -  0.000 |    0.00   0.00  -0.47
 11     -9.90      0.00E+00 |    0  37 |   -  -  0.000 |    0.00   0.00   1.46
 12     -9.52      0.00E+00 |   30   0 |   -  -  0.000 |    0.00   0.00  -1.50
 13     -9.27      0.00E+00 |    0  27 |   -  -  0.000 |    0.00   0.00   1.38
 14     -7.76      0.00E+00 |    0  26 |   -  -  0.000 |    0.00   0.00  -0.50
 15     -5.87      0.00E+00 |    0  40 |   -  -  0.000 |    0.00   0.00  -0.49
 16     -5.10      0.00E+00 |   31  31 |   -  -  0.000 |    0.00   0.00   0.47
 17     -4.66      0.00E+00 |   25  25 |   -  -  0.000 |    0.00   0.00  -0.48
 18     -3.51      0.00E+00 |   24  24 |   -  -  0.000 |    0.00   0.00  -2.30
 19     -2.00      0.00E+00 |   22  22 |   -  -  0.000 |    0.00   0.00   0.21
 20     -1.98      0.00E+00 |   23  23 |   -  -  0.000 |    0.00   0.00   0.75
 21      1.98      1.00E+00 |   23  23 |   -  -  0.000 |    0.00   0.00  -0.75
 22      2.00      1.00E+00 |   22  22 |   -  -  0.000 |    0.00   0.00  -0.21
 23      3.51      1.00E+00 |   24  24 |   -  -  0.000 |    0.00   0.00   2.30
 24      4.66      1.00E+00 |   25  25 |   -  -  0.000 |    0.00   0.00   0.48
 25      5.10      1.00E+00 |   31  31 |   -  -  0.000 |    0.00   0.00  -0.47
 26      5.87      1.00E+00 |   40   0 |   -  -  0.000 |    0.00   0.00   0.49
 27      7.76      1.00E+00 |   26   0 |   -  -  0.000 |    0.00   0.00   0.50
 28      9.27      1.00E+00 |   27   0 |   -  -  0.000 |    0.00   0.00  -1.38
 29      9.52      1.00E+00 |    0  30 |   -  -  0.000 |    0.00   0.00   1.50
 30      9.90      1.00E+00 |   37   0 |   -  -  0.000 |    0.00   0.00  -1.46
 31     10.14      1.00E+00 |   28   0 |   -  -  0.000 |    0.00   0.00   0.47
 32     10.31      1.00E+00 |   38   0 |   -  -  0.000 |    0.00   0.00   0.50
 33     10.47      1.00E+00 |   39   0 |   -  -  0.000 |    0.00   0.00   0.46
 34     10.72      1.00E+00 |   33   0 |   -  -  0.000 |    0.00   0.00  -1.04
 35     10.93      1.00E+00 |   34   0 |   -  -  0.000 |    0.00   0.00   0.08
 36     11.05      1.00E+00 |   32   0 |   -  -  0.000 |    0.00   0.00   0.51
 37     11.60      1.00E+00 |   35   0 |   -  -  0.000 |    0.00   0.00   0.50
 38     11.98      1.00E+00 |    0  29 |   -  -  0.000 |    0.00   0.00  -0.50
 39     13.60      1.00E+00 |   36   0 |   -  -  0.000 |    0.00   0.00  -2.65
 40     22.83      1.00E+00 |    0  21 |   -  -  0.000 |    0.00   0.00  -0.50

--------------------------------------------------------------------------------
---------------- Electric Multipole Moments -----------------
Quantisation Axis             : Z
  With secondary axis ordering: X,Y
______________________________________________________________
                     Neutrons        Protons         Total
______________________________________________________________
 Particles           10.0000         10.0000         20.0000

Re  Q_{ 1 0}         -0.0233          0.0233         -0.0000
Constrained                                           0.0000
Re De_{ 1 0}                                   0.5061835E-05
Re La_{ 1 0}                                         -0.4219

Re  Q_{ 2 0}         10.4304         10.9711         21.4014
Re  Q_{ 2 2}         -0.0000         -0.0000         -0.0000

Re  Q_{ 3 0}         23.1522         26.8473         49.9995
Constrained                                          50.0000
Re De_{ 3 0}                                   0.5098403E-03
Re La_{ 3 0}                                          0.0570
Re  Q_{ 3 2}          0.0000          0.0000          0.0000

Re  Q_{ 4 0}         84.3572        102.5422        186.8994
Re  Q_{ 4 2}         -0.0000         -0.0001         -0.0001
Re  Q_{ 4 4}          0.0192          0.0219          0.0410

Re  Q_{ 5 0}        354.5499        469.9828        824.5328
Re  Q_{ 5 2}          0.0000          0.0002          0.0003
Re  Q_{ 5 4}         -0.1123         -0.1782         -0.2904

Re  Q_{ 6 0}       1469.2795       2203.0004       3672.2799
Re  Q_{ 6 2}         -0.0014          0.0010         -0.0004
Re  Q_{ 6 4}          0.9351          1.3980          2.3331
Re  Q_{ 6 6}          0.0001         -0.0012         -0.0011

Re  Q_{ 7 0}       6381.9576      10001.0377      16382.9953
Re  Q_{ 7 2}         -0.0056         -0.0152         -0.0207
Re  Q_{ 7 4}         -1.8561         -5.1339         -6.9900
Re  Q_{ 7 6}         -0.0002          0.0212          0.0211

Re  Q_{ 8 0}      33669.9351      57980.1581      91650.0931
Re  Q_{ 8 2}          0.0376          0.1475          0.1851
Re  Q_{ 8 4}          0.0978         -8.3896         -8.2918
Re  Q_{ 8 6}          0.0230         -0.0084          0.0146
Re  Q_{ 8 8}        -23.0031        -27.9297        -50.9328

Re  Q_{ 9 0}     151572.4528     266556.8977     418129.3505
Re  Q_{ 9 2}         -0.2716         -0.6164         -0.8881
Re  Q_{ 9 4}        476.2704        788.2516       1264.5220
Re  Q_{ 9 6}         -0.0617         -0.2377         -0.2994
Re  Q_{ 9 8}        163.5343        -39.6049        123.9294

Re  Q_{10 0}     821986.4778    1521326.4283    2343312.9061
Re  Q_{10 2}         -0.4017         -4.6719         -5.0737
Re  Q_{10 4}        632.5302      11596.6061      12229.1363
Re  Q_{10 6}          0.2380         11.8462         12.0842
Re  Q_{10 8}      -1473.3837       9517.0522       8043.6685
Re  Q_{1010}         -0.2153          2.9398          2.7245

 RMS radius           2.8797          2.9843          2.9325
______________________________________________________________
                     Neutrons        Protons         Total
______________________________________________________________


Beta_{ 2 0}       0.20589308      0.21656672      0.42245980
Beta_{ 2 2}      -0.00000001     -0.00000002     -0.00000003

Beta_{ 3 0}       0.14030601      0.16269945      0.30300546
Beta_{ 3 2}       0.00000000      0.00000011      0.00000011

Beta_{ 4 0}       0.15694564      0.19077858      0.34772421
Beta_{ 4 2}      -0.00000008     -0.00000018     -0.00000025
Beta_{ 4 4}       0.00003564      0.00004067      0.00007631

Beta_{ 5 0}       0.20250999      0.26844236      0.47095235
Beta_{ 5 2}       0.00000002      0.00000014      0.00000016
Beta_{ 5 4}      -0.00006414     -0.00010176     -0.00016590

Beta_{ 6 0}       0.25764135      0.38630091      0.64394225
Beta_{ 6 2}      -0.00000024      0.00000017     -0.00000007
Beta_{ 6 4}       0.00016397      0.00024514      0.00040911
Beta_{ 6 6}       0.00000002     -0.00000021     -0.00000019

Beta_{ 7 0}       0.34356360      0.53839163      0.88195523
Beta_{ 7 2}      -0.00000030     -0.00000082     -0.00000112
Beta_{ 7 4}      -0.00009992     -0.00027638     -0.00037630
Beta_{ 7 6}      -0.00000001      0.00000114      0.00000114

Beta_{ 8 0}       0.55646468      0.95824093      1.51470561
Beta_{ 8 2}       0.00000062      0.00000244      0.00000306
Beta_{ 8 4}       0.00000162     -0.00013866     -0.00013704
Beta_{ 8 6}       0.00000038     -0.00000014      0.00000024
Beta_{ 8 8}      -0.00038017     -0.00046159     -0.00084177

Beta_{ 9 0}       0.76905551      1.35246906      2.12152457
Beta_{ 9 2}      -0.00000138     -0.00000313     -0.00000451
Beta_{ 9 4}       0.00241652      0.00399947      0.00641599
Beta_{ 9 6}      -0.00000031     -0.00000121     -0.00000152
Beta_{ 9 8}       0.00082975     -0.00020095      0.00062880

Beta_{10 0}       1.28039560      2.36974661      3.65014221
Beta_{10 2}      -0.00000063     -0.00000728     -0.00000790
Beta_{10 4}       0.00098528      0.01806385      0.01904914
Beta_{10 6}       0.00000037      0.00001845      0.00001882
Beta_{10 8}      -0.00229507      0.01482456      0.01252950
Beta_{1010}      -0.00000034      0.00000458      0.00000424

______________________________________________________________
                     Neutrons        Protons         Total
______________________________________________________________
Q_{ 1}                0.0233          0.0233          0.0000
Q_{ 2}               10.4304         10.9711         21.4014
Q_{ 3}               23.1522         26.8473         49.9995
Q_{ 4}               84.3572        102.5422        186.8994
Q_{ 5}              354.5500        469.9829        824.5329
Q_{ 6}             1469.2801       2203.0013       3672.2814
Q_{ 7}             6381.9581      10001.0403      16382.9983
Q_{ 8}            33669.9508      57980.1727      91650.1222
Q_{ 9}           151574.1258     266559.2345     418133.2114
Q_{10}           821989.6055    1521474.3550    2343404.3358
______________________________________________________________
                     Neutrons        Protons         Total
______________________________________________________________
Beta_{   1}       0.00149923      0.00149890      0.00000033
Beta_{   2}       0.20589308      0.21656672      0.42245980
Beta_{   3}       0.14030601      0.16269945      0.30300546
Beta_{   4}       0.15694564      0.19077859      0.34772423
Beta_{   5}       0.20251001      0.26844240      0.47095241
Beta_{   6}       0.25764145      0.38630106      0.64394251
Beta_{   7}       0.34356363      0.53839177      0.88195539
Beta_{   8}       0.55646494      0.95824118      1.51470609
Beta_{   9}       0.76906400      1.35248091      2.12154416
Beta_{  10}       1.28040048      2.36997703      3.65028463
______________________________________________________________
 Cart. Moments X              Y              Z
 Cart. N      -16.5355608    -16.5355585     33.0711193
 Cart. P      -17.3927788    -17.3927694     34.7855482
 Cart. T      -33.9283396    -33.9283279     67.8566675
 (Q, gamma)    Q              Gamma
 (Q,g) N       33.0711193     -0.0000023
 (Q,g) P       34.7855482     -0.0000090
 (Q,g) T       67.8566675     -0.0000057
 (iq1, iq2)    iq1            iq2
 iq    N       33.0711200     -0.0000015
 iq    P       34.7855513     -0.0000063
 iq    T       67.8566714     -0.0000078
               X^2            Y^2            Z^2
 X^2_i N       22.1304160     22.1304168     38.6659761
 X^2_i P       22.6041389     22.6041421     39.9969146
 X^2_i T       44.7345550     44.7345589     78.6628907
------------------------------------------------------------
------------------------- Angular Momentum (hbar) --------------------------

               Spwfs(*)    Desired     Omega       E (MeV)      Densit. 
  __________________________________________________________________________
   J_x   |     0.00000     0.00000     0.00000     0.00000     0.00000
   J_y   |     0.00000     0.00000     0.00000     0.00000     0.00000
   J_z   |     0.00000     0.00000     0.00000     0.00000     0.00000
  __________________________________________________________________________
   Size  |     0.00000     0.00000     0.00000                 0.00000
  --------------------------------------------------------------------------
---------------------Rotational properties--------------------
                Rigid rotor          (hbar^2/MeV)
              n              p              t 
 I_R X       1.4659964      1.5095127      2.9755091
 I_R Y       1.4659964      1.5095126      2.9755090
 I_R Z       1.0672709      1.0901170      2.1573879

                Belyaev                 (hbar^2/MeV) 
              n              p              t 
 I_B X       0.6094950      0.5854167      1.1949116
 I_B Y       0.6094951      0.5854167      1.1949118
 I_B Z       0.0000192      0.0000279      0.0000470

                Belyaev (collective)    (hbar^2/MeV) 
              n              p              t 
 I_B X       0.6094950      0.5854167      1.1949116
 I_B Y       0.6094951      0.5854167      1.1949118
 I_B Z       0.0000192      0.0000279      0.0000470

                 <J^2> - <J>^2          (hbar^2)
              n              p              t 
 J2_X        1.5697052      1.5739397      3.1436449
 J2_Y        1.5697054      1.5739401      3.1436455
 J2_Z        0.0001273      0.0001747      0.0003020
 J2_t        3.1395379      3.1480545      6.2875924

                 <J^2> - <J>^2 (coll.)  (hbar^2)
              n              p              t 
 J2_X        1.5697052      1.5739397      3.1436449
 J2_Y        1.5697054      1.5739401      3.1436455
 J2_Z        0.0001273      0.0001747      0.0003020
 J2_t        3.1395379      3.1480545      6.2875924
-------------------------- Pairing -------------------------
                          N         P 
 Fermi Level (MeV)    -12.03330478    -7.91067543
 Particles             10.00000000    10.00000000
 Dispersion             1.81882003     1.87006675
 Average gap   v^2      0.65398602     0.69866781
 Average gap   uv       1.49987304     1.55406402
------------------------------------------------------------
--------------------------------------------------------------------------------
 Skyrme Energy 
                                    Isoscalar      Isovector   |   Total
--------------------------------------------------------------------------------
  E_D_I_I_D_I_I                  -1295.218958       0.051431   -1295.167527
  E_D_I_I_D_Nm_Nm                   27.744547      -0.003028      27.741518
  E_D_I_I_Lap_D_I_I                 58.132132       0.001405      58.133537
  E_D_I_I_D_I_I_DD                 735.714585      -0.026126     735.688459
  E_C_I_NmSk_C_I_NmSk                0.000000       0.000000       0.000000
  E_D_I_I_Derm_C_I_NxmSxm          -10.761806      -0.000444     -10.762250
  E_DP_I_I_DP_I_I                                                 -4.325371
--------------------------------------------------------------------------------
                 Total Skyrme:                                  -488.691634
                    time-even:                                  -488.691634
                    time-odd :                                     0.000000
--------------------------------------------------------------------------------
--------------------------------------------------------------------------------
                                     neutron        proton         total
                Kinetic Energy:     162.457393     159.134556     321.591949
                    COM 1-body:      -8.122870      -7.956728     -16.079597
                    COM 2-body:       3.212632       3.160847       6.373479
                            ph:       3.187974       3.131970       6.319943
                            pp:       0.024658       0.028877       0.053535
                 Collective T:                                     -2.447729

                 Rotational  T:                                    -2.447729
                 Rotational  X:                                    -1.223350
                 Rotational  Y:                                    -1.223350
                 Rotational  Z:                                    -0.001029

                 Vibrational T:                                     0.000000
                 Vibrational X:                                    -0.000000
                 Vibrational Y:                                    -0.000000
                 Vibrational Z:                                    -0.000000


                Coulomb Direct:       0.000000      23.427214      23.427214
                      Exchange:       0.000000       0.000000       0.000000

               Pairing (delta):      -2.078462      -2.246927      -4.325389
               Pairing (densi):                                    -4.325371
--------------------------------------------------------------------------------
                  Total energy:                                  -155.826319
                    from spwfs:                                  -155.826315
                   E_fu - E_sp:                                -0.359960E-05
                   (no corr.) :                                  -159.752069
                      Routhian:                                  -157.222098
                         dE   :                                 0.123442E-03
                         dR   :                                 0.124513E-03
--------------------------------------------------------------------------------
id Timer name                                # of calls      time (s)  % total
__ ________________________________________  __________  ____________  _______
   TOTAL                                              -       79.0986  100.00%
 1 Tantalus                                           1       79.0986  100.00%
     (internal)                                       -        6.2832    7.94%
 2   HF-basis Derivatives                           201        7.9782   10.09%
 4   Spwf evolution                                 200       15.1774   19.19%
       (internal)                                     -        2.4041    3.04%
 5     Orthonormalization                           200        2.0131    2.55%
13     Sp. Hamiltonian                             8467       10.7601   13.60%
 5   Orthonormalization                               1        0.0114    0.01%
 6   Density calculations                           401       30.6266   38.72%
       (internal)                                     -        0.0330    0.04%
 3     Canonical basis Derivatives                  401       22.0726   27.91%
 7     Density: pp                                  401        1.5156    1.92%
 8     Density: ph                                  401        2.2664    2.87%
 9     Density: derivatives                         401        1.4988    1.89%
15     Can. basis construction                      401        3.2402    4.10%
10   Field calculations                             201        2.3674    2.99%
       (internal)                                     -        1.3790    1.74%
14     Coulomb solver                               201        0.9884    1.25%
11   Energy calculations                            201        3.4616    4.38%
       (internal)                                     -        0.4894    0.62%
16     Moments of inertia                            21        2.1366    2.70%
17     Centre-of-mass correction                    201        0.8356    1.06%
18       COM one-body                               201        0.0000    0.00%
19       COM two-body                                21        0.8354    1.06%
12   Pairing solver                                 201        2.4912    3.15%
20   Pairing gaps                                   200        3.1971    4.04%
21   Multipole moments                              401        0.7908    1.00%
22   Feas. Proj. step                               200        2.3712    3.00%
       (internal)                                     -        0.3554    0.45%
 5     Orthonormalization                           200        2.0157    2.55%
23   Spwf angular momentum                           21        4.0913    5.17%
24   Charge density folding                         401        0.2514    0.32%
__ ________________________________________  __________  ____________  _______
