

         ___________________________________________________________
        |                                                          |
        | MOCCa v2.0 =                                             |
        |                                                          |
        |  #######   ##   #    # #####   ##   #      #    #  ####  |
        |     #     #  #  ##   #   #    #  #  #      #    # #      |
        |     #    #    # # #  #   #   #    # #      #    #  ####  |
        |     #    ###### #  # #   #   ###### #      #    #      # |
        |     #    #    # #   ##   #   #    # #      #    # #    # |
        |     #    #    # #    #   #   #    # ######  ####   ####  |
        |                                                          |
        |  Copyright  P.-H. Heenen, M. Bender & W. Ryssens         |
        |                                                          |
        |----------------------------------------------------------|
        | Runtype = Single-mode                                    |
        |-------------- Version Information -----------------------|
        |                                                          |
        | "commit 634d2c9a9d313c708493670c118e4365396b2215"        |
        | "Author: Wouter Ryssens <w.ryssens@ipnl.in2p3.fr>"       |
        | "Date:   Thu Jan 28 18:13:46 2021 +0100"                 |
        |                                                          |
        |-------------- Symmetry Information ----------------------|
        |                                                          |
        | S.p. generators        = Rz,P,STy                        |
        | Axis reduction  X Y Z  =  1 1 1                          |
        | SYM_CODE               = 0 1 001 000 00 000 010 111      |
        | TRANS_CODE             = 0 1 001 000 10 000 010 111      |
        |__________________________________________________________|

         ___________________________________________________________
        | Transformation of the input                              |
        | On file:                                                 |
        |    nx, ny, nz    =    12   12   12                       |
        |    dx            =  1.0000000 (fm)                       |
        |    nwn, nwn      =      40     40                        |
        |    (n+,n-)       = (    7    7   13   13)                |
        |    (p+,p-)       = (    7    7   13   13)                |
        | This calculation:                                        |
        |    nx, ny, nz    =    12   12   12                       |
        |    dx            =  1.0000000(fm)                        |
        |    nwn, nwn      =      40     40                        |
        |    (n+,n-)       = (    7    7   13   13)                |
        |    (p+,p-)       = (    7    7   13   13)                |
        |__________________________________________________________|

------------------------------General Information ------------------------------
 Mesh parameters
   nx =    12 ny =    12 nz =    12 mv =  1728
   dx =         1.0000000000 (fm  ) 
   dv =  8.00 (fm^3) 
 Nucleus
    N =   18.00000  Z =   18.00000
 Wavefunctions
  nwt =    80
  nwn =    40
  nwp =    40
 Inverse temperature Beta =   -1.000000000
 IO information
  inputfilename  =tant.in                         
  outputfilename =tant.Ar36.om=0.5.wf             
  Checkpointiter =         0
  Filename for other output (not written if empty): 
    BXL output     =                                         
    DEN file       =                                         
    POT file       =                                         
    SPHF file      =                                         
    SPCAN file     =                                         
 Convergence required
  Energy convergence           <  0.1E-10
  Multipole moment convergence <  0.1E-04
  Dispersion convergence       <  0.1E-04
--------------------------------------------------------------------------------
 Evolution strategy: HEAVYBALL           
   Estimate (dt,mu)  : YES
--------------------------------------------------------------------------------
 SCF iteration strategy: 
       Potential preconditioning
   Preconfactor=  1.0000
--------------------------------------------------------------------------------
 Pairing treatment: Hartree-Fock (HF)                                           
   Cutoff parameters  =      Symmetric Fermi
     dE (n,p) =  5.00 5.00 MeV 
     mu (n,p) =  0.50 0.50 MeV 
   Gas-treatment:  Normal
----------------------------- Cranking information -----------------------------
 Cranking frequencies 
    Omega_X =           0.000
    Omega_Y =           0.000
    Omega_Z =           0.500
--------------------------------------------------------------------------------
 Parameterization name     SLy5s1              
 Functional name           NLO.FUNC            
 - - - - - - - - - - -
 Parameters
    t0   -2558.057
    x0       0.530
    t1     419.917
    x1      -0.082
    t2    -476.597
    x2      -0.973
    t3   14629.881
    x3       0.785
   wso     115.480
  wsoq     115.480
 sigma       0.167
   CT0      -2.330
   CT1     -56.032
 CSDS0      29.952
 CSDS1      12.237
    Vn   -1250.000
    Vp   -1250.000
 alpha       1.000
sigmap       1.000
 - - - - - - - - - - -
 Coulomb Treatment =  1
   Direct and exchange included.
   Discretisation of laplacian:   5-point stencil.
   Protonsize  =    0.000   0.000
   Neutronsize =    0.000   0.000
 - - - - - - - - - - -
 Center-of-mass options
   One-body: self-consistent
   Two-body: not included
 - - - - - - - - - - -
 Rotational correction 
    Not included.
 - - - - - - - - - - -
 Elementary Constants
 e^2            =  1.43996446 (sqrt(MeV fm)) 
 hbar^2/(2*mn)  = 20.73553000 (MeV fm^2)
 hbar^2/(2*mp)  = 20.73553000 (MeV fm^2)
 - - - - - - - - - - -
 Skyrme coupling constants 
     __________________________________________________________
                                      Isospin representation
                                      C_0            C_1    
     __________________________________________________________
                 B_D_I_I_D_I_I   -1617.762874    1316.982639
              B_D_I_I_D_I_I_DD    1697.379619   -1566.024005
               B_D_I_Sm_D_I_Sm    -338.734134     639.514370
            B_D_I_Sm_D_I_Sm_DD     478.222797    -609.578411
               B_D_I_I_D_Nm_Nm      39.532429      12.497083
             B_D_I_I_Lap_D_I_I     -90.806959      47.035601
           B_C_I_NmSk_C_I_NmSk     -53.702353     112.064164
               B_C_I_Nm_C_I_Nm     -39.532429     -12.497083
           B_D_I_Sm_Lap_D_I_Sm      17.714723      24.473560
            B_D_I_Sm_D_Nk_NkSm      53.702353    -112.064164
       B_D_I_I_Derm_C_I_NxmSxm     -57.740093     -57.740093
        B_C_I_Nm_Derxm_D_I_Sxm     -57.740093     -57.740093
     __________________________________________________________
                                      BFH representation 
                                      C_0            C_q    
                 B_D_I_I_D_I_I    -959.271555     658.491319
              B_D_I_I_D_I_I_DD     914.367616    -783.012003
               B_D_I_Sm_D_I_Sm     -18.976949     319.757185
            B_D_I_Sm_D_I_Sm_DD     173.433592    -304.789205
               B_D_I_I_D_Nm_Nm      45.780970       6.248541
             B_D_I_I_Lap_D_I_I     -67.289159      23.517801
           B_C_I_NmSk_C_I_NmSk       2.329729      56.032082
               B_C_I_Nm_C_I_Nm     -45.780970      -6.248541
           B_D_I_Sm_Lap_D_I_Sm      29.951503      12.236780
            B_D_I_Sm_D_Nk_NkSm      -2.329729     -56.032082
       B_D_I_I_Derm_C_I_NxmSxm     -86.610140     -28.870047
        B_C_I_Nm_Derxm_D_I_Sxm     -86.610140     -28.870047
     __________________________________________________________
                                      Pairing terms 
                                      neutron        proton 
               B_DP_I_I_DP_I_I    -312.500000    -312.500000
               B_CP_I_I_CP_I_I    -312.500000    -312.500000
     __________________________________________________________
--------------------- Sp wavefunctions -----------------------------------------
________________________________________________________________________________
   Neutron wavefunctions
  i    P   Rz   occ       E        d2h    Delta   JxT    JyT    Jz     J
--------------------- Sp wavefunctions -----------------------------------------
  1  1.0  1.0  1.0000   -46.543  1.4E-11   0.00  -0.50   0.50   0.50   0.50
  8  1.0 -1.0  1.0000   -45.787 -5.5E-12   0.00   0.50   0.50  -0.50   0.50
 29 -1.0 -1.0  1.0000   -33.852 -3.2E-12   0.00  -0.45   0.69   1.21   1.49
 16 -1.0  1.0  1.0000   -33.596 -5.0E-12   0.00  -0.62   1.28   0.42   1.50
 28 -1.0 -1.0  1.0000   -32.753 -2.7E-12   0.00   1.37   0.31  -0.28   1.48
 15 -1.0  1.0  1.0000   -31.931  6.0E-12   0.00  -0.24  -0.29  -1.25   1.43
 17 -1.0  1.0  1.0000   -28.537 -4.0E-12   0.00   0.36  -0.50   0.33   0.66
 30 -1.0 -1.0  1.0000   -28.099  1.0E-11   0.00  -0.42  -0.50  -0.43   0.59
  2  1.0  1.0  1.0000   -21.294  1.6E-12   0.00  -0.59   1.35   1.45   2.49
  9  1.0 -1.0  1.0000   -21.235 -2.4E-12   0.00  -0.69   1.69   1.00   2.50
  4  1.0  1.0  1.0000   -20.562 -2.8E-13   0.00   0.17   0.82   1.20   2.42
 11  1.0 -1.0  1.0000   -19.938  1.2E-12   0.00   2.05  -0.22  -0.09   2.46
  3  1.0  1.0  1.0000   -19.238 -2.8E-13   0.00  -0.89  -0.66  -1.20   2.42
 10  1.0 -1.0  1.0000   -18.616 -2.4E-12   0.00   0.04   0.04  -2.16   2.30
  5  1.0  1.0  1.0000   -15.543 -3.5E-12   0.00  -0.45   0.49   0.38   1.00
 12  1.0 -1.0  1.0000   -15.070  8.8E-13   0.00   0.27   0.47  -0.25   1.17
  6  1.0  1.0  1.0000   -13.832  1.3E-12   0.00   0.21  -1.46   0.19   1.54
 13  1.0 -1.0  1.0000   -13.824 -1.4E-13   0.00   0.20  -1.42   0.16   1.53
 14  1.0 -1.0  0.0000   -11.475  6.0E-13   0.00  -0.87   0.45   0.34   1.45
  7  1.0  1.0  0.0000   -10.888  1.4E-14   0.00   0.57   0.46  -1.02   1.48
 31 -1.0 -1.0  0.0000    -9.276 -1.6E-13   0.00  -0.77   2.02   1.52   3.49
 18 -1.0  1.0  0.0000    -9.268  2.3E-13   0.00  -0.80   2.12   1.39   3.50
 33 -1.0 -1.0  0.0000    -8.545 -2.8E-14   0.00   0.16   0.62   2.46   3.33
 20 -1.0  1.0  0.0000    -8.195  8.5E-14   0.00   0.98   0.63   1.03   3.41
 32 -1.0 -1.0  0.0000    -7.667  1.4E-13   0.00   2.02  -0.96   0.01   3.39
 19 -1.0  1.0  0.0000    -7.088 -3.1E-13   0.00  -1.84  -0.71  -1.01   3.32
 34 -1.0 -1.0  0.0000    -6.473  2.6E-13   0.00   0.47   0.36  -1.97   3.20
 21 -1.0  1.0  0.0000    -5.868 -7.1E-14   0.00  -0.01  -0.00  -2.92   3.08
 36 -1.0 -1.0  0.0000    -4.374 -1.8E-14   0.00  -0.65   1.16   0.68   1.95
 23 -1.0  1.0  0.0000    -4.300  6.8E-14   0.00  -0.62   1.33   0.26   1.98
 35 -1.0 -1.0  0.0000    -3.114 -3.6E-15   0.00   0.98  -0.22  -0.13   1.71
 22 -1.0  1.0  0.0000    -2.877  1.6E-13   0.00   0.25  -0.41  -0.15   1.35
 37 -1.0 -1.0  0.0000    -1.150  3.5E-09   0.00   0.07  -0.47  -0.13   1.42
 24 -1.0  1.0  0.0000    -0.906  1.0E-04   0.00  -0.09  -0.67  -0.32   2.07
 40 -1.0 -1.0  0.0000    -0.852  3.5E-09   0.00   0.54  -2.21   0.56   2.51
 27 -1.0  1.0  0.0000    -0.835  1.0E-04   0.00   0.42  -1.99   0.27   2.42
 26 -1.0  1.0  0.0000     0.641  2.7E-10   0.00  -1.11   0.49   0.97   2.37
 39 -1.0 -1.0  0.0000     0.817  2.6E-08   0.00  -1.29   0.87   0.06   2.45
 25 -1.0  1.0  0.0000     1.043  1.8E-09   0.00   0.51  -0.50   0.54   2.22
 38 -1.0 -1.0  0.0000     1.059  2.6E-08   0.00  -0.57  -0.43  -0.44   2.23
________________________________________________________________________________
   Proton  wavefunctions
  i    P   Rz   occ       E        d2h    Delta   JxT    JyT    Jz     J
--------------------- Sp wavefunctions -----------------------------------------
 41  1.0  1.0  1.0000   -39.212  2.7E-11   0.00  -0.50   0.50   0.50   0.51
 48  1.0 -1.0  1.0000   -38.473  2.3E-11   0.00   0.50   0.50  -0.50   0.50
 69 -1.0 -1.0  1.0000   -26.932 -5.8E-12   0.00  -0.45   0.69   1.21   1.49
 56 -1.0  1.0  1.0000   -26.683 -2.4E-12   0.00  -0.62   1.29   0.42   1.50
 68 -1.0 -1.0  1.0000   -25.852 -2.5E-12   0.00   1.37   0.31  -0.28   1.48
 55 -1.0  1.0  1.0000   -25.041  2.4E-12   0.00  -0.23  -0.29  -1.24   1.42
 57 -1.0  1.0  1.0000   -21.689  5.1E-13   0.00   0.35  -0.50   0.32   0.67
 70 -1.0 -1.0  1.0000   -21.262  4.5E-12   0.00  -0.41  -0.50  -0.43   0.59
 42  1.0  1.0  1.0000   -14.729  1.2E-12   0.00  -0.60   1.35   1.45   2.49
 49  1.0 -1.0  1.0000   -14.670  1.3E-12   0.00  -0.69   1.68   1.00   2.50
 44  1.0  1.0  1.0000   -14.000  7.4E-13   0.00   0.18   0.81   1.20   2.42
 51  1.0 -1.0  1.0000   -13.388  1.8E-12   0.00   2.05  -0.23  -0.09   2.46
 43  1.0  1.0  1.0000   -12.692 -4.0E-13   0.00  -0.91  -0.65  -1.19   2.42
 50  1.0 -1.0  1.0000   -12.062 -1.0E-12   0.00   0.05   0.05  -2.16   2.30
 45  1.0  1.0  1.0000    -9.062  7.7E-13   0.00  -0.45   0.49   0.38   1.00
 52  1.0 -1.0  1.0000    -8.600 -4.3E-13   0.00   0.26   0.46  -0.23   1.17
 46  1.0  1.0  1.0000    -7.454 -2.5E-13   0.00   0.21  -1.45   0.19   1.54
 53  1.0 -1.0  1.0000    -7.445 -4.3E-13   0.00   0.19  -1.41   0.16   1.53
 54  1.0 -1.0  0.0000    -5.136  1.6E-13   0.00  -0.86   0.45   0.33   1.45
 47  1.0  1.0  0.0000    -4.559  1.1E-13   0.00   0.56   0.46  -1.02   1.48
 71 -1.0 -1.0  0.0000    -3.059  1.3E-13   0.00  -0.76   1.97   1.56   3.49
 58 -1.0  1.0  0.0000    -3.049 -7.1E-15   0.00  -0.80   2.08   1.41   3.50
 73 -1.0 -1.0  0.0000    -2.359  2.8E-14   0.00   0.13   0.65   2.43   3.31
 60 -1.0  1.0  0.0000    -2.003 -2.0E-14   0.00   0.94   0.68   1.02   3.40
 72 -1.0 -1.0  0.0000    -1.484  3.6E-14   0.00   2.06  -0.93  -0.01   3.39
 59 -1.0  1.0  0.0000    -0.918  1.3E-14   0.00  -1.76  -0.72  -1.00   3.29
 74 -1.0 -1.0  0.0000    -0.322  4.6E-14   0.00   0.46   0.37  -1.92   3.15
 61 -1.0  1.0  0.0000     0.264  2.0E-14   0.00  -0.00   0.01  -2.83   3.01
 76 -1.0 -1.0  0.0000     1.395  1.4E-14   0.00  -0.70   1.07   0.75   1.99
 63 -1.0  1.0  0.0000     1.480  4.0E-14   0.00  -0.69   1.28   0.26   2.03
 75 -1.0 -1.0  0.0000     2.415  1.5E-11   0.00   0.93  -0.17  -0.25   1.76
 62 -1.0  1.0  0.0000     2.532  5.1E-10   0.00   0.37  -0.41   0.00   1.33
 66 -1.0  1.0  0.0000     2.776  5.1E-10   0.00   0.50  -0.50   0.50   2.17
 79 -1.0 -1.0  0.0000     2.778  1.5E-11   0.00  -0.49  -0.50  -0.49   2.17
 77 -1.0 -1.0  0.0000     3.268  1.6E-13   0.00   0.25  -0.48  -0.01   1.74
 64 -1.0  1.0  0.0000     3.414  7.1E-12   0.00  -0.54  -0.46  -1.02   2.19
 80 -1.0 -1.0  0.0000     3.795  7.6E-07   0.00  -0.43   1.28   0.65   2.46
 67 -1.0  1.0  0.0000     3.809  2.8E-08   0.00  -0.35   1.48   0.28   2.47
 78 -1.0 -1.0  0.0000     3.977  7.6E-07   0.00   0.88  -0.34  -0.05   2.32
 65 -1.0  1.0  0.0000     4.040  2.8E-08   0.00   0.26  -0.52  -0.04   2.09
--------------------------------------------------------------------------------
---------------- Electric Multipole Moments -----------------
Quantisation Axis             : Z
  With secondary axis ordering: X,Y
______________________________________________________________
                     Neutrons        Protons         Total
______________________________________________________________
 Particles           18.0000         18.0000         36.0000

Re  Q_{ 2 0}          5.7906          6.0005         11.7911
Re  Q_{ 2 2}          7.0620          7.3119         14.3739

Re  Q_{ 4 0}         -8.2020         -9.1625        -17.3645
Re  Q_{ 4 2}         -8.2808         -9.2020        -17.4828
Re  Q_{ 4 4}        -10.9161        -12.1735        -23.0896

Re  Q_{ 6 0}        -72.3923        -82.9679       -155.3602
Re  Q_{ 6 2}        -72.1804        -81.8877       -154.0681
Re  Q_{ 6 4}        -75.1442        -83.8705       -159.0147
Re  Q_{ 6 6}       -105.1200       -119.3156       -224.4357

Re  Q_{ 8 0}        -16.8845       -145.9940       -162.8785
Re  Q_{ 8 2}       -107.3303        -99.1607       -206.4910
Re  Q_{ 8 4}        -79.2950       -126.8836       -206.1786
Re  Q_{ 8 6}       -124.0080       -122.2822       -246.2901
Re  Q_{ 8 8}       -117.2726       -185.6575       -302.9301

Re  Q_{10 0}       7303.8085       8232.8436      15536.6521
Re  Q_{10 2}        191.7735        287.6072        479.3808
Re  Q_{10 4}      -7011.4444      -7735.8667     -14747.3111
Re  Q_{10 6}        104.8370        120.7372        225.5742
Re  Q_{10 8}      -8361.3707      -9287.4460     -17648.8167
Re  Q_{1010}        421.2420        550.7588        972.0008

 RMS radius           3.2661          3.3131          3.2897
______________________________________________________________
                     Neutrons        Protons         Total
______________________________________________________________

Beta_{ 2 0}       0.04291558      0.04447098      0.08738656
Beta_{ 2 2}       0.05233797      0.05418978      0.10652775

Beta_{ 4 0}      -0.00387179     -0.00432519     -0.00819698
Beta_{ 4 2}      -0.00390896     -0.00434384     -0.00825280
Beta_{ 4 4}      -0.00515300     -0.00574653     -0.01089953

Beta_{ 6 0}      -0.00217664     -0.00249462     -0.00467125
Beta_{ 6 2}      -0.00217027     -0.00246214     -0.00463240
Beta_{ 6 4}      -0.00225938     -0.00252176     -0.00478113
Beta_{ 6 6}      -0.00316067     -0.00358749     -0.00674816

Beta_{ 8 0}      -0.00003234     -0.00027960     -0.00031193
Beta_{ 8 2}      -0.00020555     -0.00018990     -0.00039546
Beta_{ 8 4}      -0.00015186     -0.00024300     -0.00039486
Beta_{ 8 6}      -0.00023749     -0.00023419     -0.00047168
Beta_{ 8 8}      -0.00022459     -0.00035556     -0.00058015

Beta_{10 0}       0.00089094      0.00100427      0.00189520
Beta_{10 2}       0.00002339      0.00003508      0.00005848
Beta_{10 4}      -0.00085528     -0.00094364     -0.00179892
Beta_{10 6}       0.00001279      0.00001473      0.00002752
Beta_{10 8}      -0.00101994     -0.00113291     -0.00215285
Beta_{1010}       0.00005138      0.00006718      0.00011857

______________________________________________________________
                     Neutrons        Protons         Total
______________________________________________________________
Q_{ 2}               11.5445         11.9555         23.5000
Q_{ 4}               21.0414         23.4455         44.4869
Q_{ 6}              221.4823        250.6707        472.1492
Q_{ 8}              306.8578        414.7555        708.2913
Q_{10}            17086.3041      18994.2504      36079.9991
______________________________________________________________
                     Neutrons        Protons         Total
______________________________________________________________
Beta_{   2}       0.08555859      0.08860436      0.17416295
Beta_{   4}       0.00993265      0.01106753      0.02100017
Beta_{   6}       0.00665936      0.00753698      0.01419623
Beta_{   8}       0.00058767      0.00079431      0.00135646
Beta_{  10}       0.00208424      0.00231697      0.00440114
______________________________________________________________
 Cart. Moments X              Y              Z
 Cart. N       18.2434819    -36.6036343     18.3601524
 Cart. P       18.8810614    -37.9066456     19.0255842
 Cart. T       37.1245433    -74.5102799     37.3857366
 (Q, gamma)    Q              Gamma
 (Q,g) N       36.6036962     59.8945617
 (Q,g) P       37.9067374     59.8738805
 (Q,g) T       74.5104325     59.8840403
 (iq1, iq2)    iq1            iq2
 iq    N        0.0777803     36.5647441
 iq    P        0.0963486     37.8584713
 iq    T        0.1741289     74.4232154
               X^2            Y^2            Z^2
 X^2_i N       70.0866107     51.8042386     70.1255008
 X^2_i P       72.1518978     53.2226622     72.2000721
 X^2_i T      142.2385085    105.0269008    142.3255729
------------------------------------------------------------
---------------------Rotational properties--------------------
                Rigid rotor          (hbar^2/MeV)
              n              p              t 
 I_R X       2.9401179      3.0243452      5.9644631
 I_R Y       3.3809646      3.4807899      6.8617546
 I_R Z       2.9391801      3.0231836      5.9623637

                Belyaev                 (hbar^2/MeV) 
              n              p              t 
 I_B X       1.4327331      1.4670229      2.8997561
 I_B Y       0.0416401      0.0431592      0.0847994
 I_B Z       1.3450199      1.3745035      2.7195234

                Belyaev (collective)    (hbar^2/MeV) 
              n              p              t 
 I_B X       0.0000000      0.0000000      0.0000000
 I_B Y       0.0000000      0.0000000      0.0000000
 I_B Z       0.0000000      0.0000000      0.0000000

                 <J^2> - <J>^2          (hbar^2)
              n              p              t 
 J2_X        2.2270173      2.2222450      4.4492623
 J2_Y        0.0568974      0.0580022      0.1148996
 J2_Z        2.1334159      2.1235353      4.2569512
 J2_t        4.4173305      4.4037826      8.8211131

                 <J^2> - <J>^2 (coll.)  (hbar^2)
              n              p              t 
 J2_X        0.0000000      0.0000000      0.0000000
 J2_Y        0.0000000      0.0000000      0.0000000
 J2_Z        0.0000000      0.0000000      0.0000000
 J2_t        0.0000000      0.0000000      0.0000000
------------------------- Angular Momentum (hbar) --------------------------

               Spwfs(*)    Desired     Omega       E (MeV)      Densit. 
  __________________________________________________________________________
   J_x   |     0.00000     0.00000     0.00000    -0.00000     0.00000
   J_y   |     0.00000     0.00000     0.00000    -0.00000     0.00000
   J_z   |     1.38861     0.00000     0.50000    -0.69430     1.38861
  __________________________________________________________________________
   Size  |     1.38861     0.00000     0.50000                 1.38861
  --------------------------------------------------------------------------
--------------------------------------------------------------------------------
 Skyrme Energy 
                                    Isoscalar      Isovector   |   Total
--------------------------------------------------------------------------------
                 E_D_I_I_D_I_I   -3570.883992       0.516209   -3570.367783
              E_D_I_I_D_I_I_DD    2398.879779      -0.433376    2398.446404
               E_D_I_Sm_D_I_Sm      -0.025729       0.000147      -0.025582
            E_D_I_Sm_D_I_Sm_DD       0.164841      -0.000099       0.164743
               E_D_I_I_D_Nm_Nm     135.141432       0.005867     135.147300
             E_D_I_I_Lap_D_I_I      96.317449      -0.019928      96.297521
           E_C_I_NmSk_C_I_NmSk       0.060369       0.000499       0.060868
               E_C_I_Nm_C_I_Nm      -0.058822      -0.000003      -0.058825
           E_D_I_Sm_Lap_D_I_Sm      -0.109679      -0.000022      -0.109700
            E_D_I_Sm_D_Nk_NkSm      -0.000279      -0.000006      -0.000284
       E_D_I_I_Derm_C_I_NxmSxm     -15.170705      -0.001550     -15.172255
        E_C_I_Nm_Derxm_D_I_Sxm      -0.063783      -0.000009      -0.063792
               E_DP_I_I_DP_I_I                                     0.000000
               E_CP_I_I_CP_I_I                                     0.000000
--------------------------------------------------------------------------------
                 Total Skyrme:                                  -955.681388
                    time-even:                                  -955.587946
                    time-odd :                                    -0.093442
--------------------------------------------------------------------------------
--------------------------------------------------------------------------------
                                     neutron        proton         total
                Kinetic Energy:     306.405562     298.214811     604.620373
                    COM 1-body:      -8.511266      -8.283745     -16.795010

                Coulomb Direct:       0.000000      66.917525      66.917525
                      Exchange:       0.000000      -6.754614      -6.754614

               Pairing (delta):       0.000000       0.000000       0.000000
               Pairing (densi):                                     0.000000
--------------------------------------------------------------------------------
                  Total energy:                                  -307.693114
                    from spwfs:                                  -307.970734
                   E_fu - E_sp:                                 0.277620E+00
                      Routhian:                                  -307.693114
--------------------------------------------------------------------------------
--------------------------------------------------------------------------------
 Iteration =    1
 dt  =   0.0193      mu  =   0.0000  D2H =  0.2E-11
 E   =   -307.693    DE  =  0.38811E-09
 dmun=  0.0E+00      dmup=  0.0E+00
 Q20 =      11.7911  Q22 =      14.3739 dQ20=  0.3E-06      dQ22=  0.3E-06
 Jz  =    1.389      dJZ =  0.8E-09
--------------------------------------------------------------------------------
 Iteration =    2
 dt  =   0.0365      mu  =   0.8921  D2H =  0.6E-02
 E   =   -307.691    DE  =  0.66064E-05
 dmun=  0.0E+00      dmup=  0.0E+00
 Q20 =      11.7908  Q22 =      14.3729 dQ20=  0.3E-03      dQ22=  0.1E-02
 Jz  =    1.391      dJZ =  0.2E-02
--------------------------------------------------------------------------------
 Iteration =    3
 dt  =   0.0370      mu  =   0.9181  D2H =  0.6E-02
 E   =   -307.687    DE  =  0.12680E-04
 dmun=  0.0E+00      dmup=  0.0E+00
 Q20 =      11.7901  Q22 =      14.3709 dQ20=  0.7E-03      dQ22=  0.2E-02
 Jz  =    1.398      dJZ =  0.7E-02
--------------------------------------------------------------------------------
 Iteration =    4
 dt  =   0.0370      mu  =   0.9183  D2H =  0.6E-02
 E   =   -307.682    DE  =  0.18077E-04
 dmun=  0.0E+00      dmup=  0.0E+00
 Q20 =      11.7891  Q22 =      14.3678 dQ20=  0.1E-02      dQ22=  0.3E-02
 Jz  =    1.410      dJZ =  0.1E-01
--------------------------------------------------------------------------------
 Iteration =    5
 dt  =   0.0370      mu  =   0.9183  D2H =  0.5E-02
 E   =   -307.675    DE  =  0.22733E-04
 dmun=  0.0E+00      dmup=  0.0E+00
 Q20 =      11.7877  Q22 =      14.3637 dQ20=  0.1E-02      dQ22=  0.4E-02
 Jz  =    1.425      dJZ =  0.2E-01
--------------------------------------------------------------------------------
 Iteration =    6
 dt  =   0.0370      mu  =   0.9184  D2H =  0.5E-02
 E   =   -307.666    DE  =  0.26607E-04
 dmun=  0.0E+00      dmup=  0.0E+00
 Q20 =      11.7860  Q22 =      14.3583 dQ20=  0.2E-02      dQ22=  0.5E-02
 Jz  =    1.443      dJZ =  0.2E-01
--------------------------------------------------------------------------------
 Iteration =    7
 dt  =   0.0370      mu  =   0.9185  D2H =  0.5E-02
 E   =   -307.657    DE  =  0.29690E-04
 dmun=  0.0E+00      dmup=  0.0E+00
 Q20 =      11.7838  Q22 =      14.3515 dQ20=  0.2E-02      dQ22=  0.7E-02
 Jz  =    1.463      dJZ =  0.2E-01
--------------------------------------------------------------------------------
 Iteration =    8
 dt  =   0.0370      mu  =   0.9186  D2H =  0.4E-02
 E   =   -307.647    DE  =  0.32015E-04
 dmun=  0.0E+00      dmup=  0.0E+00
 Q20 =      11.7813  Q22 =      14.3433 dQ20=  0.3E-02      dQ22=  0.8E-02
 Jz  =    1.485      dJZ =  0.2E-01
--------------------------------------------------------------------------------
 Iteration =    9
 dt  =   0.0370      mu  =   0.9187  D2H =  0.4E-02
 E   =   -307.637    DE  =  0.33643E-04
 dmun=  0.0E+00      dmup=  0.0E+00
 Q20 =      11.7783  Q22 =      14.3336 dQ20=  0.3E-02      dQ22=  0.1E-01
 Jz  =    1.508      dJZ =  0.2E-01
--------------------- Sp wavefunctions -----------------------------------------
________________________________________________________________________________
   Neutron wavefunctions
  i    P   Rz   occ       E        d2h    Delta   JxT    JyT    Jz     J
--------------------- Sp wavefunctions -----------------------------------------
  1  1.0  1.0  1.0000   -46.602  1.5E-05   0.00  -0.50   0.50   0.50   0.50
  8  1.0 -1.0  1.0000   -45.725  2.2E-05   0.00   0.50   0.50  -0.50   0.50
 29 -1.0 -1.0  1.0000   -33.994  3.6E-03   0.00  -0.44   0.66   1.23   1.49
 16 -1.0  1.0  1.0000   -33.645  9.4E-04   0.00  -0.64   1.27   0.43   1.50
 28 -1.0 -1.0  1.0000   -32.718  3.5E-03   0.00   1.36   0.34  -0.30   1.48
 15 -1.0  1.0  1.0000   -31.786  2.1E-03   0.00  -0.22  -0.28  -1.24   1.42
 17 -1.0  1.0  1.0000   -28.574  1.3E-03   0.00   0.36  -0.50   0.32   0.67
 30 -1.0 -1.0  1.0000   -28.049  1.5E-04   0.00  -0.42  -0.50  -0.43   0.59
  2  1.0  1.0  1.0000   -21.455  1.0E-02   0.00  -0.59   1.28   1.50   2.49
  9  1.0 -1.0  1.0000   -21.346  5.5E-03   0.00  -0.69   1.63   1.03   2.50
  4  1.0  1.0  1.0000   -20.686  1.1E-02   0.00   0.12   0.87   1.17   2.42
 11  1.0 -1.0  1.0000   -19.925  5.9E-03   0.00   2.06  -0.17  -0.11   2.46
  3  1.0  1.0  1.0000   -19.106  2.8E-03   0.00  -0.85  -0.64  -1.20   2.42
 10  1.0 -1.0  1.0000   -18.384  1.7E-03   0.00   0.04   0.04  -2.15   2.29
  5  1.0  1.0  1.0000   -15.588  1.2E-03   0.00  -0.47   0.48   0.38   1.00
 12  1.0 -1.0  1.0000   -15.039  4.5E-03   0.00   0.25   0.46  -0.24   1.19
  6  1.0  1.0  1.0000   -13.854  2.1E-03   0.00   0.23  -1.45   0.20   1.54
 13  1.0 -1.0  1.0000   -13.842  4.8E-03   0.00   0.21  -1.40   0.18   1.52
 14  1.0 -1.0  0.0000   -11.513  4.6E-03   0.00  -0.87   0.43   0.30   1.45
  7  1.0  1.0  0.0000   -10.782  2.4E-03   0.00   0.55   0.46  -1.05   1.48
 31 -1.0 -1.0  0.0000    -9.439  1.3E-02   0.00  -0.76   1.91   1.59   3.49
 18 -1.0  1.0  0.0000    -9.415  1.0E-02   0.00  -0.79   2.02   1.44   3.50
 33 -1.0 -1.0  0.0000    -8.795  1.6E-02   0.00   0.11   0.67   2.45   3.34
 20 -1.0  1.0  0.0000    -8.298  1.4E-02   0.00   0.91   0.75   1.02   3.41
 32 -1.0 -1.0  0.0000    -7.664  1.0E-02   0.00   2.10  -0.88  -0.02   3.40
 19 -1.0  1.0  0.0000    -6.981  6.1E-03   0.00  -1.77  -0.72  -1.03   3.31
 34 -1.0 -1.0  0.0000    -6.268  3.9E-03   0.00   0.44   0.35  -1.97   3.18
 21 -1.0  1.0  0.0000    -5.568  2.9E-03   0.00  -0.01   0.00  -2.89   3.06
 36 -1.0 -1.0  0.0000    -4.451  1.0E-02   0.00  -0.67   1.12   0.71   1.95
 23 -1.0  1.0  0.0000    -4.330  4.5E-03   0.00  -0.66   1.31   0.26   1.99
 35 -1.0 -1.0  0.0000    -3.100  6.9E-03   0.00   1.00  -0.20  -0.16   1.73
 22 -1.0  1.0  0.0000    -2.861  8.4E-03   0.00   0.27  -0.40  -0.12   1.35
 37 -1.0 -1.0  0.0000    -1.138  4.3E-03   0.00   0.06  -0.47  -0.15   1.41
 40 -1.0 -1.0  0.0000    -0.910  6.0E-03   0.00   0.57  -2.17   0.60   2.51
 24 -1.0  1.0  0.0000    -0.873  2.0E-02   0.00  -0.06  -0.66  -0.31   2.11
 27 -1.0  1.0  0.0000    -0.861  8.7E-03   0.00   0.45  -1.95   0.27   2.42
 26 -1.0  1.0  0.0000     0.548  1.7E-02   0.00  -1.11   0.42   0.96   2.36
 39 -1.0 -1.0  0.0000     0.813  7.7E-03   0.00  -1.35   0.82   0.04   2.44
 25 -1.0  1.0  0.0000     1.037  8.7E-04   0.00   0.51  -0.50   0.53   2.22
 38 -1.0 -1.0  0.0000     1.057  5.3E-04   0.00  -0.57  -0.43  -0.44   2.23
________________________________________________________________________________
   Proton  wavefunctions
  i    P   Rz   occ       E        d2h    Delta   JxT    JyT    Jz     J
--------------------- Sp wavefunctions -----------------------------------------
 41  1.0  1.0  1.0000   -39.270  1.6E-05   0.00  -0.50   0.50   0.50   0.51
 48  1.0 -1.0  1.0000   -38.412  2.3E-05   0.00   0.50   0.50  -0.50   0.50
 69 -1.0 -1.0  1.0000   -27.073  3.6E-03   0.00  -0.45   0.67   1.23   1.49
 56 -1.0  1.0  1.0000   -26.731  9.5E-04   0.00  -0.63   1.28   0.43   1.50
 68 -1.0 -1.0  1.0000   -25.818  3.5E-03   0.00   1.36   0.33  -0.29   1.48
 55 -1.0  1.0  1.0000   -24.897  2.2E-03   0.00  -0.21  -0.28  -1.23   1.42
 57 -1.0  1.0  1.0000   -21.725  1.3E-03   0.00   0.35  -0.50   0.31   0.68
 70 -1.0 -1.0  1.0000   -21.213  1.7E-04   0.00  -0.42  -0.50  -0.43   0.59
 42  1.0  1.0  1.0000   -14.889  1.0E-02   0.00  -0.59   1.28   1.50   2.49
 49  1.0 -1.0  1.0000   -14.780  5.5E-03   0.00  -0.69   1.63   1.03   2.50
 44  1.0  1.0  1.0000   -14.124  1.1E-02   0.00   0.14   0.87   1.17   2.42
 51  1.0 -1.0  1.0000   -13.374  5.9E-03   0.00   2.06  -0.17  -0.12   2.46
 43  1.0  1.0  1.0000   -12.561  2.8E-03   0.00  -0.87  -0.64  -1.20   2.42
 50  1.0 -1.0  1.0000   -11.832  1.8E-03   0.00   0.05   0.05  -2.15   2.29
 45  1.0  1.0  1.0000    -9.106  1.2E-03   0.00  -0.46   0.48   0.38   0.99
 52  1.0 -1.0  1.0000    -8.572  4.7E-03   0.00   0.24   0.46  -0.22   1.19
 46  1.0  1.0  1.0000    -7.475  2.1E-03   0.00   0.23  -1.45   0.20   1.54
 53  1.0 -1.0  1.0000    -7.463  4.9E-03   0.00   0.21  -1.40   0.17   1.52
 54  1.0 -1.0  0.0000    -5.173  4.7E-03   0.00  -0.86   0.43   0.28   1.45
 47  1.0  1.0  0.0000    -4.454  2.4E-03   0.00   0.55   0.46  -1.05   1.48
 71 -1.0 -1.0  0.0000    -3.225  1.3E-02   0.00  -0.75   1.86   1.63   3.49
 58 -1.0  1.0  0.0000    -3.199  1.0E-02   0.00  -0.79   1.98   1.46   3.50
 73 -1.0 -1.0  0.0000    -2.605  1.6E-02   0.00   0.08   0.69   2.43   3.32
 60 -1.0  1.0  0.0000    -2.105  1.4E-02   0.00   0.87   0.80   1.00   3.40
 72 -1.0 -1.0  0.0000    -1.480  1.0E-02   0.00   2.13  -0.85  -0.03   3.39
 59 -1.0  1.0  0.0000    -0.812  6.1E-03   0.00  -1.69  -0.72  -1.02   3.29
 74 -1.0 -1.0  0.0000    -0.123  4.5E-03   0.00   0.44   0.36  -1.91   3.13
 61 -1.0  1.0  0.0000     0.554  4.2E-03   0.00   0.00   0.01  -2.79   2.99
 76 -1.0 -1.0  0.0000     1.316  1.1E-02   0.00  -0.72   1.03   0.77   1.99
 63 -1.0  1.0  0.0000     1.453  5.4E-03   0.00  -0.74   1.26   0.25   2.04
 75 -1.0 -1.0  0.0000     2.438  5.8E-03   0.00   0.94  -0.15  -0.28   1.77
 62 -1.0  1.0  0.0000     2.538  6.9E-03   0.00   0.38  -0.40   0.02   1.33
 66 -1.0  1.0  0.0000     2.776  2.6E-05   0.00   0.50  -0.50   0.50   2.17
 79 -1.0 -1.0  0.0000     2.778  4.1E-05   0.00  -0.49  -0.50  -0.49   2.17
 77 -1.0 -1.0  0.0000     3.272  1.6E-03   0.00   0.24  -0.48  -0.02   1.74
 64 -1.0  1.0  0.0000     3.451  4.2E-03   0.00  -0.54  -0.46  -1.04   2.21
 80 -1.0 -1.0  0.0000     3.785  8.1E-04   0.00  -0.43   1.27   0.66   2.45
 67 -1.0  1.0  0.0000     3.805  2.3E-04   0.00  -0.36   1.48   0.28   2.47
 78 -1.0 -1.0  0.0000     3.976  1.1E-03   0.00   0.88  -0.33  -0.05   2.32
 65 -1.0  1.0  0.0000     4.041  2.3E-03   0.00   0.27  -0.52  -0.02   2.09
--------------------------------------------------------------------------------
---------------- Electric Multipole Moments -----------------
Quantisation Axis             : Z
  With secondary axis ordering: X,Y
______________________________________________________________
                     Neutrons        Protons         Total
______________________________________________________________
 Particles           18.0000         18.0000         36.0000

Re  Q_{ 2 0}          5.7825          5.9923         11.7748
Re  Q_{ 2 2}          7.0367          7.2855         14.3222

Re  Q_{ 4 0}         -8.2307         -9.1906        -17.4212
Re  Q_{ 4 2}         -8.3264         -9.2496        -17.5760
Re  Q_{ 4 4}        -10.9853        -12.2486        -23.2339

Re  Q_{ 6 0}        -72.3185        -82.9096       -155.2281
Re  Q_{ 6 2}        -72.1149        -81.8000       -153.9149
Re  Q_{ 6 4}        -75.0980        -83.7826       -158.8806
Re  Q_{ 6 6}       -105.1000       -119.2949       -224.3949

Re  Q_{ 8 0}        -25.1908       -177.8419       -203.0327
Re  Q_{ 8 2}       -106.4484        -97.7810       -204.2295
Re  Q_{ 8 4}        -81.1802       -137.2110       -218.3912
Re  Q_{ 8 6}       -122.2250       -119.9944       -242.2194
Re  Q_{ 8 8}       -121.2377       -201.2855       -322.5232

Re  Q_{10 0}       7152.3893       9112.3265      16264.7158
Re  Q_{10 2}        130.3550        168.9273        299.2823
Re  Q_{10 4}      -6884.7877      -8537.4308     -15422.2185
Re  Q_{10 6}        190.6618        944.6841       1135.3459
Re  Q_{10 8}      -7980.9679      -9554.7950     -17535.7630
Re  Q_{1010}        396.3435        672.6604       1069.0039

 RMS radius           3.2661          3.3131          3.2897
______________________________________________________________
                     Neutrons        Protons         Total
______________________________________________________________

Beta_{ 2 0}       0.04285521      0.04441046      0.08726567
Beta_{ 2 2}       0.05215046      0.05399394      0.10614440

Beta_{ 4 0}      -0.00388531     -0.00433844     -0.00822375
Beta_{ 4 2}      -0.00393051     -0.00436632     -0.00829683
Beta_{ 4 4}      -0.00518565     -0.00578199     -0.01096764

Beta_{ 6 0}      -0.00217442     -0.00249286     -0.00466728
Beta_{ 6 2}      -0.00216830     -0.00245950     -0.00462780
Beta_{ 6 4}      -0.00225799     -0.00251911     -0.00477710
Beta_{ 6 6}      -0.00316007     -0.00358687     -0.00674694

Beta_{ 8 0}      -0.00004824     -0.00034059     -0.00038883
Beta_{ 8 2}      -0.00020386     -0.00018726     -0.00039112
Beta_{ 8 4}      -0.00015547     -0.00026278     -0.00041825
Beta_{ 8 6}      -0.00023408     -0.00022980     -0.00046388
Beta_{ 8 8}      -0.00023218     -0.00038549     -0.00061767

Beta_{10 0}       0.00087247      0.00111155      0.00198402
Beta_{10 2}       0.00001590      0.00002061      0.00003651
Beta_{10 4}      -0.00083983     -0.00104142     -0.00188125
Beta_{10 6}       0.00002326      0.00011524      0.00013849
Beta_{10 8}      -0.00097354     -0.00116552     -0.00213906
Beta_{1010}       0.00004835      0.00008205      0.00013040

______________________________________________________________
                     Neutrons        Protons         Total
______________________________________________________________
Q_{ 2}               11.5095         11.9190         23.4285
Q_{ 4}               21.1602         23.5719         44.7321
Q_{ 6}              221.3651        250.5156        471.8767
Q_{ 8}              309.4392        445.2334        738.5215
Q_{10}            16545.9916      20350.5536      36881.9643
______________________________________________________________
                     Neutrons        Protons         Total
______________________________________________________________
Beta_{   2}       0.08529894      0.08833447      0.17363341
Beta_{   4}       0.00998876      0.01112719      0.02111594
Beta_{   6}       0.00665584      0.00753231      0.01418803
Beta_{   8}       0.00059261      0.00085268      0.00141436
Beta_{  10}       0.00201833      0.00248242      0.00449897
______________________________________________________________
 Cart. Moments X              Y              Z
 Cart. N       18.1581456    -36.4924710     18.3343255
 Cart. P       18.7913922    -37.7910832     18.9996909
 Cart. T       36.9495378    -74.2835542     37.3340164
 (Q, gamma)    Q              Gamma
 (Q,g) N       36.4926128     59.8402967
 (Q,g) P       37.7912745     59.8176702
 (Q,g) T       74.2838859     59.8287856
 (iq1, iq2)    iq1            iq2
 iq    N        0.1174533     36.4337444
 iq    P        0.1388658     37.7216503
 iq    T        0.2563191     74.1553947
               X^2            Y^2            Z^2
 X^2_i N       70.0582867     51.8414145     70.1170134
 X^2_i P       72.1223673     53.2615421     72.1918002
 X^2_i T      142.1806540    105.1029567    142.3088135
------------------------------------------------------------
------------------------- Angular Momentum (hbar) --------------------------

               Spwfs(*)    Desired     Omega       E (MeV)      Densit. 
  __________________________________________________________________________
   J_x   |     0.00000     0.00000     0.00000    -0.00000     0.00000
   J_y   |     0.00000     0.00000     0.00000    -0.00000     0.00000
   J_z   |     1.54468     0.00000     0.50000    -0.77234     1.54468
  __________________________________________________________________________
   Size  |     1.54468     0.00000     0.50000                 1.54468
  --------------------------------------------------------------------------
---------------------Rotational properties--------------------
                Rigid rotor          (hbar^2/MeV)
              n              p              t 
 I_R X       2.9408097      3.0250833      5.9658930
 I_R Y       3.3800770      3.4798784      6.8599554
 I_R Z       2.9393936      3.0234090      5.9628026

                Belyaev                 (hbar^2/MeV) 
              n              p              t 
 I_B X       1.4164869      1.4495307      2.8660176
 I_B Y       0.0502175      0.0519684      0.1021859
 I_B Z       1.3167474      1.3452279      2.6619753

                Belyaev (collective)    (hbar^2/MeV) 
              n              p              t 
 I_B X       0.0000000      0.0000000      0.0000000
 I_B Y       0.0000000      0.0000000      0.0000000
 I_B Z       0.0000000      0.0000000      0.0000000

                 <J^2> - <J>^2          (hbar^2)
              n              p              t 
 J2_X        2.2215567      2.2165358      4.4380925
 J2_Y        0.0695682      0.0708362      0.1404044
 J2_Z        2.1058108      2.0953198      4.2011306
 J2_t        4.3969357      4.3826918      8.7796275

                 <J^2> - <J>^2 (coll.)  (hbar^2)
              n              p              t 
 J2_X        0.0000000      0.0000000      0.0000000
 J2_Y        0.0000000      0.0000000      0.0000000
 J2_Z        0.0000000      0.0000000      0.0000000
 J2_t        0.0000000      0.0000000      0.0000000
--------------------------------------------------------------------------------
 Skyrme Energy 
                                    Isoscalar      Isovector   |   Total
--------------------------------------------------------------------------------
                 E_D_I_I_D_I_I   -3570.543137       0.516192   -3570.026945
              E_D_I_I_D_I_I_DD    2398.616982      -0.433356    2398.183627
               E_D_I_Sm_D_I_Sm      -0.030562       0.000180      -0.030382
            E_D_I_Sm_D_I_Sm_DD       0.195737      -0.000121       0.195616
               E_D_I_I_D_Nm_Nm     135.137684       0.005868     135.143553
             E_D_I_I_Lap_D_I_I      96.289589      -0.019919      96.269670
           E_C_I_NmSk_C_I_NmSk       0.059767       0.000494       0.060260
               E_C_I_Nm_C_I_Nm      -0.071796      -0.000004      -0.071800
           E_D_I_Sm_Lap_D_I_Sm      -0.129153      -0.000026      -0.129180
            E_D_I_Sm_D_Nk_NkSm      -0.000337      -0.000007      -0.000344
       E_D_I_I_Derm_C_I_NxmSxm     -15.134794      -0.001547     -15.136341
        E_C_I_Nm_Derxm_D_I_Sxm      -0.075826      -0.000011      -0.075837
               E_DP_I_I_DP_I_I                                     0.000000
               E_CP_I_I_CP_I_I                                     0.000000
--------------------------------------------------------------------------------
                 Total Skyrme:                                  -955.618102
                    time-even:                                  -955.506176
                    time-odd :                                    -0.111926
--------------------------------------------------------------------------------
--------------------------------------------------------------------------------
                                     neutron        proton         total
                Kinetic Energy:     306.408209     298.216627     604.624836
                    COM 1-body:      -8.511339      -8.283795     -16.795134

                Coulomb Direct:       0.000000      66.916325      66.916325
                      Exchange:       0.000000      -6.754369      -6.754369

               Pairing (delta):       0.000000       0.000000       0.000000
               Pairing (densi):                                     0.000000
--------------------------------------------------------------------------------
                  Total energy:                                  -307.626444
                    from spwfs:                                  -307.643476
                   E_fu - E_sp:                                 0.170327E-01
                      Routhian:                                  -307.252282
--------------------------------------------------------------------------------
--------------------------------------------------------------------------------
Convergence report
                        Change^(i)     Change^(i-1)   rate (approx)
  Con.  Energy      :       1.07E-02       1.03E-02       3.21E-01
  Con.  Routhian    :       1.63E-02       1.57E-02       3.77E-01
  Con.  E_fu - E_sp :      -7.92E-04      -1.12E-03       1.56E-01
  Con.  |delta rho| :       1.21E-04       0.00E+00       4.15E-01
--------------------------------------------------------------------------------
--------------------------------------------------------------------------------
 Iteration =   11
 dt  =   0.0370      mu  =   0.9190  D2H =  0.3E-02
 E   =   -307.616    DE  =  0.35125E-04
 dmun=  0.0E+00      dmup=  0.0E+00
 Q20 =      11.7710  Q22 =      14.3091 dQ20=  0.4E-02      dQ22=  0.1E-01
 Jz  =    1.556      dJZ =  0.1E-01
--------------------------------------------------------------------------------
 Iteration =   12
 dt  =   0.0370      mu  =   0.9191  D2H =  0.3E-02
 E   =   -307.605    DE  =  0.35119E-04
 dmun=  0.0E+00      dmup=  0.0E+00
 Q20 =      11.7667  Q22 =      14.2944 dQ20=  0.4E-02      dQ22=  0.1E-01
 Jz  =    1.580      dJZ =  0.2E-01
--------------------------------------------------------------------------------
 Iteration =   13
 dt  =   0.0370      mu  =   0.9193  D2H =  0.3E-02
 E   =   -307.594    DE  =  0.34679E-04
 dmun=  0.0E+00      dmup=  0.0E+00
 Q20 =      11.7619  Q22 =      14.2783 dQ20=  0.5E-02      dQ22=  0.2E-01
 Jz  =    1.603      dJZ =  0.2E-01
--------------------------------------------------------------------------------
 Iteration =   14
 dt  =   0.0370      mu  =   0.9195  D2H =  0.2E-02
 E   =   -307.584    DE  =  0.33837E-04
 dmun=  0.0E+00      dmup=  0.0E+00
 Q20 =      11.7567  Q22 =      14.2609 dQ20=  0.5E-02      dQ22=  0.2E-01
 Jz  =    1.625      dJZ =  0.2E-01
--------------------------------------------------------------------------------
 Iteration =   15
 dt  =   0.0370      mu  =   0.9196  D2H =  0.2E-02
 E   =   -307.574    DE  =  0.32618E-04
 dmun=  0.0E+00      dmup=  0.0E+00
 Q20 =      11.7511  Q22 =      14.2424 dQ20=  0.6E-02      dQ22=  0.2E-01
 Jz  =    1.647      dJZ =  0.2E-01
--------------------------------------------------------------------------------
 Iteration =   16
 dt  =   0.0370      mu  =   0.9198  D2H =  0.2E-02
 E   =   -307.564    DE  =  0.31049E-04
 dmun=  0.0E+00      dmup=  0.0E+00
 Q20 =      11.7449  Q22 =      14.2233 dQ20=  0.6E-02      dQ22=  0.2E-01
 Jz  =    1.667      dJZ =  0.2E-01
--------------------------------------------------------------------------------
 Iteration =   17
 dt  =   0.0370      mu  =   0.9200  D2H =  0.2E-02
 E   =   -307.555    DE  =  0.29165E-04
 dmun=  0.0E+00      dmup=  0.0E+00
 Q20 =      11.7382  Q22 =      14.2037 dQ20=  0.7E-02      dQ22=  0.2E-01
 Jz  =    1.686      dJZ =  0.2E-01
--------------------------------------------------------------------------------
 Iteration =   18
 dt  =   0.0370      mu  =   0.9201  D2H =  0.2E-02
 E   =   -307.547    DE  =  0.27009E-04
 dmun=  0.0E+00      dmup=  0.0E+00
 Q20 =      11.7310  Q22 =      14.1842 dQ20=  0.7E-02      dQ22=  0.2E-01
 Jz  =    1.704      dJZ =  0.2E-01
--------------------------------------------------------------------------------
 Iteration =   19
 dt  =   0.0370      mu  =   0.9203  D2H =  0.2E-02
 E   =   -307.539    DE  =  0.24628E-04
 dmun=  0.0E+00      dmup=  0.0E+00
 Q20 =      11.7233  Q22 =      14.1650 dQ20=  0.8E-02      dQ22=  0.2E-01
 Jz  =    1.720      dJZ =  0.2E-01
--------------------- Sp wavefunctions -----------------------------------------
________________________________________________________________________________
   Neutron wavefunctions
  i    P   Rz   occ       E        d2h    Delta   JxT    JyT    Jz     J
--------------------- Sp wavefunctions -----------------------------------------
  1  1.0  1.0  1.0000   -46.625  6.4E-06   0.00  -0.50   0.50   0.50   0.50
  8  1.0 -1.0  1.0000   -45.696  5.5E-06   0.00   0.50   0.50  -0.50   0.50
 29 -1.0 -1.0  1.0000   -34.037  2.2E-03   0.00  -0.42   0.61   1.26   1.49
 16 -1.0  1.0  1.0000   -33.660  2.5E-04   0.00  -0.66   1.26   0.44   1.50
 28 -1.0 -1.0  1.0000   -32.702  2.1E-03   0.00   1.35   0.39  -0.33   1.48
 15 -1.0  1.0  1.0000   -31.740  3.0E-04   0.00  -0.18  -0.26  -1.23   1.42
 17 -1.0  1.0  1.0000   -28.591  7.7E-05   0.00   0.35  -0.50   0.30   0.68
 30 -1.0 -1.0  1.0000   -28.040  1.7E-04   0.00  -0.42  -0.50  -0.44   0.58
  2  1.0  1.0  1.0000   -21.485  6.4E-03   0.00  -0.56   1.14   1.61   2.49
  9  1.0 -1.0  1.0000   -21.365  1.9E-03   0.00  -0.70   1.52   1.09   2.50
  4  1.0  1.0  1.0000   -20.693  6.7E-03   0.00   0.02   0.98   1.10   2.43
 11  1.0 -1.0  1.0000   -19.917  2.0E-03   0.00   2.07  -0.05  -0.16   2.46
  3  1.0  1.0  1.0000   -19.080  7.5E-04   0.00  -0.77  -0.61  -1.22   2.41
 10  1.0 -1.0  1.0000   -18.345  1.0E-03   0.00   0.04   0.04  -2.14   2.28
  5  1.0  1.0  1.0000   -15.605  3.3E-04   0.00  -0.48   0.48   0.38   0.99
 12  1.0 -1.0  1.0000   -15.028  1.4E-03   0.00   0.22   0.45  -0.21   1.21
  6  1.0  1.0  1.0000   -13.856  2.8E-04   0.00   0.26  -1.43   0.23   1.54
 13  1.0 -1.0  1.0000   -13.843  7.1E-04   0.00   0.24  -1.38   0.19   1.52
 14  1.0 -1.0  0.0000   -11.538  9.5E-04   0.00  -0.89   0.41   0.23   1.45
  7  1.0  1.0  0.0000   -10.792  1.9E-04   0.00   0.53   0.44  -1.08   1.48
 31 -1.0 -1.0  0.0000    -9.455  6.5E-03   0.00  -0.73   1.70   1.73   3.49
 18 -1.0  1.0  0.0000    -9.428  3.5E-03   0.00  -0.78   1.82   1.55   3.50
 33 -1.0 -1.0  0.0000    -8.801  8.4E-03   0.00   0.01   0.75   2.41   3.34
 20 -1.0  1.0  0.0000    -8.298  4.7E-03   0.00   0.76   0.96   0.97   3.41
 32 -1.0 -1.0  0.0000    -7.657  3.0E-03   0.00   2.23  -0.72  -0.07   3.40
 19 -1.0  1.0  0.0000    -6.965  1.5E-03   0.00  -1.63  -0.73  -1.06   3.31
 34 -1.0 -1.0  0.0000    -6.242  1.1E-03   0.00   0.40   0.33  -1.97   3.17
 21 -1.0  1.0  0.0000    -5.534  1.8E-03   0.00   0.00   0.01  -2.86   3.04
 36 -1.0 -1.0  0.0000    -4.472  2.5E-03   0.00  -0.71   1.05   0.77   1.95
 23 -1.0  1.0  0.0000    -4.341  8.4E-04   0.00  -0.73   1.27   0.26   2.00
 35 -1.0 -1.0  0.0000    -3.102  2.9E-03   0.00   1.03  -0.15  -0.22   1.76
 22 -1.0  1.0  0.0000    -2.855  1.1E-03   0.00   0.30  -0.40  -0.07   1.34
 37 -1.0 -1.0  0.0000    -1.145  1.0E-03   0.00   0.05  -0.45  -0.18   1.39
 40 -1.0 -1.0  0.0000    -0.907  8.3E-04   0.00   0.61  -2.10   0.66   2.50
 24 -1.0  1.0  0.0000    -0.877  6.9E-03   0.00  -0.01  -0.65  -0.27   2.17
 27 -1.0  1.0  0.0000    -0.855  5.8E-03   0.00   0.47  -1.86   0.25   2.40
 26 -1.0  1.0  0.0000     0.535  3.6E-03   0.00  -1.11   0.29   0.95   2.35
 39 -1.0 -1.0  0.0000     0.808  1.1E-03   0.00  -1.43   0.73   0.01   2.44
 25 -1.0  1.0  0.0000     1.037  5.1E-04   0.00   0.52  -0.50   0.53   2.22
 38 -1.0 -1.0  0.0000     1.056  1.1E-04   0.00  -0.58  -0.44  -0.45   2.23
________________________________________________________________________________
   Proton  wavefunctions
  i    P   Rz   occ       E        d2h    Delta   JxT    JyT    Jz     J
--------------------- Sp wavefunctions -----------------------------------------
 41  1.0  1.0  1.0000   -39.292  7.2E-06   0.00  -0.50   0.50   0.50   0.51
 48  1.0 -1.0  1.0000   -38.385  6.4E-06   0.00   0.50   0.50  -0.50   0.50
 69 -1.0 -1.0  1.0000   -27.114  2.2E-03   0.00  -0.43   0.61   1.26   1.49
 56 -1.0  1.0  1.0000   -26.745  2.5E-04   0.00  -0.66   1.26   0.44   1.50
 68 -1.0 -1.0  1.0000   -25.803  2.1E-03   0.00   1.34   0.39  -0.33   1.48
 55 -1.0  1.0  1.0000   -24.854  3.0E-04   0.00  -0.18  -0.26  -1.22   1.41
 57 -1.0  1.0  1.0000   -21.742  8.0E-05   0.00   0.34  -0.50   0.29   0.69
 70 -1.0 -1.0  1.0000   -21.205  1.8E-04   0.00  -0.42  -0.50  -0.44   0.59
 42  1.0  1.0  1.0000   -14.918  6.3E-03   0.00  -0.56   1.14   1.61   2.49
 49  1.0 -1.0  1.0000   -14.799  1.9E-03   0.00  -0.70   1.52   1.09   2.50
 44  1.0  1.0  1.0000   -14.131  6.7E-03   0.00   0.03   0.98   1.10   2.43
 51  1.0 -1.0  1.0000   -13.366  2.0E-03   0.00   2.07  -0.06  -0.16   2.46
 43  1.0  1.0  1.0000   -12.536  7.7E-04   0.00  -0.79  -0.61  -1.22   2.41
 50  1.0 -1.0  1.0000   -11.794  1.0E-03   0.00   0.05   0.05  -2.13   2.28
 45  1.0  1.0  1.0000    -9.123  3.3E-04   0.00  -0.47   0.48   0.38   0.99
 52  1.0 -1.0  1.0000    -8.561  1.4E-03   0.00   0.22   0.44  -0.19   1.21
 46  1.0  1.0  1.0000    -7.477  2.9E-04   0.00   0.26  -1.43   0.23   1.54
 53  1.0 -1.0  1.0000    -7.463  8.1E-04   0.00   0.24  -1.37   0.18   1.51
 54  1.0 -1.0  0.0000    -5.197  9.4E-04   0.00  -0.87   0.41   0.22   1.45
 47  1.0  1.0  0.0000    -4.464  1.9E-04   0.00   0.53   0.44  -1.08   1.48
 71 -1.0 -1.0  0.0000    -3.240  6.6E-03   0.00  -0.72   1.65   1.77   3.49
 58 -1.0  1.0  0.0000    -3.211  3.5E-03   0.00  -0.77   1.78   1.57   3.50
 73 -1.0 -1.0  0.0000    -2.611  8.4E-03   0.00  -0.02   0.77   2.39   3.33
 60 -1.0  1.0  0.0000    -2.104  4.7E-03   0.00   0.72   1.01   0.96   3.40
 72 -1.0 -1.0  0.0000    -1.472  2.8E-03   0.00   2.25  -0.68  -0.09   3.39
 59 -1.0  1.0  0.0000    -0.798  1.4E-03   0.00  -1.55  -0.72  -1.05   3.28
 74 -1.0 -1.0  0.0000    -0.099  1.1E-03   0.00   0.40   0.35  -1.90   3.11
 61 -1.0  1.0  0.0000     0.586  1.6E-03   0.00   0.01   0.03  -2.75   2.95
 76 -1.0 -1.0  0.0000     1.296  2.6E-03   0.00  -0.75   0.95   0.82   1.99
 63 -1.0  1.0  0.0000     1.443  1.1E-03   0.00  -0.80   1.21   0.24   2.05
 75 -1.0 -1.0  0.0000     2.439  2.5E-03   0.00   0.95  -0.10  -0.33   1.80
 62 -1.0  1.0  0.0000     2.541  1.2E-03   0.00   0.40  -0.40   0.05   1.33
 66 -1.0  1.0  0.0000     2.776  1.7E-05   0.00   0.50  -0.50   0.51   2.17
 79 -1.0 -1.0  0.0000     2.778  1.8E-05   0.00  -0.49  -0.50  -0.49   2.17
 77 -1.0 -1.0  0.0000     3.271  4.7E-04   0.00   0.23  -0.47  -0.05   1.73
 64 -1.0  1.0  0.0000     3.450  1.2E-03   0.00  -0.54  -0.45  -1.08   2.23
 80 -1.0 -1.0  0.0000     3.783  5.2E-04   0.00  -0.43   1.26   0.68   2.45
 67 -1.0  1.0  0.0000     3.805  1.4E-04   0.00  -0.36   1.48   0.29   2.47
 78 -1.0 -1.0  0.0000     3.976  5.0E-04   0.00   0.90  -0.32  -0.05   2.32
 65 -1.0  1.0  0.0000     4.043  1.1E-03   0.00   0.28  -0.52   0.02   2.08
--------------------------------------------------------------------------------
---------------- Electric Multipole Moments -----------------
Quantisation Axis             : Z
  With secondary axis ordering: X,Y
______________________________________________________________
                     Neutrons        Protons         Total
______________________________________________________________
 Particles           18.0000         18.0000         36.0000

Re  Q_{ 2 0}          5.7525          5.9623         11.7149
Re  Q_{ 2 2}          6.9510          7.1955         14.1465

Re  Q_{ 4 0}         -8.3129         -9.2752        -17.5881
Re  Q_{ 4 2}         -8.4375         -9.3655        -17.8030
Re  Q_{ 4 4}        -11.0573        -12.3199        -23.3772

Re  Q_{ 6 0}        -71.7008        -82.1726       -153.8734
Re  Q_{ 6 2}        -71.3895        -80.9306       -152.3202
Re  Q_{ 6 4}        -74.0060        -82.5197       -156.5257
Re  Q_{ 6 6}       -102.8129       -116.6811       -219.4940

Re  Q_{ 8 0}        -23.6781       -174.4963       -198.1745
Re  Q_{ 8 2}       -103.5745        -94.6389       -198.2134
Re  Q_{ 8 4}        -78.3231       -133.4255       -211.7486
Re  Q_{ 8 6}       -116.9115       -113.9421       -230.8537
Re  Q_{ 8 8}       -113.7639       -193.0835       -306.8474

Re  Q_{10 0}       7276.7914       9200.6481      16477.4395
Re  Q_{10 2}        223.4699        241.6530        465.1229
Re  Q_{10 4}      -6745.0690      -8361.0991     -15106.1681
Re  Q_{10 6}        265.7511       1001.0243       1266.7755
Re  Q_{10 8}      -7779.2045      -9323.6295     -17102.8340
Re  Q_{1010}        571.3657        760.9453       1332.3110

 RMS radius           3.2659          3.3129          3.2895
______________________________________________________________
                     Neutrons        Protons         Total
______________________________________________________________

Beta_{ 2 0}       0.04263331      0.04418809      0.08682140
Beta_{ 2 2}       0.05151502      0.05332745      0.10484247

Beta_{ 4 0}      -0.00392413     -0.00437838     -0.00830251
Beta_{ 4 2}      -0.00398294     -0.00442104     -0.00840397
Beta_{ 4 4}      -0.00521961     -0.00581567     -0.01103528

Beta_{ 6 0}      -0.00215585     -0.00247070     -0.00462655
Beta_{ 6 2}      -0.00214649     -0.00243336     -0.00457985
Beta_{ 6 4}      -0.00222516     -0.00248114     -0.00470630
Beta_{ 6 6}      -0.00309130     -0.00350828     -0.00659958

Beta_{ 8 0}      -0.00004535     -0.00033418     -0.00037953
Beta_{ 8 2}      -0.00019836     -0.00018124     -0.00037960
Beta_{ 8 4}      -0.00015000     -0.00025553     -0.00040552
Beta_{ 8 6}      -0.00022390     -0.00021821     -0.00044211
Beta_{ 8 8}      -0.00021787     -0.00036978     -0.00058765

Beta_{10 0}       0.00088764      0.00112232      0.00200996
Beta_{10 2}       0.00002726      0.00002948      0.00005674
Beta_{10 4}      -0.00082278     -0.00101991     -0.00184269
Beta_{10 6}       0.00003242      0.00012211      0.00015452
Beta_{10 8}      -0.00094893     -0.00113732     -0.00208625
Beta_{1010}       0.00006970      0.00009282      0.00016252

______________________________________________________________
                     Neutrons        Protons         Total
______________________________________________________________
Q_{ 2}               11.3896         11.7941         23.1837
Q_{ 4}               21.3544         23.7701         45.1245
Q_{ 6}              217.7813        246.3733        464.1505
Q_{ 8}              295.8144        429.5286        708.8178
Q_{10}            16305.5111      20040.1344      36333.2455
______________________________________________________________
                     Neutrons        Protons         Total
______________________________________________________________
Beta_{   2}       0.08441086      0.08740836      0.17181921
Beta_{   4}       0.01008043      0.01122076      0.02130117
Beta_{   6}       0.00654808      0.00740777      0.01395573
Beta_{   8}       0.00056652      0.00082260      0.00135747
Beta_{  10}       0.00198899      0.00244455      0.00443203
______________________________________________________________
 Cart. Moments X              Y              Z
 Cart. N       17.8726611    -36.1120516     18.2393904
 Cart. P       18.4897366    -37.3942958     18.9045593
 Cart. T       36.3623977    -73.5063474     37.1439497
 (Q, gamma)    Q              Gamma
 (Q,g) N       36.1126723     59.6640687
 (Q,g) P       37.3950628     59.6330447
 (Q,g) T       73.5077324     59.6482861
 (iq1, iq2)    iq1            iq2
 iq    N        0.2444862     35.9898085
 iq    P        0.2765485     37.2560216
 iq    T        0.5210347     73.2458301
               X^2            Y^2            Z^2
 X^2_i N       69.9550312     51.9601270     70.0772743
 X^2_i P       72.0139853     53.3859745     72.1522596
 X^2_i T      141.9690165    105.3461015    142.2295339
------------------------------------------------------------
------------------------- Angular Momentum (hbar) --------------------------

               Spwfs(*)    Desired     Omega       E (MeV)      Densit. 
  __________________________________________________________________________
   J_x   |     0.00000     0.00000     0.00000    -0.00000     0.00000
   J_y   |     0.00000     0.00000     0.00000    -0.00000     0.00000
   J_z   |     1.74191     0.00000     0.50000    -0.87095     1.74191
  __________________________________________________________________________
   Size  |     1.74191     0.00000     0.50000                 1.74191
  --------------------------------------------------------------------------
---------------------Rotational properties--------------------
                Rigid rotor          (hbar^2/MeV)
              n              p              t 
 I_R X       2.9427140      3.0271303      5.9698443
 I_R Y       3.3766289      3.4763115      6.8529405
 I_R Z       2.9397663      3.0237961      5.9635624

                Belyaev                 (hbar^2/MeV) 
              n              p              t 
 I_B X       1.4193200      1.4521800      2.8715000
 I_B Y       0.0654970      0.0677618      0.1332588
 I_B Z       1.2853513      1.3125804      2.5979317

                Belyaev (collective)    (hbar^2/MeV) 
              n              p              t 
 I_B X       0.0000000      0.0000000      0.0000000
 I_B Y       0.0000000      0.0000000      0.0000000
 I_B Z       0.0000000      0.0000000      0.0000000

                 <J^2> - <J>^2          (hbar^2)
              n              p              t 
 J2_X        2.2053520      2.2003826      4.4057346
 J2_Y        0.0897426      0.0913937      0.1811363
 J2_Z        2.0510094      2.0400542      4.0910636
 J2_t        4.3461040      4.3318305      8.6779345

                 <J^2> - <J>^2 (coll.)  (hbar^2)
              n              p              t 
 J2_X        0.0000000      0.0000000      0.0000000
 J2_Y        0.0000000      0.0000000      0.0000000
 J2_Z        0.0000000      0.0000000      0.0000000
 J2_t        0.0000000      0.0000000      0.0000000
--------------------------------------------------------------------------------
 Skyrme Energy 
                                    Isoscalar      Isovector   |   Total
--------------------------------------------------------------------------------
                 E_D_I_I_D_I_I   -3570.061652       0.516166   -3569.545486
              E_D_I_I_D_I_I_DD    2398.249296      -0.433336    2397.815960
               E_D_I_Sm_D_I_Sm      -0.038816       0.000231      -0.038585
            E_D_I_Sm_D_I_Sm_DD       0.248721      -0.000156       0.248566
               E_D_I_I_D_Nm_Nm     135.146921       0.005871     135.152793
             E_D_I_I_Lap_D_I_I      96.227560      -0.019897      96.207662
           E_C_I_NmSk_C_I_NmSk       0.058912       0.000487       0.059399
               E_C_I_Nm_C_I_Nm      -0.092003      -0.000005      -0.092008
           E_D_I_Sm_Lap_D_I_Sm      -0.162552      -0.000033      -0.162585
            E_D_I_Sm_D_Nk_NkSm      -0.000473      -0.000010      -0.000483
       E_D_I_I_Derm_C_I_NxmSxm     -15.095648      -0.001549     -15.097197
        E_C_I_Nm_Derxm_D_I_Sxm      -0.097416      -0.000014      -0.097430
               E_DP_I_I_DP_I_I                                     0.000000
               E_CP_I_I_CP_I_I                                     0.000000
--------------------------------------------------------------------------------
                 Total Skyrme:                                  -955.549394
                    time-even:                                  -955.406868
                    time-odd :                                    -0.142526
--------------------------------------------------------------------------------
--------------------------------------------------------------------------------
                                     neutron        proton         total
                Kinetic Energy:     306.422128     298.227890     604.650019
                    COM 1-body:      -8.511726      -8.284108     -16.795834

                Coulomb Direct:       0.000000      66.916671      66.916671
                      Exchange:       0.000000      -6.753998      -6.753998

               Pairing (delta):       0.000000       0.000000       0.000000
               Pairing (densi):                                     0.000000
--------------------------------------------------------------------------------
                  Total energy:                                  -307.532537
                    from spwfs:                                  -307.542569
                   E_fu - E_sp:                                 0.100321E-01
                      Routhian:                                  -307.104429
--------------------------------------------------------------------------------
--------------------------------------------------------------------------------
Convergence report
                        Change^(i)     Change^(i-1)   rate (approx)
  Con.  Energy      :       6.79E-03       7.57E-03       3.63E+00
  Con.  Routhian    :       1.10E-02       1.22E-02       9.16E-01
  Con.  E_fu - E_sp :       1.60E-03       1.51E-03      -1.63E+00
  Con.  |delta rho| :       2.03E-04       0.00E+00       1.68E-01
--------------------------------------------------------------------------------
--------------------------------------------------------------------------------
 Iteration =   21
 dt  =   0.0371      mu  =   0.9215  D2H =  0.1E-02
 E   =   -307.527    DE  =  0.19426E-04
 dmun=  0.0E+00      dmup=  0.0E+00
 Q20 =      11.7059  Q22 =      14.1289 dQ20=  0.9E-02      dQ22=  0.2E-01
 Jz  =    1.747      dJZ =  0.5E-02
--------------------------------------------------------------------------------
 Iteration =   22
 dt  =   0.0371      mu  =   0.9223  D2H =  0.1E-02
 E   =   -307.521    DE  =  0.16706E-04
 dmun=  0.0E+00      dmup=  0.0E+00
 Q20 =      11.6963  Q22 =      14.1124 dQ20=  0.1E-01      dQ22=  0.2E-01
 Jz  =    1.758      dJZ =  0.1E-01
--------------------------------------------------------------------------------
 Iteration =   23
 dt  =   0.0371      mu  =   0.9230  D2H =  0.1E-02
 E   =   -307.517    DE  =  0.13965E-04
 dmun=  0.0E+00      dmup=  0.0E+00
 Q20 =      11.6860  Q22 =      14.0972 dQ20=  0.1E-01      dQ22=  0.2E-01
 Jz  =    1.767      dJZ =  0.9E-02
--------------------------------------------------------------------------------
 Iteration =   24
 dt  =   0.0371      mu  =   0.9237  D2H =  0.1E-02
 E   =   -307.514    DE  =  0.11250E-04
 dmun=  0.0E+00      dmup=  0.0E+00
 Q20 =      11.6751  Q22 =      14.0833 dQ20=  0.1E-01      dQ22=  0.1E-01
 Jz  =    1.775      dJZ =  0.8E-02
--------------------------------------------------------------------------------
 Iteration =   25
 dt  =   0.0371      mu  =   0.9243  D2H =  0.1E-02
 E   =   -307.511    DE  =  0.86087E-05
 dmun=  0.0E+00      dmup=  0.0E+00
 Q20 =      11.6636  Q22 =      14.0708 dQ20=  0.1E-01      dQ22=  0.1E-01
 Jz  =    1.781      dJZ =  0.6E-02
--------------------------------------------------------------------------------
 Iteration =   26
 dt  =   0.0371      mu  =   0.9249  D2H =  0.9E-03
 E   =   -307.509    DE  =  0.60906E-05
 dmun=  0.0E+00      dmup=  0.0E+00
 Q20 =      11.6516  Q22 =      14.0595 dQ20=  0.1E-01      dQ22=  0.1E-01
 Jz  =    1.786      dJZ =  0.5E-02
--------------------------------------------------------------------------------
 Iteration =   27
 dt  =   0.0371      mu  =   0.9254  D2H =  0.8E-03
 E   =   -307.508    DE  =  0.37410E-05
 dmun=  0.0E+00      dmup=  0.0E+00
 Q20 =      11.6392  Q22 =      14.0493 dQ20=  0.1E-01      dQ22=  0.1E-01
 Jz  =    1.789      dJZ =  0.3E-02
--------------------------------------------------------------------------------
 Iteration =   28
 dt  =   0.0371      mu  =   0.9258  D2H =  0.7E-03
 E   =   -307.508    DE  =  0.15978E-05
 dmun=  0.0E+00      dmup=  0.0E+00
 Q20 =      11.6263  Q22 =      14.0402 dQ20=  0.1E-01      dQ22=  0.9E-02
 Jz  =    1.790      dJZ =  0.2E-02
--------------------------------------------------------------------------------
 Iteration =   29
 dt  =   0.0371      mu  =   0.9262  D2H =  0.7E-03
 E   =   -307.508    DE  =  0.31203E-06
 dmun=  0.0E+00      dmup=  0.0E+00
 Q20 =      11.6133  Q22 =      14.0319 dQ20=  0.1E-01      dQ22=  0.8E-02
 Jz  =    1.791      dJZ =  0.5E-03
--------------------- Sp wavefunctions -----------------------------------------
________________________________________________________________________________
   Neutron wavefunctions
  i    P   Rz   occ       E        d2h    Delta   JxT    JyT    Jz     J
--------------------- Sp wavefunctions -----------------------------------------
  1  1.0  1.0  1.0000   -46.648  2.1E-06   0.00  -0.50   0.50   0.50   0.50
  8  1.0 -1.0  1.0000   -45.683  1.9E-06   0.00   0.50   0.50  -0.50   0.50
 29 -1.0 -1.0  1.0000   -34.062  3.7E-04   0.00  -0.40   0.55   1.29   1.49
 16 -1.0  1.0  1.0000   -33.669  8.4E-06   0.00  -0.68   1.24   0.45   1.50
 28 -1.0 -1.0  1.0000   -32.691  4.1E-04   0.00   1.32   0.45  -0.36   1.48
 15 -1.0  1.0  1.0000   -31.723  5.4E-04   0.00  -0.16  -0.25  -1.24   1.41
 17 -1.0  1.0  1.0000   -28.598  5.3E-04   0.00   0.35  -0.50   0.29   0.69
 30 -1.0 -1.0  1.0000   -28.051  1.3E-04   0.00  -0.42  -0.50  -0.44   0.58
  2  1.0  1.0  1.0000   -21.503  2.6E-03   0.00  -0.52   1.01   1.71   2.49
  9  1.0 -1.0  1.0000   -21.373  1.9E-04   0.00  -0.69   1.43   1.13   2.50
  4  1.0  1.0  1.0000   -20.690  2.5E-03   0.00  -0.07   1.09   1.01   2.43
 11  1.0 -1.0  1.0000   -19.909  1.4E-04   0.00   2.07   0.05  -0.20   2.46
  3  1.0  1.0  1.0000   -19.066  2.2E-04   0.00  -0.71  -0.59  -1.24   2.42
 10  1.0 -1.0  1.0000   -18.330  6.8E-04   0.00   0.04   0.03  -2.15   2.28
  5  1.0  1.0  1.0000   -15.617  1.9E-04   0.00  -0.48   0.48   0.38   0.99
 12  1.0 -1.0  1.0000   -15.020  1.3E-03   0.00   0.23   0.44  -0.20   1.21
  6  1.0  1.0  1.0000   -13.853  4.6E-04   0.00   0.27  -1.43   0.24   1.53
 13  1.0 -1.0  1.0000   -13.838  2.9E-04   0.00   0.25  -1.36   0.20   1.51
 14  1.0 -1.0  0.0000   -11.557  8.9E-04   0.00  -0.91   0.40   0.22   1.45
  7  1.0  1.0  0.0000   -10.818  4.2E-04   0.00   0.52   0.44  -1.09   1.48
 31 -1.0 -1.0  0.0000    -9.461  2.9E-03   0.00  -0.69   1.50   1.87   3.49
 18 -1.0  1.0  0.0000    -9.429  6.2E-04   0.00  -0.75   1.65   1.64   3.50
 33 -1.0 -1.0  0.0000    -8.800  3.1E-03   0.00  -0.08   0.83   2.35   3.34
 20 -1.0  1.0  0.0000    -8.293  5.9E-04   0.00   0.62   1.14   0.92   3.41
 32 -1.0 -1.0  0.0000    -7.647  3.7E-04   0.00   2.32  -0.57  -0.12   3.40
 19 -1.0  1.0  0.0000    -6.953  4.3E-04   0.00  -1.51  -0.74  -1.09   3.31
 34 -1.0 -1.0  0.0000    -6.226  6.5E-04   0.00   0.37   0.31  -1.98   3.17
 21 -1.0  1.0  0.0000    -5.517  8.5E-04   0.00   0.01   0.02  -2.87   3.04
 36 -1.0 -1.0  0.0000    -4.481  9.0E-04   0.00  -0.72   0.99   0.82   1.95
 23 -1.0  1.0  0.0000    -4.347  7.0E-04   0.00  -0.74   1.25   0.26   2.00
 35 -1.0 -1.0  0.0000    -3.099  7.5E-04   0.00   1.06  -0.10  -0.26   1.77
 22 -1.0  1.0  0.0000    -2.844  1.8E-03   0.00   0.33  -0.39  -0.04   1.33
 37 -1.0 -1.0  0.0000    -1.158  7.7E-04   0.00   0.02  -0.45  -0.18   1.39
 40 -1.0 -1.0  0.0000    -0.897  3.9E-04   0.00   0.64  -2.05   0.69   2.50
 24 -1.0  1.0  0.0000    -0.890  5.6E-03   0.00   0.02  -0.67  -0.18   2.20
 27 -1.0  1.0  0.0000    -0.843  4.1E-03   0.00   0.46  -1.78   0.20   2.38
 26 -1.0  1.0  0.0000     0.527  7.1E-04   0.00  -1.09   0.20   0.95   2.34
 39 -1.0 -1.0  0.0000     0.805  6.2E-04   0.00  -1.48   0.67  -0.01   2.44
 25 -1.0  1.0  0.0000     1.037  2.9E-04   0.00   0.52  -0.50   0.53   2.22
 38 -1.0 -1.0  0.0000     1.056  9.6E-05   0.00  -0.58  -0.45  -0.45   2.23
________________________________________________________________________________
   Proton  wavefunctions
  i    P   Rz   occ       E        d2h    Delta   JxT    JyT    Jz     J
--------------------- Sp wavefunctions -----------------------------------------
 41  1.0  1.0  1.0000   -39.313  2.7E-06   0.00  -0.50   0.50   0.50   0.51
 48  1.0 -1.0  1.0000   -38.372  2.2E-06   0.00   0.50   0.50  -0.50   0.50
 69 -1.0 -1.0  1.0000   -27.137  3.8E-04   0.00  -0.40   0.56   1.29   1.49
 56 -1.0  1.0  1.0000   -26.753  9.5E-06   0.00  -0.68   1.24   0.45   1.50
 68 -1.0 -1.0  1.0000   -25.791  4.3E-04   0.00   1.32   0.44  -0.36   1.48
 55 -1.0  1.0  1.0000   -24.836  5.6E-04   0.00  -0.16  -0.25  -1.23   1.41
 57 -1.0  1.0  1.0000   -21.748  5.6E-04   0.00   0.34  -0.50   0.28   0.69
 70 -1.0 -1.0  1.0000   -21.216  1.2E-04   0.00  -0.42  -0.50  -0.43   0.59
 42  1.0  1.0  1.0000   -14.935  2.6E-03   0.00  -0.52   1.00   1.71   2.49
 49  1.0 -1.0  1.0000   -14.806  1.9E-04   0.00  -0.69   1.42   1.14   2.50
 44  1.0  1.0  1.0000   -14.128  2.5E-03   0.00  -0.06   1.09   1.01   2.43
 51  1.0 -1.0  1.0000   -13.359  1.5E-04   0.00   2.07   0.05  -0.20   2.46
 43  1.0  1.0  1.0000   -12.522  2.3E-04   0.00  -0.73  -0.59  -1.24   2.42
 50  1.0 -1.0  1.0000   -11.778  6.8E-04   0.00   0.05   0.04  -2.15   2.28
 45  1.0  1.0  1.0000    -9.134  1.9E-04   0.00  -0.47   0.48   0.38   0.99
 52  1.0 -1.0  1.0000    -8.553  1.3E-03   0.00   0.22   0.43  -0.17   1.22
 46  1.0  1.0  1.0000    -7.474  4.6E-04   0.00   0.27  -1.43   0.24   1.53
 53  1.0 -1.0  1.0000    -7.458  2.7E-04   0.00   0.25  -1.35   0.18   1.51
 54  1.0 -1.0  0.0000    -5.215  9.2E-04   0.00  -0.90   0.40   0.21   1.45
 47  1.0  1.0  0.0000    -4.489  4.3E-04   0.00   0.52   0.44  -1.09   1.48
 71 -1.0 -1.0  0.0000    -3.246  3.1E-03   0.00  -0.68   1.45   1.90   3.49
 58 -1.0  1.0  0.0000    -3.212  6.6E-04   0.00  -0.74   1.61   1.66   3.50
 73 -1.0 -1.0  0.0000    -2.609  3.3E-03   0.00  -0.10   0.85   2.32   3.33
 60 -1.0  1.0  0.0000    -2.099  6.6E-04   0.00   0.58   1.18   0.91   3.40
 72 -1.0 -1.0  0.0000    -1.463  3.8E-04   0.00   2.33  -0.53  -0.14   3.39
 59 -1.0  1.0  0.0000    -0.785  4.0E-04   0.00  -1.43  -0.73  -1.08   3.28
 74 -1.0 -1.0  0.0000    -0.082  6.0E-04   0.00   0.38   0.33  -1.91   3.10
 61 -1.0  1.0  0.0000     0.602  9.5E-04   0.00   0.02   0.04  -2.74   2.95
 76 -1.0 -1.0  0.0000     1.288  9.3E-04   0.00  -0.75   0.89   0.87   2.00
 63 -1.0  1.0  0.0000     1.438  7.5E-04   0.00  -0.83   1.18   0.23   2.06
 75 -1.0 -1.0  0.0000     2.441  9.6E-04   0.00   0.97  -0.05  -0.37   1.82
 62 -1.0  1.0  0.0000     2.548  1.5E-03   0.00   0.41  -0.39   0.07   1.33
 66 -1.0  1.0  0.0000     2.776  7.3E-06   0.00   0.50  -0.50   0.51   2.17
 79 -1.0 -1.0  0.0000     2.778  1.2E-05   0.00  -0.49  -0.50  -0.49   2.17
 77 -1.0 -1.0  0.0000     3.269  3.3E-04   0.00   0.22  -0.47  -0.07   1.72
 64 -1.0  1.0  0.0000     3.449  6.4E-04   0.00  -0.54  -0.45  -1.11   2.25
 80 -1.0 -1.0  0.0000     3.783  3.5E-04   0.00  -0.44   1.24   0.70   2.45
 67 -1.0  1.0  0.0000     3.804  7.4E-05   0.00  -0.37   1.47   0.29   2.46
 78 -1.0 -1.0  0.0000     3.976  4.9E-04   0.00   0.92  -0.31  -0.06   2.33
 65 -1.0  1.0  0.0000     4.045  3.1E-04   0.00   0.30  -0.52   0.05   2.07
--------------------------------------------------------------------------------
---------------- Electric Multipole Moments -----------------
Quantisation Axis             : Z
  With secondary axis ordering: X,Y
______________________________________________________________
                     Neutrons        Protons         Total
______________________________________________________________
 Particles           18.0000         18.0000         36.0000

Re  Q_{ 2 0}          5.6955          5.9047         11.6001
Re  Q_{ 2 2}          6.8910          7.1334         14.0243

Re  Q_{ 4 0}         -8.2458         -9.1987        -17.4444
Re  Q_{ 4 2}         -8.3387         -9.2554        -17.5941
Re  Q_{ 4 4}        -10.7613        -11.9970        -22.7582

Re  Q_{ 6 0}        -70.1901        -80.4656       -150.6557
Re  Q_{ 6 2}        -69.7850        -79.1059       -148.8909
Re  Q_{ 6 4}        -72.0683        -80.2913       -152.3596
Re  Q_{ 6 6}        -99.7141       -113.0757       -212.7898

Re  Q_{ 8 0}        -20.6164       -170.9609       -191.5773
Re  Q_{ 8 2}       -100.3198        -90.6249       -190.9447
Re  Q_{ 8 4}        -75.1034       -128.6301       -203.7335
Re  Q_{ 8 6}       -113.0676       -109.3971       -222.4647
Re  Q_{ 8 8}       -108.2322       -185.5800       -293.8122

Re  Q_{10 0}       7171.2506       9205.9437      16377.1943
Re  Q_{10 2}        317.5172        385.9583        703.4755
Re  Q_{10 4}      -6648.2850      -8382.7612     -15031.0463
Re  Q_{10 6}        391.9306       1177.8639       1569.7945
Re  Q_{10 8}      -7661.7058      -9324.9169     -16986.6227
Re  Q_{1010}        784.7913       1084.8273       1869.6186

 RMS radius           3.2655          3.3125          3.2891
______________________________________________________________
                     Neutrons        Protons         Total
______________________________________________________________

Beta_{ 2 0}       0.04221026      0.04376056      0.08597082
Beta_{ 2 2}       0.05107033      0.05286675      0.10393708

Beta_{ 4 0}      -0.00389244     -0.00434227     -0.00823470
Beta_{ 4 2}      -0.00393630     -0.00436905     -0.00830535
Beta_{ 4 4}      -0.00507990     -0.00566321     -0.01074311

Beta_{ 6 0}      -0.00211042     -0.00241938     -0.00452980
Beta_{ 6 2}      -0.00209824     -0.00237850     -0.00447674
Beta_{ 6 4}      -0.00216689     -0.00241414     -0.00458103
Beta_{ 6 6}      -0.00299813     -0.00339988     -0.00639800

Beta_{ 8 0}      -0.00003948     -0.00032741     -0.00036689
Beta_{ 8 2}      -0.00019212     -0.00017356     -0.00036568
Beta_{ 8 4}      -0.00014383     -0.00024634     -0.00039017
Beta_{ 8 6}      -0.00021654     -0.00020951     -0.00042605
Beta_{ 8 8}      -0.00020728     -0.00035541     -0.00056269

Beta_{10 0}       0.00087477      0.00112297      0.00199774
Beta_{10 2}       0.00003873      0.00004708      0.00008581
Beta_{10 4}      -0.00081098     -0.00102255     -0.00183353
Beta_{10 6}       0.00004781      0.00014368      0.00019149
Beta_{10 8}      -0.00093460     -0.00113748     -0.00207208
Beta_{1010}       0.00009573      0.00013233      0.00022806

______________________________________________________________
                     Neutrons        Protons         Total
______________________________________________________________
Q_{ 2}               11.2876         11.6891         22.9766
Q_{ 4}               20.9444         23.3194         44.2638
Q_{ 6}              211.9906        239.6995        451.6858
Q_{ 8}              284.3083        414.1981        681.3726
Q_{10}            16092.5555      20115.2996      36194.9874
______________________________________________________________
                     Neutrons        Protons         Total
______________________________________________________________
Beta_{   2}       0.08365443      0.08663009      0.17028451
Beta_{   4}       0.00988690      0.01100802      0.02089490
Beta_{   6}       0.00637397      0.00720710      0.01358095
Beta_{   8}       0.00054448      0.00079324      0.00130491
Beta_{  10}       0.00196302      0.00245372      0.00441517
______________________________________________________________
 Cart. Moments X              Y              Z
 Cart. N       17.7301503    -35.7885544     18.0584041
 Cart. P       18.3397979    -37.0614497     18.7216518
 Cart. T       36.0699482    -72.8500041     36.7800559
 (Q, gamma)    Q              Gamma
 (Q,g) N       35.7890562     59.6965944
 (Q,g) P       37.0621054     59.6591748
 (Q,g) T       72.8511578     59.6775576
 (iq1, iq2)    iq1            iq2
 iq    N        0.2188359     35.6791365
 iq    P        0.2545693     36.9341651
 iq    T        0.4734052     72.6133015
               X^2            Y^2            Z^2
 X^2_i N       69.8912541     52.0516859     70.0006721
 X^2_i P       71.9476179     53.4805354     72.0749026
 X^2_i T      141.8388721    105.5322213    142.0755747
------------------------------------------------------------
------------------------- Angular Momentum (hbar) --------------------------

               Spwfs(*)    Desired     Omega       E (MeV)      Densit. 
  __________________________________________________________________________
   J_x   |     0.00000     0.00000     0.00000    -0.00000     0.00000
   J_y   |     0.00000     0.00000     0.00000    -0.00000     0.00000
   J_z   |     1.79046     0.00000     0.50000    -0.89523     1.79046
  __________________________________________________________________________
   Size  |     1.79046     0.00000     0.50000                 1.79046
  --------------------------------------------------------------------------
---------------------Rotational properties--------------------
                Rigid rotor          (hbar^2/MeV)
              n              p              t 
 I_R X       2.9430746      3.0275451      5.9706198
 I_R Y       3.3732440      3.4728459      6.8460898
 I_R Z       2.9404362      3.0244759      5.9649121

                Belyaev                 (hbar^2/MeV) 
              n              p              t 
 I_B X       1.4220944      1.4549509      2.8770453
 I_B Y       0.0724484      0.0750131      0.1474615
 I_B Z       1.2716857      1.2975980      2.5692837

                Belyaev (collective)    (hbar^2/MeV) 
              n              p              t 
 I_B X       0.0000000      0.0000000      0.0000000
 I_B Y       0.0000000      0.0000000      0.0000000
 I_B Z       0.0000000      0.0000000      0.0000000

                 <J^2> - <J>^2          (hbar^2)
              n              p              t 
 J2_X        2.1829190      2.1782767      4.3611957
 J2_Y        0.0970053      0.0988945      0.1958998
 J2_Z        2.0140340      2.0023581      4.0163921
 J2_t        4.2939583      4.2795292      8.5734875

                 <J^2> - <J>^2 (coll.)  (hbar^2)
              n              p              t 
 J2_X        0.0000000      0.0000000      0.0000000
 J2_Y        0.0000000      0.0000000      0.0000000
 J2_Z        0.0000000      0.0000000      0.0000000
 J2_t        0.0000000      0.0000000      0.0000000
--------------------------------------------------------------------------------
 Skyrme Energy 
                                    Isoscalar      Isovector   |   Total
--------------------------------------------------------------------------------
                 E_D_I_I_D_I_I   -3570.354500       0.516304   -3569.838196
              E_D_I_I_D_I_I_DD    2398.501891      -0.433488    2398.068404
               E_D_I_Sm_D_I_Sm      -0.041879       0.000244      -0.041635
            E_D_I_Sm_D_I_Sm_DD       0.268298      -0.000164       0.268134
               E_D_I_I_D_Nm_Nm     135.212512       0.005879     135.218391
             E_D_I_I_Lap_D_I_I      96.183458      -0.019876      96.163582
           E_C_I_NmSk_C_I_NmSk       0.059091       0.000489       0.059580
               E_C_I_Nm_C_I_Nm      -0.098259      -0.000006      -0.098264
           E_D_I_Sm_Lap_D_I_Sm      -0.174548      -0.000035      -0.174583
            E_D_I_Sm_D_Nk_NkSm      -0.000529      -0.000011      -0.000540
       E_D_I_I_Derm_C_I_NxmSxm     -15.149470      -0.001562     -15.151032
        E_C_I_Nm_Derxm_D_I_Sxm      -0.104998      -0.000015      -0.105013
               E_DP_I_I_DP_I_I                                     0.000000
               E_CP_I_I_CP_I_I                                     0.000000
--------------------------------------------------------------------------------
                 Total Skyrme:                                  -955.631172
                    time-even:                                  -955.479271
                    time-odd :                                    -0.151901
--------------------------------------------------------------------------------
--------------------------------------------------------------------------------
                                     neutron        proton         total
                Kinetic Energy:     306.475474     298.278117     604.753591
                    COM 1-body:      -8.513208      -8.285503     -16.798711

                Coulomb Direct:       0.000000      66.922167      66.922167
                      Exchange:       0.000000      -6.754087      -6.754087

               Pairing (delta):       0.000000       0.000000       0.000000
               Pairing (densi):                                     0.000000
--------------------------------------------------------------------------------
                  Total energy:                                  -307.508213
                    from spwfs:                                  -307.505036
                   E_fu - E_sp:                                -0.317673E-02
                      Routhian:                                  -307.060464
--------------------------------------------------------------------------------
--------------------------------------------------------------------------------
Convergence report
                        Change^(i)     Change^(i-1)   rate (approx)
  Con.  Energy      :      -6.07E-04      -9.60E-05       1.94E+00
  Con.  Routhian    :      -3.46E-04       4.84E-04       5.53E-01
  Con.  E_fu - E_sp :       7.21E-04       8.85E-04       7.75E-01
  Con.  |delta rho| :       1.61E-04       0.00E+00       7.94E-01
--------------------------------------------------------------------------------
--------------------------------------------------------------------------------
 Iteration =   31
 dt  =   0.0372      mu  =   0.9268  D2H =  0.5E-03
 E   =   -307.509    DE  =  0.33853E-05
 dmun=  0.0E+00      dmup=  0.0E+00
 Q20 =      11.5869  Q22 =      14.0174 dQ20=  0.1E-01      dQ22=  0.7E-02
 Jz  =    1.789      dJZ = -0.1E-02
--------------------------------------------------------------------------------
 Iteration =   32
 dt  =   0.0372      mu  =   0.9271  D2H =  0.5E-03
 E   =   -307.511    DE  =  0.45539E-05
 dmun=  0.0E+00      dmup=  0.0E+00
 Q20 =      11.5739  Q22 =      14.0110 dQ20=  0.1E-01      dQ22=  0.6E-02
 Jz  =    1.787      dJZ = -0.2E-02
--------------------------------------------------------------------------------
 Iteration =   33
 dt  =   0.0372      mu  =   0.9273  D2H =  0.4E-03
 E   =   -307.512    DE  =  0.54946E-05
 dmun=  0.0E+00      dmup=  0.0E+00
 Q20 =      11.5612  Q22 =      14.0052 dQ20=  0.1E-01      dQ22=  0.6E-02
 Jz  =    1.784      dJZ = -0.3E-02
--------------------------------------------------------------------------------
 Iteration =   34
 dt  =   0.0372      mu  =   0.9275  D2H =  0.4E-03
 E   =   -307.514    DE  =  0.62261E-05
 dmun=  0.0E+00      dmup=  0.0E+00
 Q20 =      11.5488  Q22 =      13.9998 dQ20=  0.1E-01      dQ22=  0.5E-02
 Jz  =    1.781      dJZ = -0.3E-02
--------------------------------------------------------------------------------
 Iteration =   35
 dt  =   0.0372      mu  =   0.9276  D2H =  0.3E-03
 E   =   -307.516    DE  =  0.67693E-05
 dmun=  0.0E+00      dmup=  0.0E+00
 Q20 =      11.5370  Q22 =      13.9950 dQ20=  0.1E-01      dQ22=  0.5E-02
 Jz  =    1.777      dJZ = -0.4E-02
--------------------------------------------------------------------------------
 Iteration =   36
 dt  =   0.0372      mu  =   0.9277  D2H =  0.3E-03
 E   =   -307.519    DE  =  0.71458E-05
 dmun=  0.0E+00      dmup=  0.0E+00
 Q20 =      11.5258  Q22 =      13.9909 dQ20=  0.1E-01      dQ22=  0.4E-02
 Jz  =    1.773      dJZ = -0.4E-02
--------------------------------------------------------------------------------
 Iteration =   37
 dt  =   0.0372      mu  =   0.9278  D2H =  0.2E-03
 E   =   -307.521    DE  =  0.73770E-05
 dmun=  0.0E+00      dmup=  0.0E+00
 Q20 =      11.5153  Q22 =      13.9874 dQ20=  0.1E-01      dQ22=  0.3E-02
 Jz  =    1.768      dJZ = -0.4E-02
--------------------------------------------------------------------------------
 Iteration =   38
 dt  =   0.0372      mu  =   0.9278  D2H =  0.2E-03
 E   =   -307.523    DE  =  0.74834E-05
 dmun=  0.0E+00      dmup=  0.0E+00
 Q20 =      11.5056  Q22 =      13.9847 dQ20=  0.1E-01      dQ22=  0.3E-02
 Jz  =    1.764      dJZ = -0.4E-02
--------------------------------------------------------------------------------
 Iteration =   39
 dt  =   0.0372      mu  =   0.9278  D2H =  0.2E-03
 E   =   -307.525    DE  =  0.74836E-05
 dmun=  0.0E+00      dmup=  0.0E+00
 Q20 =      11.4967  Q22 =      13.9828 dQ20=  0.9E-02      dQ22=  0.2E-02
 Jz  =    1.760      dJZ = -0.4E-02
--------------------- Sp wavefunctions -----------------------------------------
________________________________________________________________________________
   Neutron wavefunctions
  i    P   Rz   occ       E        d2h    Delta   JxT    JyT    Jz     J
--------------------- Sp wavefunctions -----------------------------------------
  1  1.0  1.0  1.0000   -46.658  9.1E-07   0.00  -0.50   0.50   0.50   0.50
  8  1.0 -1.0  1.0000   -45.687  9.3E-07   0.00   0.50   0.50  -0.50   0.50
 29 -1.0 -1.0  1.0000   -34.064  8.4E-05   0.00  -0.38   0.51   1.31   1.49
 16 -1.0  1.0  1.0000   -33.669  7.7E-05   0.00  -0.69   1.23   0.45   1.50
 28 -1.0 -1.0  1.0000   -32.689  6.6E-05   0.00   1.31   0.49  -0.38   1.48
 15 -1.0  1.0  1.0000   -31.730  2.2E-04   0.00  -0.16  -0.24  -1.25   1.42
 17 -1.0  1.0  1.0000   -28.598  1.8E-04   0.00   0.35  -0.50   0.30   0.68
 30 -1.0 -1.0  1.0000   -28.064  3.2E-05   0.00  -0.43  -0.50  -0.44   0.58
  2  1.0  1.0  1.0000   -21.506  5.1E-04   0.00  -0.49   0.91   1.79   2.48
  9  1.0 -1.0  1.0000   -21.370  1.7E-04   0.00  -0.68   1.37   1.16   2.50
  4  1.0  1.0  1.0000   -20.684  5.8E-04   0.00  -0.13   1.18   0.94   2.43
 11  1.0 -1.0  1.0000   -19.905  2.2E-04   0.00   2.07   0.11  -0.22   2.46
  3  1.0  1.0  1.0000   -19.064  2.9E-04   0.00  -0.69  -0.59  -1.25   2.42
 10  1.0 -1.0  1.0000   -18.335  1.1E-04   0.00   0.03   0.03  -2.16   2.29
  5  1.0  1.0  1.0000   -15.619  1.3E-04   0.00  -0.47   0.48   0.38   0.98
 12  1.0 -1.0  1.0000   -15.018  1.2E-04   0.00   0.25   0.44  -0.19   1.20
  6  1.0  1.0  1.0000   -13.848  1.7E-04   0.00   0.26  -1.43   0.23   1.53
 13  1.0 -1.0  1.0000   -13.832  2.8E-04   0.00   0.25  -1.35   0.19   1.51
 14  1.0 -1.0  0.0000   -11.567  2.0E-04   0.00  -0.92   0.40   0.23   1.45
  7  1.0  1.0  0.0000   -10.835  8.4E-05   0.00   0.53   0.44  -1.09   1.48
 31 -1.0 -1.0  0.0000    -9.460  1.2E-03   0.00  -0.65   1.38   1.97   3.48
 18 -1.0  1.0  0.0000    -9.424  1.4E-04   0.00  -0.73   1.56   1.69   3.49
 33 -1.0 -1.0  0.0000    -8.796  1.1E-03   0.00  -0.13   0.89   2.28   3.34
 20 -1.0  1.0  0.0000    -8.286  2.4E-04   0.00   0.54   1.25   0.88   3.40
 32 -1.0 -1.0  0.0000    -7.638  5.5E-04   0.00   2.36  -0.51  -0.15   3.40
 19 -1.0  1.0  0.0000    -6.945  4.1E-04   0.00  -1.47  -0.76  -1.11   3.32
 34 -1.0 -1.0  0.0000    -6.221  3.5E-04   0.00   0.35   0.30  -2.00   3.18
 21 -1.0  1.0  0.0000    -5.521  3.4E-04   0.00   0.01   0.02  -2.88   3.06
 36 -1.0 -1.0  0.0000    -4.479  3.9E-04   0.00  -0.72   0.97   0.85   1.95
 23 -1.0  1.0  0.0000    -4.344  2.0E-04   0.00  -0.73   1.25   0.26   2.00
 35 -1.0 -1.0  0.0000    -3.095  2.2E-04   0.00   1.08  -0.07  -0.28   1.77
 22 -1.0  1.0  0.0000    -2.837  1.2E-03   0.00   0.33  -0.38  -0.04   1.32
 37 -1.0 -1.0  0.0000    -1.170  2.4E-04   0.00   0.00  -0.46  -0.18   1.38
 24 -1.0  1.0  0.0000    -0.902  4.1E-03   0.00   0.04  -0.72  -0.09   2.21
 40 -1.0 -1.0  0.0000    -0.888  4.6E-04   0.00   0.65  -2.04   0.70   2.49
 27 -1.0  1.0  0.0000    -0.834  3.0E-03   0.00   0.42  -1.71   0.14   2.36
 26 -1.0  1.0  0.0000     0.524  1.0E-03   0.00  -1.08   0.15   0.97   2.33
 39 -1.0 -1.0  0.0000     0.806  6.4E-04   0.00  -1.48   0.66  -0.02   2.44
 25 -1.0  1.0  0.0000     1.037  1.2E-04   0.00   0.52  -0.50   0.52   2.22
 38 -1.0 -1.0  0.0000     1.056  7.7E-05   0.00  -0.57  -0.45  -0.45   2.23
________________________________________________________________________________
   Proton  wavefunctions
  i    P   Rz   occ       E        d2h    Delta   JxT    JyT    Jz     J
--------------------- Sp wavefunctions -----------------------------------------
 41  1.0  1.0  1.0000   -39.322  1.0E-06   0.00  -0.50   0.50   0.50   0.51
 48  1.0 -1.0  1.0000   -38.375  8.1E-07   0.00   0.50   0.50  -0.50   0.50
 69 -1.0 -1.0  1.0000   -27.139  7.6E-05   0.00  -0.39   0.52   1.31   1.49
 56 -1.0  1.0  1.0000   -26.753  7.3E-05   0.00  -0.69   1.24   0.45   1.50
 68 -1.0 -1.0  1.0000   -25.789  5.6E-05   0.00   1.31   0.48  -0.37   1.48
 55 -1.0  1.0  1.0000   -24.843  2.2E-04   0.00  -0.15  -0.24  -1.24   1.41
 57 -1.0  1.0  1.0000   -21.749  1.8E-04   0.00   0.34  -0.50   0.29   0.69
 70 -1.0 -1.0  1.0000   -21.228  3.5E-05   0.00  -0.42  -0.50  -0.44   0.58
 42  1.0  1.0  1.0000   -14.937  5.2E-04   0.00  -0.49   0.91   1.79   2.48
 49  1.0 -1.0  1.0000   -14.802  1.7E-04   0.00  -0.68   1.37   1.16   2.50
 44  1.0  1.0  1.0000   -14.121  5.9E-04   0.00  -0.12   1.18   0.94   2.43
 51  1.0 -1.0  1.0000   -13.354  2.1E-04   0.00   2.06   0.11  -0.23   2.46
 43  1.0  1.0  1.0000   -12.519  2.8E-04   0.00  -0.71  -0.58  -1.25   2.42
 50  1.0 -1.0  1.0000   -11.783  1.2E-04   0.00   0.04   0.03  -2.16   2.29
 45  1.0  1.0  1.0000    -9.134  1.2E-04   0.00  -0.47   0.48   0.38   0.98
 52  1.0 -1.0  1.0000    -8.550  8.9E-05   0.00   0.24   0.43  -0.16   1.20
 46  1.0  1.0  1.0000    -7.469  1.7E-04   0.00   0.26  -1.43   0.23   1.53
 53  1.0 -1.0  1.0000    -7.452  2.6E-04   0.00   0.24  -1.34   0.18   1.51
 54  1.0 -1.0  0.0000    -5.225  2.1E-04   0.00  -0.91   0.40   0.22   1.45
 47  1.0  1.0  0.0000    -4.505  9.4E-05   0.00   0.52   0.44  -1.09   1.48
 71 -1.0 -1.0  0.0000    -3.246  1.3E-03   0.00  -0.64   1.33   2.00   3.48
 58 -1.0  1.0  0.0000    -3.206  1.4E-04   0.00  -0.72   1.52   1.71   3.49
 73 -1.0 -1.0  0.0000    -2.604  1.2E-03   0.00  -0.15   0.91   2.25   3.33
 60 -1.0  1.0  0.0000    -2.091  1.9E-04   0.00   0.50   1.29   0.87   3.40
 72 -1.0 -1.0  0.0000    -1.453  5.3E-04   0.00   2.37  -0.47  -0.16   3.40
 59 -1.0  1.0  0.0000    -0.777  4.5E-04   0.00  -1.39  -0.75  -1.09   3.29
 74 -1.0 -1.0  0.0000    -0.078  3.8E-04   0.00   0.36   0.32  -1.92   3.11
 61 -1.0  1.0  0.0000     0.600  4.2E-04   0.00   0.02   0.05  -2.75   2.96
 76 -1.0 -1.0  0.0000     1.288  3.8E-04   0.00  -0.75   0.86   0.90   1.99
 63 -1.0  1.0  0.0000     1.439  2.2E-04   0.00  -0.82   1.17   0.23   2.06
 75 -1.0 -1.0  0.0000     2.445  1.9E-04   0.00   0.99  -0.02  -0.39   1.83
 62 -1.0  1.0  0.0000     2.553  5.8E-04   0.00   0.42  -0.38   0.07   1.32
 66 -1.0  1.0  0.0000     2.776  4.3E-06   0.00   0.50  -0.50   0.50   2.17
 79 -1.0 -1.0  0.0000     2.778  6.3E-06   0.00  -0.49  -0.50  -0.49   2.17
 77 -1.0 -1.0  0.0000     3.266  2.8E-04   0.00   0.20  -0.47  -0.09   1.71
 64 -1.0  1.0  0.0000     3.446  3.9E-04   0.00  -0.54  -0.45  -1.13   2.25
 80 -1.0 -1.0  0.0000     3.783  2.2E-04   0.00  -0.45   1.23   0.72   2.45
 67 -1.0  1.0  0.0000     3.805  4.5E-05   0.00  -0.38   1.47   0.30   2.47
 78 -1.0 -1.0  0.0000     3.977  3.1E-04   0.00   0.94  -0.30  -0.06   2.33
 65 -1.0  1.0  0.0000     4.047  1.5E-04   0.00   0.32  -0.51   0.07   2.07
--------------------------------------------------------------------------------
---------------- Electric Multipole Moments -----------------
Quantisation Axis             : Z
  With secondary axis ordering: X,Y
______________________________________________________________
                     Neutrons        Protons         Total
______________________________________________________________
 Particles           18.0000         18.0000         36.0000

Re  Q_{ 2 0}          5.6407          5.8481         11.4888
Re  Q_{ 2 2}          6.8699          7.1119         13.9818

Re  Q_{ 4 0}         -8.1292         -9.0687        -17.1978
Re  Q_{ 4 2}         -8.1871         -9.0851        -17.2722
Re  Q_{ 4 4}        -10.4935        -11.6959        -22.1893

Re  Q_{ 6 0}        -68.5831        -78.6543       -147.2373
Re  Q_{ 6 2}        -68.1711        -77.2823       -145.4534
Re  Q_{ 6 4}        -70.2810        -78.3055       -148.5865
Re  Q_{ 6 6}        -97.3724       -110.5092       -207.8816

Re  Q_{ 8 0}        -18.1258       -167.8076       -185.9334
Re  Q_{ 8 2}        -96.1804        -84.6626       -180.8430
Re  Q_{ 8 4}        -71.7109       -125.8179       -197.5288
Re  Q_{ 8 6}       -109.1233       -104.0042       -213.1275
Re  Q_{ 8 8}       -104.6492       -183.0726       -287.7218

Re  Q_{10 0}       7238.9817       9262.6223      16501.6040
Re  Q_{10 2}        360.4433        325.6868        686.1301
Re  Q_{10 4}      -6455.1700      -8156.8359     -14612.0059
Re  Q_{10 6}        425.4710       1069.4320       1494.9030
Re  Q_{10 8}      -7669.4225      -9141.2597     -16810.6822
Re  Q_{1010}        749.9518        673.1371       1423.0889

 RMS radius           3.2652          3.3122          3.2888
______________________________________________________________
                     Neutrons        Protons         Total
______________________________________________________________

Beta_{ 2 0}       0.04180404      0.04334164      0.08514568
Beta_{ 2 2}       0.05091449      0.05270748      0.10362197

Beta_{ 4 0}      -0.00383740     -0.00428089     -0.00811830
Beta_{ 4 2}      -0.00386474     -0.00428867     -0.00815340
Beta_{ 4 4}      -0.00495349     -0.00552107     -0.01047456

Beta_{ 6 0}      -0.00206210     -0.00236492     -0.00442702
Beta_{ 6 2}      -0.00204972     -0.00232367     -0.00437338
Beta_{ 6 4}      -0.00211315     -0.00235443     -0.00446759
Beta_{ 6 6}      -0.00292772     -0.00332271     -0.00625043

Beta_{ 8 0}      -0.00003471     -0.00032137     -0.00035608
Beta_{ 8 2}      -0.00018420     -0.00016214     -0.00034634
Beta_{ 8 4}      -0.00013734     -0.00024096     -0.00037829
Beta_{ 8 6}      -0.00020898     -0.00019918     -0.00040816
Beta_{ 8 8}      -0.00020042     -0.00035061     -0.00055102

Beta_{10 0}       0.00088303      0.00112988      0.00201291
Beta_{10 2}       0.00004397      0.00003973      0.00008370
Beta_{10 4}      -0.00078742     -0.00099499     -0.00178241
Beta_{10 6}       0.00005190      0.00013045      0.00018235
Beta_{10 8}      -0.00093554     -0.00111508     -0.00205061
Beta_{1010}       0.00009148      0.00008211      0.00017359

______________________________________________________________
                     Neutrons        Protons         Total
______________________________________________________________
Q_{ 2}               11.2343         11.6343         22.8686
Q_{ 4}               20.5028         22.8234         43.3262
Q_{ 6}              206.9778        234.1361        441.1096
Q_{ 8}              273.5571        403.5098        659.1125
Q_{10}            15972.7306      19733.0969      35692.9099
______________________________________________________________
                     Neutrons        Protons         Total
______________________________________________________________
Beta_{   2}       0.08325952      0.08622444      0.16948396
Beta_{   4}       0.00967844      0.01077385      0.02045227
Beta_{   6}       0.00622325      0.00703983      0.01326295
Beta_{   8}       0.00052389      0.00077277      0.00126228
Beta_{  10}       0.00194840      0.00240710      0.00435392
______________________________________________________________
 Cart. Moments X              Y              Z
 Cart. N       17.7353910    -35.6200040     17.8846130
 Cart. P       18.3459544    -36.8883859     18.5424315
 Cart. T       36.0813453    -72.5083899     36.4270445
 (Q, gamma)    Q              Gamma
 (Q,g) N       35.6201082     59.8614201
 (Q,g) P       36.8885603     59.8238093
 (Q,g) T       72.5086646     59.8422857
 (iq1, iq2)    iq1            iq2
 iq    N        0.0994814     35.5702633
 iq    P        0.1309848     36.8228935
 iq    T        0.2304661     72.3931568
               X^2            Y^2            Z^2
 X^2_i N       69.8811656     52.0960339     69.9309063
 X^2_i P       71.9382994     53.5268526     72.0037917
 X^2_i T      141.8194650    105.6228865    141.9346980
------------------------------------------------------------
------------------------- Angular Momentum (hbar) --------------------------

               Spwfs(*)    Desired     Omega       E (MeV)      Densit. 
  __________________________________________________________________________
   J_x   |     0.00000     0.00000     0.00000    -0.00000     0.00000
   J_y   |     0.00000     0.00000     0.00000    -0.00000     0.00000
   J_z   |     1.75286     0.00000     0.50000    -0.87643     1.75286
  __________________________________________________________________________
   Size  |     1.75286     0.00000     0.50000                 1.75286
  --------------------------------------------------------------------------
---------------------Rotational properties--------------------
                Rigid rotor          (hbar^2/MeV)
              n              p              t 
 I_R X       2.9424617      3.0269473      5.9694090
 I_R Y       3.3713184      3.4709064      6.8422248
 I_R Z       2.9412623      3.0253681      5.9666304

                Belyaev                 (hbar^2/MeV) 
              n              p              t 
 I_B X       1.4246925      1.4575168      2.8822093
 I_B Y       0.0714056      0.0739460      0.1453516
 I_B Z       1.2796296      1.3050031      2.5846327

                Belyaev (collective)    (hbar^2/MeV) 
              n              p              t 
 I_B X       0.0000000      0.0000000      0.0000000
 I_B Y       0.0000000      0.0000000      0.0000000
 I_B Z       0.0000000      0.0000000      0.0000000

                 <J^2> - <J>^2          (hbar^2)
              n              p              t 
 J2_X        2.1663025      2.1618285      4.3281310
 J2_Y        0.0942071      0.0960376      0.1902447
 J2_Z        2.0131920      2.0013923      4.0145842
 J2_t        4.2737016      4.2592583      8.5329599

                 <J^2> - <J>^2 (coll.)  (hbar^2)
              n              p              t 
 J2_X        0.0000000      0.0000000      0.0000000
 J2_Y        0.0000000      0.0000000      0.0000000
 J2_Z        0.0000000      0.0000000      0.0000000
 J2_t        0.0000000      0.0000000      0.0000000
--------------------------------------------------------------------------------
 Skyrme Energy 
                                    Isoscalar      Isovector   |   Total
--------------------------------------------------------------------------------
                 E_D_I_I_D_I_I   -3570.849118       0.516462   -3570.332656
              E_D_I_I_D_I_I_DD    2398.927311      -0.433661    2398.493649
               E_D_I_Sm_D_I_Sm      -0.040941       0.000234      -0.040707
            E_D_I_Sm_D_I_Sm_DD       0.262044      -0.000157       0.261886
               E_D_I_I_D_Nm_Nm     135.282118       0.005886     135.288004
             E_D_I_I_Lap_D_I_I      96.156372      -0.019866      96.136507
           E_C_I_NmSk_C_I_NmSk       0.059698       0.000491       0.060189
               E_C_I_Nm_C_I_Nm      -0.094870      -0.000005      -0.094875
           E_D_I_Sm_Lap_D_I_Sm      -0.170453      -0.000033      -0.170487
            E_D_I_Sm_D_Nk_NkSm      -0.000510      -0.000010      -0.000520
       E_D_I_I_Derm_C_I_NxmSxm     -15.227073      -0.001567     -15.228640
        E_C_I_Nm_Derxm_D_I_Sxm      -0.102400      -0.000015      -0.102415
               E_DP_I_I_DP_I_I                                     0.000000
               E_CP_I_I_CP_I_I                                     0.000000
--------------------------------------------------------------------------------
                 Total Skyrme:                                  -955.730064
                    time-even:                                  -955.582947
                    time-odd :                                    -0.147117
--------------------------------------------------------------------------------
--------------------------------------------------------------------------------
                                     neutron        proton         total
                Kinetic Energy:     306.515815     298.314286     604.830101
                    COM 1-body:      -8.514328      -8.286508     -16.800836

                Coulomb Direct:       0.000000      66.927349      66.927349
                      Exchange:       0.000000      -6.754233      -6.754233

               Pairing (delta):       0.000000       0.000000       0.000000
               Pairing (densi):                                     0.000000
--------------------------------------------------------------------------------
                  Total energy:                                  -307.527682
                    from spwfs:                                  -307.522915
                   E_fu - E_sp:                                -0.476775E-02
                      Routhian:                                  -307.087377
--------------------------------------------------------------------------------
--------------------------------------------------------------------------------
Convergence report
                        Change^(i)     Change^(i-1)   rate (approx)
  Con.  Energy      :      -2.27E-03      -2.30E-03      -3.68E+01
  Con.  Routhian    :      -3.40E-03      -3.40E-03       7.08E-01
  Con.  E_fu - E_sp :      -1.09E-04      -6.61E-05      -2.50E-01
  Con.  |delta rho| :       7.21E-05       0.00E+00       1.03E+00
--------------------------------------------------------------------------------
--------------------------------------------------------------------------------
 Iteration =   41
 dt  =   0.0372      mu  =   0.9277  D2H =  0.2E-03
 E   =   -307.530    DE  =  0.72257E-05
 dmun=  0.0E+00      dmup=  0.0E+00
 Q20 =      11.4818  Q22 =      13.9817 dQ20=  0.7E-02      dQ22=  0.1E-03
 Jz  =    1.751      dJZ = -0.2E-02
--------------------------------------------------------------------------------
 Iteration =   42
 dt  =   0.0372      mu  =   0.9276  D2H =  0.2E-03
 E   =   -307.532    DE  =  0.69892E-05
 dmun=  0.0E+00      dmup=  0.0E+00
 Q20 =      11.4757  Q22 =      13.9824 dQ20=  0.6E-02      dQ22=  0.7E-03
 Jz  =    1.746      dJZ = -0.4E-02
--------------------------------------------------------------------------------
 Iteration =   43
 dt  =   0.0372      mu  =   0.9275  D2H =  0.2E-03
 E   =   -307.534    DE  =  0.66901E-05
 dmun=  0.0E+00      dmup=  0.0E+00
 Q20 =      11.4706  Q22 =      13.9839 dQ20=  0.5E-02      dQ22=  0.1E-02
 Jz  =    1.742      dJZ = -0.4E-02
--------------------------------------------------------------------------------
 Iteration =   44
 dt  =   0.0372      mu  =   0.9274  D2H =  0.2E-03
 E   =   -307.536    DE  =  0.63330E-05
 dmun=  0.0E+00      dmup=  0.0E+00
 Q20 =      11.4664  Q22 =      13.9860 dQ20=  0.4E-02      dQ22=  0.2E-02
 Jz  =    1.738      dJZ = -0.4E-02
--------------------------------------------------------------------------------
 Iteration =   45
 dt  =   0.0372      mu  =   0.9272  D2H =  0.2E-03
 E   =   -307.538    DE  =  0.59222E-05
 dmun=  0.0E+00      dmup=  0.0E+00
 Q20 =      11.4633  Q22 =      13.9888 dQ20=  0.3E-02      dQ22=  0.3E-02
 Jz  =    1.735      dJZ = -0.4E-02
--------------------------------------------------------------------------------
 Iteration =   46
 dt  =   0.0372      mu  =   0.9271  D2H =  0.2E-03
 E   =   -307.540    DE  =  0.54630E-05
 dmun=  0.0E+00      dmup=  0.0E+00
 Q20 =      11.4611  Q22 =      13.9920 dQ20=  0.2E-02      dQ22=  0.3E-02
 Jz  =    1.731      dJZ = -0.3E-02
--------------------------------------------------------------------------------
 Iteration =   47
 dt  =   0.0372      mu  =   0.9269  D2H =  0.2E-03
 E   =   -307.541    DE  =  0.49622E-05
 dmun=  0.0E+00      dmup=  0.0E+00
 Q20 =      11.4598  Q22 =      13.9955 dQ20=  0.1E-02      dQ22=  0.4E-02
 Jz  =    1.728      dJZ = -0.3E-02
--------------------------------------------------------------------------------
 Iteration =   48
 dt  =   0.0371      mu  =   0.9267  D2H =  0.2E-03
 E   =   -307.542    DE  =  0.44286E-05
 dmun=  0.0E+00      dmup=  0.0E+00
 Q20 =      11.4595  Q22 =      13.9993 dQ20=  0.3E-03      dQ22=  0.4E-02
 Jz  =    1.725      dJZ = -0.3E-02
--------------------------------------------------------------------------------
 Iteration =   49
 dt  =   0.0371      mu  =   0.9266  D2H =  0.2E-03
 E   =   -307.544    DE  =  0.38724E-05
 dmun=  0.0E+00      dmup=  0.0E+00
 Q20 =      11.4601  Q22 =      14.0031 dQ20=  0.6E-03      dQ22=  0.4E-02
 Jz  =    1.722      dJZ = -0.3E-02
--------------------- Sp wavefunctions -----------------------------------------
________________________________________________________________________________
   Neutron wavefunctions
  i    P   Rz   occ       E        d2h    Delta   JxT    JyT    Jz     J
--------------------- Sp wavefunctions -----------------------------------------
  1  1.0  1.0  1.0000   -46.656  7.8E-07   0.00  -0.50   0.50   0.50   0.50
  8  1.0 -1.0  1.0000   -45.695  5.6E-07   0.00   0.50   0.50  -0.50   0.50
 29 -1.0 -1.0  1.0000   -34.059  4.1E-04   0.00  -0.38   0.50   1.32   1.49
 16 -1.0  1.0  1.0000   -33.666  9.8E-05   0.00  -0.69   1.24   0.45   1.50
 28 -1.0 -1.0  1.0000   -32.692  4.1E-04   0.00   1.31   0.50  -0.38   1.49
 15 -1.0  1.0  1.0000   -31.740  1.5E-04   0.00  -0.16  -0.24  -1.26   1.42
 17 -1.0  1.0  1.0000   -28.596  4.9E-05   0.00   0.36  -0.50   0.31   0.67
 30 -1.0 -1.0  1.0000   -28.066  1.3E-04   0.00  -0.43  -0.50  -0.44   0.58
  2  1.0  1.0  1.0000   -21.503  6.6E-05   0.00  -0.47   0.86   1.83   2.48
  9  1.0 -1.0  1.0000   -21.365  4.3E-04   0.00  -0.67   1.37   1.16   2.50
  4  1.0  1.0  1.0000   -20.681  1.9E-04   0.00  -0.15   1.24   0.89   2.43
 11  1.0 -1.0  1.0000   -19.904  4.9E-04   0.00   2.07   0.11  -0.23   2.46
  3  1.0  1.0  1.0000   -19.067  2.2E-04   0.00  -0.70  -0.60  -1.25   2.42
 10  1.0 -1.0  1.0000   -18.343  2.3E-04   0.00   0.03   0.03  -2.16   2.29
  5  1.0  1.0  1.0000   -15.614  9.0E-05   0.00  -0.47   0.48   0.38   0.98
 12  1.0 -1.0  1.0000   -15.020  4.0E-04   0.00   0.25   0.44  -0.19   1.19
  6  1.0  1.0  1.0000   -13.846  6.6E-05   0.00   0.26  -1.44   0.23   1.53
 13  1.0 -1.0  1.0000   -13.829  1.1E-04   0.00   0.24  -1.36   0.18   1.51
 14  1.0 -1.0  0.0000   -11.566  1.7E-04   0.00  -0.92   0.41   0.24   1.45
  7  1.0  1.0  0.0000   -10.835  3.2E-05   0.00   0.54   0.45  -1.08   1.48
 31 -1.0 -1.0  0.0000    -9.459  2.8E-04   0.00  -0.63   1.33   2.03   3.48
 18 -1.0  1.0  0.0000    -9.421  3.4E-04   0.00  -0.72   1.54   1.71   3.49
 33 -1.0 -1.0  0.0000    -8.793  4.4E-04   0.00  -0.16   0.96   2.22   3.34
 20 -1.0  1.0  0.0000    -8.282  6.4E-04   0.00   0.53   1.28   0.87   3.41
 32 -1.0 -1.0  0.0000    -7.635  6.9E-04   0.00   2.36  -0.51  -0.16   3.41
 19 -1.0  1.0  0.0000    -6.944  4.1E-04   0.00  -1.47  -0.78  -1.11   3.32
 34 -1.0 -1.0  0.0000    -6.224  3.4E-04   0.00   0.34   0.29  -2.00   3.19
 21 -1.0  1.0  0.0000    -5.528  3.2E-04   0.00   0.01   0.02  -2.89   3.06
 36 -1.0 -1.0  0.0000    -4.477  4.4E-04   0.00  -0.71   0.97   0.85   1.94
 23 -1.0  1.0  0.0000    -4.341  2.9E-04   0.00  -0.73   1.25   0.26   1.99
 35 -1.0 -1.0  0.0000    -3.092  6.2E-04   0.00   1.08  -0.06  -0.28   1.77
 22 -1.0  1.0  0.0000    -2.838  4.0E-04   0.00   0.32  -0.38  -0.07   1.32
 37 -1.0 -1.0  0.0000    -1.171  1.9E-04   0.00  -0.00  -0.46  -0.17   1.38
 24 -1.0  1.0  0.0000    -0.909  2.5E-03   0.00   0.07  -0.79  -0.02   2.22
 40 -1.0 -1.0  0.0000    -0.886  1.8E-04   0.00   0.64  -2.05   0.68   2.49
 27 -1.0  1.0  0.0000    -0.828  2.2E-03   0.00   0.39  -1.66   0.07   2.33
 26 -1.0  1.0  0.0000     0.524  5.3E-04   0.00  -1.07   0.15   0.99   2.33
 39 -1.0 -1.0  0.0000     0.808  2.1E-04   0.00  -1.47   0.68  -0.01   2.44
 25 -1.0  1.0  0.0000     1.038  2.9E-05   0.00   0.53  -0.50   0.52   2.22
 38 -1.0 -1.0  0.0000     1.056  2.4E-05   0.00  -0.57  -0.45  -0.45   2.23
________________________________________________________________________________
   Proton  wavefunctions
  i    P   Rz   occ       E        d2h    Delta   JxT    JyT    Jz     J
--------------------- Sp wavefunctions -----------------------------------------
 41  1.0  1.0  1.0000   -39.320  8.4E-07   0.00  -0.50   0.50   0.50   0.51
 48  1.0 -1.0  1.0000   -38.382  5.6E-07   0.00   0.50   0.50  -0.50   0.50
 69 -1.0 -1.0  1.0000   -27.134  3.9E-04   0.00  -0.38   0.51   1.32   1.49
 56 -1.0  1.0  1.0000   -26.750  9.5E-05   0.00  -0.69   1.24   0.45   1.50
 68 -1.0 -1.0  1.0000   -25.792  3.9E-04   0.00   1.31   0.49  -0.38   1.48
 55 -1.0  1.0  1.0000   -24.852  1.4E-04   0.00  -0.16  -0.24  -1.25   1.42
 57 -1.0  1.0  1.0000   -21.747  4.9E-05   0.00   0.35  -0.50   0.30   0.68
 70 -1.0 -1.0  1.0000   -21.230  1.2E-04   0.00  -0.43  -0.50  -0.44   0.58
 42  1.0  1.0  1.0000   -14.934  6.4E-05   0.00  -0.47   0.86   1.84   2.48
 49  1.0 -1.0  1.0000   -14.798  4.2E-04   0.00  -0.68   1.37   1.16   2.50
 44  1.0  1.0  1.0000   -14.118  1.9E-04   0.00  -0.14   1.24   0.89   2.44
 51  1.0 -1.0  1.0000   -13.353  4.8E-04   0.00   2.06   0.11  -0.23   2.46
 43  1.0  1.0  1.0000   -12.522  2.3E-04   0.00  -0.72  -0.59  -1.25   2.42
 50  1.0 -1.0  1.0000   -11.791  2.3E-04   0.00   0.04   0.03  -2.16   2.29
 45  1.0  1.0  1.0000    -9.129  8.4E-05   0.00  -0.47   0.48   0.38   0.98
 52  1.0 -1.0  1.0000    -8.552  3.9E-04   0.00   0.25   0.43  -0.16   1.19
 46  1.0  1.0  1.0000    -7.467  7.1E-05   0.00   0.26  -1.43   0.23   1.53
 53  1.0 -1.0  1.0000    -7.449  1.1E-04   0.00   0.24  -1.35   0.17   1.51
 54  1.0 -1.0  0.0000    -5.223  1.8E-04   0.00  -0.91   0.41   0.23   1.45
 47  1.0  1.0  0.0000    -4.506  3.0E-05   0.00   0.53   0.44  -1.08   1.48
 71 -1.0 -1.0  0.0000    -3.245  3.3E-04   0.00  -0.61   1.27   2.07   3.48
 58 -1.0  1.0  0.0000    -3.203  3.2E-04   0.00  -0.71   1.50   1.73   3.49
 73 -1.0 -1.0  0.0000    -2.601  4.6E-04   0.00  -0.18   0.98   2.19   3.33
 60 -1.0  1.0  0.0000    -2.088  6.0E-04   0.00   0.48   1.32   0.85   3.40
 72 -1.0 -1.0  0.0000    -1.450  6.4E-04   0.00   2.37  -0.47  -0.17   3.40
 59 -1.0  1.0  0.0000    -0.776  3.6E-04   0.00  -1.39  -0.77  -1.10   3.30
 74 -1.0 -1.0  0.0000    -0.080  3.1E-04   0.00   0.35   0.32  -1.92   3.12
 61 -1.0  1.0  0.0000     0.593  2.4E-04   0.00   0.02   0.05  -2.75   2.96
 76 -1.0 -1.0  0.0000     1.290  3.7E-04   0.00  -0.75   0.85   0.90   1.99
 63 -1.0  1.0  0.0000     1.443  1.9E-04   0.00  -0.81   1.18   0.23   2.06
 75 -1.0 -1.0  0.0000     2.446  3.3E-04   0.00   1.00  -0.00  -0.39   1.83
 62 -1.0  1.0  0.0000     2.553  1.6E-04   0.00   0.42  -0.38   0.07   1.32
 66 -1.0  1.0  0.0000     2.776  2.3E-06   0.00   0.50  -0.50   0.50   2.17
 79 -1.0 -1.0  0.0000     2.778  3.6E-06   0.00  -0.49  -0.50  -0.49   2.17
 77 -1.0 -1.0  0.0000     3.266  8.1E-05   0.00   0.18  -0.47  -0.09   1.70
 64 -1.0  1.0  0.0000     3.446  2.3E-04   0.00  -0.55  -0.44  -1.13   2.25
 80 -1.0 -1.0  0.0000     3.783  1.4E-04   0.00  -0.46   1.21   0.74   2.45
 67 -1.0  1.0  0.0000     3.805  2.8E-05   0.00  -0.39   1.47   0.30   2.47
 78 -1.0 -1.0  0.0000     3.978  1.5E-04   0.00   0.96  -0.28  -0.07   2.34
 65 -1.0  1.0  0.0000     4.047  1.6E-04   0.00   0.32  -0.51   0.08   2.07
--------------------------------------------------------------------------------
---------------- Electric Multipole Moments -----------------
Quantisation Axis             : Z
  With secondary axis ordering: X,Y
______________________________________________________________
                     Neutrons        Protons         Total
______________________________________________________________
 Particles           18.0000         18.0000         36.0000

Re  Q_{ 2 0}          5.6276          5.8339         11.4615
Re  Q_{ 2 2}          6.8822          7.1247         14.0069

Re  Q_{ 4 0}         -8.0529         -8.9874        -17.0403
Re  Q_{ 4 2}         -8.1559         -9.0535        -17.2094
Re  Q_{ 4 4}        -10.5971        -11.8155        -22.4126

Re  Q_{ 6 0}        -68.2422        -78.2752       -146.5174
Re  Q_{ 6 2}        -67.9416        -77.0310       -144.9725
Re  Q_{ 6 4}        -70.4287        -78.4309       -148.8596
Re  Q_{ 6 6}        -98.3175       -111.5080       -209.8255

Re  Q_{ 8 0}        -18.0185       -167.3120       -185.3305
Re  Q_{ 8 2}        -96.8844        -86.8904       -183.7748
Re  Q_{ 8 4}        -72.3488       -125.4770       -197.8258
Re  Q_{ 8 6}       -111.2871       -109.3161       -220.6032
Re  Q_{ 8 8}       -107.6564       -186.1664       -293.8228

Re  Q_{10 0}       7237.2237       9070.1051      16307.3288
Re  Q_{10 2}        401.5986        615.7941       1017.3927
Re  Q_{10 4}      -6637.1708      -8451.2352     -15088.4060
Re  Q_{10 6}        478.8199       1217.6665       1696.4864
Re  Q_{10 8}      -7647.7914      -9531.4793     -17179.2707
Re  Q_{1010}        790.2021       1247.2091       2037.4112

 RMS radius           3.2652          3.3122          3.2887
______________________________________________________________
                     Neutrons        Protons         Total
______________________________________________________________

Beta_{ 2 0}       0.04170742      0.04323643      0.08494385
Beta_{ 2 2}       0.05100526      0.05280258      0.10380784

Beta_{ 4 0}      -0.00380140     -0.00424254     -0.00804393
Beta_{ 4 2}      -0.00385003     -0.00427372     -0.00812375
Beta_{ 4 4}      -0.00500240     -0.00557756     -0.01057996

Beta_{ 6 0}      -0.00205186     -0.00235352     -0.00440537
Beta_{ 6 2}      -0.00204282     -0.00231611     -0.00435892
Beta_{ 6 4}      -0.00211760     -0.00235820     -0.00447580
Beta_{ 6 6}      -0.00295614     -0.00335274     -0.00630887

Beta_{ 8 0}      -0.00003451     -0.00032042     -0.00035493
Beta_{ 8 2}      -0.00018555     -0.00016641     -0.00035195
Beta_{ 8 4}      -0.00013856     -0.00024030     -0.00037886
Beta_{ 8 6}      -0.00021313     -0.00020935     -0.00042248
Beta_{ 8 8}      -0.00020618     -0.00035653     -0.00056271

Beta_{10 0}       0.00088282      0.00110640      0.00198921
Beta_{10 2}       0.00004899      0.00007512      0.00012410
Beta_{10 4}      -0.00080962     -0.00103091     -0.00184053
Beta_{10 6}       0.00005841      0.00014853      0.00020694
Beta_{10 8}      -0.00093290     -0.00116268     -0.00209558
Beta_{1010}       0.00009639      0.00015214      0.00024853

______________________________________________________________
                     Neutrons        Protons         Total
______________________________________________________________
Q_{ 2}               11.2427         11.6429         22.8856
Q_{ 4}               20.5544         22.8892         43.4436
Q_{ 6}              207.7070        234.8732        442.5757
Q_{ 8}              278.4169        409.6316        670.9390
Q_{10}            16108.6575      20338.3048      36436.6854
______________________________________________________________
                     Neutrons        Protons         Total
______________________________________________________________
Beta_{   2}       0.08332216      0.08628797      0.16961012
Beta_{   4}       0.00970278      0.01080495      0.02050772
Beta_{   6}       0.00624518      0.00706199      0.01330703
Beta_{   8}       0.00053320      0.00078449      0.00128493
Beta_{  10}       0.00196498      0.00248092      0.00444465
______________________________________________________________
 Cart. Moments X              Y              Z
 Cart. N       17.8036187    -35.6468974     17.8432787
 Cart. P       18.4182906    -36.9157083     18.4974177
 Cart. T       36.2219092    -72.5626057     36.3406965
 (Q, gamma)    Q              Gamma
 (Q,g) N       35.6469048     59.9631961
 (Q,g) P       36.9157366     59.9290951
 (Q,g) T       72.5626381     59.9458475
 (iq1, iq2)    iq1            iq2
 iq    N        0.0264400     35.6336774
 iq    P        0.0527515     36.8893326
 iq    T        0.0791915     72.5230100
               X^2            Y^2            Z^2
 X^2_i N       69.9026868     52.0858481     69.9159068
 X^2_i P       71.9615703     53.5169040     71.9879461
 X^2_i T      141.8642571    105.6027521    141.9038529
------------------------------------------------------------
------------------------- Angular Momentum (hbar) --------------------------

               Spwfs(*)    Desired     Omega       E (MeV)      Densit. 
  __________________________________________________________________________
   J_x   |     0.00000     0.00000     0.00000    -0.00000     0.00000
   J_y   |     0.00000     0.00000     0.00000    -0.00000     0.00000
   J_z   |     1.71900     0.00000     0.50000    -0.85950     1.71900
  __________________________________________________________________________
   Size  |     1.71900     0.00000     0.50000                 1.71900
  --------------------------------------------------------------------------
---------------------Rotational properties--------------------
                Rigid rotor          (hbar^2/MeV)
              n              p              t 
 I_R X       2.9418544      3.0263253      5.9681797
 I_R Y       3.3714757      3.4710855      6.8425612
 I_R Z       2.9415356      3.0256893      5.9672249

                Belyaev                 (hbar^2/MeV) 
              n              p              t 
 I_B X       1.4264309      1.4593047      2.8857355
 I_B Y       0.0686903      0.0710761      0.1397664
 I_B Z       1.2880825      1.3137689      2.6018514

                Belyaev (collective)    (hbar^2/MeV) 
              n              p              t 
 I_B X       0.0000000      0.0000000      0.0000000
 I_B Y       0.0000000      0.0000000      0.0000000
 I_B Z       0.0000000      0.0000000      0.0000000

                 <J^2> - <J>^2          (hbar^2)
              n              p              t 
 J2_X        2.1645061      2.1599538      4.3244599
 J2_Y        0.0905534      0.0922169      0.1827703
 J2_Z        2.0256162      2.0147225      4.0403387
 J2_t        4.2806758      4.2668931      8.5475689

                 <J^2> - <J>^2 (coll.)  (hbar^2)
              n              p              t 
 J2_X        0.0000000      0.0000000      0.0000000
 J2_Y        0.0000000      0.0000000      0.0000000
 J2_Z        0.0000000      0.0000000      0.0000000
 J2_t        0.0000000      0.0000000      0.0000000
--------------------------------------------------------------------------------
 Skyrme Energy 
                                    Isoscalar      Isovector   |   Total
--------------------------------------------------------------------------------
                 E_D_I_I_D_I_I   -3571.097016       0.516434   -3570.580581
              E_D_I_I_D_I_I_DD    2399.136483      -0.433637    2398.702846
               E_D_I_Sm_D_I_Sm      -0.039410       0.000229      -0.039181
            E_D_I_Sm_D_I_Sm_DD       0.252192      -0.000154       0.252038
               E_D_I_I_D_Nm_Nm     135.302619       0.005886     135.308505
             E_D_I_I_Lap_D_I_I      96.161491      -0.019866      96.141624
           E_C_I_NmSk_C_I_NmSk       0.059946       0.000491       0.060438
               E_C_I_Nm_C_I_Nm      -0.091000      -0.000005      -0.091005
           E_D_I_Sm_Lap_D_I_Sm      -0.164499      -0.000033      -0.164532
            E_D_I_Sm_D_Nk_NkSm      -0.000481      -0.000010      -0.000491
       E_D_I_I_Derm_C_I_NxmSxm     -15.251113      -0.001559     -15.252672
        E_C_I_Nm_Derxm_D_I_Sxm      -0.098360      -0.000015      -0.098375
               E_DP_I_I_DP_I_I                                     0.000000
               E_CP_I_I_CP_I_I                                     0.000000
--------------------------------------------------------------------------------
                 Total Skyrme:                                  -955.761387
                    time-even:                                  -955.619841
                    time-odd :                                    -0.141546
--------------------------------------------------------------------------------
--------------------------------------------------------------------------------
                                     neutron        proton         total
                Kinetic Energy:     306.523354     298.320321     604.843674
                    COM 1-body:      -8.514538      -8.286676     -16.801213

                Coulomb Direct:       0.000000      66.928589      66.928589
                      Exchange:       0.000000      -6.754320      -6.754320

               Pairing (delta):       0.000000       0.000000       0.000000
               Pairing (densi):                                     0.000000
--------------------------------------------------------------------------------
                  Total energy:                                  -307.544656
                    from spwfs:                                  -307.543034
                   E_fu - E_sp:                                -0.162143E-02
                      Routhian:                                  -307.113955
--------------------------------------------------------------------------------
--------------------------------------------------------------------------------
Convergence report
                        Change^(i)     Change^(i-1)   rate (approx)
  Con.  Energy      :      -1.02E-03      -1.19E-03      -1.20E+01
  Con.  Routhian    :      -1.70E-03      -1.96E-03      -5.01E+00
  Con.  E_fu - E_sp :      -3.99E-04      -4.05E-04       4.15E-01
  Con.  |delta rho| :       5.18E-05       0.00E+00       1.05E+00
--------------------------------------------------------------------------------
--------------------------------------------------------------------------------
 Iteration =   51
 dt  =   0.0371      mu  =   0.9262  D2H =  0.2E-03
 E   =   -307.545    DE  =  0.27377E-05
 dmun=  0.0E+00      dmup=  0.0E+00
 Q20 =      11.4639  Q22 =      14.0106 dQ20=  0.2E-02      dQ22=  0.4E-02
 Jz  =    1.718      dJZ = -0.6E-03
--------------------------------------------------------------------------------
 Iteration =   52
 dt  =   0.0371      mu  =   0.9261  D2H =  0.2E-03
 E   =   -307.546    DE  =  0.21820E-05
 dmun=  0.0E+00      dmup=  0.0E+00
 Q20 =      11.4670  Q22 =      14.0142 dQ20=  0.3E-02      dQ22=  0.4E-02
 Jz  =    1.717      dJZ = -0.2E-02
--------------------------------------------------------------------------------
 Iteration =   53
 dt  =   0.0371      mu  =   0.9259  D2H =  0.2E-03
 E   =   -307.547    DE  =  0.16481E-05
 dmun=  0.0E+00      dmup=  0.0E+00
 Q20 =      11.4710  Q22 =      14.0177 dQ20=  0.4E-02      dQ22=  0.3E-02
 Jz  =    1.716      dJZ = -0.1E-02
--------------------------------------------------------------------------------
 Iteration =   54
 dt  =   0.0371      mu  =   0.9258  D2H =  0.2E-03
 E   =   -307.547    DE  =  0.11454E-05
 dmun=  0.0E+00      dmup=  0.0E+00
 Q20 =      11.4756  Q22 =      14.0211 dQ20=  0.5E-02      dQ22=  0.3E-02
 Jz  =    1.715      dJZ = -0.8E-03
--------------------------------------------------------------------------------
 Iteration =   55
 dt  =   0.0371      mu  =   0.9256  D2H =  0.2E-03
 E   =   -307.547    DE  =  0.68139E-06
 dmun=  0.0E+00      dmup=  0.0E+00
 Q20 =      11.4808  Q22 =      14.0243 dQ20=  0.5E-02      dQ22=  0.3E-02
 Jz  =    1.714      dJZ = -0.5E-03
--------------------------------------------------------------------------------
 Iteration =   56
 dt  =   0.0371      mu  =   0.9255  D2H =  0.2E-03
 E   =   -307.547    DE  =  0.26168E-06
 dmun=  0.0E+00      dmup=  0.0E+00
 Q20 =      11.4865  Q22 =      14.0274 dQ20=  0.6E-02      dQ22=  0.3E-02
 Jz  =    1.714      dJZ = -0.3E-03
--------------------------------------------------------------------------------
 Iteration =   57
 dt  =   0.0371      mu  =   0.9254  D2H =  0.2E-03
 E   =   -307.547    DE  =  0.11023E-06
 dmun=  0.0E+00      dmup=  0.0E+00
 Q20 =      11.4927  Q22 =      14.0305 dQ20=  0.6E-02      dQ22=  0.3E-02
 Jz  =    1.714      dJZ = -0.2E-04
--------------------------------------------------------------------------------
 Iteration =   58
 dt  =   0.0371      mu  =   0.9253  D2H =  0.1E-03
 E   =   -307.547    DE  =  0.43306E-06
 dmun=  0.0E+00      dmup=  0.0E+00
 Q20 =      11.4993  Q22 =      14.0334 dQ20=  0.7E-02      dQ22=  0.3E-02
 Jz  =    1.714      dJZ =  0.2E-03
--------------------------------------------------------------------------------
 Iteration =   59
 dt  =   0.0371      mu  =   0.9251  D2H =  0.1E-03
 E   =   -307.547    DE  =  0.70746E-06
 dmun=  0.0E+00      dmup=  0.0E+00
 Q20 =      11.5060  Q22 =      14.0364 dQ20=  0.7E-02      dQ22=  0.3E-02
 Jz  =    1.715      dJZ =  0.4E-03
--------------------- Sp wavefunctions -----------------------------------------
________________________________________________________________________________
   Neutron wavefunctions
  i    P   Rz   occ       E        d2h    Delta   JxT    JyT    Jz     J
--------------------- Sp wavefunctions -----------------------------------------
  1  1.0  1.0  1.0000   -46.649  2.9E-07   0.00  -0.50   0.50   0.50   0.50
  8  1.0 -1.0  1.0000   -45.696  2.2E-07   0.00   0.50   0.50  -0.50   0.50
 29 -1.0 -1.0  1.0000   -34.054  2.3E-04   0.00  -0.38   0.51   1.31   1.49
 16 -1.0  1.0  1.0000   -33.665  3.3E-05   0.00  -0.68   1.24   0.45   1.50
 28 -1.0 -1.0  1.0000   -32.693  2.7E-04   0.00   1.31   0.49  -0.38   1.48
 15 -1.0  1.0  1.0000   -31.742  1.7E-04   0.00  -0.17  -0.24  -1.25   1.42
 17 -1.0  1.0  1.0000   -28.595  1.7E-04   0.00   0.36  -0.50   0.31   0.67
 30 -1.0 -1.0  1.0000   -28.062  3.9E-05   0.00  -0.43  -0.50  -0.44   0.58
  2  1.0  1.0  1.0000   -21.500  2.5E-04   0.00  -0.46   0.85   1.85   2.48
  9  1.0 -1.0  1.0000   -21.364  2.2E-04   0.00  -0.68   1.39   1.15   2.50
  4  1.0  1.0  1.0000   -20.681  3.0E-04   0.00  -0.14   1.27   0.87   2.43
 11  1.0 -1.0  1.0000   -19.906  2.2E-04   0.00   2.07   0.09  -0.22   2.46
  3  1.0  1.0  1.0000   -19.070  4.3E-05   0.00  -0.72  -0.60  -1.24   2.42
 10  1.0 -1.0  1.0000   -18.345  5.8E-05   0.00   0.03   0.03  -2.16   2.29
  5  1.0  1.0  1.0000   -15.611  5.7E-05   0.00  -0.48   0.48   0.38   0.98
 12  1.0 -1.0  1.0000   -15.023  1.1E-04   0.00   0.25   0.44  -0.20   1.20
  6  1.0  1.0  1.0000   -13.847  3.5E-05   0.00   0.26  -1.44   0.23   1.53
 13  1.0 -1.0  1.0000   -13.831  2.2E-05   0.00   0.24  -1.36   0.18   1.51
 14  1.0 -1.0  0.0000   -11.560  4.7E-05   0.00  -0.91   0.41   0.24   1.45
  7  1.0  1.0  0.0000   -10.828  3.3E-05   0.00   0.54   0.45  -1.08   1.48
 31 -1.0 -1.0  0.0000    -9.459  5.1E-05   0.00  -0.62   1.31   2.07   3.48
 18 -1.0  1.0  0.0000    -9.421  3.7E-04   0.00  -0.72   1.56   1.70   3.49
 33 -1.0 -1.0  0.0000    -8.793  3.0E-04   0.00  -0.17   1.01   2.17   3.35
 20 -1.0  1.0  0.0000    -8.284  4.8E-04   0.00   0.56   1.26   0.86   3.41
 32 -1.0 -1.0  0.0000    -7.638  3.0E-04   0.00   2.34  -0.55  -0.15   3.41
 19 -1.0  1.0  0.0000    -6.947  1.9E-04   0.00  -1.50  -0.78  -1.11   3.32
 34 -1.0 -1.0  0.0000    -6.227  1.1E-04   0.00   0.35   0.30  -2.00   3.18
 21 -1.0  1.0  0.0000    -5.530  1.4E-04   0.00   0.01   0.02  -2.88   3.06
 36 -1.0 -1.0  0.0000    -4.476  2.5E-04   0.00  -0.71   0.98   0.84   1.93
 23 -1.0  1.0  0.0000    -4.340  1.2E-04   0.00  -0.72   1.26   0.27   1.99
 35 -1.0 -1.0  0.0000    -3.093  3.3E-04   0.00   1.08  -0.07  -0.27   1.77
 22 -1.0  1.0  0.0000    -2.841  2.8E-04   0.00   0.31  -0.38  -0.08   1.34
 37 -1.0 -1.0  0.0000    -1.167  1.9E-04   0.00   0.00  -0.47  -0.17   1.38
 24 -1.0  1.0  0.0000    -0.911  2.3E-03   0.00   0.10  -0.85   0.04   2.24
 40 -1.0 -1.0  0.0000    -0.889  4.2E-05   0.00   0.63  -2.06   0.67   2.49
 27 -1.0  1.0  0.0000    -0.825  2.3E-03   0.00   0.36  -1.61   0.02   2.32
 26 -1.0  1.0  0.0000     0.526  1.3E-04   0.00  -1.07   0.17   1.00   2.34
 39 -1.0 -1.0  0.0000     0.809  4.6E-05   0.00  -1.46   0.70  -0.00   2.44
 25 -1.0  1.0  0.0000     1.038  1.0E-05   0.00   0.53  -0.50   0.52   2.22
 38 -1.0 -1.0  0.0000     1.056  9.8E-06   0.00  -0.57  -0.45  -0.45   2.23
________________________________________________________________________________
   Proton  wavefunctions
  i    P   Rz   occ       E        d2h    Delta   JxT    JyT    Jz     J
--------------------- Sp wavefunctions -----------------------------------------
 41  1.0  1.0  1.0000   -39.314  2.9E-07   0.00  -0.50   0.50   0.50   0.51
 48  1.0 -1.0  1.0000   -38.383  3.0E-07   0.00   0.50   0.50  -0.50   0.50
 69 -1.0 -1.0  1.0000   -27.129  2.4E-04   0.00  -0.39   0.52   1.31   1.49
 56 -1.0  1.0  1.0000   -26.748  3.4E-05   0.00  -0.68   1.24   0.45   1.50
 68 -1.0 -1.0  1.0000   -25.793  2.7E-04   0.00   1.31   0.48  -0.37   1.48
 55 -1.0  1.0  1.0000   -24.854  1.8E-04   0.00  -0.17  -0.25  -1.24   1.42
 57 -1.0  1.0  1.0000   -21.746  1.7E-04   0.00   0.35  -0.50   0.30   0.68
 70 -1.0 -1.0  1.0000   -21.226  4.2E-05   0.00  -0.42  -0.50  -0.44   0.58
 42  1.0  1.0  1.0000   -14.931  2.4E-04   0.00  -0.46   0.84   1.85   2.48
 49  1.0 -1.0  1.0000   -14.797  2.2E-04   0.00  -0.68   1.39   1.15   2.50
 44  1.0  1.0  1.0000   -14.119  2.9E-04   0.00  -0.13   1.27   0.87   2.44
 51  1.0 -1.0  1.0000   -13.355  2.3E-04   0.00   2.06   0.09  -0.22   2.46
 43  1.0  1.0  1.0000   -12.525  4.7E-05   0.00  -0.74  -0.60  -1.24   2.42
 50  1.0 -1.0  1.0000   -11.793  6.8E-05   0.00   0.04   0.04  -2.16   2.29
 45  1.0  1.0  1.0000    -9.127  5.8E-05   0.00  -0.47   0.48   0.38   0.98
 52  1.0 -1.0  1.0000    -8.554  1.4E-04   0.00   0.24   0.43  -0.17   1.20
 46  1.0  1.0  1.0000    -7.468  3.4E-05   0.00   0.26  -1.44   0.23   1.54
 53  1.0 -1.0  1.0000    -7.451  2.8E-05   0.00   0.24  -1.35   0.17   1.51
 54  1.0 -1.0  0.0000    -5.218  5.7E-05   0.00  -0.90   0.41   0.23   1.45
 47  1.0  1.0  0.0000    -4.498  3.9E-05   0.00   0.53   0.45  -1.08   1.48
 71 -1.0 -1.0  0.0000    -3.245  3.9E-05   0.00  -0.60   1.25   2.11   3.48
 58 -1.0  1.0  0.0000    -3.204  3.6E-04   0.00  -0.71   1.52   1.72   3.49
 73 -1.0 -1.0  0.0000    -2.600  2.6E-04   0.00  -0.19   1.03   2.14   3.34
 60 -1.0  1.0  0.0000    -2.090  4.6E-04   0.00   0.51   1.31   0.85   3.40
 72 -1.0 -1.0  0.0000    -1.453  2.9E-04   0.00   2.36  -0.51  -0.16   3.40
 59 -1.0  1.0  0.0000    -0.780  1.8E-04   0.00  -1.42  -0.77  -1.09   3.30
 74 -1.0 -1.0  0.0000    -0.083  1.5E-04   0.00   0.36   0.32  -1.92   3.12
 61 -1.0  1.0  0.0000     0.590  1.6E-04   0.00   0.02   0.05  -2.75   2.96
 76 -1.0 -1.0  0.0000     1.292  2.3E-04   0.00  -0.74   0.86   0.90   1.98
 63 -1.0  1.0  0.0000     1.443  1.3E-04   0.00  -0.80   1.18   0.23   2.05
 75 -1.0 -1.0  0.0000     2.446  3.1E-04   0.00   1.00  -0.01  -0.39   1.83
 62 -1.0  1.0  0.0000     2.551  3.2E-04   0.00   0.42  -0.38   0.07   1.31
 66 -1.0  1.0  0.0000     2.776  1.2E-06   0.00   0.50  -0.50   0.50   2.17
 79 -1.0 -1.0  0.0000     2.778  1.8E-06   0.00  -0.49  -0.50  -0.49   2.17
 77 -1.0 -1.0  0.0000     3.267  2.5E-05   0.00   0.18  -0.47  -0.09   1.70
 64 -1.0  1.0  0.0000     3.447  9.7E-05   0.00  -0.55  -0.45  -1.14   2.25
 80 -1.0 -1.0  0.0000     3.783  9.8E-05   0.00  -0.46   1.20   0.76   2.45
 67 -1.0  1.0  0.0000     3.805  1.8E-05   0.00  -0.39   1.46   0.31   2.46
 78 -1.0 -1.0  0.0000     3.978  8.6E-05   0.00   0.97  -0.27  -0.08   2.34
 65 -1.0  1.0  0.0000     4.046  6.5E-05   0.00   0.32  -0.51   0.08   2.07
--------------------------------------------------------------------------------
---------------- Electric Multipole Moments -----------------
Quantisation Axis             : Z
  With secondary axis ordering: X,Y
______________________________________________________________
                     Neutrons        Protons         Total
______________________________________________________________
 Particles           18.0000         18.0000         36.0000

Re  Q_{ 2 0}          5.6530          5.8599         11.5129
Re  Q_{ 2 2}          6.8982          7.1410         14.0393

Re  Q_{ 4 0}         -8.0887         -9.0269        -17.1156
Re  Q_{ 4 2}         -8.1942         -9.0971        -17.2913
Re  Q_{ 4 4}        -10.6634        -11.8913        -22.5547

Re  Q_{ 6 0}        -68.8221        -78.9375       -147.7596
Re  Q_{ 6 2}        -68.5236        -77.6986       -146.2222
Re  Q_{ 6 4}        -71.0082        -79.1397       -150.1479
Re  Q_{ 6 6}        -99.0839       -112.4680       -211.5520

Re  Q_{ 8 0}        -20.1371       -170.4436       -190.5807
Re  Q_{ 8 2}        -97.9619        -85.9856       -183.9475
Re  Q_{ 8 4}        -73.2652       -127.6002       -200.8654
Re  Q_{ 8 6}       -111.5674       -105.2416       -216.8090
Re  Q_{ 8 8}       -108.5456       -185.2211       -293.7667

Re  Q_{10 0}       7283.8397       9316.0592      16599.8989
Re  Q_{10 2}        328.8299        292.9378        621.7677
Re  Q_{10 4}      -6657.4398      -8173.1506     -14830.5904
Re  Q_{10 6}        446.8742       1213.1319       1660.0061
Re  Q_{10 8}      -7669.4250      -9102.9227     -16772.3477
Re  Q_{1010}        829.4944        932.5989       1762.0933

 RMS radius           3.2653          3.3123          3.2889
______________________________________________________________
                     Neutrons        Protons         Total
______________________________________________________________

Beta_{ 2 0}       0.04189554      0.04342893      0.08532447
Beta_{ 2 2}       0.05112405      0.05292376      0.10404780

Beta_{ 4 0}      -0.00381830     -0.00426118     -0.00807948
Beta_{ 4 2}      -0.00386809     -0.00429433     -0.00816242
Beta_{ 4 4}      -0.00503369     -0.00561332     -0.01064701

Beta_{ 6 0}      -0.00206929     -0.00237343     -0.00444272
Beta_{ 6 2}      -0.00206032     -0.00233618     -0.00439650
Beta_{ 6 4}      -0.00213502     -0.00237951     -0.00451453
Beta_{ 6 6}      -0.00297918     -0.00338160     -0.00636079

Beta_{ 8 0}      -0.00003857     -0.00032642     -0.00036499
Beta_{ 8 2}      -0.00018761     -0.00016467     -0.00035228
Beta_{ 8 4}      -0.00014031     -0.00024437     -0.00038468
Beta_{ 8 6}      -0.00021366     -0.00020155     -0.00041522
Beta_{ 8 8}      -0.00020788     -0.00035472     -0.00056260

Beta_{10 0}       0.00088850      0.00113640      0.00202490
Beta_{10 2}       0.00004011      0.00003573      0.00007584
Beta_{10 4}      -0.00081209     -0.00099698     -0.00180908
Beta_{10 6}       0.00005451      0.00014798      0.00020249
Beta_{10 8}      -0.00093554     -0.00111040     -0.00204594
Beta_{1010}       0.00010118      0.00011376      0.00021495

______________________________________________________________
                     Neutrons        Protons         Total
______________________________________________________________
Q_{ 2}               11.2751         11.6759         22.9510
Q_{ 4}               20.6672         23.0175         43.6847
Q_{ 6}              209.3968        236.9168        446.3093
Q_{ 8}              280.7010        408.8606        671.7874
Q_{10}            16165.6817      19772.9772      35924.4644
______________________________________________________________
                     Neutrons        Protons         Total
______________________________________________________________
Beta_{   2}       0.08356179      0.08653277      0.17009455
Beta_{   4}       0.00975601      0.01086549      0.02062149
Beta_{   6}       0.00629599      0.00712343      0.01341929
Beta_{   8}       0.00053758      0.00078302      0.00128655
Beta_{  10}       0.00197194      0.00241196      0.00438217
______________________________________________________________
 Cart. Moments X              Y              Z
 Cart. N       17.8256187    -35.7493773     17.9237585
 Cart. P       18.4406055    -37.0203805     18.5797750
 Cart. T       36.2662242    -72.7697577     36.5035335
 (Q, gamma)    Q              Gamma
 (Q,g) N       35.7494222     59.9091890
 (Q,g) P       37.0204677     59.8756446
 (Q,g) T       72.7698867     59.8921239
 (iq1, iq2)    iq1            iq2
 iq    N        0.0654265     35.7166640
 iq    P        0.0927797     36.9739906
 iq    T        0.1582062     72.6906546
               X^2            Y^2            Z^2
 X^2_i N       69.9147634     52.0564314     69.9474767
 X^2_i P       71.9735402     53.4865449     72.0199300
 X^2_i T      141.8883036    105.5429763    141.9674067
------------------------------------------------------------
------------------------- Angular Momentum (hbar) --------------------------

               Spwfs(*)    Desired     Omega       E (MeV)      Densit. 
  __________________________________________________________________________
   J_x   |     0.00000     0.00000     0.00000    -0.00000     0.00000
   J_y   |     0.00000     0.00000     0.00000    -0.00000     0.00000
   J_z   |     1.71528     0.00000     0.50000    -0.85764     1.71528
  __________________________________________________________________________
   Size  |     1.71528     0.00000     0.50000                 1.71528
  --------------------------------------------------------------------------
---------------------Rotational properties--------------------
                Rigid rotor          (hbar^2/MeV)
              n              p              t 
 I_R X       2.9419063      3.0263645      5.9682708
 I_R Y       3.3725281      3.4721454      6.8446735
 I_R Z       2.9411175      3.0252459      5.9663634

                Belyaev                 (hbar^2/MeV) 
              n              p              t 
 I_B X       1.4270492      1.4600273      2.8870765
 I_B Y       0.0674948      0.0697908      0.1372857
 I_B Z       1.2876726      1.3133431      2.6010157

                Belyaev (collective)    (hbar^2/MeV) 
              n              p              t 
 I_B X       0.0000000      0.0000000      0.0000000
 I_B Y       0.0000000      0.0000000      0.0000000
 I_B Z       0.0000000      0.0000000      0.0000000

                 <J^2> - <J>^2          (hbar^2)
              n              p              t 
 J2_X        2.1730370      2.1682939      4.3413308
 J2_Y        0.0895335      0.0911220      0.1806555
 J2_Z        2.0315244      2.0207171      4.0522415
 J2_t        4.2940950      4.2801329      8.5742279

                 <J^2> - <J>^2 (coll.)  (hbar^2)
              n              p              t 
 J2_X        0.0000000      0.0000000      0.0000000
 J2_Y        0.0000000      0.0000000      0.0000000
 J2_Z        0.0000000      0.0000000      0.0000000
 J2_t        0.0000000      0.0000000      0.0000000
--------------------------------------------------------------------------------
 Skyrme Energy 
                                    Isoscalar      Isovector   |   Total
--------------------------------------------------------------------------------
                 E_D_I_I_D_I_I   -3571.006476       0.516351   -3570.490126
              E_D_I_I_D_I_I_DD    2399.047249      -0.433548    2398.613701
               E_D_I_Sm_D_I_Sm      -0.038938       0.000230      -0.038708
            E_D_I_Sm_D_I_Sm_DD       0.249313      -0.000155       0.249159
               E_D_I_I_D_Nm_Nm     135.275222       0.005882     135.281104
             E_D_I_I_Lap_D_I_I      96.184369      -0.019874      96.164495
           E_C_I_NmSk_C_I_NmSk       0.059768       0.000490       0.060258
               E_C_I_Nm_C_I_Nm      -0.090341      -0.000005      -0.090347
           E_D_I_Sm_Lap_D_I_Sm      -0.163145      -0.000033      -0.163178
            E_D_I_Sm_D_Nk_NkSm      -0.000474      -0.000010      -0.000483
       E_D_I_I_Derm_C_I_NxmSxm     -15.220386      -0.001553     -15.221939
        E_C_I_Nm_Derxm_D_I_Sxm      -0.097450      -0.000015      -0.097464
               E_DP_I_I_DP_I_I                                     0.000000
               E_CP_I_I_CP_I_I                                     0.000000
--------------------------------------------------------------------------------
                 Total Skyrme:                                  -955.733529
                    time-even:                                  -955.592507
                    time-odd :                                    -0.141022
--------------------------------------------------------------------------------
--------------------------------------------------------------------------------
                                     neutron        proton         total
                Kinetic Energy:     306.508037     298.306788     604.814825
                    COM 1-body:      -8.514112      -8.286300     -16.800412

                Coulomb Direct:       0.000000      66.926809      66.926809
                      Exchange:       0.000000      -6.754339      -6.754339

               Pairing (delta):       0.000000       0.000000       0.000000
               Pairing (densi):                                     0.000000
--------------------------------------------------------------------------------
                  Total energy:                                  -307.546646
                    from spwfs:                                  -307.547457
                   E_fu - E_sp:                                 0.811843E-03
                      Routhian:                                  -307.118246
--------------------------------------------------------------------------------
--------------------------------------------------------------------------------
Convergence report
                        Change^(i)     Change^(i-1)   rate (approx)
  Con.  Energy      :       2.88E-04       2.18E-04      -3.73E+00
  Con.  Routhian    :       3.63E-04       2.43E-04      -1.66E+00
  Con.  E_fu - E_sp :      -1.16E-04      -1.34E-04      -1.72E+00
  Con.  |delta rho| :       6.57E-05       0.00E+00       8.36E-01
--------------------------------------------------------------------------------
--------------------------------------------------------------------------------
 Iteration =   61
 dt  =   0.0371      mu  =   0.9250  D2H =  0.1E-03
 E   =   -307.546    DE  =  0.11210E-05
 dmun=  0.0E+00      dmup=  0.0E+00
 Q20 =      11.5198  Q22 =      14.0421 dQ20=  0.7E-02      dQ22=  0.3E-02
 Jz  =    1.716      dJZ =  0.5E-03
--------------------------------------------------------------------------------
 Iteration =   62
 dt  =   0.0371      mu  =   0.9249  D2H =  0.1E-03
 E   =   -307.546    DE  =  0.12672E-05
 dmun=  0.0E+00      dmup=  0.0E+00
 Q20 =      11.5266  Q22 =      14.0449 dQ20=  0.7E-02      dQ22=  0.3E-02
 Jz  =    1.716      dJZ =  0.7E-03
--------------------------------------------------------------------------------
 Iteration =   63
 dt  =   0.0371      mu  =   0.9248  D2H =  0.9E-04
 E   =   -307.545    DE  =  0.13780E-05
 dmun=  0.0E+00      dmup=  0.0E+00
 Q20 =      11.5332  Q22 =      14.0476 dQ20=  0.7E-02      dQ22=  0.3E-02
 Jz  =    1.717      dJZ =  0.8E-03
--------------------------------------------------------------------------------
 Iteration =   64
 dt  =   0.0371      mu  =   0.9248  D2H =  0.9E-04
 E   =   -307.545    DE  =  0.14566E-05
 dmun=  0.0E+00      dmup=  0.0E+00
 Q20 =      11.5396  Q22 =      14.0502 dQ20=  0.6E-02      dQ22=  0.3E-02
 Jz  =    1.718      dJZ =  0.9E-03
--------------------------------------------------------------------------------
 Iteration =   65
 dt  =   0.0371      mu  =   0.9247  D2H =  0.8E-04
 E   =   -307.545    DE  =  0.15057E-05
 dmun=  0.0E+00      dmup=  0.0E+00
 Q20 =      11.5456  Q22 =      14.0526 dQ20=  0.6E-02      dQ22=  0.2E-02
 Jz  =    1.719      dJZ =  0.9E-03
--------------------------------------------------------------------------------
 Iteration =   66
 dt  =   0.0371      mu  =   0.9247  D2H =  0.7E-04
 E   =   -307.544    DE  =  0.15272E-05
 dmun=  0.0E+00      dmup=  0.0E+00
 Q20 =      11.5512  Q22 =      14.0549 dQ20=  0.6E-02      dQ22=  0.2E-02
 Jz  =    1.720      dJZ =  0.9E-03
--------------------------------------------------------------------------------
 Iteration =   67
 dt  =   0.0371      mu  =   0.9246  D2H =  0.7E-04
 E   =   -307.544    DE  =  0.15227E-05
 dmun=  0.0E+00      dmup=  0.0E+00
 Q20 =      11.5564  Q22 =      14.0570 dQ20=  0.5E-02      dQ22=  0.2E-02
 Jz  =    1.721      dJZ =  0.9E-03
--------------------------------------------------------------------------------
 Iteration =   68
 dt  =   0.0371      mu  =   0.9246  D2H =  0.6E-04
 E   =   -307.543    DE  =  0.14933E-05
 dmun=  0.0E+00      dmup=  0.0E+00
 Q20 =      11.5610  Q22 =      14.0589 dQ20=  0.5E-02      dQ22=  0.2E-02
 Jz  =    1.722      dJZ =  0.9E-03
--------------------------------------------------------------------------------
 Iteration =   69
 dt  =   0.0371      mu  =   0.9246  D2H =  0.6E-04
 E   =   -307.543    DE  =  0.14398E-05
 dmun=  0.0E+00      dmup=  0.0E+00
 Q20 =      11.5652  Q22 =      14.0606 dQ20=  0.4E-02      dQ22=  0.2E-02
 Jz  =    1.723      dJZ =  0.9E-03
--------------------- Sp wavefunctions -----------------------------------------
________________________________________________________________________________
   Neutron wavefunctions
  i    P   Rz   occ       E        d2h    Delta   JxT    JyT    Jz     J
--------------------- Sp wavefunctions -----------------------------------------
  1  1.0  1.0  1.0000   -46.646  8.9E-08   0.00  -0.50   0.50   0.50   0.50
  8  1.0 -1.0  1.0000   -45.694  7.4E-08   0.00   0.50   0.50  -0.50   0.50
 29 -1.0 -1.0  1.0000   -34.052  5.2E-05   0.00  -0.39   0.53   1.31   1.49
 16 -1.0  1.0  1.0000   -33.665  4.6E-06   0.00  -0.68   1.24   0.44   1.50
 28 -1.0 -1.0  1.0000   -32.694  4.0E-05   0.00   1.32   0.47  -0.37   1.48
 15 -1.0  1.0  1.0000   -31.739  1.8E-05   0.00  -0.17  -0.25  -1.25   1.42
 17 -1.0  1.0  1.0000   -28.595  1.6E-05   0.00   0.35  -0.50   0.31   0.68
 30 -1.0 -1.0  1.0000   -28.058  1.8E-05   0.00  -0.43  -0.50  -0.44   0.58
  2  1.0  1.0  1.0000   -21.499  3.3E-04   0.00  -0.46   0.85   1.85   2.48
  9  1.0 -1.0  1.0000   -21.366  1.8E-05   0.00  -0.68   1.42   1.14   2.50
  4  1.0  1.0  1.0000   -20.683  3.2E-04   0.00  -0.12   1.26   0.87   2.43
 11  1.0 -1.0  1.0000   -19.909  2.1E-05   0.00   2.07   0.06  -0.21   2.46
  3  1.0  1.0  1.0000   -19.071  2.0E-05   0.00  -0.73  -0.61  -1.24   2.42
 10  1.0 -1.0  1.0000   -18.344  1.4E-05   0.00   0.03   0.03  -2.15   2.29
  5  1.0  1.0  1.0000   -15.611  4.4E-05   0.00  -0.48   0.48   0.38   0.99
 12  1.0 -1.0  1.0000   -15.023  1.4E-05   0.00   0.24   0.44  -0.20   1.20
  6  1.0  1.0  1.0000   -13.850  4.0E-05   0.00   0.26  -1.44   0.23   1.53
 13  1.0 -1.0  1.0000   -13.834  3.0E-06   0.00   0.24  -1.36   0.19   1.51
 14  1.0 -1.0  0.0000   -11.555  1.0E-05   0.00  -0.91   0.41   0.24   1.45
  7  1.0  1.0  0.0000   -10.821  4.2E-06   0.00   0.53   0.44  -1.08   1.48
 31 -1.0 -1.0  0.0000    -9.461  2.0E-04   0.00  -0.61   1.31   2.07   3.48
 18 -1.0  1.0  0.0000    -9.424  1.6E-04   0.00  -0.73   1.59   1.69   3.49
 33 -1.0 -1.0  0.0000    -8.794  2.4E-04   0.00  -0.16   1.04   2.15   3.35
 20 -1.0  1.0  0.0000    -8.288  1.5E-04   0.00   0.59   1.23   0.87   3.41
 32 -1.0 -1.0  0.0000    -7.642  6.8E-05   0.00   2.32  -0.59  -0.14   3.41
 19 -1.0  1.0  0.0000    -6.951  2.5E-05   0.00  -1.53  -0.77  -1.10   3.32
 34 -1.0 -1.0  0.0000    -6.230  3.3E-05   0.00   0.36   0.31  -1.99   3.18
 21 -1.0  1.0  0.0000    -5.529  1.2E-05   0.00   0.01   0.02  -2.88   3.05
 36 -1.0 -1.0  0.0000    -4.475  4.8E-05   0.00  -0.71   0.99   0.83   1.94
 23 -1.0  1.0  0.0000    -4.341  2.6E-05   0.00  -0.72   1.26   0.26   1.99
 35 -1.0 -1.0  0.0000    -3.094  6.2E-05   0.00   1.07  -0.09  -0.27   1.77
 22 -1.0  1.0  0.0000    -2.842  2.3E-04   0.00   0.31  -0.39  -0.08   1.34
 37 -1.0 -1.0  0.0000    -1.163  6.9E-05   0.00   0.01  -0.47  -0.17   1.39
 24 -1.0  1.0  0.0000    -0.911  2.3E-03   0.00   0.13  -0.91   0.08   2.26
 40 -1.0 -1.0  0.0000    -0.893  2.7E-05   0.00   0.63  -2.07   0.66   2.49
 27 -1.0  1.0  0.0000    -0.823  2.3E-03   0.00   0.33  -1.56  -0.04   2.30
 26 -1.0  1.0  0.0000     0.528  7.1E-05   0.00  -1.07   0.19   1.00   2.34
 39 -1.0 -1.0  0.0000     0.808  5.3E-05   0.00  -1.46   0.70   0.00   2.44
 25 -1.0  1.0  0.0000     1.038  6.6E-06   0.00   0.53  -0.50   0.52   2.22
 38 -1.0 -1.0  0.0000     1.056  8.2E-06   0.00  -0.57  -0.45  -0.45   2.23
________________________________________________________________________________
   Proton  wavefunctions
  i    P   Rz   occ       E        d2h    Delta   JxT    JyT    Jz     J
--------------------- Sp wavefunctions -----------------------------------------
 41  1.0  1.0  1.0000   -39.310  1.4E-07   0.00  -0.50   0.50   0.50   0.51
 48  1.0 -1.0  1.0000   -38.382  8.2E-08   0.00   0.50   0.50  -0.50   0.50
 69 -1.0 -1.0  1.0000   -27.127  5.6E-05   0.00  -0.39   0.53   1.30   1.49
 56 -1.0  1.0  1.0000   -26.749  3.9E-06   0.00  -0.67   1.25   0.44   1.50
 68 -1.0 -1.0  1.0000   -25.794  4.5E-05   0.00   1.31   0.47  -0.37   1.48
 55 -1.0  1.0  1.0000   -24.852  1.9E-05   0.00  -0.17  -0.25  -1.24   1.42
 57 -1.0  1.0  1.0000   -21.746  1.7E-05   0.00   0.35  -0.50   0.30   0.68
 70 -1.0 -1.0  1.0000   -21.223  1.7E-05   0.00  -0.42  -0.50  -0.44   0.59
 42  1.0  1.0  1.0000   -14.931  3.2E-04   0.00  -0.46   0.85   1.85   2.48
 49  1.0 -1.0  1.0000   -14.799  2.0E-05   0.00  -0.68   1.41   1.14   2.50
 44  1.0  1.0  1.0000   -14.120  3.1E-04   0.00  -0.11   1.26   0.87   2.44
 51  1.0 -1.0  1.0000   -13.358  2.3E-05   0.00   2.06   0.06  -0.21   2.46
 43  1.0  1.0  1.0000   -12.527  1.8E-05   0.00  -0.75  -0.60  -1.24   2.42
 50  1.0 -1.0  1.0000   -11.792  1.3E-05   0.00   0.04   0.04  -2.15   2.29
 45  1.0  1.0  1.0000    -9.128  3.9E-05   0.00  -0.47   0.48   0.38   0.98
 52  1.0 -1.0  1.0000    -8.555  1.4E-05   0.00   0.24   0.43  -0.17   1.20
 46  1.0  1.0  1.0000    -7.471  3.6E-05   0.00   0.26  -1.44   0.23   1.54
 53  1.0 -1.0  1.0000    -7.454  7.2E-06   0.00   0.24  -1.35   0.17   1.51
 54  1.0 -1.0  0.0000    -5.213  1.1E-05   0.00  -0.90   0.41   0.23   1.45
 47  1.0  1.0  0.0000    -4.492  4.4E-06   0.00   0.53   0.44  -1.08   1.48
 71 -1.0 -1.0  0.0000    -3.246  1.7E-04   0.00  -0.60   1.25   2.12   3.47
 58 -1.0  1.0  0.0000    -3.207  1.6E-04   0.00  -0.72   1.55   1.71   3.49
 73 -1.0 -1.0  0.0000    -2.602  2.2E-04   0.00  -0.19   1.06   2.11   3.34
 60 -1.0  1.0  0.0000    -2.094  1.6E-04   0.00   0.55   1.27   0.85   3.40
 72 -1.0 -1.0  0.0000    -1.458  6.7E-05   0.00   2.34  -0.55  -0.15   3.40
 59 -1.0  1.0  0.0000    -0.784  3.9E-05   0.00  -1.44  -0.76  -1.08   3.29
 74 -1.0 -1.0  0.0000    -0.086  1.9E-05   0.00   0.37   0.33  -1.92   3.12
 61 -1.0  1.0  0.0000     0.591  6.5E-05   0.00   0.02   0.04  -2.75   2.96
 76 -1.0 -1.0  0.0000     1.293  8.7E-05   0.00  -0.74   0.87   0.89   1.98
 63 -1.0  1.0  0.0000     1.443  5.6E-05   0.00  -0.80   1.18   0.23   2.05
 75 -1.0 -1.0  0.0000     2.445  9.3E-05   0.00   1.00  -0.02  -0.38   1.83
 62 -1.0  1.0  0.0000     2.549  1.1E-04   0.00   0.42  -0.39   0.07   1.32
 66 -1.0  1.0  0.0000     2.776  6.9E-07   0.00   0.50  -0.50   0.50   2.17
 79 -1.0 -1.0  0.0000     2.778  8.0E-07   0.00  -0.49  -0.50  -0.49   2.17
 77 -1.0 -1.0  0.0000     3.268  5.7E-05   0.00   0.18  -0.47  -0.09   1.69
 64 -1.0  1.0  0.0000     3.448  6.0E-05   0.00  -0.55  -0.45  -1.14   2.25
 80 -1.0 -1.0  0.0000     3.783  5.9E-05   0.00  -0.47   1.19   0.77   2.45
 67 -1.0  1.0  0.0000     3.805  1.0E-05   0.00  -0.39   1.46   0.31   2.46
 78 -1.0 -1.0  0.0000     3.978  7.3E-05   0.00   0.98  -0.26  -0.09   2.34
 65 -1.0  1.0  0.0000     4.046  3.6E-05   0.00   0.32  -0.51   0.07   2.07
--------------------------------------------------------------------------------
---------------- Electric Multipole Moments -----------------
Quantisation Axis             : Z
  With secondary axis ordering: X,Y
______________________________________________________________
                     Neutrons        Protons         Total
______________________________________________________________
 Particles           18.0000         18.0000         36.0000

Re  Q_{ 2 0}          5.6803          5.8885         11.5688
Re  Q_{ 2 2}          6.9093          7.1527         14.0620

Re  Q_{ 4 0}         -8.1447         -9.0891        -17.2337
Re  Q_{ 4 2}         -8.2306         -9.1360        -17.3667
Re  Q_{ 4 4}        -10.6637        -11.8871        -22.5508

Re  Q_{ 6 0}        -69.5110        -79.7041       -149.2152
Re  Q_{ 6 2}        -69.1602        -78.4010       -147.5611
Re  Q_{ 6 4}        -71.5614        -79.7211       -151.2825
Re  Q_{ 6 6}        -99.4657       -112.8160       -212.2817

Re  Q_{ 8 0}        -20.2148       -169.1471       -189.3618
Re  Q_{ 8 2}        -99.0726        -88.5689       -187.6415
Re  Q_{ 8 4}        -74.5626       -127.5414       -202.1040
Re  Q_{ 8 6}       -112.9877       -110.4524       -223.4401
Re  Q_{ 8 8}       -108.8833       -187.7156       -296.5989

Re  Q_{10 0}       7260.1045       9273.9152      16534.0197
Re  Q_{10 2}        362.2748        432.6444        794.9192
Re  Q_{10 4}      -6605.8846      -8372.9879     -14978.8725
Re  Q_{10 6}        393.5612       1095.1799       1488.7411
Re  Q_{10 8}      -7604.6611      -9428.0410     -17032.7022
Re  Q_{1010}        716.9592        887.4329       1604.3921

 RMS radius           3.2654          3.3124          3.2890
______________________________________________________________
                     Neutrons        Protons         Total
______________________________________________________________

Beta_{ 2 0}       0.04209788      0.04364108      0.08573896
Beta_{ 2 2}       0.05120640      0.05301002      0.10421642

Beta_{ 4 0}      -0.00384472     -0.00429053     -0.00813524
Beta_{ 4 2}      -0.00388530     -0.00431269     -0.00819799
Beta_{ 4 4}      -0.00503385     -0.00561132     -0.01064518

Beta_{ 6 0}      -0.00209001     -0.00239648     -0.00448649
Beta_{ 6 2}      -0.00207946     -0.00235730     -0.00443676
Beta_{ 6 4}      -0.00215166     -0.00239699     -0.00454865
Beta_{ 6 6}      -0.00299066     -0.00339207     -0.00638273

Beta_{ 8 0}      -0.00003871     -0.00032394     -0.00036265
Beta_{ 8 2}      -0.00018974     -0.00016962     -0.00035936
Beta_{ 8 4}      -0.00014280     -0.00024426     -0.00038705
Beta_{ 8 6}      -0.00021639     -0.00021153     -0.00042791
Beta_{ 8 8}      -0.00020852     -0.00035950     -0.00056802

Beta_{10 0}       0.00088561      0.00113126      0.00201687
Beta_{10 2}       0.00004419      0.00005278      0.00009697
Beta_{10 4}      -0.00080580     -0.00102136     -0.00182717
Beta_{10 6}       0.00004801      0.00013359      0.00018160
Beta_{10 8}      -0.00092764     -0.00115006     -0.00207770
Beta_{1010}       0.00008746      0.00010825      0.00019571

______________________________________________________________
                     Neutrons        Protons         Total
______________________________________________________________
Q_{ 2}               11.3024         11.7046         23.0069
Q_{ 4}               20.7184         23.0684         43.7867
Q_{ 6}              210.7771        238.3526        449.1254
Q_{ 8}              283.5527        414.3754        681.0002
Q_{10}            16038.9093      20207.5121      36237.7921
______________________________________________________________
                     Neutrons        Protons         Total
______________________________________________________________
Beta_{   2}       0.08376409      0.08674484      0.17050893
Beta_{   4}       0.00978020      0.01088950      0.02066968
Beta_{   6}       0.00633749      0.00716661      0.01350396
Beta_{   8}       0.00054304      0.00079358      0.00130420
Beta_{  10}       0.00195647      0.00246497      0.00442039
______________________________________________________________
 Cart. Moments X              Y              Z
 Cart. N       17.8254893    -35.8358138     18.0103245
 Cart. P       18.4404242    -37.1109597     18.6705355
 Cart. T       36.2659136    -72.9467735     36.6808600
 (Q, gamma)    Q              Gamma
 (Q,g) N       35.8359727     59.8293808
 (Q,g) P       37.1111975     59.7948857
 (Q,g) T       72.9471669     59.8118317
 (iq1, iq2)    iq1            iq2
 iq    N        0.1232234     35.7742021
 iq    P        0.1534075     37.0342560
 iq    T        0.2766309     72.8084581
               X^2            Y^2            Z^2
 X^2_i N       69.9198732     52.0327721     69.9814849
 X^2_i P       71.9782110     53.4610830     72.0549147
 X^2_i T      141.8980841    105.4938551    142.0363996
------------------------------------------------------------
------------------------- Angular Momentum (hbar) --------------------------

               Spwfs(*)    Desired     Omega       E (MeV)      Densit. 
  __________________________________________________________________________
   J_x   |     0.00000     0.00000     0.00000    -0.00000     0.00000
   J_y   |     0.00000     0.00000     0.00000    -0.00000     0.00000
   J_z   |     1.72404     0.00000     0.50000    -0.86202     1.72404
  __________________________________________________________________________
   Size  |     1.72404     0.00000     0.50000                 1.72404
  --------------------------------------------------------------------------
---------------------Rotational properties--------------------
                Rigid rotor          (hbar^2/MeV)
              n              p              t 
 I_R X       2.9421559      3.0265941      5.9687500
 I_R Y       3.3734714      3.4731016      6.8465730
 I_R Z       2.9406702      3.0247445      5.9654148

                Belyaev                 (hbar^2/MeV) 
              n              p              t 
 I_B X       1.4264727      1.4596886      2.8861613
 I_B Y       0.0674137      0.0697269      0.1371406
 I_B Z       1.2848583      1.3102910      2.5951493

                Belyaev (collective)    (hbar^2/MeV) 
              n              p              t 
 I_B X       0.0000000      0.0000000      0.0000000
 I_B Y       0.0000000      0.0000000      0.0000000
 I_B Z       0.0000000      0.0000000      0.0000000

                 <J^2> - <J>^2          (hbar^2)
              n              p              t 
 J2_X        2.1811953      2.1765326      4.3577278
 J2_Y        0.0899487      0.0915773      0.1815260
 J2_Z        2.0330317      2.0217971      4.0548288
 J2_t        4.3041757      4.2899070      8.5940827

                 <J^2> - <J>^2 (coll.)  (hbar^2)
              n              p              t 
 J2_X        0.0000000      0.0000000      0.0000000
 J2_Y        0.0000000      0.0000000      0.0000000
 J2_Z        0.0000000      0.0000000      0.0000000
 J2_t        0.0000000      0.0000000      0.0000000
--------------------------------------------------------------------------------
 Skyrme Energy 
                                    Isoscalar      Isovector   |   Total
--------------------------------------------------------------------------------
                 E_D_I_I_D_I_I   -3570.794101       0.516340   -3570.277761
              E_D_I_I_D_I_I_DD    2398.859995      -0.433531    2398.426464
               E_D_I_Sm_D_I_Sm      -0.039172       0.000231      -0.038941
            E_D_I_Sm_D_I_Sm_DD       0.250883      -0.000155       0.250728
               E_D_I_I_D_Nm_Nm     135.242332       0.005880     135.248212
             E_D_I_I_Lap_D_I_I      96.198406      -0.019877      96.178529
           E_C_I_NmSk_C_I_NmSk       0.059532       0.000490       0.060022
               E_C_I_Nm_C_I_Nm      -0.091152      -0.000005      -0.091157
           E_D_I_Sm_Lap_D_I_Sm      -0.164430      -0.000033      -0.164463
            E_D_I_Sm_D_Nk_NkSm      -0.000476      -0.000010      -0.000486
       E_D_I_I_Derm_C_I_NxmSxm     -15.186065      -0.001557     -15.187622
        E_C_I_Nm_Derxm_D_I_Sxm      -0.098094      -0.000015      -0.098109
               E_DP_I_I_DP_I_I                                     0.000000
               E_CP_I_I_CP_I_I                                     0.000000
--------------------------------------------------------------------------------
                 Total Skyrme:                                  -955.694583
                    time-even:                                  -955.552156
                    time-odd :                                    -0.142428
--------------------------------------------------------------------------------
--------------------------------------------------------------------------------
                                     neutron        proton         total
                Kinetic Energy:     306.490148     298.291320     604.781468
                    COM 1-body:      -8.513615      -8.285870     -16.799485

                Coulomb Direct:       0.000000      66.924588      66.924588
                      Exchange:       0.000000      -6.754304      -6.754304

               Pairing (delta):       0.000000       0.000000       0.000000
               Pairing (densi):                                     0.000000
--------------------------------------------------------------------------------
                  Total energy:                                  -307.542317
                    from spwfs:                                  -307.543564
                   E_fu - E_sp:                                 0.124695E-02
                      Routhian:                                  -307.111893
--------------------------------------------------------------------------------
--------------------------------------------------------------------------------
Convergence report
                        Change^(i)     Change^(i-1)   rate (approx)
  Con.  Energy      :       4.19E-04       4.43E-04      -2.74E-01
  Con.  Routhian    :       6.49E-04       6.77E-04      -2.03E-01
  Con.  E_fu - E_sp :       2.98E-05       7.62E-06      -2.56E-01
  Con.  |delta rho| :       3.56E-05       0.00E+00      -6.70E-01
--------------------------------------------------------------------------------
--------------------------------------------------------------------------------
 Iteration =   71
 dt  =   0.0371      mu  =   0.9245  D2H =  0.5E-04
 E   =   -307.542    DE  =  0.12662E-05
 dmun=  0.0E+00      dmup=  0.0E+00
 Q20 =      11.5720  Q22 =      14.0632 dQ20=  0.3E-02      dQ22=  0.1E-02
 Jz  =    1.724      dJZ =  0.4E-03
--------------------------------------------------------------------------------
 Iteration =   72
 dt  =   0.0371      mu  =   0.9245  D2H =  0.5E-04
 E   =   -307.542    DE  =  0.11498E-05
 dmun=  0.0E+00      dmup=  0.0E+00
 Q20 =      11.5746  Q22 =      14.0642 dQ20=  0.3E-02      dQ22=  0.1E-02
 Jz  =    1.725      dJZ =  0.7E-03
--------------------------------------------------------------------------------
 Iteration =   73
 dt  =   0.0371      mu  =   0.9245  D2H =  0.5E-04
 E   =   -307.541    DE  =  0.10174E-05
 dmun=  0.0E+00      dmup=  0.0E+00
 Q20 =      11.5767  Q22 =      14.0650 dQ20=  0.2E-02      dQ22=  0.8E-03
 Jz  =    1.726      dJZ =  0.7E-03
--------------------------------------------------------------------------------
 Iteration =   74
 dt  =   0.0371      mu  =   0.9244  D2H =  0.4E-04
 E   =   -307.541    DE  =  0.87241E-06
 dmun=  0.0E+00      dmup=  0.0E+00
 Q20 =      11.5783  Q22 =      14.0656 dQ20=  0.2E-02      dQ22=  0.6E-03
 Jz  =    1.726      dJZ =  0.6E-03
--------------------------------------------------------------------------------
 Iteration =   75
 dt  =   0.0371      mu  =   0.9244  D2H =  0.4E-04
 E   =   -307.541    DE  =  0.71893E-06
 dmun=  0.0E+00      dmup=  0.0E+00
 Q20 =      11.5795  Q22 =      14.0660 dQ20=  0.1E-02      dQ22=  0.4E-03
 Jz  =    1.727      dJZ =  0.5E-03
--------------------------------------------------------------------------------
 Iteration =   76
 dt  =   0.0371      mu  =   0.9244  D2H =  0.4E-04
 E   =   -307.541    DE  =  0.56138E-06
 dmun=  0.0E+00      dmup=  0.0E+00
 Q20 =      11.5803  Q22 =      14.0662 dQ20=  0.8E-03      dQ22=  0.2E-03
 Jz  =    1.727      dJZ =  0.4E-03
--------------------------------------------------------------------------------
 Iteration =   77
 dt  =   0.0371      mu  =   0.9244  D2H =  0.4E-04
 E   =   -307.540    DE  =  0.40422E-06
 dmun=  0.0E+00      dmup=  0.0E+00
 Q20 =      11.5806  Q22 =      14.0663 dQ20=  0.4E-03      dQ22=  0.7E-04
 Jz  =    1.728      dJZ =  0.3E-03
--------------------------------------------------------------------------------
 Iteration =   78
 dt  =   0.0371      mu  =   0.9244  D2H =  0.4E-04
 E   =   -307.540    DE  =  0.25171E-06
 dmun=  0.0E+00      dmup=  0.0E+00
 Q20 =      11.5807  Q22 =      14.0662 dQ20=  0.3E-04      dQ22=  0.8E-04
 Jz  =    1.728      dJZ =  0.2E-03
--------------------------------------------------------------------------------
 Iteration =   79
 dt  =   0.0371      mu  =   0.9244  D2H =  0.4E-04
 E   =   -307.540    DE  =  0.10761E-06
 dmun=  0.0E+00      dmup=  0.0E+00
 Q20 =      11.5804  Q22 =      14.0660 dQ20=  0.3E-03      dQ22=  0.2E-03
 Jz  =    1.728      dJZ =  0.1E-03
--------------------- Sp wavefunctions -----------------------------------------
________________________________________________________________________________
   Neutron wavefunctions
  i    P   Rz   occ       E        d2h    Delta   JxT    JyT    Jz     J
--------------------- Sp wavefunctions -----------------------------------------
  1  1.0  1.0  1.0000   -46.645  4.7E-08   0.00  -0.50   0.50   0.50   0.50
  8  1.0 -1.0  1.0000   -45.692  1.1E-07   0.00   0.50   0.50  -0.50   0.50
 29 -1.0 -1.0  1.0000   -34.052  2.6E-06   0.00  -0.40   0.54   1.30   1.49
 16 -1.0  1.0  1.0000   -33.665  1.6E-05   0.00  -0.68   1.25   0.44   1.50
 28 -1.0 -1.0  1.0000   -32.694  1.5E-05   0.00   1.32   0.46  -0.36   1.48
 15 -1.0  1.0  1.0000   -31.738  3.1E-05   0.00  -0.17  -0.25  -1.24   1.42
 17 -1.0  1.0  1.0000   -28.594  2.2E-05   0.00   0.35  -0.50   0.30   0.68
 30 -1.0 -1.0  1.0000   -28.057  1.3E-05   0.00  -0.43  -0.50  -0.44   0.58
  2  1.0  1.0  1.0000   -21.499  1.6E-04   0.00  -0.47   0.87   1.83   2.48
  9  1.0 -1.0  1.0000   -21.367  1.4E-05   0.00  -0.69   1.43   1.13   2.50
  4  1.0  1.0  1.0000   -20.683  1.8E-04   0.00  -0.11   1.25   0.88   2.43
 11  1.0 -1.0  1.0000   -19.909  2.4E-05   0.00   2.07   0.05  -0.20   2.46
  3  1.0  1.0  1.0000   -19.071  2.3E-05   0.00  -0.74  -0.60  -1.24   2.42
 10  1.0 -1.0  1.0000   -18.342  2.7E-05   0.00   0.04   0.03  -2.15   2.29
  5  1.0  1.0  1.0000   -15.612  2.3E-05   0.00  -0.48   0.48   0.38   0.99
 12  1.0 -1.0  1.0000   -15.023  3.7E-05   0.00   0.24   0.44  -0.20   1.20
  6  1.0  1.0  1.0000   -13.851  1.4E-05   0.00   0.26  -1.44   0.23   1.53
 13  1.0 -1.0  1.0000   -13.835  2.9E-06   0.00   0.24  -1.36   0.19   1.51
 14  1.0 -1.0  0.0000   -11.554  1.4E-05   0.00  -0.91   0.41   0.24   1.45
  7  1.0  1.0  0.0000   -10.820  6.9E-06   0.00   0.53   0.44  -1.08   1.48
 31 -1.0 -1.0  0.0000    -9.461  1.9E-04   0.00  -0.62   1.31   2.07   3.48
 18 -1.0  1.0  0.0000    -9.426  1.0E-05   0.00  -0.73   1.61   1.67   3.49
 33 -1.0 -1.0  0.0000    -8.794  1.8E-04   0.00  -0.16   1.04   2.15   3.35
 20 -1.0  1.0  0.0000    -8.289  2.7E-05   0.00   0.62   1.20   0.88   3.41
 32 -1.0 -1.0  0.0000    -7.644  4.8E-05   0.00   2.31  -0.60  -0.13   3.41
 19 -1.0  1.0  0.0000    -6.953  2.7E-05   0.00  -1.54  -0.76  -1.09   3.32
 34 -1.0 -1.0  0.0000    -6.230  4.1E-05   0.00   0.37   0.31  -1.99   3.18
 21 -1.0  1.0  0.0000    -5.529  4.3E-05   0.00   0.01   0.02  -2.88   3.05
 36 -1.0 -1.0  0.0000    -4.475  2.7E-05   0.00  -0.71   1.00   0.83   1.94
 23 -1.0  1.0  0.0000    -4.342  3.5E-05   0.00  -0.72   1.26   0.26   1.99
 35 -1.0 -1.0  0.0000    -3.095  3.0E-05   0.00   1.06  -0.09  -0.26   1.77
 22 -1.0  1.0  0.0000    -2.843  6.0E-05   0.00   0.31  -0.39  -0.07   1.33
 37 -1.0 -1.0  0.0000    -1.162  3.4E-05   0.00   0.02  -0.47  -0.16   1.39
 24 -1.0  1.0  0.0000    -0.913  2.1E-03   0.00   0.15  -0.97   0.13   2.28
 40 -1.0 -1.0  0.0000    -0.895  2.3E-05   0.00   0.63  -2.07   0.66   2.49
 27 -1.0  1.0  0.0000    -0.821  2.0E-03   0.00   0.31  -1.51  -0.10   2.29
 26 -1.0  1.0  0.0000     0.528  4.8E-05   0.00  -1.08   0.19   1.00   2.34
 39 -1.0 -1.0  0.0000     0.808  2.5E-05   0.00  -1.46   0.71   0.01   2.44
 25 -1.0  1.0  0.0000     1.038  3.7E-06   0.00   0.53  -0.50   0.52   2.22
 38 -1.0 -1.0  0.0000     1.056  3.9E-06   0.00  -0.57  -0.45  -0.45   2.23
________________________________________________________________________________
   Proton  wavefunctions
  i    P   Rz   occ       E        d2h    Delta   JxT    JyT    Jz     J
--------------------- Sp wavefunctions -----------------------------------------
 41  1.0  1.0  1.0000   -39.310  7.6E-08   0.00  -0.50   0.50   0.50   0.51
 48  1.0 -1.0  1.0000   -38.380  1.2E-07   0.00   0.50   0.50  -0.50   0.50
 69 -1.0 -1.0  1.0000   -27.128  1.5E-06   0.00  -0.40   0.54   1.30   1.49
 56 -1.0  1.0  1.0000   -26.749  1.5E-05   0.00  -0.67   1.25   0.44   1.50
 68 -1.0 -1.0  1.0000   -25.794  1.5E-05   0.00   1.32   0.46  -0.36   1.48
 55 -1.0  1.0  1.0000   -24.851  3.1E-05   0.00  -0.17  -0.25  -1.23   1.41
 57 -1.0  1.0  1.0000   -21.745  2.2E-05   0.00   0.34  -0.50   0.29   0.69
 70 -1.0 -1.0  1.0000   -21.221  1.4E-05   0.00  -0.42  -0.50  -0.44   0.59
 42  1.0  1.0  1.0000   -14.931  1.6E-04   0.00  -0.47   0.86   1.84   2.48
 49  1.0 -1.0  1.0000   -14.800  1.3E-05   0.00  -0.69   1.43   1.13   2.50
 44  1.0  1.0  1.0000   -14.121  1.8E-04   0.00  -0.10   1.25   0.88   2.44
 51  1.0 -1.0  1.0000   -13.358  2.3E-05   0.00   2.06   0.04  -0.21   2.46
 43  1.0  1.0  1.0000   -12.527  2.3E-05   0.00  -0.75  -0.60  -1.24   2.42
 50  1.0 -1.0  1.0000   -11.791  2.9E-05   0.00   0.04   0.04  -2.15   2.29
 45  1.0  1.0  1.0000    -9.128  2.6E-05   0.00  -0.47   0.48   0.38   0.98
 52  1.0 -1.0  1.0000    -8.555  4.1E-05   0.00   0.24   0.43  -0.17   1.20
 46  1.0  1.0  1.0000    -7.472  1.5E-05   0.00   0.26  -1.43   0.23   1.54
 53  1.0 -1.0  1.0000    -7.455  2.3E-06   0.00   0.24  -1.36   0.17   1.51
 54  1.0 -1.0  0.0000    -5.212  1.7E-05   0.00  -0.89   0.41   0.23   1.45
 47  1.0  1.0  0.0000    -4.491  8.6E-06   0.00   0.53   0.44  -1.08   1.48
 71 -1.0 -1.0  0.0000    -3.247  1.8E-04   0.00  -0.60   1.25   2.11   3.47
 58 -1.0  1.0  0.0000    -3.208  1.3E-05   0.00  -0.73   1.57   1.69   3.49
 73 -1.0 -1.0  0.0000    -2.602  1.6E-04   0.00  -0.18   1.07   2.11   3.34
 60 -1.0  1.0  0.0000    -2.095  2.4E-05   0.00   0.57   1.24   0.87   3.40
 72 -1.0 -1.0  0.0000    -1.459  4.2E-05   0.00   2.33  -0.56  -0.14   3.40
 59 -1.0  1.0  0.0000    -0.785  1.8E-05   0.00  -1.45  -0.75  -1.08   3.29
 74 -1.0 -1.0  0.0000    -0.086  3.5E-05   0.00   0.38   0.33  -1.92   3.12
 61 -1.0  1.0  0.0000     0.592  2.0E-05   0.00   0.02   0.04  -2.75   2.96
 76 -1.0 -1.0  0.0000     1.292  2.1E-05   0.00  -0.75   0.88   0.89   1.99
 63 -1.0  1.0  0.0000     1.442  8.5E-06   0.00  -0.81   1.19   0.23   2.06
 75 -1.0 -1.0  0.0000     2.444  3.3E-05   0.00   1.00  -0.03  -0.38   1.83
 62 -1.0  1.0  0.0000     2.549  1.1E-05   0.00   0.41  -0.39   0.07   1.32
 66 -1.0  1.0  0.0000     2.776  2.6E-07   0.00   0.50  -0.50   0.50   2.17
 79 -1.0 -1.0  0.0000     2.778  3.1E-07   0.00  -0.49  -0.50  -0.49   2.17
 77 -1.0 -1.0  0.0000     3.268  3.0E-05   0.00   0.18  -0.47  -0.09   1.70
 64 -1.0  1.0  0.0000     3.448  3.3E-05   0.00  -0.55  -0.45  -1.14   2.25
 80 -1.0 -1.0  0.0000     3.782  3.3E-05   0.00  -0.47   1.18   0.77   2.45
 67 -1.0  1.0  0.0000     3.805  4.0E-06   0.00  -0.40   1.46   0.31   2.46
 78 -1.0 -1.0  0.0000     3.978  4.9E-05   0.00   0.97  -0.25  -0.10   2.34
 65 -1.0  1.0  0.0000     4.045  1.1E-05   0.00   0.32  -0.51   0.07   2.07
--------------------------------------------------------------------------------
---------------- Electric Multipole Moments -----------------
Quantisation Axis             : Z
  With secondary axis ordering: X,Y
______________________________________________________________
                     Neutrons        Protons         Total
______________________________________________________________
 Particles           18.0000         18.0000         36.0000

Re  Q_{ 2 0}          5.6856          5.8942         11.5798
Re  Q_{ 2 2}          6.9110          7.1546         14.0656

Re  Q_{ 4 0}         -8.1704         -9.1172        -17.2876
Re  Q_{ 4 2}         -8.2606         -9.1704        -17.4311
Re  Q_{ 4 4}        -10.7101        -11.9403        -22.6504

Re  Q_{ 6 0}        -69.7325        -79.9650       -149.6974
Re  Q_{ 6 2}        -69.3835        -78.6793       -148.0628
Re  Q_{ 6 4}        -71.7733        -80.0046       -151.7778
Re  Q_{ 6 6}        -99.7364       -113.2087       -212.9451

Re  Q_{ 8 0}        -20.6332       -172.2805       -192.9137
Re  Q_{ 8 2}        -99.6934        -90.8576       -190.5510
Re  Q_{ 8 4}        -74.6054       -129.8284       -204.4338
Re  Q_{ 8 6}       -113.6237       -109.3194       -222.9431
Re  Q_{ 8 8}       -109.9266       -188.8524       -298.7791

Re  Q_{10 0}       7262.7838       9159.3071      16422.0909
Re  Q_{10 2}        330.3795        276.6186        606.9981
Re  Q_{10 4}      -6680.7042      -8390.3021     -15071.0063
Re  Q_{10 6}        407.1301       1033.2066       1440.3367
Re  Q_{10 8}      -7704.5767      -9271.3846     -16975.9614
Re  Q_{1010}        742.0860        956.6295       1698.7155

 RMS radius           3.2655          3.3124          3.2890
______________________________________________________________
                     Neutrons        Protons         Total
______________________________________________________________

Beta_{ 2 0}       0.04213741      0.04368278      0.08582019
Beta_{ 2 2}       0.05121889      0.05302424      0.10424313

Beta_{ 4 0}      -0.00385688     -0.00430379     -0.00816068
Beta_{ 4 2}      -0.00389946     -0.00432894     -0.00822840
Beta_{ 4 4}      -0.00505574     -0.00563644     -0.01069218

Beta_{ 6 0}      -0.00209666     -0.00240433     -0.00450099
Beta_{ 6 2}      -0.00208617     -0.00236567     -0.00445184
Beta_{ 6 4}      -0.00215802     -0.00240552     -0.00456354
Beta_{ 6 6}      -0.00299880     -0.00340387     -0.00640267

Beta_{ 8 0}      -0.00003952     -0.00032994     -0.00036945
Beta_{ 8 2}      -0.00019092     -0.00017400     -0.00036493
Beta_{ 8 4}      -0.00014288     -0.00024864     -0.00039152
Beta_{ 8 6}      -0.00021760     -0.00020936     -0.00042696
Beta_{ 8 8}      -0.00021052     -0.00036168     -0.00057220

Beta_{10 0}       0.00088593      0.00111728      0.00200321
Beta_{10 2}       0.00004030      0.00003374      0.00007404
Beta_{10 4}      -0.00081493     -0.00102347     -0.00183840
Beta_{10 6}       0.00004966      0.00012603      0.00017570
Beta_{10 8}      -0.00093983     -0.00113095     -0.00207078
Beta_{1010}       0.00009052      0.00011669      0.00020721

______________________________________________________________
                     Neutrons        Protons         Total
______________________________________________________________
Q_{ 2}               11.3071         11.7097         23.0168
Q_{ 4}               20.8001         23.1615         43.9616
Q_{ 6}              211.3959        239.1843        450.5760
Q_{ 8}              285.3482        418.4896        686.5614
Q_{10}            16198.2667      20018.0604      36207.4490
______________________________________________________________
                     Neutrons        Protons         Total
______________________________________________________________
Beta_{   2}       0.08379923      0.08678321      0.17058243
Beta_{   4}       0.00981876      0.01093348      0.02075223
Beta_{   6}       0.00635609      0.00719161      0.01354758
Beta_{   8}       0.00054648      0.00080146      0.00131485
Beta_{  10}       0.00197591      0.00244186      0.00441669
______________________________________________________________
 Cart. Moments X              Y              Z
 Cart. N       17.8235770    -35.8508137     18.0272368
 Cart. P       18.4389544    -37.1273315     18.6883771
 Cart. T       36.2625314    -72.9781452     36.7156138
 (Q, gamma)    Q              Gamma
 (Q,g) N       35.8510066     59.8120827
 (Q,g) P       37.1276108     59.7777704
 (Q,g) T       72.9786141     59.7946265
 (iq1, iq2)    iq1            iq2
 iq    N        0.1357732     35.7829271
 iq    P        0.1662817     37.0441906
 iq    T        0.3020549     72.8271178
               X^2            Y^2            Z^2
 X^2_i N       69.9211704     52.0297069     69.9890570
 X^2_i P       71.9796827     53.4575874     72.0628236
 X^2_i T      141.9008531    105.4872943    142.0518806
------------------------------------------------------------
------------------------- Angular Momentum (hbar) --------------------------

               Spwfs(*)    Desired     Omega       E (MeV)      Densit. 
  __________________________________________________________________________
   J_x   |     0.00000     0.00000     0.00000    -0.00000     0.00000
   J_y   |     0.00000     0.00000     0.00000    -0.00000     0.00000
   J_z   |     1.72791     0.00000     0.50000    -0.86396     1.72791
  __________________________________________________________________________
   Size  |     1.72791     0.00000     0.50000                 1.72791
  --------------------------------------------------------------------------
---------------------Rotational properties--------------------
                Rigid rotor          (hbar^2/MeV)
              n              p              t 
 I_R X       2.9422646      3.0267005      5.9689651
 I_R Y       3.3736853      3.4733278      6.8470130
 I_R Z       2.9406276      3.0246957      5.9653233

                Belyaev                 (hbar^2/MeV) 
              n              p              t 
 I_B X       1.4251878      1.4586053      2.8837930
 I_B Y       0.0674380      0.0698041      0.1372422
 I_B Z       1.2845566      1.3101161      2.5946727

                Belyaev (collective)    (hbar^2/MeV) 
              n              p              t 
 I_B X       0.0000000      0.0000000      0.0000000
 I_B Y       0.0000000      0.0000000      0.0000000
 I_B Z       0.0000000      0.0000000      0.0000000

                 <J^2> - <J>^2          (hbar^2)
              n              p              t 
 J2_X        2.1833391      2.1789012      4.3622403
 J2_Y        0.0901862      0.0918790      0.1820652
 J2_Z        2.0336603      2.0225691      4.0562294
 J2_t        4.3071857      4.2933493      8.6005349

                 <J^2> - <J>^2 (coll.)  (hbar^2)
              n              p              t 
 J2_X        0.0000000      0.0000000      0.0000000
 J2_Y        0.0000000      0.0000000      0.0000000
 J2_Z        0.0000000      0.0000000      0.0000000
 J2_t        0.0000000      0.0000000      0.0000000
--------------------------------------------------------------------------------
 Skyrme Energy 
                                    Isoscalar      Isovector   |   Total
--------------------------------------------------------------------------------
                 E_D_I_I_D_I_I   -3570.685060       0.516347   -3570.168713
              E_D_I_I_D_I_I_DD    2398.772444      -0.433536    2398.338907
               E_D_I_Sm_D_I_Sm      -0.039344       0.000229      -0.039115
            E_D_I_Sm_D_I_Sm_DD       0.251980      -0.000154       0.251826
               E_D_I_I_D_Nm_Nm     135.232995       0.005880     135.238876
             E_D_I_I_Lap_D_I_I      96.196651      -0.019875      96.176777
           E_C_I_NmSk_C_I_NmSk       0.059475       0.000491       0.059966
               E_C_I_Nm_C_I_Nm      -0.091542      -0.000005      -0.091547
           E_D_I_Sm_Lap_D_I_Sm      -0.165214      -0.000033      -0.165246
            E_D_I_Sm_D_Nk_NkSm      -0.000476      -0.000010      -0.000486
       E_D_I_I_Derm_C_I_NxmSxm     -15.179378      -0.001562     -15.180940
        E_C_I_Nm_Derxm_D_I_Sxm      -0.098413      -0.000014      -0.098427
               E_DP_I_I_DP_I_I                                     0.000000
               E_CP_I_I_CP_I_I                                     0.000000
--------------------------------------------------------------------------------
                 Total Skyrme:                                  -955.678122
                    time-even:                                  -955.535127
                    time-odd :                                    -0.142995
--------------------------------------------------------------------------------
--------------------------------------------------------------------------------
                                     neutron        proton         total
                Kinetic Energy:     306.482980     298.284400     604.767380
                    COM 1-body:      -8.513416      -8.285678     -16.799094

                Coulomb Direct:       0.000000      66.923711      66.923711
                      Exchange:       0.000000      -6.754247      -6.754247

               Pairing (delta):       0.000000       0.000000       0.000000
               Pairing (densi):                                     0.000000
--------------------------------------------------------------------------------
                  Total energy:                                  -307.540372
                    from spwfs:                                  -307.540439
                   E_fu - E_sp:                                 0.675861E-04
                      Routhian:                                  -307.108562
--------------------------------------------------------------------------------
--------------------------------------------------------------------------------
Convergence report
                        Change^(i)     Change^(i-1)   rate (approx)
  Con.  Energy      :      -7.70E-06       3.31E-05       8.45E-01
  Con.  Routhian    :       3.12E-05       9.52E-05       2.26E-01
  Con.  E_fu - E_sp :       1.31E-04       1.42E-04       6.70E-01
  Con.  |delta rho| :       9.42E-06       0.00E+00      -1.25E+00
--------------------------------------------------------------------------------
--------------------------------------------------------------------------------
 Iteration =   81
 dt  =   0.0371      mu  =   0.9244  D2H =  0.3E-04
 E   =   -307.540    DE  =  0.14391E-06
 dmun=  0.0E+00      dmup=  0.0E+00
 Q20 =      11.5790  Q22 =      14.0651 dQ20=  0.8E-03      dQ22=  0.5E-03
 Jz  =    1.728      dJZ = -0.6E-04
--------------------------------------------------------------------------------
 Iteration =   82
 dt  =   0.0371      mu  =   0.9244  D2H =  0.3E-04
 E   =   -307.540    DE  =  0.24759E-06
 dmun=  0.0E+00      dmup=  0.0E+00
 Q20 =      11.5779  Q22 =      14.0645 dQ20=  0.1E-02      dQ22=  0.6E-03
 Jz  =    1.728      dJZ = -0.1E-03
--------------------------------------------------------------------------------
 Iteration =   83
 dt  =   0.0371      mu  =   0.9244  D2H =  0.3E-04
 E   =   -307.541    DE  =  0.33543E-06
 dmun=  0.0E+00      dmup=  0.0E+00
 Q20 =      11.5767  Q22 =      14.0638 dQ20=  0.1E-02      dQ22=  0.7E-03
 Jz  =    1.728      dJZ = -0.2E-03
--------------------------------------------------------------------------------
 Iteration =   84
 dt  =   0.0371      mu  =   0.9244  D2H =  0.3E-04
 E   =   -307.541    DE  =  0.40744E-06
 dmun=  0.0E+00      dmup=  0.0E+00
 Q20 =      11.5753  Q22 =      14.0630 dQ20=  0.1E-02      dQ22=  0.8E-03
 Jz  =    1.727      dJZ = -0.2E-03
--------------------------------------------------------------------------------
 Iteration =   85
 dt  =   0.0371      mu  =   0.9244  D2H =  0.2E-04
 E   =   -307.541    DE  =  0.46420E-06
 dmun=  0.0E+00      dmup=  0.0E+00
 Q20 =      11.5738  Q22 =      14.0622 dQ20=  0.2E-02      dQ22=  0.9E-03
 Jz  =    1.727      dJZ = -0.3E-03
--------------------------------------------------------------------------------
 Iteration =   86
 dt  =   0.0371      mu  =   0.9245  D2H =  0.2E-04
 E   =   -307.541    DE  =  0.50665E-06
 dmun=  0.0E+00      dmup=  0.0E+00
 Q20 =      11.5721  Q22 =      14.0612 dQ20=  0.2E-02      dQ22=  0.9E-03
 Jz  =    1.727      dJZ = -0.3E-03
--------------------------------------------------------------------------------
 Iteration =   87
 dt  =   0.0371      mu  =   0.9245  D2H =  0.2E-04
 E   =   -307.541    DE  =  0.53597E-06
 dmun=  0.0E+00      dmup=  0.0E+00
 Q20 =      11.5705  Q22 =      14.0603 dQ20=  0.2E-02      dQ22=  0.1E-02
 Jz  =    1.726      dJZ = -0.3E-03
--------------------------------------------------------------------------------
 Iteration =   88
 dt  =   0.0371      mu  =   0.9245  D2H =  0.2E-04
 E   =   -307.541    DE  =  0.55338E-06
 dmun=  0.0E+00      dmup=  0.0E+00
 Q20 =      11.5687  Q22 =      14.0593 dQ20=  0.2E-02      dQ22=  0.1E-02
 Jz  =    1.726      dJZ = -0.3E-03
--------------------------------------------------------------------------------
 Iteration =   89
 dt  =   0.0371      mu  =   0.9245  D2H =  0.2E-04
 E   =   -307.542    DE  =  0.56007E-06
 dmun=  0.0E+00      dmup=  0.0E+00
 Q20 =      11.5670  Q22 =      14.0583 dQ20=  0.2E-02      dQ22=  0.1E-02
 Jz  =    1.726      dJZ = -0.3E-03
--------------------- Sp wavefunctions -----------------------------------------
________________________________________________________________________________
   Neutron wavefunctions
  i    P   Rz   occ       E        d2h    Delta   JxT    JyT    Jz     J
--------------------- Sp wavefunctions -----------------------------------------
  1  1.0  1.0  1.0000   -46.646  3.6E-08   0.00  -0.50   0.50   0.50   0.50
  8  1.0 -1.0  1.0000   -45.693  2.0E-08   0.00   0.50   0.50  -0.50   0.50
 29 -1.0 -1.0  1.0000   -34.053  2.2E-05   0.00  -0.40   0.54   1.30   1.49
 16 -1.0  1.0  1.0000   -33.665  4.1E-06   0.00  -0.68   1.24   0.45   1.50
 28 -1.0 -1.0  1.0000   -32.694  2.1E-05   0.00   1.32   0.46  -0.36   1.48
 15 -1.0  1.0  1.0000   -31.739  2.9E-05   0.00  -0.17  -0.25  -1.24   1.42
 17 -1.0  1.0  1.0000   -28.594  2.6E-05   0.00   0.35  -0.50   0.30   0.68
 30 -1.0 -1.0  1.0000   -28.057  1.2E-06   0.00  -0.43  -0.50  -0.44   0.58
  2  1.0  1.0  1.0000   -21.500  3.1E-05   0.00  -0.47   0.88   1.82   2.48
  9  1.0 -1.0  1.0000   -21.367  3.0E-05   0.00  -0.69   1.43   1.13   2.50
  4  1.0  1.0  1.0000   -20.683  3.5E-05   0.00  -0.11   1.23   0.90   2.43
 11  1.0 -1.0  1.0000   -19.909  3.1E-05   0.00   2.07   0.05  -0.20   2.46
  3  1.0  1.0  1.0000   -19.071  8.7E-06   0.00  -0.73  -0.60  -1.24   2.42
 10  1.0 -1.0  1.0000   -18.343  4.7E-06   0.00   0.03   0.03  -2.15   2.29
  5  1.0  1.0  1.0000   -15.612  2.4E-06   0.00  -0.48   0.48   0.38   0.99
 12  1.0 -1.0  1.0000   -15.023  4.4E-06   0.00   0.24   0.44  -0.20   1.20
  6  1.0  1.0  1.0000   -13.850  4.0E-06   0.00   0.26  -1.43   0.23   1.53
 13  1.0 -1.0  1.0000   -13.834  3.4E-06   0.00   0.24  -1.36   0.19   1.51
 14  1.0 -1.0  0.0000   -11.555  1.9E-06   0.00  -0.91   0.41   0.24   1.45
  7  1.0  1.0  0.0000   -10.821  1.2E-06   0.00   0.53   0.44  -1.08   1.48
 31 -1.0 -1.0  0.0000    -9.461  7.1E-05   0.00  -0.62   1.32   2.06   3.48
 18 -1.0  1.0  0.0000    -9.425  1.2E-05   0.00  -0.74   1.63   1.66   3.49
 33 -1.0 -1.0  0.0000    -8.794  8.3E-05   0.00  -0.15   1.03   2.16   3.35
 20 -1.0  1.0  0.0000    -8.288  3.1E-05   0.00   0.62   1.18   0.89   3.41
 32 -1.0 -1.0  0.0000    -7.643  2.4E-05   0.00   2.31  -0.60  -0.13   3.40
 19 -1.0  1.0  0.0000    -6.952  2.8E-05   0.00  -1.54  -0.76  -1.09   3.32
 34 -1.0 -1.0  0.0000    -6.230  1.2E-05   0.00   0.37   0.31  -1.99   3.18
 21 -1.0  1.0  0.0000    -5.529  1.3E-05   0.00   0.00   0.02  -2.88   3.05
 36 -1.0 -1.0  0.0000    -4.476  2.8E-05   0.00  -0.71   1.00   0.82   1.95
 23 -1.0  1.0  0.0000    -4.342  2.3E-05   0.00  -0.72   1.26   0.26   1.99
 35 -1.0 -1.0  0.0000    -3.095  4.3E-05   0.00   1.06  -0.10  -0.26   1.76
 22 -1.0  1.0  0.0000    -2.843  3.8E-05   0.00   0.32  -0.39  -0.06   1.33
 37 -1.0 -1.0  0.0000    -1.163  3.1E-05   0.00   0.02  -0.47  -0.16   1.40
 24 -1.0  1.0  0.0000    -0.917  1.7E-03   0.00   0.18  -1.02   0.18   2.29
 40 -1.0 -1.0  0.0000    -0.894  1.0E-05   0.00   0.63  -2.06   0.66   2.49
 27 -1.0  1.0  0.0000    -0.818  1.7E-03   0.00   0.28  -1.46  -0.15   2.27
 26 -1.0  1.0  0.0000     0.528  2.6E-05   0.00  -1.08   0.20   0.99   2.34
 39 -1.0 -1.0  0.0000     0.808  9.7E-06   0.00  -1.46   0.70   0.01   2.44
 25 -1.0  1.0  0.0000     1.038  2.6E-06   0.00   0.53  -0.50   0.52   2.22
 38 -1.0 -1.0  0.0000     1.056  2.0E-06   0.00  -0.56  -0.45  -0.45   2.23
________________________________________________________________________________
   Proton  wavefunctions
  i    P   Rz   occ       E        d2h    Delta   JxT    JyT    Jz     J
--------------------- Sp wavefunctions -----------------------------------------
 41  1.0  1.0  1.0000   -39.311  3.2E-08   0.00  -0.50   0.50   0.50   0.51
 48  1.0 -1.0  1.0000   -38.381  1.5E-08   0.00   0.50   0.50  -0.50   0.50
 69 -1.0 -1.0  1.0000   -27.128  2.1E-05   0.00  -0.40   0.55   1.30   1.49
 56 -1.0  1.0  1.0000   -26.749  4.4E-06   0.00  -0.67   1.25   0.44   1.50
 68 -1.0 -1.0  1.0000   -25.794  2.0E-05   0.00   1.32   0.45  -0.36   1.48
 55 -1.0  1.0  1.0000   -24.851  3.0E-05   0.00  -0.17  -0.25  -1.23   1.41
 57 -1.0  1.0  1.0000   -21.745  2.7E-05   0.00   0.35  -0.50   0.29   0.69
 70 -1.0 -1.0  1.0000   -21.222  1.5E-06   0.00  -0.42  -0.50  -0.44   0.58
 42  1.0  1.0  1.0000   -14.932  3.1E-05   0.00  -0.47   0.88   1.82   2.48
 49  1.0 -1.0  1.0000   -14.800  2.9E-05   0.00  -0.69   1.43   1.13   2.50
 44  1.0  1.0  1.0000   -14.120  3.6E-05   0.00  -0.10   1.23   0.89   2.43
 51  1.0 -1.0  1.0000   -13.358  3.0E-05   0.00   2.07   0.04  -0.20   2.46
 43  1.0  1.0  1.0000   -12.527  9.1E-06   0.00  -0.75  -0.60  -1.24   2.42
 50  1.0 -1.0  1.0000   -11.791  6.3E-06   0.00   0.04   0.04  -2.15   2.29
 45  1.0  1.0  1.0000    -9.128  2.0E-06   0.00  -0.47   0.48   0.38   0.98
 52  1.0 -1.0  1.0000    -8.555  5.0E-06   0.00   0.24   0.43  -0.17   1.20
 46  1.0  1.0  1.0000    -7.471  2.9E-06   0.00   0.26  -1.43   0.23   1.54
 53  1.0 -1.0  1.0000    -7.454  2.2E-06   0.00   0.24  -1.36   0.17   1.51
 54  1.0 -1.0  0.0000    -5.213  2.7E-06   0.00  -0.90   0.41   0.23   1.45
 47  1.0  1.0  0.0000    -4.492  1.8E-06   0.00   0.53   0.44  -1.08   1.48
 71 -1.0 -1.0  0.0000    -3.247  7.3E-05   0.00  -0.60   1.26   2.10   3.48
 58 -1.0  1.0  0.0000    -3.207  9.9E-06   0.00  -0.73   1.58   1.68   3.49
 73 -1.0 -1.0  0.0000    -2.602  8.7E-05   0.00  -0.18   1.06   2.12   3.34
 60 -1.0  1.0  0.0000    -2.094  2.7E-05   0.00   0.58   1.23   0.87   3.40
 72 -1.0 -1.0  0.0000    -1.458  2.6E-05   0.00   2.33  -0.56  -0.14   3.40
 59 -1.0  1.0  0.0000    -0.784  2.5E-05   0.00  -1.45  -0.75  -1.08   3.29
 74 -1.0 -1.0  0.0000    -0.086  2.4E-05   0.00   0.38   0.33  -1.92   3.12
 61 -1.0  1.0  0.0000     0.592  1.5E-05   0.00   0.02   0.04  -2.75   2.96
 76 -1.0 -1.0  0.0000     1.292  2.1E-05   0.00  -0.75   0.89   0.88   1.99
 63 -1.0  1.0  0.0000     1.442  1.6E-05   0.00  -0.81   1.19   0.23   2.06
 75 -1.0 -1.0  0.0000     2.444  2.9E-05   0.00   1.00  -0.03  -0.37   1.83
 62 -1.0  1.0  0.0000     2.549  3.5E-05   0.00   0.41  -0.39   0.07   1.32
 66 -1.0  1.0  0.0000     2.776  1.5E-07   0.00   0.50  -0.50   0.50   2.17
 79 -1.0 -1.0  0.0000     2.778  1.1E-07   0.00  -0.49  -0.50  -0.49   2.17
 77 -1.0 -1.0  0.0000     3.268  6.8E-06   0.00   0.18  -0.47  -0.09   1.70
 64 -1.0  1.0  0.0000     3.448  6.0E-06   0.00  -0.54  -0.45  -1.13   2.25
 80 -1.0 -1.0  0.0000     3.782  2.2E-05   0.00  -0.47   1.18   0.78   2.45
 67 -1.0  1.0  0.0000     3.805  2.1E-06   0.00  -0.40   1.46   0.31   2.46
 78 -1.0 -1.0  0.0000     3.978  2.5E-05   0.00   0.97  -0.24  -0.11   2.34
 65 -1.0  1.0  0.0000     4.046  7.0E-06   0.00   0.32  -0.50   0.06   2.07
--------------------------------------------------------------------------------
---------------- Electric Multipole Moments -----------------
Quantisation Axis             : Z
  With secondary axis ordering: X,Y
______________________________________________________________
                     Neutrons        Protons         Total
______________________________________________________________
 Particles           18.0000         18.0000         36.0000

Re  Q_{ 2 0}          5.6786          5.8867         11.5653
Re  Q_{ 2 2}          6.9070          7.1503         14.0573

Re  Q_{ 4 0}         -8.1643         -9.1110        -17.2753
Re  Q_{ 4 2}         -8.2582         -9.1674        -17.4256
Re  Q_{ 4 4}        -10.7139        -11.9449        -22.6588

Re  Q_{ 6 0}        -69.6094        -79.8274       -149.4368
Re  Q_{ 6 2}        -69.2707        -78.5335       -147.8042
Re  Q_{ 6 4}        -71.7001        -79.8944       -151.5945
Re  Q_{ 6 6}        -99.6999       -113.1072       -212.8071

Re  Q_{ 8 0}        -20.8399       -170.3458       -191.1856
Re  Q_{ 8 2}        -99.5948        -88.3488       -187.9435
Re  Q_{ 8 4}        -74.6266       -128.4733       -203.0999
Re  Q_{ 8 6}       -113.1388       -109.4535       -222.5923
Re  Q_{ 8 8}       -109.5699       -187.1508       -296.7207

Re  Q_{10 0}       7263.8155       9282.3986      16546.2140
Re  Q_{10 2}        289.5188        329.1811        618.6999
Re  Q_{10 4}      -6686.8742      -8313.3466     -15000.2208
Re  Q_{10 6}        365.7693       1260.0847       1625.8540
Re  Q_{10 8}      -7718.8320      -9282.7377     -17001.5697
Re  Q_{1010}        648.9066        787.4617       1436.3684

 RMS radius           3.2654          3.3124          3.2890
______________________________________________________________
                     Neutrons        Protons         Total
______________________________________________________________

Beta_{ 2 0}       0.04208533      0.04362738      0.08571271
Beta_{ 2 2}       0.05118905      0.05299218      0.10418123

Beta_{ 4 0}      -0.00385400     -0.00430087     -0.00815487
Beta_{ 4 2}      -0.00389829     -0.00432751     -0.00822580
Beta_{ 4 4}      -0.00505753     -0.00563863     -0.01069617

Beta_{ 6 0}      -0.00209296     -0.00240019     -0.00449315
Beta_{ 6 2}      -0.00208278     -0.00236129     -0.00444407
Beta_{ 6 4}      -0.00215582     -0.00240221     -0.00455803
Beta_{ 6 6}      -0.00299770     -0.00340082     -0.00639852

Beta_{ 8 0}      -0.00003991     -0.00032623     -0.00036614
Beta_{ 8 2}      -0.00019074     -0.00016920     -0.00035993
Beta_{ 8 4}      -0.00014292     -0.00024604     -0.00038896
Beta_{ 8 6}      -0.00021667     -0.00020962     -0.00042629
Beta_{ 8 8}      -0.00020984     -0.00035842     -0.00056826

Beta_{10 0}       0.00088606      0.00113229      0.00201835
Beta_{10 2}       0.00003532      0.00004015      0.00007547
Beta_{10 4}      -0.00081568     -0.00101409     -0.00182977
Beta_{10 6}       0.00004462      0.00015371      0.00019833
Beta_{10 8}      -0.00094156     -0.00113233     -0.00207390
Beta_{1010}       0.00007916      0.00009606      0.00017521

______________________________________________________________
                     Neutrons        Protons         Total
______________________________________________________________
Q_{ 2}               11.2987         11.7007         22.9993
Q_{ 4}               20.7997         23.1615         43.9611
Q_{ 6}              211.1972        238.8727        450.0656
Q_{ 8}              284.6449        414.3072        681.8194
Q_{10}            16205.8538      20033.9054      36222.5880
______________________________________________________________
                     Neutrons        Protons         Total
______________________________________________________________
Beta_{   2}       0.08373657      0.08671615      0.17045271
Beta_{   4}       0.00981856      0.01093345      0.02075200
Beta_{   6}       0.00635012      0.00718224      0.01353223
Beta_{   8}       0.00054513      0.00079345      0.00130577
Beta_{  10}       0.00197684      0.00244379      0.00441853
______________________________________________________________
 Cart. Moments X              Y              Z
 Cart. N       17.8190818    -35.8240377     18.0049559
 Cart. P       18.4340064    -37.0986815     18.6646751
 Cart. T       36.2530882    -72.9227192     36.6696310
 (Q, gamma)    Q              Gamma
 (Q,g) N       35.8241985     59.8283653
 (Q,g) P       37.0989205     59.7943208
 (Q,g) T       72.9231158     59.8110455
 (iq1, iq2)    iq1            iq2
 iq    N        0.1239160     35.7620797
 iq    P        0.1537792     37.0217919
 iq    T        0.2776952     72.7838716
               X^2            Y^2            Z^2
 X^2_i N       69.9183192     52.0372793     69.9802772
 X^2_i P       71.9767840     53.4658881     72.0536736
 X^2_i T      141.8951032    105.5031674    142.0339508
------------------------------------------------------------
------------------------- Angular Momentum (hbar) --------------------------

               Spwfs(*)    Desired     Omega       E (MeV)      Densit. 
  __________________________________________________________________________
   J_x   |     0.00000     0.00000     0.00000    -0.00000     0.00000
   J_y   |     0.00000     0.00000     0.00000    -0.00000     0.00000
   J_z   |     1.72529     0.00000     0.50000    -0.86264     1.72529
  __________________________________________________________________________
   Size  |     1.72529     0.00000     0.50000                 1.72529
  --------------------------------------------------------------------------
---------------------Rotational properties--------------------
                Rigid rotor          (hbar^2/MeV)
              n              p              t 
 I_R X       2.9422355      3.0266800      5.9689155
 I_R Y       3.3734048      3.4730372      6.8464420
 I_R Z       2.9407414      3.0248260      5.9655674

                Belyaev                 (hbar^2/MeV) 
              n              p              t 
 I_B X       1.4241741      1.4574489      2.8816230
 I_B Y       0.0673892      0.0697700      0.1371591
 I_B Z       1.2857153      1.3114321      2.5971474

                Belyaev (collective)    (hbar^2/MeV) 
              n              p              t 
 I_B X       0.0000000      0.0000000      0.0000000
 I_B Y       0.0000000      0.0000000      0.0000000
 I_B Z       0.0000000      0.0000000      0.0000000

                 <J^2> - <J>^2          (hbar^2)
              n              p              t 
 J2_X        2.1809545      2.1763795      4.3573340
 J2_Y        0.0900427      0.0917494      0.1817920
 J2_Z        2.0327825      2.0216911      4.0544736
 J2_t        4.3037797      4.2898200      8.5935996

                 <J^2> - <J>^2 (coll.)  (hbar^2)
              n              p              t 
 J2_X        0.0000000      0.0000000      0.0000000
 J2_Y        0.0000000      0.0000000      0.0000000
 J2_Z        0.0000000      0.0000000      0.0000000
 J2_t        0.0000000      0.0000000      0.0000000
--------------------------------------------------------------------------------
 Skyrme Energy 
                                    Isoscalar      Isovector   |   Total
--------------------------------------------------------------------------------
                 E_D_I_I_D_I_I   -3570.729405       0.516332   -3570.213072
              E_D_I_I_D_I_I_DD    2398.814110      -0.433525    2398.380584
               E_D_I_Sm_D_I_Sm      -0.039297       0.000228      -0.039068
            E_D_I_Sm_D_I_Sm_DD       0.251658      -0.000153       0.251505
               E_D_I_I_D_Nm_Nm     135.242502       0.005881     135.248382
             E_D_I_I_Lap_D_I_I      96.190456      -0.019874      96.170582
           E_C_I_NmSk_C_I_NmSk       0.059551       0.000491       0.060042
               E_C_I_Nm_C_I_Nm      -0.091309      -0.000005      -0.091314
           E_D_I_Sm_Lap_D_I_Sm      -0.165007      -0.000033      -0.165040
            E_D_I_Sm_D_Nk_NkSm      -0.000475      -0.000010      -0.000484
       E_D_I_I_Derm_C_I_NxmSxm     -15.190757      -0.001559     -15.192317
        E_C_I_Nm_Derxm_D_I_Sxm      -0.098293      -0.000015      -0.098308
               E_DP_I_I_DP_I_I                                     0.000000
               E_CP_I_I_CP_I_I                                     0.000000
--------------------------------------------------------------------------------
                 Total Skyrme:                                  -955.688508
                    time-even:                                  -955.545799
                    time-odd :                                    -0.142709
--------------------------------------------------------------------------------
--------------------------------------------------------------------------------
                                     neutron        proton         total
                Kinetic Energy:     306.487638     298.288462     604.776099
                    COM 1-body:      -8.513545      -8.285791     -16.799336

                Coulomb Direct:       0.000000      66.924289      66.924289
                      Exchange:       0.000000      -6.754243      -6.754243

               Pairing (delta):       0.000000       0.000000       0.000000
               Pairing (densi):                                     0.000000
--------------------------------------------------------------------------------
                  Total energy:                                  -307.541698
                    from spwfs:                                  -307.541147
                   E_fu - E_sp:                                -0.550440E-03
                      Routhian:                                  -307.110360
--------------------------------------------------------------------------------
--------------------------------------------------------------------------------
Convergence report
                        Change^(i)     Change^(i-1)   rate (approx)
  Con.  Energy      :      -1.71E-04      -1.72E-04       4.88E-01
  Con.  Routhian    :      -2.56E-04      -2.54E-04      -2.00E+00
  Con.  E_fu - E_sp :       1.39E-05       2.21E-05       1.05E+00
  Con.  |delta rho| :       1.97E-05       0.00E+00       4.65E-02
--------------------------------------------------------------------------------
--------------------------------------------------------------------------------
 Iteration =   91
 dt  =   0.0371      mu  =   0.9245  D2H =  0.1E-04
 E   =   -307.542    DE  =  0.54519E-06
 dmun=  0.0E+00      dmup=  0.0E+00
 Q20 =      11.5636  Q22 =      14.0563 dQ20=  0.2E-02      dQ22=  0.1E-02
 Jz  =    1.725      dJZ = -0.2E-03
--------------------------------------------------------------------------------
 Iteration =   92
 dt  =   0.0371      mu  =   0.9246  D2H =  0.1E-04
 E   =   -307.542    DE  =  0.52511E-06
 dmun=  0.0E+00      dmup=  0.0E+00
 Q20 =      11.5620  Q22 =      14.0554 dQ20=  0.2E-02      dQ22=  0.9E-03
 Jz  =    1.725      dJZ = -0.3E-03
--------------------------------------------------------------------------------
 Iteration =   93
 dt  =   0.0371      mu  =   0.9246  D2H =  0.1E-04
 E   =   -307.542    DE  =  0.49731E-06
 dmun=  0.0E+00      dmup=  0.0E+00
 Q20 =      11.5604  Q22 =      14.0545 dQ20=  0.2E-02      dQ22=  0.9E-03
 Jz  =    1.724      dJZ = -0.3E-03
--------------------------------------------------------------------------------
 Iteration =   94
 dt  =   0.0371      mu  =   0.9246  D2H =  0.9E-05
 E   =   -307.542    DE  =  0.46222E-06
 dmun=  0.0E+00      dmup=  0.0E+00
 Q20 =      11.5589  Q22 =      14.0537 dQ20=  0.1E-02      dQ22=  0.8E-03
 Jz  =    1.724      dJZ = -0.3E-03
--------------------------------------------------------------------------------
 Iteration =   95
 dt  =   0.0371      mu  =   0.9246  D2H =  0.8E-05
 E   =   -307.542    DE  =  0.42026E-06
 dmun=  0.0E+00      dmup=  0.0E+00
 Q20 =      11.5575  Q22 =      14.0529 dQ20=  0.1E-02      dQ22=  0.7E-03
 Jz  =    1.724      dJZ = -0.3E-03
--------------------------------------------------------------------------------
 Iteration =   96
 dt  =   0.0371      mu  =   0.9246  D2H =  0.7E-05
 E   =   -307.543    DE  =  0.37196E-06
 dmun=  0.0E+00      dmup=  0.0E+00
 Q20 =      11.5562  Q22 =      14.0522 dQ20=  0.1E-02      dQ22=  0.7E-03
 Jz  =    1.724      dJZ = -0.2E-03
--------------------------------------------------------------------------------
 Iteration =   97
 dt  =   0.0371      mu  =   0.9246  D2H =  0.6E-05
 E   =   -307.543    DE  =  0.31807E-06
 dmun=  0.0E+00      dmup=  0.0E+00
 Q20 =      11.5550  Q22 =      14.0516 dQ20=  0.1E-02      dQ22=  0.6E-03
 Jz  =    1.723      dJZ = -0.2E-03
--------------------------------------------------------------------------------
 Iteration =   98
 dt  =   0.0371      mu  =   0.9247  D2H =  0.6E-05
 E   =   -307.543    DE  =  0.25953E-06
 dmun=  0.0E+00      dmup=  0.0E+00
 Q20 =      11.5539  Q22 =      14.0511 dQ20=  0.1E-02      dQ22=  0.5E-03
 Jz  =    1.723      dJZ = -0.2E-03
--------------------------------------------------------------------------------
 Iteration =   99
 dt  =   0.0371      mu  =   0.9247  D2H =  0.5E-05
 E   =   -307.543    DE  =  0.19755E-06
 dmun=  0.0E+00      dmup=  0.0E+00
 Q20 =      11.5529  Q22 =      14.0507 dQ20=  0.1E-02      dQ22=  0.4E-03
 Jz  =    1.723      dJZ = -0.1E-03
--------------------- Sp wavefunctions -----------------------------------------
________________________________________________________________________________
   Neutron wavefunctions
  i    P   Rz   occ       E        d2h    Delta   JxT    JyT    Jz     J
--------------------- Sp wavefunctions -----------------------------------------
  1  1.0  1.0  1.0000   -46.647  8.0E-09   0.00  -0.50   0.50   0.50   0.50
  8  1.0 -1.0  1.0000   -45.694  1.3E-08   0.00   0.50   0.50  -0.50   0.50
 29 -1.0 -1.0  1.0000   -34.053  1.6E-05   0.00  -0.40   0.54   1.30   1.49
 16 -1.0  1.0  1.0000   -33.665  5.0E-07   0.00  -0.68   1.24   0.45   1.50
 28 -1.0 -1.0  1.0000   -32.694  1.6E-05   0.00   1.32   0.46  -0.36   1.48
 15 -1.0  1.0  1.0000   -31.739  4.3E-07   0.00  -0.17  -0.25  -1.25   1.42
 17 -1.0  1.0  1.0000   -28.595  8.9E-07   0.00   0.35  -0.50   0.31   0.68
 30 -1.0 -1.0  1.0000   -28.059  1.8E-06   0.00  -0.43  -0.50  -0.44   0.58
  2  1.0  1.0  1.0000   -21.500  1.5E-06   0.00  -0.48   0.90   1.81   2.48
  9  1.0 -1.0  1.0000   -21.366  1.3E-05   0.00  -0.68   1.43   1.13   2.50
  4  1.0  1.0  1.0000   -20.682  7.6E-07   0.00  -0.11   1.22   0.91   2.43
 11  1.0 -1.0  1.0000   -19.908  1.3E-05   0.00   2.07   0.05  -0.20   2.46
  3  1.0  1.0  1.0000   -19.071  1.4E-06   0.00  -0.73  -0.60  -1.24   2.42
 10  1.0 -1.0  1.0000   -18.343  1.6E-06   0.00   0.03   0.03  -2.15   2.29
  5  1.0  1.0  1.0000   -15.612  7.3E-06   0.00  -0.47   0.48   0.38   0.99
 12  1.0 -1.0  1.0000   -15.023  4.0E-06   0.00   0.25   0.44  -0.20   1.20
  6  1.0  1.0  1.0000   -13.850  6.6E-06   0.00   0.26  -1.43   0.23   1.53
 13  1.0 -1.0  1.0000   -13.834  1.3E-06   0.00   0.24  -1.36   0.19   1.51
 14  1.0 -1.0  0.0000   -11.556  1.3E-06   0.00  -0.91   0.41   0.24   1.45
  7  1.0  1.0  0.0000   -10.823  5.8E-07   0.00   0.53   0.44  -1.08   1.48
 31 -1.0 -1.0  0.0000    -9.461  1.2E-05   0.00  -0.62   1.33   2.04   3.48
 18 -1.0  1.0  0.0000    -9.424  2.5E-05   0.00  -0.74   1.63   1.66   3.49
 33 -1.0 -1.0  0.0000    -8.793  2.6E-05   0.00  -0.14   1.02   2.17   3.35
 20 -1.0  1.0  0.0000    -8.287  2.9E-05   0.00   0.61   1.18   0.90   3.41
 32 -1.0 -1.0  0.0000    -7.642  1.5E-05   0.00   2.32  -0.59  -0.13   3.40
 19 -1.0  1.0  0.0000    -6.951  6.8E-06   0.00  -1.53  -0.76  -1.09   3.32
 34 -1.0 -1.0  0.0000    -6.229  5.2E-06   0.00   0.36   0.31  -1.99   3.18
 21 -1.0  1.0  0.0000    -5.529  4.4E-06   0.00   0.01   0.02  -2.88   3.05
 36 -1.0 -1.0  0.0000    -4.476  1.7E-05   0.00  -0.71   1.00   0.82   1.94
 23 -1.0  1.0  0.0000    -4.342  1.5E-06   0.00  -0.72   1.26   0.26   1.99
 35 -1.0 -1.0  0.0000    -3.095  2.7E-05   0.00   1.06  -0.09  -0.26   1.76
 22 -1.0  1.0  0.0000    -2.842  3.3E-05   0.00   0.32  -0.39  -0.06   1.33
 37 -1.0 -1.0  0.0000    -1.164  1.9E-05   0.00   0.02  -0.47  -0.16   1.40
 24 -1.0  1.0  0.0000    -0.920  1.3E-03   0.00   0.20  -1.07   0.23   2.31
 40 -1.0 -1.0  0.0000    -0.893  3.3E-06   0.00   0.63  -2.06   0.66   2.49
 27 -1.0  1.0  0.0000    -0.815  1.3E-03   0.00   0.25  -1.41  -0.20   2.26
 26 -1.0  1.0  0.0000     0.527  1.1E-05   0.00  -1.08   0.20   0.99   2.34
 39 -1.0 -1.0  0.0000     0.808  5.9E-06   0.00  -1.47   0.70   0.00   2.44
 25 -1.0  1.0  0.0000     1.038  1.9E-06   0.00   0.53  -0.50   0.52   2.22
 38 -1.0 -1.0  0.0000     1.056  1.3E-06   0.00  -0.56  -0.46  -0.45   2.23
________________________________________________________________________________
   Proton  wavefunctions
  i    P   Rz   occ       E        d2h    Delta   JxT    JyT    Jz     J
--------------------- Sp wavefunctions -----------------------------------------
 41  1.0  1.0  1.0000   -39.312  1.2E-08   0.00  -0.50   0.50   0.50   0.51
 48  1.0 -1.0  1.0000   -38.382  7.9E-09   0.00   0.50   0.50  -0.50   0.50
 69 -1.0 -1.0  1.0000   -27.128  1.6E-05   0.00  -0.40   0.55   1.30   1.49
 56 -1.0  1.0  1.0000   -26.749  4.2E-07   0.00  -0.68   1.24   0.44   1.50
 68 -1.0 -1.0  1.0000   -25.794  1.6E-05   0.00   1.32   0.45  -0.36   1.48
 55 -1.0  1.0  1.0000   -24.852  4.9E-07   0.00  -0.17  -0.25  -1.24   1.42
 57 -1.0  1.0  1.0000   -21.746  9.2E-07   0.00   0.35  -0.50   0.30   0.68
 70 -1.0 -1.0  1.0000   -21.223  1.7E-06   0.00  -0.42  -0.50  -0.44   0.58
 42  1.0  1.0  1.0000   -14.932  1.4E-06   0.00  -0.48   0.89   1.81   2.48
 49  1.0 -1.0  1.0000   -14.799  1.3E-05   0.00  -0.69   1.42   1.14   2.50
 44  1.0  1.0  1.0000   -14.120  1.0E-06   0.00  -0.10   1.22   0.91   2.43
 51  1.0 -1.0  1.0000   -13.357  1.4E-05   0.00   2.07   0.05  -0.21   2.46
 43  1.0  1.0  1.0000   -12.526  1.6E-06   0.00  -0.74  -0.60  -1.24   2.42
 50  1.0 -1.0  1.0000   -11.791  1.6E-06   0.00   0.04   0.04  -2.15   2.29
 45  1.0  1.0  1.0000    -9.128  6.1E-06   0.00  -0.47   0.48   0.38   0.98
 52  1.0 -1.0  1.0000    -8.555  4.6E-06   0.00   0.24   0.43  -0.17   1.20
 46  1.0  1.0  1.0000    -7.471  5.3E-06   0.00   0.26  -1.43   0.23   1.53
 53  1.0 -1.0  1.0000    -7.453  1.5E-06   0.00   0.24  -1.36   0.17   1.51
 54  1.0 -1.0  0.0000    -5.214  1.6E-06   0.00  -0.90   0.41   0.23   1.45
 47  1.0  1.0  0.0000    -4.494  7.6E-07   0.00   0.53   0.44  -1.08   1.48
 71 -1.0 -1.0  0.0000    -3.247  1.4E-05   0.00  -0.61   1.27   2.09   3.48
 58 -1.0  1.0  0.0000    -3.207  2.3E-05   0.00  -0.73   1.59   1.68   3.49
 73 -1.0 -1.0  0.0000    -2.601  2.7E-05   0.00  -0.17   1.05   2.13   3.34
 60 -1.0  1.0  0.0000    -2.093  2.7E-05   0.00   0.57   1.22   0.88   3.40
 72 -1.0 -1.0  0.0000    -1.457  1.3E-05   0.00   2.33  -0.55  -0.14   3.40
 59 -1.0  1.0  0.0000    -0.783  9.4E-06   0.00  -1.45  -0.75  -1.08   3.29
 74 -1.0 -1.0  0.0000    -0.085  2.3E-06   0.00   0.37   0.33  -1.92   3.12
 61 -1.0  1.0  0.0000     0.592  8.2E-06   0.00   0.02   0.04  -2.75   2.96
 76 -1.0 -1.0  0.0000     1.292  1.2E-05   0.00  -0.75   0.88   0.88   1.99
 63 -1.0  1.0  0.0000     1.442  6.0E-06   0.00  -0.81   1.19   0.23   2.06
 75 -1.0 -1.0  0.0000     2.445  1.4E-05   0.00   0.99  -0.03  -0.37   1.82
 62 -1.0  1.0  0.0000     2.550  1.4E-05   0.00   0.41  -0.39   0.07   1.32
 66 -1.0  1.0  0.0000     2.776  1.0E-07   0.00   0.50  -0.50   0.50   2.17
 79 -1.0 -1.0  0.0000     2.778  6.9E-08   0.00  -0.49  -0.50  -0.49   2.17
 77 -1.0 -1.0  0.0000     3.267  4.2E-06   0.00   0.19  -0.47  -0.09   1.70
 64 -1.0  1.0  0.0000     3.447  5.8E-06   0.00  -0.54  -0.45  -1.13   2.25
 80 -1.0 -1.0  0.0000     3.782  1.6E-05   0.00  -0.47   1.17   0.78   2.45
 67 -1.0  1.0  0.0000     3.805  1.8E-06   0.00  -0.40   1.46   0.31   2.46
 78 -1.0 -1.0  0.0000     3.978  1.5E-05   0.00   0.97  -0.24  -0.11   2.34
 65 -1.0  1.0  0.0000     4.046  5.5E-06   0.00   0.32  -0.50   0.06   2.07
--------------------------------------------------------------------------------
---------------- Electric Multipole Moments -----------------
Quantisation Axis             : Z
  With secondary axis ordering: X,Y
______________________________________________________________
                     Neutrons        Protons         Total
______________________________________________________________
 Particles           18.0000         18.0000         36.0000

Re  Q_{ 2 0}          5.6722          5.8799         11.5520
Re  Q_{ 2 2}          6.9036          7.1467         14.0503

Re  Q_{ 4 0}         -8.1449         -9.0884        -17.2333
Re  Q_{ 4 2}         -8.2352         -9.1410        -17.3762
Re  Q_{ 4 4}        -10.6779        -11.9030        -22.5809

Re  Q_{ 6 0}        -69.3860        -79.5517       -148.9377
Re  Q_{ 6 2}        -69.0457        -78.2755       -147.3213
Re  Q_{ 6 4}        -71.4485        -79.6110       -151.0595
Re  Q_{ 6 6}        -99.3814       -112.7523       -212.1337

Re  Q_{ 8 0}        -20.2803       -169.8799       -190.1602
Re  Q_{ 8 2}        -98.8081        -88.1871       -186.9952
Re  Q_{ 8 4}        -74.1979       -127.6455       -201.8434
Re  Q_{ 8 6}       -112.9359       -108.1330       -221.0689
Re  Q_{ 8 8}       -109.2763       -186.4906       -295.7670

Re  Q_{10 0}       7217.7619       9215.6409      16433.4028
Re  Q_{10 2}        294.9966        425.3811        720.3777
Re  Q_{10 4}      -6663.3104      -8292.7232     -14956.0337
Re  Q_{10 6}        478.8607       1071.7778       1550.6385
Re  Q_{10 8}      -7703.8613      -9251.0639     -16954.9252
Re  Q_{1010}        765.0347       1218.3270       1983.3617

 RMS radius           3.2654          3.3124          3.2890
______________________________________________________________
                     Neutrons        Protons         Total
______________________________________________________________

Beta_{ 2 0}       0.04203747      0.04357702      0.08561449
Beta_{ 2 2}       0.05116403      0.05296558      0.10412961

Beta_{ 4 0}      -0.00384481     -0.00429022     -0.00813502
Beta_{ 4 2}      -0.00388744     -0.00431506     -0.00820250
Beta_{ 4 4}      -0.00504053     -0.00561885     -0.01065938

Beta_{ 6 0}      -0.00208625     -0.00239190     -0.00447815
Beta_{ 6 2}      -0.00207602     -0.00235353     -0.00442954
Beta_{ 6 4}      -0.00214826     -0.00239368     -0.00454194
Beta_{ 6 6}      -0.00298812     -0.00339015     -0.00637828

Beta_{ 8 0}      -0.00003884     -0.00032534     -0.00036418
Beta_{ 8 2}      -0.00018923     -0.00016889     -0.00035812
Beta_{ 8 4}      -0.00014210     -0.00024446     -0.00038655
Beta_{ 8 6}      -0.00021629     -0.00020709     -0.00042337
Beta_{ 8 8}      -0.00020928     -0.00035715     -0.00056643

Beta_{10 0}       0.00088044      0.00112415      0.00200459
Beta_{10 2}       0.00003598      0.00005189      0.00008787
Beta_{10 4}      -0.00081281     -0.00101157     -0.00182438
Beta_{10 6}       0.00005841      0.00013074      0.00018915
Beta_{10 8}      -0.00093974     -0.00112847     -0.00206821
Beta_{1010}       0.00009332      0.00014861      0.00024194

______________________________________________________________
                     Neutrons        Protons         Total
______________________________________________________________
Q_{ 2}               11.2913         11.6929         22.9842
Q_{ 4}               20.7367         23.0885         43.8251
Q_{ 6}              210.5045        238.0852        448.5854
Q_{ 8}              283.4426        412.2413        678.4364
Q_{10}            16167.7974      19981.4633      36139.6719
______________________________________________________________
                     Neutrons        Protons         Total
______________________________________________________________
Beta_{   2}       0.08368193      0.08665831      0.17034023
Beta_{   4}       0.00978881      0.01089901      0.02068781
Beta_{   6}       0.00632929      0.00715857      0.01348773
Beta_{   8}       0.00054283      0.00078949      0.00129929
Beta_{  10}       0.00197219      0.00243740      0.00440842
______________________________________________________________
 Cart. Moments X              Y              Z
 Cart. N       17.8162077    -35.8006882     17.9844805
 Cart. P       18.4308437    -37.0739752     18.6431315
 Cart. T       36.2470514    -72.8746634     36.6276120
 (Q, gamma)    Q              Gamma
 (Q,g) N       35.8008200     59.8445168
 (Q,g) P       37.0741778     59.8105841
 (Q,g) T       72.8749946     59.8272540
 (iq1, iq2)    iq1            iq2
 iq    N        0.1121819     35.7445973
 iq    P        0.1415252     37.0032126
 iq    T        0.2537071     72.7478099
               X^2            Y^2            Z^2
 X^2_i N       69.9155690     52.0432704     69.9716599
 X^2_i P       71.9739899     53.4723836     72.0447525
 X^2_i T      141.8895589    105.5156540    142.0164125
------------------------------------------------------------
------------------------- Angular Momentum (hbar) --------------------------

               Spwfs(*)    Desired     Omega       E (MeV)      Densit. 
  __________________________________________________________________________
   J_x   |     0.00000     0.00000     0.00000    -0.00000     0.00000
   J_y   |     0.00000     0.00000     0.00000    -0.00000     0.00000
   J_z   |     1.72300     0.00000     0.50000    -0.86150     1.72300
  __________________________________________________________________________
   Size  |     1.72300     0.00000     0.50000                 1.72300
  --------------------------------------------------------------------------
---------------------Rotational properties--------------------
                Rigid rotor          (hbar^2/MeV)
              n              p              t 
 I_R X       2.9421721      3.0266216      5.9687937
 I_R Y       3.3731307      3.4727548      6.8458854
 I_R Z       2.9408196      3.0249152      5.9657348

                Belyaev                 (hbar^2/MeV) 
              n              p              t 
 I_B X       1.4240032      1.4570257      2.8810289
 I_B Y       0.0674554      0.0698113      0.1372667
 I_B Z       1.2863621      1.3121607      2.5985227

                Belyaev (collective)    (hbar^2/MeV) 
              n              p              t 
 I_B X       0.0000000      0.0000000      0.0000000
 I_B Y       0.0000000      0.0000000      0.0000000
 I_B Z       0.0000000      0.0000000      0.0000000

                 <J^2> - <J>^2          (hbar^2)
              n              p              t 
 J2_X        2.1784937      2.1737375      4.3522312
 J2_Y        0.0899804      0.0916550      0.1816354
 J2_Z        2.0316298      2.0204227      4.0520525
 J2_t        4.3001039      4.2858152      8.5859191

                 <J^2> - <J>^2 (coll.)  (hbar^2)
              n              p              t 
 J2_X        0.0000000      0.0000000      0.0000000
 J2_Y        0.0000000      0.0000000      0.0000000
 J2_Z        0.0000000      0.0000000      0.0000000
 J2_t        0.0000000      0.0000000      0.0000000
--------------------------------------------------------------------------------
 Skyrme Energy 
                                    Isoscalar      Isovector   |   Total
--------------------------------------------------------------------------------
                 E_D_I_I_D_I_I   -3570.805075       0.516338   -3570.288737
              E_D_I_I_D_I_I_DD    2398.877352      -0.433532    2398.443821
               E_D_I_Sm_D_I_Sm      -0.039243       0.000229      -0.039014
            E_D_I_Sm_D_I_Sm_DD       0.251307      -0.000154       0.251152
               E_D_I_I_D_Nm_Nm     135.251910       0.005881     135.257790
             E_D_I_I_Lap_D_I_I      96.188039      -0.019875      96.168163
           E_C_I_NmSk_C_I_NmSk       0.059616       0.000490       0.060106
               E_C_I_Nm_C_I_Nm      -0.091098      -0.000005      -0.091104
           E_D_I_Sm_Lap_D_I_Sm      -0.164747      -0.000033      -0.164780
            E_D_I_Sm_D_Nk_NkSm      -0.000474      -0.000010      -0.000484
       E_D_I_I_Derm_C_I_NxmSxm     -15.199488      -0.001556     -15.201045
        E_C_I_Nm_Derxm_D_I_Sxm      -0.098149      -0.000015      -0.098164
               E_DP_I_I_DP_I_I                                     0.000000
               E_CP_I_I_CP_I_I                                     0.000000
--------------------------------------------------------------------------------
                 Total Skyrme:                                  -955.702295
                    time-even:                                  -955.559902
                    time-odd :                                    -0.142393
--------------------------------------------------------------------------------
--------------------------------------------------------------------------------
                                     neutron        proton         total
                Kinetic Energy:     306.493998     298.294354     604.788352
                    COM 1-body:      -8.513722      -8.285954     -16.799676

                Coulomb Direct:       0.000000      66.925045      66.925045
                      Exchange:       0.000000      -6.754271      -6.754271

               Pairing (delta):       0.000000       0.000000       0.000000
               Pairing (densi):                                     0.000000
--------------------------------------------------------------------------------
                  Total energy:                                  -307.542845
                    from spwfs:                                  -307.542556
                   E_fu - E_sp:                                -0.289370E-03
                      Routhian:                                  -307.112200
--------------------------------------------------------------------------------
--------------------------------------------------------------------------------
Convergence report
                        Change^(i)     Change^(i-1)   rate (approx)
  Con.  Energy      :      -4.11E-05      -6.08E-05       1.16E+00
  Con.  Routhian    :      -8.10E-05      -1.10E-04       1.28E+00
  Con.  E_fu - E_sp :      -5.44E-05      -5.01E-05      -1.10E+00
  Con.  |delta rho| :       1.01E-05       0.00E+00       8.35E-01
--------------------------------------------------------------------------------
--------------------------------------------------------------------------------
 Iteration =  101
 dt  =   0.0371      mu  =   0.9247  D2H =  0.4E-05
 E   =   -307.543    DE  =  0.68869E-07
 dmun=  0.0E+00      dmup=  0.0E+00
 Q20 =      11.5513  Q22 =      14.0500 dQ20=  0.8E-03      dQ22=  0.3E-03
 Jz  =    1.723      dJZ = -0.4E-04
--------------------------------------------------------------------------------
 Iteration =  102
 dt  =   0.0371      mu  =   0.9247  D2H =  0.4E-05
 E   =   -307.543    DE  =  0.52180E-08
 dmun=  0.0E+00      dmup=  0.0E+00
 Q20 =      11.5506  Q22 =      14.0497 dQ20=  0.6E-03      dQ22=  0.2E-03
 Jz  =    1.723      dJZ = -0.2E-04
--------------------------------------------------------------------------------
 Iteration =  103
 dt  =   0.0371      mu  =   0.9247  D2H =  0.4E-05
 E   =   -307.543    DE  =  0.55960E-07
 dmun=  0.0E+00      dmup=  0.0E+00
 Q20 =      11.5501  Q22 =      14.0496 dQ20=  0.5E-03      dQ22=  0.2E-03
 Jz  =    1.723      dJZ =  0.2E-04
--------------------------------------------------------------------------------
 Iteration =  104
 dt  =   0.0371      mu  =   0.9247  D2H =  0.4E-05
 E   =   -307.543    DE  =  0.11329E-06
 dmun=  0.0E+00      dmup=  0.0E+00
 Q20 =      11.5497  Q22 =      14.0494 dQ20=  0.4E-03      dQ22=  0.1E-03
 Jz  =    1.723      dJZ =  0.5E-04
--------------------------------------------------------------------------------
 Iteration =  105
 dt  =   0.0371      mu  =   0.9248  D2H =  0.4E-05
 E   =   -307.543    DE  =  0.16558E-06
 dmun=  0.0E+00      dmup=  0.0E+00
 Q20 =      11.5493  Q22 =      14.0494 dQ20=  0.3E-03      dQ22=  0.7E-04
 Jz  =    1.723      dJZ =  0.9E-04
--------------------------------------------------------------------------------
 Iteration =  106
 dt  =   0.0371      mu  =   0.9248  D2H =  0.3E-05
 E   =   -307.543    DE  =  0.21190E-06
 dmun=  0.0E+00      dmup=  0.0E+00
 Q20 =      11.5491  Q22 =      14.0493 dQ20=  0.2E-03      dQ22=  0.3E-04
 Jz  =    1.723      dJZ =  0.1E-03
--------------------------------------------------------------------------------
 Iteration =  107
 dt  =   0.0371      mu  =   0.9248  D2H =  0.3E-05
 E   =   -307.543    DE  =  0.25157E-06
 dmun=  0.0E+00      dmup=  0.0E+00
 Q20 =      11.5489  Q22 =      14.0494 dQ20=  0.2E-03      dQ22=  0.1E-04
 Jz  =    1.723      dJZ =  0.1E-03
--------------------------------------------------------------------------------
 Iteration =  108
 dt  =   0.0371      mu  =   0.9248  D2H =  0.3E-05
 E   =   -307.543    DE  =  0.28421E-06
 dmun=  0.0E+00      dmup=  0.0E+00
 Q20 =      11.5488  Q22 =      14.0494 dQ20=  0.9E-04      dQ22=  0.5E-04
 Jz  =    1.724      dJZ =  0.2E-03
--------------------------------------------------------------------------------
 Iteration =  109
 dt  =   0.0371      mu  =   0.9248  D2H =  0.3E-05
 E   =   -307.542    DE  =  0.30970E-06
 dmun=  0.0E+00      dmup=  0.0E+00
 Q20 =      11.5488  Q22 =      14.0495 dQ20=  0.1E-04      dQ22=  0.8E-04
 Jz  =    1.724      dJZ =  0.2E-03
--------------------- Sp wavefunctions -----------------------------------------
________________________________________________________________________________
   Neutron wavefunctions
  i    P   Rz   occ       E        d2h    Delta   JxT    JyT    Jz     J
--------------------- Sp wavefunctions -----------------------------------------
  1  1.0  1.0  1.0000   -46.647  8.4E-09   0.00  -0.50   0.50   0.50   0.50
  8  1.0 -1.0  1.0000   -45.694  2.8E-09   0.00   0.50   0.50  -0.50   0.50
 29 -1.0 -1.0  1.0000   -34.053  2.6E-06   0.00  -0.40   0.54   1.30   1.49
 16 -1.0  1.0  1.0000   -33.665  1.0E-06   0.00  -0.68   1.24   0.45   1.50
 28 -1.0 -1.0  1.0000   -32.693  2.7E-06   0.00   1.32   0.46  -0.36   1.48
 15 -1.0  1.0  1.0000   -31.739  7.3E-06   0.00  -0.17  -0.25  -1.25   1.42
 17 -1.0  1.0  1.0000   -28.595  6.5E-06   0.00   0.35  -0.50   0.31   0.68
 30 -1.0 -1.0  1.0000   -28.059  1.5E-07   0.00  -0.43  -0.50  -0.44   0.58
  2  1.0  1.0  1.0000   -21.500  6.9E-06   0.00  -0.48   0.90   1.80   2.48
  9  1.0 -1.0  1.0000   -21.366  9.4E-07   0.00  -0.68   1.42   1.14   2.50
  4  1.0  1.0  1.0000   -20.682  7.4E-06   0.00  -0.11   1.21   0.91   2.43
 11  1.0 -1.0  1.0000   -19.908  1.6E-06   0.00   2.07   0.06  -0.21   2.46
  3  1.0  1.0  1.0000   -19.071  1.7E-06   0.00  -0.73  -0.60  -1.24   2.42
 10  1.0 -1.0  1.0000   -18.343  2.3E-06   0.00   0.03   0.03  -2.15   2.29
  5  1.0  1.0  1.0000   -15.612  2.9E-06   0.00  -0.48   0.48   0.38   0.99
 12  1.0 -1.0  1.0000   -15.023  2.2E-06   0.00   0.25   0.44  -0.20   1.20
  6  1.0  1.0  1.0000   -13.849  3.4E-06   0.00   0.26  -1.44   0.23   1.53
 13  1.0 -1.0  1.0000   -13.833  6.1E-07   0.00   0.24  -1.36   0.19   1.51
 14  1.0 -1.0  0.0000   -11.557  9.1E-07   0.00  -0.91   0.41   0.24   1.45
  7  1.0  1.0  0.0000   -10.824  4.3E-07   0.00   0.53   0.44  -1.08   1.48
 31 -1.0 -1.0  0.0000    -9.461  2.3E-06   0.00  -0.63   1.34   2.04   3.48
 18 -1.0  1.0  0.0000    -9.424  1.2E-05   0.00  -0.74   1.63   1.66   3.49
 33 -1.0 -1.0  0.0000    -8.794  6.2E-06   0.00  -0.14   1.00   2.18   3.35
 20 -1.0  1.0  0.0000    -8.287  1.4E-05   0.00   0.61   1.19   0.89   3.41
 32 -1.0 -1.0  0.0000    -7.641  7.3E-06   0.00   2.32  -0.59  -0.13   3.40
 19 -1.0  1.0  0.0000    -6.950  1.7E-06   0.00  -1.53  -0.77  -1.10   3.32
 34 -1.0 -1.0  0.0000    -6.229  2.2E-06   0.00   0.36   0.31  -1.99   3.18
 21 -1.0  1.0  0.0000    -5.529  3.1E-06   0.00   0.01   0.02  -2.88   3.05
 36 -1.0 -1.0  0.0000    -4.476  3.9E-06   0.00  -0.71   1.00   0.83   1.94
 23 -1.0  1.0  0.0000    -4.342  3.8E-06   0.00  -0.73   1.26   0.26   1.99
 35 -1.0 -1.0  0.0000    -3.094  3.1E-06   0.00   1.07  -0.09  -0.26   1.77
 22 -1.0  1.0  0.0000    -2.842  6.6E-06   0.00   0.32  -0.38  -0.07   1.33
 37 -1.0 -1.0  0.0000    -1.164  3.9E-06   0.00   0.01  -0.47  -0.16   1.40
 24 -1.0  1.0  0.0000    -0.922  1.1E-03   0.00   0.23  -1.11   0.28   2.32
 40 -1.0 -1.0  0.0000    -0.892  1.7E-06   0.00   0.63  -2.06   0.66   2.49
 27 -1.0  1.0  0.0000    -0.813  1.1E-03   0.00   0.23  -1.36  -0.24   2.24
 26 -1.0  1.0  0.0000     0.527  5.5E-06   0.00  -1.08   0.19   0.99   2.34
 39 -1.0 -1.0  0.0000     0.808  2.4E-06   0.00  -1.47   0.70   0.00   2.44
 25 -1.0  1.0  0.0000     1.038  8.8E-07   0.00   0.53  -0.50   0.52   2.22
 38 -1.0 -1.0  0.0000     1.056  6.2E-07   0.00  -0.56  -0.46  -0.45   2.23
________________________________________________________________________________
   Proton  wavefunctions
  i    P   Rz   occ       E        d2h    Delta   JxT    JyT    Jz     J
--------------------- Sp wavefunctions -----------------------------------------
 41  1.0  1.0  1.0000   -39.312  6.1E-09   0.00  -0.50   0.50   0.50   0.51
 48  1.0 -1.0  1.0000   -38.381  4.1E-09   0.00   0.50   0.50  -0.50   0.50
 69 -1.0 -1.0  1.0000   -27.129  3.0E-06   0.00  -0.40   0.54   1.30   1.49
 56 -1.0  1.0  1.0000   -26.749  9.7E-07   0.00  -0.68   1.24   0.44   1.50
 68 -1.0 -1.0  1.0000   -25.794  3.2E-06   0.00   1.32   0.46  -0.36   1.48
 55 -1.0  1.0  1.0000   -24.852  7.2E-06   0.00  -0.17  -0.25  -1.24   1.42
 57 -1.0  1.0  1.0000   -21.746  6.5E-06   0.00   0.35  -0.50   0.30   0.68
 70 -1.0 -1.0  1.0000   -21.223  1.6E-07   0.00  -0.42  -0.50  -0.44   0.58
 42  1.0  1.0  1.0000   -14.932  6.4E-06   0.00  -0.48   0.90   1.81   2.48
 49  1.0 -1.0  1.0000   -14.799  1.0E-06   0.00  -0.68   1.42   1.14   2.50
 44  1.0  1.0  1.0000   -14.120  6.7E-06   0.00  -0.10   1.21   0.91   2.43
 51  1.0 -1.0  1.0000   -13.357  1.6E-06   0.00   2.07   0.06  -0.21   2.46
 43  1.0  1.0  1.0000   -12.526  1.5E-06   0.00  -0.74  -0.60  -1.24   2.42
 50  1.0 -1.0  1.0000   -11.791  2.8E-06   0.00   0.04   0.04  -2.15   2.29
 45  1.0  1.0  1.0000    -9.128  3.1E-06   0.00  -0.47   0.48   0.38   0.98
 52  1.0 -1.0  1.0000    -8.555  3.1E-06   0.00   0.24   0.43  -0.17   1.20
 46  1.0  1.0  1.0000    -7.470  3.6E-06   0.00   0.26  -1.43   0.23   1.53
 53  1.0 -1.0  1.0000    -7.453  9.0E-07   0.00   0.24  -1.35   0.17   1.51
 54  1.0 -1.0  0.0000    -5.215  1.2E-06   0.00  -0.90   0.41   0.23   1.45
 47  1.0  1.0  0.0000    -4.494  5.5E-07   0.00   0.53   0.44  -1.08   1.48
 71 -1.0 -1.0  0.0000    -3.247  2.7E-06   0.00  -0.61   1.28   2.08   3.48
 58 -1.0  1.0  0.0000    -3.206  1.2E-05   0.00  -0.73   1.59   1.68   3.49
 73 -1.0 -1.0  0.0000    -2.601  7.1E-06   0.00  -0.17   1.03   2.14   3.34
 60 -1.0  1.0  0.0000    -2.093  1.3E-05   0.00   0.56   1.23   0.88   3.40
 72 -1.0 -1.0  0.0000    -1.457  7.3E-06   0.00   2.34  -0.55  -0.14   3.40
 59 -1.0  1.0  0.0000    -0.783  6.3E-07   0.00  -1.45  -0.75  -1.08   3.29
 74 -1.0 -1.0  0.0000    -0.085  2.3E-06   0.00   0.37   0.33  -1.92   3.12
 61 -1.0  1.0  0.0000     0.592  1.7E-06   0.00   0.02   0.04  -2.75   2.96
 76 -1.0 -1.0  0.0000     1.292  7.9E-06   0.00  -0.75   0.88   0.88   1.99
 63 -1.0  1.0  0.0000     1.442  2.0E-06   0.00  -0.81   1.19   0.23   2.05
 75 -1.0 -1.0  0.0000     2.445  8.3E-06   0.00   0.99  -0.03  -0.37   1.82
 62 -1.0  1.0  0.0000     2.550  3.1E-06   0.00   0.41  -0.39   0.07   1.32
 66 -1.0  1.0  0.0000     2.776  4.3E-08   0.00   0.50  -0.50   0.50   2.17
 79 -1.0 -1.0  0.0000     2.778  2.5E-08   0.00  -0.49  -0.50  -0.49   2.17
 77 -1.0 -1.0  0.0000     3.267  2.6E-06   0.00   0.19  -0.47  -0.09   1.70
 64 -1.0  1.0  0.0000     3.447  4.5E-06   0.00  -0.54  -0.45  -1.13   2.25
 80 -1.0 -1.0  0.0000     3.782  1.1E-05   0.00  -0.47   1.16   0.79   2.45
 67 -1.0  1.0  0.0000     3.805  8.0E-07   0.00  -0.40   1.46   0.31   2.46
 78 -1.0 -1.0  0.0000     3.978  1.1E-05   0.00   0.97  -0.23  -0.12   2.34
 65 -1.0  1.0  0.0000     4.046  1.7E-06   0.00   0.32  -0.50   0.06   2.07
--------------------------------------------------------------------------------
---------------- Electric Multipole Moments -----------------
Quantisation Axis             : Z
  With secondary axis ordering: X,Y
______________________________________________________________
                     Neutrons        Protons         Total
______________________________________________________________
 Particles           18.0000         18.0000         36.0000

Re  Q_{ 2 0}          5.6705          5.8783         11.5489
Re  Q_{ 2 2}          6.9032          7.1464         14.0496

Re  Q_{ 4 0}         -8.1365         -9.0799        -17.2163
Re  Q_{ 4 2}         -8.2285         -9.1346        -17.3631
Re  Q_{ 4 4}        -10.6715        -11.8981        -22.5697

Re  Q_{ 6 0}        -69.3175        -79.5074       -148.8249
Re  Q_{ 6 2}        -68.9815        -78.2169       -147.1984
Re  Q_{ 6 4}        -71.3969        -79.5601       -150.9570
Re  Q_{ 6 6}        -99.3213       -112.7005       -212.0218

Re  Q_{ 8 0}        -19.8858       -170.2768       -190.1626
Re  Q_{ 8 2}        -98.3948        -88.5690       -186.9638
Re  Q_{ 8 4}        -73.5710       -128.4819       -202.0529
Re  Q_{ 8 6}       -112.1140       -108.8817       -220.9956
Re  Q_{ 8 8}       -108.3754       -187.2549       -295.6303

Re  Q_{10 0}       7284.4080       9260.1351      16544.5431
Re  Q_{10 2}        335.6837        299.7898        635.4735
Re  Q_{10 4}      -6650.1538      -8349.0381     -14999.1920
Re  Q_{10 6}        408.4160       1130.5846       1539.0006
Re  Q_{10 8}      -7683.5545      -9320.8988     -17004.4533
Re  Q_{1010}        774.5680        735.2168       1509.7848

 RMS radius           3.2654          3.3124          3.2890
______________________________________________________________
                     Neutrons        Protons         Total
______________________________________________________________

Beta_{ 2 0}       0.04202547      0.04356543      0.08559090
Beta_{ 2 2}       0.05116107      0.05296331      0.10412438

Beta_{ 4 0}      -0.00384085     -0.00428618     -0.00812703
Beta_{ 4 2}      -0.00388430     -0.00431201     -0.00819631
Beta_{ 4 4}      -0.00503753     -0.00561655     -0.01065408

Beta_{ 6 0}      -0.00208419     -0.00239057     -0.00447475
Beta_{ 6 2}      -0.00207408     -0.00235177     -0.00442585
Beta_{ 6 4}      -0.00214671     -0.00239215     -0.00453886
Beta_{ 6 6}      -0.00298632     -0.00338859     -0.00637491

Beta_{ 8 0}      -0.00003808     -0.00032610     -0.00036418
Beta_{ 8 2}      -0.00018844     -0.00016962     -0.00035806
Beta_{ 8 4}      -0.00014090     -0.00024606     -0.00038696
Beta_{ 8 6}      -0.00021471     -0.00020852     -0.00042323
Beta_{ 8 8}      -0.00020755     -0.00035862     -0.00056617

Beta_{10 0}       0.00088857      0.00112958      0.00201815
Beta_{10 2}       0.00004095      0.00003657      0.00007752
Beta_{10 4}      -0.00081120     -0.00101844     -0.00182964
Beta_{10 6}       0.00004982      0.00013791      0.00018773
Beta_{10 8}      -0.00093726     -0.00113699     -0.00207425
Beta_{1010}       0.00009448      0.00008968      0.00018417

______________________________________________________________
                     Neutrons        Protons         Total
______________________________________________________________
Q_{ 2}               11.2900         11.6917         22.9817
Q_{ 4}               20.7215         23.0750         43.7965
Q_{ 6}              210.3480        237.9488        448.2925
Q_{ 8}              281.4488        414.1709        678.3776
Q_{10}            16166.1559      20068.3473      36222.6433
______________________________________________________________
                     Neutrons        Protons         Total
______________________________________________________________
Beta_{   2}       0.08367228      0.08664970      0.17032197
Beta_{   4}       0.00978168      0.01089263      0.02067429
Beta_{   6}       0.00632458      0.00715447      0.01347892
Beta_{   8}       0.00053901      0.00079319      0.00129917
Beta_{  10}       0.00197199      0.00244799      0.00441854
______________________________________________________________
 Cart. Moments X              Y              Z
 Cart. N       17.8172222    -35.7965696     17.9793475
 Cart. P       18.4321327    -37.0703040     18.6381712
 Cart. T       36.2493549    -72.8668736     36.6175187
 (Q, gamma)    Q              Gamma
 (Q,g) N       35.7966920     59.8501798
 (Q,g) P       37.0704948     59.8161419
 (Q,g) T       72.8671836     59.8328633
 (iq1, iq2)    iq1            iq2
 iq    N        0.1080836     35.7425279
 iq    P        0.1373590     37.0016245
 iq    T        0.2454426     72.7441523
               X^2            Y^2            Z^2
 X^2_i N       69.9156028     52.0443389     69.9696446
 X^2_i P       71.9741069     53.4732946     72.0427864
 X^2_i T      141.8897096    105.5176335    142.0124309
------------------------------------------------------------
------------------------- Angular Momentum (hbar) --------------------------

               Spwfs(*)    Desired     Omega       E (MeV)      Densit. 
  __________________________________________________________________________
   J_x   |     0.00000     0.00000     0.00000    -0.00000     0.00000
   J_y   |     0.00000     0.00000     0.00000    -0.00000     0.00000
   J_z   |     1.72401     0.00000     0.50000    -0.86201     1.72401
  __________________________________________________________________________
   Size  |     1.72401     0.00000     0.50000                 1.72401
  --------------------------------------------------------------------------
---------------------Rotational properties--------------------
                Rigid rotor          (hbar^2/MeV)
              n              p              t 
 I_R X       2.9421493      3.0265961      5.9687454
 I_R Y       3.3730829      3.4727102      6.8457931
 I_R Z       2.9408462      3.0249400      5.9657862

                Belyaev                 (hbar^2/MeV) 
              n              p              t 
 I_B X       1.4243816      1.4573573      2.8817389
 I_B Y       0.0676243      0.0699609      0.1375851
 I_B Z       1.2860570      1.3119749      2.5980320

                Belyaev (collective)    (hbar^2/MeV) 
              n              p              t 
 I_B X       0.0000000      0.0000000      0.0000000
 I_B Y       0.0000000      0.0000000      0.0000000
 I_B Z       0.0000000      0.0000000      0.0000000

                 <J^2> - <J>^2          (hbar^2)
              n              p              t 
 J2_X        2.1779985      2.1733417      4.3513403
 J2_Y        0.0901421      0.0917931      0.1819353
 J2_Z        2.0312934      2.0202096      4.0515030
 J2_t        4.2994340      4.2853445      8.5847785

                 <J^2> - <J>^2 (coll.)  (hbar^2)
              n              p              t 
 J2_X        0.0000000      0.0000000      0.0000000
 J2_Y        0.0000000      0.0000000      0.0000000
 J2_Z        0.0000000      0.0000000      0.0000000
 J2_t        0.0000000      0.0000000      0.0000000
--------------------------------------------------------------------------------
 Skyrme Energy 
                                    Isoscalar      Isovector   |   Total
--------------------------------------------------------------------------------
                 E_D_I_I_D_I_I   -3570.817099       0.516351   -3570.300747
              E_D_I_I_D_I_I_DD    2398.886735      -0.433545    2398.453191
               E_D_I_Sm_D_I_Sm      -0.039287       0.000230      -0.039057
            E_D_I_Sm_D_I_Sm_DD       0.251588      -0.000155       0.251433
               E_D_I_I_D_Nm_Nm     135.252935       0.005881     135.258816
             E_D_I_I_Lap_D_I_I      96.188355      -0.019875      96.168480
           E_C_I_NmSk_C_I_NmSk       0.059614       0.000490       0.060104
               E_C_I_Nm_C_I_Nm      -0.091228      -0.000005      -0.091233
           E_D_I_Sm_Lap_D_I_Sm      -0.164908      -0.000033      -0.164941
            E_D_I_Sm_D_Nk_NkSm      -0.000476      -0.000010      -0.000486
       E_D_I_I_Derm_C_I_NxmSxm     -15.199580      -0.001558     -15.201137
        E_C_I_Nm_Derxm_D_I_Sxm      -0.098284      -0.000015      -0.098299
               E_DP_I_I_DP_I_I                                     0.000000
               E_CP_I_I_CP_I_I                                     0.000000
--------------------------------------------------------------------------------
                 Total Skyrme:                                  -955.703876
                    time-even:                                  -955.561294
                    time-odd :                                    -0.142582
--------------------------------------------------------------------------------
--------------------------------------------------------------------------------
                                     neutron        proton         total
                Kinetic Energy:     306.495056     298.295334     604.790390
                    COM 1-body:      -8.513752      -8.285981     -16.799733

                Coulomb Direct:       0.000000      66.925160      66.925160
                      Exchange:       0.000000      -6.754279      -6.754279

               Pairing (delta):       0.000000       0.000000       0.000000
               Pairing (densi):                                     0.000000
--------------------------------------------------------------------------------
                  Total energy:                                  -307.542339
                    from spwfs:                                  -307.542517
                   E_fu - E_sp:                                 0.178477E-03
                      Routhian:                                  -307.111589
--------------------------------------------------------------------------------
--------------------------------------------------------------------------------
Convergence report
                        Change^(i)     Change^(i-1)   rate (approx)
  Con.  Energy      :       1.01E-04       9.52E-05       9.25E-01
  Con.  Routhian    :       1.45E-04       1.34E-04       2.23E+00
  Con.  E_fu - E_sp :      -2.70E-05      -3.35E-05       3.00E-01
  Con.  |delta rho| :       2.36E-06       0.00E+00       7.05E-01
--------------------------------------------------------------------------------
--------------------------------------------------------------------------------
 Iteration =  111
 dt  =   0.0371      mu  =   0.9248  D2H =  0.3E-05
 E   =   -307.542    DE  =  0.33981E-06
 dmun=  0.0E+00      dmup=  0.0E+00
 Q20 =      11.5490  Q22 =      14.0497 dQ20=  0.1E-03      dQ22=  0.1E-03
 Jz  =    1.724      dJZ =  0.1E-03
--------------------------------------------------------------------------------
 Iteration =  112
 dt  =   0.0371      mu  =   0.9248  D2H =  0.3E-05
 E   =   -307.542    DE  =  0.34514E-06
 dmun=  0.0E+00      dmup=  0.0E+00
 Q20 =      11.5491  Q22 =      14.0499 dQ20=  0.2E-03      dQ22=  0.1E-03
 Jz  =    1.724      dJZ =  0.2E-03
--------------------------------------------------------------------------------
 Iteration =  113
 dt  =   0.0371      mu  =   0.9248  D2H =  0.2E-05
 E   =   -307.542    DE  =  0.34462E-06
 dmun=  0.0E+00      dmup=  0.0E+00
 Q20 =      11.5493  Q22 =      14.0500 dQ20=  0.2E-03      dQ22=  0.2E-03
 Jz  =    1.725      dJZ =  0.2E-03
--------------------------------------------------------------------------------
 Iteration =  114
 dt  =   0.0371      mu  =   0.9248  D2H =  0.2E-05
 E   =   -307.542    DE  =  0.33875E-06
 dmun=  0.0E+00      dmup=  0.0E+00
 Q20 =      11.5496  Q22 =      14.0502 dQ20=  0.2E-03      dQ22=  0.2E-03
 Jz  =    1.725      dJZ =  0.2E-03
--------------------------------------------------------------------------------
 Iteration =  115
 dt  =   0.0371      mu  =   0.9248  D2H =  0.2E-05
 E   =   -307.542    DE  =  0.32806E-06
 dmun=  0.0E+00      dmup=  0.0E+00
 Q20 =      11.5498  Q22 =      14.0503 dQ20=  0.3E-03      dQ22=  0.2E-03
 Jz  =    1.725      dJZ =  0.2E-03
--------------------------------------------------------------------------------
 Iteration =  116
 dt  =   0.0371      mu  =   0.9248  D2H =  0.2E-05
 E   =   -307.542    DE  =  0.31305E-06
 dmun=  0.0E+00      dmup=  0.0E+00
 Q20 =      11.5501  Q22 =      14.0505 dQ20=  0.3E-03      dQ22=  0.1E-03
 Jz  =    1.725      dJZ =  0.2E-03
--------------------------------------------------------------------------------
 Iteration =  117
 dt  =   0.0371      mu  =   0.9248  D2H =  0.2E-05
 E   =   -307.542    DE  =  0.29422E-06
 dmun=  0.0E+00      dmup=  0.0E+00
 Q20 =      11.5505  Q22 =      14.0506 dQ20=  0.3E-03      dQ22=  0.1E-03
 Jz  =    1.725      dJZ =  0.2E-03
--------------------------------------------------------------------------------
 Iteration =  118
 dt  =   0.0371      mu  =   0.9248  D2H =  0.2E-05
 E   =   -307.542    DE  =  0.27202E-06
 dmun=  0.0E+00      dmup=  0.0E+00
 Q20 =      11.5508  Q22 =      14.0507 dQ20=  0.3E-03      dQ22=  0.1E-03
 Jz  =    1.726      dJZ =  0.2E-03
--------------------------------------------------------------------------------
 Iteration =  119
 dt  =   0.0371      mu  =   0.9248  D2H =  0.2E-05
 E   =   -307.541    DE  =  0.24693E-06
 dmun=  0.0E+00      dmup=  0.0E+00
 Q20 =      11.5511  Q22 =      14.0509 dQ20=  0.3E-03      dQ22=  0.1E-03
 Jz  =    1.726      dJZ =  0.2E-03
--------------------- Sp wavefunctions -----------------------------------------
________________________________________________________________________________
   Neutron wavefunctions
  i    P   Rz   occ       E        d2h    Delta   JxT    JyT    Jz     J
--------------------- Sp wavefunctions -----------------------------------------
  1  1.0  1.0  1.0000   -46.647  8.8E-10   0.00  -0.50   0.50   0.50   0.50
  8  1.0 -1.0  1.0000   -45.693  2.0E-09   0.00   0.50   0.50  -0.50   0.50
 29 -1.0 -1.0  1.0000   -34.054  5.6E-07   0.00  -0.39   0.53   1.30   1.49
 16 -1.0  1.0  1.0000   -33.665  5.0E-07   0.00  -0.68   1.24   0.45   1.50
 28 -1.0 -1.0  1.0000   -32.693  1.3E-07   0.00   1.32   0.47  -0.37   1.48
 15 -1.0  1.0  1.0000   -31.739  3.2E-06   0.00  -0.17  -0.25  -1.25   1.42
 17 -1.0  1.0  1.0000   -28.595  2.8E-06   0.00   0.35  -0.50   0.31   0.68
 30 -1.0 -1.0  1.0000   -28.059  4.3E-07   0.00  -0.43  -0.50  -0.44   0.58
  2  1.0  1.0  1.0000   -21.500  7.3E-06   0.00  -0.48   0.90   1.80   2.48
  9  1.0 -1.0  1.0000   -21.366  1.2E-06   0.00  -0.68   1.42   1.14   2.50
  4  1.0  1.0  1.0000   -20.683  7.9E-06   0.00  -0.11   1.21   0.91   2.43
 11  1.0 -1.0  1.0000   -19.908  1.4E-06   0.00   2.07   0.06  -0.21   2.46
  3  1.0  1.0  1.0000   -19.070  1.0E-06   0.00  -0.73  -0.60  -1.24   2.42
 10  1.0 -1.0  1.0000   -18.343  3.5E-07   0.00   0.03   0.03  -2.15   2.29
  5  1.0  1.0  1.0000   -15.612  1.3E-07   0.00  -0.48   0.48   0.38   0.99
 12  1.0 -1.0  1.0000   -15.022  4.0E-08   0.00   0.25   0.44  -0.20   1.20
  6  1.0  1.0  1.0000   -13.850  1.0E-07   0.00   0.26  -1.44   0.23   1.53
 13  1.0 -1.0  1.0000   -13.834  1.3E-07   0.00   0.24  -1.36   0.19   1.51
 14  1.0 -1.0  0.0000   -11.556  1.0E-07   0.00  -0.91   0.41   0.24   1.45
  7  1.0  1.0  0.0000   -10.823  3.5E-08   0.00   0.53   0.44  -1.08   1.48
 31 -1.0 -1.0  0.0000    -9.461  1.6E-06   0.00  -0.63   1.35   2.03   3.48
 18 -1.0  1.0  0.0000    -9.424  1.8E-06   0.00  -0.74   1.62   1.67   3.49
 33 -1.0 -1.0  0.0000    -8.794  1.4E-06   0.00  -0.14   1.00   2.19   3.35
 20 -1.0  1.0  0.0000    -8.287  2.2E-06   0.00   0.60   1.19   0.89   3.41
 32 -1.0 -1.0  0.0000    -7.641  1.8E-06   0.00   2.32  -0.59  -0.13   3.40
 19 -1.0  1.0  0.0000    -6.950  2.1E-06   0.00  -1.52  -0.77  -1.10   3.32
 34 -1.0 -1.0  0.0000    -6.229  1.3E-06   0.00   0.36   0.31  -1.99   3.18
 21 -1.0  1.0  0.0000    -5.529  1.9E-06   0.00   0.01   0.02  -2.88   3.05
 36 -1.0 -1.0  0.0000    -4.476  6.5E-07   0.00  -0.71   0.99   0.83   1.94
 23 -1.0  1.0  0.0000    -4.342  2.0E-06   0.00  -0.73   1.26   0.26   1.99
 35 -1.0 -1.0  0.0000    -3.094  3.1E-06   0.00   1.07  -0.09  -0.26   1.77
 22 -1.0  1.0  0.0000    -2.842  3.6E-06   0.00   0.31  -0.38  -0.07   1.33
 37 -1.0 -1.0  0.0000    -1.164  3.8E-06   0.00   0.01  -0.47  -0.16   1.40
 24 -1.0  1.0  0.0000    -0.923  9.0E-04   0.00   0.25  -1.16   0.32   2.33
 40 -1.0 -1.0  0.0000    -0.893  1.3E-06   0.00   0.63  -2.06   0.66   2.49
 27 -1.0  1.0  0.0000    -0.811  9.0E-04   0.00   0.21  -1.31  -0.28   2.23
 26 -1.0  1.0  0.0000     0.527  3.2E-06   0.00  -1.08   0.19   0.99   2.34
 39 -1.0 -1.0  0.0000     0.808  1.3E-06   0.00  -1.47   0.70   0.00   2.44
 25 -1.0  1.0  0.0000     1.038  2.5E-07   0.00   0.53  -0.50   0.52   2.22
 38 -1.0 -1.0  0.0000     1.056  3.1E-07   0.00  -0.56  -0.46  -0.45   2.23
________________________________________________________________________________
   Proton  wavefunctions
  i    P   Rz   occ       E        d2h    Delta   JxT    JyT    Jz     J
--------------------- Sp wavefunctions -----------------------------------------
 41  1.0  1.0  1.0000   -39.312  1.5E-09   0.00  -0.50   0.50   0.50   0.51
 48  1.0 -1.0  1.0000   -38.381  2.2E-09   0.00   0.50   0.50  -0.50   0.50
 69 -1.0 -1.0  1.0000   -27.129  4.6E-07   0.00  -0.40   0.54   1.30   1.49
 56 -1.0  1.0  1.0000   -26.749  5.3E-07   0.00  -0.68   1.24   0.44   1.50
 68 -1.0 -1.0  1.0000   -25.793  6.0E-08   0.00   1.32   0.46  -0.36   1.48
 55 -1.0  1.0  1.0000   -24.851  3.3E-06   0.00  -0.17  -0.25  -1.24   1.42
 57 -1.0  1.0  1.0000   -21.746  2.9E-06   0.00   0.35  -0.50   0.30   0.68
 70 -1.0 -1.0  1.0000   -21.223  4.2E-07   0.00  -0.42  -0.50  -0.44   0.58
 42  1.0  1.0  1.0000   -14.932  7.0E-06   0.00  -0.48   0.90   1.81   2.48
 49  1.0 -1.0  1.0000   -14.799  1.0E-06   0.00  -0.68   1.41   1.14   2.50
 44  1.0  1.0  1.0000   -14.120  7.7E-06   0.00  -0.10   1.21   0.91   2.43
 51  1.0 -1.0  1.0000   -13.357  1.3E-06   0.00   2.06   0.06  -0.21   2.46
 43  1.0  1.0  1.0000   -12.526  1.1E-06   0.00  -0.74  -0.60  -1.24   2.42
 50  1.0 -1.0  1.0000   -11.791  3.9E-07   0.00   0.04   0.04  -2.15   2.29
 45  1.0  1.0  1.0000    -9.128  1.7E-07   0.00  -0.47   0.48   0.38   0.98
 52  1.0 -1.0  1.0000    -8.554  1.3E-07   0.00   0.24   0.43  -0.17   1.20
 46  1.0  1.0  1.0000    -7.471  1.1E-07   0.00   0.26  -1.43   0.23   1.53
 53  1.0 -1.0  1.0000    -7.453  1.4E-07   0.00   0.24  -1.35   0.17   1.51
 54  1.0 -1.0  0.0000    -5.215  8.6E-08   0.00  -0.90   0.41   0.23   1.45
 47  1.0  1.0  0.0000    -4.494  3.6E-08   0.00   0.53   0.44  -1.08   1.48
 71 -1.0 -1.0  0.0000    -3.247  1.2E-06   0.00  -0.61   1.28   2.08   3.48
 58 -1.0  1.0  0.0000    -3.207  2.2E-06   0.00  -0.73   1.58   1.69   3.49
 73 -1.0 -1.0  0.0000    -2.601  8.8E-07   0.00  -0.17   1.03   2.15   3.34
 60 -1.0  1.0  0.0000    -2.093  2.7E-06   0.00   0.56   1.24   0.88   3.40
 72 -1.0 -1.0  0.0000    -1.457  1.9E-06   0.00   2.34  -0.54  -0.15   3.40
 59 -1.0  1.0  0.0000    -0.783  1.9E-06   0.00  -1.44  -0.76  -1.08   3.29
 74 -1.0 -1.0  0.0000    -0.085  2.3E-06   0.00   0.37   0.33  -1.92   3.12
 61 -1.0  1.0  0.0000     0.592  1.7E-06   0.00   0.02   0.04  -2.75   2.96
 76 -1.0 -1.0  0.0000     1.292  1.4E-06   0.00  -0.75   0.88   0.88   1.99
 63 -1.0  1.0  0.0000     1.442  1.7E-06   0.00  -0.81   1.19   0.23   2.05
 75 -1.0 -1.0  0.0000     2.445  3.2E-06   0.00   0.99  -0.03  -0.38   1.83
 62 -1.0  1.0  0.0000     2.550  3.6E-06   0.00   0.41  -0.39   0.07   1.32
 66 -1.0  1.0  0.0000     2.776  2.8E-08   0.00   0.50  -0.50   0.50   2.17
 79 -1.0 -1.0  0.0000     2.778  1.0E-08   0.00  -0.49  -0.50  -0.49   2.17
 77 -1.0 -1.0  0.0000     3.267  8.5E-07   0.00   0.19  -0.47  -0.09   1.70
 64 -1.0  1.0  0.0000     3.447  1.1E-06   0.00  -0.54  -0.45  -1.13   2.25
 80 -1.0 -1.0  0.0000     3.782  7.2E-06   0.00  -0.47   1.16   0.79   2.45
 67 -1.0  1.0  0.0000     3.805  3.9E-07   0.00  -0.40   1.46   0.31   2.46
 78 -1.0 -1.0  0.0000     3.978  7.4E-06   0.00   0.97  -0.23  -0.12   2.34
 65 -1.0  1.0  0.0000     4.046  5.6E-07   0.00   0.32  -0.50   0.06   2.07
--------------------------------------------------------------------------------
---------------- Electric Multipole Moments -----------------
Quantisation Axis             : Z
  With secondary axis ordering: X,Y
______________________________________________________________
                     Neutrons        Protons         Total
______________________________________________________________
 Particles           18.0000         18.0000         36.0000

Re  Q_{ 2 0}          5.6718          5.8797         11.5514
Re  Q_{ 2 2}          6.9039          7.1471         14.0510

Re  Q_{ 4 0}         -8.1424         -9.0861        -17.2286
Re  Q_{ 4 2}         -8.2351         -9.1411        -17.3762
Re  Q_{ 4 4}        -10.6803        -11.9067        -22.5869

Re  Q_{ 6 0}        -69.3748        -79.5477       -148.9225
Re  Q_{ 6 2}        -69.0351        -78.2695       -147.3047
Re  Q_{ 6 4}        -71.4524        -79.6121       -151.0645
Re  Q_{ 6 6}        -99.3959       -112.7782       -212.1741

Re  Q_{ 8 0}        -20.1170       -170.3118       -190.4288
Re  Q_{ 8 2}        -99.1770        -88.4751       -187.6521
Re  Q_{ 8 4}        -74.3855       -127.7979       -202.1834
Re  Q_{ 8 6}       -113.1417       -108.4200       -221.5617
Re  Q_{ 8 8}       -109.0211       -187.2317       -296.2529

Re  Q_{10 0}       7221.5273       9212.0938      16433.6211
Re  Q_{10 2}        358.0853        393.9680        752.0533
Re  Q_{10 4}      -6642.5730      -8329.1596     -14971.7326
Re  Q_{10 6}        371.5301       1160.0015       1531.5317
Re  Q_{10 8}      -7630.1264      -9270.7715     -16900.8980
Re  Q_{1010}        726.7088       1061.7362       1788.4451

 RMS radius           3.2654          3.3124          3.2890
______________________________________________________________
                     Neutrons        Protons         Total
______________________________________________________________

Beta_{ 2 0}       0.04203449      0.04357551      0.08561000
Beta_{ 2 2}       0.05116590      0.05296860      0.10413450

Beta_{ 4 0}      -0.00384367     -0.00428913     -0.00813280
Beta_{ 4 2}      -0.00388738     -0.00431509     -0.00820248
Beta_{ 4 4}      -0.00504165     -0.00562058     -0.01066224

Beta_{ 6 0}      -0.00208591     -0.00239178     -0.00447769
Beta_{ 6 2}      -0.00207570     -0.00235335     -0.00442904
Beta_{ 6 4}      -0.00214838     -0.00239372     -0.00454209
Beta_{ 6 6}      -0.00298856     -0.00339093     -0.00637949

Beta_{ 8 0}      -0.00003853     -0.00032617     -0.00036469
Beta_{ 8 2}      -0.00018994     -0.00016944     -0.00035938
Beta_{ 8 4}      -0.00014246     -0.00024475     -0.00038721
Beta_{ 8 6}      -0.00021668     -0.00020764     -0.00042432
Beta_{ 8 8}      -0.00020879     -0.00035857     -0.00056736

Beta_{10 0}       0.00088090      0.00112372      0.00200462
Beta_{10 2}       0.00004368      0.00004806      0.00009174
Beta_{10 4}      -0.00081028     -0.00101601     -0.00182629
Beta_{10 6}       0.00004532      0.00014150      0.00018682
Beta_{10 8}      -0.00093074     -0.00113087     -0.00206162
Beta_{1010}       0.00008865      0.00012951      0.00021816

______________________________________________________________
                     Neutrons        Protons         Total
______________________________________________________________
Q_{ 2}               11.2914         11.6933         22.9847
Q_{ 4}               20.7381         23.0914         43.8295
Q_{ 6}              210.5102        238.1053        448.6111
Q_{ 8}              283.7544        413.4581        679.8211
Q_{10}            16075.5839      20019.0679      36081.4299
______________________________________________________________
                     Neutrons        Protons         Total
______________________________________________________________
Beta_{   2}       0.08368272      0.08666123      0.17034394
Beta_{   4}       0.00978948      0.01090040      0.02068986
Beta_{   6}       0.00632946      0.00715917      0.01348850
Beta_{   8}       0.00054342      0.00079182      0.00130194
Beta_{  10}       0.00196094      0.00244198      0.00440131
______________________________________________________________
 Cart. Moments X              Y              Z
 Cart. N       17.8178261    -35.8010328     17.9832067
 Cart. P       18.4327473    -37.0752296     18.6424823
 Cart. T       36.2505734    -72.8762624     36.6256890
 (Q, gamma)    Q              Gamma
 (Q,g) N       35.8011602     59.8471906
 (Q,g) P       37.0754273     59.8128682
 (Q,g) T       72.8765842     59.8297294
 (iq1, iq2)    iq1            iq2
 iq    N        0.1102537     35.7459060
 iq    P        0.1398233     37.0053179
 iq    T        0.2500771     72.7512239
               X^2            Y^2            Z^2
 X^2_i N       69.9161908     52.0432378     69.9713177
 X^2_i P       71.9746873     53.4720284     72.0445990
 X^2_i T      141.8908781    105.5152662    142.0159166
------------------------------------------------------------
------------------------- Angular Momentum (hbar) --------------------------

               Spwfs(*)    Desired     Omega       E (MeV)      Densit. 
  __________________________________________________________________________
   J_x   |     0.00000     0.00000     0.00000    -0.00000     0.00000
   J_y   |     0.00000     0.00000     0.00000    -0.00000     0.00000
   J_z   |     1.72588     0.00000     0.50000    -0.86294     1.72588
  __________________________________________________________________________
   Size  |     1.72588     0.00000     0.50000                 1.72588
  --------------------------------------------------------------------------
---------------------Rotational properties--------------------
                Rigid rotor          (hbar^2/MeV)
              n              p              t 
 I_R X       2.9421631      3.0266093      5.9687724
 I_R Y       3.3731374      3.4727679      6.8459053
 I_R Z       2.9408338      3.0249235      5.9657573

                Belyaev                 (hbar^2/MeV) 
              n              p              t 
 I_B X       1.4248768      1.4578991      2.8827759
 I_B Y       0.0677400      0.0700831      0.1378232
 I_B Z       1.2855144      1.3114187      2.5969332

                Belyaev (collective)    (hbar^2/MeV) 
              n              p              t 
 I_B X       0.0000000      0.0000000      0.0000000
 I_B Y       0.0000000      0.0000000      0.0000000
 I_B Z       0.0000000      0.0000000      0.0000000

                 <J^2> - <J>^2          (hbar^2)
              n              p              t 
 J2_X        2.1785863      2.1740177      4.3526040
 J2_Y        0.0903018      0.0919628      0.1822646
 J2_Z        2.0313604      2.0202941      4.0516545
 J2_t        4.3002485      4.2862746      8.5865231

                 <J^2> - <J>^2 (coll.)  (hbar^2)
              n              p              t 
 J2_X        0.0000000      0.0000000      0.0000000
 J2_Y        0.0000000      0.0000000      0.0000000
 J2_Z        0.0000000      0.0000000      0.0000000
 J2_t        0.0000000      0.0000000      0.0000000
--------------------------------------------------------------------------------
 Skyrme Energy 
                                    Isoscalar      Isovector   |   Total
--------------------------------------------------------------------------------
                 E_D_I_I_D_I_I   -3570.798952       0.516357   -3570.282595
              E_D_I_I_D_I_I_DD    2398.871370      -0.433549    2398.437821
               E_D_I_Sm_D_I_Sm      -0.039354       0.000231      -0.039123
            E_D_I_Sm_D_I_Sm_DD       0.252017      -0.000155       0.251862
               E_D_I_I_D_Nm_Nm     135.250610       0.005881     135.256491
             E_D_I_I_Lap_D_I_I      96.189082      -0.019874      96.169208
           E_C_I_NmSk_C_I_NmSk       0.059589       0.000490       0.060079
               E_C_I_Nm_C_I_Nm      -0.091418      -0.000005      -0.091423
           E_D_I_Sm_Lap_D_I_Sm      -0.165193      -0.000033      -0.165226
            E_D_I_Sm_D_Nk_NkSm      -0.000476      -0.000010      -0.000486
       E_D_I_I_Derm_C_I_NxmSxm     -15.196724      -0.001559     -15.198283
        E_C_I_Nm_Derxm_D_I_Sxm      -0.098460      -0.000015      -0.098475
               E_DP_I_I_DP_I_I                                     0.000000
               E_CP_I_I_CP_I_I                                     0.000000
--------------------------------------------------------------------------------
                 Total Skyrme:                                  -955.700150
                    time-even:                                  -955.557278
                    time-odd :                                    -0.142872
--------------------------------------------------------------------------------
--------------------------------------------------------------------------------
                                     neutron        proton         total
                Kinetic Energy:     306.493673     298.294023     604.787696
                    COM 1-body:      -8.513713      -8.285945     -16.799658

                Coulomb Direct:       0.000000      66.924982      66.924982
                      Exchange:       0.000000      -6.754273      -6.754273

               Pairing (delta):       0.000000       0.000000       0.000000
               Pairing (densi):                                     0.000000
--------------------------------------------------------------------------------
                  Total energy:                                  -307.541403
                    from spwfs:                                  -307.541567
                   E_fu - E_sp:                                 0.163476E-03
                      Routhian:                                  -307.110159
--------------------------------------------------------------------------------
--------------------------------------------------------------------------------
Convergence report
                        Change^(i)     Change^(i-1)   rate (approx)
  Con.  Energy      :       6.75E-05       7.59E-05       1.60E+00
  Con.  Routhian    :       1.09E-04       1.21E-04       1.59E+00
  Con.  E_fu - E_sp :       1.56E-05       1.39E-05       2.29E-01
  Con.  |delta rho| :       3.57E-06       0.00E+00      -5.96E-03
--------------------------------------------------------------------------------
--------------------------------------------------------------------------------
 Iteration =  121
 dt  =   0.0371      mu  =   0.9248  D2H =  0.1E-05
 E   =   -307.541    DE  =  0.18997E-06
 dmun=  0.0E+00      dmup=  0.0E+00
 Q20 =      11.5518  Q22 =      14.0511 dQ20=  0.3E-03      dQ22=  0.9E-04
 Jz  =    1.726      dJZ =  0.6E-04
--------------------------------------------------------------------------------
 Iteration =  122
 dt  =   0.0371      mu  =   0.9248  D2H =  0.1E-05
 E   =   -307.541    DE  =  0.15910E-06
 dmun=  0.0E+00      dmup=  0.0E+00
 Q20 =      11.5521  Q22 =      14.0511 dQ20=  0.3E-03      dQ22=  0.8E-04
 Jz  =    1.726      dJZ =  0.1E-03
--------------------------------------------------------------------------------
 Iteration =  123
 dt  =   0.0371      mu  =   0.9248  D2H =  0.1E-05
 E   =   -307.541    DE  =  0.12736E-06
 dmun=  0.0E+00      dmup=  0.0E+00
 Q20 =      11.5524  Q22 =      14.0512 dQ20=  0.3E-03      dQ22=  0.7E-04
 Jz  =    1.726      dJZ =  0.9E-04
--------------------------------------------------------------------------------
 Iteration =  124
 dt  =   0.0371      mu  =   0.9248  D2H =  0.1E-05
 E   =   -307.541    DE  =  0.95337E-07
 dmun=  0.0E+00      dmup=  0.0E+00
 Q20 =      11.5526  Q22 =      14.0513 dQ20=  0.3E-03      dQ22=  0.6E-04
 Jz  =    1.726      dJZ =  0.7E-04
--------------------------------------------------------------------------------
 Iteration =  125
 dt  =   0.0371      mu  =   0.9248  D2H =  0.1E-05
 E   =   -307.541    DE  =  0.63602E-07
 dmun=  0.0E+00      dmup=  0.0E+00
 Q20 =      11.5529  Q22 =      14.0513 dQ20=  0.3E-03      dQ22=  0.5E-04
 Jz  =    1.726      dJZ =  0.5E-04
--------------------------------------------------------------------------------
 Iteration =  126
 dt  =   0.0371      mu  =   0.9248  D2H =  0.1E-05
 E   =   -307.541    DE  =  0.32746E-07
 dmun=  0.0E+00      dmup=  0.0E+00
 Q20 =      11.5531  Q22 =      14.0513 dQ20=  0.2E-03      dQ22=  0.4E-04
 Jz  =    1.726      dJZ =  0.3E-04
--------------------------------------------------------------------------------
 Iteration =  127
 dt  =   0.0371      mu  =   0.9248  D2H =  0.1E-05
 E   =   -307.541    DE  =  0.33176E-08
 dmun=  0.0E+00      dmup=  0.0E+00
 Q20 =      11.5534  Q22 =      14.0514 dQ20=  0.2E-03      dQ22=  0.3E-04
 Jz  =    1.726      dJZ =  0.1E-04
--------------------------------------------------------------------------------
 Iteration =  128
 dt  =   0.0371      mu  =   0.9248  D2H =  0.9E-06
 E   =   -307.541    DE  =  0.24189E-07
 dmun=  0.0E+00      dmup=  0.0E+00
 Q20 =      11.5535  Q22 =      14.0514 dQ20=  0.2E-03      dQ22=  0.2E-04
 Jz  =    1.726      dJZ = -0.6E-05
--------------------------------------------------------------------------------
 Iteration =  129
 dt  =   0.0371      mu  =   0.9248  D2H =  0.9E-06
 E   =   -307.541    DE  =  0.49350E-07
 dmun=  0.0E+00      dmup=  0.0E+00
 Q20 =      11.5537  Q22 =      14.0514 dQ20=  0.2E-03      dQ22=  0.2E-04
 Jz  =    1.726      dJZ = -0.2E-04
--------------------- Sp wavefunctions -----------------------------------------
________________________________________________________________________________
   Neutron wavefunctions
  i    P   Rz   occ       E        d2h    Delta   JxT    JyT    Jz     J
--------------------- Sp wavefunctions -----------------------------------------
  1  1.0  1.0  1.0000   -46.647  2.9E-10   0.00  -0.50   0.50   0.50   0.50
  8  1.0 -1.0  1.0000   -45.693  1.4E-09   0.00   0.50   0.50  -0.50   0.50
 29 -1.0 -1.0  1.0000   -34.054  1.3E-06   0.00  -0.39   0.53   1.30   1.49
 16 -1.0  1.0  1.0000   -33.665  7.5E-09   0.00  -0.68   1.24   0.45   1.50
 28 -1.0 -1.0  1.0000   -32.693  1.3E-06   0.00   1.32   0.47  -0.37   1.48
 15 -1.0  1.0  1.0000   -31.739  3.1E-07   0.00  -0.17  -0.25  -1.25   1.42
 17 -1.0  1.0  1.0000   -28.595  3.2E-07   0.00   0.35  -0.50   0.31   0.68
 30 -1.0 -1.0  1.0000   -28.059  6.6E-08   0.00  -0.43  -0.50  -0.44   0.58
  2  1.0  1.0  1.0000   -21.500  3.2E-06   0.00  -0.48   0.90   1.81   2.48
  9  1.0 -1.0  1.0000   -21.366  1.8E-06   0.00  -0.68   1.42   1.14   2.50
  4  1.0  1.0  1.0000   -20.683  3.3E-06   0.00  -0.11   1.21   0.91   2.43
 11  1.0 -1.0  1.0000   -19.908  1.8E-06   0.00   2.07   0.06  -0.21   2.46
  3  1.0  1.0  1.0000   -19.070  3.9E-07   0.00  -0.73  -0.60  -1.24   2.42
 10  1.0 -1.0  1.0000   -18.343  2.9E-07   0.00   0.03   0.03  -2.15   2.29
  5  1.0  1.0  1.0000   -15.612  7.8E-07   0.00  -0.48   0.48   0.38   0.99
 12  1.0 -1.0  1.0000   -15.022  5.0E-07   0.00   0.24   0.44  -0.20   1.20
  6  1.0  1.0  1.0000   -13.850  8.6E-07   0.00   0.26  -1.44   0.23   1.53
 13  1.0 -1.0  1.0000   -13.834  2.0E-07   0.00   0.24  -1.36   0.19   1.51
 14  1.0 -1.0  0.0000   -11.556  2.3E-07   0.00  -0.91   0.41   0.24   1.45
  7  1.0  1.0  0.0000   -10.823  8.2E-08   0.00   0.53   0.44  -1.08   1.48
 31 -1.0 -1.0  0.0000    -9.461  1.3E-06   0.00  -0.63   1.35   2.03   3.48
 18 -1.0  1.0  0.0000    -9.424  3.6E-07   0.00  -0.73   1.62   1.67   3.49
 33 -1.0 -1.0  0.0000    -8.794  1.8E-06   0.00  -0.14   0.99   2.19   3.35
 20 -1.0  1.0  0.0000    -8.287  1.1E-06   0.00   0.60   1.20   0.89   3.41
 32 -1.0 -1.0  0.0000    -7.642  5.9E-07   0.00   2.32  -0.59  -0.13   3.41
 19 -1.0  1.0  0.0000    -6.951  9.1E-07   0.00  -1.52  -0.77  -1.10   3.32
 34 -1.0 -1.0  0.0000    -6.229  6.6E-07   0.00   0.36   0.31  -1.99   3.18
 21 -1.0  1.0  0.0000    -5.528  3.6E-07   0.00   0.01   0.02  -2.88   3.05
 36 -1.0 -1.0  0.0000    -4.476  1.8E-06   0.00  -0.71   0.99   0.83   1.94
 23 -1.0  1.0  0.0000    -4.342  3.8E-07   0.00  -0.73   1.26   0.26   1.99
 35 -1.0 -1.0  0.0000    -3.094  3.5E-06   0.00   1.07  -0.09  -0.26   1.77
 22 -1.0  1.0  0.0000    -2.842  3.9E-06   0.00   0.31  -0.38  -0.07   1.33
 37 -1.0 -1.0  0.0000    -1.164  2.8E-06   0.00   0.01  -0.47  -0.16   1.40
 24 -1.0  1.0  0.0000    -0.925  7.5E-04   0.00   0.27  -1.20   0.35   2.35
 40 -1.0 -1.0  0.0000    -0.893  5.5E-07   0.00   0.63  -2.06   0.66   2.49
 27 -1.0  1.0  0.0000    -0.810  7.5E-04   0.00   0.19  -1.27  -0.31   2.21
 26 -1.0  1.0  0.0000     0.527  1.5E-06   0.00  -1.08   0.19   0.99   2.34
 39 -1.0 -1.0  0.0000     0.808  9.1E-07   0.00  -1.47   0.70   0.00   2.44
 25 -1.0  1.0  0.0000     1.038  8.9E-08   0.00   0.53  -0.50   0.52   2.22
 38 -1.0 -1.0  0.0000     1.056  2.1E-07   0.00  -0.56  -0.46  -0.45   2.23
________________________________________________________________________________
   Proton  wavefunctions
  i    P   Rz   occ       E        d2h    Delta   JxT    JyT    Jz     J
--------------------- Sp wavefunctions -----------------------------------------
 41  1.0  1.0  1.0000   -39.312  4.8E-10   0.00  -0.50   0.50   0.50   0.51
 48  1.0 -1.0  1.0000   -38.381  2.2E-09   0.00   0.50   0.50  -0.50   0.50
 69 -1.0 -1.0  1.0000   -27.129  1.1E-06   0.00  -0.40   0.54   1.30   1.49
 56 -1.0  1.0  1.0000   -26.749  1.4E-08   0.00  -0.68   1.24   0.44   1.50
 68 -1.0 -1.0  1.0000   -25.793  1.1E-06   0.00   1.32   0.46  -0.36   1.48
 55 -1.0  1.0  1.0000   -24.851  2.6E-07   0.00  -0.17  -0.25  -1.24   1.42
 57 -1.0  1.0  1.0000   -21.746  2.6E-07   0.00   0.35  -0.50   0.30   0.69
 70 -1.0 -1.0  1.0000   -21.223  3.4E-08   0.00  -0.42  -0.50  -0.44   0.58
 42  1.0  1.0  1.0000   -14.932  3.3E-06   0.00  -0.48   0.90   1.81   2.48
 49  1.0 -1.0  1.0000   -14.799  1.8E-06   0.00  -0.68   1.41   1.14   2.50
 44  1.0  1.0  1.0000   -14.120  3.3E-06   0.00  -0.10   1.21   0.91   2.43
 51  1.0 -1.0  1.0000   -13.357  1.8E-06   0.00   2.06   0.06  -0.21   2.46
 43  1.0  1.0  1.0000   -12.526  4.1E-07   0.00  -0.74  -0.60  -1.24   2.42
 50  1.0 -1.0  1.0000   -11.791  3.2E-07   0.00   0.04   0.04  -2.15   2.29
 45  1.0  1.0  1.0000    -9.128  5.0E-07   0.00  -0.47   0.48   0.38   0.98
 52  1.0 -1.0  1.0000    -8.554  5.2E-07   0.00   0.24   0.43  -0.17   1.20
 46  1.0  1.0  1.0000    -7.471  6.0E-07   0.00   0.26  -1.43   0.23   1.54
 53  1.0 -1.0  1.0000    -7.453  1.3E-07   0.00   0.24  -1.35   0.17   1.51
 54  1.0 -1.0  0.0000    -5.214  2.6E-07   0.00  -0.90   0.41   0.23   1.45
 47  1.0  1.0  0.0000    -4.494  1.1E-07   0.00   0.53   0.44  -1.08   1.48
 71 -1.0 -1.0  0.0000    -3.247  8.7E-07   0.00  -0.61   1.29   2.08   3.48
 58 -1.0  1.0  0.0000    -3.207  2.7E-07   0.00  -0.73   1.57   1.69   3.49
 73 -1.0 -1.0  0.0000    -2.602  1.4E-06   0.00  -0.17   1.02   2.15   3.34
 60 -1.0  1.0  0.0000    -2.093  7.7E-07   0.00   0.56   1.24   0.87   3.40
 72 -1.0 -1.0  0.0000    -1.457  5.7E-07   0.00   2.34  -0.54  -0.15   3.40
 59 -1.0  1.0  0.0000    -0.783  1.1E-06   0.00  -1.44  -0.75  -1.08   3.29
 74 -1.0 -1.0  0.0000    -0.085  4.3E-07   0.00   0.37   0.33  -1.92   3.12
 61 -1.0  1.0  0.0000     0.592  9.2E-07   0.00   0.02   0.04  -2.75   2.96
 76 -1.0 -1.0  0.0000     1.292  5.6E-07   0.00  -0.75   0.88   0.88   1.99
 63 -1.0  1.0  0.0000     1.442  5.6E-07   0.00  -0.81   1.19   0.23   2.06
 75 -1.0 -1.0  0.0000     2.445  7.2E-07   0.00   0.99  -0.03  -0.38   1.83
 62 -1.0  1.0  0.0000     2.550  1.1E-06   0.00   0.41  -0.39   0.07   1.32
 66 -1.0  1.0  0.0000     2.776  1.5E-08   0.00   0.50  -0.50   0.50   2.17
 79 -1.0 -1.0  0.0000     2.778  8.1E-09   0.00  -0.49  -0.50  -0.49   2.17
 77 -1.0 -1.0  0.0000     3.267  4.8E-07   0.00   0.19  -0.47  -0.09   1.70
 64 -1.0  1.0  0.0000     3.447  3.7E-07   0.00  -0.54  -0.45  -1.13   2.25
 80 -1.0 -1.0  0.0000     3.782  4.7E-06   0.00  -0.47   1.16   0.79   2.45
 67 -1.0  1.0  0.0000     3.805  2.5E-07   0.00  -0.40   1.46   0.31   2.46
 78 -1.0 -1.0  0.0000     3.978  4.9E-06   0.00   0.97  -0.23  -0.12   2.34
 65 -1.0  1.0  0.0000     4.046  4.5E-07   0.00   0.32  -0.50   0.06   2.07
--------------------------------------------------------------------------------
---------------- Electric Multipole Moments -----------------
Quantisation Axis             : Z
  With secondary axis ordering: X,Y
______________________________________________________________
                     Neutrons        Protons         Total
______________________________________________________________
 Particles           18.0000         18.0000         36.0000

Re  Q_{ 2 0}          5.6729          5.8809         11.5538
Re  Q_{ 2 2}          6.9041          7.1473         14.0514

Re  Q_{ 4 0}         -8.1467         -9.0909        -17.2376
Re  Q_{ 4 2}         -8.2384         -9.1455        -17.3839
Re  Q_{ 4 4}        -10.6826        -11.9098        -22.5924

Re  Q_{ 6 0}        -69.4102        -79.6001       -149.0103
Re  Q_{ 6 2}        -69.0722        -78.3111       -147.3833
Re  Q_{ 6 4}        -71.4785        -79.6576       -151.1361
Re  Q_{ 6 6}        -99.4160       -112.7996       -212.2155

Re  Q_{ 8 0}        -20.6116       -170.2292       -190.8408
Re  Q_{ 8 2}        -99.1337        -88.4302       -187.5639
Re  Q_{ 8 4}        -73.9597       -128.3942       -202.3539
Re  Q_{ 8 6}       -112.3416       -108.8390       -221.1806
Re  Q_{ 8 8}       -109.2856       -186.9598       -296.2454

Re  Q_{10 0}       7332.4745       9260.1277      16592.6022
Re  Q_{10 2}        372.2482        314.8384        687.0866
Re  Q_{10 4}      -6660.0455      -8316.2092     -14976.2548
Re  Q_{10 6}        372.8177       1137.1103       1509.9281
Re  Q_{10 8}      -7750.3353      -9256.0854     -17006.4208
Re  Q_{1010}        790.5270        907.3798       1697.9068

 RMS radius           3.2654          3.3124          3.2890
______________________________________________________________
                     Neutrons        Protons         Total
______________________________________________________________

Beta_{ 2 0}       0.04204335      0.04358437      0.08562771
Beta_{ 2 2}       0.05116781      0.05297007      0.10413789

Beta_{ 4 0}      -0.00384567     -0.00429141     -0.00813709
Beta_{ 4 2}      -0.00388897     -0.00431716     -0.00820613
Beta_{ 4 4}      -0.00504278     -0.00562206     -0.01066484

Beta_{ 6 0}      -0.00208697     -0.00239336     -0.00448033
Beta_{ 6 2}      -0.00207681     -0.00235460     -0.00443141
Beta_{ 6 4}      -0.00214916     -0.00239508     -0.00454425
Beta_{ 6 6}      -0.00298916     -0.00339157     -0.00638074

Beta_{ 8 0}      -0.00003947     -0.00032601     -0.00036548
Beta_{ 8 2}      -0.00018985     -0.00016935     -0.00035921
Beta_{ 8 4}      -0.00014164     -0.00024589     -0.00038753
Beta_{ 8 6}      -0.00021515     -0.00020844     -0.00042359
Beta_{ 8 8}      -0.00020930     -0.00035805     -0.00056735

Beta_{10 0}       0.00089444      0.00112958      0.00202401
Beta_{10 2}       0.00004541      0.00003840      0.00008381
Beta_{10 4}      -0.00081241     -0.00101443     -0.00182685
Beta_{10 6}       0.00004548      0.00013871      0.00018419
Beta_{10 8}      -0.00094541     -0.00112908     -0.00207449
Beta_{1010}       0.00009643      0.00011068      0.00020712

______________________________________________________________
                     Neutrons        Protons         Total
______________________________________________________________
Q_{ 2}               11.2923         11.6941         22.9864
Q_{ 4}               20.7449         23.1000         43.8449
Q_{ 6}              210.5829        238.2007        448.7793
Q_{ 8}              283.1039        413.7484        679.7347
Q_{10}            16260.9342      19996.2455      36243.5825
______________________________________________________________
                     Neutrons        Protons         Total
______________________________________________________________
Beta_{   2}       0.08368950      0.08666749      0.17035699
Beta_{   4}       0.00979268      0.01090446      0.02069712
Beta_{   6}       0.00633165      0.00716204      0.01349356
Beta_{   8}       0.00054218      0.00079238      0.00130177
Beta_{  10}       0.00198355      0.00243920      0.00442109
______________________________________________________________
 Cart. Moments X              Y              Z
 Cart. N       17.8169336    -35.8039271     17.9869936
 Cart. P       18.4316255    -37.0778995     18.6462740
 Cart. T       36.2485591    -72.8818267     36.6332676
 (Q, gamma)    Q              Gamma
 (Q,g) N       35.8040618     59.8428796
 (Q,g) P       37.0781066     59.8084981
 (Q,g) T       72.8821651     59.8253884
 (iq1, iq2)    iq1            iq2
 iq    N        0.1133733     35.7472405
 iq    P        0.1430990     37.0063501
 iq    T        0.2564723     72.7535905
               X^2            Y^2            Z^2
 X^2_i N       69.9161177     52.0424975     69.9728044
 X^2_i P       71.9745278     53.4713528     72.0460773
 X^2_i T      141.8906455    105.5138503    142.0188817
------------------------------------------------------------
------------------------- Angular Momentum (hbar) --------------------------

               Spwfs(*)    Desired     Omega       E (MeV)      Densit. 
  __________________________________________________________________________
   J_x   |     0.00000     0.00000     0.00000    -0.00000     0.00000
   J_y   |     0.00000     0.00000     0.00000    -0.00000     0.00000
   J_z   |     1.72621     0.00000     0.50000    -0.86310     1.72621
  __________________________________________________________________________
   Size  |     1.72621     0.00000     0.50000                 1.72621
  --------------------------------------------------------------------------
---------------------Rotational properties--------------------
                Rigid rotor          (hbar^2/MeV)
              n              p              t 
 I_R X       2.9421811      3.0266286      5.9688097
 I_R Y       3.3731715      3.4727997      6.8459712
 I_R Z       2.9408142      3.0249034      5.9657175

                Belyaev                 (hbar^2/MeV) 
              n              p              t 
 I_B X       1.4250954      1.4581566      2.8832520
 I_B Y       0.0677296      0.0700870      0.1378166
 I_B Z       1.2852848      1.3110858      2.5963706

                Belyaev (collective)    (hbar^2/MeV) 
              n              p              t 
 I_B X       0.0000000      0.0000000      0.0000000
 I_B Y       0.0000000      0.0000000      0.0000000
 I_B Z       0.0000000      0.0000000      0.0000000

                 <J^2> - <J>^2          (hbar^2)
              n              p              t 
 J2_X        2.1789648      2.1743627      4.3533275
 J2_Y        0.0903025      0.0919805      0.1822831
 J2_Z        2.0314168      2.0202628      4.0516797
 J2_t        4.3006842      4.2866060      8.5872902

                 <J^2> - <J>^2 (coll.)  (hbar^2)
              n              p              t 
 J2_X        0.0000000      0.0000000      0.0000000
 J2_Y        0.0000000      0.0000000      0.0000000
 J2_Z        0.0000000      0.0000000      0.0000000
 J2_t        0.0000000      0.0000000      0.0000000
--------------------------------------------------------------------------------
 Skyrme Energy 
                                    Isoscalar      Isovector   |   Total
--------------------------------------------------------------------------------
                 E_D_I_I_D_I_I   -3570.788449       0.516351   -3570.272098
              E_D_I_I_D_I_I_DD    2398.862564      -0.433543    2398.429020
               E_D_I_Sm_D_I_Sm      -0.039367       0.000230      -0.039137
            E_D_I_Sm_D_I_Sm_DD       0.252103      -0.000155       0.251948
               E_D_I_I_D_Nm_Nm     135.249366       0.005881     135.255247
             E_D_I_I_Lap_D_I_I      96.189329      -0.019874      96.169455
           E_C_I_NmSk_C_I_NmSk       0.059581       0.000490       0.060071
               E_C_I_Nm_C_I_Nm      -0.091450      -0.000005      -0.091455
           E_D_I_Sm_Lap_D_I_Sm      -0.165273      -0.000033      -0.165306
            E_D_I_Sm_D_Nk_NkSm      -0.000476      -0.000010      -0.000486
       E_D_I_I_Derm_C_I_NxmSxm     -15.195599      -0.001559     -15.197158
        E_C_I_Nm_Derxm_D_I_Sxm      -0.098490      -0.000015      -0.098504
               E_DP_I_I_DP_I_I                                     0.000000
               E_CP_I_I_CP_I_I                                     0.000000
--------------------------------------------------------------------------------
                 Total Skyrme:                                  -955.698403
                    time-even:                                  -955.555462
                    time-odd :                                    -0.142941
--------------------------------------------------------------------------------
--------------------------------------------------------------------------------
                                     neutron        proton         total
                Kinetic Energy:     306.492852     298.293310     604.786162
                    COM 1-body:      -8.513690      -8.285925     -16.799616

                Coulomb Direct:       0.000000      66.924884      66.924884
                      Exchange:       0.000000      -6.754269      -6.754269

               Pairing (delta):       0.000000       0.000000       0.000000
               Pairing (densi):                                     0.000000
--------------------------------------------------------------------------------
                  Total energy:                                  -307.541241
                    from spwfs:                                  -307.541211
                   E_fu - E_sp:                                -0.308188E-04
                      Routhian:                                  -307.109826
--------------------------------------------------------------------------------
--------------------------------------------------------------------------------
Convergence report
                        Change^(i)     Change^(i-1)   rate (approx)
  Con.  Energy      :      -2.21E-05      -1.52E-05       1.24E+00
  Con.  Routhian    :      -2.58E-05      -1.47E-05       5.67E-01
  Con.  E_fu - E_sp :       1.69E-05       1.82E-05       9.71E-01
  Con.  |delta rho| :       9.95E-07       0.00E+00       7.52E-01
--------------------------------------------------------------------------------
--------------------------------------------------------------------------------
 Iteration =  131
 dt  =   0.0371      mu  =   0.9248  D2H =  0.9E-06
 E   =   -307.541    DE  =  0.91361E-07
 dmun=  0.0E+00      dmup=  0.0E+00
 Q20 =      11.5539  Q22 =      14.0514 dQ20=  0.1E-03      dQ22=  0.7E-05
 Jz  =    1.726      dJZ = -0.2E-04
--------------------------------------------------------------------------------
 Iteration =  132
 dt  =   0.0371      mu  =   0.9248  D2H =  0.8E-06
 E   =   -307.541    DE  =  0.10782E-06
 dmun=  0.0E+00      dmup=  0.0E+00
 Q20 =      11.5540  Q22 =      14.0514 dQ20=  0.8E-04      dQ22=  0.3E-05
 Jz  =    1.726      dJZ = -0.6E-04
--------------------------------------------------------------------------------
 Iteration =  133
 dt  =   0.0371      mu  =   0.9248  D2H =  0.8E-06
 E   =   -307.541    DE  =  0.12115E-06
 dmun=  0.0E+00      dmup=  0.0E+00
 Q20 =      11.5541  Q22 =      14.0514 dQ20=  0.6E-04      dQ22=  0.1E-05
 Jz  =    1.726      dJZ = -0.7E-04
--------------------------------------------------------------------------------
 Iteration =  134
 dt  =   0.0371      mu  =   0.9248  D2H =  0.8E-06
 E   =   -307.541    DE  =  0.13139E-06
 dmun=  0.0E+00      dmup=  0.0E+00
 Q20 =      11.5541  Q22 =      14.0514 dQ20=  0.4E-04      dQ22=  0.4E-05
 Jz  =    1.726      dJZ = -0.8E-04
--------------------------------------------------------------------------------
 Iteration =  135
 dt  =   0.0371      mu  =   0.9248  D2H =  0.7E-06
 E   =   -307.541    DE  =  0.13867E-06
 dmun=  0.0E+00      dmup=  0.0E+00
 Q20 =      11.5541  Q22 =      14.0514 dQ20=  0.2E-04      dQ22=  0.7E-05
 Jz  =    1.726      dJZ = -0.8E-04
--------------------------------------------------------------------------------
 Iteration =  136
 dt  =   0.0371      mu  =   0.9248  D2H =  0.7E-06
 E   =   -307.541    DE  =  0.14316E-06
 dmun=  0.0E+00      dmup=  0.0E+00
 Q20 =      11.5541  Q22 =      14.0514 dQ20=  0.3E-06      dQ22=  0.9E-05
 Jz  =    1.726      dJZ = -0.9E-04
--------------------------------------------------------------------------------
 Iteration =  137
 dt  =   0.0371      mu  =   0.9248  D2H =  0.6E-06
 E   =   -307.542    DE  =  0.14509E-06
 dmun=  0.0E+00      dmup=  0.0E+00
 Q20 =      11.5541  Q22 =      14.0514 dQ20=  0.1E-04      dQ22=  0.1E-04
 Jz  =    1.726      dJZ = -0.9E-04
--------------------------------------------------------------------------------
 Iteration =  138
 dt  =   0.0371      mu  =   0.9248  D2H =  0.6E-06
 E   =   -307.542    DE  =  0.14471E-06
 dmun=  0.0E+00      dmup=  0.0E+00
 Q20 =      11.5541  Q22 =      14.0514 dQ20=  0.3E-04      dQ22=  0.1E-04
 Jz  =    1.726      dJZ = -0.9E-04
--------------------------------------------------------------------------------
 Iteration =  139
 dt  =   0.0371      mu  =   0.9248  D2H =  0.5E-06
 E   =   -307.542    DE  =  0.14227E-06
 dmun=  0.0E+00      dmup=  0.0E+00
 Q20 =      11.5540  Q22 =      14.0514 dQ20=  0.3E-04      dQ22=  0.9E-05
 Jz  =    1.726      dJZ = -0.9E-04
--------------------- Sp wavefunctions -----------------------------------------
________________________________________________________________________________
   Neutron wavefunctions
  i    P   Rz   occ       E        d2h    Delta   JxT    JyT    Jz     J
--------------------- Sp wavefunctions -----------------------------------------
  1  1.0  1.0  1.0000   -46.647  1.2E-10   0.00  -0.50   0.50   0.50   0.50
  8  1.0 -1.0  1.0000   -45.693  3.6E-10   0.00   0.50   0.50  -0.50   0.50
 29 -1.0 -1.0  1.0000   -34.053  9.2E-07   0.00  -0.39   0.53   1.30   1.49
 16 -1.0  1.0  1.0000   -33.665  6.7E-08   0.00  -0.68   1.24   0.45   1.50
 28 -1.0 -1.0  1.0000   -32.693  8.6E-07   0.00   1.32   0.47  -0.37   1.48
 15 -1.0  1.0  1.0000   -31.739  1.3E-06   0.00  -0.17  -0.25  -1.25   1.42
 17 -1.0  1.0  1.0000   -28.595  1.3E-06   0.00   0.35  -0.50   0.31   0.68
 30 -1.0 -1.0  1.0000   -28.059  5.9E-08   0.00  -0.43  -0.50  -0.44   0.58
  2  1.0  1.0  1.0000   -21.500  6.5E-07   0.00  -0.48   0.90   1.81   2.48
  9  1.0 -1.0  1.0000   -21.366  6.0E-07   0.00  -0.68   1.42   1.14   2.50
  4  1.0  1.0  1.0000   -20.683  6.4E-07   0.00  -0.11   1.22   0.91   2.43
 11  1.0 -1.0  1.0000   -19.908  6.2E-07   0.00   2.07   0.06  -0.21   2.46
  3  1.0  1.0  1.0000   -19.071  6.7E-08   0.00  -0.73  -0.60  -1.24   2.42
 10  1.0 -1.0  1.0000   -18.343  1.2E-07   0.00   0.03   0.03  -2.15   2.29
  5  1.0  1.0  1.0000   -15.612  4.7E-07   0.00  -0.48   0.48   0.38   0.99
 12  1.0 -1.0  1.0000   -15.022  1.6E-07   0.00   0.25   0.44  -0.20   1.20
  6  1.0  1.0  1.0000   -13.850  4.5E-07   0.00   0.26  -1.44   0.23   1.53
 13  1.0 -1.0  1.0000   -13.834  9.3E-08   0.00   0.24  -1.36   0.19   1.51
 14  1.0 -1.0  0.0000   -11.556  2.7E-08   0.00  -0.91   0.41   0.24   1.45
  7  1.0  1.0  0.0000   -10.823  1.7E-08   0.00   0.53   0.44  -1.08   1.48
 31 -1.0 -1.0  0.0000    -9.461  1.1E-06   0.00  -0.63   1.35   2.03   3.48
 18 -1.0  1.0  0.0000    -9.424  1.0E-06   0.00  -0.73   1.61   1.67   3.49
 33 -1.0 -1.0  0.0000    -8.794  1.5E-06   0.00  -0.14   1.00   2.19   3.35
 20 -1.0  1.0  0.0000    -8.287  1.2E-06   0.00   0.60   1.20   0.89   3.41
 32 -1.0 -1.0  0.0000    -7.642  7.3E-07   0.00   2.32  -0.59  -0.13   3.41
 19 -1.0  1.0  0.0000    -6.951  4.1E-07   0.00  -1.52  -0.77  -1.10   3.32
 34 -1.0 -1.0  0.0000    -6.229  1.7E-07   0.00   0.36   0.31  -1.99   3.18
 21 -1.0  1.0  0.0000    -5.528  4.8E-07   0.00   0.01   0.02  -2.88   3.05
 36 -1.0 -1.0  0.0000    -4.476  8.6E-07   0.00  -0.71   0.99   0.83   1.94
 23 -1.0  1.0  0.0000    -4.342  3.0E-07   0.00  -0.73   1.26   0.26   1.99
 35 -1.0 -1.0  0.0000    -3.094  8.7E-07   0.00   1.07  -0.09  -0.26   1.77
 22 -1.0  1.0  0.0000    -2.842  6.5E-07   0.00   0.31  -0.38  -0.07   1.33
 37 -1.0 -1.0  0.0000    -1.164  4.8E-07   0.00   0.01  -0.47  -0.16   1.40
 24 -1.0  1.0  0.0000    -0.926  6.1E-04   0.00   0.28  -1.23   0.38   2.36
 40 -1.0 -1.0  0.0000    -0.893  1.4E-07   0.00   0.63  -2.06   0.66   2.49
 27 -1.0  1.0  0.0000    -0.809  6.1E-04   0.00   0.17  -1.24  -0.34   2.20
 26 -1.0  1.0  0.0000     0.527  5.0E-07   0.00  -1.08   0.19   0.99   2.34
 39 -1.0 -1.0  0.0000     0.808  3.0E-07   0.00  -1.47   0.70   0.00   2.44
 25 -1.0  1.0  0.0000     1.038  2.8E-08   0.00   0.53  -0.50   0.52   2.22
 38 -1.0 -1.0  0.0000     1.056  1.0E-07   0.00  -0.56  -0.46  -0.45   2.23
________________________________________________________________________________
   Proton  wavefunctions
  i    P   Rz   occ       E        d2h    Delta   JxT    JyT    Jz     J
--------------------- Sp wavefunctions -----------------------------------------
 41  1.0  1.0  1.0000   -39.312  4.6E-10   0.00  -0.50   0.50   0.50   0.51
 48  1.0 -1.0  1.0000   -38.381  1.3E-10   0.00   0.50   0.50  -0.50   0.50
 69 -1.0 -1.0  1.0000   -27.129  9.4E-07   0.00  -0.40   0.54   1.30   1.49
 56 -1.0  1.0  1.0000   -26.749  5.9E-08   0.00  -0.68   1.25   0.44   1.50
 68 -1.0 -1.0  1.0000   -25.794  8.7E-07   0.00   1.32   0.46  -0.36   1.48
 55 -1.0  1.0  1.0000   -24.851  1.3E-06   0.00  -0.17  -0.25  -1.24   1.42
 57 -1.0  1.0  1.0000   -21.746  1.3E-06   0.00   0.35  -0.50   0.30   0.69
 70 -1.0 -1.0  1.0000   -21.223  7.1E-08   0.00  -0.42  -0.50  -0.44   0.58
 42  1.0  1.0  1.0000   -14.932  6.9E-07   0.00  -0.48   0.89   1.81   2.48
 49  1.0 -1.0  1.0000   -14.799  6.3E-07   0.00  -0.68   1.42   1.14   2.50
 44  1.0  1.0  1.0000   -14.120  6.7E-07   0.00  -0.10   1.22   0.91   2.43
 51  1.0 -1.0  1.0000   -13.357  6.5E-07   0.00   2.06   0.06  -0.21   2.46
 43  1.0  1.0  1.0000   -12.526  6.6E-08   0.00  -0.74  -0.60  -1.24   2.42
 50  1.0 -1.0  1.0000   -11.791  1.4E-07   0.00   0.04   0.04  -2.15   2.29
 45  1.0  1.0  1.0000    -9.128  4.6E-07   0.00  -0.47   0.48   0.38   0.98
 52  1.0 -1.0  1.0000    -8.554  1.9E-07   0.00   0.24   0.43  -0.17   1.20
 46  1.0  1.0  1.0000    -7.471  4.4E-07   0.00   0.26  -1.43   0.23   1.54
 53  1.0 -1.0  1.0000    -7.453  9.5E-08   0.00   0.24  -1.35   0.17   1.51
 54  1.0 -1.0  0.0000    -5.214  3.5E-08   0.00  -0.90   0.41   0.23   1.45
 47  1.0  1.0  0.0000    -4.494  2.4E-08   0.00   0.53   0.44  -1.08   1.48
 71 -1.0 -1.0  0.0000    -3.247  8.9E-07   0.00  -0.61   1.29   2.08   3.48
 58 -1.0  1.0  0.0000    -3.207  8.3E-07   0.00  -0.73   1.57   1.69   3.49
 73 -1.0 -1.0  0.0000    -2.601  1.3E-06   0.00  -0.17   1.02   2.15   3.34
 60 -1.0  1.0  0.0000    -2.093  1.1E-06   0.00   0.56   1.24   0.87   3.40
 72 -1.0 -1.0  0.0000    -1.457  7.3E-07   0.00   2.34  -0.55  -0.15   3.40
 59 -1.0  1.0  0.0000    -0.783  2.6E-07   0.00  -1.44  -0.75  -1.08   3.29
 74 -1.0 -1.0  0.0000    -0.085  2.9E-07   0.00   0.37   0.33  -1.92   3.12
 61 -1.0  1.0  0.0000     0.592  2.0E-07   0.00   0.02   0.04  -2.75   2.96
 76 -1.0 -1.0  0.0000     1.292  7.0E-07   0.00  -0.75   0.88   0.88   1.99
 63 -1.0  1.0  0.0000     1.442  2.1E-07   0.00  -0.81   1.19   0.23   2.06
 75 -1.0 -1.0  0.0000     2.445  9.2E-07   0.00   0.99  -0.03  -0.38   1.83
 62 -1.0  1.0  0.0000     2.550  4.7E-07   0.00   0.41  -0.39   0.07   1.32
 66 -1.0  1.0  0.0000     2.776  8.4E-09   0.00   0.50  -0.50   0.50   2.17
 79 -1.0 -1.0  0.0000     2.778  2.4E-09   0.00  -0.49  -0.50  -0.49   2.17
 77 -1.0 -1.0  0.0000     3.267  3.2E-07   0.00   0.19  -0.47  -0.09   1.70
 64 -1.0  1.0  0.0000     3.447  3.4E-07   0.00  -0.54  -0.45  -1.13   2.25
 80 -1.0 -1.0  0.0000     3.782  3.2E-06   0.00  -0.48   1.15   0.80   2.45
 67 -1.0  1.0  0.0000     3.805  1.2E-07   0.00  -0.40   1.46   0.31   2.46
 78 -1.0 -1.0  0.0000     3.978  3.2E-06   0.00   0.97  -0.22  -0.13   2.34
 65 -1.0  1.0  0.0000     4.046  2.7E-07   0.00   0.32  -0.50   0.06   2.07
--------------------------------------------------------------------------------
---------------- Electric Multipole Moments -----------------
Quantisation Axis             : Z
  With secondary axis ordering: X,Y
______________________________________________________________
                     Neutrons        Protons         Total
______________________________________________________________
 Particles           18.0000         18.0000         36.0000

Re  Q_{ 2 0}          5.6731          5.8809         11.5540
Re  Q_{ 2 2}          6.9041          7.1473         14.0514

Re  Q_{ 4 0}         -8.1455         -9.0896        -17.2351
Re  Q_{ 4 2}         -8.2373         -9.1437        -17.3810
Re  Q_{ 4 4}        -10.6814        -11.9080        -22.5895

Re  Q_{ 6 0}        -69.4047        -79.5874       -148.9922
Re  Q_{ 6 2}        -69.0649        -78.3036       -147.3685
Re  Q_{ 6 4}        -71.4771        -79.6397       -151.1168
Re  Q_{ 6 6}        -99.4097       -112.7912       -212.2009

Re  Q_{ 8 0}        -20.5868       -170.2088       -190.7955
Re  Q_{ 8 2}        -99.0007        -88.5342       -187.5349
Re  Q_{ 8 4}        -73.9544       -128.0046       -201.9590
Re  Q_{ 8 6}       -112.4084       -108.6759       -221.0843
Re  Q_{ 8 8}       -109.1512       -187.0484       -296.1996

Re  Q_{10 0}       7334.1867       9224.7501      16558.9368
Re  Q_{10 2}        364.7420        383.1713        747.9132
Re  Q_{10 4}      -6659.5815      -8337.0300     -14996.6115
Re  Q_{10 6}        372.9328       1139.1029       1512.0356
Re  Q_{10 8}      -7741.8778      -9308.2053     -17050.0831
Re  Q_{1010}        772.3159        966.5284       1738.8443

 RMS radius           3.2654          3.3124          3.2890
______________________________________________________________
                     Neutrons        Protons         Total
______________________________________________________________

Beta_{ 2 0}       0.04204419      0.04358488      0.08562907
Beta_{ 2 2}       0.05116764      0.05296989      0.10413753

Beta_{ 4 0}      -0.00384511     -0.00429076     -0.00813587
Beta_{ 4 2}      -0.00388843     -0.00431632     -0.00820475
Beta_{ 4 4}      -0.00504220     -0.00562123     -0.01066343

Beta_{ 6 0}      -0.00208681     -0.00239298     -0.00447978
Beta_{ 6 2}      -0.00207659     -0.00235437     -0.00443097
Beta_{ 6 4}      -0.00214912     -0.00239455     -0.00454367
Beta_{ 6 6}      -0.00298898     -0.00339132     -0.00638030

Beta_{ 8 0}      -0.00003943     -0.00032597     -0.00036540
Beta_{ 8 2}      -0.00018960     -0.00016955     -0.00035915
Beta_{ 8 4}      -0.00014163     -0.00024514     -0.00038678
Beta_{ 8 6}      -0.00021528     -0.00020813     -0.00042340
Beta_{ 8 8}      -0.00020904     -0.00035822     -0.00056726

Beta_{10 0}       0.00089464      0.00112526      0.00201991
Beta_{10 2}       0.00004449      0.00004674      0.00009123
Beta_{10 4}      -0.00081235     -0.00101697     -0.00182933
Beta_{10 6}       0.00004549      0.00013895      0.00018444
Beta_{10 8}      -0.00094438     -0.00113544     -0.00207982
Beta_{1010}       0.00009421      0.00011790      0.00021211

______________________________________________________________
                     Neutrons        Protons         Total
______________________________________________________________
Q_{ 2}               11.2923         11.6941         22.9865
Q_{ 4}               20.7422         23.0963         43.8385
Q_{ 6}              210.5694        238.1717        448.7367
Q_{ 8}              282.9556        413.5373        679.3684
Q_{10}            16251.1804      20053.6937      36292.4810
______________________________________________________________
                     Neutrons        Protons         Total
______________________________________________________________
Beta_{   2}       0.08368972      0.08666752      0.17035724
Beta_{   4}       0.00979144      0.01090267      0.02069410
Beta_{   6}       0.00633124      0.00716117      0.01349228
Beta_{   8}       0.00054189      0.00079197      0.00130107
Beta_{  10}       0.00198236      0.00244621      0.00442706
______________________________________________________________
 Cart. Moments X              Y              Z
 Cart. N       17.8166653    -35.8040203     17.9873550
 Cart. P       18.4314188    -37.0779105     18.6464916
 Cart. T       36.2480842    -72.8819308     36.6338466
 (Q, gamma)    Q              Gamma
 (Q,g) N       35.8041559     59.8422983
 (Q,g) P       37.0781184     59.8081196
 (Q,g) T       72.8822711     59.8249102
 (iq1, iq2)    iq1            iq2
 iq    N        0.1137931     35.7471238
 iq    P        0.1433818     37.0062195
 iq    T        0.2571750     72.7533433
               X^2            Y^2            Z^2
 X^2_i N       69.9159900     52.0424282     69.9728866
 X^2_i P       71.9744196     53.4713099     72.0461106
 X^2_i T      141.8904097    105.5137380    142.0189972
------------------------------------------------------------
------------------------- Angular Momentum (hbar) --------------------------

               Spwfs(*)    Desired     Omega       E (MeV)      Densit. 
  __________________________________________________________________________
   J_x   |     0.00000     0.00000     0.00000    -0.00000     0.00000
   J_y   |     0.00000     0.00000     0.00000    -0.00000     0.00000
   J_z   |     1.72541     0.00000     0.50000    -0.86270     1.72541
  __________________________________________________________________________
   Size  |     1.72541     0.00000     0.50000                 1.72541
  --------------------------------------------------------------------------
---------------------Rotational properties--------------------
                Rigid rotor          (hbar^2/MeV)
              n              p              t 
 I_R X       2.9421814      3.0266284      5.9688098
 I_R Y       3.3731704      3.4727979      6.8459683
 I_R Z       2.9408094      3.0248997      5.9657092

                Belyaev                 (hbar^2/MeV) 
              n              p              t 
 I_B X       1.4250139      1.4581116      2.8831255
 I_B Y       0.0676569      0.0700173      0.1376742
 I_B Z       1.2853906      1.3111455      2.5965360

                Belyaev (collective)    (hbar^2/MeV) 
              n              p              t 
 I_B X       0.0000000      0.0000000      0.0000000
 I_B Y       0.0000000      0.0000000      0.0000000
 I_B Z       0.0000000      0.0000000      0.0000000

                 <J^2> - <J>^2          (hbar^2)
              n              p              t 
 J2_X        2.1789405      2.1743028      4.3532433
 J2_Y        0.0902150      0.0918936      0.1821086
 J2_Z        2.0314731      2.0203236      4.0517967
 J2_t        4.3006286      4.2865200      8.5871487

                 <J^2> - <J>^2 (coll.)  (hbar^2)
              n              p              t 
 J2_X        0.0000000      0.0000000      0.0000000
 J2_Y        0.0000000      0.0000000      0.0000000
 J2_Z        0.0000000      0.0000000      0.0000000
 J2_t        0.0000000      0.0000000      0.0000000
--------------------------------------------------------------------------------
 Skyrme Energy 
                                    Isoscalar      Isovector   |   Total
--------------------------------------------------------------------------------
                 E_D_I_I_D_I_I   -3570.791462       0.516346   -3570.275116
              E_D_I_I_D_I_I_DD    2398.865069      -0.433539    2398.431530
               E_D_I_Sm_D_I_Sm      -0.039337       0.000230      -0.039108
            E_D_I_Sm_D_I_Sm_DD       0.251915      -0.000154       0.251761
               E_D_I_I_D_Nm_Nm     135.249672       0.005881     135.255553
             E_D_I_I_Lap_D_I_I      96.189272      -0.019875      96.169397
           E_C_I_NmSk_C_I_NmSk       0.059587       0.000490       0.060077
               E_C_I_Nm_C_I_Nm      -0.091363      -0.000005      -0.091368
           E_D_I_Sm_Lap_D_I_Sm      -0.165178      -0.000033      -0.165211
            E_D_I_Sm_D_Nk_NkSm      -0.000476      -0.000010      -0.000486
       E_D_I_I_Derm_C_I_NxmSxm     -15.196188      -0.001558     -15.197746
        E_C_I_Nm_Derxm_D_I_Sxm      -0.098416      -0.000015      -0.098431
               E_DP_I_I_DP_I_I                                     0.000000
               E_CP_I_I_CP_I_I                                     0.000000
--------------------------------------------------------------------------------
                 Total Skyrme:                                  -955.699147
                    time-even:                                  -955.556306
                    time-odd :                                    -0.142842
--------------------------------------------------------------------------------
--------------------------------------------------------------------------------
                                     neutron        proton         total
                Kinetic Energy:     306.493014     298.293478     604.786492
                    COM 1-body:      -8.513695      -8.285930     -16.799625

                Coulomb Direct:       0.000000      66.924908      66.924908
                      Exchange:       0.000000      -6.754270      -6.754270

               Pairing (delta):       0.000000       0.000000       0.000000
               Pairing (densi):                                     0.000000
--------------------------------------------------------------------------------
                  Total energy:                                  -307.541642
                    from spwfs:                                  -307.541545
                   E_fu - E_sp:                                -0.972557E-04
                      Routhian:                                  -307.110403
--------------------------------------------------------------------------------
--------------------------------------------------------------------------------
Convergence report
                        Change^(i)     Change^(i-1)   rate (approx)
  Con.  Energy      :      -4.24E-05      -4.38E-05       1.41E+00
  Con.  Routhian    :      -6.47E-05      -6.61E-05       5.52E-01
  Con.  E_fu - E_sp :      -3.16E-06      -8.82E-07       5.95E+00
  Con.  |delta rho| :       6.71E-07       0.00E+00       8.14E-01
--------------------------------------------------------------------------------
--------------------------------------------------------------------------------
 Iteration =  141
 dt  =   0.0371      mu  =   0.9248  D2H =  0.4E-06
 E   =   -307.542    DE  =  0.13222E-06
 dmun=  0.0E+00      dmup=  0.0E+00
 Q20 =      11.5540  Q22 =      14.0514 dQ20=  0.4E-04      dQ22=  0.5E-05
 Jz  =    1.725      dJZ = -0.4E-04
--------------------------------------------------------------------------------
 Iteration =  142
 dt  =   0.0371      mu  =   0.9248  D2H =  0.4E-06
 E   =   -307.542    DE  =  0.12508E-06
 dmun=  0.0E+00      dmup=  0.0E+00
 Q20 =      11.5539  Q22 =      14.0514 dQ20=  0.5E-04      dQ22=  0.3E-05
 Jz  =    1.725      dJZ = -0.8E-04
--------------------------------------------------------------------------------
 Iteration =  143
 dt  =   0.0371      mu  =   0.9248  D2H =  0.3E-06
 E   =   -307.542    DE  =  0.11682E-06
 dmun=  0.0E+00      dmup=  0.0E+00
 Q20 =      11.5539  Q22 =      14.0514 dQ20=  0.5E-04      dQ22=  0.9E-08
 Jz  =    1.725      dJZ = -0.7E-04
--------------------------------------------------------------------------------
 Iteration =  144
 dt  =   0.0371      mu  =   0.9248  D2H =  0.2E-06
 E   =   -307.542    DE  =  0.10762E-06
 dmun=  0.0E+00      dmup=  0.0E+00
 Q20 =      11.5538  Q22 =      14.0514 dQ20=  0.5E-04      dQ22=  0.3E-05
 Jz  =    1.725      dJZ = -0.7E-04
--------------------------------------------------------------------------------
 Iteration =  145
 dt  =   0.0371      mu  =   0.9248  D2H =  0.2E-06
 E   =   -307.542    DE  =  0.97663E-07
 dmun=  0.0E+00      dmup=  0.0E+00
 Q20 =      11.5538  Q22 =      14.0514 dQ20=  0.5E-04      dQ22=  0.6E-05
 Jz  =    1.725      dJZ = -0.6E-04
--------------------------------------------------------------------------------
 Iteration =  146
 dt  =   0.0371      mu  =   0.9247  D2H =  0.2E-06
 E   =   -307.542    DE  =  0.87129E-07
 dmun=  0.0E+00      dmup=  0.0E+00
 Q20 =      11.5537  Q22 =      14.0514 dQ20=  0.4E-04      dQ22=  0.9E-05
 Jz  =    1.725      dJZ = -0.6E-04
--------------------------------------------------------------------------------
 Iteration =  147
 dt  =   0.0371      mu  =   0.9247  D2H =  0.1E-06
 E   =   -307.542    DE  =  0.76185E-07
 dmun=  0.0E+00      dmup=  0.0E+00
 Q20 =      11.5537  Q22 =      14.0514 dQ20=  0.4E-04      dQ22=  0.1E-04
 Jz  =    1.725      dJZ = -0.5E-04
--------------------------------------------------------------------------------
 Iteration =  148
 dt  =   0.0371      mu  =   0.9247  D2H =  0.1E-06
 E   =   -307.542    DE  =  0.64993E-07
 dmun=  0.0E+00      dmup=  0.0E+00
 Q20 =      11.5537  Q22 =      14.0514 dQ20=  0.4E-04      dQ22=  0.1E-04
 Jz  =    1.725      dJZ = -0.4E-04
--------------------------------------------------------------------------------
 Iteration =  149
 dt  =   0.0371      mu  =   0.9247  D2H =  0.8E-07
 E   =   -307.542    DE  =  0.53719E-07
 dmun=  0.0E+00      dmup=  0.0E+00
 Q20 =      11.5536  Q22 =      14.0514 dQ20=  0.3E-04      dQ22=  0.2E-04
 Jz  =    1.725      dJZ = -0.4E-04
--------------------- Sp wavefunctions -----------------------------------------
________________________________________________________________________________
   Neutron wavefunctions
  i    P   Rz   occ       E        d2h    Delta   JxT    JyT    Jz     J
--------------------- Sp wavefunctions -----------------------------------------
  1  1.0  1.0  1.0000   -46.647  1.1E-10   0.00  -0.50   0.50   0.50   0.50
  8  1.0 -1.0  1.0000   -45.693  4.0E-10   0.00   0.50   0.50  -0.50   0.50
 29 -1.0 -1.0  1.0000   -34.053  1.7E-07   0.00  -0.39   0.53   1.30   1.49
 16 -1.0  1.0  1.0000   -33.665  3.7E-08   0.00  -0.68   1.24   0.45   1.50
 28 -1.0 -1.0  1.0000   -32.693  1.3E-07   0.00   1.32   0.46  -0.37   1.48
 15 -1.0  1.0  1.0000   -31.739  7.8E-08   0.00  -0.17  -0.25  -1.25   1.42
 17 -1.0  1.0  1.0000   -28.595  4.1E-08   0.00   0.35  -0.50   0.31   0.68
 30 -1.0 -1.0  1.0000   -28.059  3.8E-08   0.00  -0.43  -0.50  -0.44   0.58
  2  1.0  1.0  1.0000   -21.500  4.6E-08   0.00  -0.48   0.90   1.81   2.48
  9  1.0 -1.0  1.0000   -21.366  1.8E-08   0.00  -0.68   1.42   1.14   2.50
  4  1.0  1.0  1.0000   -20.682  6.8E-08   0.00  -0.11   1.22   0.91   2.43
 11  1.0 -1.0  1.0000   -19.908  4.6E-08   0.00   2.07   0.06  -0.21   2.46
  3  1.0  1.0  1.0000   -19.071  9.5E-08   0.00  -0.73  -0.60  -1.24   2.42
 10  1.0 -1.0  1.0000   -18.343  5.5E-08   0.00   0.03   0.03  -2.15   2.29
  5  1.0  1.0  1.0000   -15.612  2.0E-08   0.00  -0.48   0.48   0.38   0.99
 12  1.0 -1.0  1.0000   -15.023  6.0E-08   0.00   0.25   0.44  -0.20   1.20
  6  1.0  1.0  1.0000   -13.850  3.2E-08   0.00   0.26  -1.44   0.23   1.53
 13  1.0 -1.0  1.0000   -13.834  3.6E-08   0.00   0.24  -1.36   0.19   1.51
 14  1.0 -1.0  0.0000   -11.556  2.6E-08   0.00  -0.91   0.41   0.24   1.45
  7  1.0  1.0  0.0000   -10.823  7.5E-09   0.00   0.53   0.44  -1.08   1.48
 31 -1.0 -1.0  0.0000    -9.461  4.9E-07   0.00  -0.63   1.35   2.03   3.48
 18 -1.0  1.0  0.0000    -9.424  7.1E-07   0.00  -0.73   1.62   1.67   3.49
 33 -1.0 -1.0  0.0000    -8.794  7.5E-07   0.00  -0.14   1.00   2.19   3.35
 20 -1.0  1.0  0.0000    -8.287  7.0E-07   0.00   0.60   1.20   0.89   3.41
 32 -1.0 -1.0  0.0000    -7.642  3.8E-07   0.00   2.32  -0.59  -0.13   3.41
 19 -1.0  1.0  0.0000    -6.951  1.3E-07   0.00  -1.53  -0.76  -1.10   3.32
 34 -1.0 -1.0  0.0000    -6.229  8.9E-08   0.00   0.36   0.31  -1.99   3.18
 21 -1.0  1.0  0.0000    -5.529  3.9E-08   0.00   0.01   0.02  -2.88   3.05
 36 -1.0 -1.0  0.0000    -4.476  1.4E-07   0.00  -0.71   0.99   0.83   1.94
 23 -1.0  1.0  0.0000    -4.342  1.2E-07   0.00  -0.73   1.26   0.26   1.99
 35 -1.0 -1.0  0.0000    -3.094  3.3E-07   0.00   1.07  -0.09  -0.26   1.77
 22 -1.0  1.0  0.0000    -2.842  2.7E-07   0.00   0.31  -0.38  -0.07   1.33
 37 -1.0 -1.0  0.0000    -1.164  3.4E-07   0.00   0.02  -0.47  -0.16   1.40
 24 -1.0  1.0  0.0000    -0.927  5.0E-04   0.00   0.30  -1.27   0.41   2.37
 40 -1.0 -1.0  0.0000    -0.893  1.2E-07   0.00   0.63  -2.06   0.66   2.49
 27 -1.0  1.0  0.0000    -0.808  5.0E-04   0.00   0.16  -1.21  -0.37   2.20
 26 -1.0  1.0  0.0000     0.527  2.2E-07   0.00  -1.08   0.19   0.99   2.34
 39 -1.0 -1.0  0.0000     0.808  1.4E-07   0.00  -1.47   0.70   0.00   2.44
 25 -1.0  1.0  0.0000     1.038  1.5E-08   0.00   0.53  -0.50   0.52   2.22
 38 -1.0 -1.0  0.0000     1.056  5.5E-08   0.00  -0.56  -0.46  -0.45   2.23
________________________________________________________________________________
   Proton  wavefunctions
  i    P   Rz   occ       E        d2h    Delta   JxT    JyT    Jz     J
--------------------- Sp wavefunctions -----------------------------------------
 41  1.0  1.0  1.0000   -39.312  3.0E-10   0.00  -0.50   0.50   0.50   0.51
 48  1.0 -1.0  1.0000   -38.381  1.5E-10   0.00   0.50   0.50  -0.50   0.50
 69 -1.0 -1.0  1.0000   -27.129  1.9E-07   0.00  -0.40   0.54   1.30   1.49
 56 -1.0  1.0  1.0000   -26.749  4.0E-08   0.00  -0.68   1.25   0.44   1.50
 68 -1.0 -1.0  1.0000   -25.794  1.7E-07   0.00   1.32   0.46  -0.36   1.48
 55 -1.0  1.0  1.0000   -24.851  9.9E-08   0.00  -0.17  -0.25  -1.24   1.42
 57 -1.0  1.0  1.0000   -21.746  5.9E-08   0.00   0.35  -0.50   0.30   0.68
 70 -1.0 -1.0  1.0000   -21.223  2.4E-08   0.00  -0.42  -0.50  -0.44   0.58
 42  1.0  1.0  1.0000   -14.932  4.5E-08   0.00  -0.48   0.89   1.81   2.48
 49  1.0 -1.0  1.0000   -14.799  2.3E-08   0.00  -0.68   1.42   1.14   2.50
 44  1.0  1.0  1.0000   -14.120  7.4E-08   0.00  -0.10   1.22   0.91   2.43
 51  1.0 -1.0  1.0000   -13.357  5.2E-08   0.00   2.06   0.06  -0.21   2.46
 43  1.0  1.0  1.0000   -12.526  8.6E-08   0.00  -0.74  -0.60  -1.24   2.42
 50  1.0 -1.0  1.0000   -11.791  5.1E-08   0.00   0.04   0.04  -2.15   2.29
 45  1.0  1.0  1.0000    -9.128  4.7E-08   0.00  -0.47   0.48   0.38   0.98
 52  1.0 -1.0  1.0000    -8.555  8.4E-08   0.00   0.24   0.43  -0.17   1.20
 46  1.0  1.0  1.0000    -7.471  5.9E-08   0.00   0.26  -1.43   0.23   1.54
 53  1.0 -1.0  1.0000    -7.453  5.2E-08   0.00   0.24  -1.35   0.17   1.51
 54  1.0 -1.0  0.0000    -5.214  2.5E-08   0.00  -0.90   0.41   0.23   1.45
 47  1.0  1.0  0.0000    -4.494  9.5E-09   0.00   0.53   0.44  -1.08   1.48
 71 -1.0 -1.0  0.0000    -3.247  5.0E-07   0.00  -0.61   1.29   2.08   3.48
 58 -1.0  1.0  0.0000    -3.207  7.0E-07   0.00  -0.73   1.57   1.69   3.49
 73 -1.0 -1.0  0.0000    -2.601  7.5E-07   0.00  -0.17   1.02   2.15   3.34
 60 -1.0  1.0  0.0000    -2.093  6.6E-07   0.00   0.56   1.24   0.87   3.40
 72 -1.0 -1.0  0.0000    -1.457  3.8E-07   0.00   2.34  -0.55  -0.15   3.40
 59 -1.0  1.0  0.0000    -0.783  1.7E-07   0.00  -1.44  -0.75  -1.08   3.29
 74 -1.0 -1.0  0.0000    -0.085  1.2E-07   0.00   0.37   0.33  -1.92   3.12
 61 -1.0  1.0  0.0000     0.592  1.0E-07   0.00   0.02   0.04  -2.75   2.96
 76 -1.0 -1.0  0.0000     1.292  3.8E-07   0.00  -0.75   0.88   0.88   1.99
 63 -1.0  1.0  0.0000     1.442  1.6E-07   0.00  -0.81   1.19   0.23   2.06
 75 -1.0 -1.0  0.0000     2.445  5.4E-07   0.00   0.99  -0.03  -0.38   1.83
 62 -1.0  1.0  0.0000     2.550  3.6E-07   0.00   0.41  -0.39   0.07   1.32
 66 -1.0  1.0  0.0000     2.776  5.1E-09   0.00   0.50  -0.50   0.50   2.17
 79 -1.0 -1.0  0.0000     2.778  1.1E-09   0.00  -0.49  -0.50  -0.49   2.17
 77 -1.0 -1.0  0.0000     3.267  6.7E-08   0.00   0.19  -0.47  -0.09   1.70
 64 -1.0  1.0  0.0000     3.447  1.4E-07   0.00  -0.54  -0.45  -1.13   2.25
 80 -1.0 -1.0  0.0000     3.782  2.1E-06   0.00  -0.48   1.15   0.80   2.45
 67 -1.0  1.0  0.0000     3.805  7.8E-08   0.00  -0.40   1.46   0.31   2.46
 78 -1.0 -1.0  0.0000     3.978  2.1E-06   0.00   0.97  -0.22  -0.13   2.34
 65 -1.0  1.0  0.0000     4.046  1.3E-07   0.00   0.32  -0.50   0.06   2.07
--------------------------------------------------------------------------------
---------------- Electric Multipole Moments -----------------
Quantisation Axis             : Z
  With secondary axis ordering: X,Y
______________________________________________________________
                     Neutrons        Protons         Total
______________________________________________________________
 Particles           18.0000         18.0000         36.0000

Re  Q_{ 2 0}          5.6729          5.8807         11.5536
Re  Q_{ 2 2}          6.9041          7.1473         14.0514

Re  Q_{ 4 0}         -8.1442         -9.0883        -17.2326
Re  Q_{ 4 2}         -8.2360         -9.1427        -17.3787
Re  Q_{ 4 4}        -10.6807        -11.9075        -22.5882

Re  Q_{ 6 0}        -69.3956        -79.5831       -148.9787
Re  Q_{ 6 2}        -69.0581        -78.2966       -147.3547
Re  Q_{ 6 4}        -71.4698        -79.6398       -151.1095
Re  Q_{ 6 6}        -99.4065       -112.7899       -212.1964

Re  Q_{ 8 0}        -20.5256       -170.3969       -190.9225
Re  Q_{ 8 2}        -98.9911        -88.5693       -187.5604
Re  Q_{ 8 4}        -73.9528       -128.2617       -202.2145
Re  Q_{ 8 6}       -112.5250       -108.7592       -221.2842
Re  Q_{ 8 8}       -109.1266       -187.2124       -296.3390

Re  Q_{10 0}       7332.3408       9244.8149      16577.1557
Re  Q_{10 2}        372.5509        334.8230        707.3739
Re  Q_{10 4}      -6661.2882      -8323.6921     -14984.9804
Re  Q_{10 6}        375.1887       1127.4705       1502.6593
Re  Q_{10 8}      -7746.9505      -9276.1417     -17023.0922
Re  Q_{1010}        782.7324        946.7114       1729.4438

 RMS radius           3.2654          3.3124          3.2890
______________________________________________________________
                     Neutrons        Protons         Total
______________________________________________________________

Beta_{ 2 0}       0.04204269      0.04358334      0.08562603
Beta_{ 2 2}       0.05116782      0.05297025      0.10413807

Beta_{ 4 0}      -0.00384452     -0.00429017     -0.00813469
Beta_{ 4 2}      -0.00388783     -0.00431583     -0.00820366
Beta_{ 4 4}      -0.00504186     -0.00562097     -0.01066283

Beta_{ 6 0}      -0.00208653     -0.00239285     -0.00447938
Beta_{ 6 2}      -0.00207639     -0.00235416     -0.00443055
Beta_{ 6 4}      -0.00214890     -0.00239455     -0.00454345
Beta_{ 6 6}      -0.00298888     -0.00339128     -0.00638016

Beta_{ 8 0}      -0.00003931     -0.00032633     -0.00036564
Beta_{ 8 2}      -0.00018958     -0.00016962     -0.00035920
Beta_{ 8 4}      -0.00014163     -0.00024564     -0.00038727
Beta_{ 8 6}      -0.00021550     -0.00020829     -0.00042379
Beta_{ 8 8}      -0.00020899     -0.00035853     -0.00056752

Beta_{10 0}       0.00089442      0.00112771      0.00202213
Beta_{10 2}       0.00004544      0.00004084      0.00008629
Beta_{10 4}      -0.00081256     -0.00101535     -0.00182791
Beta_{10 6}       0.00004577      0.00013753      0.00018330
Beta_{10 8}      -0.00094499     -0.00113153     -0.00207652
Beta_{1010}       0.00009548      0.00011548      0.00021096

______________________________________________________________
                     Neutrons        Protons         Total
______________________________________________________________
Q_{ 2}               11.2923         11.6941         22.9863
Q_{ 4}               20.7400         23.0944         43.8343
Q_{ 6}              210.5539        238.1644        448.7140
Q_{ 8}              283.0173        413.9811        679.8217
Q_{10}            16258.0346      20017.1684      36262.5340
______________________________________________________________
                     Neutrons        Protons         Total
______________________________________________________________
Beta_{   2}       0.08368918      0.08666719      0.17035636
Beta_{   4}       0.00979038      0.01090178      0.02069215
Beta_{   6}       0.00633078      0.00716095      0.01349159
Beta_{   8}       0.00054201      0.00079282      0.00130194
Beta_{  10}       0.00198320      0.00244175      0.00442341
______________________________________________________________
 Cart. Moments X              Y              Z
 Cart. N       17.8170768    -35.8037893     17.9867124
 Cart. P       18.4319366    -37.0777716     18.6458350
 Cart. T       36.2490134    -72.8815608     36.6325474
 (Q, gamma)    Q              Gamma
 (Q,g) N       35.8039232     59.8432712
 (Q,g) P       37.0779772     59.8091667
 (Q,g) T       72.8818972     59.8259208
 (iq1, iq2)    iq1            iq2
 iq    N        0.1130904     35.7472441
 iq    P        0.1425989     37.0064721
 iq    T        0.2556893     72.7537162
               X^2            Y^2            Z^2
 X^2_i N       69.9160735     52.0424515     69.9726187
 X^2_i P       71.9745461     53.4713100     72.0458455
 X^2_i T      141.8906196    105.5137615    142.0184643
------------------------------------------------------------
------------------------- Angular Momentum (hbar) --------------------------

               Spwfs(*)    Desired     Omega       E (MeV)      Densit. 
  __________________________________________________________________________
   J_x   |     0.00000     0.00000     0.00000    -0.00000     0.00000
   J_y   |     0.00000     0.00000     0.00000    -0.00000     0.00000
   J_z   |     1.72485     0.00000     0.50000    -0.86243     1.72485
  __________________________________________________________________________
   Size  |     1.72485     0.00000     0.50000                 1.72485
  --------------------------------------------------------------------------
---------------------Rotational properties--------------------
                Rigid rotor          (hbar^2/MeV)
              n              p              t 
 I_R X       2.9421755      3.0266220      5.9687975
 I_R Y       3.3731660      3.4727945      6.8459605
 I_R Z       2.9408120      3.0249028      5.9657148

                Belyaev                 (hbar^2/MeV) 
              n              p              t 
 I_B X       1.4248557      1.4579791      2.8828348
 I_B Y       0.0676110      0.0699654      0.1375764
 I_B Z       1.2855758      1.3113358      2.5969116

                Belyaev (collective)    (hbar^2/MeV) 
              n              p              t 
 I_B X       0.0000000      0.0000000      0.0000000
 I_B Y       0.0000000      0.0000000      0.0000000
 I_B Z       0.0000000      0.0000000      0.0000000

                 <J^2> - <J>^2          (hbar^2)
              n              p              t 
 J2_X        2.1788703      2.1742397      4.3531100
 J2_Y        0.0901604      0.0918303      0.1819907
 J2_Z        2.0315699      2.0204660      4.0520359
 J2_t        4.3006007      4.2865360      8.5871366

                 <J^2> - <J>^2 (coll.)  (hbar^2)
              n              p              t 
 J2_X        0.0000000      0.0000000      0.0000000
 J2_Y        0.0000000      0.0000000      0.0000000
 J2_Z        0.0000000      0.0000000      0.0000000
 J2_t        0.0000000      0.0000000      0.0000000
--------------------------------------------------------------------------------
 Skyrme Energy 
                                    Isoscalar      Isovector   |   Total
--------------------------------------------------------------------------------
                 E_D_I_I_D_I_I   -3570.795692       0.516348   -3570.279344
              E_D_I_I_D_I_I_DD    2398.868645      -0.433541    2398.435103
               E_D_I_Sm_D_I_Sm      -0.039315       0.000230      -0.039085
            E_D_I_Sm_D_I_Sm_DD       0.251773      -0.000155       0.251619
               E_D_I_I_D_Nm_Nm     135.250115       0.005881     135.255996
             E_D_I_I_Lap_D_I_I      96.189227      -0.019875      96.169353
           E_C_I_NmSk_C_I_NmSk       0.059592       0.000490       0.060083
               E_C_I_Nm_C_I_Nm      -0.091302      -0.000005      -0.091307
           E_D_I_Sm_Lap_D_I_Sm      -0.165098      -0.000033      -0.165131
            E_D_I_Sm_D_Nk_NkSm      -0.000475      -0.000010      -0.000485
       E_D_I_I_Derm_C_I_NxmSxm     -15.196729      -0.001558     -15.198287
        E_C_I_Nm_Derxm_D_I_Sxm      -0.098356      -0.000015      -0.098371
               E_DP_I_I_DP_I_I                                     0.000000
               E_CP_I_I_CP_I_I                                     0.000000
--------------------------------------------------------------------------------
                 Total Skyrme:                                  -955.699856
                    time-even:                                  -955.557096
                    time-odd :                                    -0.142760
--------------------------------------------------------------------------------
--------------------------------------------------------------------------------
                                     neutron        proton         total
                Kinetic Energy:     306.493243     298.293662     604.786905
                    COM 1-body:      -8.513701      -8.285935     -16.799636

                Coulomb Direct:       0.000000      66.924939      66.924939
                      Exchange:       0.000000      -6.754272      -6.754272

               Pairing (delta):       0.000000       0.000000       0.000000
               Pairing (densi):                                     0.000000
--------------------------------------------------------------------------------
                  Total energy:                                  -307.541920
                    from spwfs:                                  -307.541889
                   E_fu - E_sp:                                -0.316437E-04
                      Routhian:                                  -307.110848
--------------------------------------------------------------------------------
--------------------------------------------------------------------------------
Convergence report
                        Change^(i)     Change^(i-1)   rate (approx)
  Con.  Energy      :      -1.31E-05      -1.65E-05       1.28E+00
  Con.  Routhian    :      -2.31E-05      -2.82E-05       1.06E-01
  Con.  E_fu - E_sp :      -7.97E-06      -7.79E-06       8.92E+00
  Con.  |delta rho| :       3.14E-07       0.00E+00      -8.29E+00
--------------------------------------------------------------------------------
--------------------------------------------------------------------------------
 Iteration =  151
 dt  =   0.0371      mu  =   0.9247  D2H =  0.5E-07
 E   =   -307.542    DE  =  0.31565E-07
 dmun=  0.0E+00      dmup=  0.0E+00
 Q20 =      11.5536  Q22 =      14.0515 dQ20=  0.2E-04      dQ22=  0.2E-04
 Jz  =    1.725      dJZ = -0.9E-05
--------------------------------------------------------------------------------
 Iteration =  152
 dt  =   0.0371      mu  =   0.9247  D2H =  0.4E-07
 E   =   -307.542    DE  =  0.20993E-07
 dmun=  0.0E+00      dmup=  0.0E+00
 Q20 =      11.5536  Q22 =      14.0515 dQ20=  0.2E-04      dQ22=  0.2E-04
 Jz  =    1.725      dJZ = -0.2E-04
--------------------------------------------------------------------------------
 Iteration =  153
 dt  =   0.0371      mu  =   0.9247  D2H =  0.4E-07
 E   =   -307.542    DE  =  0.10942E-07
 dmun=  0.0E+00      dmup=  0.0E+00
 Q20 =      11.5535  Q22 =      14.0515 dQ20=  0.1E-04      dQ22=  0.2E-04
 Jz  =    1.725      dJZ = -0.1E-04
--------------------------------------------------------------------------------
 Iteration =  154
 dt  =   0.0371      mu  =   0.9247  D2H =  0.4E-07
 E   =   -307.542    DE  =  0.15352E-08
 dmun=  0.0E+00      dmup=  0.0E+00
 Q20 =      11.5535  Q22 =      14.0515 dQ20=  0.6E-05      dQ22=  0.2E-04
 Jz  =    1.725      dJZ = -0.4E-05
--------------------------------------------------------------------------------
 Iteration =  155
 dt  =   0.0371      mu  =   0.9247  D2H =  0.4E-07
 E   =   -307.542    DE  =  0.71228E-08
 dmun=  0.0E+00      dmup=  0.0E+00
 Q20 =      11.5535  Q22 =      14.0515 dQ20=  0.8E-06      dQ22=  0.2E-04
 Jz  =    1.725      dJZ =  0.2E-05
--------------------------------------------------------------------------------
 Iteration =  156
 dt  =   0.0371      mu  =   0.9247  D2H =  0.4E-07
 E   =   -307.542    DE  =  0.14954E-07
 dmun=  0.0E+00      dmup=  0.0E+00
 Q20 =      11.5535  Q22 =      14.0516 dQ20=  0.4E-05      dQ22=  0.2E-04
 Jz  =    1.725      dJZ =  0.7E-05
--------------------------------------------------------------------------------
 Iteration =  157
 dt  =   0.0371      mu  =   0.9247  D2H =  0.5E-07
 E   =   -307.542    DE  =  0.21905E-07
 dmun=  0.0E+00      dmup=  0.0E+00
 Q20 =      11.5536  Q22 =      14.0516 dQ20=  0.7E-05      dQ22=  0.2E-04
 Jz  =    1.725      dJZ =  0.1E-04
--------------------------------------------------------------------------------
 Iteration =  158
 dt  =   0.0371      mu  =   0.9247  D2H =  0.5E-07
 E   =   -307.542    DE  =  0.27947E-07
 dmun=  0.0E+00      dmup=  0.0E+00
 Q20 =      11.5536  Q22 =      14.0516 dQ20=  0.1E-04      dQ22=  0.2E-04
 Jz  =    1.725      dJZ =  0.2E-04
--------------------------------------------------------------------------------
 Iteration =  159
 dt  =   0.0371      mu  =   0.9247  D2H =  0.5E-07
 E   =   -307.542    DE  =  0.33079E-07
 dmun=  0.0E+00      dmup=  0.0E+00
 Q20 =      11.5536  Q22 =      14.0516 dQ20=  0.1E-04      dQ22=  0.2E-04
 Jz  =    1.725      dJZ =  0.2E-04
--------------------- Sp wavefunctions -----------------------------------------
________________________________________________________________________________
   Neutron wavefunctions
  i    P   Rz   occ       E        d2h    Delta   JxT    JyT    Jz     J
--------------------- Sp wavefunctions -----------------------------------------
  1  1.0  1.0  1.0000   -46.647  8.6E-11   0.00  -0.50   0.50   0.50   0.50
  8  1.0 -1.0  1.0000   -45.693  5.1E-11   0.00   0.50   0.50  -0.50   0.50
 29 -1.0 -1.0  1.0000   -34.053  1.2E-08   0.00  -0.39   0.54   1.30   1.49
 16 -1.0  1.0  1.0000   -33.665  1.0E-09   0.00  -0.68   1.24   0.45   1.50
 28 -1.0 -1.0  1.0000   -32.693  1.0E-08   0.00   1.32   0.46  -0.37   1.48
 15 -1.0  1.0  1.0000   -31.739  2.5E-07   0.00  -0.17  -0.25  -1.25   1.42
 17 -1.0  1.0  1.0000   -28.595  2.5E-07   0.00   0.35  -0.50   0.31   0.68
 30 -1.0 -1.0  1.0000   -28.059  3.8E-09   0.00  -0.43  -0.50  -0.44   0.58
  2  1.0  1.0  1.0000   -21.500  6.6E-08   0.00  -0.48   0.89   1.81   2.48
  9  1.0 -1.0  1.0000   -21.366  8.2E-08   0.00  -0.68   1.42   1.14   2.50
  4  1.0  1.0  1.0000   -20.682  8.0E-08   0.00  -0.11   1.22   0.91   2.43
 11  1.0 -1.0  1.0000   -19.908  8.0E-08   0.00   2.07   0.06  -0.21   2.46
  3  1.0  1.0  1.0000   -19.071  5.4E-08   0.00  -0.73  -0.60  -1.24   2.42
 10  1.0 -1.0  1.0000   -18.343  3.5E-08   0.00   0.03   0.03  -2.15   2.29
  5  1.0  1.0  1.0000   -15.612  7.0E-08   0.00  -0.48   0.48   0.38   0.99
 12  1.0 -1.0  1.0000   -15.023  4.8E-08   0.00   0.25   0.44  -0.20   1.20
  6  1.0  1.0  1.0000   -13.850  5.3E-08   0.00   0.26  -1.44   0.23   1.53
 13  1.0 -1.0  1.0000   -13.834  6.7E-09   0.00   0.24  -1.36   0.19   1.51
 14  1.0 -1.0  0.0000   -11.556  2.1E-08   0.00  -0.91   0.41   0.24   1.45
  7  1.0  1.0  0.0000   -10.823  6.3E-09   0.00   0.53   0.44  -1.08   1.48
 31 -1.0 -1.0  0.0000    -9.461  1.2E-07   0.00  -0.63   1.34   2.03   3.48
 18 -1.0  1.0  0.0000    -9.424  1.5E-07   0.00  -0.73   1.62   1.67   3.49
 33 -1.0 -1.0  0.0000    -8.794  1.5E-07   0.00  -0.14   1.00   2.19   3.35
 20 -1.0  1.0  0.0000    -8.287  1.7E-07   0.00   0.60   1.20   0.89   3.41
 32 -1.0 -1.0  0.0000    -7.642  7.2E-08   0.00   2.32  -0.59  -0.13   3.41
 19 -1.0  1.0  0.0000    -6.951  5.3E-08   0.00  -1.53  -0.76  -1.10   3.32
 34 -1.0 -1.0  0.0000    -6.229  6.4E-08   0.00   0.36   0.31  -1.99   3.18
 21 -1.0  1.0  0.0000    -5.529  1.1E-07   0.00   0.01   0.02  -2.88   3.05
 36 -1.0 -1.0  0.0000    -4.476  4.1E-08   0.00  -0.71   0.99   0.83   1.94
 23 -1.0  1.0  0.0000    -4.342  5.0E-08   0.00  -0.73   1.26   0.26   1.99
 35 -1.0 -1.0  0.0000    -3.094  2.5E-07   0.00   1.07  -0.09  -0.26   1.77
 22 -1.0  1.0  0.0000    -2.842  4.2E-07   0.00   0.31  -0.38  -0.07   1.33
 37 -1.0 -1.0  0.0000    -1.164  2.7E-07   0.00   0.02  -0.47  -0.16   1.40
 24 -1.0  1.0  0.0000    -0.928  4.1E-04   0.00   0.31  -1.30   0.43   2.37
 40 -1.0 -1.0  0.0000    -0.893  7.3E-08   0.00   0.63  -2.06   0.66   2.49
 27 -1.0  1.0  0.0000    -0.807  4.1E-04   0.00   0.14  -1.18  -0.40   2.19
 26 -1.0  1.0  0.0000     0.527  1.6E-07   0.00  -1.08   0.19   0.99   2.34
 39 -1.0 -1.0  0.0000     0.808  1.1E-07   0.00  -1.47   0.70   0.00   2.44
 25 -1.0  1.0  0.0000     1.038  1.2E-08   0.00   0.53  -0.50   0.52   2.22
 38 -1.0 -1.0  0.0000     1.056  3.1E-08   0.00  -0.56  -0.46  -0.45   2.23
________________________________________________________________________________
   Proton  wavefunctions
  i    P   Rz   occ       E        d2h    Delta   JxT    JyT    Jz     J
--------------------- Sp wavefunctions -----------------------------------------
 41  1.0  1.0  1.0000   -39.312  1.3E-10   0.00  -0.50   0.50   0.50   0.51
 48  1.0 -1.0  1.0000   -38.381  5.8E-11   0.00   0.50   0.50  -0.50   0.50
 69 -1.0 -1.0  1.0000   -27.129  9.4E-09   0.00  -0.40   0.54   1.30   1.49
 56 -1.0  1.0  1.0000   -26.749  2.3E-09   0.00  -0.68   1.25   0.44   1.50
 68 -1.0 -1.0  1.0000   -25.794  2.8E-09   0.00   1.32   0.46  -0.36   1.48
 55 -1.0  1.0  1.0000   -24.851  2.3E-07   0.00  -0.17  -0.25  -1.24   1.42
 57 -1.0  1.0  1.0000   -21.746  2.3E-07   0.00   0.35  -0.50   0.30   0.68
 70 -1.0 -1.0  1.0000   -21.223  7.1E-09   0.00  -0.42  -0.50  -0.44   0.58
 42  1.0  1.0  1.0000   -14.932  5.8E-08   0.00  -0.48   0.89   1.81   2.48
 49  1.0 -1.0  1.0000   -14.799  6.9E-08   0.00  -0.68   1.42   1.14   2.50
 44  1.0  1.0  1.0000   -14.120  7.3E-08   0.00  -0.10   1.22   0.90   2.43
 51  1.0 -1.0  1.0000   -13.357  7.0E-08   0.00   2.06   0.06  -0.21   2.46
 43  1.0  1.0  1.0000   -12.526  5.8E-08   0.00  -0.74  -0.60  -1.24   2.42
 50  1.0 -1.0  1.0000   -11.791  4.3E-08   0.00   0.04   0.04  -2.15   2.29
 45  1.0  1.0  1.0000    -9.128  3.6E-08   0.00  -0.47   0.48   0.38   0.98
 52  1.0 -1.0  1.0000    -8.555  6.1E-08   0.00   0.24   0.43  -0.17   1.20
 46  1.0  1.0  1.0000    -7.471  2.5E-08   0.00   0.26  -1.43   0.23   1.53
 53  1.0 -1.0  1.0000    -7.453  1.2E-08   0.00   0.24  -1.35   0.17   1.51
 54  1.0 -1.0  0.0000    -5.214  2.4E-08   0.00  -0.90   0.41   0.23   1.45
 47  1.0  1.0  0.0000    -4.494  8.3E-09   0.00   0.53   0.44  -1.08   1.48
 71 -1.0 -1.0  0.0000    -3.247  1.6E-07   0.00  -0.61   1.28   2.08   3.48
 58 -1.0  1.0  0.0000    -3.207  1.8E-07   0.00  -0.73   1.57   1.69   3.49
 73 -1.0 -1.0  0.0000    -2.601  2.1E-07   0.00  -0.17   1.03   2.15   3.34
 60 -1.0  1.0  0.0000    -2.093  2.0E-07   0.00   0.56   1.24   0.87   3.40
 72 -1.0 -1.0  0.0000    -1.457  7.2E-08   0.00   2.34  -0.55  -0.15   3.40
 59 -1.0  1.0  0.0000    -0.783  5.8E-08   0.00  -1.44  -0.75  -1.08   3.29
 74 -1.0 -1.0  0.0000    -0.085  5.4E-08   0.00   0.37   0.33  -1.92   3.12
 61 -1.0  1.0  0.0000     0.592  1.1E-07   0.00   0.02   0.04  -2.75   2.96
 76 -1.0 -1.0  0.0000     1.292  9.8E-08   0.00  -0.75   0.88   0.88   1.99
 63 -1.0  1.0  0.0000     1.442  6.8E-08   0.00  -0.81   1.19   0.23   2.06
 75 -1.0 -1.0  0.0000     2.445  8.1E-08   0.00   0.99  -0.03  -0.38   1.83
 62 -1.0  1.0  0.0000     2.550  9.5E-08   0.00   0.41  -0.39   0.07   1.32
 66 -1.0  1.0  0.0000     2.776  2.8E-09   0.00   0.50  -0.50   0.50   2.17
 79 -1.0 -1.0  0.0000     2.778  9.1E-10   0.00  -0.49  -0.50  -0.49   2.17
 77 -1.0 -1.0  0.0000     3.267  1.2E-08   0.00   0.19  -0.47  -0.09   1.70
 64 -1.0  1.0  0.0000     3.447  4.0E-08   0.00  -0.54  -0.45  -1.13   2.25
 80 -1.0 -1.0  0.0000     3.782  1.4E-06   0.00  -0.48   1.15   0.80   2.45
 67 -1.0  1.0  0.0000     3.805  4.0E-08   0.00  -0.40   1.46   0.31   2.46
 78 -1.0 -1.0  0.0000     3.978  1.4E-06   0.00   0.98  -0.22  -0.13   2.34
 65 -1.0  1.0  0.0000     4.046  5.2E-08   0.00   0.32  -0.50   0.06   2.07
--------------------------------------------------------------------------------
---------------- Electric Multipole Moments -----------------
Quantisation Axis             : Z
  With secondary axis ordering: X,Y
______________________________________________________________
                     Neutrons        Protons         Total
______________________________________________________________
 Particles           18.0000         18.0000         36.0000

Re  Q_{ 2 0}          5.6728          5.8807         11.5536
Re  Q_{ 2 2}          6.9042          7.1474         14.0516

Re  Q_{ 4 0}         -8.1445         -9.0885        -17.2331
Re  Q_{ 4 2}         -8.2365         -9.1431        -17.3796
Re  Q_{ 4 4}        -10.6818        -11.9086        -22.5904

Re  Q_{ 6 0}        -69.3986        -79.5825       -148.9811
Re  Q_{ 6 2}        -69.0605        -78.2976       -147.3581
Re  Q_{ 6 4}        -71.4733        -79.6414       -151.1147
Re  Q_{ 6 6}        -99.4141       -112.7975       -212.2116

Re  Q_{ 8 0}        -20.5728       -170.1628       -190.7356
Re  Q_{ 8 2}        -99.0691        -88.4252       -187.4943
Re  Q_{ 8 4}        -73.9541       -128.1019       -202.0560
Re  Q_{ 8 6}       -112.4204       -108.6350       -221.0554
Re  Q_{ 8 8}       -109.1955       -187.0307       -296.2262

Re  Q_{10 0}       7334.7595       9233.2680      16568.0274
Re  Q_{10 2}        367.0192        362.1923        729.2115
Re  Q_{10 4}      -6661.3375      -8323.6006     -14984.9381
Re  Q_{10 6}        368.4377       1154.6622       1523.0999
Re  Q_{10 8}      -7751.3047      -9273.2541     -17024.5588
Re  Q_{1010}        781.2349        945.0926       1726.3275

 RMS radius           3.2654          3.3124          3.2890
______________________________________________________________
                     Neutrons        Protons         Total
______________________________________________________________

Beta_{ 2 0}       0.04204261      0.04358340      0.08562602
Beta_{ 2 2}       0.05116850      0.05297100      0.10413951

Beta_{ 4 0}      -0.00384466     -0.00429026     -0.00813492
Beta_{ 4 2}      -0.00388807     -0.00431601     -0.00820408
Beta_{ 4 4}      -0.00504236     -0.00562151     -0.01066386

Beta_{ 6 0}      -0.00208663     -0.00239283     -0.00447945
Beta_{ 6 2}      -0.00207646     -0.00235419     -0.00443065
Beta_{ 6 4}      -0.00214900     -0.00239460     -0.00454360
Beta_{ 6 6}      -0.00298911     -0.00339151     -0.00638062

Beta_{ 8 0}      -0.00003940     -0.00032588     -0.00036528
Beta_{ 8 2}      -0.00018973     -0.00016934     -0.00035907
Beta_{ 8 4}      -0.00014163     -0.00024533     -0.00038696
Beta_{ 8 6}      -0.00021530     -0.00020805     -0.00042335
Beta_{ 8 8}      -0.00020912     -0.00035819     -0.00056731

Beta_{10 0}       0.00089471      0.00112630      0.00202101
Beta_{10 2}       0.00004477      0.00004418      0.00008895
Beta_{10 4}      -0.00081257     -0.00101534     -0.00182790
Beta_{10 6}       0.00004494      0.00014085      0.00018579
Beta_{10 8}      -0.00094553     -0.00113118     -0.00207670
Beta_{1010}       0.00009530      0.00011529      0.00021058

______________________________________________________________
                     Neutrons        Protons         Total
______________________________________________________________
Q_{ 2}               11.2924         11.6942         22.9866
Q_{ 4}               20.7416         23.0959         43.8375
Q_{ 6}              210.5660        238.1732        448.7349
Q_{ 8}              283.0460        413.4945        679.3912
Q_{10}            16262.6115      20012.9866      36261.9781
______________________________________________________________
                     Neutrons        Protons         Total
______________________________________________________________
Beta_{   2}       0.08368998      0.08666815      0.17035812
Beta_{   4}       0.00979114      0.01090252      0.02069364
Beta_{   6}       0.00633114      0.00716121      0.01349222
Beta_{   8}       0.00054207      0.00079189      0.00130112
Beta_{  10}       0.00198376      0.00244124      0.00442334
______________________________________________________________
 Cart. Moments X              Y              Z
 Cart. N       17.8174527    -35.8041336     17.9866809
 Cart. P       18.4323203    -37.0781802     18.6458599
 Cart. T       36.2497730    -72.8823138     36.6325408
 (Q, gamma)    Q              Gamma
 (Q,g) N       35.8042670     59.8436491
 (Q,g) P       37.0783851     59.8094888
 (Q,g) T       72.8826489     59.8262703
 (iq1, iq2)    iq1            iq2
 iq    N        0.1128188     35.7477243
 iq    P        0.1423598     37.0070003
 iq    T        0.2551786     72.7547245
               X^2            Y^2            Z^2
 X^2_i N       69.9162166     52.0423545     69.9726260
 X^2_i P       71.9746904     53.4711903     72.0458703
 X^2_i T      141.8909070    105.5135448    142.0184963
------------------------------------------------------------
------------------------- Angular Momentum (hbar) --------------------------

               Spwfs(*)    Desired     Omega       E (MeV)      Densit. 
  __________________________________________________________________________
   J_x   |     0.00000     0.00000     0.00000    -0.00000     0.00000
   J_y   |     0.00000     0.00000     0.00000    -0.00000     0.00000
   J_z   |     1.72490     0.00000     0.50000    -0.86245     1.72490
  __________________________________________________________________________
   Size  |     1.72490     0.00000     0.50000                 1.72490
  --------------------------------------------------------------------------
---------------------Rotational properties--------------------
                Rigid rotor          (hbar^2/MeV)
              n              p              t 
 I_R X       2.9421733      3.0266197      5.9687931
 I_R Y       3.3731696      3.4727986      6.8459682
 I_R Z       2.9408131      3.0249034      5.9657165

                Belyaev                 (hbar^2/MeV) 
              n              p              t 
 I_B X       1.4247615      1.4578824      2.8826439
 I_B Y       0.0676132      0.0699637      0.1375769
 I_B Z       1.2856372      1.3114016      2.5970388

                Belyaev (collective)    (hbar^2/MeV) 
              n              p              t 
 I_B X       0.0000000      0.0000000      0.0000000
 I_B Y       0.0000000      0.0000000      0.0000000
 I_B Z       0.0000000      0.0000000      0.0000000

                 <J^2> - <J>^2          (hbar^2)
              n              p              t 
 J2_X        2.1788904      2.1742719      4.3531623
 J2_Y        0.0901671      0.0918335      0.1820007
 J2_Z        2.0316178      2.0205142      4.0521319
 J2_t        4.3006753      4.2866196      8.5872949

                 <J^2> - <J>^2 (coll.)  (hbar^2)
              n              p              t 
 J2_X        0.0000000      0.0000000      0.0000000
 J2_Y        0.0000000      0.0000000      0.0000000
 J2_Z        0.0000000      0.0000000      0.0000000
 J2_t        0.0000000      0.0000000      0.0000000
--------------------------------------------------------------------------------
 Skyrme Energy 
                                    Isoscalar      Isovector   |   Total
--------------------------------------------------------------------------------
                 E_D_I_I_D_I_I   -3570.795811       0.516350   -3570.279461
              E_D_I_I_D_I_I_DD    2398.868711      -0.433543    2398.435169
               E_D_I_Sm_D_I_Sm      -0.039316       0.000230      -0.039086
            E_D_I_Sm_D_I_Sm_DD       0.251779      -0.000155       0.251624
               E_D_I_I_D_Nm_Nm     135.250056       0.005881     135.255937
             E_D_I_I_Lap_D_I_I      96.189336      -0.019874      96.169461
           E_C_I_NmSk_C_I_NmSk       0.059591       0.000490       0.060081
               E_C_I_Nm_C_I_Nm      -0.091308      -0.000005      -0.091313
           E_D_I_Sm_Lap_D_I_Sm      -0.165104      -0.000033      -0.165137
            E_D_I_Sm_D_Nk_NkSm      -0.000475      -0.000010      -0.000485
       E_D_I_I_Derm_C_I_NxmSxm     -15.196605      -0.001558     -15.198164
        E_C_I_Nm_Derxm_D_I_Sxm      -0.098358      -0.000015      -0.098373
               E_DP_I_I_DP_I_I                                     0.000000
               E_CP_I_I_CP_I_I                                     0.000000
--------------------------------------------------------------------------------
                 Total Skyrme:                                  -955.699746
                    time-even:                                  -955.556976
                    time-odd :                                    -0.142770
--------------------------------------------------------------------------------
--------------------------------------------------------------------------------
                                     neutron        proton         total
                Kinetic Energy:     306.493200     298.293622     604.786822
                    COM 1-body:      -8.513700      -8.285934     -16.799634

                Coulomb Direct:       0.000000      66.924934      66.924934
                      Exchange:       0.000000      -6.754272      -6.754272

               Pairing (delta):       0.000000       0.000000       0.000000
               Pairing (densi):                                     0.000000
--------------------------------------------------------------------------------
                  Total energy:                                  -307.541897
                    from spwfs:                                  -307.541918
                   E_fu - E_sp:                                 0.218146E-04
                      Routhian:                                  -307.110838
--------------------------------------------------------------------------------
--------------------------------------------------------------------------------
Convergence report
                        Change^(i)     Change^(i-1)   rate (approx)
  Con.  Energy      :       1.15E-05       1.02E-05       1.00E+00
  Con.  Routhian    :       1.58E-05       1.35E-05      -8.39E-01
  Con.  E_fu - E_sp :      -2.30E-06      -2.81E-06       4.38E+00
  Con.  |delta rho| :       3.51E-07       0.00E+00      -2.47E+00
--------------------------------------------------------------------------------
--------------------------------------------------------------------------------
 Iteration =  161
 dt  =   0.0371      mu  =   0.9247  D2H =  0.6E-07
 E   =   -307.542    DE  =  0.40679E-07
 dmun=  0.0E+00      dmup=  0.0E+00
 Q20 =      11.5536  Q22 =      14.0517 dQ20=  0.2E-04      dQ22=  0.1E-04
 Jz  =    1.725      dJZ =  0.1E-04
--------------------------------------------------------------------------------
 Iteration =  162
 dt  =   0.0371      mu  =   0.9247  D2H =  0.6E-07
 E   =   -307.542    DE  =  0.43217E-07
 dmun=  0.0E+00      dmup=  0.0E+00
 Q20 =      11.5536  Q22 =      14.0517 dQ20=  0.2E-04      dQ22=  0.1E-04
 Jz  =    1.725      dJZ =  0.3E-04
--------------------------------------------------------------------------------
 Iteration =  163
 dt  =   0.0371      mu  =   0.9247  D2H =  0.6E-07
 E   =   -307.542    DE  =  0.44968E-07
 dmun=  0.0E+00      dmup=  0.0E+00
 Q20 =      11.5537  Q22 =      14.0517 dQ20=  0.2E-04      dQ22=  0.1E-04
 Jz  =    1.725      dJZ =  0.3E-04
--------------------------------------------------------------------------------
 Iteration =  164
 dt  =   0.0371      mu  =   0.9247  D2H =  0.6E-07
 E   =   -307.542    DE  =  0.45996E-07
 dmun=  0.0E+00      dmup=  0.0E+00
 Q20 =      11.5537  Q22 =      14.0517 dQ20=  0.2E-04      dQ22=  0.1E-04
 Jz  =    1.725      dJZ =  0.3E-04
--------------------------------------------------------------------------------
 Iteration =  165
 dt  =   0.0371      mu  =   0.9247  D2H =  0.6E-07
 E   =   -307.542    DE  =  0.46340E-07
 dmun=  0.0E+00      dmup=  0.0E+00
 Q20 =      11.5537  Q22 =      14.0517 dQ20=  0.2E-04      dQ22=  0.8E-05
 Jz  =    1.725      dJZ =  0.3E-04
--------------------------------------------------------------------------------
 Iteration =  166
 dt  =   0.0371      mu  =   0.9247  D2H =  0.6E-07
 E   =   -307.542    DE  =  0.46070E-07
 dmun=  0.0E+00      dmup=  0.0E+00
 Q20 =      11.5537  Q22 =      14.0517 dQ20=  0.2E-04      dQ22=  0.5E-05
 Jz  =    1.725      dJZ =  0.3E-04
--------------------------------------------------------------------------------
 Iteration =  167
 dt  =   0.0371      mu  =   0.9247  D2H =  0.6E-07
 E   =   -307.542    DE  =  0.45220E-07
 dmun=  0.0E+00      dmup=  0.0E+00
 Q20 =      11.5537  Q22 =      14.0517 dQ20=  0.2E-04      dQ22=  0.3E-05
 Jz  =    1.725      dJZ =  0.3E-04
--------------------------------------------------------------------------------
 Iteration =  168
 dt  =   0.0371      mu  =   0.9247  D2H =  0.5E-07
 E   =   -307.542    DE  =  0.43845E-07
 dmun=  0.0E+00      dmup=  0.0E+00
 Q20 =      11.5537  Q22 =      14.0517 dQ20=  0.2E-04      dQ22=  0.1E-05
 Jz  =    1.725      dJZ =  0.3E-04
--------------------------------------------------------------------------------
 Iteration =  169
 dt  =   0.0371      mu  =   0.9247  D2H =  0.5E-07
 E   =   -307.542    DE  =  0.42003E-07
 dmun=  0.0E+00      dmup=  0.0E+00
 Q20 =      11.5538  Q22 =      14.0517 dQ20=  0.1E-04      dQ22=  0.9E-06
 Jz  =    1.725      dJZ =  0.3E-04
--------------------- Sp wavefunctions -----------------------------------------
________________________________________________________________________________
   Neutron wavefunctions
  i    P   Rz   occ       E        d2h    Delta   JxT    JyT    Jz     J
--------------------- Sp wavefunctions -----------------------------------------
  1  1.0  1.0  1.0000   -46.647  2.2E-11   0.00  -0.50   0.50   0.50   0.50
  8  1.0 -1.0  1.0000   -45.693  5.8E-11   0.00   0.50   0.50  -0.50   0.50
 29 -1.0 -1.0  1.0000   -34.053  8.3E-08   0.00  -0.39   0.54   1.30   1.49
 16 -1.0  1.0  1.0000   -33.665  3.5E-09   0.00  -0.68   1.24   0.45   1.50
 28 -1.0 -1.0  1.0000   -32.693  7.1E-08   0.00   1.32   0.46  -0.37   1.48
 15 -1.0  1.0  1.0000   -31.739  1.0E-07   0.00  -0.17  -0.25  -1.25   1.42
 17 -1.0  1.0  1.0000   -28.595  9.6E-08   0.00   0.35  -0.50   0.31   0.68
 30 -1.0 -1.0  1.0000   -28.059  1.2E-08   0.00  -0.43  -0.50  -0.44   0.58
  2  1.0  1.0  1.0000   -21.500  1.0E-07   0.00  -0.48   0.89   1.81   2.48
  9  1.0 -1.0  1.0000   -21.366  9.3E-08   0.00  -0.68   1.42   1.14   2.50
  4  1.0  1.0  1.0000   -20.683  1.0E-07   0.00  -0.11   1.22   0.91   2.43
 11  1.0 -1.0  1.0000   -19.908  9.2E-08   0.00   2.07   0.06  -0.21   2.46
  3  1.0  1.0  1.0000   -19.071  4.9E-09   0.00  -0.73  -0.60  -1.24   2.42
 10  1.0 -1.0  1.0000   -18.343  3.0E-09   0.00   0.03   0.03  -2.15   2.29
  5  1.0  1.0  1.0000   -15.612  4.8E-08   0.00  -0.48   0.48   0.38   0.99
 12  1.0 -1.0  1.0000   -15.023  5.3E-09   0.00   0.25   0.44  -0.20   1.20
  6  1.0  1.0  1.0000   -13.850  4.8E-08   0.00   0.26  -1.44   0.23   1.53
 13  1.0 -1.0  1.0000   -13.834  5.8E-09   0.00   0.24  -1.36   0.19   1.51
 14  1.0 -1.0  0.0000   -11.556  7.2E-10   0.00  -0.91   0.41   0.24   1.45
  7  1.0  1.0  0.0000   -10.823  1.3E-09   0.00   0.53   0.44  -1.08   1.48
 31 -1.0 -1.0  0.0000    -9.461  1.9E-08   0.00  -0.63   1.34   2.03   3.48
 18 -1.0  1.0  0.0000    -9.424  4.9E-09   0.00  -0.73   1.62   1.67   3.49
 33 -1.0 -1.0  0.0000    -8.794  2.7E-08   0.00  -0.14   1.00   2.19   3.35
 20 -1.0  1.0  0.0000    -8.287  3.7E-08   0.00   0.60   1.20   0.89   3.41
 32 -1.0 -1.0  0.0000    -7.642  1.8E-08   0.00   2.32  -0.59  -0.13   3.41
 19 -1.0  1.0  0.0000    -6.951  6.0E-08   0.00  -1.53  -0.77  -1.10   3.32
 34 -1.0 -1.0  0.0000    -6.229  2.3E-08   0.00   0.36   0.31  -1.99   3.18
 21 -1.0  1.0  0.0000    -5.529  2.2E-08   0.00   0.01   0.02  -2.88   3.05
 36 -1.0 -1.0  0.0000    -4.476  9.5E-08   0.00  -0.71   0.99   0.83   1.94
 23 -1.0  1.0  0.0000    -4.342  3.6E-08   0.00  -0.73   1.26   0.26   1.99
 35 -1.0 -1.0  0.0000    -3.094  9.4E-08   0.00   1.07  -0.09  -0.26   1.77
 22 -1.0  1.0  0.0000    -2.842  5.3E-08   0.00   0.31  -0.38  -0.07   1.33
 37 -1.0 -1.0  0.0000    -1.164  6.1E-08   0.00   0.01  -0.47  -0.16   1.40
 24 -1.0  1.0  0.0000    -0.928  3.3E-04   0.00   0.32  -1.32   0.45   2.38
 40 -1.0 -1.0  0.0000    -0.893  1.3E-08   0.00   0.63  -2.06   0.66   2.49
 27 -1.0  1.0  0.0000    -0.806  3.3E-04   0.00   0.13  -1.15  -0.42   2.18
 26 -1.0  1.0  0.0000     0.527  5.3E-08   0.00  -1.08   0.19   0.99   2.34
 39 -1.0 -1.0  0.0000     0.808  3.6E-08   0.00  -1.47   0.70   0.00   2.44
 25 -1.0  1.0  0.0000     1.038  4.9E-09   0.00   0.53  -0.50   0.52   2.22
 38 -1.0 -1.0  0.0000     1.056  1.6E-08   0.00  -0.56  -0.46  -0.45   2.23
________________________________________________________________________________
   Proton  wavefunctions
  i    P   Rz   occ       E        d2h    Delta   JxT    JyT    Jz     J
--------------------- Sp wavefunctions -----------------------------------------
 41  1.0  1.0  1.0000   -39.312  3.5E-11   0.00  -0.50   0.50   0.50   0.51
 48  1.0 -1.0  1.0000   -38.381  3.1E-11   0.00   0.50   0.50  -0.50   0.50
 69 -1.0 -1.0  1.0000   -27.129  7.0E-08   0.00  -0.40   0.54   1.30   1.49
 56 -1.0  1.0  1.0000   -26.749  2.7E-09   0.00  -0.68   1.25   0.44   1.50
 68 -1.0 -1.0  1.0000   -25.794  6.0E-08   0.00   1.32   0.46  -0.36   1.48
 55 -1.0  1.0  1.0000   -24.851  1.1E-07   0.00  -0.17  -0.25  -1.24   1.42
 57 -1.0  1.0  1.0000   -21.746  1.1E-07   0.00   0.35  -0.50   0.30   0.68
 70 -1.0 -1.0  1.0000   -21.223  9.5E-09   0.00  -0.42  -0.50  -0.44   0.58
 42  1.0  1.0  1.0000   -14.932  9.4E-08   0.00  -0.48   0.89   1.81   2.48
 49  1.0 -1.0  1.0000   -14.799  9.0E-08   0.00  -0.68   1.42   1.14   2.50
 44  1.0  1.0  1.0000   -14.120  9.4E-08   0.00  -0.10   1.22   0.90   2.43
 51  1.0 -1.0  1.0000   -13.357  8.9E-08   0.00   2.06   0.06  -0.21   2.46
 43  1.0  1.0  1.0000   -12.526  6.0E-09   0.00  -0.74  -0.60  -1.24   2.42
 50  1.0 -1.0  1.0000   -11.791  3.0E-09   0.00   0.04   0.04  -2.15   2.29
 45  1.0  1.0  1.0000    -9.128  3.9E-08   0.00  -0.47   0.48   0.38   0.98
 52  1.0 -1.0  1.0000    -8.554  2.5E-09   0.00   0.24   0.43  -0.17   1.20
 46  1.0  1.0  1.0000    -7.471  3.9E-08   0.00   0.26  -1.43   0.23   1.53
 53  1.0 -1.0  1.0000    -7.453  2.6E-09   0.00   0.24  -1.35   0.17   1.51
 54  1.0 -1.0  0.0000    -5.214  1.1E-09   0.00  -0.90   0.41   0.23   1.45
 47  1.0  1.0  0.0000    -4.494  1.2E-09   0.00   0.53   0.44  -1.08   1.48
 71 -1.0 -1.0  0.0000    -3.247  3.3E-08   0.00  -0.61   1.28   2.08   3.48
 58 -1.0  1.0  0.0000    -3.207  4.6E-09   0.00  -0.73   1.58   1.69   3.49
 73 -1.0 -1.0  0.0000    -2.601  3.7E-08   0.00  -0.17   1.03   2.15   3.34
 60 -1.0  1.0  0.0000    -2.093  3.1E-08   0.00   0.56   1.24   0.87   3.40
 72 -1.0 -1.0  0.0000    -1.457  2.5E-08   0.00   2.34  -0.55  -0.15   3.40
 59 -1.0  1.0  0.0000    -0.783  3.3E-08   0.00  -1.44  -0.75  -1.08   3.29
 74 -1.0 -1.0  0.0000    -0.085  4.4E-08   0.00   0.37   0.33  -1.92   3.12
 61 -1.0  1.0  0.0000     0.592  2.2E-08   0.00   0.02   0.04  -2.75   2.96
 76 -1.0 -1.0  0.0000     1.292  2.2E-08   0.00  -0.75   0.88   0.88   1.99
 63 -1.0  1.0  0.0000     1.442  1.3E-08   0.00  -0.81   1.19   0.23   2.06
 75 -1.0 -1.0  0.0000     2.445  5.3E-08   0.00   1.00  -0.03  -0.38   1.83
 62 -1.0  1.0  0.0000     2.550  6.3E-08   0.00   0.41  -0.39   0.07   1.32
 66 -1.0  1.0  0.0000     2.776  1.6E-09   0.00   0.50  -0.50   0.50   2.17
 79 -1.0 -1.0  0.0000     2.778  2.4E-10   0.00  -0.49  -0.50  -0.49   2.17
 77 -1.0 -1.0  0.0000     3.267  2.5E-08   0.00   0.19  -0.47  -0.09   1.70
 64 -1.0  1.0  0.0000     3.447  2.3E-08   0.00  -0.54  -0.45  -1.13   2.25
 80 -1.0 -1.0  0.0000     3.782  9.7E-07   0.00  -0.48   1.15   0.80   2.44
 67 -1.0  1.0  0.0000     3.805  1.8E-08   0.00  -0.40   1.46   0.31   2.46
 78 -1.0 -1.0  0.0000     3.978  9.7E-07   0.00   0.98  -0.22  -0.13   2.34
 65 -1.0  1.0  0.0000     4.046  3.0E-08   0.00   0.32  -0.50   0.06   2.07
--------------------------------------------------------------------------------
---------------- Electric Multipole Moments -----------------
Quantisation Axis             : Z
  With secondary axis ordering: X,Y
______________________________________________________________
                     Neutrons        Protons         Total
______________________________________________________________
 Particles           18.0000         18.0000         36.0000

Re  Q_{ 2 0}          5.6729          5.8808         11.5538
Re  Q_{ 2 2}          6.9042          7.1474         14.0517

Re  Q_{ 4 0}         -8.1450         -9.0891        -17.2341
Re  Q_{ 4 2}         -8.2369         -9.1435        -17.3805
Re  Q_{ 4 4}        -10.6818        -11.9086        -22.5903

Re  Q_{ 6 0}        -69.4026        -79.5874       -148.9900
Re  Q_{ 6 2}        -69.0644        -78.3033       -147.3678
Re  Q_{ 6 4}        -71.4765        -79.6455       -151.1220
Re  Q_{ 6 6}        -99.4158       -112.7998       -212.2156

Re  Q_{ 8 0}        -20.5588       -170.3634       -190.9222
Re  Q_{ 8 2}        -99.0307        -88.5416       -187.5723
Re  Q_{ 8 4}        -73.9604       -128.1822       -202.1426
Re  Q_{ 8 6}       -112.4767       -108.7601       -221.2368
Re  Q_{ 8 8}       -109.1912       -187.1299       -296.3212

Re  Q_{10 0}       7333.1484       9238.4286      16571.5769
Re  Q_{10 2}        369.2572        350.1117        719.3690
Re  Q_{10 4}      -6661.8420      -8330.4811     -14992.3232
Re  Q_{10 6}        373.3556       1128.4197       1501.7753
Re  Q_{10 8}      -7749.3493      -9284.9713     -17034.3207
Re  Q_{1010}        775.3869        959.6741       1735.0609

 RMS radius           3.2654          3.3124          3.2890
______________________________________________________________
                     Neutrons        Protons         Total
______________________________________________________________

Beta_{ 2 0}       0.04204322      0.04358408      0.08562731
Beta_{ 2 2}       0.05116878      0.05297119      0.10413997

Beta_{ 4 0}      -0.00384488     -0.00429053     -0.00813541
Beta_{ 4 2}      -0.00388827     -0.00431624     -0.00820451
Beta_{ 4 4}      -0.00504236     -0.00562148     -0.01066385

Beta_{ 6 0}      -0.00208675     -0.00239297     -0.00447972
Beta_{ 6 2}      -0.00207658     -0.00235437     -0.00443094
Beta_{ 6 4}      -0.00214910     -0.00239472     -0.00454382
Beta_{ 6 6}      -0.00298916     -0.00339158     -0.00638074

Beta_{ 8 0}      -0.00003937     -0.00032627     -0.00036564
Beta_{ 8 2}      -0.00018966     -0.00016957     -0.00035922
Beta_{ 8 4}      -0.00014164     -0.00024548     -0.00038713
Beta_{ 8 6}      -0.00021541     -0.00020829     -0.00042370
Beta_{ 8 8}      -0.00020911     -0.00035838     -0.00056749

Beta_{10 0}       0.00089452      0.00112693      0.00202145
Beta_{10 2}       0.00004504      0.00004271      0.00008775
Beta_{10 4}      -0.00081263     -0.00101618     -0.00182881
Beta_{10 6}       0.00004554      0.00013765      0.00018319
Beta_{10 8}      -0.00094529     -0.00113261     -0.00207789
Beta_{1010}       0.00009458      0.00011706      0.00021165

______________________________________________________________
                     Neutrons        Protons         Total
______________________________________________________________
Q_{ 2}               11.2925         11.6943         22.9867
Q_{ 4}               20.7421         23.0965         43.8386
Q_{ 6}              210.5737        238.1835        448.7529
Q_{ 8}              283.0628        413.8322        679.7391
Q_{10}            16260.2003      20029.9163      36277.5322
______________________________________________________________
                     Neutrons        Protons         Total
______________________________________________________________
Beta_{   2}       0.08369063      0.08666872      0.17035934
Beta_{   4}       0.00979138      0.01090278      0.02069416
Beta_{   6}       0.00633137      0.00716152      0.01349276
Beta_{   8}       0.00054210      0.00079254      0.00130178
Beta_{  10}       0.00198346      0.00244331      0.00442524
______________________________________________________________
 Cart. Moments X              Y              Z
 Cart. N       17.8174689    -35.8044107     17.9869418
 Cart. P       18.4322714    -37.0784234     18.6461520
 Cart. T       36.2497404    -72.8828341     36.6330937
 (Q, gamma)    Q              Gamma
 (Q,g) N       35.8045444     59.8434243
 (Q,g) P       37.0786290     59.8091859
 (Q,g) T       72.8831701     59.8260058
 (iq1, iq2)    iq1            iq2
 iq    N        0.1129819     35.7479198
 iq    P        0.1425870     37.0071299
 iq    T        0.2555689     72.7550496
               X^2            Y^2            Z^2
 X^2_i N       69.9162494     52.0422895     69.9727404
 X^2_i P       71.9746995     53.4711346     72.0459930
 X^2_i T      141.8909489    105.5134241    142.0187334
------------------------------------------------------------
------------------------- Angular Momentum (hbar) --------------------------

               Spwfs(*)    Desired     Omega       E (MeV)      Densit. 
  __________________________________________________________________________
   J_x   |     0.00000     0.00000     0.00000    -0.00000     0.00000
   J_y   |     0.00000     0.00000     0.00000    -0.00000     0.00000
   J_z   |     1.72517     0.00000     0.50000    -0.86258     1.72517
  __________________________________________________________________________
   Size  |     1.72517     0.00000     0.50000                 1.72517
  --------------------------------------------------------------------------
---------------------Rotational properties--------------------
                Rigid rotor          (hbar^2/MeV)
              n              p              t 
 I_R X       2.9421745      3.0266214      5.9687959
 I_R Y       3.3731731      3.4728018      6.8459749
 I_R Z       2.9408123      3.0249022      5.9657146

                Belyaev                 (hbar^2/MeV) 
              n              p              t 
 I_B X       1.4247512      1.4578518      2.8826031
 I_B Y       0.0676339      0.0699855      0.1376194
 I_B Z       1.2856018      1.3113701      2.5969719

                Belyaev (collective)    (hbar^2/MeV) 
              n              p              t 
 I_B X       0.0000000      0.0000000      0.0000000
 I_B Y       0.0000000      0.0000000      0.0000000
 I_B Z       0.0000000      0.0000000      0.0000000

                 <J^2> - <J>^2          (hbar^2)
              n              p              t 
 J2_X        2.1789190      2.1743010      4.3532200
 J2_Y        0.0901950      0.0918642      0.1820591
 J2_Z        2.0315832      2.0204605      4.0520437
 J2_t        4.3006972      4.2866257      8.5873229

                 <J^2> - <J>^2 (coll.)  (hbar^2)
              n              p              t 
 J2_X        0.0000000      0.0000000      0.0000000
 J2_Y        0.0000000      0.0000000      0.0000000
 J2_Z        0.0000000      0.0000000      0.0000000
 J2_t        0.0000000      0.0000000      0.0000000
--------------------------------------------------------------------------------
 Skyrme Energy 
                                    Isoscalar      Isovector   |   Total
--------------------------------------------------------------------------------
                 E_D_I_I_D_I_I   -3570.793867       0.516349   -3570.277518
              E_D_I_I_D_I_I_DD    2398.867024      -0.433542    2398.433482
               E_D_I_Sm_D_I_Sm      -0.039327       0.000230      -0.039096
            E_D_I_Sm_D_I_Sm_DD       0.251845      -0.000155       0.251691
               E_D_I_I_D_Nm_Nm     135.249816       0.005881     135.255697
             E_D_I_I_Lap_D_I_I      96.189400      -0.019875      96.169525
           E_C_I_NmSk_C_I_NmSk       0.059588       0.000490       0.060079
               E_C_I_Nm_C_I_Nm      -0.091336      -0.000005      -0.091341
           E_D_I_Sm_Lap_D_I_Sm      -0.165148      -0.000033      -0.165181
            E_D_I_Sm_D_Nk_NkSm      -0.000475      -0.000010      -0.000485
       E_D_I_I_Derm_C_I_NxmSxm     -15.196296      -0.001558     -15.197854
        E_C_I_Nm_Derxm_D_I_Sxm      -0.098387      -0.000015      -0.098402
               E_DP_I_I_DP_I_I                                     0.000000
               E_CP_I_I_CP_I_I                                     0.000000
--------------------------------------------------------------------------------
                 Total Skyrme:                                  -955.699404
                    time-even:                                  -955.556589
                    time-odd :                                    -0.142816
--------------------------------------------------------------------------------
--------------------------------------------------------------------------------
                                     neutron        proton         total
                Kinetic Energy:     306.493093     298.293531     604.786624
                    COM 1-body:      -8.513697      -8.285931     -16.799628

                Coulomb Direct:       0.000000      66.924918      66.924918
                      Exchange:       0.000000      -6.754271      -6.754271

               Pairing (delta):       0.000000       0.000000       0.000000
               Pairing (densi):                                     0.000000
--------------------------------------------------------------------------------
                  Total energy:                                  -307.541762
                    from spwfs:                                  -307.541782
                   E_fu - E_sp:                                 0.201595E-04
                      Routhian:                                  -307.110638
--------------------------------------------------------------------------------
--------------------------------------------------------------------------------
Convergence report
                        Change^(i)     Change^(i-1)   rate (approx)
  Con.  Energy      :       1.22E-05       1.29E-05       1.06E+00
  Con.  Routhian    :       1.90E-05       1.99E-05       1.20E-02
  Con.  E_fu - E_sp :       1.57E-06       1.27E-06       1.74E+00
  Con.  |delta rho| :       1.85E-07       0.00E+00       1.00E-01
--------------------------------------------------------------------------------
--------------------------------------------------------------------------------
 Iteration =  171
 dt  =   0.0371      mu  =   0.9247  D2H =  0.4E-07
 E   =   -307.542    DE  =  0.37084E-07
 dmun=  0.0E+00      dmup=  0.0E+00
 Q20 =      11.5538  Q22 =      14.0517 dQ20=  0.9E-05      dQ22=  0.5E-05
 Jz  =    1.725      dJZ =  0.1E-04
--------------------------------------------------------------------------------
 Iteration =  172
 dt  =   0.0371      mu  =   0.9247  D2H =  0.4E-07
 E   =   -307.542    DE  =  0.34108E-07
 dmun=  0.0E+00      dmup=  0.0E+00
 Q20 =      11.5538  Q22 =      14.0517 dQ20=  0.6E-05      dQ22=  0.6E-05
 Jz  =    1.725      dJZ =  0.2E-04
--------------------------------------------------------------------------------
 Iteration =  173
 dt  =   0.0371      mu  =   0.9247  D2H =  0.4E-07
 E   =   -307.542    DE  =  0.30860E-07
 dmun=  0.0E+00      dmup=  0.0E+00
 Q20 =      11.5538  Q22 =      14.0517 dQ20=  0.4E-05      dQ22=  0.8E-05
 Jz  =    1.725      dJZ =  0.2E-04
--------------------------------------------------------------------------------
 Iteration =  174
 dt  =   0.0371      mu  =   0.9247  D2H =  0.3E-07
 E   =   -307.542    DE  =  0.27404E-07
 dmun=  0.0E+00      dmup=  0.0E+00
 Q20 =      11.5538  Q22 =      14.0517 dQ20=  0.9E-06      dQ22=  0.9E-05
 Jz  =    1.725      dJZ =  0.2E-04
--------------------------------------------------------------------------------
 Iteration =  175
 dt  =   0.0371      mu  =   0.9247  D2H =  0.3E-07
 E   =   -307.542    DE  =  0.23796E-07
 dmun=  0.0E+00      dmup=  0.0E+00
 Q20 =      11.5538  Q22 =      14.0517 dQ20=  0.2E-05      dQ22=  0.1E-04
 Jz  =    1.725      dJZ =  0.2E-04
--------------------------------------------------------------------------------
 Iteration =  176
 dt  =   0.0371      mu  =   0.9247  D2H =  0.3E-07
 E   =   -307.542    DE  =  0.20109E-07
 dmun=  0.0E+00      dmup=  0.0E+00
 Q20 =      11.5538  Q22 =      14.0517 dQ20=  0.4E-05      dQ22=  0.1E-04
 Jz  =    1.725      dJZ =  0.1E-04
--------------------------------------------------------------------------------
 Iteration =  177
 dt  =   0.0371      mu  =   0.9247  D2H =  0.2E-07
 E   =   -307.542    DE  =  0.16403E-07
 dmun=  0.0E+00      dmup=  0.0E+00
 Q20 =      11.5538  Q22 =      14.0516 dQ20=  0.6E-05      dQ22=  0.1E-04
 Jz  =    1.725      dJZ =  0.1E-04
--------------------------------------------------------------------------------
 Iteration =  178
 dt  =   0.0371      mu  =   0.9247  D2H =  0.2E-07
 E   =   -307.542    DE  =  0.12739E-07
 dmun=  0.0E+00      dmup=  0.0E+00
 Q20 =      11.5538  Q22 =      14.0516 dQ20=  0.8E-05      dQ22=  0.1E-04
 Jz  =    1.725      dJZ =  0.9E-05
--------------------------------------------------------------------------------
 Iteration =  179
 dt  =   0.0371      mu  =   0.9247  D2H =  0.2E-07
 E   =   -307.542    DE  =  0.91825E-08
 dmun=  0.0E+00      dmup=  0.0E+00
 Q20 =      11.5538  Q22 =      14.0516 dQ20=  0.1E-04      dQ22=  0.1E-04
 Jz  =    1.725      dJZ =  0.7E-05
--------------------- Sp wavefunctions -----------------------------------------
________________________________________________________________________________
   Neutron wavefunctions
  i    P   Rz   occ       E        d2h    Delta   JxT    JyT    Jz     J
--------------------- Sp wavefunctions -----------------------------------------
  1  1.0  1.0  1.0000   -46.647  1.5E-11   0.00  -0.50   0.50   0.50   0.50
  8  1.0 -1.0  1.0000   -45.693 -4.1E-12   0.00   0.50   0.50  -0.50   0.50
 29 -1.0 -1.0  1.0000   -34.053  4.6E-08   0.00  -0.39   0.54   1.30   1.49
 16 -1.0  1.0  1.0000   -33.665  2.7E-09   0.00  -0.68   1.24   0.45   1.50
 28 -1.0 -1.0  1.0000   -32.693  4.6E-08   0.00   1.32   0.46  -0.37   1.48
 15 -1.0  1.0  1.0000   -31.739  1.8E-08   0.00  -0.17  -0.25  -1.25   1.42
 17 -1.0  1.0  1.0000   -28.595  1.6E-08   0.00   0.35  -0.50   0.31   0.68
 30 -1.0 -1.0  1.0000   -28.059  6.9E-10   0.00  -0.43  -0.50  -0.44   0.58
  2  1.0  1.0  1.0000   -21.500  6.3E-08   0.00  -0.48   0.89   1.81   2.48
  9  1.0 -1.0  1.0000   -21.366  2.4E-08   0.00  -0.68   1.42   1.14   2.50
  4  1.0  1.0  1.0000   -20.683  6.0E-08   0.00  -0.11   1.22   0.91   2.43
 11  1.0 -1.0  1.0000   -19.908  2.5E-08   0.00   2.07   0.06  -0.21   2.46
  3  1.0  1.0  1.0000   -19.071  9.2E-09   0.00  -0.73  -0.60  -1.24   2.42
 10  1.0 -1.0  1.0000   -18.343  9.5E-09   0.00   0.03   0.03  -2.15   2.29
  5  1.0  1.0  1.0000   -15.612  9.1E-09   0.00  -0.48   0.48   0.38   0.99
 12  1.0 -1.0  1.0000   -15.022  1.5E-08   0.00   0.25   0.44  -0.20   1.20
  6  1.0  1.0  1.0000   -13.850  5.8E-09   0.00   0.26  -1.44   0.23   1.53
 13  1.0 -1.0  1.0000   -13.834  4.1E-09   0.00   0.24  -1.36   0.19   1.51
 14  1.0 -1.0  0.0000   -11.556  4.3E-09   0.00  -0.91   0.41   0.24   1.45
  7  1.0  1.0  0.0000   -10.823  9.6E-10   0.00   0.53   0.44  -1.08   1.48
 31 -1.0 -1.0  0.0000    -9.461  7.5E-09   0.00  -0.63   1.34   2.03   3.48
 18 -1.0  1.0  0.0000    -9.424  3.7E-08   0.00  -0.73   1.62   1.67   3.49
 33 -1.0 -1.0  0.0000    -8.794  2.5E-08   0.00  -0.14   1.00   2.19   3.35
 20 -1.0  1.0  0.0000    -8.287  4.3E-08   0.00   0.60   1.20   0.89   3.41
 32 -1.0 -1.0  0.0000    -7.642  2.9E-08   0.00   2.32  -0.59  -0.13   3.41
 19 -1.0  1.0  0.0000    -6.951  1.8E-08   0.00  -1.53  -0.77  -1.10   3.32
 34 -1.0 -1.0  0.0000    -6.229  1.1E-08   0.00   0.36   0.31  -1.99   3.18
 21 -1.0  1.0  0.0000    -5.529  1.5E-08   0.00   0.01   0.02  -2.88   3.05
 36 -1.0 -1.0  0.0000    -4.476  3.9E-08   0.00  -0.71   0.99   0.83   1.94
 23 -1.0  1.0  0.0000    -4.342  6.9E-09   0.00  -0.73   1.26   0.26   1.99
 35 -1.0 -1.0  0.0000    -3.094  5.5E-08   0.00   1.07  -0.09  -0.26   1.77
 22 -1.0  1.0  0.0000    -2.842  2.2E-08   0.00   0.31  -0.38  -0.07   1.33
 37 -1.0 -1.0  0.0000    -1.164  2.0E-08   0.00   0.01  -0.47  -0.16   1.40
 24 -1.0  1.0  0.0000    -0.929  2.7E-04   0.00   0.34  -1.35   0.47   2.39
 40 -1.0 -1.0  0.0000    -0.893  1.0E-08   0.00   0.63  -2.06   0.66   2.49
 27 -1.0  1.0  0.0000    -0.806  2.7E-04   0.00   0.12  -1.13  -0.44   2.17
 26 -1.0  1.0  0.0000     0.527  2.2E-08   0.00  -1.08   0.19   0.99   2.34
 39 -1.0 -1.0  0.0000     0.808  1.4E-08   0.00  -1.47   0.70   0.00   2.44
 25 -1.0  1.0  0.0000     1.038  2.4E-09   0.00   0.53  -0.50   0.52   2.22
 38 -1.0 -1.0  0.0000     1.056  9.0E-09   0.00  -0.56  -0.46  -0.45   2.23
________________________________________________________________________________
   Proton  wavefunctions
  i    P   Rz   occ       E        d2h    Delta   JxT    JyT    Jz     J
--------------------- Sp wavefunctions -----------------------------------------
 41  1.0  1.0  1.0000   -39.312  4.3E-12   0.00  -0.50   0.50   0.50   0.51
 48  1.0 -1.0  1.0000   -38.381  2.0E-11   0.00   0.50   0.50  -0.50   0.50
 69 -1.0 -1.0  1.0000   -27.129  4.8E-08   0.00  -0.40   0.54   1.30   1.49
 56 -1.0  1.0  1.0000   -26.749  2.7E-09   0.00  -0.68   1.25   0.44   1.50
 68 -1.0 -1.0  1.0000   -25.794  4.8E-08   0.00   1.32   0.46  -0.36   1.48
 55 -1.0  1.0  1.0000   -24.851  1.4E-08   0.00  -0.17  -0.25  -1.24   1.42
 57 -1.0  1.0  1.0000   -21.746  1.1E-08   0.00   0.35  -0.50   0.30   0.68
 70 -1.0 -1.0  1.0000   -21.223  5.3E-10   0.00  -0.42  -0.50  -0.44   0.58
 42  1.0  1.0  1.0000   -14.932  6.1E-08   0.00  -0.48   0.89   1.81   2.48
 49  1.0 -1.0  1.0000   -14.799  2.7E-08   0.00  -0.68   1.42   1.14   2.50
 44  1.0  1.0  1.0000   -14.120  5.8E-08   0.00  -0.10   1.22   0.90   2.43
 51  1.0 -1.0  1.0000   -13.357  2.8E-08   0.00   2.06   0.06  -0.21   2.46
 43  1.0  1.0  1.0000   -12.526  7.9E-09   0.00  -0.74  -0.60  -1.24   2.42
 50  1.0 -1.0  1.0000   -11.791  1.0E-08   0.00   0.04   0.04  -2.15   2.29
 45  1.0  1.0  1.0000    -9.128  1.4E-08   0.00  -0.47   0.48   0.38   0.98
 52  1.0 -1.0  1.0000    -8.554  1.5E-08   0.00   0.24   0.43  -0.17   1.20
 46  1.0  1.0  1.0000    -7.471  1.2E-08   0.00   0.26  -1.43   0.23   1.53
 53  1.0 -1.0  1.0000    -7.453  2.8E-09   0.00   0.24  -1.35   0.17   1.51
 54  1.0 -1.0  0.0000    -5.214  4.6E-09   0.00  -0.90   0.41   0.23   1.45
 47  1.0  1.0  0.0000    -4.494  1.5E-09   0.00   0.53   0.44  -1.08   1.48
 71 -1.0 -1.0  0.0000    -3.247  8.0E-09   0.00  -0.61   1.28   2.08   3.48
 58 -1.0  1.0  0.0000    -3.207  2.8E-08   0.00  -0.73   1.58   1.69   3.49
 73 -1.0 -1.0  0.0000    -2.601  2.8E-08   0.00  -0.17   1.03   2.15   3.34
 60 -1.0  1.0  0.0000    -2.093  3.6E-08   0.00   0.56   1.24   0.87   3.40
 72 -1.0 -1.0  0.0000    -1.457  2.7E-08   0.00   2.34  -0.55  -0.15   3.40
 59 -1.0  1.0  0.0000    -0.783  2.9E-08   0.00  -1.44  -0.75  -1.08   3.29
 74 -1.0 -1.0  0.0000    -0.085  7.3E-09   0.00   0.37   0.33  -1.92   3.12
 61 -1.0  1.0  0.0000     0.592  1.0E-08   0.00   0.02   0.04  -2.75   2.96
 76 -1.0 -1.0  0.0000     1.292  2.8E-08   0.00  -0.75   0.88   0.88   1.99
 63 -1.0  1.0  0.0000     1.442  2.4E-08   0.00  -0.81   1.19   0.23   2.06
 75 -1.0 -1.0  0.0000     2.445  4.2E-08   0.00   1.00  -0.03  -0.38   1.83
 62 -1.0  1.0  0.0000     2.550  3.3E-08   0.00   0.41  -0.39   0.07   1.32
 66 -1.0  1.0  0.0000     2.776  9.8E-10   0.00   0.50  -0.50   0.50   2.17
 79 -1.0 -1.0  0.0000     2.778  1.3E-10   0.00  -0.49  -0.50  -0.49   2.17
 77 -1.0 -1.0  0.0000     3.267  1.5E-08   0.00   0.19  -0.47  -0.09   1.70
 64 -1.0  1.0  0.0000     3.447  1.6E-08   0.00  -0.54  -0.45  -1.13   2.25
 80 -1.0 -1.0  0.0000     3.782  6.6E-07   0.00  -0.48   1.15   0.80   2.44
 67 -1.0  1.0  0.0000     3.805  1.3E-08   0.00  -0.40   1.46   0.31   2.46
 78 -1.0 -1.0  0.0000     3.978  6.6E-07   0.00   0.98  -0.22  -0.13   2.34
 65 -1.0  1.0  0.0000     4.046  1.8E-08   0.00   0.33  -0.50   0.06   2.07
--------------------------------------------------------------------------------
---------------- Electric Multipole Moments -----------------
Quantisation Axis             : Z
  With secondary axis ordering: X,Y
______________________________________________________________
                     Neutrons        Protons         Total
______________________________________________________________
 Particles           18.0000         18.0000         36.0000

Re  Q_{ 2 0}          5.6729          5.8808         11.5537
Re  Q_{ 2 2}          6.9042          7.1474         14.0516

Re  Q_{ 4 0}         -8.1450         -9.0891        -17.2342
Re  Q_{ 4 2}         -8.2369         -9.1435        -17.3804
Re  Q_{ 4 4}        -10.6815        -11.9083        -22.5898

Re  Q_{ 6 0}        -69.4013        -79.5884       -148.9897
Re  Q_{ 6 2}        -69.0632        -78.3018       -147.3650
Re  Q_{ 6 4}        -71.4754        -79.6440       -151.1195
Re  Q_{ 6 6}        -99.4126       -112.7967       -212.2093

Re  Q_{ 8 0}        -20.5503       -170.2089       -190.7592
Re  Q_{ 8 2}        -99.0263        -88.5237       -187.5500
Re  Q_{ 8 4}        -73.9540       -128.1800       -202.1340
Re  Q_{ 8 6}       -112.4527       -108.7223       -221.1750
Re  Q_{ 8 8}       -109.1690       -187.1171       -296.2861

Re  Q_{10 0}       7332.3120       9240.6817      16572.9937
Re  Q_{10 2}        370.0636        352.7004        722.7640
Re  Q_{10 4}      -6659.6292      -8326.4515     -14986.0807
Re  Q_{10 6}        372.8500       1138.8896       1511.7396
Re  Q_{10 8}      -7746.7976      -9283.0888     -17029.8864
Re  Q_{1010}        781.2982        947.6322       1728.9304

 RMS radius           3.2654          3.3124          3.2890
______________________________________________________________
                     Neutrons        Protons         Total
______________________________________________________________

Beta_{ 2 0}       0.04204318      0.04358398      0.08562716
Beta_{ 2 2}       0.05116843      0.05297082      0.10413925

Beta_{ 4 0}      -0.00384489     -0.00429056     -0.00813545
Beta_{ 4 2}      -0.00388824     -0.00431622     -0.00820447
Beta_{ 4 4}      -0.00504222     -0.00562137     -0.01066358

Beta_{ 6 0}      -0.00208671     -0.00239301     -0.00447971
Beta_{ 6 2}      -0.00207654     -0.00235432     -0.00443086
Beta_{ 6 4}      -0.00214907     -0.00239468     -0.00454375
Beta_{ 6 6}      -0.00298906     -0.00339149     -0.00638055

Beta_{ 8 0}      -0.00003936     -0.00032597     -0.00036533
Beta_{ 8 2}      -0.00018965     -0.00016953     -0.00035918
Beta_{ 8 4}      -0.00014163     -0.00024548     -0.00038711
Beta_{ 8 6}      -0.00021536     -0.00020822     -0.00042358
Beta_{ 8 8}      -0.00020907     -0.00035835     -0.00056742

Beta_{10 0}       0.00089442      0.00112720      0.00202162
Beta_{10 2}       0.00004514      0.00004302      0.00008816
Beta_{10 4}      -0.00081236     -0.00101568     -0.00182804
Beta_{10 6}       0.00004548      0.00013892      0.00018441
Beta_{10 8}      -0.00094498     -0.00113238     -0.00207735
Beta_{1010}       0.00009530      0.00011559      0.00021090

______________________________________________________________
                     Neutrons        Protons         Total
______________________________________________________________
Q_{ 2}               11.2924         11.6942         22.9866
Q_{ 4}               20.7418         23.0962         43.8380
Q_{ 6}              210.5687        238.1789        448.7433
Q_{ 8}              283.0196        413.7280        679.6050
Q_{10}            16256.1573      20025.9883      36269.2335
______________________________________________________________
                     Neutrons        Protons         Total
______________________________________________________________
Beta_{   2}       0.08369017      0.08666821      0.17035838
Beta_{   4}       0.00979122      0.01090266      0.02069387
Beta_{   6}       0.00633122      0.00716138      0.01349247
Beta_{   8}       0.00054202      0.00079234      0.00130153
Beta_{  10}       0.00198297      0.00244283      0.00442422
______________________________________________________________
 Cart. Moments X              Y              Z
 Cart. N       17.8172901    -35.8042141     17.9869240
 Cart. P       18.4321016    -37.0782082     18.6461065
 Cart. T       36.2493917    -72.8824223     36.6330306
 (Q, gamma)    Q              Gamma
 (Q,g) N       35.8043481     59.8432745
 (Q,g) P       37.0784140     59.8090739
 (Q,g) T       72.8827588     59.8258753
 (iq1, iq2)    iq1            iq2
 iq    N        0.1130893     35.7476695
 iq    P        0.1426699     37.0068732
 iq    T        0.2557592     72.7545427
               X^2            Y^2            Z^2
 X^2_i N       69.9161902     52.0423555     69.9727349
 X^2_i P       71.9746421     53.4712055     72.0459771
 X^2_i T      141.8908323    105.5135610    142.0187119
------------------------------------------------------------
------------------------- Angular Momentum (hbar) --------------------------

               Spwfs(*)    Desired     Omega       E (MeV)      Densit. 
  __________________________________________________________________________
   J_x   |     0.00000     0.00000     0.00000    -0.00000     0.00000
   J_y   |     0.00000     0.00000     0.00000    -0.00000     0.00000
   J_z   |     1.72530     0.00000     0.50000    -0.86265     1.72530
  __________________________________________________________________________
   Size  |     1.72530     0.00000     0.50000                 1.72530
  --------------------------------------------------------------------------
---------------------Rotational properties--------------------
                Rigid rotor          (hbar^2/MeV)
              n              p              t 
 I_R X       2.9421760      3.0266227      5.9687987
 I_R Y       3.3731716      3.4728000      6.8459716
 I_R Z       2.9408125      3.0249026      5.9657151

                Belyaev                 (hbar^2/MeV) 
              n              p              t 
 I_B X       1.4247851      1.4578698      2.8826548
 I_B Y       0.0676458      0.0699994      0.1376452
 I_B Z       1.2855667      1.3113479      2.5969147

                Belyaev (collective)    (hbar^2/MeV) 
              n              p              t 
 I_B X       0.0000000      0.0000000      0.0000000
 I_B Y       0.0000000      0.0000000      0.0000000
 I_B Z       0.0000000      0.0000000      0.0000000

                 <J^2> - <J>^2          (hbar^2)
              n              p              t 
 J2_X        2.1789083      2.1742886      4.3531969
 J2_Y        0.0902085      0.0918804      0.1820890
 J2_Z        2.0315414      2.0204176      4.0519590
 J2_t        4.3006582      4.2865866      8.5872448

                 <J^2> - <J>^2 (coll.)  (hbar^2)
              n              p              t 
 J2_X        0.0000000      0.0000000      0.0000000
 J2_Y        0.0000000      0.0000000      0.0000000
 J2_Z        0.0000000      0.0000000      0.0000000
 J2_t        0.0000000      0.0000000      0.0000000
--------------------------------------------------------------------------------
 Skyrme Energy 
                                    Isoscalar      Isovector   |   Total
--------------------------------------------------------------------------------
                 E_D_I_I_D_I_I   -3570.793044       0.516349   -3570.276695
              E_D_I_I_D_I_I_DD    2398.866357      -0.433541    2398.432815
               E_D_I_Sm_D_I_Sm      -0.039333       0.000230      -0.039103
            E_D_I_Sm_D_I_Sm_DD       0.251885      -0.000155       0.251730
               E_D_I_I_D_Nm_Nm     135.249780       0.005881     135.255661
             E_D_I_I_Lap_D_I_I      96.189345      -0.019875      96.169470
           E_C_I_NmSk_C_I_NmSk       0.059588       0.000490       0.060078
               E_C_I_Nm_C_I_Nm      -0.091351      -0.000005      -0.091356
           E_D_I_Sm_Lap_D_I_Sm      -0.165176      -0.000033      -0.165209
            E_D_I_Sm_D_Nk_NkSm      -0.000475      -0.000010      -0.000485
       E_D_I_I_Derm_C_I_NxmSxm     -15.196248      -0.001558     -15.197807
        E_C_I_Nm_Derxm_D_I_Sxm      -0.098403      -0.000015      -0.098418
               E_DP_I_I_DP_I_I                                     0.000000
               E_CP_I_I_CP_I_I                                     0.000000
--------------------------------------------------------------------------------
                 Total Skyrme:                                  -955.699318
                    time-even:                                  -955.556477
                    time-odd :                                    -0.142841
--------------------------------------------------------------------------------
--------------------------------------------------------------------------------
                                     neutron        proton         total
                Kinetic Energy:     306.493081     298.293525     604.786606
                    COM 1-body:      -8.513697      -8.285931     -16.799628

                Coulomb Direct:       0.000000      66.924915      66.924915
                      Exchange:       0.000000      -6.754271      -6.754271

               Pairing (delta):       0.000000       0.000000       0.000000
               Pairing (densi):                                     0.000000
--------------------------------------------------------------------------------
                  Total energy:                                  -307.541695
                    from spwfs:                                  -307.541692
                   E_fu - E_sp:                                -0.263078E-05
                      Routhian:                                  -307.110527
--------------------------------------------------------------------------------
--------------------------------------------------------------------------------
Convergence report
                        Change^(i)     Change^(i-1)   rate (approx)
  Con.  Energy      :       1.78E-06       2.82E-06       1.18E+00
  Con.  Routhian    :       3.74E-06       5.35E-06       2.01E-01
  Con.  E_fu - E_sp :       1.71E-06       2.15E-06       2.61E+00
  Con.  |delta rho| :       1.79E-07       0.00E+00       1.16E+00
--------------------------------------------------------------------------------
--------------------------------------------------------------------------------
 Iteration =  181
 dt  =   0.0371      mu  =   0.9247  D2H =  0.2E-07
 E   =   -307.542    DE  =  0.25813E-08
 dmun=  0.0E+00      dmup=  0.0E+00
 Q20 =      11.5537  Q22 =      14.0516 dQ20=  0.1E-04      dQ22=  0.1E-04
 Jz  =    1.725      dJZ =  0.3E-06
--------------------------------------------------------------------------------
 Iteration =  182
 dt  =   0.0371      mu  =   0.9247  D2H =  0.2E-07
 E   =   -307.542    DE  =  0.37542E-09
 dmun=  0.0E+00      dmup=  0.0E+00
 Q20 =      11.5537  Q22 =      14.0516 dQ20=  0.1E-04      dQ22=  0.1E-04
 Jz  =    1.725      dJZ =  0.8E-06
--------------------------------------------------------------------------------
 Iteration =  183
 dt  =   0.0371      mu  =   0.9247  D2H =  0.2E-07
 E   =   -307.542    DE  =  0.30618E-08
 dmun=  0.0E+00      dmup=  0.0E+00
 Q20 =      11.5537  Q22 =      14.0516 dQ20=  0.2E-04      dQ22=  0.1E-04
 Jz  =    1.725      dJZ = -0.1E-05
--------------------------------------------------------------------------------
 Iteration =  184
 dt  =   0.0371      mu  =   0.9247  D2H =  0.2E-07
 E   =   -307.542    DE  =  0.54569E-08
 dmun=  0.0E+00      dmup=  0.0E+00
 Q20 =      11.5537  Q22 =      14.0515 dQ20=  0.2E-04      dQ22=  0.1E-04
 Jz  =    1.725      dJZ = -0.3E-05
--------------------------------------------------------------------------------
 Iteration =  185
 dt  =   0.0371      mu  =   0.9247  D2H =  0.2E-07
 E   =   -307.542    DE  =  0.75483E-08
 dmun=  0.0E+00      dmup=  0.0E+00
 Q20 =      11.5537  Q22 =      14.0515 dQ20=  0.2E-04      dQ22=  0.1E-04
 Jz  =    1.725      dJZ = -0.4E-05
--------------------------------------------------------------------------------
 Iteration =  186
 dt  =   0.0371      mu  =   0.9247  D2H =  0.1E-07
 E   =   -307.542    DE  =  0.93311E-08
 dmun=  0.0E+00      dmup=  0.0E+00
 Q20 =      11.5537  Q22 =      14.0515 dQ20=  0.2E-04      dQ22=  0.1E-04
 Jz  =    1.725      dJZ = -0.5E-05
--------------------------------------------------------------------------------
 Iteration =  187
 dt  =   0.0371      mu  =   0.9247  D2H =  0.1E-07
 E   =   -307.542    DE  =  0.10807E-07
 dmun=  0.0E+00      dmup=  0.0E+00
 Q20 =      11.5536  Q22 =      14.0515 dQ20=  0.2E-04      dQ22=  0.1E-04
 Jz  =    1.725      dJZ = -0.6E-05
--------------------------------------------------------------------------------
 Iteration =  188
 dt  =   0.0371      mu  =   0.9247  D2H =  0.1E-07
 E   =   -307.542    DE  =  0.11981E-07
 dmun=  0.0E+00      dmup=  0.0E+00
 Q20 =      11.5536  Q22 =      14.0515 dQ20=  0.2E-04      dQ22=  0.1E-04
 Jz  =    1.725      dJZ = -0.7E-05
--------------------------------------------------------------------------------
 Iteration =  189
 dt  =   0.0371      mu  =   0.9247  D2H =  0.1E-07
 E   =   -307.542    DE  =  0.12865E-07
 dmun=  0.0E+00      dmup=  0.0E+00
 Q20 =      11.5536  Q22 =      14.0515 dQ20=  0.2E-04      dQ22=  0.1E-04
 Jz  =    1.725      dJZ = -0.8E-05
--------------------- Sp wavefunctions -----------------------------------------
________________________________________________________________________________
   Neutron wavefunctions
  i    P   Rz   occ       E        d2h    Delta   JxT    JyT    Jz     J
--------------------- Sp wavefunctions -----------------------------------------
  1  1.0  1.0  1.0000   -46.647 -9.1E-13   0.00  -0.50   0.50   0.50   0.50
  8  1.0 -1.0  1.0000   -45.693  2.7E-11   0.00   0.50   0.50  -0.50   0.50
 29 -1.0 -1.0  1.0000   -34.053  8.0E-09   0.00  -0.39   0.54   1.30   1.49
 16 -1.0  1.0  1.0000   -33.665  1.7E-10   0.00  -0.68   1.24   0.45   1.50
 28 -1.0 -1.0  1.0000   -32.693  6.4E-09   0.00   1.32   0.46  -0.37   1.48
 15 -1.0  1.0  1.0000   -31.739  4.3E-08   0.00  -0.17  -0.25  -1.25   1.42
 17 -1.0  1.0  1.0000   -28.595  4.3E-08   0.00   0.35  -0.50   0.31   0.68
 30 -1.0 -1.0  1.0000   -28.059  2.1E-09   0.00  -0.43  -0.50  -0.44   0.58
  2  1.0  1.0  1.0000   -21.500  1.8E-08   0.00  -0.48   0.89   1.81   2.48
  9  1.0 -1.0  1.0000   -21.366  4.4E-10   0.00  -0.68   1.42   1.14   2.50
  4  1.0  1.0  1.0000   -20.683  1.9E-08   0.00  -0.11   1.22   0.91   2.43
 11  1.0 -1.0  1.0000   -19.908  1.1E-09   0.00   2.07   0.06  -0.21   2.46
  3  1.0  1.0  1.0000   -19.071  4.7E-09   0.00  -0.73  -0.60  -1.24   2.42
 10  1.0 -1.0  1.0000   -18.343  2.7E-09   0.00   0.03   0.03  -2.15   2.29
  5  1.0  1.0  1.0000   -15.612  3.5E-09   0.00  -0.48   0.48   0.38   0.99
 12  1.0 -1.0  1.0000   -15.022  3.1E-09   0.00   0.25   0.44  -0.20   1.20
  6  1.0  1.0  1.0000   -13.850  2.0E-09   0.00   0.26  -1.44   0.23   1.53
 13  1.0 -1.0  1.0000   -13.834  1.2E-09   0.00   0.24  -1.36   0.19   1.51
 14  1.0 -1.0  0.0000   -11.556  7.6E-10   0.00  -0.91   0.41   0.24   1.45
  7  1.0  1.0  0.0000   -10.823  3.2E-10   0.00   0.53   0.44  -1.08   1.48
 31 -1.0 -1.0  0.0000    -9.461  6.2E-09   0.00  -0.63   1.34   2.03   3.48
 18 -1.0  1.0  0.0000    -9.424  3.3E-08   0.00  -0.73   1.62   1.67   3.49
 33 -1.0 -1.0  0.0000    -8.794  2.2E-08   0.00  -0.14   1.00   2.19   3.35
 20 -1.0  1.0  0.0000    -8.287  3.4E-08   0.00   0.60   1.20   0.89   3.41
 32 -1.0 -1.0  0.0000    -7.642  1.8E-08   0.00   2.32  -0.59  -0.13   3.41
 19 -1.0  1.0  0.0000    -6.951  5.2E-09   0.00  -1.53  -0.77  -1.10   3.32
 34 -1.0 -1.0  0.0000    -6.229  3.1E-09   0.00   0.36   0.31  -1.99   3.18
 21 -1.0  1.0  0.0000    -5.529  7.9E-09   0.00   0.01   0.02  -2.88   3.05
 36 -1.0 -1.0  0.0000    -4.476  5.1E-09   0.00  -0.71   0.99   0.83   1.94
 23 -1.0  1.0  0.0000    -4.342  6.5E-09   0.00  -0.73   1.26   0.26   1.99
 35 -1.0 -1.0  0.0000    -3.094  1.9E-08   0.00   1.07  -0.09  -0.26   1.77
 22 -1.0  1.0  0.0000    -2.842  3.7E-08   0.00   0.31  -0.38  -0.07   1.33
 37 -1.0 -1.0  0.0000    -1.164  2.2E-08   0.00   0.01  -0.47  -0.16   1.40
 24 -1.0  1.0  0.0000    -0.929  2.2E-04   0.00   0.35  -1.37   0.49   2.39
 40 -1.0 -1.0  0.0000    -0.893  5.8E-09   0.00   0.63  -2.06   0.66   2.49
 27 -1.0  1.0  0.0000    -0.805  2.2E-04   0.00   0.11  -1.10  -0.45   2.17
 26 -1.0  1.0  0.0000     0.527  1.7E-08   0.00  -1.08   0.19   0.99   2.34
 39 -1.0 -1.0  0.0000     0.808  1.3E-08   0.00  -1.47   0.70   0.00   2.44
 25 -1.0  1.0  0.0000     1.038  2.0E-09   0.00   0.53  -0.50   0.52   2.22
 38 -1.0 -1.0  0.0000     1.056  5.0E-09   0.00  -0.56  -0.46  -0.45   2.23
________________________________________________________________________________
   Proton  wavefunctions
  i    P   Rz   occ       E        d2h    Delta   JxT    JyT    Jz     J
--------------------- Sp wavefunctions -----------------------------------------
 41  1.0  1.0  1.0000   -39.312  2.3E-11   0.00  -0.50   0.50   0.50   0.51
 48  1.0 -1.0  1.0000   -38.381  2.4E-11   0.00   0.50   0.50  -0.50   0.50
 69 -1.0 -1.0  1.0000   -27.129  1.1E-08   0.00  -0.40   0.54   1.30   1.49
 56 -1.0  1.0  1.0000   -26.749  2.9E-10   0.00  -0.68   1.25   0.44   1.50
 68 -1.0 -1.0  1.0000   -25.794  9.1E-09   0.00   1.32   0.46  -0.36   1.48
 55 -1.0  1.0  1.0000   -24.851  4.4E-08   0.00  -0.17  -0.25  -1.24   1.42
 57 -1.0  1.0  1.0000   -21.746  4.4E-08   0.00   0.35  -0.50   0.30   0.68
 70 -1.0 -1.0  1.0000   -21.223  2.2E-09   0.00  -0.42  -0.50  -0.44   0.58
 42  1.0  1.0  1.0000   -14.932  1.8E-08   0.00  -0.48   0.89   1.81   2.48
 49  1.0 -1.0  1.0000   -14.799  6.0E-10   0.00  -0.68   1.42   1.14   2.50
 44  1.0  1.0  1.0000   -14.120  2.0E-08   0.00  -0.10   1.22   0.91   2.43
 51  1.0 -1.0  1.0000   -13.357  1.2E-09   0.00   2.06   0.06  -0.21   2.46
 43  1.0  1.0  1.0000   -12.526  5.2E-09   0.00  -0.74  -0.60  -1.24   2.42
 50  1.0 -1.0  1.0000   -11.791  3.7E-09   0.00   0.04   0.04  -2.15   2.29
 45  1.0  1.0  1.0000    -9.128  2.5E-09   0.00  -0.47   0.48   0.38   0.98
 52  1.0 -1.0  1.0000    -8.554  4.7E-09   0.00   0.24   0.43  -0.17   1.20
 46  1.0  1.0  1.0000    -7.471  7.9E-10   0.00   0.26  -1.43   0.23   1.53
 53  1.0 -1.0  1.0000    -7.453  2.1E-09   0.00   0.24  -1.35   0.17   1.51
 54  1.0 -1.0  0.0000    -5.214  1.1E-09   0.00  -0.90   0.41   0.23   1.45
 47  1.0  1.0  0.0000    -4.494  4.6E-10   0.00   0.53   0.44  -1.08   1.48
 71 -1.0 -1.0  0.0000    -3.247  3.1E-09   0.00  -0.61   1.28   2.08   3.48
 58 -1.0  1.0  0.0000    -3.207  3.0E-08   0.00  -0.73   1.58   1.69   3.49
 73 -1.0 -1.0  0.0000    -2.601  1.7E-08   0.00  -0.17   1.03   2.15   3.34
 60 -1.0  1.0  0.0000    -2.093  3.2E-08   0.00   0.56   1.24   0.87   3.40
 72 -1.0 -1.0  0.0000    -1.457  1.8E-08   0.00   2.34  -0.55  -0.15   3.40
 59 -1.0  1.0  0.0000    -0.783  3.3E-09   0.00  -1.44  -0.75  -1.08   3.29
 74 -1.0 -1.0  0.0000    -0.085  4.7E-09   0.00   0.37   0.33  -1.92   3.12
 61 -1.0  1.0  0.0000     0.592  7.9E-09   0.00   0.02   0.04  -2.75   2.96
 76 -1.0 -1.0  0.0000     1.292  1.9E-08   0.00  -0.75   0.88   0.88   1.99
 63 -1.0  1.0  0.0000     1.442  4.3E-09   0.00  -0.81   1.19   0.23   2.06
 75 -1.0 -1.0  0.0000     2.445  2.1E-08   0.00   1.00  -0.03  -0.38   1.83
 62 -1.0  1.0  0.0000     2.550  8.2E-09   0.00   0.41  -0.39   0.07   1.32
 66 -1.0  1.0  0.0000     2.776  5.9E-10   0.00   0.50  -0.50   0.50   2.17
 79 -1.0 -1.0  0.0000     2.778  9.6E-11   0.00  -0.49  -0.50  -0.49   2.17
 77 -1.0 -1.0  0.0000     3.267  3.1E-09   0.00   0.19  -0.47  -0.09   1.70
 64 -1.0  1.0  0.0000     3.447  4.4E-09   0.00  -0.54  -0.45  -1.13   2.25
 80 -1.0 -1.0  0.0000     3.782  4.4E-07   0.00  -0.48   1.15   0.80   2.44
 67 -1.0  1.0  0.0000     3.805  6.9E-09   0.00  -0.40   1.46   0.31   2.46
 78 -1.0 -1.0  0.0000     3.978  4.4E-07   0.00   0.98  -0.21  -0.13   2.34
 65 -1.0  1.0  0.0000     4.046  7.0E-09   0.00   0.33  -0.50   0.06   2.07
--------------------------------------------------------------------------------
---------------- Electric Multipole Moments -----------------
Quantisation Axis             : Z
  With secondary axis ordering: X,Y
______________________________________________________________
                     Neutrons        Protons         Total
______________________________________________________________
 Particles           18.0000         18.0000         36.0000

Re  Q_{ 2 0}          5.6728          5.8807         11.5536
Re  Q_{ 2 2}          6.9041          7.1473         14.0515

Re  Q_{ 4 0}         -8.1449         -9.0889        -17.2339
Re  Q_{ 4 2}         -8.2368         -9.1434        -17.3802
Re  Q_{ 4 4}        -10.6815        -11.9083        -22.5898

Re  Q_{ 6 0}        -69.4003        -79.5837       -148.9841
Re  Q_{ 6 2}        -69.0619        -78.2997       -147.3616
Re  Q_{ 6 4}        -71.4734        -79.6419       -151.1152
Re  Q_{ 6 6}        -99.4111       -112.7938       -212.2049

Re  Q_{ 8 0}        -20.5711       -170.3004       -190.8715
Re  Q_{ 8 2}        -99.0252        -88.4876       -187.5128
Re  Q_{ 8 4}        -73.9507       -128.1392       -202.0898
Re  Q_{ 8 6}       -112.4410       -108.7107       -221.1517
Re  Q_{ 8 8}       -109.1730       -187.0828       -296.2558

Re  Q_{10 0}       7334.1561       9234.2970      16568.4531
Re  Q_{10 2}        368.0684        355.2943        723.3626
Re  Q_{10 4}      -6660.7418      -8326.6503     -14987.3920
Re  Q_{10 6}        373.5370       1138.8364       1512.3734
Re  Q_{10 8}      -7747.2959      -9281.8593     -17029.1552
Re  Q_{1010}        778.6227        951.2005       1729.8232

 RMS radius           3.2654          3.3124          3.2890
______________________________________________________________
                     Neutrons        Protons         Total
______________________________________________________________

Beta_{ 2 0}       0.04204260      0.04358337      0.08562597
Beta_{ 2 2}       0.05116796      0.05297036      0.10413832

Beta_{ 4 0}      -0.00384484     -0.00429046     -0.00813530
Beta_{ 4 2}      -0.00388822     -0.00431618     -0.00820439
Beta_{ 4 4}      -0.00504224     -0.00562135     -0.01066359

Beta_{ 6 0}      -0.00208668     -0.00239286     -0.00447954
Beta_{ 6 2}      -0.00207650     -0.00235426     -0.00443076
Beta_{ 6 4}      -0.00214901     -0.00239461     -0.00454362
Beta_{ 6 6}      -0.00298902     -0.00339140     -0.00638042

Beta_{ 8 0}      -0.00003940     -0.00032615     -0.00036554
Beta_{ 8 2}      -0.00018965     -0.00016946     -0.00035911
Beta_{ 8 4}      -0.00014162     -0.00024540     -0.00038703
Beta_{ 8 6}      -0.00021534     -0.00020819     -0.00042353
Beta_{ 8 8}      -0.00020908     -0.00035829     -0.00056737

Beta_{10 0}       0.00089464      0.00112643      0.00202107
Beta_{10 2}       0.00004490      0.00004334      0.00008824
Beta_{10 4}      -0.00081250     -0.00101571     -0.00182820
Beta_{10 6}       0.00004557      0.00013892      0.00018448
Beta_{10 8}      -0.00094504     -0.00113223     -0.00207726
Beta_{1010}       0.00009498      0.00011603      0.00021101

______________________________________________________________
                     Neutrons        Protons         Total
______________________________________________________________
Q_{ 2}               11.2923         11.6941         22.9864
Q_{ 4}               20.7417         23.0960         43.8377
Q_{ 6}              210.5647        238.1717        448.7322
Q_{ 8}              283.0124        413.6878        679.5482
Q_{10}            16258.0598      20022.4924      36267.7179
______________________________________________________________
                     Neutrons        Protons         Total
______________________________________________________________
Beta_{   2}       0.08368931      0.08666734      0.17035664
Beta_{   4}       0.00979121      0.01090256      0.02069376
Beta_{   6}       0.00633110      0.00716117      0.01349214
Beta_{   8}       0.00054200      0.00079226      0.00130142
Beta_{  10}       0.00198320      0.00244240      0.00442404
______________________________________________________________
 Cart. Moments X              Y              Z
 Cart. N       17.8171689    -35.8038446     17.9866757
 Cart. P       18.4319903    -37.0778354     18.6458450
 Cart. T       36.2491592    -72.8816799     36.6325207
 (Q, gamma)    Q              Gamma
 (Q,g) N       35.8039783     59.8433904
 (Q,g) P       37.0780410     59.8092059
 (Q,g) T       72.8820160     59.8259994
 (iq1, iq2)    iq1            iq2
 iq    N        0.1130046     35.7473423
 iq    P        0.1425698     37.0065505
 iq    T        0.2555744     72.7538927
               X^2            Y^2            Z^2
 X^2_i N       69.9161301     52.0424589     69.9726324
 X^2_i P       71.9745869     53.4713116     72.0458718
 X^2_i T      141.8907170    105.5137706    142.0185041
------------------------------------------------------------
------------------------- Angular Momentum (hbar) --------------------------

               Spwfs(*)    Desired     Omega       E (MeV)      Densit. 
  __________________________________________________________________________
   J_x   |     0.00000     0.00000     0.00000    -0.00000     0.00000
   J_y   |     0.00000     0.00000     0.00000    -0.00000     0.00000
   J_z   |     1.72526     0.00000     0.50000    -0.86263     1.72526
  __________________________________________________________________________
   Size  |     1.72526     0.00000     0.50000                 1.72526
  --------------------------------------------------------------------------
---------------------Rotational properties--------------------
                Rigid rotor          (hbar^2/MeV)
              n              p              t 
 I_R X       2.9421760      3.0266227      5.9687987
 I_R Y       3.3731677      3.4727961      6.8459638
 I_R Z       2.9408136      3.0249038      5.9657173

                Belyaev                 (hbar^2/MeV) 
              n              p              t 
 I_B X       1.4248212      1.4579011      2.8827222
 I_B Y       0.0676453      0.0699993      0.1376446
 I_B Z       1.2855601      1.3113501      2.5969102

                Belyaev (collective)    (hbar^2/MeV) 
              n              p              t 
 I_B X       0.0000000      0.0000000      0.0000000
 I_B Y       0.0000000      0.0000000      0.0000000
 I_B Z       0.0000000      0.0000000      0.0000000

                 <J^2> - <J>^2          (hbar^2)
              n              p              t 
 J2_X        2.1788827      2.1742601      4.3531428
 J2_Y        0.0902052      0.0918770      0.1820821
 J2_Z        2.0315302      2.0204106      4.0519407
 J2_t        4.3006181      4.2865476      8.5871657

                 <J^2> - <J>^2 (coll.)  (hbar^2)
              n              p              t 
 J2_X        0.0000000      0.0000000      0.0000000
 J2_Y        0.0000000      0.0000000      0.0000000
 J2_Z        0.0000000      0.0000000      0.0000000
 J2_t        0.0000000      0.0000000      0.0000000
--------------------------------------------------------------------------------
 Skyrme Energy 
                                    Isoscalar      Isovector   |   Total
--------------------------------------------------------------------------------
                 E_D_I_I_D_I_I   -3570.793791       0.516349   -3570.277442
              E_D_I_I_D_I_I_DD    2398.867037      -0.433542    2398.433496
               E_D_I_Sm_D_I_Sm      -0.039332       0.000230      -0.039102
            E_D_I_Sm_D_I_Sm_DD       0.251880      -0.000155       0.251726
               E_D_I_I_D_Nm_Nm     135.249917       0.005881     135.255798
             E_D_I_I_Lap_D_I_I      96.189270      -0.019874      96.169395
           E_C_I_NmSk_C_I_NmSk       0.059589       0.000490       0.060079
               E_C_I_Nm_C_I_Nm      -0.091347      -0.000005      -0.091352
           E_D_I_Sm_Lap_D_I_Sm      -0.165176      -0.000033      -0.165209
            E_D_I_Sm_D_Nk_NkSm      -0.000475      -0.000010      -0.000485
       E_D_I_I_Derm_C_I_NxmSxm     -15.196404      -0.001558     -15.197962
        E_C_I_Nm_Derxm_D_I_Sxm      -0.098401      -0.000015      -0.098416
               E_DP_I_I_DP_I_I                                     0.000000
               E_CP_I_I_CP_I_I                                     0.000000
--------------------------------------------------------------------------------
                 Total Skyrme:                                  -955.699474
                    time-even:                                  -955.556635
                    time-odd :                                    -0.142838
--------------------------------------------------------------------------------
--------------------------------------------------------------------------------
                                     neutron        proton         total
                Kinetic Energy:     306.493151     298.293584     604.786735
                    COM 1-body:      -8.513699      -8.285933     -16.799632

                Coulomb Direct:       0.000000      66.924924      66.924924
                      Exchange:       0.000000      -6.754271      -6.754271

               Pairing (delta):       0.000000       0.000000       0.000000
               Pairing (densi):                                     0.000000
--------------------------------------------------------------------------------
                  Total energy:                                  -307.541717
                    from spwfs:                                  -307.541705
                   E_fu - E_sp:                                -0.121200E-04
                      Routhian:                                  -307.110554
--------------------------------------------------------------------------------
--------------------------------------------------------------------------------
Convergence report
                        Change^(i)     Change^(i-1)   rate (approx)
  Con.  Energy      :      -4.14E-06      -3.96E-06       8.56E-01
  Con.  Routhian    :      -5.98E-06      -5.62E-06       1.16E+00
  Con.  E_fu - E_sp :       3.43E-07       5.65E-07       1.41E+00
  Con.  |delta rho| :       1.92E-07       0.00E+00       1.01E+00
--------------------------------------------------------------------------------
--------------------------------------------------------------------------------
 Iteration =  191
 dt  =   0.0371      mu  =   0.9247  D2H =  0.8E-08
 E   =   -307.542    DE  =  0.13814E-07
 dmun=  0.0E+00      dmup=  0.0E+00
 Q20 =      11.5536  Q22 =      14.0515 dQ20=  0.2E-04      dQ22=  0.9E-05
 Jz  =    1.725      dJZ = -0.4E-05
--------------------------------------------------------------------------------
 Iteration =  192
 dt  =   0.0371      mu  =   0.9247  D2H =  0.7E-08
 E   =   -307.542    DE  =  0.13912E-07
 dmun=  0.0E+00      dmup=  0.0E+00
 Q20 =      11.5536  Q22 =      14.0515 dQ20=  0.1E-04      dQ22=  0.8E-05
 Jz  =    1.725      dJZ = -0.9E-05
--------------------------------------------------------------------------------
 Iteration =  193
 dt  =   0.0371      mu  =   0.9247  D2H =  0.5E-08
 E   =   -307.542    DE  =  0.13784E-07
 dmun=  0.0E+00      dmup=  0.0E+00
 Q20 =      11.5535  Q22 =      14.0515 dQ20=  0.1E-04      dQ22=  0.7E-05
 Jz  =    1.725      dJZ = -0.8E-05
--------------------------------------------------------------------------------
 Iteration =  194
 dt  =   0.0371      mu  =   0.9247  D2H =  0.4E-08
 E   =   -307.542    DE  =  0.13447E-07
 dmun=  0.0E+00      dmup=  0.0E+00
 Q20 =      11.5535  Q22 =      14.0514 dQ20=  0.1E-04      dQ22=  0.6E-05
 Jz  =    1.725      dJZ = -0.8E-05
--------------------------------------------------------------------------------
 Iteration =  195
 dt  =   0.0371      mu  =   0.9247  D2H =  0.4E-08
 E   =   -307.542    DE  =  0.12923E-07
 dmun=  0.0E+00      dmup=  0.0E+00
 Q20 =      11.5535  Q22 =      14.0514 dQ20=  0.1E-04      dQ22=  0.5E-05
 Jz  =    1.725      dJZ = -0.8E-05
--------------------------------------------------------------------------------
 Iteration =  196
 dt  =   0.0371      mu  =   0.9247  D2H =  0.3E-08
 E   =   -307.542    DE  =  0.12234E-07
 dmun=  0.0E+00      dmup=  0.0E+00
 Q20 =      11.5535  Q22 =      14.0514 dQ20=  0.9E-05      dQ22=  0.4E-05
 Jz  =    1.725      dJZ = -0.8E-05
--------------------------------------------------------------------------------
 Iteration =  197
 dt  =   0.0371      mu  =   0.9247  D2H =  0.2E-08
 E   =   -307.542    DE  =  0.11401E-07
 dmun=  0.0E+00      dmup=  0.0E+00
 Q20 =      11.5535  Q22 =      14.0514 dQ20=  0.7E-05      dQ22=  0.3E-05
 Jz  =    1.725      dJZ = -0.7E-05
--------------------------------------------------------------------------------
 Iteration =  198
 dt  =   0.0371      mu  =   0.9247  D2H =  0.2E-08
 E   =   -307.542    DE  =  0.10448E-07
 dmun=  0.0E+00      dmup=  0.0E+00
 Q20 =      11.5535  Q22 =      14.0514 dQ20=  0.5E-05      dQ22=  0.1E-05
 Jz  =    1.725      dJZ = -0.7E-05
--------------------------------------------------------------------------------
 Iteration =  199
 dt  =   0.0371      mu  =   0.9247  D2H =  0.2E-08
 E   =   -307.542    DE  =  0.93978E-08
 dmun=  0.0E+00      dmup=  0.0E+00
 Q20 =      11.5535  Q22 =      14.0514 dQ20=  0.3E-05      dQ22=  0.3E-06
 Jz  =    1.725      dJZ = -0.6E-05
--------------------- Sp wavefunctions -----------------------------------------
________________________________________________________________________________
   Neutron wavefunctions
  i    P   Rz   occ       E        d2h    Delta   JxT    JyT    Jz     J
--------------------- Sp wavefunctions -----------------------------------------
  1  1.0  1.0  1.0000   -46.647 -1.6E-11   0.00  -0.50   0.50   0.50   0.50
  8  1.0 -1.0  1.0000   -45.693  5.0E-12   0.00   0.50   0.50  -0.50   0.50
 29 -1.0 -1.0  1.0000   -34.053  1.1E-09   0.00  -0.39   0.54   1.30   1.49
 16 -1.0  1.0  1.0000   -33.665  2.3E-10   0.00  -0.68   1.24   0.45   1.50
 28 -1.0 -1.0  1.0000   -32.693  8.2E-10   0.00   1.32   0.46  -0.37   1.48
 15 -1.0  1.0  1.0000   -31.739  9.1E-10   0.00  -0.17  -0.25  -1.25   1.42
 17 -1.0  1.0  1.0000   -28.595  7.0E-10   0.00   0.35  -0.50   0.31   0.68
 30 -1.0 -1.0  1.0000   -28.059  5.0E-10   0.00  -0.43  -0.50  -0.44   0.58
  2  1.0  1.0  1.0000   -21.500  1.8E-09   0.00  -0.48   0.90   1.81   2.48
  9  1.0 -1.0  1.0000   -21.366  5.3E-09   0.00  -0.68   1.42   1.14   2.50
  4  1.0  1.0  1.0000   -20.683  2.0E-09   0.00  -0.11   1.22   0.91   2.43
 11  1.0 -1.0  1.0000   -19.908  5.0E-09   0.00   2.07   0.06  -0.21   2.46
  3  1.0  1.0  1.0000   -19.071  1.1E-09   0.00  -0.73  -0.60  -1.24   2.42
 10  1.0 -1.0  1.0000   -18.343  7.6E-10   0.00   0.03   0.03  -2.15   2.29
  5  1.0  1.0  1.0000   -15.612  3.9E-09   0.00  -0.48   0.48   0.38   0.99
 12  1.0 -1.0  1.0000   -15.022  1.2E-09   0.00   0.25   0.44  -0.20   1.20
  6  1.0  1.0  1.0000   -13.850  3.7E-09   0.00   0.26  -1.44   0.23   1.53
 13  1.0 -1.0  1.0000   -13.834  1.5E-10   0.00   0.24  -1.36   0.19   1.51
 14  1.0 -1.0  0.0000   -11.556  4.1E-10   0.00  -0.91   0.41   0.24   1.45
  7  1.0  1.0  0.0000   -10.823  1.4E-10   0.00   0.53   0.44  -1.08   1.48
 31 -1.0 -1.0  0.0000    -9.461  5.7E-09   0.00  -0.63   1.34   2.03   3.48
 18 -1.0  1.0  0.0000    -9.424  1.2E-08   0.00  -0.73   1.62   1.67   3.49
 33 -1.0 -1.0  0.0000    -8.794  9.4E-09   0.00  -0.14   1.00   2.19   3.35
 20 -1.0  1.0  0.0000    -8.287  1.3E-08   0.00   0.60   1.20   0.89   3.41
 32 -1.0 -1.0  0.0000    -7.642  5.0E-09   0.00   2.32  -0.59  -0.13   3.41
 19 -1.0  1.0  0.0000    -6.951  4.5E-09   0.00  -1.53  -0.77  -1.10   3.32
 34 -1.0 -1.0  0.0000    -6.229  3.1E-09   0.00   0.36   0.31  -1.99   3.18
 21 -1.0  1.0  0.0000    -5.529  3.6E-09   0.00   0.01   0.02  -2.88   3.05
 36 -1.0 -1.0  0.0000    -4.476  2.3E-09   0.00  -0.71   0.99   0.83   1.94
 23 -1.0  1.0  0.0000    -4.342  4.1E-09   0.00  -0.73   1.26   0.26   1.99
 35 -1.0 -1.0  0.0000    -3.094  4.0E-09   0.00   1.07  -0.09  -0.26   1.77
 22 -1.0  1.0  0.0000    -2.842  4.5E-09   0.00   0.31  -0.38  -0.07   1.33
 37 -1.0 -1.0  0.0000    -1.164  5.4E-09   0.00   0.01  -0.47  -0.16   1.40
 24 -1.0  1.0  0.0000    -0.929  1.7E-04   0.00   0.35  -1.39   0.51   2.40
 40 -1.0 -1.0  0.0000    -0.893  1.4E-09   0.00   0.63  -2.06   0.66   2.49
 27 -1.0  1.0  0.0000    -0.805  1.7E-04   0.00   0.10  -1.08  -0.47   2.16
 26 -1.0  1.0  0.0000     0.527  5.7E-09   0.00  -1.08   0.19   0.99   2.34
 39 -1.0 -1.0  0.0000     0.808  4.6E-09   0.00  -1.47   0.70   0.00   2.44
 25 -1.0  1.0  0.0000     1.038  9.1E-10   0.00   0.53  -0.50   0.52   2.22
 38 -1.0 -1.0  0.0000     1.056  2.6E-09   0.00  -0.56  -0.46  -0.45   2.23
________________________________________________________________________________
   Proton  wavefunctions
  i    P   Rz   occ       E        d2h    Delta   JxT    JyT    Jz     J
--------------------- Sp wavefunctions -----------------------------------------
 41  1.0  1.0  1.0000   -39.312  2.5E-11   0.00  -0.50   0.50   0.50   0.51
 48  1.0 -1.0  1.0000   -38.381  2.1E-11   0.00   0.50   0.50  -0.50   0.50
 69 -1.0 -1.0  1.0000   -27.129  3.0E-10   0.00  -0.40   0.54   1.30   1.49
 56 -1.0  1.0  1.0000   -26.749  1.6E-10   0.00  -0.68   1.25   0.44   1.50
 68 -1.0 -1.0  1.0000   -25.794  2.1E-10   0.00   1.32   0.46  -0.36   1.48
 55 -1.0  1.0  1.0000   -24.851  1.5E-09   0.00  -0.17  -0.25  -1.24   1.42
 57 -1.0  1.0  1.0000   -21.746  1.4E-09   0.00   0.35  -0.50   0.30   0.68
 70 -1.0 -1.0  1.0000   -21.223  1.3E-10   0.00  -0.42  -0.50  -0.44   0.58
 42  1.0  1.0  1.0000   -14.932  2.1E-09   0.00  -0.48   0.89   1.81   2.48
 49  1.0 -1.0  1.0000   -14.799  4.5E-09   0.00  -0.68   1.42   1.14   2.50
 44  1.0  1.0  1.0000   -14.120  2.5E-09   0.00  -0.10   1.22   0.91   2.43
 51  1.0 -1.0  1.0000   -13.357  4.2E-09   0.00   2.06   0.06  -0.21   2.46
 43  1.0  1.0  1.0000   -12.526  1.1E-09   0.00  -0.74  -0.60  -1.24   2.42
 50  1.0 -1.0  1.0000   -11.791  6.6E-10   0.00   0.04   0.04  -2.15   2.29
 45  1.0  1.0  1.0000    -9.128  2.0E-09   0.00  -0.47   0.48   0.38   0.98
 52  1.0 -1.0  1.0000    -8.554  1.4E-09   0.00   0.24   0.43  -0.17   1.20
 46  1.0  1.0  1.0000    -7.471  2.1E-09   0.00   0.26  -1.43   0.23   1.53
 53  1.0 -1.0  1.0000    -7.453  5.0E-10   0.00   0.24  -1.35   0.17   1.51
 54  1.0 -1.0  0.0000    -5.214  4.4E-10   0.00  -0.90   0.41   0.23   1.45
 47  1.0  1.0  0.0000    -4.494  1.9E-10   0.00   0.53   0.44  -1.08   1.48
 71 -1.0 -1.0  0.0000    -3.247  3.5E-09   0.00  -0.61   1.28   2.08   3.48
 58 -1.0  1.0  0.0000    -3.207  1.3E-08   0.00  -0.73   1.58   1.69   3.49
 73 -1.0 -1.0  0.0000    -2.601  8.5E-09   0.00  -0.17   1.03   2.15   3.34
 60 -1.0  1.0  0.0000    -2.093  1.4E-08   0.00   0.56   1.24   0.87   3.40
 72 -1.0 -1.0  0.0000    -1.457  5.5E-09   0.00   2.34  -0.55  -0.15   3.40
 59 -1.0  1.0  0.0000    -0.783  2.2E-09   0.00  -1.44  -0.75  -1.08   3.29
 74 -1.0 -1.0  0.0000    -0.085  5.1E-09   0.00   0.37   0.33  -1.92   3.12
 61 -1.0  1.0  0.0000     0.592  2.3E-09   0.00   0.02   0.04  -2.75   2.96
 76 -1.0 -1.0  0.0000     1.292  7.1E-09   0.00  -0.75   0.88   0.88   1.99
 63 -1.0  1.0  0.0000     1.442  2.4E-09   0.00  -0.81   1.19   0.23   2.06
 75 -1.0 -1.0  0.0000     2.445  9.0E-09   0.00   0.99  -0.03  -0.38   1.83
 62 -1.0  1.0  0.0000     2.550  7.6E-09   0.00   0.41  -0.39   0.07   1.32
 66 -1.0  1.0  0.0000     2.776  3.5E-10   0.00   0.50  -0.50   0.50   2.17
 79 -1.0 -1.0  0.0000     2.778  2.7E-11   0.00  -0.49  -0.50  -0.49   2.17
 77 -1.0 -1.0  0.0000     3.267  8.0E-10   0.00   0.19  -0.47  -0.09   1.70
 64 -1.0  1.0  0.0000     3.447  1.2E-09   0.00  -0.54  -0.45  -1.13   2.25
 80 -1.0 -1.0  0.0000     3.782  3.0E-07   0.00  -0.48   1.14   0.80   2.44
 67 -1.0  1.0  0.0000     3.805  3.5E-09   0.00  -0.40   1.46   0.31   2.46
 78 -1.0 -1.0  0.0000     3.978  3.0E-07   0.00   0.98  -0.21  -0.13   2.34
 65 -1.0  1.0  0.0000     4.046  4.3E-09   0.00   0.33  -0.50   0.06   2.07
--------------------------------------------------------------------------------
---------------- Electric Multipole Moments -----------------
Quantisation Axis             : Z
  With secondary axis ordering: X,Y
______________________________________________________________
                     Neutrons        Protons         Total
______________________________________________________________
 Particles           18.0000         18.0000         36.0000

Re  Q_{ 2 0}          5.6728          5.8807         11.5535
Re  Q_{ 2 2}          6.9041          7.1473         14.0514

Re  Q_{ 4 0}         -8.1447         -9.0888        -17.2336
Re  Q_{ 4 2}         -8.2366         -9.1432        -17.3799
Re  Q_{ 4 4}        -10.6813        -11.9081        -22.5895

Re  Q_{ 6 0}        -69.3980        -79.5843       -148.9823
Re  Q_{ 6 2}        -69.0600        -78.2983       -147.3583
Re  Q_{ 6 4}        -71.4721        -79.6404       -151.1125
Re  Q_{ 6 6}        -99.4096       -112.7931       -212.2027

Re  Q_{ 8 0}        -20.5465       -170.2618       -190.8083
Re  Q_{ 8 2}        -99.0306        -88.5219       -187.5525
Re  Q_{ 8 4}        -73.9480       -128.1702       -202.1182
Re  Q_{ 8 6}       -112.4480       -108.7024       -221.1504
Re  Q_{ 8 8}       -109.1694       -187.1055       -296.2749

Re  Q_{10 0}       7332.6489       9240.6164      16573.2653
Re  Q_{10 2}        369.9144        350.9865        720.9009
Re  Q_{10 4}      -6660.7702      -8327.4711     -14988.2412
Re  Q_{10 6}        371.9726       1139.2892       1511.2618
Re  Q_{10 8}      -7747.9104      -9279.0580     -17026.9684
Re  Q_{1010}        780.2308        950.7649       1730.9957

 RMS radius           3.2654          3.3124          3.2890
______________________________________________________________
                     Neutrons        Protons         Total
______________________________________________________________

Beta_{ 2 0}       0.04204226      0.04358300      0.08562526
Beta_{ 2 2}       0.05116780      0.05297020      0.10413801

Beta_{ 4 0}      -0.00384475     -0.00429041     -0.00813516
Beta_{ 4 2}      -0.00388813     -0.00431610     -0.00820423
Beta_{ 4 4}      -0.00504216     -0.00562128     -0.01066344

Beta_{ 6 0}      -0.00208661     -0.00239288     -0.00447949
Beta_{ 6 2}      -0.00207644     -0.00235421     -0.00443066
Beta_{ 6 4}      -0.00214897     -0.00239457     -0.00454354
Beta_{ 6 6}      -0.00298897     -0.00339138     -0.00638035

Beta_{ 8 0}      -0.00003935     -0.00032607     -0.00036542
Beta_{ 8 2}      -0.00018966     -0.00016953     -0.00035919
Beta_{ 8 4}      -0.00014162     -0.00024546     -0.00038708
Beta_{ 8 6}      -0.00021535     -0.00020818     -0.00042353
Beta_{ 8 8}      -0.00020907     -0.00035833     -0.00056740

Beta_{10 0}       0.00089446      0.00112720      0.00202165
Beta_{10 2}       0.00004512      0.00004281      0.00008794
Beta_{10 4}      -0.00081250     -0.00101581     -0.00182831
Beta_{10 6}       0.00004537      0.00013897      0.00018435
Beta_{10 8}      -0.00094511     -0.00113189     -0.00207700
Beta_{1010}       0.00009517      0.00011598      0.00021115

______________________________________________________________
                     Neutrons        Protons         Total
______________________________________________________________
Q_{ 2}               11.2922         11.6941         22.9863
Q_{ 4}               20.7413         23.0957         43.8370
Q_{ 6}              210.5605        238.1694        448.7255
Q_{ 8}              283.0157        413.7220        679.5850
Q_{10}            16258.1552      20023.3521      36268.4862
______________________________________________________________
                     Neutrons        Protons         Total
______________________________________________________________
Beta_{   2}       0.08368895      0.08666696      0.17035590
Beta_{   4}       0.00979102      0.01090241      0.02069341
Beta_{   6}       0.00633097      0.00716110      0.01349194
Beta_{   8}       0.00054201      0.00079233      0.00130149
Beta_{  10}       0.00198322      0.00244250      0.00442413
______________________________________________________________
 Cart. Moments X              Y              Z
 Cart. N       17.8171621    -35.8036906     17.9865285
 Cart. P       18.4319841    -37.0776749     18.6456909
 Cart. T       36.2491462    -72.8813656     36.6322193
 (Q, gamma)    Q              Gamma
 (Q,g) N       35.8038241     59.8435195
 (Q,g) P       37.0778802     59.8093371
 (Q,g) T       72.8817011     59.8261295
 (iq1, iq2)    iq1            iq2
 iq    N        0.1129109     35.7472352
 iq    P        0.1424712     37.0064393
 iq    T        0.2553821     72.7536745
               X^2            Y^2            Z^2
 X^2_i N       69.9161127     52.0424951     69.9725681
 X^2_i P       71.9745706     53.4713509     72.0458062
 X^2_i T      141.8906833    105.5138460    142.0183743
------------------------------------------------------------
------------------------- Angular Momentum (hbar) --------------------------

               Spwfs(*)    Desired     Omega       E (MeV)      Densit. 
  __________________________________________________________________________
   J_x   |     0.00000     0.00000     0.00000    -0.00000     0.00000
   J_y   |     0.00000     0.00000     0.00000    -0.00000     0.00000
   J_z   |     1.72518     0.00000     0.50000    -0.86259     1.72518
  __________________________________________________________________________
   Size  |     1.72518     0.00000     0.50000                 1.72518
  --------------------------------------------------------------------------
---------------------Rotational properties--------------------
                Rigid rotor          (hbar^2/MeV)
              n              p              t 
 I_R X       2.9421753      3.0266221      5.9687974
 I_R Y       3.3731657      3.4727942      6.8459599
 I_R Z       2.9408140      3.0249043      5.9657184

                Belyaev                 (hbar^2/MeV) 
              n              p              t 
 I_B X       1.4248333      1.4579180      2.8827513
 I_B Y       0.0676414      0.0699945      0.1376359
 I_B Z       1.2855621      1.3113515      2.5969137

                Belyaev (collective)    (hbar^2/MeV) 
              n              p              t 
 I_B X       0.0000000      0.0000000      0.0000000
 I_B Y       0.0000000      0.0000000      0.0000000
 I_B Z       0.0000000      0.0000000      0.0000000

                 <J^2> - <J>^2          (hbar^2)
              n              p              t 
 J2_X        2.1788686      2.1742446      4.3531132
 J2_Y        0.0901986      0.0918692      0.1820679
 J2_Z        2.0315305      2.0204128      4.0519433
 J2_t        4.3005977      4.2865267      8.5871244

                 <J^2> - <J>^2 (coll.)  (hbar^2)
              n              p              t 
 J2_X        0.0000000      0.0000000      0.0000000
 J2_Y        0.0000000      0.0000000      0.0000000
 J2_Z        0.0000000      0.0000000      0.0000000
 J2_t        0.0000000      0.0000000      0.0000000
--------------------------------------------------------------------------------
 Skyrme Energy 
                                    Isoscalar      Isovector   |   Total
--------------------------------------------------------------------------------
                 E_D_I_I_D_I_I   -3570.794645       0.516349   -3570.278296
              E_D_I_I_D_I_I_DD    2398.867755      -0.433542    2398.434214
               E_D_I_Sm_D_I_Sm      -0.039330       0.000230      -0.039100
            E_D_I_Sm_D_I_Sm_DD       0.251865      -0.000155       0.251710
               E_D_I_I_D_Nm_Nm     135.250014       0.005881     135.255895
             E_D_I_I_Lap_D_I_I      96.189256      -0.019874      96.169381
           E_C_I_NmSk_C_I_NmSk       0.059590       0.000490       0.060080
               E_C_I_Nm_C_I_Nm      -0.091339      -0.000005      -0.091345
           E_D_I_Sm_Lap_D_I_Sm      -0.165169      -0.000033      -0.165202
            E_D_I_Sm_D_Nk_NkSm      -0.000475      -0.000010      -0.000485
       E_D_I_I_Derm_C_I_NxmSxm     -15.196508      -0.001558     -15.198066
        E_C_I_Nm_Derxm_D_I_Sxm      -0.098395      -0.000015      -0.098410
               E_DP_I_I_DP_I_I                                     0.000000
               E_CP_I_I_CP_I_I                                     0.000000
--------------------------------------------------------------------------------
                 Total Skyrme:                                  -955.699624
                    time-even:                                  -955.556793
                    time-odd :                                    -0.142831
--------------------------------------------------------------------------------
--------------------------------------------------------------------------------
                                     neutron        proton         total
                Kinetic Energy:     306.493209     298.293636     604.786845
                    COM 1-body:      -8.513700      -8.285934     -16.799635

                Coulomb Direct:       0.000000      66.924931      66.924931
                      Exchange:       0.000000      -6.754271      -6.754271

               Pairing (delta):       0.000000       0.000000       0.000000
               Pairing (densi):                                     0.000000
--------------------------------------------------------------------------------
                  Total energy:                                  -307.541754
                    from spwfs:                                  -307.541744
                   E_fu - E_sp:                                -0.971338E-05
                      Routhian:                                  -307.110611
--------------------------------------------------------------------------------
--------------------------------------------------------------------------------
Convergence report
                        Change^(i)     Change^(i-1)   rate (approx)
  Con.  Energy      :      -2.54E-06      -2.89E-06       1.02E+00
  Con.  Routhian    :      -4.15E-06      -4.64E-06       1.14E+00
  Con.  E_fu - E_sp :      -3.85E-07      -6.93E-07       6.06E-01
  Con.  |delta rho| :       4.54E-08       0.00E+00       1.11E+00
--------------------------------------------------------------------------------
--------------------------------------------------------------------------------
 Iteration =  201
 dt  =   0.0371      mu  =   0.9247  D2H =  0.1E-08
 E   =   -307.542    DE  =  0.71023E-08
 dmun=  0.0E+00      dmup=  0.0E+00
 Q20 =      11.5535  Q22 =      14.0514 dQ20=  0.3E-07      dQ22=  0.1E-05
 Jz  =    1.725      dJZ = -0.2E-05
--------------------------------------------------------------------------------
 Iteration =  202
 dt  =   0.0371      mu  =   0.9247  D2H =  0.2E-08
 E   =   -307.542    DE  =  0.59044E-08
 dmun=  0.0E+00      dmup=  0.0E+00
 Q20 =      11.5535  Q22 =      14.0514 dQ20=  0.1E-05      dQ22=  0.2E-05
 Jz  =    1.725      dJZ = -0.4E-05
--------------------------------------------------------------------------------
 Iteration =  203
 dt  =   0.0371      mu  =   0.9247  D2H =  0.2E-08
 E   =   -307.542    DE  =  0.47043E-08
 dmun=  0.0E+00      dmup=  0.0E+00
 Q20 =      11.5535  Q22 =      14.0514 dQ20=  0.3E-05      dQ22=  0.3E-05
 Jz  =    1.725      dJZ = -0.3E-05
--------------------------------------------------------------------------------
 Iteration =  204
 dt  =   0.0371      mu  =   0.9247  D2H =  0.2E-08
 E   =   -307.542    DE  =  0.35239E-08
 dmun=  0.0E+00      dmup=  0.0E+00
 Q20 =      11.5535  Q22 =      14.0514 dQ20=  0.4E-05      dQ22=  0.3E-05
 Jz  =    1.725      dJZ = -0.3E-05
--------------------------------------------------------------------------------
 Iteration =  205
 dt  =   0.0371      mu  =   0.9247  D2H =  0.2E-08
 E   =   -307.542    DE  =  0.23833E-08
 dmun=  0.0E+00      dmup=  0.0E+00
 Q20 =      11.5535  Q22 =      14.0514 dQ20=  0.4E-05      dQ22=  0.3E-05
 Jz  =    1.725      dJZ = -0.2E-05
--------------------------------------------------------------------------------
 Iteration =  206
 dt  =   0.0371      mu  =   0.9247  D2H =  0.2E-08
 E   =   -307.542    DE  =  0.13002E-08
 dmun=  0.0E+00      dmup=  0.0E+00
 Q20 =      11.5535  Q22 =      14.0514 dQ20=  0.4E-05      dQ22=  0.3E-05
 Jz  =    1.725      dJZ = -0.1E-05
--------------------------------------------------------------------------------
 Iteration =  207
 dt  =   0.0371      mu  =   0.9247  D2H =  0.2E-08
 E   =   -307.542    DE  =  0.28974E-09
 dmun=  0.0E+00      dmup=  0.0E+00
 Q20 =      11.5535  Q22 =      14.0515 dQ20=  0.5E-05      dQ22=  0.3E-05
 Jz  =    1.725      dJZ = -0.5E-06
--------------------------------------------------------------------------------
 Iteration =  208
 dt  =   0.0371      mu  =   0.9247  D2H =  0.2E-08
 E   =   -307.542    DE  =  0.63627E-09
 dmun=  0.0E+00      dmup=  0.0E+00
 Q20 =      11.5535  Q22 =      14.0515 dQ20=  0.5E-05      dQ22=  0.3E-05
 Jz  =    1.725      dJZ =  0.1E-06
--------------------------------------------------------------------------------
 Iteration =  209
 dt  =   0.0371      mu  =   0.9247  D2H =  0.2E-08
 E   =   -307.542    DE  =  0.14694E-08
 dmun=  0.0E+00      dmup=  0.0E+00
 Q20 =      11.5535  Q22 =      14.0515 dQ20=  0.5E-05      dQ22=  0.4E-05
 Jz  =    1.725      dJZ =  0.6E-06
--------------------- Sp wavefunctions -----------------------------------------
________________________________________________________________________________
   Neutron wavefunctions
  i    P   Rz   occ       E        d2h    Delta   JxT    JyT    Jz     J
--------------------- Sp wavefunctions -----------------------------------------
  1  1.0  1.0  1.0000   -46.647  4.5E-13   0.00  -0.50   0.50   0.50   0.50
  8  1.0 -1.0  1.0000   -45.693 -1.4E-12   0.00   0.50   0.50  -0.50   0.50
 29 -1.0 -1.0  1.0000   -34.053  4.0E-09   0.00  -0.39   0.54   1.30   1.49
 16 -1.0  1.0  1.0000   -33.665  2.6E-10   0.00  -0.68   1.24   0.45   1.50
 28 -1.0 -1.0  1.0000   -32.693  4.0E-09   0.00   1.32   0.46  -0.37   1.48
 15 -1.0  1.0  1.0000   -31.739  8.7E-09   0.00  -0.17  -0.25  -1.25   1.42
 17 -1.0  1.0  1.0000   -28.595  8.4E-09   0.00   0.35  -0.50   0.31   0.68
 30 -1.0 -1.0  1.0000   -28.059  2.7E-10   0.00  -0.43  -0.50  -0.44   0.58
  2  1.0  1.0  1.0000   -21.500  7.2E-10   0.00  -0.48   0.90   1.81   2.48
  9  1.0 -1.0  1.0000   -21.366  4.4E-09   0.00  -0.68   1.42   1.14   2.50
  4  1.0  1.0  1.0000   -20.683  3.6E-10   0.00  -0.11   1.22   0.91   2.43
 11  1.0 -1.0  1.0000   -19.908  4.5E-09   0.00   2.07   0.06  -0.21   2.46
  3  1.0  1.0  1.0000   -19.071  1.0E-09   0.00  -0.73  -0.60  -1.24   2.42
 10  1.0 -1.0  1.0000   -18.343  1.0E-09   0.00   0.03   0.03  -2.15   2.29
  5  1.0  1.0  1.0000   -15.612  1.7E-09   0.00  -0.48   0.48   0.38   0.99
 12  1.0 -1.0  1.0000   -15.022  1.4E-09   0.00   0.25   0.44  -0.20   1.20
  6  1.0  1.0  1.0000   -13.850  1.1E-09   0.00   0.26  -1.44   0.23   1.53
 13  1.0 -1.0  1.0000   -13.834  1.8E-10   0.00   0.24  -1.36   0.19   1.51
 14  1.0 -1.0  0.0000   -11.556  3.8E-10   0.00  -0.91   0.41   0.24   1.45
  7  1.0  1.0  0.0000   -10.823  7.8E-11   0.00   0.53   0.44  -1.08   1.48
 31 -1.0 -1.0  0.0000    -9.461  3.9E-09   0.00  -0.63   1.34   2.03   3.48
 18 -1.0  1.0  0.0000    -9.424  1.1E-09   0.00  -0.73   1.62   1.67   3.49
 33 -1.0 -1.0  0.0000    -8.794  3.6E-09   0.00  -0.14   1.00   2.19   3.35
 20 -1.0  1.0  0.0000    -8.287  1.9E-09   0.00   0.60   1.20   0.89   3.41
 32 -1.0 -1.0  0.0000    -7.642  9.4E-10   0.00   2.32  -0.59  -0.13   3.41
 19 -1.0  1.0  0.0000    -6.951  2.1E-09   0.00  -1.53  -0.77  -1.10   3.32
 34 -1.0 -1.0  0.0000    -6.229  1.5E-09   0.00   0.36   0.31  -1.99   3.18
 21 -1.0  1.0  0.0000    -5.529  1.2E-09   0.00   0.01   0.02  -2.88   3.05
 36 -1.0 -1.0  0.0000    -4.476  4.6E-09   0.00  -0.71   0.99   0.83   1.94
 23 -1.0  1.0  0.0000    -4.342  6.0E-10   0.00  -0.73   1.26   0.26   1.99
 35 -1.0 -1.0  0.0000    -3.094  5.0E-09   0.00   1.07  -0.09  -0.26   1.77
 22 -1.0  1.0  0.0000    -2.842  2.4E-09   0.00   0.31  -0.38  -0.07   1.33
 37 -1.0 -1.0  0.0000    -1.164  1.1E-09   0.00   0.01  -0.47  -0.16   1.40
 24 -1.0  1.0  0.0000    -0.930  1.4E-04   0.00   0.36  -1.40   0.52   2.40
 40 -1.0 -1.0  0.0000    -0.893  5.7E-10   0.00   0.63  -2.06   0.66   2.49
 27 -1.0  1.0  0.0000    -0.805  1.4E-04   0.00   0.09  -1.07  -0.48   2.16
 26 -1.0  1.0  0.0000     0.527  1.5E-09   0.00  -1.08   0.19   0.99   2.34
 39 -1.0 -1.0  0.0000     0.808  1.7E-09   0.00  -1.47   0.70   0.00   2.44
 25 -1.0  1.0  0.0000     1.038  1.7E-10   0.00   0.53  -0.50   0.52   2.22
 38 -1.0 -1.0  0.0000     1.056  1.4E-09   0.00  -0.56  -0.46  -0.45   2.23
________________________________________________________________________________
   Proton  wavefunctions
  i    P   Rz   occ       E        d2h    Delta   JxT    JyT    Jz     J
--------------------- Sp wavefunctions -----------------------------------------
 41  1.0  1.0  1.0000   -39.312  7.3E-12   0.00  -0.50   0.50   0.50   0.51
 48  1.0 -1.0  1.0000   -38.381  1.5E-11   0.00   0.50   0.50  -0.50   0.50
 69 -1.0 -1.0  1.0000   -27.129  3.5E-09   0.00  -0.40   0.54   1.30   1.49
 56 -1.0  1.0  1.0000   -26.749  2.4E-10   0.00  -0.68   1.25   0.44   1.50
 68 -1.0 -1.0  1.0000   -25.794  3.5E-09   0.00   1.32   0.46  -0.36   1.48
 55 -1.0  1.0  1.0000   -24.851  7.9E-09   0.00  -0.17  -0.25  -1.24   1.42
 57 -1.0  1.0  1.0000   -21.746  7.7E-09   0.00   0.35  -0.50   0.30   0.68
 70 -1.0 -1.0  1.0000   -21.223  3.9E-10   0.00  -0.42  -0.50  -0.44   0.58
 42  1.0  1.0  1.0000   -14.932  6.1E-10   0.00  -0.48   0.89   1.81   2.48
 49  1.0 -1.0  1.0000   -14.799  4.4E-09   0.00  -0.68   1.42   1.14   2.50
 44  1.0  1.0  1.0000   -14.120  3.2E-10   0.00  -0.10   1.22   0.91   2.43
 51  1.0 -1.0  1.0000   -13.357  4.6E-09   0.00   2.06   0.06  -0.21   2.46
 43  1.0  1.0  1.0000   -12.526  1.1E-09   0.00  -0.74  -0.60  -1.24   2.42
 50  1.0 -1.0  1.0000   -11.791  1.3E-09   0.00   0.04   0.04  -2.15   2.29
 45  1.0  1.0  1.0000    -9.128  2.3E-09   0.00  -0.47   0.48   0.38   0.98
 52  1.0 -1.0  1.0000    -8.554  1.6E-09   0.00   0.24   0.43  -0.17   1.20
 46  1.0  1.0  1.0000    -7.471  1.6E-09   0.00   0.26  -1.43   0.23   1.53
 53  1.0 -1.0  1.0000    -7.453  5.7E-11   0.00   0.24  -1.35   0.17   1.51
 54  1.0 -1.0  0.0000    -5.214  3.8E-10   0.00  -0.90   0.41   0.23   1.45
 47  1.0  1.0  0.0000    -4.494  1.2E-10   0.00   0.53   0.44  -1.08   1.48
 71 -1.0 -1.0  0.0000    -3.247  3.5E-09   0.00  -0.61   1.28   2.08   3.48
 58 -1.0  1.0  0.0000    -3.207  1.8E-09   0.00  -0.73   1.58   1.69   3.49
 73 -1.0 -1.0  0.0000    -2.601  3.2E-09   0.00  -0.17   1.03   2.15   3.34
 60 -1.0  1.0  0.0000    -2.093  2.8E-09   0.00   0.56   1.24   0.87   3.40
 72 -1.0 -1.0  0.0000    -1.457  9.5E-10   0.00   2.34  -0.55  -0.15   3.40
 59 -1.0  1.0  0.0000    -0.783  3.0E-09   0.00  -1.44  -0.75  -1.08   3.29
 74 -1.0 -1.0  0.0000    -0.085  9.7E-10   0.00   0.37   0.33  -1.92   3.12
 61 -1.0  1.0  0.0000     0.592  7.9E-10   0.00   0.02   0.04  -2.75   2.96
 76 -1.0 -1.0  0.0000     1.292  6.9E-10   0.00  -0.75   0.88   0.88   1.99
 63 -1.0  1.0  0.0000     1.442  2.1E-09   0.00  -0.81   1.19   0.23   2.06
 75 -1.0 -1.0  0.0000     2.445  1.1E-09   0.00   0.99  -0.03  -0.38   1.83
 62 -1.0  1.0  0.0000     2.550  2.4E-09   0.00   0.41  -0.39   0.07   1.32
 66 -1.0  1.0  0.0000     2.776  2.2E-10   0.00   0.50  -0.50   0.50   2.17
 79 -1.0 -1.0  0.0000     2.778  1.6E-11   0.00  -0.49  -0.50  -0.49   2.17
 77 -1.0 -1.0  0.0000     3.267  9.9E-10   0.00   0.19  -0.47  -0.09   1.70
 64 -1.0  1.0  0.0000     3.447  1.5E-09   0.00  -0.54  -0.45  -1.13   2.25
 80 -1.0 -1.0  0.0000     3.782  2.0E-07   0.00  -0.48   1.14   0.81   2.44
 67 -1.0  1.0  0.0000     3.805  2.0E-09   0.00  -0.40   1.46   0.31   2.46
 78 -1.0 -1.0  0.0000     3.978  2.0E-07   0.00   0.98  -0.21  -0.13   2.34
 65 -1.0  1.0  0.0000     4.046  2.6E-09   0.00   0.33  -0.50   0.06   2.07
--------------------------------------------------------------------------------
---------------- Electric Multipole Moments -----------------
Quantisation Axis             : Z
  With secondary axis ordering: X,Y
______________________________________________________________
                     Neutrons        Protons         Total
______________________________________________________________
 Particles           18.0000         18.0000         36.0000

Re  Q_{ 2 0}          5.6728          5.8807         11.5535
Re  Q_{ 2 2}          6.9041          7.1473         14.0515

Re  Q_{ 4 0}         -8.1447         -9.0887        -17.2335
Re  Q_{ 4 2}         -8.2366         -9.1432        -17.3798
Re  Q_{ 4 4}        -10.6813        -11.9081        -22.5893

Re  Q_{ 6 0}        -69.3984        -79.5827       -148.9812
Re  Q_{ 6 2}        -69.0602        -78.2980       -147.3581
Re  Q_{ 6 4}        -71.4720        -79.6403       -151.1123
Re  Q_{ 6 6}        -99.4096       -112.7924       -212.2020

Re  Q_{ 8 0}        -20.5577       -170.2745       -190.8322
Re  Q_{ 8 2}        -99.0200        -88.4910       -187.5110
Re  Q_{ 8 4}        -73.9519       -128.1459       -202.0978
Re  Q_{ 8 6}       -112.4567       -108.6988       -221.1555
Re  Q_{ 8 8}       -109.1755       -187.0920       -296.2675

Re  Q_{10 0}       7333.6287       9235.3698      16568.9985
Re  Q_{10 2}        369.0802        354.3202        723.4004
Re  Q_{10 4}      -6660.6705      -8326.6563     -14987.3268
Re  Q_{10 6}        372.1243       1137.7368       1509.8610
Re  Q_{10 8}      -7748.5651      -9282.0576     -17030.6227
Re  Q_{1010}        779.4302        952.1431       1731.5733

 RMS radius           3.2654          3.3124          3.2890
______________________________________________________________
                     Neutrons        Protons         Total
______________________________________________________________

Beta_{ 2 0}       0.04204238      0.04358316      0.08562554
Beta_{ 2 2}       0.05116791      0.05297031      0.10413822

Beta_{ 4 0}      -0.00384475     -0.00429037     -0.00813512
Beta_{ 4 2}      -0.00388812     -0.00431607     -0.00820419
Beta_{ 4 4}      -0.00504212     -0.00562124     -0.01066336

Beta_{ 6 0}      -0.00208662     -0.00239283     -0.00447945
Beta_{ 6 2}      -0.00207645     -0.00235420     -0.00443065
Beta_{ 6 4}      -0.00214897     -0.00239456     -0.00454353
Beta_{ 6 6}      -0.00298897     -0.00339136     -0.00638033

Beta_{ 8 0}      -0.00003937     -0.00032610     -0.00036547
Beta_{ 8 2}      -0.00018964     -0.00016947     -0.00035911
Beta_{ 8 4}      -0.00014163     -0.00024541     -0.00038704
Beta_{ 8 6}      -0.00021537     -0.00020817     -0.00042354
Beta_{ 8 8}      -0.00020908     -0.00035830     -0.00056739

Beta_{10 0}       0.00089458      0.00112656      0.00202113
Beta_{10 2}       0.00004502      0.00004322      0.00008824
Beta_{10 4}      -0.00081249     -0.00101571     -0.00182820
Beta_{10 6}       0.00004539      0.00013878      0.00018418
Beta_{10 8}      -0.00094519     -0.00113225     -0.00207744
Beta_{1010}       0.00009508      0.00011615      0.00021122

______________________________________________________________
                     Neutrons        Protons         Total
______________________________________________________________
Q_{ 2}               11.2922         11.6941         22.9863
Q_{ 4}               20.7412         23.0955         43.8367
Q_{ 6}              210.5607        238.1679        448.7242
Q_{ 8}              283.0227        413.6849        679.5536
Q_{10}            16259.0317      20023.1062      36269.2505
______________________________________________________________
                     Neutrons        Protons         Total
______________________________________________________________
Beta_{   2}       0.08368914      0.08666718      0.17035631
Beta_{   4}       0.00979096      0.01090233      0.02069328
Beta_{   6}       0.00633098      0.00716105      0.01349190
Beta_{   8}       0.00054202      0.00079226      0.00130143
Beta_{  10}       0.00198332      0.00244247      0.00442423
______________________________________________________________
 Cart. Moments X              Y              Z
 Cart. N       17.8171909    -35.8037717     17.9865808
 Cart. P       18.4320097    -37.0777652     18.6457555
 Cart. T       36.2492006    -72.8815369     36.6323363
 (Q, gamma)    Q              Gamma
 (Q,g) N       35.8039053     59.8434981
 (Q,g) P       37.0779706     59.8093027
 (Q,g) T       72.8818726     59.8261015
 (iq1, iq2)    iq1            iq2
 iq    N        0.1129266     35.7473084
 iq    P        0.1424972     37.0065166
 iq    T        0.2554238     72.7538250
               X^2            Y^2            Z^2
 X^2_i N       69.9161228     52.0424686     69.9725861
 X^2_i P       71.9745793     53.4713210     72.0458279
 X^2_i T      141.8907022    105.5137897    142.0184141
------------------------------------------------------------
------------------------- Angular Momentum (hbar) --------------------------

               Spwfs(*)    Desired     Omega       E (MeV)      Densit. 
  __________________________________________________________________________
   J_x   |     0.00000     0.00000     0.00000    -0.00000     0.00000
   J_y   |     0.00000     0.00000     0.00000    -0.00000     0.00000
   J_z   |     1.72517     0.00000     0.50000    -0.86259     1.72517
  __________________________________________________________________________
   Size  |     1.72517     0.00000     0.50000                 1.72517
  --------------------------------------------------------------------------
---------------------Rotational properties--------------------
                Rigid rotor          (hbar^2/MeV)
              n              p              t 
 I_R X       2.9421751      3.0266219      5.9687970
 I_R Y       3.3731664      3.4727949      6.8459613
 I_R Z       2.9408136      3.0249038      5.9657175

                Belyaev                 (hbar^2/MeV) 
              n              p              t 
 I_B X       1.4248264      1.4579201      2.8827465
 I_B Y       0.0676398      0.0699924      0.1376323
 I_B Z       1.2855637      1.3113494      2.5969132

                Belyaev (collective)    (hbar^2/MeV) 
              n              p              t 
 I_B X       0.0000000      0.0000000      0.0000000
 I_B Y       0.0000000      0.0000000      0.0000000
 I_B Z       0.0000000      0.0000000      0.0000000

                 <J^2> - <J>^2          (hbar^2)
              n              p              t 
 J2_X        2.1788737      2.1742524      4.3531261
 J2_Y        0.0901971      0.0918671      0.1820642
 J2_Z        2.0315372      2.0204196      4.0519568
 J2_t        4.3006080      4.2865392      8.5871471

                 <J^2> - <J>^2 (coll.)  (hbar^2)
              n              p              t 
 J2_X        0.0000000      0.0000000      0.0000000
 J2_Y        0.0000000      0.0000000      0.0000000
 J2_Z        0.0000000      0.0000000      0.0000000
 J2_t        0.0000000      0.0000000      0.0000000
--------------------------------------------------------------------------------
 Skyrme Energy 
                                    Isoscalar      Isovector   |   Total
--------------------------------------------------------------------------------
                 E_D_I_I_D_I_I   -3570.794799       0.516349   -3570.278450
              E_D_I_I_D_I_I_DD    2398.867856      -0.433542    2398.434314
               E_D_I_Sm_D_I_Sm      -0.039329       0.000230      -0.039099
            E_D_I_Sm_D_I_Sm_DD       0.251861      -0.000155       0.251707
               E_D_I_I_D_Nm_Nm     135.250004       0.005881     135.255885
             E_D_I_I_Lap_D_I_I      96.189286      -0.019874      96.169411
           E_C_I_NmSk_C_I_NmSk       0.059590       0.000490       0.060080
               E_C_I_Nm_C_I_Nm      -0.091338      -0.000005      -0.091343
           E_D_I_Sm_Lap_D_I_Sm      -0.165169      -0.000033      -0.165202
            E_D_I_Sm_D_Nk_NkSm      -0.000475      -0.000010      -0.000485
       E_D_I_I_Derm_C_I_NxmSxm     -15.196484      -0.001558     -15.198042
        E_C_I_Nm_Derxm_D_I_Sxm      -0.098394      -0.000015      -0.098409
               E_DP_I_I_DP_I_I                                     0.000000
               E_CP_I_I_CP_I_I                                     0.000000
--------------------------------------------------------------------------------
                 Total Skyrme:                                  -955.699633
                    time-even:                                  -955.556802
                    time-odd :                                    -0.142831
--------------------------------------------------------------------------------
--------------------------------------------------------------------------------
                                     neutron        proton         total
                Kinetic Energy:     306.493210     298.293638     604.786848
                    COM 1-body:      -8.513700      -8.285934     -16.799635

                Coulomb Direct:       0.000000      66.924931      66.924931
                      Exchange:       0.000000      -6.754272      -6.754272

               Pairing (delta):       0.000000       0.000000       0.000000
               Pairing (densi):                                     0.000000
--------------------------------------------------------------------------------
                  Total energy:                                  -307.541761
                    from spwfs:                                  -307.541762
                   E_fu - E_sp:                                 0.193435E-05
                      Routhian:                                  -307.110623
--------------------------------------------------------------------------------
--------------------------------------------------------------------------------
Convergence report
                        Change^(i)     Change^(i-1)   rate (approx)
  Con.  Energy      :       6.78E-07       4.52E-07       1.04E+00
  Con.  Routhian    :       7.76E-07       4.08E-07       7.71E-01
  Con.  E_fu - E_sp :      -7.35E-07      -9.68E-07       5.78E-01
  Con.  |delta rho| :       6.83E-08       0.00E+00       9.68E-01
--------------------------------------------------------------------------------
--------------------------------------------------------------------------------
 Iteration =  211
 dt  =   0.0371      mu  =   0.9247  D2H =  0.2E-08
 E   =   -307.542    DE  =  0.28381E-08
 dmun=  0.0E+00      dmup=  0.0E+00
 Q20 =      11.5535  Q22 =      14.0515 dQ20=  0.6E-05      dQ22=  0.4E-05
 Jz  =    1.725      dJZ =  0.9E-06
--------------------------------------------------------------------------------
 Iteration =  212
 dt  =   0.0371      mu  =   0.9247  D2H =  0.2E-08
 E   =   -307.542    DE  =  0.33699E-08
 dmun=  0.0E+00      dmup=  0.0E+00
 Q20 =      11.5535  Q22 =      14.0515 dQ20=  0.6E-05      dQ22=  0.4E-05
 Jz  =    1.725      dJZ =  0.2E-05
--------------------------------------------------------------------------------
 Iteration =  213
 dt  =   0.0371      mu  =   0.9247  D2H =  0.2E-08
 E   =   -307.542    DE  =  0.38006E-08
 dmun=  0.0E+00      dmup=  0.0E+00
 Q20 =      11.5535  Q22 =      14.0515 dQ20=  0.7E-05      dQ22=  0.4E-05
 Jz  =    1.725      dJZ =  0.2E-05
--------------------------------------------------------------------------------
 Iteration =  214
 dt  =   0.0371      mu  =   0.9247  D2H =  0.2E-08
 E   =   -307.542    DE  =  0.41322E-08
 dmun=  0.0E+00      dmup=  0.0E+00
 Q20 =      11.5536  Q22 =      14.0515 dQ20=  0.7E-05      dQ22=  0.4E-05
 Jz  =    1.725      dJZ =  0.2E-05
--------------------------------------------------------------------------------
 Iteration =  215
 dt  =   0.0371      mu  =   0.9247  D2H =  0.2E-08
 E   =   -307.542    DE  =  0.43678E-08
 dmun=  0.0E+00      dmup=  0.0E+00
 Q20 =      11.5536  Q22 =      14.0515 dQ20=  0.7E-05      dQ22=  0.4E-05
 Jz  =    1.725      dJZ =  0.3E-05
--------------------------------------------------------------------------------
 Iteration =  216
 dt  =   0.0371      mu  =   0.9247  D2H =  0.2E-08
 E   =   -307.542    DE  =  0.45115E-08
 dmun=  0.0E+00      dmup=  0.0E+00
 Q20 =      11.5536  Q22 =      14.0515 dQ20=  0.7E-05      dQ22=  0.4E-05
 Jz  =    1.725      dJZ =  0.3E-05
--------------------------------------------------------------------------------
 Iteration =  217
 dt  =   0.0371      mu  =   0.9247  D2H =  0.1E-08
 E   =   -307.542    DE  =  0.45682E-08
 dmun=  0.0E+00      dmup=  0.0E+00
 Q20 =      11.5536  Q22 =      14.0515 dQ20=  0.7E-05      dQ22=  0.4E-05
 Jz  =    1.725      dJZ =  0.3E-05
--------------------------------------------------------------------------------
 Iteration =  218
 dt  =   0.0371      mu  =   0.9247  D2H =  0.1E-08
 E   =   -307.542    DE  =  0.45433E-08
 dmun=  0.0E+00      dmup=  0.0E+00
 Q20 =      11.5536  Q22 =      14.0515 dQ20=  0.7E-05      dQ22=  0.4E-05
 Jz  =    1.725      dJZ =  0.3E-05
--------------------------------------------------------------------------------
 Iteration =  219
 dt  =   0.0371      mu  =   0.9247  D2H =  0.1E-08
 E   =   -307.542    DE  =  0.44430E-08
 dmun=  0.0E+00      dmup=  0.0E+00
 Q20 =      11.5536  Q22 =      14.0515 dQ20=  0.6E-05      dQ22=  0.3E-05
 Jz  =    1.725      dJZ =  0.3E-05
--------------------- Sp wavefunctions -----------------------------------------
________________________________________________________________________________
   Neutron wavefunctions
  i    P   Rz   occ       E        d2h    Delta   JxT    JyT    Jz     J
--------------------- Sp wavefunctions -----------------------------------------
  1  1.0  1.0  1.0000   -46.647 -8.6E-12   0.00  -0.50   0.50   0.50   0.50
  8  1.0 -1.0  1.0000   -45.693 -7.7E-12   0.00   0.50   0.50  -0.50   0.50
 29 -1.0 -1.0  1.0000   -34.053  2.5E-09   0.00  -0.39   0.54   1.30   1.49
 16 -1.0  1.0  1.0000   -33.665  2.0E-11   0.00  -0.68   1.24   0.45   1.50
 28 -1.0 -1.0  1.0000   -32.693  2.2E-09   0.00   1.32   0.46  -0.37   1.48
 15 -1.0  1.0  1.0000   -31.739  2.8E-09   0.00  -0.17  -0.25  -1.25   1.42
 17 -1.0  1.0  1.0000   -28.595  2.7E-09   0.00   0.35  -0.50   0.31   0.68
 30 -1.0 -1.0  1.0000   -28.059  2.5E-10   0.00  -0.43  -0.50  -0.44   0.58
  2  1.0  1.0  1.0000   -21.500  1.1E-09   0.00  -0.48   0.90   1.81   2.48
  9  1.0 -1.0  1.0000   -21.366  8.8E-10   0.00  -0.68   1.42   1.14   2.50
  4  1.0  1.0  1.0000   -20.683  1.2E-09   0.00  -0.11   1.22   0.91   2.43
 11  1.0 -1.0  1.0000   -19.908  9.5E-10   0.00   2.07   0.06  -0.21   2.46
  3  1.0  1.0  1.0000   -19.071  2.0E-10   0.00  -0.73  -0.60  -1.24   2.42
 10  1.0 -1.0  1.0000   -18.343  1.6E-10   0.00   0.03   0.03  -2.15   2.29
  5  1.0  1.0  1.0000   -15.612  3.2E-11   0.00  -0.48   0.48   0.38   0.99
 12  1.0 -1.0  1.0000   -15.022  1.6E-10   0.00   0.25   0.44  -0.20   1.20
  6  1.0  1.0  1.0000   -13.850  4.7E-11   0.00   0.26  -1.44   0.23   1.53
 13  1.0 -1.0  1.0000   -13.834  1.7E-10   0.00   0.24  -1.36   0.19   1.51
 14  1.0 -1.0  0.0000   -11.556  1.4E-11   0.00  -0.91   0.41   0.24   1.45
  7  1.0  1.0  0.0000   -10.823  2.1E-11   0.00   0.53   0.44  -1.08   1.48
 31 -1.0 -1.0  0.0000    -9.461  1.6E-09   0.00  -0.63   1.34   2.03   3.48
 18 -1.0  1.0  0.0000    -9.424  7.9E-10   0.00  -0.73   1.62   1.67   3.49
 33 -1.0 -1.0  0.0000    -8.794  2.2E-09   0.00  -0.14   1.00   2.19   3.35
 20 -1.0  1.0  0.0000    -8.287  1.4E-09   0.00   0.60   1.20   0.89   3.41
 32 -1.0 -1.0  0.0000    -7.642  8.2E-10   0.00   2.32  -0.59  -0.13   3.41
 19 -1.0  1.0  0.0000    -6.951  1.2E-09   0.00  -1.53  -0.77  -1.10   3.32
 34 -1.0 -1.0  0.0000    -6.229  6.0E-11   0.00   0.36   0.31  -1.99   3.18
 21 -1.0  1.0  0.0000    -5.529  1.1E-09   0.00   0.01   0.02  -2.88   3.05
 36 -1.0 -1.0  0.0000    -4.476  1.7E-09   0.00  -0.71   0.99   0.83   1.94
 23 -1.0  1.0  0.0000    -4.342  8.5E-10   0.00  -0.73   1.26   0.26   1.99
 35 -1.0 -1.0  0.0000    -3.094  2.6E-09   0.00   1.07  -0.09  -0.26   1.77
 22 -1.0  1.0  0.0000    -2.842  2.8E-09   0.00   0.31  -0.38  -0.07   1.33
 37 -1.0 -1.0  0.0000    -1.164  1.5E-09   0.00   0.01  -0.47  -0.16   1.40
 24 -1.0  1.0  0.0000    -0.930  1.1E-04   0.00   0.37  -1.42   0.53   2.41
 40 -1.0 -1.0  0.0000    -0.893  3.5E-10   0.00   0.63  -2.06   0.66   2.49
 27 -1.0  1.0  0.0000    -0.805  1.1E-04   0.00   0.09  -1.05  -0.49   2.15
 26 -1.0  1.0  0.0000     0.527  1.1E-09   0.00  -1.08   0.19   0.99   2.34
 39 -1.0 -1.0  0.0000     0.808  1.3E-09   0.00  -1.47   0.70   0.00   2.44
 25 -1.0  1.0  0.0000     1.038  4.0E-11   0.00   0.53  -0.50   0.52   2.22
 38 -1.0 -1.0  0.0000     1.056  7.6E-10   0.00  -0.56  -0.46  -0.45   2.23
________________________________________________________________________________
   Proton  wavefunctions
  i    P   Rz   occ       E        d2h    Delta   JxT    JyT    Jz     J
--------------------- Sp wavefunctions -----------------------------------------
 41  1.0  1.0  1.0000   -39.312  2.2E-11   0.00  -0.50   0.50   0.50   0.51
 48  1.0 -1.0  1.0000   -38.381  2.0E-11   0.00   0.50   0.50  -0.50   0.50
 69 -1.0 -1.0  1.0000   -27.129  2.5E-09   0.00  -0.40   0.54   1.30   1.49
 56 -1.0  1.0  1.0000   -26.749  3.4E-11   0.00  -0.68   1.25   0.44   1.50
 68 -1.0 -1.0  1.0000   -25.794  2.4E-09   0.00   1.32   0.46  -0.36   1.48
 55 -1.0  1.0  1.0000   -24.851  3.3E-09   0.00  -0.17  -0.25  -1.24   1.42
 57 -1.0  1.0  1.0000   -21.746  3.3E-09   0.00   0.35  -0.50   0.30   0.68
 70 -1.0 -1.0  1.0000   -21.223  1.6E-10   0.00  -0.42  -0.50  -0.44   0.58
 42  1.0  1.0  1.0000   -14.932  9.1E-10   0.00  -0.48   0.89   1.81   2.48
 49  1.0 -1.0  1.0000   -14.799  1.1E-09   0.00  -0.68   1.42   1.14   2.50
 44  1.0  1.0  1.0000   -14.120  9.5E-10   0.00  -0.10   1.22   0.91   2.43
 51  1.0 -1.0  1.0000   -13.357  1.2E-09   0.00   2.06   0.06  -0.21   2.46
 43  1.0  1.0  1.0000   -12.526  1.9E-10   0.00  -0.74  -0.60  -1.24   2.42
 50  1.0 -1.0  1.0000   -11.791  1.8E-10   0.00   0.04   0.04  -2.15   2.29
 45  1.0  1.0  1.0000    -9.128  2.5E-10   0.00  -0.47   0.48   0.38   0.98
 52  1.0 -1.0  1.0000    -8.554  8.4E-11   0.00   0.24   0.43  -0.17   1.20
 46  1.0  1.0  1.0000    -7.471  2.4E-10   0.00   0.26  -1.43   0.23   1.53
 53  1.0 -1.0  1.0000    -7.453  9.6E-11   0.00   0.24  -1.35   0.17   1.51
 54  1.0 -1.0  0.0000    -5.214  3.3E-11   0.00  -0.90   0.41   0.23   1.45
 47  1.0  1.0  0.0000    -4.494  1.6E-11   0.00   0.53   0.44  -1.08   1.48
 71 -1.0 -1.0  0.0000    -3.247  1.9E-09   0.00  -0.61   1.28   2.08   3.48
 58 -1.0  1.0  0.0000    -3.207  4.0E-10   0.00  -0.73   1.58   1.69   3.49
 73 -1.0 -1.0  0.0000    -2.601  2.5E-09   0.00  -0.17   1.03   2.15   3.34
 60 -1.0  1.0  0.0000    -2.093  9.7E-10   0.00   0.56   1.24   0.87   3.40
 72 -1.0 -1.0  0.0000    -1.457  1.0E-09   0.00   2.34  -0.55  -0.15   3.40
 59 -1.0  1.0  0.0000    -0.783  6.2E-10   0.00  -1.44  -0.75  -1.08   3.29
 74 -1.0 -1.0  0.0000    -0.085  6.5E-10   0.00   0.37   0.33  -1.92   3.12
 61 -1.0  1.0  0.0000     0.592  6.8E-10   0.00   0.02   0.04  -2.75   2.96
 76 -1.0 -1.0  0.0000     1.292  9.8E-10   0.00  -0.75   0.88   0.88   1.99
 63 -1.0  1.0  0.0000     1.442  2.1E-10   0.00  -0.81   1.19   0.23   2.06
 75 -1.0 -1.0  0.0000     2.445  1.4E-09   0.00   0.99  -0.03  -0.38   1.83
 62 -1.0  1.0  0.0000     2.550  1.1E-09   0.00   0.41  -0.39   0.07   1.32
 66 -1.0  1.0  0.0000     2.776  1.3E-10   0.00   0.50  -0.50   0.50   2.17
 79 -1.0 -1.0  0.0000     2.778  7.8E-12   0.00  -0.49  -0.50  -0.49   2.17
 77 -1.0 -1.0  0.0000     3.267  5.3E-10   0.00   0.19  -0.47  -0.09   1.70
 64 -1.0  1.0  0.0000     3.447  8.1E-10   0.00  -0.54  -0.45  -1.13   2.25
 80 -1.0 -1.0  0.0000     3.782  1.4E-07   0.00  -0.48   1.14   0.81   2.44
 67 -1.0  1.0  0.0000     3.805  1.1E-09   0.00  -0.40   1.46   0.31   2.46
 78 -1.0 -1.0  0.0000     3.978  1.4E-07   0.00   0.98  -0.21  -0.14   2.34
 65 -1.0  1.0  0.0000     4.046  1.3E-09   0.00   0.33  -0.50   0.06   2.07
--------------------------------------------------------------------------------
---------------- Electric Multipole Moments -----------------
Quantisation Axis             : Z
  With secondary axis ordering: X,Y
______________________________________________________________
                     Neutrons        Protons         Total
______________________________________________________________
 Particles           18.0000         18.0000         36.0000

Re  Q_{ 2 0}          5.6728          5.8807         11.5536
Re  Q_{ 2 2}          6.9042          7.1474         14.0515

Re  Q_{ 4 0}         -8.1448         -9.0888        -17.2336
Re  Q_{ 4 2}         -8.2367         -9.1433        -17.3799
Re  Q_{ 4 4}        -10.6814        -11.9082        -22.5896

Re  Q_{ 6 0}        -69.3992        -79.5846       -148.9838
Re  Q_{ 6 2}        -69.0610        -78.2992       -147.3602
Re  Q_{ 6 4}        -71.4731        -79.6413       -151.1144
Re  Q_{ 6 6}        -99.4107       -112.7941       -212.2048

Re  Q_{ 8 0}        -20.5511       -170.2642       -190.8153
Re  Q_{ 8 2}        -99.0312        -88.5136       -187.5447
Re  Q_{ 8 4}        -73.9528       -128.1605       -202.1133
Re  Q_{ 8 6}       -112.4527       -108.7223       -221.1750
Re  Q_{ 8 8}       -109.1698       -187.1013       -296.2711

Re  Q_{10 0}       7333.3592       9238.9365      16572.2956
Re  Q_{10 2}        369.2981        352.5384        721.8365
Re  Q_{10 4}      -6660.9416      -8327.1765     -14988.1180
Re  Q_{10 6}        372.8051       1138.6788       1511.4839
Re  Q_{10 8}      -7748.0859      -9281.7255     -17029.8114
Re  Q_{1010}        779.0543        950.2581       1729.3124

 RMS radius           3.2654          3.3124          3.2890
______________________________________________________________
                     Neutrons        Protons         Total
______________________________________________________________

Beta_{ 2 0}       0.04204262      0.04358341      0.08562602
Beta_{ 2 2}       0.05116806      0.05297046      0.10413852

Beta_{ 4 0}      -0.00384478     -0.00429041     -0.00813519
Beta_{ 4 2}      -0.00388815     -0.00431611     -0.00820426
Beta_{ 4 4}      -0.00504218     -0.00562130     -0.01066348

Beta_{ 6 0}      -0.00208664     -0.00239289     -0.00447953
Beta_{ 6 2}      -0.00207647     -0.00235424     -0.00443071
Beta_{ 6 4}      -0.00214900     -0.00239460     -0.00454359
Beta_{ 6 6}      -0.00298900     -0.00339141     -0.00638041

Beta_{ 8 0}      -0.00003936     -0.00032608     -0.00036543
Beta_{ 8 2}      -0.00018966     -0.00016951     -0.00035917
Beta_{ 8 4}      -0.00014163     -0.00024544     -0.00038707
Beta_{ 8 6}      -0.00021536     -0.00020822     -0.00042358
Beta_{ 8 8}      -0.00020907     -0.00035832     -0.00056739

Beta_{10 0}       0.00089454      0.00112699      0.00202154
Beta_{10 2}       0.00004505      0.00004300      0.00008805
Beta_{10 4}      -0.00081252     -0.00101577     -0.00182829
Beta_{10 6}       0.00004548      0.00013890      0.00018438
Beta_{10 8}      -0.00094513     -0.00113221     -0.00207734
Beta_{1010}       0.00009503      0.00011592      0.00021095

______________________________________________________________
                     Neutrons        Protons         Total
______________________________________________________________
Q_{ 2}               11.2923         11.6941         22.9864
Q_{ 4}               20.7414         23.0958         43.8372
Q_{ 6}              210.5632        238.1716        448.7305
Q_{ 8}              283.0230        413.7201        679.5925
Q_{10}            16258.6805      20024.7413      36270.5060
______________________________________________________________
                     Neutrons        Protons         Total
______________________________________________________________
Beta_{   2}       0.08368944      0.08666748      0.17035692
Beta_{   4}       0.00979106      0.01090244      0.02069350
Beta_{   6}       0.00633106      0.00716117      0.01349209
Beta_{   8}       0.00054202      0.00079232      0.00130150
Beta_{  10}       0.00198328      0.00244267      0.00442438
______________________________________________________________
 Cart. Moments X              Y              Z
 Cart. N       17.8172193    -35.8039004     17.9866811
 Cart. P       18.4320348    -37.0778972     18.6458624
 Cart. T       36.2492542    -72.8817976     36.6325435
 (Q, gamma)    Q              Gamma
 (Q,g) N       35.8040341     59.8434323
 (Q,g) P       37.0781027     59.8092305
 (Q,g) T       72.8821336     59.8260324
 (iq1, iq2)    iq1            iq2
 iq    N        0.1129745     35.7474132
 iq    P        0.1425517     37.0066213
 iq    T        0.2555262     72.7540345
               X^2            Y^2            Z^2
 X^2_i N       69.9161407     52.0424341     69.9726279
 X^2_i P       71.9745954     53.4712848     72.0458713
 X^2_i T      141.8907361    105.5137189    142.0184992
------------------------------------------------------------
------------------------- Angular Momentum (hbar) --------------------------

               Spwfs(*)    Desired     Omega       E (MeV)      Densit. 
  __________________________________________________________________________
   J_x   |     0.00000     0.00000     0.00000    -0.00000     0.00000
   J_y   |     0.00000     0.00000     0.00000    -0.00000     0.00000
   J_z   |     1.72520     0.00000     0.50000    -0.86260     1.72520
  __________________________________________________________________________
   Size  |     1.72520     0.00000     0.50000                 1.72520
  --------------------------------------------------------------------------
---------------------Rotational properties--------------------
                Rigid rotor          (hbar^2/MeV)
              n              p              t 
 I_R X       2.9421753      3.0266220      5.9687973
 I_R Y       3.3731678      3.4727963      6.8459641
 I_R Z       2.9408132      3.0249034      5.9657166

                Belyaev                 (hbar^2/MeV) 
              n              p              t 
 I_B X       1.4248163      1.4579130      2.8827294
 I_B Y       0.0676403      0.0699932      0.1376335
 I_B Z       1.2855625      1.3113449      2.5969074

                Belyaev (collective)    (hbar^2/MeV) 
              n              p              t 
 I_B X       0.0000000      0.0000000      0.0000000
 I_B Y       0.0000000      0.0000000      0.0000000
 I_B Z       0.0000000      0.0000000      0.0000000

                 <J^2> - <J>^2          (hbar^2)
              n              p              t 
 J2_X        2.1788845      2.1742646      4.3531491
 J2_Y        0.0901990      0.0918691      0.1820681
 J2_Z        2.0315423      2.0204233      4.0519656
 J2_t        4.3006258      4.2865570      8.5871828

                 <J^2> - <J>^2 (coll.)  (hbar^2)
              n              p              t 
 J2_X        0.0000000      0.0000000      0.0000000
 J2_Y        0.0000000      0.0000000      0.0000000
 J2_Z        0.0000000      0.0000000      0.0000000
 J2_t        0.0000000      0.0000000      0.0000000
--------------------------------------------------------------------------------
 Skyrme Energy 
                                    Isoscalar      Isovector   |   Total
--------------------------------------------------------------------------------
                 E_D_I_I_D_I_I   -3570.794455       0.516349   -3570.278106
              E_D_I_I_D_I_I_DD    2398.867558      -0.433542    2398.434016
               E_D_I_Sm_D_I_Sm      -0.039330       0.000230      -0.039100
            E_D_I_Sm_D_I_Sm_DD       0.251867      -0.000155       0.251712
               E_D_I_I_D_Nm_Nm     135.249953       0.005881     135.255834
             E_D_I_I_Lap_D_I_I      96.189306      -0.019874      96.169432
           E_C_I_NmSk_C_I_NmSk       0.059589       0.000490       0.060079
               E_C_I_Nm_C_I_Nm      -0.091340      -0.000005      -0.091346
           E_D_I_Sm_Lap_D_I_Sm      -0.165174      -0.000033      -0.165207
            E_D_I_Sm_D_Nk_NkSm      -0.000475      -0.000010      -0.000485
       E_D_I_I_Derm_C_I_NxmSxm     -15.196425      -0.001558     -15.197984
        E_C_I_Nm_Derxm_D_I_Sxm      -0.098396      -0.000015      -0.098411
               E_DP_I_I_DP_I_I                                     0.000000
               E_CP_I_I_CP_I_I                                     0.000000
--------------------------------------------------------------------------------
                 Total Skyrme:                                  -955.699565
                    time-even:                                  -955.556729
                    time-odd :                                    -0.142836
--------------------------------------------------------------------------------
--------------------------------------------------------------------------------
                                     neutron        proton         total
                Kinetic Energy:     306.493181     298.293613     604.786794
                    COM 1-body:      -8.513699      -8.285934     -16.799633

                Coulomb Direct:       0.000000      66.924928      66.924928
                      Exchange:       0.000000      -6.754272      -6.754272

               Pairing (delta):       0.000000       0.000000       0.000000
               Pairing (densi):                                     0.000000
--------------------------------------------------------------------------------
                  Total energy:                                  -307.541748
                    from spwfs:                                  -307.541751
                   E_fu - E_sp:                                 0.305580E-05
                      Routhian:                                  -307.110605
--------------------------------------------------------------------------------
--------------------------------------------------------------------------------
Convergence report
                        Change^(i)     Change^(i-1)   rate (approx)
  Con.  Energy      :       1.31E-06       1.37E-06       1.10E+00
  Con.  Routhian    :       2.01E-06       2.07E-06       4.95E-01
  Con.  E_fu - E_sp :       1.62E-07       1.33E-07      -3.92E-01
  Con.  |delta rho| :       7.07E-08       0.00E+00       1.29E+00
--------------------------------------------------------------------------------
--------------------------------------------------------------------------------
 Iteration =  221
 dt  =   0.0371      mu  =   0.9247  D2H =  0.7E-09
 E   =   -307.542    DE  =  0.40441E-08
 dmun=  0.0E+00      dmup=  0.0E+00
 Q20 =      11.5536  Q22 =      14.0515 dQ20=  0.5E-05      dQ22=  0.3E-05
 Jz  =    1.725      dJZ =  0.1E-05
--------------------------------------------------------------------------------
 Iteration =  222
 dt  =   0.0371      mu  =   0.9247  D2H =  0.6E-09
 E   =   -307.542    DE  =  0.37605E-08
 dmun=  0.0E+00      dmup=  0.0E+00
 Q20 =      11.5536  Q22 =      14.0515 dQ20=  0.5E-05      dQ22=  0.2E-05
 Jz  =    1.725      dJZ =  0.2E-05
--------------------------------------------------------------------------------
 Iteration =  223
 dt  =   0.0371      mu  =   0.9247  D2H =  0.5E-09
 E   =   -307.542    DE  =  0.34320E-08
 dmun=  0.0E+00      dmup=  0.0E+00
 Q20 =      11.5536  Q22 =      14.0515 dQ20=  0.4E-05      dQ22=  0.2E-05
 Jz  =    1.725      dJZ =  0.2E-05
--------------------------------------------------------------------------------
 Iteration =  224
 dt  =   0.0371      mu  =   0.9247  D2H =  0.4E-09
 E   =   -307.542    DE  =  0.30674E-08
 dmun=  0.0E+00      dmup=  0.0E+00
 Q20 =      11.5536  Q22 =      14.0515 dQ20=  0.3E-05      dQ22=  0.1E-05
 Jz  =    1.725      dJZ =  0.2E-05
--------------------------------------------------------------------------------
 Iteration =  225
 dt  =   0.0371      mu  =   0.9247  D2H =  0.3E-09
 E   =   -307.542    DE  =  0.26763E-08
 dmun=  0.0E+00      dmup=  0.0E+00
 Q20 =      11.5536  Q22 =      14.0515 dQ20=  0.3E-05      dQ22=  0.7E-06
 Jz  =    1.725      dJZ =  0.2E-05
--------------------------------------------------------------------------------
 Iteration =  226
 dt  =   0.0371      mu  =   0.9247  D2H =  0.3E-09
 E   =   -307.542    DE  =  0.22682E-08
 dmun=  0.0E+00      dmup=  0.0E+00
 Q20 =      11.5536  Q22 =      14.0515 dQ20=  0.2E-05      dQ22=  0.4E-06
 Jz  =    1.725      dJZ =  0.2E-05
--------------------------------------------------------------------------------
 Iteration =  227
 dt  =   0.0371      mu  =   0.9247  D2H =  0.3E-09
 E   =   -307.542    DE  =  0.18526E-08
 dmun=  0.0E+00      dmup=  0.0E+00
 Q20 =      11.5536  Q22 =      14.0515 dQ20=  0.1E-05      dQ22=  0.3E-07
 Jz  =    1.725      dJZ =  0.1E-05
--------------------------------------------------------------------------------
 Iteration =  228
 dt  =   0.0371      mu  =   0.9247  D2H =  0.3E-09
 E   =   -307.542    DE  =  0.14386E-08
 dmun=  0.0E+00      dmup=  0.0E+00
 Q20 =      11.5536  Q22 =      14.0515 dQ20=  0.6E-06      dQ22=  0.2E-06
 Jz  =    1.725      dJZ =  0.1E-05
--------------------------------------------------------------------------------
 Iteration =  229
 dt  =   0.0371      mu  =   0.9247  D2H =  0.3E-09
 E   =   -307.542    DE  =  0.10346E-08
 dmun=  0.0E+00      dmup=  0.0E+00
 Q20 =      11.5536  Q22 =      14.0515 dQ20=  0.4E-07      dQ22=  0.5E-06
 Jz  =    1.725      dJZ =  0.7E-06
--------------------- Sp wavefunctions -----------------------------------------
________________________________________________________________________________
   Neutron wavefunctions
  i    P   Rz   occ       E        d2h    Delta   JxT    JyT    Jz     J
--------------------- Sp wavefunctions -----------------------------------------
  1  1.0  1.0  1.0000   -46.647 -2.3E-12   0.00  -0.50   0.50   0.50   0.50
  8  1.0 -1.0  1.0000   -45.693  8.2E-12   0.00   0.50   0.50  -0.50   0.50
 29 -1.0 -1.0  1.0000   -34.053  2.5E-10   0.00  -0.39   0.54   1.30   1.49
 16 -1.0  1.0  1.0000   -33.665  2.5E-11   0.00  -0.68   1.24   0.45   1.50
 28 -1.0 -1.0  1.0000   -32.693  2.7E-10   0.00   1.32   0.46  -0.37   1.48
 15 -1.0  1.0  1.0000   -31.739  5.3E-10   0.00  -0.17  -0.25  -1.25   1.42
 17 -1.0  1.0  1.0000   -28.595  5.1E-10   0.00   0.35  -0.50   0.31   0.68
 30 -1.0 -1.0  1.0000   -28.059  1.8E-11   0.00  -0.43  -0.50  -0.44   0.58
  2  1.0  1.0  1.0000   -21.500  8.9E-10   0.00  -0.48   0.90   1.81   2.48
  9  1.0 -1.0  1.0000   -21.366  3.2E-11   0.00  -0.68   1.42   1.14   2.50
  4  1.0  1.0  1.0000   -20.683  9.5E-10   0.00  -0.11   1.22   0.91   2.43
 11  1.0 -1.0  1.0000   -19.908  6.8E-11   0.00   2.07   0.06  -0.21   2.46
  3  1.0  1.0  1.0000   -19.071  2.4E-10   0.00  -0.73  -0.60  -1.24   2.42
 10  1.0 -1.0  1.0000   -18.343  2.0E-10   0.00   0.03   0.03  -2.15   2.29
  5  1.0  1.0  1.0000   -15.612  3.2E-10   0.00  -0.48   0.48   0.38   0.99
 12  1.0 -1.0  1.0000   -15.022  3.1E-10   0.00   0.25   0.44  -0.20   1.20
  6  1.0  1.0  1.0000   -13.850  2.0E-10   0.00   0.26  -1.44   0.23   1.53
 13  1.0 -1.0  1.0000   -13.834  6.0E-11   0.00   0.24  -1.36   0.19   1.51
 14  1.0 -1.0  0.0000   -11.556  7.7E-11   0.00  -0.91   0.41   0.24   1.45
  7  1.0  1.0  0.0000   -10.823  8.2E-12   0.00   0.53   0.44  -1.08   1.48
 31 -1.0 -1.0  0.0000    -9.461  4.1E-10   0.00  -0.63   1.34   2.03   3.48
 18 -1.0  1.0  0.0000    -9.424  1.6E-09   0.00  -0.73   1.62   1.67   3.49
 33 -1.0 -1.0  0.0000    -8.794  1.2E-09   0.00  -0.14   1.00   2.19   3.35
 20 -1.0  1.0  0.0000    -8.287  1.5E-09   0.00   0.60   1.20   0.89   3.41
 32 -1.0 -1.0  0.0000    -7.642  8.4E-10   0.00   2.32  -0.59  -0.13   3.41
 19 -1.0  1.0  0.0000    -6.951  3.0E-10   0.00  -1.53  -0.77  -1.10   3.32
 34 -1.0 -1.0  0.0000    -6.229  3.5E-10   0.00   0.36   0.31  -1.99   3.18
 21 -1.0  1.0  0.0000    -5.529  1.1E-10   0.00   0.01   0.02  -2.88   3.05
 36 -1.0 -1.0  0.0000    -4.476  1.7E-10   0.00  -0.71   0.99   0.83   1.94
 23 -1.0  1.0  0.0000    -4.342  3.1E-10   0.00  -0.73   1.26   0.26   1.99
 35 -1.0 -1.0  0.0000    -3.094  3.8E-10   0.00   1.07  -0.09  -0.26   1.77
 22 -1.0  1.0  0.0000    -2.842  4.3E-10   0.00   0.31  -0.38  -0.07   1.33
 37 -1.0 -1.0  0.0000    -1.164  5.1E-10   0.00   0.01  -0.47  -0.16   1.40
 24 -1.0  1.0  0.0000    -0.930  9.1E-05   0.00   0.38  -1.43   0.54   2.41
 40 -1.0 -1.0  0.0000    -0.893  1.6E-10   0.00   0.63  -2.06   0.66   2.49
 27 -1.0  1.0  0.0000    -0.804  9.1E-05   0.00   0.08  -1.04  -0.50   2.15
 26 -1.0  1.0  0.0000     0.527  8.6E-10   0.00  -1.08   0.19   0.99   2.34
 39 -1.0 -1.0  0.0000     0.808  6.1E-10   0.00  -1.47   0.70   0.00   2.44
 25 -1.0  1.0  0.0000     1.038  4.2E-11   0.00   0.53  -0.50   0.52   2.22
 38 -1.0 -1.0  0.0000     1.056  4.1E-10   0.00  -0.56  -0.46  -0.45   2.23
________________________________________________________________________________
   Proton  wavefunctions
  i    P   Rz   occ       E        d2h    Delta   JxT    JyT    Jz     J
--------------------- Sp wavefunctions -----------------------------------------
 41  1.0  1.0  1.0000   -39.312  1.6E-11   0.00  -0.50   0.50   0.50   0.51
 48  1.0 -1.0  1.0000   -38.381  1.0E-11   0.00   0.50   0.50  -0.50   0.50
 69 -1.0 -1.0  1.0000   -27.129  4.0E-10   0.00  -0.40   0.54   1.30   1.49
 56 -1.0  1.0  1.0000   -26.749  1.8E-11   0.00  -0.68   1.25   0.44   1.50
 68 -1.0 -1.0  1.0000   -25.794  4.2E-10   0.00   1.32   0.46  -0.36   1.48
 55 -1.0  1.0  1.0000   -24.851  3.3E-10   0.00  -0.17  -0.25  -1.24   1.42
 57 -1.0  1.0  1.0000   -21.746  3.2E-10   0.00   0.35  -0.50   0.30   0.68
 70 -1.0 -1.0  1.0000   -21.223  4.4E-11   0.00  -0.42  -0.50  -0.44   0.58
 42  1.0  1.0  1.0000   -14.932  8.2E-10   0.00  -0.48   0.89   1.81   2.48
 49  1.0 -1.0  1.0000   -14.799  1.5E-11   0.00  -0.68   1.42   1.14   2.50
 44  1.0  1.0  1.0000   -14.120  9.0E-10   0.00  -0.10   1.22   0.91   2.43
 51  1.0 -1.0  1.0000   -13.357  5.6E-11   0.00   2.06   0.06  -0.21   2.46
 43  1.0  1.0  1.0000   -12.526  2.3E-10   0.00  -0.74  -0.60  -1.24   2.42
 50  1.0 -1.0  1.0000   -11.791  2.2E-10   0.00   0.04   0.04  -2.15   2.29
 45  1.0  1.0  1.0000    -9.128  1.5E-10   0.00  -0.47   0.48   0.38   0.98
 52  1.0 -1.0  1.0000    -8.554  3.3E-10   0.00   0.24   0.43  -0.17   1.20
 46  1.0  1.0  1.0000    -7.471  5.3E-11   0.00   0.26  -1.43   0.23   1.53
 53  1.0 -1.0  1.0000    -7.453  6.5E-11   0.00   0.24  -1.35   0.17   1.51
 54  1.0 -1.0  0.0000    -5.214  6.4E-11   0.00  -0.90   0.41   0.23   1.45
 47  1.0  1.0  0.0000    -4.494  1.8E-11   0.00   0.53   0.44  -1.08   1.48
 71 -1.0 -1.0  0.0000    -3.247  6.8E-10   0.00  -0.61   1.28   2.08   3.48
 58 -1.0  1.0  0.0000    -3.207  1.3E-09   0.00  -0.73   1.58   1.69   3.49
 73 -1.0 -1.0  0.0000    -2.601  1.4E-09   0.00  -0.17   1.03   2.15   3.34
 60 -1.0  1.0  0.0000    -2.093  1.4E-09   0.00   0.56   1.24   0.87   3.40
 72 -1.0 -1.0  0.0000    -1.457  7.4E-10   0.00   2.34  -0.55  -0.15   3.40
 59 -1.0  1.0  0.0000    -0.783  2.9E-10   0.00  -1.44  -0.75  -1.08   3.29
 74 -1.0 -1.0  0.0000    -0.085  3.7E-10   0.00   0.37   0.33  -1.92   3.12
 61 -1.0  1.0  0.0000     0.592  2.4E-10   0.00   0.02   0.04  -2.75   2.96
 76 -1.0 -1.0  0.0000     1.292  8.8E-10   0.00  -0.75   0.88   0.88   1.99
 63 -1.0  1.0  0.0000     1.442  4.5E-10   0.00  -0.81   1.19   0.23   2.06
 75 -1.0 -1.0  0.0000     2.445  1.3E-09   0.00   0.99  -0.03  -0.38   1.83
 62 -1.0  1.0  0.0000     2.550  9.5E-10   0.00   0.41  -0.39   0.07   1.32
 66 -1.0  1.0  0.0000     2.776  7.6E-11   0.00   0.50  -0.50   0.50   2.17
 79 -1.0 -1.0  0.0000     2.778  2.8E-12   0.00  -0.49  -0.50  -0.49   2.17
 77 -1.0 -1.0  0.0000     3.267  1.4E-10   0.00   0.19  -0.47  -0.09   1.70
 64 -1.0  1.0  0.0000     3.447  2.4E-10   0.00  -0.54  -0.45  -1.13   2.25
 80 -1.0 -1.0  0.0000     3.782  9.3E-08   0.00  -0.48   1.14   0.81   2.44
 67 -1.0  1.0  0.0000     3.805  6.4E-10   0.00  -0.40   1.46   0.31   2.46
 78 -1.0 -1.0  0.0000     3.978  9.3E-08   0.00   0.98  -0.21  -0.14   2.34
 65 -1.0  1.0  0.0000     4.046  7.2E-10   0.00   0.33  -0.50   0.06   2.07
--------------------------------------------------------------------------------
---------------- Electric Multipole Moments -----------------
Quantisation Axis             : Z
  With secondary axis ordering: X,Y
______________________________________________________________
                     Neutrons        Protons         Total
______________________________________________________________
 Particles           18.0000         18.0000         36.0000

Re  Q_{ 2 0}          5.6729          5.8808         11.5536
Re  Q_{ 2 2}          6.9042          7.1474         14.0515

Re  Q_{ 4 0}         -8.1449         -9.0889        -17.2338
Re  Q_{ 4 2}         -8.2368         -9.1434        -17.3801
Re  Q_{ 4 4}        -10.6814        -11.9083        -22.5897

Re  Q_{ 6 0}        -69.3998        -79.5849       -148.9847
Re  Q_{ 6 2}        -69.0617        -78.2998       -147.3615
Re  Q_{ 6 4}        -71.4735        -79.6421       -151.1157
Re  Q_{ 6 6}        -99.4113       -112.7946       -212.2058

Re  Q_{ 8 0}        -20.5565       -170.2779       -190.8343
Re  Q_{ 8 2}        -99.0267        -88.5036       -187.5303
Re  Q_{ 8 4}        -73.9521       -128.1618       -202.1139
Re  Q_{ 8 6}       -112.4500       -108.7028       -221.1527
Re  Q_{ 8 8}       -109.1739       -187.1000       -296.2739

Re  Q_{10 0}       7333.2492       9237.3928      16570.6420
Re  Q_{10 2}        369.4475        353.2650        722.7125
Re  Q_{10 4}      -6660.7338      -8326.9808     -14987.7145
Re  Q_{10 6}        372.3199       1138.2775       1510.5973
Re  Q_{10 8}      -7748.0612      -9280.4869     -17028.5482
Re  Q_{1010}        779.8558        951.7000       1731.5558

 RMS radius           3.2654          3.3124          3.2890
______________________________________________________________
                     Neutrons        Protons         Total
______________________________________________________________

Beta_{ 2 0}       0.04204271      0.04358348      0.08562619
Beta_{ 2 2}       0.05116809      0.05297049      0.10413857

Beta_{ 4 0}      -0.00384481     -0.00429045     -0.00813526
Beta_{ 4 2}      -0.00388819     -0.00431615     -0.00820434
Beta_{ 4 4}      -0.00504221     -0.00562133     -0.01066355

Beta_{ 6 0}      -0.00208666     -0.00239290     -0.00447956
Beta_{ 6 2}      -0.00207649     -0.00235426     -0.00443075
Beta_{ 6 4}      -0.00214901     -0.00239462     -0.00454363
Beta_{ 6 6}      -0.00298902     -0.00339142     -0.00638044

Beta_{ 8 0}      -0.00003937     -0.00032610     -0.00036547
Beta_{ 8 2}      -0.00018965     -0.00016949     -0.00035914
Beta_{ 8 4}      -0.00014163     -0.00024545     -0.00038707
Beta_{ 8 6}      -0.00021536     -0.00020818     -0.00042353
Beta_{ 8 8}      -0.00020908     -0.00035832     -0.00056740

Beta_{10 0}       0.00089453      0.00112680      0.00202133
Beta_{10 2}       0.00004507      0.00004309      0.00008816
Beta_{10 4}      -0.00081250     -0.00101575     -0.00182824
Beta_{10 6}       0.00004542      0.00013885      0.00018427
Beta_{10 8}      -0.00094513     -0.00113206     -0.00207719
Beta_{1010}       0.00009513      0.00011609      0.00021122

______________________________________________________________
                     Neutrons        Protons         Total
______________________________________________________________
Q_{ 2}               11.2923         11.6941         22.9864
Q_{ 4}               20.7416         23.0960         43.8375
Q_{ 6}              210.5647        238.1731        448.7335
Q_{ 8}              283.0209        413.7108        679.5782
Q_{10}            16258.4986      20022.8352      36268.4059
______________________________________________________________
                     Neutrons        Protons         Total
______________________________________________________________
Beta_{   2}       0.08368952      0.08666756      0.17035707
Beta_{   4}       0.00979114      0.01090253      0.02069365
Beta_{   6}       0.00633110      0.00716121      0.01349218
Beta_{   8}       0.00054202      0.00079231      0.00130147
Beta_{  10}       0.00198326      0.00244244      0.00442412
______________________________________________________________
 Cart. Moments X              Y              Z
 Cart. N       17.8172135    -35.8039342     17.9867207
 Cart. P       18.4320315    -37.0779276     18.6458961
 Cart. T       36.2492450    -72.8818619     36.6326168
 (Q, gamma)    Q              Gamma
 (Q,g) N       35.8040680     59.8433904
 (Q,g) P       37.0781332     59.8091976
 (Q,g) T       72.8821980     59.8259951
 (iq1, iq2)    iq1            iq2
 iq    N        0.1130048     35.7474318
 iq    P        0.1425764     37.0066394
 iq    T        0.2555812     72.7540712
               X^2            Y^2            Z^2
 X^2_i N       69.9161426     52.0424267     69.9726450
 X^2_i P       71.9745981     53.4712784     72.0458864
 X^2_i T      141.8907407    105.5137051    142.0185313
------------------------------------------------------------
------------------------- Angular Momentum (hbar) --------------------------

               Spwfs(*)    Desired     Omega       E (MeV)      Densit. 
  __________________________________________________________________________
   J_x   |     0.00000     0.00000     0.00000    -0.00000     0.00000
   J_y   |     0.00000     0.00000     0.00000    -0.00000     0.00000
   J_z   |     1.72521     0.00000     0.50000    -0.86261     1.72521
  __________________________________________________________________________
   Size  |     1.72521     0.00000     0.50000                 1.72521
  --------------------------------------------------------------------------
---------------------Rotational properties--------------------
                Rigid rotor          (hbar^2/MeV)
              n              p              t 
 I_R X       2.9421755      3.0266223      5.9687978
 I_R Y       3.3731683      3.4727968      6.8459650
 I_R Z       2.9408131      3.0249033      5.9657163

                Belyaev                 (hbar^2/MeV) 
              n              p              t 
 I_B X       1.4248119      1.4579063      2.8827182
 I_B Y       0.0676407      0.0699941      0.1376348
 I_B Z       1.2855616      1.3113427      2.5969043

                Belyaev (collective)    (hbar^2/MeV) 
              n              p              t 
 I_B X       0.0000000      0.0000000      0.0000000
 I_B Y       0.0000000      0.0000000      0.0000000
 I_B Z       0.0000000      0.0000000      0.0000000

                 <J^2> - <J>^2          (hbar^2)
              n              p              t 
 J2_X        2.1788888      2.1742674      4.3531562
 J2_Y        0.0902001      0.0918708      0.1820709
 J2_Z        2.0315416      2.0204219      4.0519635
 J2_t        4.3006304      4.2865602      8.5871906

                 <J^2> - <J>^2 (coll.)  (hbar^2)
              n              p              t 
 J2_X        0.0000000      0.0000000      0.0000000
 J2_Y        0.0000000      0.0000000      0.0000000
 J2_Z        0.0000000      0.0000000      0.0000000
 J2_t        0.0000000      0.0000000      0.0000000
--------------------------------------------------------------------------------
 Skyrme Energy 
                                    Isoscalar      Isovector   |   Total
--------------------------------------------------------------------------------
                 E_D_I_I_D_I_I   -3570.794251       0.516349   -3570.277902
              E_D_I_I_D_I_I_DD    2398.867391      -0.433542    2398.433850
               E_D_I_Sm_D_I_Sm      -0.039330       0.000230      -0.039100
            E_D_I_Sm_D_I_Sm_DD       0.251870      -0.000155       0.251716
               E_D_I_I_D_Nm_Nm     135.249934       0.005881     135.255815
             E_D_I_I_Lap_D_I_I      96.189306      -0.019874      96.169432
           E_C_I_NmSk_C_I_NmSk       0.059589       0.000490       0.060079
               E_C_I_Nm_C_I_Nm      -0.091342      -0.000005      -0.091347
           E_D_I_Sm_Lap_D_I_Sm      -0.165178      -0.000033      -0.165211
            E_D_I_Sm_D_Nk_NkSm      -0.000475      -0.000010      -0.000485
       E_D_I_I_Derm_C_I_NxmSxm     -15.196407      -0.001558     -15.197966
        E_C_I_Nm_Derxm_D_I_Sxm      -0.098398      -0.000015      -0.098412
               E_DP_I_I_DP_I_I                                     0.000000
               E_CP_I_I_CP_I_I                                     0.000000
--------------------------------------------------------------------------------
                 Total Skyrme:                                  -955.699532
                    time-even:                                  -955.556692
                    time-odd :                                    -0.142840
--------------------------------------------------------------------------------
--------------------------------------------------------------------------------
                                     neutron        proton         total
                Kinetic Energy:     306.493168     298.293601     604.786769
                    COM 1-body:      -8.513699      -8.285933     -16.799632

                Coulomb Direct:       0.000000      66.924926      66.924926
                      Exchange:       0.000000      -6.754271      -6.754271

               Pairing (delta):       0.000000       0.000000       0.000000
               Pairing (densi):                                     0.000000
--------------------------------------------------------------------------------
                  Total energy:                                  -307.541741
                    from spwfs:                                  -307.541740
                   E_fu - E_sp:                                -0.861623E-07
                      Routhian:                                  -307.110593
--------------------------------------------------------------------------------
--------------------------------------------------------------------------------
Convergence report
                        Change^(i)     Change^(i-1)   rate (approx)
  Con.  Energy      :       1.99E-07       3.18E-07       1.22E+00
  Con.  Routhian    :       4.21E-07       6.03E-07       2.30E-01
  Con.  E_fu - E_sp :       3.25E-07       3.37E-07      -4.24E-01
  Con.  |delta rho| :       8.58E-09       0.00E+00       1.03E+00
--------------------------------------------------------------------------------
--------------------------------------------------------------------------------
 Iteration =  231
 dt  =   0.0371      mu  =   0.9247  D2H =  0.3E-09
 E   =   -307.542    DE  =  0.28592E-09
 dmun=  0.0E+00      dmup=  0.0E+00
 Q20 =      11.5536  Q22 =      14.0515 dQ20=  0.8E-06      dQ22=  0.8E-06
 Jz  =    1.725      dJZ =  0.2E-07
--------------------------------------------------------------------------------
 Iteration =  232
 dt  =   0.0371      mu  =   0.9247  D2H =  0.3E-09
 E   =   -307.542    DE  =  0.47309E-10
 dmun=  0.0E+00      dmup=  0.0E+00
 Q20 =      11.5536  Q22 =      14.0515 dQ20=  0.1E-05      dQ22=  0.8E-06
 Jz  =    1.725      dJZ =  0.7E-07
--------------------------------------------------------------------------------
 Iteration =  233
 dt  =   0.0371      mu  =   0.9247  D2H =  0.3E-09
 E   =   -307.542    DE  =  0.34724E-09
 dmun=  0.0E+00      dmup=  0.0E+00
 Q20 =      11.5536  Q22 =      14.0515 dQ20=  0.1E-05      dQ22=  0.9E-06
 Jz  =    1.725      dJZ = -0.1E-06
--------------------------------------------------------------------------------
 Iteration =  234
 dt  =   0.0371      mu  =   0.9247  D2H =  0.3E-09
 E   =   -307.542    DE  =  0.61098E-09
 dmun=  0.0E+00      dmup=  0.0E+00
 Q20 =      11.5536  Q22 =      14.0515 dQ20=  0.1E-05      dQ22=  0.9E-06
 Jz  =    1.725      dJZ = -0.3E-06
--------------------------------------------------------------------------------
 Iteration =  235
 dt  =   0.0371      mu  =   0.9247  D2H =  0.3E-09
 E   =   -307.542    DE  =  0.83664E-09
 dmun=  0.0E+00      dmup=  0.0E+00
 Q20 =      11.5536  Q22 =      14.0515 dQ20=  0.1E-05      dQ22=  0.9E-06
 Jz  =    1.725      dJZ = -0.4E-06
--------------------------------------------------------------------------------
 Iteration =  236
 dt  =   0.0371      mu  =   0.9247  D2H =  0.3E-09
 E   =   -307.542    DE  =  0.10237E-08
 dmun=  0.0E+00      dmup=  0.0E+00
 Q20 =      11.5536  Q22 =      14.0515 dQ20=  0.1E-05      dQ22=  0.9E-06
 Jz  =    1.725      dJZ = -0.6E-06
--------------------------------------------------------------------------------
 Iteration =  237
 dt  =   0.0371      mu  =   0.9247  D2H =  0.3E-09
 E   =   -307.542    DE  =  0.11726E-08
 dmun=  0.0E+00      dmup=  0.0E+00
 Q20 =      11.5536  Q22 =      14.0515 dQ20=  0.2E-05      dQ22=  0.1E-05
 Jz  =    1.725      dJZ = -0.7E-06
--------------------------------------------------------------------------------
 Iteration =  238
 dt  =   0.0371      mu  =   0.9247  D2H =  0.3E-09
 E   =   -307.542    DE  =  0.12846E-08
 dmun=  0.0E+00      dmup=  0.0E+00
 Q20 =      11.5536  Q22 =      14.0515 dQ20=  0.2E-05      dQ22=  0.1E-05
 Jz  =    1.725      dJZ = -0.7E-06
--------------------------------------------------------------------------------
 Iteration =  239
 dt  =   0.0371      mu  =   0.9247  D2H =  0.3E-09
 E   =   -307.542    DE  =  0.13614E-08
 dmun=  0.0E+00      dmup=  0.0E+00
 Q20 =      11.5536  Q22 =      14.0515 dQ20=  0.2E-05      dQ22=  0.1E-05
 Jz  =    1.725      dJZ = -0.8E-06
--------------------- Sp wavefunctions -----------------------------------------
________________________________________________________________________________
   Neutron wavefunctions
  i    P   Rz   occ       E        d2h    Delta   JxT    JyT    Jz     J
--------------------- Sp wavefunctions -----------------------------------------
  1  1.0  1.0  1.0000   -46.647 -3.6E-12   0.00  -0.50   0.50   0.50   0.50
  8  1.0 -1.0  1.0000   -45.693 -1.3E-11   0.00   0.50   0.50  -0.50   0.50
 29 -1.0 -1.0  1.0000   -34.053  1.3E-10   0.00  -0.39   0.54   1.30   1.49
 16 -1.0  1.0  1.0000   -33.665  2.9E-11   0.00  -0.68   1.24   0.45   1.50
 28 -1.0 -1.0  1.0000   -32.693  6.4E-11   0.00   1.32   0.46  -0.37   1.48
 15 -1.0  1.0  1.0000   -31.739  1.2E-09   0.00  -0.17  -0.25  -1.25   1.42
 17 -1.0  1.0  1.0000   -28.595  1.2E-09   0.00   0.35  -0.50   0.31   0.68
 30 -1.0 -1.0  1.0000   -28.059  8.4E-11   0.00  -0.43  -0.50  -0.44   0.58
  2  1.0  1.0  1.0000   -21.500  4.3E-10   0.00  -0.48   0.90   1.81   2.48
  9  1.0 -1.0  1.0000   -21.366  3.1E-10   0.00  -0.68   1.42   1.14   2.50
  4  1.0  1.0  1.0000   -20.683  3.7E-10   0.00  -0.11   1.22   0.91   2.43
 11  1.0 -1.0  1.0000   -19.908  3.1E-10   0.00   2.07   0.06  -0.21   2.46
  3  1.0  1.0  1.0000   -19.071  8.5E-11   0.00  -0.73  -0.60  -1.24   2.42
 10  1.0 -1.0  1.0000   -18.343  5.0E-11   0.00   0.03   0.03  -2.15   2.29
  5  1.0  1.0  1.0000   -15.612  1.6E-10   0.00  -0.48   0.48   0.38   0.99
 12  1.0 -1.0  1.0000   -15.022  4.9E-11   0.00   0.25   0.44  -0.20   1.20
  6  1.0  1.0  1.0000   -13.850  1.6E-10   0.00   0.26  -1.44   0.23   1.53
 13  1.0 -1.0  1.0000   -13.834  6.2E-12   0.00   0.24  -1.36   0.19   1.51
 14  1.0 -1.0  0.0000   -11.556  9.4E-12   0.00  -0.91   0.41   0.24   1.45
  7  1.0  1.0  0.0000   -10.823  7.3E-12   0.00   0.53   0.44  -1.08   1.48
 31 -1.0 -1.0  0.0000    -9.461  7.1E-11   0.00  -0.63   1.34   2.03   3.48
 18 -1.0  1.0  0.0000    -9.424  6.9E-10   0.00  -0.73   1.62   1.67   3.49
 33 -1.0 -1.0  0.0000    -8.794  2.7E-10   0.00  -0.14   1.00   2.19   3.35
 20 -1.0  1.0  0.0000    -8.287  7.1E-10   0.00   0.60   1.20   0.89   3.41
 32 -1.0 -1.0  0.0000    -7.642  3.4E-10   0.00   2.32  -0.59  -0.13   3.41
 19 -1.0  1.0  0.0000    -6.951  1.6E-10   0.00  -1.53  -0.77  -1.10   3.32
 34 -1.0 -1.0  0.0000    -6.229  1.2E-10   0.00   0.36   0.31  -1.99   3.18
 21 -1.0  1.0  0.0000    -5.529  2.4E-10   0.00   0.01   0.02  -2.88   3.05
 36 -1.0 -1.0  0.0000    -4.476  1.7E-10   0.00  -0.71   0.99   0.83   1.94
 23 -1.0  1.0  0.0000    -4.342  1.0E-10   0.00  -0.73   1.26   0.26   1.99
 35 -1.0 -1.0  0.0000    -3.094  1.8E-10   0.00   1.07  -0.09  -0.26   1.77
 22 -1.0  1.0  0.0000    -2.842  2.7E-10   0.00   0.31  -0.38  -0.07   1.33
 37 -1.0 -1.0  0.0000    -1.164  6.3E-11   0.00   0.01  -0.47  -0.16   1.40
 24 -1.0  1.0  0.0000    -0.930  7.3E-05   0.00   0.38  -1.45   0.55   2.41
 40 -1.0 -1.0  0.0000    -0.893  4.1E-11   0.00   0.63  -2.06   0.66   2.49
 27 -1.0  1.0  0.0000    -0.804  7.3E-05   0.00   0.08  -1.02  -0.51   2.14
 26 -1.0  1.0  0.0000     0.527  2.3E-10   0.00  -1.08   0.19   0.99   2.34
 39 -1.0 -1.0  0.0000     0.808  2.7E-10   0.00  -1.47   0.70   0.00   2.44
 25 -1.0  1.0  0.0000     1.038  2.4E-11   0.00   0.53  -0.50   0.52   2.22
 38 -1.0 -1.0  0.0000     1.056  2.3E-10   0.00  -0.56  -0.46  -0.45   2.23
________________________________________________________________________________
   Proton  wavefunctions
  i    P   Rz   occ       E        d2h    Delta   JxT    JyT    Jz     J
--------------------- Sp wavefunctions -----------------------------------------
 41  1.0  1.0  1.0000   -39.312  5.0E-12   0.00  -0.50   0.50   0.50   0.51
 48  1.0 -1.0  1.0000   -38.381  8.2E-12   0.00   0.50   0.50  -0.50   0.50
 69 -1.0 -1.0  1.0000   -27.129  6.6E-11   0.00  -0.40   0.54   1.30   1.49
 56 -1.0  1.0  1.0000   -26.749  2.2E-11   0.00  -0.68   1.25   0.44   1.50
 68 -1.0 -1.0  1.0000   -25.794  2.5E-11   0.00   1.32   0.46  -0.36   1.48
 55 -1.0  1.0  1.0000   -24.851  1.3E-09   0.00  -0.17  -0.25  -1.24   1.42
 57 -1.0  1.0  1.0000   -21.746  1.3E-09   0.00   0.35  -0.50   0.30   0.68
 70 -1.0 -1.0  1.0000   -21.223  7.5E-11   0.00  -0.42  -0.50  -0.44   0.58
 42  1.0  1.0  1.0000   -14.932  4.3E-10   0.00  -0.48   0.89   1.81   2.48
 49  1.0 -1.0  1.0000   -14.799  2.8E-10   0.00  -0.68   1.42   1.14   2.50
 44  1.0  1.0  1.0000   -14.120  3.9E-10   0.00  -0.10   1.22   0.91   2.43
 51  1.0 -1.0  1.0000   -13.357  2.8E-10   0.00   2.06   0.06  -0.21   2.46
 43  1.0  1.0  1.0000   -12.526  1.0E-10   0.00  -0.74  -0.60  -1.24   2.42
 50  1.0 -1.0  1.0000   -11.791  8.0E-11   0.00   0.04   0.04  -2.15   2.29
 45  1.0  1.0  1.0000    -9.128  1.7E-10   0.00  -0.47   0.48   0.38   0.98
 52  1.0 -1.0  1.0000    -8.554  1.1E-10   0.00   0.24   0.43  -0.17   1.20
 46  1.0  1.0  1.0000    -7.471  1.5E-10   0.00   0.26  -1.43   0.23   1.53
 53  1.0 -1.0  1.0000    -7.453  3.7E-11   0.00   0.24  -1.35   0.17   1.51
 54  1.0 -1.0  0.0000    -5.214  1.7E-11   0.00  -0.90   0.41   0.23   1.45
 47  1.0  1.0  0.0000    -4.494  6.1E-12   0.00   0.53   0.44  -1.08   1.48
 71 -1.0 -1.0  0.0000    -3.247  1.6E-10   0.00  -0.61   1.28   2.08   3.48
 58 -1.0  1.0  0.0000    -3.207  7.3E-10   0.00  -0.73   1.58   1.69   3.49
 73 -1.0 -1.0  0.0000    -2.601  3.9E-10   0.00  -0.17   1.03   2.15   3.34
 60 -1.0  1.0  0.0000    -2.093  7.0E-10   0.00   0.56   1.24   0.87   3.40
 72 -1.0 -1.0  0.0000    -1.457  3.4E-10   0.00   2.34  -0.55  -0.15   3.40
 59 -1.0  1.0  0.0000    -0.783  1.8E-10   0.00  -1.44  -0.75  -1.08   3.29
 74 -1.0 -1.0  0.0000    -0.085  1.2E-10   0.00   0.37   0.33  -1.92   3.12
 61 -1.0  1.0  0.0000     0.592  7.9E-11   0.00   0.02   0.04  -2.75   2.96
 76 -1.0 -1.0  0.0000     1.292  3.4E-10   0.00  -0.75   0.88   0.88   1.99
 63 -1.0  1.0  0.0000     1.442  1.3E-10   0.00  -0.81   1.19   0.23   2.06
 75 -1.0 -1.0  0.0000     2.445  3.3E-10   0.00   0.99  -0.03  -0.38   1.83
 62 -1.0  1.0  0.0000     2.550  1.4E-10   0.00   0.41  -0.39   0.07   1.32
 66 -1.0  1.0  0.0000     2.776  4.6E-11   0.00   0.50  -0.50   0.50   2.17
 79 -1.0 -1.0  0.0000     2.778  1.5E-12   0.00  -0.49  -0.50  -0.49   2.17
 77 -1.0 -1.0  0.0000     3.267  6.8E-11   0.00   0.19  -0.47  -0.09   1.70
 64 -1.0  1.0  0.0000     3.447  8.6E-11   0.00  -0.54  -0.45  -1.13   2.25
 80 -1.0 -1.0  0.0000     3.782  6.3E-08   0.00  -0.48   1.14   0.81   2.44
 67 -1.0  1.0  0.0000     3.805  3.6E-10   0.00  -0.40   1.46   0.31   2.46
 78 -1.0 -1.0  0.0000     3.978  6.3E-08   0.00   0.98  -0.21  -0.14   2.34
 65 -1.0  1.0  0.0000     4.046  3.7E-10   0.00   0.33  -0.50   0.06   2.07
--------------------------------------------------------------------------------
---------------- Electric Multipole Moments -----------------
Quantisation Axis             : Z
  With secondary axis ordering: X,Y
______________________________________________________________
                     Neutrons        Protons         Total
______________________________________________________________
 Particles           18.0000         18.0000         36.0000

Re  Q_{ 2 0}          5.6729          5.8808         11.5536
Re  Q_{ 2 2}          6.9042          7.1474         14.0515

Re  Q_{ 4 0}         -8.1448         -9.0889        -17.2337
Re  Q_{ 4 2}         -8.2367         -9.1433        -17.3800
Re  Q_{ 4 4}        -10.6814        -11.9082        -22.5896

Re  Q_{ 6 0}        -69.3997        -79.5847       -148.9844
Re  Q_{ 6 2}        -69.0613        -78.2995       -147.3609
Re  Q_{ 6 4}        -71.4733        -79.6416       -151.1149
Re  Q_{ 6 6}        -99.4109       -112.7942       -212.2051

Re  Q_{ 8 0}        -20.5556       -170.2641       -190.8197
Re  Q_{ 8 2}        -99.0292        -88.5108       -187.5400
Re  Q_{ 8 4}        -73.9518       -128.1552       -202.1071
Re  Q_{ 8 6}       -112.4555       -108.7117       -221.1672
Re  Q_{ 8 8}       -109.1724       -187.0982       -296.2706

Re  Q_{10 0}       7333.5281       9237.7546      16571.2826
Re  Q_{10 2}        369.0287        353.0756        722.1043
Re  Q_{10 4}      -6660.7940      -8327.1441     -14987.9381
Re  Q_{10 6}        372.5166       1138.7487       1511.2653
Re  Q_{10 8}      -7748.1639      -9281.6979     -17029.8618
Re  Q_{1010}        779.3065        950.6403       1729.9468

 RMS radius           3.2654          3.3124          3.2890
______________________________________________________________
                     Neutrons        Protons         Total
______________________________________________________________

Beta_{ 2 0}       0.04204266      0.04358343      0.08562609
Beta_{ 2 2}       0.05116805      0.05297045      0.10413850

Beta_{ 4 0}      -0.00384480     -0.00429044     -0.00813524
Beta_{ 4 2}      -0.00388817     -0.00431614     -0.00820431
Beta_{ 4 4}      -0.00504220     -0.00562131     -0.01066351

Beta_{ 6 0}      -0.00208666     -0.00239289     -0.00447955
Beta_{ 6 2}      -0.00207648     -0.00235425     -0.00443073
Beta_{ 6 4}      -0.00214901     -0.00239460     -0.00454361
Beta_{ 6 6}      -0.00298901     -0.00339141     -0.00638042

Beta_{ 8 0}      -0.00003937     -0.00032608     -0.00036544
Beta_{ 8 2}      -0.00018965     -0.00016951     -0.00035916
Beta_{ 8 4}      -0.00014163     -0.00024543     -0.00038706
Beta_{ 8 6}      -0.00021537     -0.00020820     -0.00042356
Beta_{ 8 8}      -0.00020908     -0.00035832     -0.00056739

Beta_{10 0}       0.00089456      0.00112685      0.00202141
Beta_{10 2}       0.00004502      0.00004307      0.00008808
Beta_{10 4}      -0.00081250     -0.00101577     -0.00182827
Beta_{10 6}       0.00004544      0.00013891      0.00018435
Beta_{10 8}      -0.00094514     -0.00113221     -0.00207735
Beta_{1010}       0.00009506      0.00011596      0.00021102

______________________________________________________________
                     Neutrons        Protons         Total
______________________________________________________________
Q_{ 2}               11.2923         11.6941         22.9864
Q_{ 4}               20.7415         23.0959         43.8374
Q_{ 6}              210.5640        238.1722        448.7318
Q_{ 8}              283.0258        413.7072        679.5820
Q_{10}            16258.7088      20024.2068      36269.9947
______________________________________________________________
                     Neutrons        Protons         Total
______________________________________________________________
Beta_{   2}       0.08368945      0.08666749      0.17035693
Beta_{   4}       0.00979110      0.01090249      0.02069358
Beta_{   6}       0.00633108      0.00716118      0.01349213
Beta_{   8}       0.00054203      0.00079230      0.00130148
Beta_{  10}       0.00198328      0.00244261      0.00442432
______________________________________________________________
 Cart. Moments X              Y              Z
 Cart. N       17.8172056    -35.8039059     17.9867003
 Cart. P       18.4320253    -37.0778977     18.6458724
 Cart. T       36.2492308    -72.8818035     36.6325727
 (Q, gamma)    Q              Gamma
 (Q,g) N       35.8040396     59.8434018
 (Q,g) P       37.0781032     59.8092130
 (Q,g) T       72.8821396     59.8260086
 (iq1, iq2)    iq1            iq2
 iq    N        0.1129965     35.7474076
 iq    P        0.1425648     37.0066153
 iq    T        0.2555613     72.7540229
               X^2            Y^2            Z^2
 X^2_i N       69.9161382     52.0424344     69.9726364
 X^2_i P       71.9745945     53.4712869     72.0458769
 X^2_i T      141.8907327    105.5137213    142.0185133
------------------------------------------------------------
------------------------- Angular Momentum (hbar) --------------------------

               Spwfs(*)    Desired     Omega       E (MeV)      Densit. 
  __________________________________________________________________________
   J_x   |     0.00000     0.00000     0.00000    -0.00000     0.00000
   J_y   |     0.00000     0.00000     0.00000    -0.00000     0.00000
   J_z   |     1.72521     0.00000     0.50000    -0.86260     1.72521
  __________________________________________________________________________
   Size  |     1.72521     0.00000     0.50000                 1.72521
  --------------------------------------------------------------------------
---------------------Rotational properties--------------------
                Rigid rotor          (hbar^2/MeV)
              n              p              t 
 I_R X       2.9421755      3.0266222      5.9687977
 I_R Y       3.3731680      3.4727964      6.8459644
 I_R Z       2.9408132      3.0249034      5.9657165

                Belyaev                 (hbar^2/MeV) 
              n              p              t 
 I_B X       1.4248120      1.4579037      2.8827157
 I_B Y       0.0676406      0.0699941      0.1376347
 I_B Z       1.2855629      1.3113442      2.5969071

                Belyaev (collective)    (hbar^2/MeV) 
              n              p              t 
 I_B X       0.0000000      0.0000000      0.0000000
 I_B Y       0.0000000      0.0000000      0.0000000
 I_B Z       0.0000000      0.0000000      0.0000000

                 <J^2> - <J>^2          (hbar^2)
              n              p              t 
 J2_X        2.1788863      2.1742639      4.3531502
 J2_Y        0.0901997      0.0918707      0.1820704
 J2_Z        2.0315396      2.0204205      4.0519600
 J2_t        4.3006256      4.2865551      8.5871807

                 <J^2> - <J>^2 (coll.)  (hbar^2)
              n              p              t 
 J2_X        0.0000000      0.0000000      0.0000000
 J2_Y        0.0000000      0.0000000      0.0000000
 J2_Z        0.0000000      0.0000000      0.0000000
 J2_t        0.0000000      0.0000000      0.0000000
--------------------------------------------------------------------------------
 Skyrme Energy 
                                    Isoscalar      Isovector   |   Total
--------------------------------------------------------------------------------
                 E_D_I_I_D_I_I   -3570.794303       0.516349   -3570.277954
              E_D_I_I_D_I_I_DD    2398.867439      -0.433542    2398.433897
               E_D_I_Sm_D_I_Sm      -0.039330       0.000230      -0.039100
            E_D_I_Sm_D_I_Sm_DD       0.251871      -0.000155       0.251716
               E_D_I_I_D_Nm_Nm     135.249945       0.005881     135.255826
             E_D_I_I_Lap_D_I_I      96.189299      -0.019875      96.169425
           E_C_I_NmSk_C_I_NmSk       0.059589       0.000490       0.060079
               E_C_I_Nm_C_I_Nm      -0.091342      -0.000005      -0.091347
           E_D_I_Sm_Lap_D_I_Sm      -0.165180      -0.000033      -0.165213
            E_D_I_Sm_D_Nk_NkSm      -0.000475      -0.000010      -0.000485
       E_D_I_I_Derm_C_I_NxmSxm     -15.196422      -0.001558     -15.197980
        E_C_I_Nm_Derxm_D_I_Sxm      -0.098398      -0.000015      -0.098412
               E_DP_I_I_DP_I_I                                     0.000000
               E_CP_I_I_CP_I_I                                     0.000000
--------------------------------------------------------------------------------
                 Total Skyrme:                                  -955.699547
                    time-even:                                  -955.556706
                    time-odd :                                    -0.142841
--------------------------------------------------------------------------------
--------------------------------------------------------------------------------
                                     neutron        proton         total
                Kinetic Energy:     306.493175     298.293607     604.786782
                    COM 1-body:      -8.513699      -8.285934     -16.799633

                Coulomb Direct:       0.000000      66.924927      66.924927
                      Exchange:       0.000000      -6.754271      -6.754271

               Pairing (delta):       0.000000       0.000000       0.000000
               Pairing (densi):                                     0.000000
--------------------------------------------------------------------------------
                  Total energy:                                  -307.541743
                    from spwfs:                                  -307.541741
                   E_fu - E_sp:                                -0.239433E-05
                      Routhian:                                  -307.110596
--------------------------------------------------------------------------------
--------------------------------------------------------------------------------
Convergence report
                        Change^(i)     Change^(i-1)   rate (approx)
  Con.  Energy      :      -4.32E-07      -4.19E-07       8.41E-01
  Con.  Routhian    :      -6.30E-07      -5.99E-07       1.12E+00
  Con.  E_fu - E_sp :      -2.60E-08       1.63E-08       2.29E-01
  Con.  |delta rho| :       2.36E-08       0.00E+00       9.82E-01
--------------------------------------------------------------------------------
--------------------------------------------------------------------------------
 Iteration =  241
 dt  =   0.0371      mu  =   0.9247  D2H =  0.2E-09
 E   =   -307.542    DE  =  0.14184E-08
 dmun=  0.0E+00      dmup=  0.0E+00
 Q20 =      11.5536  Q22 =      14.0515 dQ20=  0.2E-05      dQ22=  0.1E-05
 Jz  =    1.725      dJZ = -0.5E-06
--------------------------------------------------------------------------------
 Iteration =  242
 dt  =   0.0371      mu  =   0.9247  D2H =  0.2E-09
 E   =   -307.542    DE  =  0.14034E-08
 dmun=  0.0E+00      dmup=  0.0E+00
 Q20 =      11.5536  Q22 =      14.0515 dQ20=  0.2E-05      dQ22=  0.1E-05
 Jz  =    1.725      dJZ = -0.9E-06
--------------------------------------------------------------------------------
 Iteration =  243
 dt  =   0.0371      mu  =   0.9247  D2H =  0.2E-09
 E   =   -307.542    DE  =  0.13631E-08
 dmun=  0.0E+00      dmup=  0.0E+00
 Q20 =      11.5536  Q22 =      14.0515 dQ20=  0.2E-05      dQ22=  0.1E-05
 Jz  =    1.725      dJZ = -0.8E-06
--------------------------------------------------------------------------------
 Iteration =  244
 dt  =   0.0371      mu  =   0.9247  D2H =  0.2E-09
 E   =   -307.542    DE  =  0.13000E-08
 dmun=  0.0E+00      dmup=  0.0E+00
 Q20 =      11.5536  Q22 =      14.0515 dQ20=  0.2E-05      dQ22=  0.1E-05
 Jz  =    1.725      dJZ = -0.8E-06
--------------------------------------------------------------------------------
 Iteration =  245
 dt  =   0.0371      mu  =   0.9247  D2H =  0.1E-09
 E   =   -307.542    DE  =  0.12168E-08
 dmun=  0.0E+00      dmup=  0.0E+00
 Q20 =      11.5536  Q22 =      14.0515 dQ20=  0.2E-05      dQ22=  0.1E-05
 Jz  =    1.725      dJZ = -0.8E-06
--------------------------------------------------------------------------------
 Iteration =  246
 dt  =   0.0371      mu  =   0.9247  D2H =  0.1E-09
 E   =   -307.542    DE  =  0.11164E-08
 dmun=  0.0E+00      dmup=  0.0E+00
 Q20 =      11.5536  Q22 =      14.0515 dQ20=  0.2E-05      dQ22=  0.1E-05
 Jz  =    1.725      dJZ = -0.7E-06
--------------------------------------------------------------------------------
 Iteration =  247
 dt  =   0.0371      mu  =   0.9247  D2H =  0.1E-09
 E   =   -307.542    DE  =  0.10018E-08
 dmun=  0.0E+00      dmup=  0.0E+00
 Q20 =      11.5536  Q22 =      14.0515 dQ20=  0.2E-05      dQ22=  0.9E-06
 Jz  =    1.725      dJZ = -0.6E-06
--------------------------------------------------------------------------------
 Iteration =  248
 dt  =   0.0371      mu  =   0.9247  D2H =  0.9E-10
 E   =   -307.542    DE  =  0.87597E-09
 dmun=  0.0E+00      dmup=  0.0E+00
 Q20 =      11.5536  Q22 =      14.0515 dQ20=  0.2E-05      dQ22=  0.8E-06
 Jz  =    1.725      dJZ = -0.6E-06
--------------------------------------------------------------------------------
 Iteration =  249
 dt  =   0.0371      mu  =   0.9247  D2H =  0.8E-10
 E   =   -307.542    DE  =  0.74196E-09
 dmun=  0.0E+00      dmup=  0.0E+00
 Q20 =      11.5536  Q22 =      14.0515 dQ20=  0.2E-05      dQ22=  0.7E-06
 Jz  =    1.725      dJZ = -0.5E-06
--------------------- Sp wavefunctions -----------------------------------------
________________________________________________________________________________
   Neutron wavefunctions
  i    P   Rz   occ       E        d2h    Delta   JxT    JyT    Jz     J
--------------------- Sp wavefunctions -----------------------------------------
  1  1.0  1.0  1.0000   -46.647 -2.3E-12   0.00  -0.50   0.50   0.50   0.50
  8  1.0 -1.0  1.0000   -45.693 -4.5E-12   0.00   0.50   0.50  -0.50   0.50
 29 -1.0 -1.0  1.0000   -34.053  2.1E-10   0.00  -0.39   0.54   1.30   1.49
 16 -1.0  1.0  1.0000   -33.665 -2.3E-13   0.00  -0.68   1.24   0.45   1.50
 28 -1.0 -1.0  1.0000   -32.693  2.1E-10   0.00   1.32   0.46  -0.37   1.48
 15 -1.0  1.0  1.0000   -31.739  2.4E-11   0.00  -0.17  -0.25  -1.25   1.42
 17 -1.0  1.0  1.0000   -28.595  1.2E-11   0.00   0.35  -0.50   0.31   0.68
 30 -1.0 -1.0  1.0000   -28.059  1.2E-11   0.00  -0.43  -0.50  -0.44   0.58
  2  1.0  1.0  1.0000   -21.500  9.0E-11   0.00  -0.48   0.90   1.81   2.48
  9  1.0 -1.0  1.0000   -21.366  2.1E-10   0.00  -0.68   1.42   1.14   2.50
  4  1.0  1.0  1.0000   -20.683  9.4E-11   0.00  -0.11   1.22   0.91   2.43
 11  1.0 -1.0  1.0000   -19.908  2.2E-10   0.00   2.07   0.06  -0.21   2.46
  3  1.0  1.0  1.0000   -19.071  1.4E-11   0.00  -0.73  -0.60  -1.24   2.42
 10  1.0 -1.0  1.0000   -18.343  2.0E-11   0.00   0.03   0.03  -2.15   2.29
  5  1.0  1.0  1.0000   -15.612  3.2E-11   0.00  -0.48   0.48   0.38   0.99
 12  1.0 -1.0  1.0000   -15.022  2.5E-11   0.00   0.25   0.44  -0.20   1.20
  6  1.0  1.0  1.0000   -13.850  1.7E-11   0.00   0.26  -1.44   0.23   1.53
 13  1.0 -1.0  1.0000   -13.834  7.3E-12   0.00   0.24  -1.36   0.19   1.51
 14  1.0 -1.0  0.0000   -11.556  7.2E-12   0.00  -0.91   0.41   0.24   1.45
  7  1.0  1.0  0.0000   -10.823  1.0E-12   0.00   0.53   0.44  -1.08   1.48
 31 -1.0 -1.0  0.0000    -9.461  2.9E-11   0.00  -0.63   1.34   2.03   3.48
 18 -1.0  1.0  0.0000    -9.424  6.4E-11   0.00  -0.73   1.62   1.67   3.49
 33 -1.0 -1.0  0.0000    -8.794  4.0E-11   0.00  -0.14   1.00   2.19   3.35
 20 -1.0  1.0  0.0000    -8.287  1.3E-10   0.00   0.60   1.20   0.89   3.41
 32 -1.0 -1.0  0.0000    -7.642  3.1E-11   0.00   2.32  -0.59  -0.13   3.41
 19 -1.0  1.0  0.0000    -6.951  1.4E-10   0.00  -1.53  -0.77  -1.10   3.32
 34 -1.0 -1.0  0.0000    -6.229  4.6E-11   0.00   0.36   0.31  -1.99   3.18
 21 -1.0  1.0  0.0000    -5.529  6.5E-11   0.00   0.01   0.02  -2.88   3.05
 36 -1.0 -1.0  0.0000    -4.476  2.2E-10   0.00  -0.71   0.99   0.83   1.94
 23 -1.0  1.0  0.0000    -4.342  8.7E-11   0.00  -0.73   1.26   0.26   1.99
 35 -1.0 -1.0  0.0000    -3.094  2.6E-10   0.00   1.07  -0.09  -0.26   1.77
 22 -1.0  1.0  0.0000    -2.842  1.9E-10   0.00   0.31  -0.38  -0.07   1.33
 37 -1.0 -1.0  0.0000    -1.164  1.1E-10   0.00   0.01  -0.47  -0.16   1.40
 24 -1.0  1.0  0.0000    -0.930  5.9E-05   0.00   0.39  -1.46   0.56   2.41
 40 -1.0 -1.0  0.0000    -0.893  2.0E-11   0.00   0.63  -2.06   0.66   2.49
 27 -1.0  1.0  0.0000    -0.804  5.9E-05   0.00   0.07  -1.01  -0.52   2.14
 26 -1.0  1.0  0.0000     0.527  5.3E-11   0.00  -1.08   0.19   0.99   2.34
 39 -1.0 -1.0  0.0000     0.808  1.5E-10   0.00  -1.47   0.70   0.00   2.44
 25 -1.0  1.0  0.0000     1.038  9.4E-12   0.00   0.53  -0.50   0.52   2.22
 38 -1.0 -1.0  0.0000     1.056  1.2E-10   0.00  -0.56  -0.46  -0.45   2.23
________________________________________________________________________________
   Proton  wavefunctions
  i    P   Rz   occ       E        d2h    Delta   JxT    JyT    Jz     J
--------------------- Sp wavefunctions -----------------------------------------
 41  1.0  1.0  1.0000   -39.312  8.9E-12   0.00  -0.50   0.50   0.50   0.51
 48  1.0 -1.0  1.0000   -38.381  2.3E-11   0.00   0.50   0.50  -0.50   0.50
 69 -1.0 -1.0  1.0000   -27.129  1.7E-10   0.00  -0.40   0.54   1.30   1.49
 56 -1.0  1.0  1.0000   -26.749  6.3E-12   0.00  -0.68   1.25   0.44   1.50
 68 -1.0 -1.0  1.0000   -25.794  1.7E-10   0.00   1.32   0.46  -0.36   1.48
 55 -1.0  1.0  1.0000   -24.851  4.2E-11   0.00  -0.17  -0.25  -1.24   1.42
 57 -1.0  1.0  1.0000   -21.746  3.9E-11   0.00   0.35  -0.50   0.30   0.68
 70 -1.0 -1.0  1.0000   -21.223  1.6E-12   0.00  -0.42  -0.50  -0.44   0.58
 42  1.0  1.0  1.0000   -14.932  1.1E-10   0.00  -0.48   0.89   1.81   2.48
 49  1.0 -1.0  1.0000   -14.799  2.3E-10   0.00  -0.68   1.42   1.14   2.50
 44  1.0  1.0  1.0000   -14.120  1.1E-10   0.00  -0.10   1.22   0.91   2.43
 51  1.0 -1.0  1.0000   -13.357  2.3E-10   0.00   2.06   0.06  -0.21   2.46
 43  1.0  1.0  1.0000   -12.526  8.6E-12   0.00  -0.74  -0.60  -1.24   2.42
 50  1.0 -1.0  1.0000   -11.791  1.8E-11   0.00   0.04   0.04  -2.15   2.29
 45  1.0  1.0  1.0000    -9.128  7.5E-11   0.00  -0.47   0.48   0.38   0.98
 52  1.0 -1.0  1.0000    -8.554  1.9E-11   0.00   0.24   0.43  -0.17   1.20
 46  1.0  1.0  1.0000    -7.471  7.0E-11   0.00   0.26  -1.43   0.23   1.53
 53  1.0 -1.0  1.0000    -7.453  6.2E-12   0.00   0.24  -1.35   0.17   1.51
 54  1.0 -1.0  0.0000    -5.214  5.5E-12   0.00  -0.90   0.41   0.23   1.45
 47  1.0  1.0  0.0000    -4.494  2.6E-12   0.00   0.53   0.44  -1.08   1.48
 71 -1.0 -1.0  0.0000    -3.247  2.0E-11   0.00  -0.61   1.28   2.08   3.48
 58 -1.0  1.0  0.0000    -3.207  1.1E-10   0.00  -0.73   1.58   1.69   3.49
 73 -1.0 -1.0  0.0000    -2.601  2.1E-11   0.00  -0.17   1.03   2.15   3.34
 60 -1.0  1.0  0.0000    -2.093  1.9E-10   0.00   0.56   1.24   0.87   3.40
 72 -1.0 -1.0  0.0000    -1.457  6.4E-11   0.00   2.34  -0.55  -0.15   3.40
 59 -1.0  1.0  0.0000    -0.783  6.5E-11   0.00  -1.44  -0.75  -1.08   3.29
 74 -1.0 -1.0  0.0000    -0.085  1.2E-10   0.00   0.37   0.33  -1.92   3.12
 61 -1.0  1.0  0.0000     0.592  4.7E-11   0.00   0.02   0.04  -2.75   2.96
 76 -1.0 -1.0  0.0000     1.292  5.7E-11   0.00  -0.75   0.88   0.88   1.99
 63 -1.0  1.0  0.0000     1.442  3.6E-11   0.00  -0.81   1.19   0.23   2.06
 75 -1.0 -1.0  0.0000     2.445  1.4E-10   0.00   0.99  -0.03  -0.38   1.83
 62 -1.0  1.0  0.0000     2.550  1.6E-10   0.00   0.41  -0.39   0.07   1.32
 66 -1.0  1.0  0.0000     2.776  2.8E-11   0.00   0.50  -0.50   0.50   2.17
 79 -1.0 -1.0  0.0000     2.778  4.2E-13   0.00  -0.49  -0.50  -0.49   2.17
 77 -1.0 -1.0  0.0000     3.267  6.5E-11   0.00   0.19  -0.47  -0.09   1.70
 64 -1.0  1.0  0.0000     3.447  8.0E-11   0.00  -0.54  -0.45  -1.13   2.25
 80 -1.0 -1.0  0.0000     3.782  4.3E-08   0.00  -0.48   1.14   0.81   2.44
 67 -1.0  1.0  0.0000     3.805  1.9E-10   0.00  -0.40   1.46   0.31   2.46
 78 -1.0 -1.0  0.0000     3.978  4.3E-08   0.00   0.98  -0.21  -0.14   2.34
 65 -1.0  1.0  0.0000     4.046  2.4E-10   0.00   0.33  -0.50   0.06   2.07
--------------------------------------------------------------------------------
---------------- Electric Multipole Moments -----------------
Quantisation Axis             : Z
  With secondary axis ordering: X,Y
______________________________________________________________
                     Neutrons        Protons         Total
______________________________________________________________
 Particles           18.0000         18.0000         36.0000

Re  Q_{ 2 0}          5.6728          5.8807         11.5536
Re  Q_{ 2 2}          6.9041          7.1473         14.0515

Re  Q_{ 4 0}         -8.1448         -9.0889        -17.2337
Re  Q_{ 4 2}         -8.2367         -9.1433        -17.3800
Re  Q_{ 4 4}        -10.6814        -11.9082        -22.5896

Re  Q_{ 6 0}        -69.3993        -79.5845       -148.9838
Re  Q_{ 6 2}        -69.0611        -78.2992       -147.3603
Re  Q_{ 6 4}        -71.4731        -79.6415       -151.1146
Re  Q_{ 6 6}        -99.4106       -112.7939       -212.2045

Re  Q_{ 8 0}        -20.5538       -170.2732       -190.8271
Re  Q_{ 8 2}        -99.0269        -88.5046       -187.5315
Re  Q_{ 8 4}        -73.9513       -128.1605       -202.1118
Re  Q_{ 8 6}       -112.4511       -108.7119       -221.1630
Re  Q_{ 8 8}       -109.1703       -187.1008       -296.2712

Re  Q_{10 0}       7333.1674       9237.8167      16570.9840
Re  Q_{10 2}        369.4749        353.0773        722.5522
Re  Q_{10 4}      -6660.7706      -8327.0557     -14987.8263
Re  Q_{10 6}        372.4234       1138.0462       1510.4696
Re  Q_{10 8}      -7748.0953      -9281.1573     -17029.2526
Re  Q_{1010}        779.6000        951.4422       1731.0423

 RMS radius           3.2654          3.3124          3.2890
______________________________________________________________
                     Neutrons        Protons         Total
______________________________________________________________

Beta_{ 2 0}       0.04204259      0.04358336      0.08562595
Beta_{ 2 2}       0.05116802      0.05297042      0.10413843

Beta_{ 4 0}      -0.00384478     -0.00429042     -0.00813521
Beta_{ 4 2}      -0.00388816     -0.00431612     -0.00820428
Beta_{ 4 4}      -0.00504218     -0.00562130     -0.01066348

Beta_{ 6 0}      -0.00208665     -0.00239289     -0.00447953
Beta_{ 6 2}      -0.00207648     -0.00235424     -0.00443072
Beta_{ 6 4}      -0.00214900     -0.00239460     -0.00454360
Beta_{ 6 6}      -0.00298900     -0.00339140     -0.00638041

Beta_{ 8 0}      -0.00003936     -0.00032609     -0.00036546
Beta_{ 8 2}      -0.00018965     -0.00016950     -0.00035915
Beta_{ 8 4}      -0.00014163     -0.00024544     -0.00038707
Beta_{ 8 6}      -0.00021536     -0.00020820     -0.00042355
Beta_{ 8 8}      -0.00020907     -0.00035832     -0.00056739

Beta_{10 0}       0.00089452      0.00112685      0.00202138
Beta_{10 2}       0.00004507      0.00004307      0.00008814
Beta_{10 4}      -0.00081250     -0.00101576     -0.00182826
Beta_{10 6}       0.00004543      0.00013882      0.00018425
Beta_{10 8}      -0.00094513     -0.00113214     -0.00207728
Beta_{1010}       0.00009510      0.00011606      0.00021116

______________________________________________________________
                     Neutrons        Protons         Total
______________________________________________________________
Q_{ 2}               11.2923         11.6941         22.9864
Q_{ 4}               20.7415         23.0958         43.8372
Q_{ 6}              210.5633        238.1715        448.7305
Q_{ 8}              283.0186        413.7141        679.5799
Q_{10}            16258.5057      20023.6571      36269.2499
______________________________________________________________
                     Neutrons        Protons         Total
______________________________________________________________
Beta_{   2}       0.08368937      0.08666741      0.17035677
Beta_{   4}       0.00979108      0.01090246      0.02069352
Beta_{   6}       0.00633106      0.00716116      0.01349209
Beta_{   8}       0.00054201      0.00079231      0.00130148
Beta_{  10}       0.00198326      0.00244254      0.00442423
______________________________________________________________
 Cart. Moments X              Y              Z
 Cart. N       17.8172016    -35.8038721     17.9866705
 Cart. P       18.4320206    -37.0778647     18.6458441
 Cart. T       36.2492222    -72.8817368     36.6325146
 (Q, gamma)    Q              Gamma
 (Q,g) N       35.8040058     59.8434256
 (Q,g) P       37.0780702     59.8092339
 (Q,g) T       72.8820728     59.8260309
 (iq1, iq2)    iq1            iq2
 iq    N        0.1129792     35.7473825
 iq    P        0.1425490     37.0065902
 iq    T        0.2555282     72.7539727
               X^2            Y^2            Z^2
 X^2_i N       69.9161342     52.0424429     69.9726238
 X^2_i P       71.9745904     53.4712952     72.0458649
 X^2_i T      141.8907245    105.5137382    142.0184887
------------------------------------------------------------
------------------------- Angular Momentum (hbar) --------------------------

               Spwfs(*)    Desired     Omega       E (MeV)      Densit. 
  __________________________________________________________________________
   J_x   |     0.00000     0.00000     0.00000    -0.00000     0.00000
   J_y   |     0.00000     0.00000     0.00000    -0.00000     0.00000
   J_z   |     1.72520     0.00000     0.50000    -0.86260     1.72520
  __________________________________________________________________________
   Size  |     1.72520     0.00000     0.50000                 1.72520
  --------------------------------------------------------------------------
---------------------Rotational properties--------------------
                Rigid rotor          (hbar^2/MeV)
              n              p              t 
 I_R X       2.9421754      3.0266221      5.9687976
 I_R Y       3.3731676      3.4727961      6.8459636
 I_R Z       2.9408133      3.0249035      5.9657167

                Belyaev                 (hbar^2/MeV) 
              n              p              t 
 I_B X       1.4248136      1.4579046      2.8827182
 I_B Y       0.0676406      0.0699937      0.1376343
 I_B Z       1.2855641      1.3113462      2.5969103

                Belyaev (collective)    (hbar^2/MeV) 
              n              p              t 
 I_B X       0.0000000      0.0000000      0.0000000
 I_B Y       0.0000000      0.0000000      0.0000000
 I_B Z       0.0000000      0.0000000      0.0000000

                 <J^2> - <J>^2          (hbar^2)
              n              p              t 
 J2_X        2.1788831      2.1742610      4.3531441
 J2_Y        0.0901993      0.0918700      0.1820693
 J2_Z        2.0315388      2.0204200      4.0519588
 J2_t        4.3006212      4.2865510      8.5871722

                 <J^2> - <J>^2 (coll.)  (hbar^2)
              n              p              t 
 J2_X        0.0000000      0.0000000      0.0000000
 J2_Y        0.0000000      0.0000000      0.0000000
 J2_Z        0.0000000      0.0000000      0.0000000
 J2_t        0.0000000      0.0000000      0.0000000
--------------------------------------------------------------------------------
 Skyrme Energy 
                                    Isoscalar      Isovector   |   Total
--------------------------------------------------------------------------------
                 E_D_I_I_D_I_I   -3570.794437       0.516349   -3570.278089
              E_D_I_I_D_I_I_DD    2398.867552      -0.433542    2398.434010
               E_D_I_Sm_D_I_Sm      -0.039330       0.000230      -0.039100
            E_D_I_Sm_D_I_Sm_DD       0.251870      -0.000155       0.251715
               E_D_I_I_D_Nm_Nm     135.249961       0.005881     135.255843
             E_D_I_I_Lap_D_I_I      96.189296      -0.019875      96.169422
           E_C_I_NmSk_C_I_NmSk       0.059589       0.000490       0.060080
               E_C_I_Nm_C_I_Nm      -0.091341      -0.000005      -0.091346
           E_D_I_Sm_Lap_D_I_Sm      -0.165180      -0.000033      -0.165213
            E_D_I_Sm_D_Nk_NkSm      -0.000475      -0.000010      -0.000485
       E_D_I_I_Derm_C_I_NxmSxm     -15.196437      -0.001558     -15.197995
        E_C_I_Nm_Derxm_D_I_Sxm      -0.098397      -0.000015      -0.098412
               E_DP_I_I_DP_I_I                                     0.000000
               E_CP_I_I_CP_I_I                                     0.000000
--------------------------------------------------------------------------------
                 Total Skyrme:                                  -955.699571
                    time-even:                                  -955.556730
                    time-odd :                                    -0.142841
--------------------------------------------------------------------------------
--------------------------------------------------------------------------------
                                     neutron        proton         total
                Kinetic Energy:     306.493186     298.293616     604.786802
                    COM 1-body:      -8.513700      -8.285934     -16.799633

                Coulomb Direct:       0.000000      66.924928      66.924928
                      Exchange:       0.000000      -6.754272      -6.754272

               Pairing (delta):       0.000000       0.000000       0.000000
               Pairing (densi):                                     0.000000
--------------------------------------------------------------------------------
                  Total energy:                                  -307.541746
                    from spwfs:                                  -307.541745
                   E_fu - E_sp:                                -0.131492E-05
                      Routhian:                                  -307.110601
--------------------------------------------------------------------------------
--------------------------------------------------------------------------------
Convergence report
                        Change^(i)     Change^(i-1)   rate (approx)
  Con.  Energy      :      -1.85E-07      -2.28E-07       1.07E+00
  Con.  Routhian    :      -3.20E-07      -3.82E-07       1.12E+00
  Con.  E_fu - E_sp :      -1.33E-07      -1.42E-07       1.90E+00
  Con.  |delta rho| :       1.58E-08       0.00E+00       1.19E+00
--------------------------------------------------------------------------------
--------------------------------------------------------------------------------
 Iteration =  251
 dt  =   0.0371      mu  =   0.9247  D2H =  0.6E-10
 E   =   -307.542    DE  =  0.46158E-09
 dmun=  0.0E+00      dmup=  0.0E+00
 Q20 =      11.5536  Q22 =      14.0515 dQ20=  0.1E-05      dQ22=  0.6E-06
 Jz  =    1.725      dJZ = -0.1E-06
--------------------------------------------------------------------------------
 Iteration =  252
 dt  =   0.0371      mu  =   0.9247  D2H =  0.6E-10
 E   =   -307.542    DE  =  0.32111E-09
 dmun=  0.0E+00      dmup=  0.0E+00
 Q20 =      11.5536  Q22 =      14.0515 dQ20=  0.1E-05      dQ22=  0.5E-06
 Jz  =    1.725      dJZ = -0.2E-06
--------------------------------------------------------------------------------
 Iteration =  253
 dt  =   0.0371      mu  =   0.9247  D2H =  0.6E-10
 E   =   -307.542    DE  =  0.18429E-09
 dmun=  0.0E+00      dmup=  0.0E+00
 Q20 =      11.5536  Q22 =      14.0515 dQ20=  0.1E-05      dQ22=  0.4E-06
 Jz  =    1.725      dJZ = -0.2E-06
--------------------------------------------------------------------------------
 Iteration =  254
 dt  =   0.0371      mu  =   0.9247  D2H =  0.5E-10
 E   =   -307.542    DE  =  0.53666E-10
 dmun=  0.0E+00      dmup=  0.0E+00
 Q20 =      11.5536  Q22 =      14.0515 dQ20=  0.7E-06      dQ22=  0.3E-06
 Jz  =    1.725      dJZ = -0.7E-07
--------------------------------------------------------------------------------
 Iteration =  255
 dt  =   0.0371      mu  =   0.9247  D2H =  0.5E-10
 E   =   -307.542    DE  =  0.68575E-10
 dmun=  0.0E+00      dmup=  0.0E+00
 Q20 =      11.5536  Q22 =      14.0515 dQ20=  0.5E-06      dQ22=  0.2E-06
 Jz  =    1.725      dJZ =  0.3E-08
--------------------------------------------------------------------------------
 Iteration =  256
 dt  =   0.0371      mu  =   0.9247  D2H =  0.5E-10
 E   =   -307.542    DE  =  0.18041E-09
 dmun=  0.0E+00      dmup=  0.0E+00
 Q20 =      11.5536  Q22 =      14.0515 dQ20=  0.3E-06      dQ22=  0.1E-06
 Jz  =    1.725      dJZ =  0.7E-07
--------------------------------------------------------------------------------
 Iteration =  257
 dt  =   0.0371      mu  =   0.9247  D2H =  0.5E-10
 E   =   -307.542    DE  =  0.28037E-09
 dmun=  0.0E+00      dmup=  0.0E+00
 Q20 =      11.5536  Q22 =      14.0515 dQ20=  0.1E-06      dQ22=  0.8E-07
 Jz  =    1.725      dJZ =  0.1E-06
--------------------------------------------------------------------------------
 Iteration =  258
 dt  =   0.0371      mu  =   0.9247  D2H =  0.5E-10
 E   =   -307.542    DE  =  0.36752E-09
 dmun=  0.0E+00      dmup=  0.0E+00
 Q20 =      11.5536  Q22 =      14.0515 dQ20=  0.4E-07      dQ22=  0.3E-07
 Jz  =    1.725      dJZ =  0.2E-06
--------------------------------------------------------------------------------
 Iteration =  259
 dt  =   0.0371      mu  =   0.9247  D2H =  0.5E-10
 E   =   -307.542    DE  =  0.44111E-09
 dmun=  0.0E+00      dmup=  0.0E+00
 Q20 =      11.5536  Q22 =      14.0515 dQ20=  0.2E-06      dQ22=  0.1E-07
 Jz  =    1.725      dJZ =  0.2E-06
--------------------- Sp wavefunctions -----------------------------------------
________________________________________________________________________________
   Neutron wavefunctions
  i    P   Rz   occ       E        d2h    Delta   JxT    JyT    Jz     J
--------------------- Sp wavefunctions -----------------------------------------
  1  1.0  1.0  1.0000   -46.647 -2.0E-11   0.00  -0.50   0.50   0.50   0.50
  8  1.0 -1.0  1.0000   -45.693 -1.5E-11   0.00   0.50   0.50  -0.50   0.50
 29 -1.0 -1.0  1.0000   -34.053  1.2E-10   0.00  -0.39   0.54   1.30   1.49
 16 -1.0  1.0  1.0000   -33.665 -1.8E-12   0.00  -0.68   1.24   0.45   1.50
 28 -1.0 -1.0  1.0000   -32.693  1.2E-10   0.00   1.32   0.46  -0.37   1.48
 15 -1.0  1.0  1.0000   -31.739  2.2E-10   0.00  -0.17  -0.25  -1.25   1.42
 17 -1.0  1.0  1.0000   -28.595  2.2E-10   0.00   0.35  -0.50   0.31   0.68
 30 -1.0 -1.0  1.0000   -28.059  1.7E-11   0.00  -0.43  -0.50  -0.44   0.58
  2  1.0  1.0  1.0000   -21.500  1.4E-11   0.00  -0.48   0.90   1.81   2.48
  9  1.0 -1.0  1.0000   -21.366  3.3E-11   0.00  -0.68   1.42   1.14   2.50
  4  1.0  1.0  1.0000   -20.683  1.3E-11   0.00  -0.11   1.22   0.91   2.43
 11  1.0 -1.0  1.0000   -19.908  2.9E-11   0.00   2.07   0.06  -0.21   2.46
  3  1.0  1.0  1.0000   -19.071  2.8E-11   0.00  -0.73  -0.60  -1.24   2.42
 10  1.0 -1.0  1.0000   -18.343  2.2E-11   0.00   0.03   0.03  -2.15   2.29
  5  1.0  1.0  1.0000   -15.612  1.7E-11   0.00  -0.48   0.48   0.38   0.99
 12  1.0 -1.0  1.0000   -15.022  2.5E-11   0.00   0.25   0.44  -0.20   1.20
  6  1.0  1.0  1.0000   -13.850  9.5E-12   0.00   0.26  -1.44   0.23   1.53
 13  1.0 -1.0  1.0000   -13.834  4.7E-12   0.00   0.24  -1.36   0.19   1.51
 14  1.0 -1.0  0.0000   -11.556  4.3E-12   0.00  -0.91   0.41   0.24   1.45
  7  1.0  1.0  0.0000   -10.823  2.1E-12   0.00   0.53   0.44  -1.08   1.48
 31 -1.0 -1.0  0.0000    -9.461  5.0E-11   0.00  -0.63   1.34   2.03   3.48
 18 -1.0  1.0  0.0000    -9.424  2.8E-11   0.00  -0.73   1.62   1.67   3.49
 33 -1.0 -1.0  0.0000    -8.794  7.4E-11   0.00  -0.14   1.00   2.19   3.35
 20 -1.0  1.0  0.0000    -8.287  3.8E-11   0.00   0.60   1.20   0.89   3.41
 32 -1.0 -1.0  0.0000    -7.642  2.4E-11   0.00   2.32  -0.59  -0.13   3.41
 19 -1.0  1.0  0.0000    -6.951  4.1E-11   0.00  -1.53  -0.77  -1.10   3.32
 34 -1.0 -1.0  0.0000    -6.229  1.7E-11   0.00   0.36   0.31  -1.99   3.18
 21 -1.0  1.0  0.0000    -5.529  2.2E-11   0.00   0.01   0.02  -2.88   3.05
 36 -1.0 -1.0  0.0000    -4.476  8.1E-11   0.00  -0.71   0.99   0.83   1.94
 23 -1.0  1.0  0.0000    -4.342  1.8E-11   0.00  -0.73   1.26   0.26   1.99
 35 -1.0 -1.0  0.0000    -3.094  1.1E-10   0.00   1.07  -0.09  -0.26   1.77
 22 -1.0  1.0  0.0000    -2.842  5.0E-11   0.00   0.31  -0.38  -0.07   1.33
 37 -1.0 -1.0  0.0000    -1.164  3.8E-11   0.00   0.01  -0.47  -0.16   1.40
 24 -1.0  1.0  0.0000    -0.930  4.7E-05   0.00   0.39  -1.47   0.56   2.42
 40 -1.0 -1.0  0.0000    -0.893  1.0E-11   0.00   0.63  -2.06   0.66   2.49
 27 -1.0  1.0  0.0000    -0.804  4.7E-05   0.00   0.07  -1.00  -0.53   2.14
 26 -1.0  1.0  0.0000     0.527  7.4E-11   0.00  -1.08   0.19   0.99   2.34
 39 -1.0 -1.0  0.0000     0.808  8.5E-11   0.00  -1.47   0.70   0.00   2.44
 25 -1.0  1.0  0.0000     1.038  5.2E-12   0.00   0.53  -0.50   0.52   2.22
 38 -1.0 -1.0  0.0000     1.056  6.4E-11   0.00  -0.56  -0.46  -0.45   2.23
________________________________________________________________________________
   Proton  wavefunctions
  i    P   Rz   occ       E        d2h    Delta   JxT    JyT    Jz     J
--------------------- Sp wavefunctions -----------------------------------------
 41  1.0  1.0  1.0000   -39.312  1.3E-11   0.00  -0.50   0.50   0.50   0.51
 48  1.0 -1.0  1.0000   -38.381  1.3E-11   0.00   0.50   0.50  -0.50   0.50
 69 -1.0 -1.0  1.0000   -27.129  1.3E-10   0.00  -0.40   0.54   1.30   1.49
 56 -1.0  1.0  1.0000   -26.749  1.0E-11   0.00  -0.68   1.25   0.44   1.50
 68 -1.0 -1.0  1.0000   -25.794  1.1E-10   0.00   1.32   0.46  -0.36   1.48
 55 -1.0  1.0  1.0000   -24.851  2.1E-10   0.00  -0.17  -0.25  -1.24   1.42
 57 -1.0  1.0  1.0000   -21.746  2.0E-10   0.00   0.35  -0.50   0.30   0.68
 70 -1.0 -1.0  1.0000   -21.223  1.9E-11   0.00  -0.42  -0.50  -0.44   0.58
 42  1.0  1.0  1.0000   -14.932  1.7E-11   0.00  -0.48   0.89   1.81   2.48
 49  1.0 -1.0  1.0000   -14.799  3.6E-11   0.00  -0.68   1.42   1.14   2.50
 44  1.0  1.0  1.0000   -14.120  1.8E-11   0.00  -0.10   1.22   0.91   2.43
 51  1.0 -1.0  1.0000   -13.357  4.2E-11   0.00   2.06   0.06  -0.21   2.46
 43  1.0  1.0  1.0000   -12.526  2.8E-11   0.00  -0.74  -0.60  -1.24   2.42
 50  1.0 -1.0  1.0000   -11.791  3.0E-11   0.00   0.04   0.04  -2.15   2.29
 45  1.0  1.0  1.0000    -9.128  1.4E-11   0.00  -0.47   0.48   0.38   0.98
 52  1.0 -1.0  1.0000    -8.554  3.0E-11   0.00   0.24   0.43  -0.17   1.20
 46  1.0  1.0  1.0000    -7.471  6.4E-12   0.00   0.26  -1.43   0.23   1.53
 53  1.0 -1.0  1.0000    -7.453  3.2E-12   0.00   0.24  -1.35   0.17   1.51
 54  1.0 -1.0  0.0000    -5.214  5.8E-12   0.00  -0.90   0.41   0.23   1.45
 47  1.0  1.0  0.0000    -4.494  2.0E-12   0.00   0.53   0.44  -1.08   1.48
 71 -1.0 -1.0  0.0000    -3.247  2.2E-11   0.00  -0.61   1.28   2.08   3.48
 58 -1.0  1.0  0.0000    -3.207  1.5E-11   0.00  -0.73   1.58   1.69   3.49
 73 -1.0 -1.0  0.0000    -2.601  4.6E-11   0.00  -0.17   1.03   2.15   3.34
 60 -1.0  1.0  0.0000    -2.093  3.2E-11   0.00   0.56   1.24   0.87   3.40
 72 -1.0 -1.0  0.0000    -1.457  1.6E-11   0.00   2.34  -0.55  -0.15   3.40
 59 -1.0  1.0  0.0000    -0.783  5.2E-11   0.00  -1.44  -0.75  -1.08   3.29
 74 -1.0 -1.0  0.0000    -0.085  2.0E-11   0.00   0.37   0.33  -1.92   3.12
 61 -1.0  1.0  0.0000     0.592  2.3E-11   0.00   0.02   0.04  -2.75   2.96
 76 -1.0 -1.0  0.0000     1.292  2.4E-11   0.00  -0.75   0.88   0.88   1.99
 63 -1.0  1.0  0.0000     1.442  3.0E-11   0.00  -0.81   1.19   0.23   2.06
 75 -1.0 -1.0  0.0000     2.445  6.2E-11   0.00   0.99  -0.03  -0.38   1.83
 62 -1.0  1.0  0.0000     2.550  1.1E-10   0.00   0.41  -0.39   0.07   1.32
 66 -1.0  1.0  0.0000     2.776  1.7E-11   0.00   0.50  -0.50   0.50   2.17
 79 -1.0 -1.0  0.0000     2.778  2.2E-13   0.00  -0.49  -0.50  -0.49   2.17
 77 -1.0 -1.0  0.0000     3.267  2.5E-11   0.00   0.19  -0.47  -0.09   1.70
 64 -1.0  1.0  0.0000     3.447  4.4E-11   0.00  -0.54  -0.45  -1.13   2.25
 80 -1.0 -1.0  0.0000     3.782  2.9E-08   0.00  -0.48   1.14   0.81   2.44
 67 -1.0  1.0  0.0000     3.805  1.1E-10   0.00  -0.40   1.46   0.31   2.46
 78 -1.0 -1.0  0.0000     3.978  2.9E-08   0.00   0.98  -0.21  -0.14   2.34
 65 -1.0  1.0  0.0000     4.046  1.3E-10   0.00   0.33  -0.50   0.06   2.07
--------------------------------------------------------------------------------
---------------- Electric Multipole Moments -----------------
Quantisation Axis             : Z
  With secondary axis ordering: X,Y
______________________________________________________________
                     Neutrons        Protons         Total
______________________________________________________________
 Particles           18.0000         18.0000         36.0000

Re  Q_{ 2 0}          5.6728          5.8807         11.5536
Re  Q_{ 2 2}          6.9041          7.1473         14.0515

Re  Q_{ 4 0}         -8.1448         -9.0888        -17.2337
Re  Q_{ 4 2}         -8.2367         -9.1433        -17.3800
Re  Q_{ 4 4}        -10.6814        -11.9082        -22.5895

Re  Q_{ 6 0}        -69.3992        -79.5843       -148.9835
Re  Q_{ 6 2}        -69.0610        -78.2991       -147.3601
Re  Q_{ 6 4}        -71.4730        -79.6413       -151.1143
Re  Q_{ 6 6}        -99.4106       -112.7938       -212.2043

Re  Q_{ 8 0}        -20.5546       -170.2688       -190.8234
Re  Q_{ 8 2}        -99.0271        -88.5076       -187.5347
Re  Q_{ 8 4}        -73.9512       -128.1573       -202.1084
Re  Q_{ 8 6}       -112.4522       -108.7074       -221.1596
Re  Q_{ 8 8}       -109.1724       -187.0978       -296.2703

Re  Q_{10 0}       7333.3331       9237.5590      16570.8921
Re  Q_{10 2}        369.2199        353.2041        722.4240
Re  Q_{10 4}      -6660.7766      -8327.0662     -14987.8427
Re  Q_{10 6}        372.4544       1138.5924       1511.0469
Re  Q_{10 8}      -7748.2092      -9281.3307     -17029.5399
Re  Q_{1010}        779.5321        951.0095       1730.5416

 RMS radius           3.2654          3.3124          3.2890
______________________________________________________________
                     Neutrons        Protons         Total
______________________________________________________________

Beta_{ 2 0}       0.04204257      0.04358335      0.08562592
Beta_{ 2 2}       0.05116801      0.05297041      0.10413842

Beta_{ 4 0}      -0.00384478     -0.00429042     -0.00813520
Beta_{ 4 2}      -0.00388816     -0.00431612     -0.00820428
Beta_{ 4 4}      -0.00504218     -0.00562129     -0.01066347

Beta_{ 6 0}      -0.00208664     -0.00239288     -0.00447952
Beta_{ 6 2}      -0.00207647     -0.00235424     -0.00443071
Beta_{ 6 4}      -0.00214899     -0.00239459     -0.00454359
Beta_{ 6 6}      -0.00298900     -0.00339140     -0.00638040

Beta_{ 8 0}      -0.00003936     -0.00032609     -0.00036545
Beta_{ 8 2}      -0.00018965     -0.00016950     -0.00035915
Beta_{ 8 4}      -0.00014163     -0.00024544     -0.00038706
Beta_{ 8 6}      -0.00021536     -0.00020819     -0.00042355
Beta_{ 8 8}      -0.00020908     -0.00035831     -0.00056739

Beta_{10 0}       0.00089454      0.00112682      0.00202136
Beta_{10 2}       0.00004504      0.00004308      0.00008812
Beta_{10 4}      -0.00081250     -0.00101576     -0.00182826
Beta_{10 6}       0.00004543      0.00013889      0.00018432
Beta_{10 8}      -0.00094515     -0.00113216     -0.00207731
Beta_{1010}       0.00009509      0.00011601      0.00021110

______________________________________________________________
                     Neutrons        Protons         Total
______________________________________________________________
Q_{ 2}               11.2923         11.6941         22.9864
Q_{ 4}               20.7414         23.0958         43.8372
Q_{ 6}              210.5630        238.1711        448.7298
Q_{ 8}              283.0212        413.7064        679.5756
Q_{10}            16258.6773      20023.7331      36269.4865
______________________________________________________________
                     Neutrons        Protons         Total
______________________________________________________________
Beta_{   2}       0.08368935      0.08666739      0.17035674
Beta_{   4}       0.00979107      0.01090245      0.02069351
Beta_{   6}       0.00633105      0.00716115      0.01349207
Beta_{   8}       0.00054202      0.00079230      0.00130147
Beta_{  10}       0.00198328      0.00244255      0.00442425
______________________________________________________________
 Cart. Moments X              Y              Z
 Cart. N       17.8172017    -35.8038637     17.9866620
 Cart. P       18.4320200    -37.0778578     18.6458377
 Cart. T       36.2492217    -72.8817215     36.6324998
 (Q, gamma)    Q              Gamma
 (Q,g) N       35.8039974     59.8434334
 (Q,g) P       37.0780633     59.8092391
 (Q,g) T       72.8820574     59.8260374
 (iq1, iq2)    iq1            iq2
 iq    N        0.1129736     35.7473769
 iq    P        0.1425451     37.0065852
 iq    T        0.2555187     72.7539621
               X^2            Y^2            Z^2
 X^2_i N       69.9161335     52.0424450     69.9726202
 X^2_i P       71.9745894     53.4712968     72.0458620
 X^2_i T      141.8907228    105.5137418    142.0184822
------------------------------------------------------------
------------------------- Angular Momentum (hbar) --------------------------

               Spwfs(*)    Desired     Omega       E (MeV)      Densit. 
  __________________________________________________________________________
   J_x   |     0.00000     0.00000     0.00000    -0.00000     0.00000
   J_y   |     0.00000     0.00000     0.00000    -0.00000     0.00000
   J_z   |     1.72520     0.00000     0.50000    -0.86260     1.72520
  __________________________________________________________________________
   Size  |     1.72520     0.00000     0.50000                 1.72520
  --------------------------------------------------------------------------
---------------------Rotational properties--------------------
                Rigid rotor          (hbar^2/MeV)
              n              p              t 
 I_R X       2.9421754      3.0266221      5.9687975
 I_R Y       3.3731675      3.4727960      6.8459634
 I_R Z       2.9408133      3.0249035      5.9657168

                Belyaev                 (hbar^2/MeV) 
              n              p              t 
 I_B X       1.4248150      1.4579066      2.8827216
 I_B Y       0.0676407      0.0699937      0.1376345
 I_B Z       1.2855639      1.3113464      2.5969104

                Belyaev (collective)    (hbar^2/MeV) 
              n              p              t 
 I_B X       0.0000000      0.0000000      0.0000000
 I_B Y       0.0000000      0.0000000      0.0000000
 I_B Z       0.0000000      0.0000000      0.0000000

                 <J^2> - <J>^2          (hbar^2)
              n              p              t 
 J2_X        2.1788821      2.1742609      4.3531429
 J2_Y        0.0901995      0.0918699      0.1820694
 J2_Z        2.0315385      2.0204197      4.0519581
 J2_t        4.3006200      4.2865505      8.5871705

                 <J^2> - <J>^2 (coll.)  (hbar^2)
              n              p              t 
 J2_X        0.0000000      0.0000000      0.0000000
 J2_Y        0.0000000      0.0000000      0.0000000
 J2_Z        0.0000000      0.0000000      0.0000000
 J2_t        0.0000000      0.0000000      0.0000000
--------------------------------------------------------------------------------
 Skyrme Energy 
                                    Isoscalar      Isovector   |   Total
--------------------------------------------------------------------------------
                 E_D_I_I_D_I_I   -3570.794477       0.516349   -3570.278128
              E_D_I_I_D_I_I_DD    2398.867583      -0.433542    2398.434042
               E_D_I_Sm_D_I_Sm      -0.039330       0.000230      -0.039100
            E_D_I_Sm_D_I_Sm_DD       0.251870      -0.000155       0.251716
               E_D_I_I_D_Nm_Nm     135.249965       0.005881     135.255846
             E_D_I_I_Lap_D_I_I      96.189296      -0.019874      96.169422
           E_C_I_NmSk_C_I_NmSk       0.059589       0.000490       0.060080
               E_C_I_Nm_C_I_Nm      -0.091341      -0.000005      -0.091346
           E_D_I_Sm_Lap_D_I_Sm      -0.165181      -0.000033      -0.165214
            E_D_I_Sm_D_Nk_NkSm      -0.000475      -0.000010      -0.000485
       E_D_I_I_Derm_C_I_NxmSxm     -15.196438      -0.001558     -15.197997
        E_C_I_Nm_Derxm_D_I_Sxm      -0.098398      -0.000015      -0.098412
               E_DP_I_I_DP_I_I                                     0.000000
               E_CP_I_I_CP_I_I                                     0.000000
--------------------------------------------------------------------------------
                 Total Skyrme:                                  -955.699577
                    time-even:                                  -955.556735
                    time-odd :                                    -0.142842
--------------------------------------------------------------------------------
--------------------------------------------------------------------------------
                                     neutron        proton         total
                Kinetic Energy:     306.493189     298.293619     604.786808
                    COM 1-body:      -8.513700      -8.285934     -16.799634

                Coulomb Direct:       0.000000      66.924928      66.924928
                      Exchange:       0.000000      -6.754272      -6.754272

               Pairing (delta):       0.000000       0.000000       0.000000
               Pairing (densi):                                     0.000000
--------------------------------------------------------------------------------
                  Total energy:                                  -307.541746
                    from spwfs:                                  -307.541746
                   E_fu - E_sp:                                -0.369718E-07
                      Routhian:                                  -307.110601
--------------------------------------------------------------------------------
--------------------------------------------------------------------------------
Convergence report
                        Change^(i)     Change^(i-1)   rate (approx)
  Con.  Energy      :       1.54E-07       1.36E-07       1.13E+00
  Con.  Routhian    :       2.11E-07       1.79E-07      -7.35E-02
  Con.  E_fu - E_sp :      -1.42E-07      -1.30E-07       8.35E-01
  Con.  |delta rho| :       2.85E-09       0.00E+00       9.79E-01
--------------------------------------------------------------------------------
--------------------------------------------------------------------------------
 Iteration =  261
 dt  =   0.0371      mu  =   0.9247  D2H =  0.5E-10
 E   =   -307.542    DE  =  0.54799E-09
 dmun=  0.0E+00      dmup=  0.0E+00
 Q20 =      11.5536  Q22 =      14.0515 dQ20=  0.4E-06      dQ22=  0.5E-07
 Jz  =    1.725      dJZ =  0.2E-06
--------------------------------------------------------------------------------
 Iteration =  262
 dt  =   0.0371      mu  =   0.9247  D2H =  0.4E-10
 E   =   -307.542    DE  =  0.58205E-09
 dmun=  0.0E+00      dmup=  0.0E+00
 Q20 =      11.5536  Q22 =      14.0515 dQ20=  0.4E-06      dQ22=  0.6E-07
 Jz  =    1.725      dJZ =  0.3E-06
--------------------------------------------------------------------------------
 Iteration =  263
 dt  =   0.0371      mu  =   0.9247  D2H =  0.4E-10
 E   =   -307.542    DE  =  0.60416E-09
 dmun=  0.0E+00      dmup=  0.0E+00
 Q20 =      11.5536  Q22 =      14.0515 dQ20=  0.5E-06      dQ22=  0.5E-07
 Jz  =    1.725      dJZ =  0.4E-06
--------------------------------------------------------------------------------
 Iteration =  264
 dt  =   0.0371      mu  =   0.9247  D2H =  0.4E-10
 E   =   -307.542    DE  =  0.61532E-09
 dmun=  0.0E+00      dmup=  0.0E+00
 Q20 =      11.5536  Q22 =      14.0515 dQ20=  0.4E-06      dQ22=  0.4E-07
 Jz  =    1.725      dJZ =  0.4E-06
--------------------------------------------------------------------------------
 Iteration =  265
 dt  =   0.0371      mu  =   0.9247  D2H =  0.3E-10
 E   =   -307.542    DE  =  0.61664E-09
 dmun=  0.0E+00      dmup=  0.0E+00
 Q20 =      11.5536  Q22 =      14.0515 dQ20=  0.4E-06      dQ22=  0.2E-07
 Jz  =    1.725      dJZ =  0.4E-06
--------------------------------------------------------------------------------
 Iteration =  266
 dt  =   0.0371      mu  =   0.9247  D2H =  0.3E-10
 E   =   -307.542    DE  =  0.60928E-09
 dmun=  0.0E+00      dmup=  0.0E+00
 Q20 =      11.5536  Q22 =      14.0515 dQ20=  0.4E-06      dQ22=  0.3E-08
 Jz  =    1.725      dJZ =  0.4E-06
--------------------------------------------------------------------------------
 Iteration =  267
 dt  =   0.0371      mu  =   0.9247  D2H =  0.2E-10
 E   =   -307.542    DE  =  0.59435E-09
 dmun=  0.0E+00      dmup=  0.0E+00
 Q20 =      11.5536  Q22 =      14.0515 dQ20=  0.3E-06      dQ22=  0.1E-07
 Jz  =    1.725      dJZ =  0.4E-06
--------------------------------------------------------------------------------
 Iteration =  268
 dt  =   0.0371      mu  =   0.9247  D2H =  0.2E-10
 E   =   -307.542    DE  =  0.57289E-09
 dmun=  0.0E+00      dmup=  0.0E+00
 Q20 =      11.5536  Q22 =      14.0515 dQ20=  0.3E-06      dQ22=  0.2E-07
 Jz  =    1.725      dJZ =  0.4E-06
--------------------------------------------------------------------------------
 Iteration =  269
 dt  =   0.0371      mu  =   0.9247  D2H =  0.2E-10
 E   =   -307.542    DE  =  0.54598E-09
 dmun=  0.0E+00      dmup=  0.0E+00
 Q20 =      11.5536  Q22 =      14.0515 dQ20=  0.3E-06      dQ22=  0.2E-07
 Jz  =    1.725      dJZ =  0.3E-06
--------------------- Sp wavefunctions -----------------------------------------
________________________________________________________________________________
   Neutron wavefunctions
  i    P   Rz   occ       E        d2h    Delta   JxT    JyT    Jz     J
--------------------- Sp wavefunctions -----------------------------------------
  1  1.0  1.0  1.0000   -46.647 -1.3E-11   0.00  -0.50   0.50   0.50   0.50
  8  1.0 -1.0  1.0000   -45.693 -2.3E-11   0.00   0.50   0.50  -0.50   0.50
 29 -1.0 -1.0  1.0000   -34.053  3.6E-11   0.00  -0.39   0.54   1.30   1.49
 16 -1.0  1.0  1.0000   -33.665  1.2E-11   0.00  -0.68   1.24   0.45   1.50
 28 -1.0 -1.0  1.0000   -32.693  2.0E-11   0.00   1.32   0.46  -0.37   1.48
 15 -1.0  1.0  1.0000   -31.739  5.9E-11   0.00  -0.17  -0.25  -1.25   1.42
 17 -1.0  1.0  1.0000   -28.595  5.6E-11   0.00   0.35  -0.50   0.31   0.68
 30 -1.0 -1.0  1.0000   -28.059  1.3E-12   0.00  -0.43  -0.50  -0.44   0.58
  2  1.0  1.0  1.0000   -21.500  3.2E-12   0.00  -0.48   0.90   1.81   2.48
  9  1.0 -1.0  1.0000   -21.366  9.1E-12   0.00  -0.68   1.42   1.14   2.50
  4  1.0  1.0  1.0000   -20.683  1.3E-11   0.00  -0.11   1.22   0.91   2.43
 11  1.0 -1.0  1.0000   -19.908  3.5E-12   0.00   2.07   0.06  -0.21   2.46
  3  1.0  1.0  1.0000   -19.071  7.4E-12   0.00  -0.73  -0.60  -1.24   2.42
 10  1.0 -1.0  1.0000   -18.343  1.7E-12   0.00   0.03   0.03  -2.15   2.29
  5  1.0  1.0  1.0000   -15.612  1.7E-11   0.00  -0.48   0.48   0.38   0.99
 12  1.0 -1.0  1.0000   -15.022  4.1E-12   0.00   0.25   0.44  -0.20   1.20
  6  1.0  1.0  1.0000   -13.850  1.4E-11   0.00   0.26  -1.44   0.23   1.53
 13  1.0 -1.0  1.0000   -13.834  1.8E-12   0.00   0.24  -1.36   0.19   1.51
 14  1.0 -1.0  0.0000   -11.556  1.1E-13   0.00  -0.91   0.41   0.24   1.45
  7  1.0  1.0  0.0000   -10.823  1.2E-12   0.00   0.53   0.44  -1.08   1.48
 31 -1.0 -1.0  0.0000    -9.461  4.2E-11   0.00  -0.63   1.34   2.03   3.48
 18 -1.0  1.0  0.0000    -9.424  5.5E-11   0.00  -0.73   1.62   1.67   3.49
 33 -1.0 -1.0  0.0000    -8.794  7.3E-11   0.00  -0.14   1.00   2.19   3.35
 20 -1.0  1.0  0.0000    -8.287  5.3E-11   0.00   0.60   1.20   0.89   3.41
 32 -1.0 -1.0  0.0000    -7.642  3.7E-11   0.00   2.32  -0.59  -0.13   3.41
 19 -1.0  1.0  0.0000    -6.951  1.5E-11   0.00  -1.53  -0.77  -1.10   3.32
 34 -1.0 -1.0  0.0000    -6.229  9.2E-12   0.00   0.36   0.31  -1.99   3.18
 21 -1.0  1.0  0.0000    -5.529  2.4E-11   0.00   0.01   0.02  -2.88   3.05
 36 -1.0 -1.0  0.0000    -4.476  8.3E-12   0.00  -0.71   0.99   0.83   1.94
 23 -1.0  1.0  0.0000    -4.342  1.7E-11   0.00  -0.73   1.26   0.26   1.99
 35 -1.0 -1.0  0.0000    -3.094  4.9E-12   0.00   1.07  -0.09  -0.26   1.77
 22 -1.0  1.0  0.0000    -2.842  2.6E-11   0.00   0.31  -0.38  -0.07   1.33
 37 -1.0 -1.0  0.0000    -1.164  9.1E-12   0.00   0.01  -0.47  -0.16   1.40
 24 -1.0  1.0  0.0000    -0.931  3.8E-05   0.00   0.40  -1.48   0.57   2.42
 40 -1.0 -1.0  0.0000    -0.893  4.2E-12   0.00   0.63  -2.06   0.66   2.49
 27 -1.0  1.0  0.0000    -0.804  3.8E-05   0.00   0.06  -1.00  -0.53   2.14
 26 -1.0  1.0  0.0000     0.527  4.1E-11   0.00  -1.08   0.19   0.99   2.34
 39 -1.0 -1.0  0.0000     0.808  3.9E-11   0.00  -1.47   0.70   0.00   2.44
 25 -1.0  1.0  0.0000     1.038  3.2E-12   0.00   0.53  -0.50   0.52   2.22
 38 -1.0 -1.0  0.0000     1.056  3.5E-11   0.00  -0.56  -0.46  -0.45   2.23
________________________________________________________________________________
   Proton  wavefunctions
  i    P   Rz   occ       E        d2h    Delta   JxT    JyT    Jz     J
--------------------- Sp wavefunctions -----------------------------------------
 41  1.0  1.0  1.0000   -39.312  7.5E-12   0.00  -0.50   0.50   0.50   0.51
 48  1.0 -1.0  1.0000   -38.381  1.3E-11   0.00   0.50   0.50  -0.50   0.50
 69 -1.0 -1.0  1.0000   -27.129  2.2E-12   0.00  -0.40   0.54   1.30   1.49
 56 -1.0  1.0  1.0000   -26.749  1.7E-11   0.00  -0.68   1.25   0.44   1.50
 68 -1.0 -1.0  1.0000   -25.794  1.6E-11   0.00   1.32   0.46  -0.36   1.48
 55 -1.0  1.0  1.0000   -24.851  8.1E-11   0.00  -0.17  -0.25  -1.24   1.42
 57 -1.0  1.0  1.0000   -21.746  7.8E-11   0.00   0.35  -0.50   0.30   0.68
 70 -1.0 -1.0  1.0000   -21.223  4.6E-12   0.00  -0.42  -0.50  -0.44   0.58
 42  1.0  1.0  1.0000   -14.932  8.3E-12   0.00  -0.48   0.89   1.81   2.48
 49  1.0 -1.0  1.0000   -14.799  3.3E-12   0.00  -0.68   1.42   1.14   2.50
 44  1.0  1.0  1.0000   -14.120  4.8E-12   0.00  -0.10   1.22   0.91   2.43
 51  1.0 -1.0  1.0000   -13.357  3.0E-12   0.00   2.06   0.06  -0.21   2.46
 43  1.0  1.0  1.0000   -12.526  8.7E-12   0.00  -0.74  -0.60  -1.24   2.42
 50  1.0 -1.0  1.0000   -11.791  1.4E-12   0.00   0.04   0.04  -2.15   2.29
 45  1.0  1.0  1.0000    -9.128  7.6E-12   0.00  -0.47   0.48   0.38   0.98
 52  1.0 -1.0  1.0000    -8.554  3.6E-12   0.00   0.24   0.43  -0.17   1.20
 46  1.0  1.0  1.0000    -7.471  7.4E-12   0.00   0.26  -1.43   0.23   1.53
 53  1.0 -1.0  1.0000    -7.453  2.8E-12   0.00   0.24  -1.35   0.17   1.51
 54  1.0 -1.0  0.0000    -5.214  4.1E-13   0.00  -0.90   0.41   0.23   1.45
 47  1.0  1.0  0.0000    -4.494  1.9E-13   0.00   0.53   0.44  -1.08   1.48
 71 -1.0 -1.0  0.0000    -3.247  3.0E-11   0.00  -0.61   1.28   2.08   3.48
 58 -1.0  1.0  0.0000    -3.207  3.8E-11   0.00  -0.73   1.58   1.69   3.49
 73 -1.0 -1.0  0.0000    -2.601  5.6E-11   0.00  -0.17   1.03   2.15   3.34
 60 -1.0  1.0  0.0000    -2.093  3.8E-11   0.00   0.56   1.24   0.87   3.40
 72 -1.0 -1.0  0.0000    -1.457  3.5E-11   0.00   2.34  -0.55  -0.15   3.40
 59 -1.0  1.0  0.0000    -0.783  1.3E-11   0.00  -1.44  -0.75  -1.08   3.29
 74 -1.0 -1.0  0.0000    -0.085  1.2E-11   0.00   0.37   0.33  -1.92   3.12
 61 -1.0  1.0  0.0000     0.592  7.5E-12   0.00   0.02   0.04  -2.75   2.96
 76 -1.0 -1.0  0.0000     1.292  3.7E-11   0.00  -0.75   0.88   0.88   1.99
 63 -1.0  1.0  0.0000     1.442  1.3E-11   0.00  -0.81   1.19   0.23   2.06
 75 -1.0 -1.0  0.0000     2.445  3.7E-11   0.00   0.99  -0.03  -0.38   1.83
 62 -1.0  1.0  0.0000     2.550  1.5E-11   0.00   0.41  -0.39   0.07   1.32
 66 -1.0  1.0  0.0000     2.776  1.0E-11   0.00   0.50  -0.50   0.50   2.17
 79 -1.0 -1.0  0.0000     2.778  1.3E-13   0.00  -0.49  -0.50  -0.49   2.17
 77 -1.0 -1.0  0.0000     3.267  3.6E-12   0.00   0.19  -0.47  -0.09   1.70
 64 -1.0  1.0  0.0000     3.447  8.0E-12   0.00  -0.54  -0.45  -1.13   2.25
 80 -1.0 -1.0  0.0000     3.782  2.0E-08   0.00  -0.48   1.14   0.81   2.44
 67 -1.0  1.0  0.0000     3.805  6.5E-11   0.00  -0.40   1.46   0.31   2.46
 78 -1.0 -1.0  0.0000     3.978  2.0E-08   0.00   0.98  -0.21  -0.14   2.34
 65 -1.0  1.0  0.0000     4.046  6.3E-11   0.00   0.33  -0.50   0.06   2.07
--------------------------------------------------------------------------------
---------------- Electric Multipole Moments -----------------
Quantisation Axis             : Z
  With secondary axis ordering: X,Y
______________________________________________________________
                     Neutrons        Protons         Total
______________________________________________________________
 Particles           18.0000         18.0000         36.0000

Re  Q_{ 2 0}          5.6728          5.8807         11.5536
Re  Q_{ 2 2}          6.9041          7.1473         14.0515

Re  Q_{ 4 0}         -8.1448         -9.0888        -17.2337
Re  Q_{ 4 2}         -8.2367         -9.1433        -17.3800
Re  Q_{ 4 4}        -10.6814        -11.9082        -22.5896

Re  Q_{ 6 0}        -69.3993        -79.5844       -148.9837
Re  Q_{ 6 2}        -69.0611        -78.2992       -147.3603
Re  Q_{ 6 4}        -71.4730        -79.6414       -151.1144
Re  Q_{ 6 6}        -99.4106       -112.7938       -212.2044

Re  Q_{ 8 0}        -20.5545       -170.2702       -190.8247
Re  Q_{ 8 2}        -99.0281        -88.5060       -187.5340
Re  Q_{ 8 4}        -73.9515       -128.1587       -202.1103
Re  Q_{ 8 6}       -112.4525       -108.7108       -221.1633
Re  Q_{ 8 8}       -109.1713       -187.0987       -296.2700

Re  Q_{10 0}       7333.2930       9237.7323      16571.0253
Re  Q_{10 2}        369.2625        352.9626        722.2250
Re  Q_{10 4}      -6660.8152      -8327.0905     -14987.9057
Re  Q_{10 6}        372.4720       1138.3773       1510.8492
Re  Q_{10 8}      -7748.1275      -9281.2707     -17029.3983
Re  Q_{1010}        779.4326        951.2110       1730.6436

 RMS radius           3.2654          3.3124          3.2890
______________________________________________________________
                     Neutrons        Protons         Total
______________________________________________________________

Beta_{ 2 0}       0.04204259      0.04358336      0.08562595
Beta_{ 2 2}       0.05116801      0.05297041      0.10413842

Beta_{ 4 0}      -0.00384478     -0.00429042     -0.00813521
Beta_{ 4 2}      -0.00388816     -0.00431612     -0.00820428
Beta_{ 4 4}      -0.00504218     -0.00562130     -0.01066348

Beta_{ 6 0}      -0.00208665     -0.00239288     -0.00447953
Beta_{ 6 2}      -0.00207648     -0.00235424     -0.00443072
Beta_{ 6 4}      -0.00214900     -0.00239460     -0.00454359
Beta_{ 6 6}      -0.00298900     -0.00339140     -0.00638040

Beta_{ 8 0}      -0.00003936     -0.00032609     -0.00036545
Beta_{ 8 2}      -0.00018965     -0.00016950     -0.00035915
Beta_{ 8 4}      -0.00014163     -0.00024544     -0.00038707
Beta_{ 8 6}      -0.00021536     -0.00020819     -0.00042355
Beta_{ 8 8}      -0.00020908     -0.00035832     -0.00056739

Beta_{10 0}       0.00089454      0.00112684      0.00202138
Beta_{10 2}       0.00004504      0.00004306      0.00008810
Beta_{10 4}      -0.00081250     -0.00101576     -0.00182827
Beta_{10 6}       0.00004544      0.00013886      0.00018430
Beta_{10 8}      -0.00094514     -0.00113216     -0.00207729
Beta_{1010}       0.00009508      0.00011603      0.00021111

______________________________________________________________
                     Neutrons        Protons         Total
______________________________________________________________
Q_{ 2}               11.2923         11.6941         22.9864
Q_{ 4}               20.7415         23.0958         43.8372
Q_{ 6}              210.5632        238.1714        448.7302
Q_{ 8}              283.0214        413.7098        679.5788
Q_{10}            16258.6062      20023.7638      36269.4517
______________________________________________________________
                     Neutrons        Protons         Total
______________________________________________________________
Beta_{   2}       0.08368936      0.08666740      0.17035675
Beta_{   4}       0.00979107      0.01090246      0.02069352
Beta_{   6}       0.00633105      0.00716116      0.01349208
Beta_{   8}       0.00054202      0.00079230      0.00130148
Beta_{  10}       0.00198327      0.00244256      0.00442425
______________________________________________________________
 Cart. Moments X              Y              Z
 Cart. N       17.8171992    -35.8038674     17.9866682
 Cart. P       18.4320172    -37.0778606     18.6458434
 Cart. T       36.2492164    -72.8817280     36.6325116
 (Q, gamma)    Q              Gamma
 (Q,g) N       35.8040011     59.8434254
 (Q,g) P       37.0780661     59.8092315
 (Q,g) T       72.8820639     59.8260296
 (iq1, iq2)    iq1            iq2
 iq    N        0.1129794     35.7473777
 iq    P        0.1425508     37.0065852
 iq    T        0.2555302     72.7539629
               X^2            Y^2            Z^2
 X^2_i N       69.9161327     52.0424438     69.9726224
 X^2_i P       71.9745885     53.4712959     72.0458639
 X^2_i T      141.8907212    105.5137397    142.0184862
------------------------------------------------------------
------------------------- Angular Momentum (hbar) --------------------------

               Spwfs(*)    Desired     Omega       E (MeV)      Densit. 
  __________________________________________________________________________
   J_x   |     0.00000     0.00000     0.00000    -0.00000     0.00000
   J_y   |     0.00000     0.00000     0.00000    -0.00000     0.00000
   J_z   |     1.72520     0.00000     0.50000    -0.86260     1.72520
  __________________________________________________________________________
   Size  |     1.72520     0.00000     0.50000                 1.72520
  --------------------------------------------------------------------------
---------------------Rotational properties--------------------
                Rigid rotor          (hbar^2/MeV)
              n              p              t 
 I_R X       2.9421754      3.0266221      5.9687975
 I_R Y       3.3731675      3.4727960      6.8459635
 I_R Z       2.9408133      3.0249035      5.9657167

                Belyaev                 (hbar^2/MeV) 
              n              p              t 
 I_B X       1.4248156      1.4579078      2.8827233
 I_B Y       0.0676409      0.0699940      0.1376349
 I_B Z       1.2855630      1.3113457      2.5969087

                Belyaev (collective)    (hbar^2/MeV) 
              n              p              t 
 I_B X       0.0000000      0.0000000      0.0000000
 I_B Y       0.0000000      0.0000000      0.0000000
 I_B Z       0.0000000      0.0000000      0.0000000

                 <J^2> - <J>^2          (hbar^2)
              n              p              t 
 J2_X        2.1788827      2.1742615      4.3531442
 J2_Y        0.0901998      0.0918703      0.1820701
 J2_Z        2.0315380      2.0204192      4.0519572
 J2_t        4.3006205      4.2865510      8.5871715

                 <J^2> - <J>^2 (coll.)  (hbar^2)
              n              p              t 
 J2_X        0.0000000      0.0000000      0.0000000
 J2_Y        0.0000000      0.0000000      0.0000000
 J2_Z        0.0000000      0.0000000      0.0000000
 J2_t        0.0000000      0.0000000      0.0000000
--------------------------------------------------------------------------------
 Skyrme Energy 
                                    Isoscalar      Isovector   |   Total
--------------------------------------------------------------------------------
                 E_D_I_I_D_I_I   -3570.794479       0.516349   -3570.278130
              E_D_I_I_D_I_I_DD    2398.867583      -0.433542    2398.434041
               E_D_I_Sm_D_I_Sm      -0.039331       0.000230      -0.039101
            E_D_I_Sm_D_I_Sm_DD       0.251872      -0.000155       0.251717
               E_D_I_I_D_Nm_Nm     135.249964       0.005881     135.255845
             E_D_I_I_Lap_D_I_I      96.189299      -0.019874      96.169424
           E_C_I_NmSk_C_I_NmSk       0.059589       0.000490       0.060079
               E_C_I_Nm_C_I_Nm      -0.091341      -0.000005      -0.091347
           E_D_I_Sm_Lap_D_I_Sm      -0.165183      -0.000033      -0.165216
            E_D_I_Sm_D_Nk_NkSm      -0.000475      -0.000010      -0.000485
       E_D_I_I_Derm_C_I_NxmSxm     -15.196434      -0.001558     -15.197992
        E_C_I_Nm_Derxm_D_I_Sxm      -0.098398      -0.000015      -0.098413
               E_DP_I_I_DP_I_I                                     0.000000
               E_CP_I_I_CP_I_I                                     0.000000
--------------------------------------------------------------------------------
                 Total Skyrme:                                  -955.699576
                    time-even:                                  -955.556732
                    time-odd :                                    -0.142844
--------------------------------------------------------------------------------
--------------------------------------------------------------------------------
                                     neutron        proton         total
                Kinetic Energy:     306.493189     298.293619     604.786809
                    COM 1-body:      -8.513700      -8.285934     -16.799634

                Coulomb Direct:       0.000000      66.924928      66.924928
                      Exchange:       0.000000      -6.754272      -6.754272

               Pairing (delta):       0.000000       0.000000       0.000000
               Pairing (densi):                                     0.000000
--------------------------------------------------------------------------------
                  Total energy:                                  -307.541744
                    from spwfs:                                  -307.541745
                   E_fu - E_sp:                                 0.636403E-06
                      Routhian:                                  -307.110599
--------------------------------------------------------------------------------
--------------------------------------------------------------------------------
Convergence report
                        Change^(i)     Change^(i-1)   rate (approx)
  Con.  Energy      :       1.58E-07       1.68E-07       6.58E-01
  Con.  Routhian    :       2.46E-07       2.59E-07       9.83E-01
  Con.  E_fu - E_sp :       6.02E-08       4.67E-08       4.77E-01
  Con.  |delta rho| :       3.74E-09       0.00E+00       1.35E+00
--------------------------------------------------------------------------------
--------------------------------------------------------------------------------
 Iteration =  271
 dt  =   0.0371      mu  =   0.9247  D2H =  0.1E-10
 E   =   -307.542    DE  =  0.47921E-09
 dmun=  0.0E+00      dmup=  0.0E+00
 Q20 =      11.5536  Q22 =      14.0515 dQ20=  0.3E-06      dQ22=  0.2E-07
 Jz  =    1.725      dJZ =  0.1E-06
--------------------------------------------------------------------------------
 Iteration =  272
 dt  =   0.0371      mu  =   0.9247  D2H =  0.8E-11
 E   =   -307.542    DE  =  0.44078E-09
 dmun=  0.0E+00      dmup=  0.0E+00
 Q20 =      11.5536  Q22 =      14.0515 dQ20=  0.3E-06      dQ22=  0.1E-07
 Jz  =    1.725      dJZ =  0.3E-06
--------------------------------------------------------------------------------
 Iteration =  273
 dt  =   0.0371      mu  =   0.9247  D2H =  0.8E-11
 E   =   -307.542    DE  =  0.40003E-09
 dmun=  0.0E+00      dmup=  0.0E+00
 Q20 =      11.5536  Q22 =      14.0515 dQ20=  0.3E-06      dQ22=  0.6E-08
 Jz  =    1.725      dJZ =  0.3E-06
--------------------------------------------------------------------------------
 Iteration =  274
 dt  =   0.0371      mu  =   0.9247  D2H =  0.6E-11
 E   =   -307.542    DE  =  0.35759E-09
 dmun=  0.0E+00      dmup=  0.0E+00
 Q20 =      11.5536  Q22 =      14.0515 dQ20=  0.3E-06      dQ22=  0.3E-08
 Jz  =    1.725      dJZ =  0.2E-06
--------------------------------------------------------------------------------
 Iteration =  275
 dt  =   0.0371      mu  =   0.9247  D2H =  0.6E-11
 E   =   -307.542    DE  =  0.31393E-09
 dmun=  0.0E+00      dmup=  0.0E+00
 Q20 =      11.5536  Q22 =      14.0515 dQ20=  0.3E-06      dQ22=  0.2E-08
 Jz  =    1.725      dJZ =  0.2E-06
--------------------------------------------------------------------------------
 Iteration =  276
 dt  =   0.0371      mu  =   0.9247  D2H =  0.7E-11
 E   =   -307.542    DE  =  0.26985E-09
 dmun=  0.0E+00      dmup=  0.0E+00
 Q20 =      11.5536  Q22 =      14.0515 dQ20=  0.3E-06      dQ22=  0.5E-08
 Jz  =    1.725      dJZ =  0.2E-06
--------------------------------------------------------------------------------
 Iteration =  277
 dt  =   0.0371      mu  =   0.9247  D2H =  0.6E-11
 E   =   -307.542    DE  =  0.22597E-09
 dmun=  0.0E+00      dmup=  0.0E+00
 Q20 =      11.5536  Q22 =      14.0515 dQ20=  0.3E-06      dQ22=  0.1E-07
 Jz  =    1.725      dJZ =  0.2E-06
--------------------------------------------------------------------------------
 Iteration =  278
 dt  =   0.0371      mu  =   0.9247  D2H =  0.5E-11
 E   =   -307.542    DE  =  0.18290E-09
 dmun=  0.0E+00      dmup=  0.0E+00
 Q20 =      11.5536  Q22 =      14.0515 dQ20=  0.2E-06      dQ22=  0.2E-07
 Jz  =    1.725      dJZ =  0.1E-06
--------------------------------------------------------------------------------
 Iteration =  279
 dt  =   0.0371      mu  =   0.9247  D2H =  0.6E-11
 E   =   -307.542    DE  =  0.14133E-09
 dmun=  0.0E+00      dmup=  0.0E+00
 Q20 =      11.5536  Q22 =      14.0515 dQ20=  0.2E-06      dQ22=  0.4E-07
 Jz  =    1.725      dJZ =  0.1E-06
--------------------- Sp wavefunctions -----------------------------------------
________________________________________________________________________________
   Neutron wavefunctions
  i    P   Rz   occ       E        d2h    Delta   JxT    JyT    Jz     J
--------------------- Sp wavefunctions -----------------------------------------
  1  1.0  1.0  1.0000   -46.647  9.1E-13   0.00  -0.50   0.50   0.50   0.50
  8  1.0 -1.0  1.0000   -45.693 -1.4E-11   0.00   0.50   0.50  -0.50   0.50
 29 -1.0 -1.0  1.0000   -34.053 -5.2E-12   0.00  -0.39   0.54   1.30   1.49
 16 -1.0  1.0  1.0000   -33.665  0.0E+00   0.00  -0.68   1.24   0.45   1.50
 28 -1.0 -1.0  1.0000   -32.693  1.1E-11   0.00   1.32   0.46  -0.37   1.48
 15 -1.0  1.0  1.0000   -31.739  1.7E-11   0.00  -0.17  -0.25  -1.25   1.42
 17 -1.0  1.0  1.0000   -28.595  1.5E-11   0.00   0.35  -0.50   0.31   0.68
 30 -1.0 -1.0  1.0000   -28.059  4.0E-12   0.00  -0.43  -0.50  -0.44   0.58
  2  1.0  1.0  1.0000   -21.500  1.7E-11   0.00  -0.48   0.90   1.81   2.48
  9  1.0 -1.0  1.0000   -21.366  1.5E-11   0.00  -0.68   1.42   1.14   2.50
  4  1.0  1.0  1.0000   -20.683  1.3E-11   0.00  -0.11   1.22   0.91   2.43
 11  1.0 -1.0  1.0000   -19.908  1.9E-11   0.00   2.07   0.06  -0.21   2.46
  3  1.0  1.0  1.0000   -19.071  3.3E-12   0.00  -0.73  -0.60  -1.24   2.42
 10  1.0 -1.0  1.0000   -18.343  2.2E-12   0.00   0.03   0.03  -2.15   2.29
  5  1.0  1.0  1.0000   -15.612  6.2E-12   0.00  -0.48   0.48   0.38   0.99
 12  1.0 -1.0  1.0000   -15.022  5.1E-12   0.00   0.25   0.44  -0.20   1.20
  6  1.0  1.0  1.0000   -13.850  5.6E-12   0.00   0.26  -1.44   0.23   1.53
 13  1.0 -1.0  1.0000   -13.834  1.6E-12   0.00   0.24  -1.36   0.19   1.51
 14  1.0 -1.0  0.0000   -11.556  1.6E-12   0.00  -0.91   0.41   0.24   1.45
  7  1.0  1.0  0.0000   -10.823  7.7E-13   0.00   0.53   0.44  -1.08   1.48
 31 -1.0 -1.0  0.0000    -9.461  2.0E-11   0.00  -0.63   1.34   2.03   3.48
 18 -1.0  1.0  0.0000    -9.424  3.2E-11   0.00  -0.73   1.62   1.67   3.49
 33 -1.0 -1.0  0.0000    -8.794  3.2E-11   0.00  -0.14   1.00   2.19   3.35
 20 -1.0  1.0  0.0000    -8.287  3.5E-11   0.00   0.60   1.20   0.89   3.41
 32 -1.0 -1.0  0.0000    -7.642  1.8E-11   0.00   2.32  -0.59  -0.13   3.41
 19 -1.0  1.0  0.0000    -6.951  9.7E-12   0.00  -1.53  -0.77  -1.10   3.32
 34 -1.0 -1.0  0.0000    -6.229  6.1E-12   0.00   0.36   0.31  -1.99   3.18
 21 -1.0  1.0  0.0000    -5.529  3.6E-12   0.00   0.01   0.02  -2.88   3.05
 36 -1.0 -1.0  0.0000    -4.476  8.4E-12   0.00  -0.71   0.99   0.83   1.94
 23 -1.0  1.0  0.0000    -4.342  8.0E-12   0.00  -0.73   1.26   0.26   1.99
 35 -1.0 -1.0  0.0000    -3.094  1.2E-11   0.00   1.07  -0.09  -0.26   1.77
 22 -1.0  1.0  0.0000    -2.842  1.3E-11   0.00   0.31  -0.38  -0.07   1.33
 37 -1.0 -1.0  0.0000    -1.164  7.4E-12   0.00   0.01  -0.47  -0.16   1.40
 24 -1.0  1.0  0.0000    -0.931  3.0E-05   0.00   0.40  -1.48   0.58   2.42
 40 -1.0 -1.0  0.0000    -0.893  6.6E-13   0.00   0.63  -2.06   0.66   2.49
 27 -1.0  1.0  0.0000    -0.804  3.0E-05   0.00   0.06  -0.99  -0.54   2.13
 26 -1.0  1.0  0.0000     0.527  9.4E-12   0.00  -1.08   0.19   0.99   2.34
 39 -1.0 -1.0  0.0000     0.808  2.1E-11   0.00  -1.47   0.70   0.00   2.44
 25 -1.0  1.0  0.0000     1.038  1.5E-12   0.00   0.53  -0.50   0.52   2.22
 38 -1.0 -1.0  0.0000     1.056  1.9E-11   0.00  -0.56  -0.46  -0.45   2.23
________________________________________________________________________________
   Proton  wavefunctions
  i    P   Rz   occ       E        d2h    Delta   JxT    JyT    Jz     J
--------------------- Sp wavefunctions -----------------------------------------
 41  1.0  1.0  1.0000   -39.312  1.4E-11   0.00  -0.50   0.50   0.50   0.51
 48  1.0 -1.0  1.0000   -38.381  1.8E-11   0.00   0.50   0.50  -0.50   0.50
 69 -1.0 -1.0  1.0000   -27.129 -1.0E-11   0.00  -0.40   0.54   1.30   1.49
 56 -1.0  1.0  1.0000   -26.749  4.0E-12   0.00  -0.68   1.25   0.44   1.50
 68 -1.0 -1.0  1.0000   -25.794 -1.1E-13   0.00   1.32   0.46  -0.36   1.48
 55 -1.0  1.0  1.0000   -24.851  8.6E-12   0.00  -0.17  -0.25  -1.24   1.42
 57 -1.0  1.0  1.0000   -21.746  5.1E-12   0.00   0.35  -0.50   0.30   0.68
 70 -1.0 -1.0  1.0000   -21.223  3.4E-12   0.00  -0.42  -0.50  -0.44   0.58
 42  1.0  1.0  1.0000   -14.932  1.2E-11   0.00  -0.48   0.89   1.81   2.48
 49  1.0 -1.0  1.0000   -14.799  1.7E-11   0.00  -0.68   1.42   1.14   2.50
 44  1.0  1.0  1.0000   -14.120  1.1E-11   0.00  -0.10   1.22   0.91   2.43
 51  1.0 -1.0  1.0000   -13.357  1.6E-11   0.00   2.06   0.06  -0.21   2.46
 43  1.0  1.0  1.0000   -12.526  2.9E-12   0.00  -0.74  -0.60  -1.24   2.42
 50  1.0 -1.0  1.0000   -11.791  3.6E-12   0.00   0.04   0.04  -2.15   2.29
 45  1.0  1.0  1.0000    -9.128  1.3E-11   0.00  -0.47   0.48   0.38   0.98
 52  1.0 -1.0  1.0000    -8.554  5.5E-12   0.00   0.24   0.43  -0.17   1.20
 46  1.0  1.0  1.0000    -7.471  9.8E-12   0.00   0.26  -1.43   0.23   1.53
 53  1.0 -1.0  1.0000    -7.453  1.7E-12   0.00   0.24  -1.35   0.17   1.51
 54  1.0 -1.0  0.0000    -5.214  1.0E-12   0.00  -0.90   0.41   0.23   1.45
 47  1.0  1.0  0.0000    -4.494  3.0E-13   0.00   0.53   0.44  -1.08   1.48
 71 -1.0 -1.0  0.0000    -3.247  2.0E-11   0.00  -0.61   1.28   2.08   3.48
 58 -1.0  1.0  0.0000    -3.207  3.0E-11   0.00  -0.73   1.58   1.69   3.49
 73 -1.0 -1.0  0.0000    -2.601  3.2E-11   0.00  -0.17   1.03   2.15   3.34
 60 -1.0  1.0  0.0000    -2.093  3.2E-11   0.00   0.56   1.24   0.87   3.40
 72 -1.0 -1.0  0.0000    -1.457  1.7E-11   0.00   2.34  -0.55  -0.15   3.40
 59 -1.0  1.0  0.0000    -0.783  2.4E-12   0.00  -1.44  -0.75  -1.08   3.29
 74 -1.0 -1.0  0.0000    -0.085  1.2E-11   0.00   0.37   0.33  -1.92   3.12
 61 -1.0  1.0  0.0000     0.592  5.4E-12   0.00   0.02   0.04  -2.75   2.96
 76 -1.0 -1.0  0.0000     1.292  1.8E-11   0.00  -0.75   0.88   0.88   1.99
 63 -1.0  1.0  0.0000     1.442  5.4E-12   0.00  -0.81   1.19   0.23   2.06
 75 -1.0 -1.0  0.0000     2.445  2.6E-11   0.00   0.99  -0.03  -0.38   1.83
 62 -1.0  1.0  0.0000     2.550  2.3E-11   0.00   0.41  -0.39   0.07   1.32
 66 -1.0  1.0  0.0000     2.776  6.2E-12   0.00   0.50  -0.50   0.50   2.17
 79 -1.0 -1.0  0.0000     2.778 -1.8E-15   0.00  -0.49  -0.50  -0.49   2.17
 77 -1.0 -1.0  0.0000     3.267  5.5E-12   0.00   0.19  -0.47  -0.09   1.70
 64 -1.0  1.0  0.0000     3.447  5.4E-12   0.00  -0.54  -0.45  -1.13   2.25
 80 -1.0 -1.0  0.0000     3.782  1.3E-08   0.00  -0.48   1.14   0.81   2.44
 67 -1.0  1.0  0.0000     3.805  3.6E-11   0.00  -0.40   1.46   0.31   2.46
 78 -1.0 -1.0  0.0000     3.978  1.3E-08   0.00   0.98  -0.21  -0.14   2.34
 65 -1.0  1.0  0.0000     4.046  3.9E-11   0.00   0.33  -0.50   0.06   2.07
--------------------------------------------------------------------------------
---------------- Electric Multipole Moments -----------------
Quantisation Axis             : Z
  With secondary axis ordering: X,Y
______________________________________________________________
                     Neutrons        Protons         Total
______________________________________________________________
 Particles           18.0000         18.0000         36.0000

Re  Q_{ 2 0}          5.6728          5.8807         11.5536
Re  Q_{ 2 2}          6.9041          7.1473         14.0515

Re  Q_{ 4 0}         -8.1448         -9.0889        -17.2337
Re  Q_{ 4 2}         -8.2367         -9.1433        -17.3800
Re  Q_{ 4 4}        -10.6814        -11.9082        -22.5896

Re  Q_{ 6 0}        -69.3993        -79.5844       -148.9837
Re  Q_{ 6 2}        -69.0611        -78.2992       -147.3603
Re  Q_{ 6 4}        -71.4730        -79.6414       -151.1144
Re  Q_{ 6 6}        -99.4106       -112.7938       -212.2044

Re  Q_{ 8 0}        -20.5546       -170.2690       -190.8236
Re  Q_{ 8 2}        -99.0267        -88.5069       -187.5337
Re  Q_{ 8 4}        -73.9510       -128.1572       -202.1082
Re  Q_{ 8 6}       -112.4515       -108.7088       -221.1604
Re  Q_{ 8 8}       -109.1712       -187.0984       -296.2696

Re  Q_{10 0}       7333.3281       9237.7623      16571.0904
Re  Q_{10 2}        369.3287        353.1833        722.5120
Re  Q_{10 4}      -6660.7919      -8327.0117     -14987.8035
Re  Q_{10 6}        372.4769       1138.3677       1510.8446
Re  Q_{10 8}      -7748.1294      -9281.2065     -17029.3358
Re  Q_{1010}        779.5191        951.1189       1730.6380

 RMS radius           3.2654          3.3124          3.2890
______________________________________________________________
                     Neutrons        Protons         Total
______________________________________________________________

Beta_{ 2 0}       0.04204260      0.04358337      0.08562597
Beta_{ 2 2}       0.05116801      0.05297041      0.10413842

Beta_{ 4 0}      -0.00384479     -0.00429042     -0.00813521
Beta_{ 4 2}      -0.00388816     -0.00431612     -0.00820429
Beta_{ 4 4}      -0.00504218     -0.00562130     -0.01066348

Beta_{ 6 0}      -0.00208665     -0.00239288     -0.00447953
Beta_{ 6 2}      -0.00207648     -0.00235424     -0.00443072
Beta_{ 6 4}      -0.00214900     -0.00239460     -0.00454359
Beta_{ 6 6}      -0.00298900     -0.00339140     -0.00638040

Beta_{ 8 0}      -0.00003936     -0.00032609     -0.00036545
Beta_{ 8 2}      -0.00018965     -0.00016950     -0.00035915
Beta_{ 8 4}      -0.00014163     -0.00024544     -0.00038706
Beta_{ 8 6}      -0.00021536     -0.00020819     -0.00042355
Beta_{ 8 8}      -0.00020908     -0.00035832     -0.00056739

Beta_{10 0}       0.00089454      0.00112685      0.00202139
Beta_{10 2}       0.00004505      0.00004308      0.00008813
Beta_{10 4}      -0.00081250     -0.00101575     -0.00182825
Beta_{10 6}       0.00004544      0.00013886      0.00018430
Beta_{10 8}      -0.00094514     -0.00113215     -0.00207729
Beta_{1010}       0.00009509      0.00011602      0.00021111

______________________________________________________________
                     Neutrons        Protons         Total
______________________________________________________________
Q_{ 2}               11.2923         11.6941         22.9864
Q_{ 4}               20.7415         23.0958         43.8372
Q_{ 6}              210.5632        238.1713        448.7302
Q_{ 8}              283.0194        413.7074        679.5749
Q_{10}            16258.6162      20023.6505      36269.3489
______________________________________________________________
                     Neutrons        Protons         Total
______________________________________________________________
Beta_{   2}       0.08368937      0.08666740      0.17035676
Beta_{   4}       0.00979108      0.01090246      0.02069352
Beta_{   6}       0.00633105      0.00716116      0.01349208
Beta_{   8}       0.00054202      0.00079230      0.00130147
Beta_{  10}       0.00198327      0.00244254      0.00442424
______________________________________________________________
 Cart. Moments X              Y              Z
 Cart. N       17.8171968    -35.8038697     17.9866729
 Cart. P       18.4320145    -37.0778620     18.6458475
 Cart. T       36.2492114    -72.8817317     36.6325203
 (Q, gamma)    Q              Gamma
 (Q,g) N       35.8040034     59.8434189
 (Q,g) P       37.0780675     59.8092255
 (Q,g) T       72.8820677     59.8260234
 (iq1, iq2)    iq1            iq2
 iq    N        0.1129840     35.7473776
 iq    P        0.1425553     37.0065844
 iq    T        0.2555393     72.7539620
               X^2            Y^2            Z^2
 X^2_i N       69.9161321     52.0424433     69.9726241
 X^2_i P       71.9745878     53.4712956     72.0458654
 X^2_i T      141.8907199    105.5137389    142.0184896
------------------------------------------------------------
------------------------- Angular Momentum (hbar) --------------------------

               Spwfs(*)    Desired     Omega       E (MeV)      Densit. 
  __________________________________________________________________________
   J_x   |     0.00000     0.00000     0.00000    -0.00000     0.00000
   J_y   |     0.00000     0.00000     0.00000    -0.00000     0.00000
   J_z   |     1.72520     0.00000     0.50000    -0.86260     1.72520
  __________________________________________________________________________
   Size  |     1.72520     0.00000     0.50000                 1.72520
  --------------------------------------------------------------------------
---------------------Rotational properties--------------------
                Rigid rotor          (hbar^2/MeV)
              n              p              t 
 I_R X       2.9421754      3.0266222      5.9687976
 I_R Y       3.3731675      3.4727960      6.8459635
 I_R Z       2.9408132      3.0249034      5.9657167

                Belyaev                 (hbar^2/MeV) 
              n              p              t 
 I_B X       1.4248153      1.4579076      2.8827229
 I_B Y       0.0676410      0.0699942      0.1376352
 I_B Z       1.2855624      1.3113451      2.5969075

                Belyaev (collective)    (hbar^2/MeV) 
              n              p              t 
 I_B X       0.0000000      0.0000000      0.0000000
 I_B Y       0.0000000      0.0000000      0.0000000
 I_B Z       0.0000000      0.0000000      0.0000000

                 <J^2> - <J>^2          (hbar^2)
              n              p              t 
 J2_X        2.1788833      2.1742616      4.3531449
 J2_Y        0.0901999      0.0918705      0.1820704
 J2_Z        2.0315377      2.0204186      4.0519563
 J2_t        4.3006208      4.2865508      8.5871716

                 <J^2> - <J>^2 (coll.)  (hbar^2)
              n              p              t 
 J2_X        0.0000000      0.0000000      0.0000000
 J2_Y        0.0000000      0.0000000      0.0000000
 J2_Z        0.0000000      0.0000000      0.0000000
 J2_t        0.0000000      0.0000000      0.0000000
--------------------------------------------------------------------------------
 Skyrme Energy 
                                    Isoscalar      Isovector   |   Total
--------------------------------------------------------------------------------
                 E_D_I_I_D_I_I   -3570.794461       0.516349   -3570.278112
              E_D_I_I_D_I_I_DD    2398.867567      -0.433542    2398.434026
               E_D_I_Sm_D_I_Sm      -0.039331       0.000230      -0.039101
            E_D_I_Sm_D_I_Sm_DD       0.251872      -0.000155       0.251718
               E_D_I_I_D_Nm_Nm     135.249962       0.005881     135.255843
             E_D_I_I_Lap_D_I_I      96.189299      -0.019874      96.169424
           E_C_I_NmSk_C_I_NmSk       0.059589       0.000490       0.060079
               E_C_I_Nm_C_I_Nm      -0.091342      -0.000005      -0.091347
           E_D_I_Sm_Lap_D_I_Sm      -0.165184      -0.000033      -0.165217
            E_D_I_Sm_D_Nk_NkSm      -0.000475      -0.000010      -0.000485
       E_D_I_I_Derm_C_I_NxmSxm     -15.196432      -0.001558     -15.197990
        E_C_I_Nm_Derxm_D_I_Sxm      -0.098398      -0.000015      -0.098413
               E_DP_I_I_DP_I_I                                     0.000000
               E_CP_I_I_CP_I_I                                     0.000000
--------------------------------------------------------------------------------
                 Total Skyrme:                                  -955.699574
                    time-even:                                  -955.556729
                    time-odd :                                    -0.142845
--------------------------------------------------------------------------------
--------------------------------------------------------------------------------
                                     neutron        proton         total
                Kinetic Energy:     306.493189     298.293619     604.786808
                    COM 1-body:      -8.513700      -8.285934     -16.799634

                Coulomb Direct:       0.000000      66.924928      66.924928
                      Exchange:       0.000000      -6.754272      -6.754272

               Pairing (delta):       0.000000       0.000000       0.000000
               Pairing (densi):                                     0.000000
--------------------------------------------------------------------------------
                  Total energy:                                  -307.541743
                    from spwfs:                                  -307.541743
                   E_fu - E_sp:                                 0.516094E-07
                      Routhian:                                  -307.110597
--------------------------------------------------------------------------------
--------------------------------------------------------------------------------
Convergence report
                        Change^(i)     Change^(i-1)   rate (approx)
  Con.  Energy      :       3.13E-08       4.35E-08       1.01E+00
  Con.  Routhian    :       5.94E-08       7.83E-08       5.34E-01
  Con.  E_fu - E_sp :       4.64E-08       5.24E-08       4.23E-01
  Con.  |delta rho| :       1.29E-09       0.00E+00       1.25E+00
--------------------------------------------------------------------------------
--------------------------------------------------------------------------------
 Iteration =  281
 dt  =   0.0371      mu  =   0.9247  D2H =  0.7E-11
 E   =   -307.542    DE  =  0.64625E-10
 dmun=  0.0E+00      dmup=  0.0E+00
 Q20 =      11.5536  Q22 =      14.0515 dQ20=  0.6E-07      dQ22=  0.7E-07
 Jz  =    1.725      dJZ =  0.2E-07
--------------------------------------------------------------------------------
 Iteration =  282
 dt  =   0.0371      mu  =   0.9247  D2H =  0.8E-11
 E   =   -307.542    DE  =  0.30502E-10
 dmun=  0.0E+00      dmup=  0.0E+00
 Q20 =      11.5536  Q22 =      14.0515 dQ20=  0.2E-09      dQ22=  0.8E-07
 Jz  =    1.725      dJZ =  0.3E-07
--------------------------------------------------------------------------------
 Iteration =  283
 dt  =   0.0371      mu  =   0.9247  D2H =  0.8E-11
 E   =   -307.542    DE  =  0.22605E-12
 dmun=  0.0E+00      dmup=  0.0E+00
 Q20 =      11.5536  Q22 =      14.0515 dQ20=  0.6E-07      dQ22=  0.9E-07
 Jz  =    1.725      dJZ =  0.9E-08
--------------------------------------------------------------------------------
 Iteration =  284
 dt  =   0.0371      mu  =   0.9247  D2H =  0.8E-11
 E   =   -307.542    DE  =  0.27378E-10
 dmun=  0.0E+00      dmup=  0.0E+00
 Q20 =      11.5536  Q22 =      14.0515 dQ20=  0.1E-06      dQ22=  0.1E-06
 Jz  =    1.725      dJZ = -0.8E-08
--------------------------------------------------------------------------------
 Iteration =  285
 dt  =   0.0371      mu  =   0.9247  D2H =  0.9E-11
 E   =   -307.542    DE  =  0.50869E-10
 dmun=  0.0E+00      dmup=  0.0E+00
 Q20 =      11.5536  Q22 =      14.0515 dQ20=  0.1E-06      dQ22=  0.1E-06
 Jz  =    1.725      dJZ = -0.2E-07
--------------------------------------------------------------------------------
 Iteration =  286
 dt  =   0.0371      mu  =   0.9247  D2H =  0.9E-11
 E   =   -307.542    DE  =  0.70541E-10
 dmun=  0.0E+00      dmup=  0.0E+00
 Q20 =      11.5536  Q22 =      14.0515 dQ20=  0.2E-06      dQ22=  0.1E-06
 Jz  =    1.725      dJZ = -0.4E-07
--------------------------------------------------------------------------------
 Iteration =  287
 dt  =   0.0371      mu  =   0.9247  D2H =  0.8E-11
 E   =   -307.542    DE  =  0.86445E-10
 dmun=  0.0E+00      dmup=  0.0E+00
 Q20 =      11.5536  Q22 =      14.0515 dQ20=  0.2E-06      dQ22=  0.1E-06
 Jz  =    1.725      dJZ = -0.5E-07
--------------------------------------------------------------------------------
 Iteration =  288
 dt  =   0.0371      mu  =   0.9247  D2H =  0.9E-11
 E   =   -307.542    DE  =  0.98854E-10
 dmun=  0.0E+00      dmup=  0.0E+00
 Q20 =      11.5536  Q22 =      14.0515 dQ20=  0.2E-06      dQ22=  0.1E-06
 Jz  =    1.725      dJZ = -0.6E-07
--------------------------------------------------------------------------------
 Iteration =  289
 dt  =   0.0371      mu  =   0.9247  D2H =  0.7E-11
 E   =   -307.542    DE  =  0.10785E-09
 dmun=  0.0E+00      dmup=  0.0E+00
 Q20 =      11.5536  Q22 =      14.0515 dQ20=  0.2E-06      dQ22=  0.9E-07
 Jz  =    1.725      dJZ = -0.6E-07
--------------------- Sp wavefunctions -----------------------------------------
________________________________________________________________________________
   Neutron wavefunctions
  i    P   Rz   occ       E        d2h    Delta   JxT    JyT    Jz     J
--------------------- Sp wavefunctions -----------------------------------------
  1  1.0  1.0  1.0000   -46.647 -9.5E-12   0.00  -0.50   0.50   0.50   0.50
  8  1.0 -1.0  1.0000   -45.693 -9.1E-12   0.00   0.50   0.50  -0.50   0.50
 29 -1.0 -1.0  1.0000   -34.053  1.7E-11   0.00  -0.39   0.54   1.30   1.49
 16 -1.0  1.0  1.0000   -33.665  2.5E-12   0.00  -0.68   1.24   0.45   1.50
 28 -1.0 -1.0  1.0000   -32.693  1.8E-11   0.00   1.32   0.46  -0.37   1.48
 15 -1.0  1.0  1.0000   -31.739  2.9E-11   0.00  -0.17  -0.25  -1.25   1.42
 17 -1.0  1.0  1.0000   -28.595  2.3E-11   0.00   0.35  -0.50   0.31   0.68
 30 -1.0 -1.0  1.0000   -28.059 -1.5E-12   0.00  -0.43  -0.50  -0.44   0.58
  2  1.0  1.0  1.0000   -21.500  1.1E-11   0.00  -0.48   0.90   1.81   2.48
  9  1.0 -1.0  1.0000   -21.366  6.7E-12   0.00  -0.68   1.42   1.14   2.50
  4  1.0  1.0  1.0000   -20.683  9.4E-12   0.00  -0.11   1.22   0.91   2.43
 11  1.0 -1.0  1.0000   -19.908  1.2E-11   0.00   2.07   0.06  -0.21   2.46
  3  1.0  1.0  1.0000   -19.071  1.5E-12   0.00  -0.73  -0.60  -1.24   2.42
 10  1.0 -1.0  1.0000   -18.343 -9.1E-13   0.00   0.03   0.03  -2.15   2.29
  5  1.0  1.0  1.0000   -15.612 -2.1E-12   0.00  -0.48   0.48   0.38   0.99
 12  1.0 -1.0  1.0000   -15.022  1.7E-13   0.00   0.25   0.44  -0.20   1.20
  6  1.0  1.0  1.0000   -13.850 -1.2E-12   0.00   0.26  -1.44   0.23   1.53
 13  1.0 -1.0  1.0000   -13.834  2.1E-12   0.00   0.24  -1.36   0.19   1.51
 14  1.0 -1.0  0.0000   -11.556 -1.0E-12   0.00  -0.91   0.41   0.24   1.45
  7  1.0  1.0  0.0000   -10.823  7.5E-13   0.00   0.53   0.44  -1.08   1.48
 31 -1.0 -1.0  0.0000    -9.461  5.4E-12   0.00  -0.63   1.34   2.03   3.48
 18 -1.0  1.0  0.0000    -9.424  7.3E-12   0.00  -0.73   1.62   1.67   3.49
 33 -1.0 -1.0  0.0000    -8.794  7.8E-12   0.00  -0.14   1.00   2.19   3.35
 20 -1.0  1.0  0.0000    -8.287  9.3E-12   0.00   0.60   1.20   0.89   3.41
 32 -1.0 -1.0  0.0000    -7.642  1.8E-12   0.00   2.32  -0.59  -0.13   3.41
 19 -1.0  1.0  0.0000    -6.951  4.6E-12   0.00  -1.53  -0.77  -1.10   3.32
 34 -1.0 -1.0  0.0000    -6.229  1.1E-12   0.00   0.36   0.31  -1.99   3.18
 21 -1.0  1.0  0.0000    -5.529  3.3E-12   0.00   0.01   0.02  -2.88   3.05
 36 -1.0 -1.0  0.0000    -4.476  1.0E-11   0.00  -0.71   0.99   0.83   1.94
 23 -1.0  1.0  0.0000    -4.342  7.3E-13   0.00  -0.73   1.26   0.26   1.99
 35 -1.0 -1.0  0.0000    -3.094  1.2E-11   0.00   1.07  -0.09  -0.26   1.77
 22 -1.0  1.0  0.0000    -2.842  6.1E-12   0.00   0.31  -0.38  -0.07   1.33
 37 -1.0 -1.0  0.0000    -1.164  3.8E-12   0.00   0.01  -0.47  -0.16   1.40
 24 -1.0  1.0  0.0000    -0.931  2.4E-05   0.00   0.40  -1.49   0.58   2.42
 40 -1.0 -1.0  0.0000    -0.893  8.9E-13   0.00   0.63  -2.06   0.66   2.49
 27 -1.0  1.0  0.0000    -0.804  2.4E-05   0.00   0.05  -0.98  -0.54   2.13
 26 -1.0  1.0  0.0000     0.527  2.4E-12   0.00  -1.08   0.19   0.99   2.34
 39 -1.0 -1.0  0.0000     0.808  1.2E-11   0.00  -1.47   0.70   0.00   2.44
 25 -1.0  1.0  0.0000     1.038  5.0E-13   0.00   0.53  -0.50   0.52   2.22
 38 -1.0 -1.0  0.0000     1.056  1.0E-11   0.00  -0.56  -0.46  -0.45   2.23
________________________________________________________________________________
   Proton  wavefunctions
  i    P   Rz   occ       E        d2h    Delta   JxT    JyT    Jz     J
--------------------- Sp wavefunctions -----------------------------------------
 41  1.0  1.0  1.0000   -39.312  1.2E-11   0.00  -0.50   0.50   0.50   0.51
 48  1.0 -1.0  1.0000   -38.381 -2.3E-12   0.00   0.50   0.50  -0.50   0.50
 69 -1.0 -1.0  1.0000   -27.129  3.9E-12   0.00  -0.40   0.54   1.30   1.49
 56 -1.0  1.0  1.0000   -26.749  3.4E-13   0.00  -0.68   1.25   0.44   1.50
 68 -1.0 -1.0  1.0000   -25.794  9.2E-12   0.00   1.32   0.46  -0.36   1.48
 55 -1.0  1.0  1.0000   -24.851  2.8E-11   0.00  -0.17  -0.25  -1.24   1.42
 57 -1.0  1.0  1.0000   -21.746  2.5E-11   0.00   0.35  -0.50   0.30   0.68
 70 -1.0 -1.0  1.0000   -21.223  3.0E-12   0.00  -0.42  -0.50  -0.44   0.58
 42  1.0  1.0  1.0000   -14.932  1.1E-11   0.00  -0.48   0.89   1.81   2.48
 49  1.0 -1.0  1.0000   -14.799  1.2E-11   0.00  -0.68   1.42   1.14   2.50
 44  1.0  1.0  1.0000   -14.120  8.5E-12   0.00  -0.10   1.22   0.91   2.43
 51  1.0 -1.0  1.0000   -13.357  1.1E-11   0.00   2.06   0.06  -0.21   2.46
 43  1.0  1.0  1.0000   -12.526  1.1E-12   0.00  -0.74  -0.60  -1.24   2.42
 50  1.0 -1.0  1.0000   -11.791  2.8E-12   0.00   0.04   0.04  -2.15   2.29
 45  1.0  1.0  1.0000    -9.128  2.6E-12   0.00  -0.47   0.48   0.38   0.98
 52  1.0 -1.0  1.0000    -8.554  1.8E-12   0.00   0.24   0.43  -0.17   1.20
 46  1.0  1.0  1.0000    -7.471  2.1E-12   0.00   0.26  -1.43   0.23   1.53
 53  1.0 -1.0  1.0000    -7.453  1.4E-14   0.00   0.24  -1.35   0.17   1.51
 54  1.0 -1.0  0.0000    -5.214  4.5E-13   0.00  -0.90   0.41   0.23   1.45
 47  1.0  1.0  0.0000    -4.494  9.2E-14   0.00   0.53   0.44  -1.08   1.48
 71 -1.0 -1.0  0.0000    -3.247  7.6E-12   0.00  -0.61   1.28   2.08   3.48
 58 -1.0  1.0  0.0000    -3.207  1.0E-11   0.00  -0.73   1.58   1.69   3.49
 73 -1.0 -1.0  0.0000    -2.601  9.7E-12   0.00  -0.17   1.03   2.15   3.34
 60 -1.0  1.0  0.0000    -2.093  1.1E-11   0.00   0.56   1.24   0.87   3.40
 72 -1.0 -1.0  0.0000    -1.457  2.9E-12   0.00   2.34  -0.55  -0.15   3.40
 59 -1.0  1.0  0.0000    -0.783  5.3E-12   0.00  -1.44  -0.75  -1.08   3.29
 74 -1.0 -1.0  0.0000    -0.085  1.6E-12   0.00   0.37   0.33  -1.92   3.12
 61 -1.0  1.0  0.0000     0.592  2.3E-12   0.00   0.02   0.04  -2.75   2.96
 76 -1.0 -1.0  0.0000     1.292  3.0E-12   0.00  -0.75   0.88   0.88   1.99
 63 -1.0  1.0  0.0000     1.442  2.9E-12   0.00  -0.81   1.19   0.23   2.06
 75 -1.0 -1.0  0.0000     2.445  5.5E-12   0.00   0.99  -0.03  -0.38   1.83
 62 -1.0  1.0  0.0000     2.550  1.1E-11   0.00   0.41  -0.39   0.07   1.32
 66 -1.0  1.0  0.0000     2.776  3.8E-12   0.00   0.50  -0.50   0.50   2.17
 79 -1.0 -1.0  0.0000     2.778  3.4E-14   0.00  -0.49  -0.50  -0.49   2.17
 77 -1.0 -1.0  0.0000     3.267  3.5E-12   0.00   0.19  -0.47  -0.09   1.70
 64 -1.0  1.0  0.0000     3.447  4.9E-12   0.00  -0.54  -0.45  -1.13   2.25
 80 -1.0 -1.0  0.0000     3.782  8.9E-09   0.00  -0.48   1.14   0.81   2.44
 67 -1.0  1.0  0.0000     3.805  2.0E-11   0.00  -0.40   1.46   0.31   2.46
 78 -1.0 -1.0  0.0000     3.978  8.9E-09   0.00   0.98  -0.21  -0.14   2.34
 65 -1.0  1.0  0.0000     4.046  2.3E-11   0.00   0.33  -0.50   0.06   2.07
--------------------------------------------------------------------------------
---------------- Electric Multipole Moments -----------------
Quantisation Axis             : Z
  With secondary axis ordering: X,Y
______________________________________________________________
                     Neutrons        Protons         Total
______________________________________________________________
 Particles           18.0000         18.0000         36.0000

Re  Q_{ 2 0}          5.6728          5.8807         11.5536
Re  Q_{ 2 2}          6.9041          7.1473         14.0515

Re  Q_{ 4 0}         -8.1448         -9.0889        -17.2337
Re  Q_{ 4 2}         -8.2367         -9.1433        -17.3800
Re  Q_{ 4 4}        -10.6814        -11.9082        -22.5896

Re  Q_{ 6 0}        -69.3993        -79.5844       -148.9837
Re  Q_{ 6 2}        -69.0611        -78.2992       -147.3603
Re  Q_{ 6 4}        -71.4730        -79.6414       -151.1144
Re  Q_{ 6 6}        -99.4106       -112.7938       -212.2044

Re  Q_{ 8 0}        -20.5543       -170.2704       -190.8247
Re  Q_{ 8 2}        -99.0279        -88.5064       -187.5343
Re  Q_{ 8 4}        -73.9512       -128.1586       -202.1099
Re  Q_{ 8 6}       -112.4524       -108.7097       -221.1621
Re  Q_{ 8 8}       -109.1715       -187.0989       -296.2704

Re  Q_{10 0}       7333.3101       9237.6518      16570.9619
Re  Q_{10 2}        369.2673        353.0992        722.3665
Re  Q_{10 4}      -6660.8059      -8327.1604     -14987.9663
Re  Q_{10 6}        372.4848       1138.4933       1510.9781
Re  Q_{10 8}      -7748.1542      -9281.3400     -17029.4942
Re  Q_{1010}        779.4858        951.1297       1730.6155

 RMS radius           3.2654          3.3124          3.2890
______________________________________________________________
                     Neutrons        Protons         Total
______________________________________________________________

Beta_{ 2 0}       0.04204259      0.04358337      0.08562596
Beta_{ 2 2}       0.05116800      0.05297041      0.10413841

Beta_{ 4 0}      -0.00384479     -0.00429042     -0.00813521
Beta_{ 4 2}      -0.00388816     -0.00431612     -0.00820429
Beta_{ 4 4}      -0.00504218     -0.00562130     -0.01066348

Beta_{ 6 0}      -0.00208665     -0.00239288     -0.00447953
Beta_{ 6 2}      -0.00207648     -0.00235424     -0.00443072
Beta_{ 6 4}      -0.00214900     -0.00239460     -0.00454359
Beta_{ 6 6}      -0.00298900     -0.00339140     -0.00638040

Beta_{ 8 0}      -0.00003936     -0.00032609     -0.00036545
Beta_{ 8 2}      -0.00018965     -0.00016950     -0.00035915
Beta_{ 8 4}      -0.00014163     -0.00024544     -0.00038706
Beta_{ 8 6}      -0.00021536     -0.00020819     -0.00042355
Beta_{ 8 8}      -0.00020908     -0.00035832     -0.00056739

Beta_{10 0}       0.00089454      0.00112683      0.00202137
Beta_{10 2}       0.00004504      0.00004307      0.00008812
Beta_{10 4}      -0.00081250     -0.00101577     -0.00182827
Beta_{10 6}       0.00004544      0.00013888      0.00018431
Beta_{10 8}      -0.00094514     -0.00113216     -0.00207731
Beta_{1010}       0.00009508      0.00011602      0.00021111

______________________________________________________________
                     Neutrons        Protons         Total
______________________________________________________________
Q_{ 2}               11.2923         11.6941         22.9864
Q_{ 4}               20.7415         23.0958         43.8372
Q_{ 6}              210.5632        238.1714        448.7302
Q_{ 8}              283.0212        413.7096        679.5784
Q_{10}            16258.6377      20023.8593      36269.5766
______________________________________________________________
                     Neutrons        Protons         Total
______________________________________________________________
Beta_{   2}       0.08368936      0.08666740      0.17035675
Beta_{   4}       0.00979108      0.01090246      0.02069352
Beta_{   6}       0.00633105      0.00716116      0.01349208
Beta_{   8}       0.00054202      0.00079230      0.00130147
Beta_{  10}       0.00198327      0.00244257      0.00442426
______________________________________________________________
 Cart. Moments X              Y              Z
 Cart. N       17.8171954    -35.8038669     17.9866715
 Cart. P       18.4320140    -37.0778595     18.6458455
 Cart. T       36.2492094    -72.8817264     36.6325170
 (Q, gamma)    Q              Gamma
 (Q,g) N       35.8040006     59.8434188
 (Q,g) P       37.0780650     59.8092268
 (Q,g) T       72.8820624     59.8260240
 (iq1, iq2)    iq1            iq2
 iq    N        0.1129841     35.7473749
 iq    P        0.1425543     37.0065823
 iq    T        0.2555384     72.7539572
               X^2            Y^2            Z^2
 X^2_i N       69.9161316     52.0424441     69.9726236
 X^2_i P       71.9745875     53.4712964     72.0458647
 X^2_i T      141.8907191    105.5137405    142.0184883
------------------------------------------------------------
------------------------- Angular Momentum (hbar) --------------------------

               Spwfs(*)    Desired     Omega       E (MeV)      Densit. 
  __________________________________________________________________________
   J_x   |     0.00000     0.00000     0.00000    -0.00000     0.00000
   J_y   |     0.00000     0.00000     0.00000    -0.00000     0.00000
   J_z   |     1.72520     0.00000     0.50000    -0.86260     1.72520
  __________________________________________________________________________
   Size  |     1.72520     0.00000     0.50000                 1.72520
  --------------------------------------------------------------------------
---------------------Rotational properties--------------------
                Rigid rotor          (hbar^2/MeV)
              n              p              t 
 I_R X       2.9421754      3.0266222      5.9687976
 I_R Y       3.3731675      3.4727960      6.8459635
 I_R Z       2.9408132      3.0249034      5.9657167

                Belyaev                 (hbar^2/MeV) 
              n              p              t 
 I_B X       1.4248147      1.4579069      2.8827216
 I_B Y       0.0676410      0.0699942      0.1376351
 I_B Z       1.2855623      1.3113449      2.5969073

                Belyaev (collective)    (hbar^2/MeV) 
              n              p              t 
 I_B X       0.0000000      0.0000000      0.0000000
 I_B Y       0.0000000      0.0000000      0.0000000
 I_B Z       0.0000000      0.0000000      0.0000000

                 <J^2> - <J>^2          (hbar^2)
              n              p              t 
 J2_X        2.1788831      2.1742614      4.3531445
 J2_Y        0.0901999      0.0918705      0.1820704
 J2_Z        2.0315375      2.0204185      4.0519560
 J2_t        4.3006205      4.2865504      8.5871709

                 <J^2> - <J>^2 (coll.)  (hbar^2)
              n              p              t 
 J2_X        0.0000000      0.0000000      0.0000000
 J2_Y        0.0000000      0.0000000      0.0000000
 J2_Z        0.0000000      0.0000000      0.0000000
 J2_t        0.0000000      0.0000000      0.0000000
--------------------------------------------------------------------------------
 Skyrme Energy 
                                    Isoscalar      Isovector   |   Total
--------------------------------------------------------------------------------
                 E_D_I_I_D_I_I   -3570.794462       0.516349   -3570.278113
              E_D_I_I_D_I_I_DD    2398.867570      -0.433542    2398.434028
               E_D_I_Sm_D_I_Sm      -0.039331       0.000230      -0.039101
            E_D_I_Sm_D_I_Sm_DD       0.251873      -0.000155       0.251718
               E_D_I_I_D_Nm_Nm     135.249964       0.005881     135.255845
             E_D_I_I_Lap_D_I_I      96.189298      -0.019874      96.169423
           E_C_I_NmSk_C_I_NmSk       0.059589       0.000490       0.060079
               E_C_I_Nm_C_I_Nm      -0.091342      -0.000005      -0.091347
           E_D_I_Sm_Lap_D_I_Sm      -0.165185      -0.000033      -0.165218
            E_D_I_Sm_D_Nk_NkSm      -0.000475      -0.000010      -0.000485
       E_D_I_I_Derm_C_I_NxmSxm     -15.196433      -0.001558     -15.197992
        E_C_I_Nm_Derxm_D_I_Sxm      -0.098399      -0.000015      -0.098413
               E_DP_I_I_DP_I_I                                     0.000000
               E_CP_I_I_CP_I_I                                     0.000000
--------------------------------------------------------------------------------
                 Total Skyrme:                                  -955.699576
                    time-even:                                  -955.556730
                    time-odd :                                    -0.142846
--------------------------------------------------------------------------------
--------------------------------------------------------------------------------
                                     neutron        proton         total
                Kinetic Energy:     306.493189     298.293620     604.786809
                    COM 1-body:      -8.513700      -8.285934     -16.799634

                Coulomb Direct:       0.000000      66.924928      66.924928
                      Exchange:       0.000000      -6.754272      -6.754272

               Pairing (delta):       0.000000       0.000000       0.000000
               Pairing (densi):                                     0.000000
--------------------------------------------------------------------------------
                  Total energy:                                  -307.541744
                    from spwfs:                                  -307.541743
                   E_fu - E_sp:                                -0.325570E-06
                      Routhian:                                  -307.110597
--------------------------------------------------------------------------------
--------------------------------------------------------------------------------
Convergence report
                        Change^(i)     Change^(i-1)   rate (approx)
  Con.  Energy      :      -3.50E-08      -3.32E-08       9.96E-01
  Con.  Routhian    :      -5.01E-08      -4.64E-08       1.50E+00
  Con.  E_fu - E_sp :       2.25E-08       3.17E-08       9.67E-01
  Con.  |delta rho| :       1.86E-09       0.00E+00       7.48E-01
--------------------------------------------------------------------------------
--------------------------------------------------------------------------------
 Iteration =  291
 dt  =   0.0371      mu  =   0.9247  D2H =  0.7E-11
 E   =   -307.542    DE  =  0.11667E-09
 dmun=  0.0E+00      dmup=  0.0E+00
 Q20 =      11.5536  Q22 =      14.0515 dQ20=  0.1E-06      dQ22=  0.8E-07
 Jz  =    1.725      dJZ = -0.4E-07
--------------------------------------------------------------------------------
 Iteration =  292
 dt  =   0.0371      mu  =   0.9247  D2H =  0.5E-11
 E   =   -307.542    DE  =  0.11715E-09
 dmun=  0.0E+00      dmup=  0.0E+00
 Q20 =      11.5536  Q22 =      14.0515 dQ20=  0.9E-07      dQ22=  0.7E-07
 Jz  =    1.725      dJZ = -0.7E-07
--------------------------------------------------------------------------------
 Iteration =  293
 dt  =   0.0371      mu  =   0.9247  D2H =  0.4E-11
 E   =   -307.542    DE  =  0.11534E-09
 dmun=  0.0E+00      dmup=  0.0E+00
 Q20 =      11.5536  Q22 =      14.0515 dQ20=  0.7E-07      dQ22=  0.7E-07
 Jz  =    1.725      dJZ = -0.7E-07
--------------------------------------------------------------------------------
 Iteration =  294
 dt  =   0.0371      mu  =   0.9247  D2H =  0.4E-11
 E   =   -307.542    DE  =  0.11161E-09
 dmun=  0.0E+00      dmup=  0.0E+00
 Q20 =      11.5536  Q22 =      14.0515 dQ20=  0.6E-07      dQ22=  0.7E-07
 Jz  =    1.725      dJZ = -0.7E-07
--------------------------------------------------------------------------------
 Iteration =  295
 dt  =   0.0371      mu  =   0.9247  D2H =  0.4E-11
 E   =   -307.542    DE  =  0.10601E-09
 dmun=  0.0E+00      dmup=  0.0E+00
 Q20 =      11.5536  Q22 =      14.0515 dQ20=  0.5E-07      dQ22=  0.6E-07
 Jz  =    1.725      dJZ = -0.7E-07
--------------------------------------------------------------------------------
 Iteration =  296
 dt  =   0.0371      mu  =   0.9247  D2H =  0.3E-11
 E   =   -307.542    DE  =  0.98876E-10
 dmun=  0.0E+00      dmup=  0.0E+00
 Q20 =      11.5536  Q22 =      14.0515 dQ20=  0.5E-07      dQ22=  0.6E-07
 Jz  =    1.725      dJZ = -0.6E-07
--------------------------------------------------------------------------------
 Iteration =  297
 dt  =   0.0371      mu  =   0.9247  D2H =  0.3E-11
 E   =   -307.542    DE  =  0.90346E-10
 dmun=  0.0E+00      dmup=  0.0E+00
 Q20 =      11.5536  Q22 =      14.0515 dQ20=  0.5E-07      dQ22=  0.6E-07
 Jz  =    1.725      dJZ = -0.6E-07
--------------------------------------------------------------------------------
 Iteration =  298
 dt  =   0.0371      mu  =   0.9247  D2H =  0.2E-11
 E   =   -307.542    DE  =  0.80621E-10
 dmun=  0.0E+00      dmup=  0.0E+00
 Q20 =      11.5536  Q22 =      14.0515 dQ20=  0.5E-07      dQ22=  0.5E-07
 Jz  =    1.725      dJZ = -0.5E-07
--------------------------------------------------------------------------------
 Iteration =  299
 dt  =   0.0371      mu  =   0.9247  D2H =  0.2E-11
 E   =   -307.542    DE  =  0.69940E-10
 dmun=  0.0E+00      dmup=  0.0E+00
 Q20 =      11.5536  Q22 =      14.0515 dQ20=  0.5E-07      dQ22=  0.5E-07
 Jz  =    1.725      dJZ = -0.5E-07
--------------------- Sp wavefunctions -----------------------------------------
________________________________________________________________________________
   Neutron wavefunctions
  i    P   Rz   occ       E        d2h    Delta   JxT    JyT    Jz     J
--------------------- Sp wavefunctions -----------------------------------------
  1  1.0  1.0  1.0000   -46.647 -1.0E-11   0.00  -0.50   0.50   0.50   0.50
  8  1.0 -1.0  1.0000   -45.693 -1.1E-11   0.00   0.50   0.50  -0.50   0.50
 29 -1.0 -1.0  1.0000   -34.053  1.5E-11   0.00  -0.39   0.54   1.30   1.49
 16 -1.0  1.0  1.0000   -33.665  1.1E-11   0.00  -0.68   1.24   0.45   1.50
 28 -1.0 -1.0  1.0000   -32.693  6.8E-12   0.00   1.32   0.46  -0.37   1.48
 15 -1.0  1.0  1.0000   -31.739  5.7E-12   0.00  -0.17  -0.25  -1.25   1.42
 17 -1.0  1.0  1.0000   -28.595 -2.3E-13   0.00   0.35  -0.50   0.31   0.68
 30 -1.0 -1.0  1.0000   -28.059  7.3E-12   0.00  -0.43  -0.50  -0.44   0.58
  2  1.0  1.0  1.0000   -21.500 -2.3E-13   0.00  -0.48   0.90   1.81   2.48
  9  1.0 -1.0  1.0000   -21.366 -5.1E-13   0.00  -0.68   1.42   1.14   2.50
  4  1.0  1.0  1.0000   -20.683  6.5E-12   0.00  -0.11   1.22   0.91   2.43
 11  1.0 -1.0  1.0000   -19.908  3.2E-12   0.00   2.07   0.06  -0.21   2.46
  3  1.0  1.0  1.0000   -19.071  2.0E-12   0.00  -0.73  -0.60  -1.24   2.42
 10  1.0 -1.0  1.0000   -18.343 -3.4E-12   0.00   0.03   0.03  -2.15   2.29
  5  1.0  1.0  1.0000   -15.612  3.9E-12   0.00  -0.48   0.48   0.38   0.99
 12  1.0 -1.0  1.0000   -15.022  1.4E-12   0.00   0.25   0.44  -0.20   1.20
  6  1.0  1.0  1.0000   -13.850  8.0E-13   0.00   0.26  -1.44   0.23   1.53
 13  1.0 -1.0  1.0000   -13.834 -1.2E-12   0.00   0.24  -1.36   0.19   1.51
 14  1.0 -1.0  0.0000   -11.556  1.4E-13   0.00  -0.91   0.41   0.24   1.45
  7  1.0  1.0  0.0000   -10.823 -2.0E-13   0.00   0.53   0.44  -1.08   1.48
 31 -1.0 -1.0  0.0000    -9.461 -5.7E-14   0.00  -0.63   1.34   2.03   3.48
 18 -1.0  1.0  0.0000    -9.424  3.8E-13   0.00  -0.73   1.62   1.67   3.49
 33 -1.0 -1.0  0.0000    -8.794 -5.7E-14   0.00  -0.14   1.00   2.19   3.35
 20 -1.0  1.0  0.0000    -8.287  9.5E-13   0.00   0.60   1.20   0.89   3.41
 32 -1.0 -1.0  0.0000    -7.642  5.8E-13   0.00   2.32  -0.59  -0.13   3.41
 19 -1.0  1.0  0.0000    -6.951  2.6E-12   0.00  -1.53  -0.77  -1.10   3.32
 34 -1.0 -1.0  0.0000    -6.229  8.2E-13   0.00   0.36   0.31  -1.99   3.18
 21 -1.0  1.0  0.0000    -5.529  2.2E-12   0.00   0.01   0.02  -2.88   3.05
 36 -1.0 -1.0  0.0000    -4.476  3.0E-12   0.00  -0.71   0.99   0.83   1.94
 23 -1.0  1.0  0.0000    -4.342  2.4E-12   0.00  -0.73   1.26   0.26   1.99
 35 -1.0 -1.0  0.0000    -3.094  3.4E-12   0.00   1.07  -0.09  -0.26   1.77
 22 -1.0  1.0  0.0000    -2.842  2.3E-12   0.00   0.31  -0.38  -0.07   1.33
 37 -1.0 -1.0  0.0000    -1.164  1.3E-12   0.00   0.01  -0.47  -0.16   1.40
 24 -1.0  1.0  0.0000    -0.931  1.9E-05   0.00   0.41  -1.50   0.59   2.42
 40 -1.0 -1.0  0.0000    -0.893  4.9E-13   0.00   0.63  -2.06   0.66   2.49
 27 -1.0  1.0  0.0000    -0.804  1.9E-05   0.00   0.05  -0.97  -0.55   2.13
 26 -1.0  1.0  0.0000     0.527  3.6E-12   0.00  -1.08   0.19   0.99   2.34
 39 -1.0 -1.0  0.0000     0.808  6.2E-12   0.00  -1.47   0.70   0.00   2.44
 25 -1.0  1.0  0.0000     1.038  9.8E-14   0.00   0.53  -0.50   0.52   2.22
 38 -1.0 -1.0  0.0000     1.056  5.6E-12   0.00  -0.56  -0.46  -0.45   2.23
________________________________________________________________________________
   Proton  wavefunctions
  i    P   Rz   occ       E        d2h    Delta   JxT    JyT    Jz     J
--------------------- Sp wavefunctions -----------------------------------------
 41  1.0  1.0  1.0000   -39.312  1.3E-11   0.00  -0.50   0.50   0.50   0.51
 48  1.0 -1.0  1.0000   -38.381  1.2E-11   0.00   0.50   0.50  -0.50   0.50
 69 -1.0 -1.0  1.0000   -27.129 -2.8E-12   0.00  -0.40   0.54   1.30   1.49
 56 -1.0  1.0  1.0000   -26.749  7.6E-12   0.00  -0.68   1.25   0.44   1.50
 68 -1.0 -1.0  1.0000   -25.794  5.7E-12   0.00   1.32   0.46  -0.36   1.48
 55 -1.0  1.0  1.0000   -24.851  3.1E-12   0.00  -0.17  -0.25  -1.24   1.42
 57 -1.0  1.0  1.0000   -21.746 -3.1E-12   0.00   0.35  -0.50   0.30   0.68
 70 -1.0 -1.0  1.0000   -21.223  1.1E-11   0.00  -0.42  -0.50  -0.44   0.58
 42  1.0  1.0  1.0000   -14.932  6.0E-12   0.00  -0.48   0.89   1.81   2.48
 49  1.0 -1.0  1.0000   -14.799 -6.5E-13   0.00  -0.68   1.42   1.14   2.50
 44  1.0  1.0  1.0000   -14.120  6.8E-12   0.00  -0.10   1.22   0.91   2.43
 51  1.0 -1.0  1.0000   -13.357  1.9E-12   0.00   2.06   0.06  -0.21   2.46
 43  1.0  1.0  1.0000   -12.526  1.1E-12   0.00  -0.74  -0.60  -1.24   2.42
 50  1.0 -1.0  1.0000   -11.791  4.8E-13   0.00   0.04   0.04  -2.15   2.29
 45  1.0  1.0  1.0000    -9.128  4.3E-13   0.00  -0.47   0.48   0.38   0.98
 52  1.0 -1.0  1.0000    -8.554 -2.3E-13   0.00   0.24   0.43  -0.17   1.20
 46  1.0  1.0  1.0000    -7.471  3.1E-13   0.00   0.26  -1.43   0.23   1.53
 53  1.0 -1.0  1.0000    -7.453  7.8E-14   0.00   0.24  -1.35   0.17   1.51
 54  1.0 -1.0  0.0000    -5.214  6.8E-14   0.00  -0.90   0.41   0.23   1.45
 47  1.0  1.0  0.0000    -4.494  3.9E-14   0.00   0.53   0.44  -1.08   1.48
 71 -1.0 -1.0  0.0000    -3.247  1.7E-12   0.00  -0.61   1.28   2.08   3.48
 58 -1.0  1.0  0.0000    -3.207  5.2E-13   0.00  -0.73   1.58   1.69   3.49
 73 -1.0 -1.0  0.0000    -2.601  1.9E-12   0.00  -0.17   1.03   2.15   3.34
 60 -1.0  1.0  0.0000    -2.093  1.9E-12   0.00   0.56   1.24   0.87   3.40
 72 -1.0 -1.0  0.0000    -1.457  7.4E-13   0.00   2.34  -0.55  -0.15   3.40
 59 -1.0  1.0  0.0000    -0.783  2.0E-12   0.00  -1.44  -0.75  -1.08   3.29
 74 -1.0 -1.0  0.0000    -0.085  1.4E-12   0.00   0.37   0.33  -1.92   3.12
 61 -1.0  1.0  0.0000     0.592  5.5E-13   0.00   0.02   0.04  -2.75   2.96
 76 -1.0 -1.0  0.0000     1.292  1.1E-12   0.00  -0.75   0.88   0.88   1.99
 63 -1.0  1.0  0.0000     1.442  1.2E-12   0.00  -0.81   1.19   0.23   2.06
 75 -1.0 -1.0  0.0000     2.445  1.9E-12   0.00   0.99  -0.03  -0.38   1.83
 62 -1.0  1.0  0.0000     2.550  2.9E-12   0.00   0.41  -0.39   0.07   1.32
 66 -1.0  1.0  0.0000     2.776  2.2E-12   0.00   0.50  -0.50   0.50   2.17
 79 -1.0 -1.0  0.0000     2.778  8.9E-16   0.00  -0.49  -0.50  -0.49   2.17
 77 -1.0 -1.0  0.0000     3.267  6.2E-13   0.00   0.19  -0.47  -0.09   1.70
 64 -1.0  1.0  0.0000     3.447  9.7E-13   0.00  -0.54  -0.45  -1.13   2.25
 80 -1.0 -1.0  0.0000     3.782  6.1E-09   0.00  -0.48   1.14   0.81   2.44
 67 -1.0  1.0  0.0000     3.805  1.2E-11   0.00  -0.40   1.46   0.31   2.46
 78 -1.0 -1.0  0.0000     3.978  6.1E-09   0.00   0.98  -0.21  -0.14   2.34
 65 -1.0  1.0  0.0000     4.046  1.2E-11   0.00   0.33  -0.50   0.06   2.07
--------------------------------------------------------------------------------
---------------- Electric Multipole Moments -----------------
Quantisation Axis             : Z
  With secondary axis ordering: X,Y
______________________________________________________________
                     Neutrons        Protons         Total
______________________________________________________________
 Particles           18.0000         18.0000         36.0000

Re  Q_{ 2 0}          5.6728          5.8807         11.5536
Re  Q_{ 2 2}          6.9041          7.1473         14.0515

Re  Q_{ 4 0}         -8.1448         -9.0889        -17.2337
Re  Q_{ 4 2}         -8.2367         -9.1433        -17.3800
Re  Q_{ 4 4}        -10.6814        -11.9082        -22.5896

Re  Q_{ 6 0}        -69.3993        -79.5844       -148.9837
Re  Q_{ 6 2}        -69.0611        -78.2992       -147.3603
Re  Q_{ 6 4}        -71.4730        -79.6414       -151.1144
Re  Q_{ 6 6}        -99.4106       -112.7938       -212.2043

Re  Q_{ 8 0}        -20.5543       -170.2690       -190.8234
Re  Q_{ 8 2}        -99.0271        -88.5069       -187.5341
Re  Q_{ 8 4}        -73.9514       -128.1577       -202.1091
Re  Q_{ 8 6}       -112.4519       -108.7095       -221.1614
Re  Q_{ 8 8}       -109.1712       -187.0984       -296.2696

Re  Q_{10 0}       7333.3021       9237.7279      16571.0300
Re  Q_{10 2}        369.3163        353.0854        722.4017
Re  Q_{10 4}      -6660.7971      -8327.0086     -14987.8057
Re  Q_{10 6}        372.4655       1138.3781       1510.8436
Re  Q_{10 8}      -7748.1385      -9281.2156     -17029.3541
Re  Q_{1010}        779.5160        951.1562       1730.6721

 RMS radius           3.2654          3.3124          3.2890
______________________________________________________________
                     Neutrons        Protons         Total
______________________________________________________________

Beta_{ 2 0}       0.04204259      0.04358336      0.08562595
Beta_{ 2 2}       0.05116800      0.05297040      0.10413841

Beta_{ 4 0}      -0.00384479     -0.00429042     -0.00813521
Beta_{ 4 2}      -0.00388816     -0.00431612     -0.00820429
Beta_{ 4 4}      -0.00504218     -0.00562130     -0.01066348

Beta_{ 6 0}      -0.00208665     -0.00239288     -0.00447953
Beta_{ 6 2}      -0.00207648     -0.00235424     -0.00443072
Beta_{ 6 4}      -0.00214900     -0.00239460     -0.00454359
Beta_{ 6 6}      -0.00298900     -0.00339140     -0.00638040

Beta_{ 8 0}      -0.00003936     -0.00032609     -0.00036545
Beta_{ 8 2}      -0.00018965     -0.00016950     -0.00035915
Beta_{ 8 4}      -0.00014163     -0.00024544     -0.00038706
Beta_{ 8 6}      -0.00021536     -0.00020819     -0.00042355
Beta_{ 8 8}      -0.00020908     -0.00035832     -0.00056739

Beta_{10 0}       0.00089454      0.00112684      0.00202138
Beta_{10 2}       0.00004505      0.00004307      0.00008812
Beta_{10 4}      -0.00081250     -0.00101575     -0.00182825
Beta_{10 6}       0.00004543      0.00013886      0.00018430
Beta_{10 8}      -0.00094514     -0.00113215     -0.00207729
Beta_{1010}       0.00009509      0.00011602      0.00021111

______________________________________________________________
                     Neutrons        Protons         Total
______________________________________________________________
Q_{ 2}               11.2923         11.6941         22.9864
Q_{ 4}               20.7415         23.0958         43.8372
Q_{ 6}              210.5631        238.1713        448.7301
Q_{ 8}              283.0202        413.7081        679.5762
Q_{10}            16258.6161      20023.6419      36269.3391
______________________________________________________________
                     Neutrons        Protons         Total
______________________________________________________________
Beta_{   2}       0.08368936      0.08666739      0.17035674
Beta_{   4}       0.00979108      0.01090246      0.02069352
Beta_{   6}       0.00633105      0.00716116      0.01349208
Beta_{   8}       0.00054202      0.00079230      0.00130147
Beta_{  10}       0.00198327      0.00244254      0.00442424
______________________________________________________________
 Cart. Moments X              Y              Z
 Cart. N       17.8171948    -35.8038650     17.9866702
 Cart. P       18.4320132    -37.0778580     18.6458448
 Cart. T       36.2492080    -72.8817230     36.6325150
 (Q, gamma)    Q              Gamma
 (Q,g) N       35.8039987     59.8434195
 (Q,g) P       37.0780635     59.8092266
 (Q,g) T       72.8820590     59.8260242
 (iq1, iq2)    iq1            iq2
 iq    N        0.1129836     35.7473732
 iq    P        0.1425545     37.0065808
 iq    T        0.2555380     72.7539540
               X^2            Y^2            Z^2
 X^2_i N       69.9161312     52.0424446     69.9726230
 X^2_i P       71.9745871     53.4712967     72.0458643
 X^2_i T      141.8907183    105.5137414    142.0184873
------------------------------------------------------------
------------------------- Angular Momentum (hbar) --------------------------

               Spwfs(*)    Desired     Omega       E (MeV)      Densit. 
  __________________________________________________________________________
   J_x   |     0.00000     0.00000     0.00000    -0.00000     0.00000
   J_y   |     0.00000     0.00000     0.00000    -0.00000     0.00000
   J_z   |     1.72520     0.00000     0.50000    -0.86260     1.72520
  __________________________________________________________________________
   Size  |     1.72520     0.00000     0.50000                 1.72520
  --------------------------------------------------------------------------
---------------------Rotational properties--------------------
                Rigid rotor          (hbar^2/MeV)
              n              p              t 
 I_R X       2.9421754      3.0266222      5.9687976
 I_R Y       3.3731675      3.4727960      6.8459634
 I_R Z       2.9408132      3.0249034      5.9657167

                Belyaev                 (hbar^2/MeV) 
              n              p              t 
 I_B X       1.4248143      1.4579066      2.8827209
 I_B Y       0.0676409      0.0699941      0.1376350
 I_B Z       1.2855624      1.3113451      2.5969075

                Belyaev (collective)    (hbar^2/MeV) 
              n              p              t 
 I_B X       0.0000000      0.0000000      0.0000000
 I_B Y       0.0000000      0.0000000      0.0000000
 I_B Z       0.0000000      0.0000000      0.0000000

                 <J^2> - <J>^2          (hbar^2)
              n              p              t 
 J2_X        2.1788828      2.1742613      4.3531441
 J2_Y        0.0901998      0.0918705      0.1820703
 J2_Z        2.0315374      2.0204186      4.0519560
 J2_t        4.3006201      4.2865503      8.5871704

                 <J^2> - <J>^2 (coll.)  (hbar^2)
              n              p              t 
 J2_X        0.0000000      0.0000000      0.0000000
 J2_Y        0.0000000      0.0000000      0.0000000
 J2_Z        0.0000000      0.0000000      0.0000000
 J2_t        0.0000000      0.0000000      0.0000000
--------------------------------------------------------------------------------
 Skyrme Energy 
                                    Isoscalar      Isovector   |   Total
--------------------------------------------------------------------------------
                 E_D_I_I_D_I_I   -3570.794471       0.516349   -3570.278123
              E_D_I_I_D_I_I_DD    2398.867577      -0.433542    2398.434036
               E_D_I_Sm_D_I_Sm      -0.039331       0.000230      -0.039101
            E_D_I_Sm_D_I_Sm_DD       0.251873      -0.000155       0.251718
               E_D_I_I_D_Nm_Nm     135.249965       0.005881     135.255846
             E_D_I_I_Lap_D_I_I      96.189297      -0.019874      96.169423
           E_C_I_NmSk_C_I_NmSk       0.059589       0.000490       0.060079
               E_C_I_Nm_C_I_Nm      -0.091342      -0.000005      -0.091347
           E_D_I_Sm_Lap_D_I_Sm      -0.165186      -0.000033      -0.165219
            E_D_I_Sm_D_Nk_NkSm      -0.000475      -0.000010      -0.000485
       E_D_I_I_Derm_C_I_NxmSxm     -15.196434      -0.001558     -15.197993
        E_C_I_Nm_Derxm_D_I_Sxm      -0.098399      -0.000015      -0.098413
               E_DP_I_I_DP_I_I                                     0.000000
               E_CP_I_I_CP_I_I                                     0.000000
--------------------------------------------------------------------------------
                 Total Skyrme:                                  -955.699577
                    time-even:                                  -955.556731
                    time-odd :                                    -0.142846
--------------------------------------------------------------------------------
--------------------------------------------------------------------------------
                                     neutron        proton         total
                Kinetic Energy:     306.493190     298.293620     604.786811
                    COM 1-body:      -8.513700      -8.285934     -16.799634

                Coulomb Direct:       0.000000      66.924928      66.924928
                      Exchange:       0.000000      -6.754272      -6.754272

               Pairing (delta):       0.000000       0.000000       0.000000
               Pairing (densi):                                     0.000000
--------------------------------------------------------------------------------
                  Total energy:                                  -307.541744
                    from spwfs:                                  -307.541744
                   E_fu - E_sp:                                -0.175067E-06
                      Routhian:                                  -307.110598
--------------------------------------------------------------------------------
--------------------------------------------------------------------------------
Convergence report
                        Change^(i)     Change^(i-1)   rate (approx)
  Con.  Energy      :      -1.80E-08      -2.15E-08       9.23E-01
  Con.  Routhian    :      -3.03E-08      -3.54E-08       1.22E+00
  Con.  E_fu - E_sp :      -2.68E-08      -2.60E-08       6.80E-01
  Con.  |delta rho| :       8.84E-10       0.00E+00       9.45E-01
--------------------------------------------------------------------------------
id Timer name                                # of calls      time (s)  % total
__ ________________________________________  __________  ____________  _______
   TOTAL                                              -       78.7341  100.00%
 1 Tantalus                                           1       78.7341  100.00%
     (internal)                                       -        3.4259    4.35%
 2   HF-basis Derivatives                           301       12.1621   15.45%
 4   Spwf evolution                                 300       51.8735   65.88%
       (internal)                                     -        1.2508    1.59%
 5     Orthonormalization                           300        2.2190    2.82%
13     Sp. Hamiltonian                            24912       48.4036   61.48%
 5   Orthonormalization                               1        0.0089    0.01%
 6   Density calculations                           302        4.0541    5.15%
       (internal)                                     -        0.0464    0.06%
 7     Density: pp                                  302        0.0001    0.00%
 8     Density: ph                                  302        3.0852    3.92%
 9     Density: derivatives                         302        0.9224    1.17%
10   Field calculations                             302        4.6708    5.93%
       (internal)                                     -        3.4689    4.41%
14     Coulomb solver                               302        1.2019    1.53%
11   Energy calculations                            301        2.5351    3.22%
       (internal)                                     -        1.1218    1.42%
16     Moments of inertia                            31        1.4132    1.79%
12   Pairing solver                                 302        0.0037    0.00%
__ ________________________________________  __________  ____________  _______
