

         ___________________________________________________________
        |                                                          |
        | MOCCa v2.0 =                                             |
        |                                                          |
        |  #######   ##   #    # #####   ##   #      #    #  ####  |
        |     #     #  #  ##   #   #    #  #  #      #    # #      |
        |     #    #    # # #  #   #   #    # #      #    #  ####  |
        |     #    ###### #  # #   #   ###### #      #    #      # |
        |     #    #    # #   ##   #   #    # #      #    # #    # |
        |     #    #    # #    #   #   #    # ######  ####   ####  |
        |                                                          |
        |  Copyright  P.-H. Heenen, M. Bender & W. Ryssens         |
        |                                                          |
        |----------------------------------------------------------|
        | Runtype = Single-mode                                    |
        |-------------- Version Information -----------------------|
        |                                                          |
        | commit a66ee383522d7c98f006961c54009982b6879d5b          |
        | Author: Wouter@Orome <wouter.ryssens@gmail.com>          |
        | Date:   Wed Feb 9 16:59:07 2022 +0100                    |
        |                                                          |
        |-------------- Symmetry Information ----------------------|
        |                                                          |
        | S.p. generators        = Rz,T,STy                        |
        | Axis reduction  X Y Z  =  1 1 0                          |
        | SYM_CODE               = 0 0 001 000 10 000 010 110      |
        | TRANS_CODE             = 0 1 001 000 10 000 010 111      |
        |-------------- Environment Information -------------------|
        |-------------- Compilation Information -------------------|
        | Compiled with:                                           |
        | GNU Fortran (Ubuntu 9.3.0-17ubuntu1~20.04) 9.3.0         |
        | Compilation flags reported:                              |
        | -O3 -Jmod -Wall -Wno-uninitialized                       |
        |__________________________________________________________|

         ___________________________________________________________
        | Symmetry-transformation of the input                     |
        | On file:                                                 |
        |    nx, ny, nz    =    12   12   12                       |
        |    dx            =  0.8000000 (fm)                       |
        |    nwn, nwn      =      20     20                        |
        |    (n+,n-)       = (    8    0   12    0)                |
        |    (p+,p-)       = (    8    0   12    0)                |
        | This calculation:                                        |
        |    nx, ny, nz    =    12   12   24                       |
        |    dx            =  0.8000000(fm)                        |
        |    nwn, nwn      =      20     20                        |
        |    (n+,n-)       = (   20    0    0    0)                |
        |    (p+,p-)       = (   20    0    0    0)                |
        |__________________________________________________________|

------------------------------General Information ------------------------------
 Mesh parameters
   nx =    12 ny =    12 nz =    24 mv =  3456
   dx =         0.8000000000 (fm  ) 
   dv =  2.05 (fm^3) 
 Nucleus
    N =   10.00000  Z =   10.00000
 Wavefunctions
  nwt =    40
  nwn =    20
  nwp =    20
 Inverse temperature Beta =   -1.000000000
 IO information
  inputfilename  =tant.wf                         
  outputfilename =tant.wf                         
 Information obtained from file 
      - version number          :     5
      - Bogoliubov transfo read?:     T
      - Bogoliubov transfo used?:     T
      - Blocking type           :     0
      - Passed blocking test    :     T
 Checkpointiter =         0
 Filename for other output (not written if empty): 
    BXL output     =                                         
    DEN file       =                                         
    POT file       =                                         
    SPHF file      =                                         
    SPCAN file     =                                         
    TO file        =                                         
    BLOCK file     =                                         
 Convergence required
  Energy convergence           <  1.0E-11
  Multipole moment convergence <  1.0E-05
  Dispersion convergence       <  1.0E-05
  S.p. gradient convergenc     <  1.0E+00
  Fermi energy convergence     <  1.0E-03
  Angular momentum convergence <  1.0E-03
--------------------------------------------------------------------------------
 Evolution strategy: HEAVYBALL           
   maxiter =  200 printiter =    10
   Estimate (dt,mu) linear subproblem  : YES
   Estimate (dt,mu) pairing subproblem : YES
   Safety HFB-gradient                 :  0.1000
 Diagonalise the s.p. hamiltonian: YES
--------------------------------------------------------------------------------
 SCF iteration strategy: 
       Potential preconditioning
   Preconfactor=  1.0000
--------------------------------------------------------------------------------
 Pairing treatment: Hartree-Fock-Bogoliubov (HFB)                               
   Pairing strategy:Direct diagonalisation                                      
   Fermi-solver: BRENT                                                                                              
     -> Fermi tolerance:  1.000E-15
   Cutoff parameters  =      Symmetric Fermi
     dE (n,p) =  7.42 7.42 MeV 
     mu (n,p) =  0.50 0.50 MeV 
   Initialisation:
   -> started with HFB transformation from file
   Gas-treatment:  Normal
------------------------------- Multipole Moments-------------------------------
Maximum l considered =  10 (mass)   3 (magnetic) 
Quantisation Axis for the multipole moments:  Z
  With secondary axis ordering             :  X,Y
  Total permutation                        : (Z,X,Y)
Correction of spherical harmonics with COM: NOT ACTIVE
Cutoff parameters
  CutoffType =  0
  radd       =  0.40E+01
  acut       =  0.40E+00
  cutfac     =  0.10E+02
----------------------------- Cranking information -----------------------------
 Cranking frequencies:   
    Omega_X =           0.000
    Omega_Y =           0.000
    Omega_Z =           0.000
    => read from STDIN 
 Cranking target values: 
    J_X     =           0.000
    J_Y     =           0.000
    J_Z     =           0.000
 Cranking types:   0  0  0
 Cranking on the basis of SUMMED SPWF ANGULAR MOMENTUM
--------------------------------------------------------------------------------
 Parameterization name     BSkG1                         
 Functional name           BXL.FUNC            
 - - - - - - - - - - - - - - - - - - - - - - - - - - - - - - - -
 Parameters
    t0   -1882.355
    x0       0.196
    t1     344.790
    x1      -0.580
    t2      -2.432
    x2      69.985
    t3   12321.956
    x3       0.121
    t4       0.000
    t5       0.000
    x4       0.000
    x5       0.000
   wso     123.922
 sigma       0.300
  beta       0.000
 gamma       0.000
   CT0       0.000
   CT1       0.000
 CSDS0       0.000
 CSDS1       0.000
  wsoq      83.519
    Vn    -644.921
    Vp    -682.559
 alpha       0.692
sigmap       0.773
 - - - - - - - - - - - - - - - - - - - - - - - - - - - - - - - -
 Coulomb Treatment =  2
   Only Direct contribution included.
   Discretisation of laplacian:   5-point stencil.
   Protonsize  =    0.895   0.000
   Neutronsize =    0.387   0.467
   Proton form factor  = One Gaussian
   Neutron form factor = Difference of two Gaussians
   Folding included self-consistently.
   Nucleon radii corrected for HO basis size.
 - - - - - - - - - - - - - - - - - - - - - - - - - - - - - - - -
 Center-of-mass options
   One-body: self-consistent
   Two-body: perturbative
     -> Attention: only calculated every  10 iterations.
 - - - - - - - - - - - - - - - - - - - - - - - - - - - - - - - -
 Rotational & vibrational correction 
    Included.    
     -> Attention: only calculated every  10 iterations.
    Rot. Param. b = 0.930
                c = 5.000
    Vib. Param. d = 0.000
                l = 0.000
                b = 0.000
    Cutoff :     ACTIVE
      window      = 7.420 7.420 (MeV)
      mu          = 0.500 0.500 (MeV)
 - - - - - - - - - - - - - - - - - - - - - - - - - - - - - - - -
 Elementary Constants
 e^2            =  1.43996446 (sqrt(MeV fm)) 
 hbar^2/(2*mn)  = 20.73553000 (MeV fm^2)
 hbar^2/(2*mp)  = 20.73553000 (MeV fm^2)
 Numerical details 
   epsilon = ***********
 - - - - - - - - - - -
 EDF coupling constants 
  __________________________________________________________________________
                                        Particle-hole terms
  Term                                   Isospin     # #G      Value 
  __________________________________________________________________________
  E_D_I_I_D_I_I                         | 0 0     |  1  1|     -705.883213
  E_D_I_I_D_I_I                         | 1 1     |  2  2|      327.659505
  E_D_I_I_D_I_I_D_I_I                   | 0 0 0   |  3  1|      770.122263
  E_D_I_I_D_I_I_D_I_I                   | 0 1 1   |  4  2|     -318.702879
  E_D_I_I_D_Nm_Nm                       | 0 0     |  5  1|       21.337442
  E_D_I_I_D_Nm_Nm                       | 1 1     |  6  2|      -17.966203
  E_D_I_I_Lap_D_I_I                     | 0 0     |  7  1|      -59.313810
  E_D_I_I_Lap_D_I_I                     | 1 1     |  8  2|       -7.952713
  E_C_I_NmSk_C_I_NmSk                   | 0 0     |  9  1|       -0.000000
  E_C_I_NmSk_C_I_NmSk                   | 1 1     | 10  2|       -0.000000
  E_D_I_I_D_I_I_D_Nm_Nm                 | 0 0 0   | 11  1|        0.000000
  E_D_I_I_D_I_I_D_Nm_Nm                 | 0 1 1   | 12  2|       -0.000000
  E_D_I_I_D_I_I_D_Nm_Nm                 | 0 0 0   | 13  3|        0.000000
  E_D_I_I_D_I_I_D_Nm_Nm                 | 0 1 1   | 14  4|        0.000000
  E_D_I_I_Derm_D_I_I_Derm_D_I_I         | 0 0 0   | 15  1|        0.000000
  E_D_I_I_Derm_D_I_I_Derm_D_I_I         | 0 1 1   | 16  2|       -0.000000
  E_D_I_I_Derm_D_I_I_Derm_D_I_I         | 0 0 0   | 17  3|       -0.000000
  E_D_I_I_Derm_D_I_I_Derm_D_I_I         | 0 1 1   | 18  4|       -0.000000
  E_D_I_I_Derm_D_I_I_D_I_I_Derm_D_I_I   | 0 0 0 0 | 19  1|        0.000000
  E_D_I_I_Derm_D_I_I_D_I_I_Derm_D_I_I   | 0 0 1 1 | 20  2|       -0.000000
  E_D_I_I_Derm_C_I_NxmSxm               | 0 0     | 21  1|      -82.840461
  E_D_I_I_Derm_C_I_NxmSxm               | 1 1     | 22  2|      -20.879672
  __________________________________________________________________________
                                        Pairing terms
  __________________________________________________________________________
  E_DP_I_I_DP_I_I                       | n n     | 23  1|     -161.230153
  E_DP_I_I_DP_I_I                       | p p     | 24  2|     -170.639813
  E_D_I_I_DP_I_I_DP_I_I                 | 0 n n   | 25  1|      460.439940
  E_D_I_I_DP_I_I_DP_I_I                 | 0 p p   | 26  2|      487.311982
  __________________________________________________________________________
--------------------- Hartree-Fock basis-------------------------------------------------------------------
__________________________________________________________________________________________________________
   Neutron wavefunctions
  i     P   Rz   occ          E       d2h    Delta |   JxT    JyT    Jz      J   |   SxT    SyT    Sz
----------------------------------------------------------------------------------------------------------
  1   NaN  1.0  1.0000     -35.740  1.6E-08   0.00 |  -0.50   0.50   0.50   0.51 |  -0.50   0.50   0.50
  9   NaN  1.0  1.0000     -23.902  1.9E-07   0.02 |  -0.92   0.92   0.50   1.47 |  -0.43   0.43   0.36
 10   NaN  1.0  1.0000     -22.304  1.6E-08   0.07 |  -0.00  -0.00  -1.50   1.51 |   0.00   0.00  -0.50
 11   NaN  1.0  0.9789     -17.399  1.8E-07   1.70 |   0.43  -0.43   0.50   0.58 |  -0.07   0.07  -0.36
  2   NaN  1.0  0.5841     -12.065  3.5E-07   1.98 |  -1.37   1.37   0.50   2.35 |  -0.36   0.36   0.23
  3   NaN  1.0  0.3269     -11.031  8.9E-08   1.88 |  -0.00   0.00  -1.50   2.49 |  -0.00   0.00  -0.40
  4   NaN  1.0  0.0894      -9.392  1.5E-08   1.62 |   0.00  -0.00   2.50   2.51 |  -0.00   0.00   0.50
  5   NaN  1.0  0.0177      -7.027  1.1E-06   1.28 |  -0.54   0.54   0.50   0.96 |  -0.42   0.42   0.35
  6   NaN  1.0  0.0029      -3.819  8.9E-07   0.83 |   0.91  -0.91   0.50   1.47 |  -0.21   0.21  -0.08
  7   NaN  1.0  0.0001      -2.177  9.1E-08   0.16 |  -0.00   0.00  -1.50   1.53 |   0.00  -0.00   0.40
 12   NaN  1.0  0.0000      -0.562  7.0E-07   0.03 |  -1.51   1.51   0.50   2.83 |  -0.38   0.38   0.26
 13   NaN  1.0  0.0000       0.513  1.5E-05   0.01 |   0.04  -0.04  -1.50   3.15 |   0.00  -0.00  -0.35
 15   NaN  1.0  0.0000       1.419  7.3E-04   0.00 |  -0.61   0.61   0.50   2.20 |  -0.41   0.41   0.32
 17   NaN  1.0  0.0000       1.494  3.2E-04   0.00 |  -0.00  -0.00  -1.46   2.34 |   0.01  -0.01  -0.44
 18   NaN  1.0  0.0000       1.536  7.3E-04   0.01 |  -0.25   0.25   0.48   1.81 |  -0.02   0.02  -0.46
 14   NaN  1.0  0.0000       1.539  1.0E-02   0.00 |   0.06  -0.06   1.48   2.92 |   0.26  -0.26   0.45
  8   NaN  1.0  0.0000       1.667  4.1E-08   0.01 |  -0.02   0.03   0.50   2.05 |   0.00   0.01  -0.50
 19   NaN  1.0  0.0000       1.935  1.0E-02   0.00 |   0.38  -0.38   1.44   2.93 |   0.22  -0.22   0.44
 16   NaN  1.0  0.0000       3.264  1.0E-06   0.00 |  -0.00   0.00  -3.40   3.51 |  -0.00   0.00  -0.50
 20   NaN  1.0  0.0000       4.167  7.7E-02   0.00 |  -0.67   0.67   0.50   2.51 |  -0.43   0.43   0.35
__________________________________________________________________________________________________________
   Proton  wavefunctions
  i     P   Rz   occ          E       d2h    Delta |   JxT    JyT    Jz      J   |   SxT    SyT    Sz
----------------------------------------------------------------------------------------------------------
 21   NaN  1.0  1.0000     -31.140  1.6E-08   0.00 |  -0.50   0.50   0.50   0.51 |  -0.50   0.50   0.50
 29   NaN  1.0  1.0000     -19.492  1.9E-07   0.02 |  -0.92   0.92   0.50   1.47 |  -0.43   0.43   0.36
 30   NaN  1.0  1.0000     -17.871  1.6E-08   0.10 |  -0.00  -0.00  -1.50   1.51 |   0.00   0.00  -0.50
 31   NaN  1.0  0.9750     -13.047  1.8E-07   1.81 |   0.42  -0.42   0.50   0.59 |  -0.07   0.07  -0.36
 22   NaN  1.0  0.5768      -7.852  3.5E-07   2.09 |  -1.36   1.36   0.50   2.34 |  -0.37   0.37   0.23
 23   NaN  1.0  0.3286      -6.802  9.1E-08   1.99 |  -0.00   0.00  -1.50   2.49 |  -0.00   0.00  -0.40
 24   NaN  1.0  0.0953      -5.164  1.5E-08   1.71 |   0.00  -0.00   2.50   2.51 |   0.00  -0.00   0.50
 25   NaN  1.0  0.0197      -2.970  1.1E-06   1.31 |  -0.55   0.55   0.50   0.97 |  -0.42   0.42   0.35
 26   NaN  1.0  0.0045       0.120  8.9E-07   1.00 |   0.90  -0.90   0.50   1.47 |  -0.21   0.21  -0.08
 27   NaN  1.0  0.0001       1.664  1.6E-06   0.22 |  -0.01   0.01  -1.44   1.55 |   0.02  -0.02   0.39
 32   NaN  1.0  0.0000       2.622  2.3E-05   0.04 |  -1.03   1.03   0.50   2.24 |  -0.45   0.45   0.40
 39   NaN  1.0  0.0000       2.714  6.0E-05   0.00 |   0.51  -0.51   0.50   2.20 |   0.50  -0.50   0.50
 28   NaN  1.0  0.0000       3.027  3.8E-08   0.04 |  -0.01   0.02   0.51   2.10 |   0.00   0.01  -0.49
 37   NaN  1.0  0.0000       3.179  6.0E-05   0.01 |   0.01  -0.01  -1.51   2.12 |   0.00  -0.00  -0.49
 38   NaN  1.0  0.0000       3.302  6.9E-05   0.02 |   0.27  -0.27   0.51   1.63 |  -0.02   0.02  -0.46
 35   NaN  1.0  0.0000       4.162  8.9E-05   0.02 |  -1.52   1.51   0.50   3.12 |  -0.35   0.35   0.21
 33   NaN  1.0  0.0000       4.476  3.8E-06   0.01 |  -0.09   0.10  -1.49   3.42 |  -0.01   0.01  -0.34
 34   NaN  1.0  0.0000       5.545  3.6E-06   0.00 |   0.06  -0.06   2.38   3.52 |   0.01  -0.01   0.43
 36   NaN  1.0  0.0000       6.520  3.1E-05   0.00 |  -0.00   0.00  -2.88   3.68 |  -0.00   0.00  -0.50
 40   NaN  1.0  0.0000       6.885  5.7E-02   0.00 |  -0.21   0.21   0.56   3.41 |  -0.23   0.23  -0.04
----------------------------------------------------------------------------------------------------------
--------------------- Canonical    basis-------------------------------------------------------------------
__________________________________________________________________________________________________________
   Neutron wavefunctions
  i     P   Rz   occ          E       d2h    Delta |   JxT    JyT    Jz      J   |   SxT    SyT    Sz
----------------------------------------------------------------------------------------------------------
 20  1.00  1.0  2.0000     -35.740  0.0E+00   0.00 |  -0.50   0.50   0.50   0.51 |  -0.50   0.50   0.50
 19 -1.00  1.0  2.0000     -23.902  0.0E+00   0.02 |  -0.93   0.93   0.50   1.47 |  -0.43   0.43   0.35
 18 -1.00  1.0  2.0000     -22.304  0.0E+00   0.07 |  -0.00  -0.00  -1.50   1.51 |   0.00   0.00  -0.50
 17 -1.00  1.0  1.9578     -17.399  0.0E+00   1.70 |   0.43  -0.43   0.50   0.58 |  -0.07   0.07  -0.35
 16  1.00  1.0  1.1683     -12.065  0.0E+00   1.98 |  -1.37   1.37   0.50   2.35 |  -0.37   0.37   0.23
 15  1.00  1.0  0.6538     -11.031  0.0E+00   1.88 |  -0.00   0.00  -1.50   2.49 |  -0.00   0.00  -0.40
 14  1.00  1.0  0.1789      -9.392  0.0E+00   1.62 |   0.00  -0.00   2.50   2.51 |  -0.00   0.00   0.50
 13  1.00  1.0  0.0362      -6.943  0.0E+00   1.32 |  -0.40   0.40   0.50   1.05 |  -0.37   0.37   0.24
 12  1.00  1.0  0.0049      -3.903  0.0E+00   0.78 |   0.77  -0.77   0.50   1.39 |  -0.26   0.26   0.03
 11  1.00  1.0  0.0001      -2.177  0.0E+00   0.16 |  -0.00   0.00  -1.50   1.53 |   0.00  -0.00   0.40
 10 -1.00  1.0  0.0000      -0.513  0.0E+00   0.03 |  -1.67   1.67   0.50   3.04 |  -0.36   0.36   0.21
  9 -1.00  1.0  0.0000       0.560  0.0E+00   0.01 |  -0.00   0.00  -1.50   3.34 |  -0.00   0.00  -0.33
  5 -1.00  1.0  0.0000       1.457  0.0E+00   0.00 |   0.00  -0.00  -1.50   2.09 |   0.00  -0.00  -0.49
  7 -1.00  1.0  0.0000       1.573  0.0E+00   0.00 |  -0.79   0.79   0.50   2.07 |  -0.42   0.42   0.34
  4 -1.00  1.0  0.0000       1.593  0.0E+00   0.00 |   0.03  -0.03   0.51   1.55 |  -0.01   0.01  -0.49
  1 -1.00  1.0  0.0000       1.646  0.0E+00   0.00 |   0.48  -0.48   0.47   2.21 |   0.49  -0.49   0.50
  3  1.00  1.0  0.0000       1.666  0.0E+00   0.00 |  -0.02   0.03   0.50   2.05 |   0.00   0.01  -0.50
  8 -1.00  1.0  0.0000       1.820  0.0E+00   0.00 |  -0.00   0.00   2.49   3.50 |   0.00  -0.00   0.43
  6 -1.00  1.0  0.0000       3.202  0.0E+00   0.00 |   0.00  -0.00  -3.43   3.52 |  -0.00   0.00  -0.50
  2 -1.00  1.0  0.0000       3.969  0.0E+00   0.00 |  -0.62   0.62   0.50   2.55 |  -0.45   0.45   0.41
__________________________________________________________________________________________________________
   Proton  wavefunctions
  i     P   Rz   occ          E       d2h    Delta |   JxT    JyT    Jz      J   |   SxT    SyT    Sz
----------------------------------------------------------------------------------------------------------
 40  1.00  1.0  2.0000     -31.140  0.0E+00   0.00 |  -0.50   0.50   0.50   0.51 |  -0.50   0.50   0.50
 39 -1.00  1.0  2.0000     -19.492  0.0E+00   0.02 |  -0.92   0.92   0.50   1.47 |  -0.43   0.43   0.36
 38 -1.00  1.0  2.0000     -17.871  0.0E+00   0.10 |  -0.00  -0.00  -1.50   1.51 |   0.00   0.00  -0.50
 37 -1.00  1.0  1.9500     -13.047  0.0E+00   1.81 |   0.43  -0.43   0.50   0.58 |  -0.07   0.07  -0.36
 36  1.00  1.0  1.1536      -7.852  0.0E+00   2.09 |  -1.36   1.36   0.50   2.35 |  -0.37   0.37   0.23
 35  1.00  1.0  0.6573      -6.802  0.0E+00   1.99 |  -0.00   0.00  -1.50   2.49 |  -0.00   0.00  -0.40
 34  1.00  1.0  0.1906      -5.164  0.0E+00   1.71 |   0.00  -0.00   2.50   2.51 |  -0.00   0.00   0.50
 33  1.00  1.0  0.0407      -2.846  0.0E+00   1.38 |  -0.36   0.36   0.50   1.08 |  -0.36   0.36   0.21
 32  1.00  1.0  0.0076      -0.001  0.0E+00   0.93 |   0.72  -0.72   0.50   1.38 |  -0.28   0.28   0.05
 31  1.00  1.0  0.0003       1.664  0.0E+00   0.22 |  -0.00   0.00  -1.44   1.55 |   0.02  -0.02   0.40
 21 -1.00  1.0  0.0000       2.889  0.0E+00   0.00 |   0.47  -0.49   0.45   2.18 |   0.48  -0.48   0.49
 30 -1.00  1.0  0.0000       2.980  0.0E+00   0.05 |  -1.54   1.54   0.50   2.88 |  -0.38   0.38   0.25
 23  1.00  1.0  0.0000       3.023  0.0E+00   0.00 |  -0.01   0.02   0.51   2.10 |   0.00   0.00  -0.50
 25 -1.00  1.0  0.0000       3.384  0.0E+00   0.00 |  -0.07   0.07   0.30   1.94 |  -0.01   0.01  -0.49
 26 -1.00  1.0  0.0000       3.420  0.0E+00   0.00 |   0.03  -0.02  -1.52   2.35 |   0.01  -0.01  -0.48
 27 -1.00  1.0  0.0000       3.910  0.0E+00   0.00 |  -0.57   0.57   0.50   2.33 |  -0.40   0.40   0.30
 29 -1.00  1.0  0.0000       4.222  0.0E+00   0.02 |   0.03  -0.03  -1.50   3.26 |   0.00  -0.00  -0.34
 28 -1.00  1.0  0.0000       5.384  0.0E+00   0.00 |  -0.05   0.05   2.44   3.53 |   0.01  -0.01   0.43
 24 -1.00  1.0  0.0000       6.477  0.0E+00   0.00 |  -0.01   0.01  -2.68   3.63 |  -0.00   0.00  -0.50
 22 -1.00  1.0  0.0000       6.739  0.0E+00   0.00 |  -0.29   0.31   0.56   3.43 |  -0.27   0.27   0.04
----------------------------------------------------------------------------------------------------------
---------------------------------Quasiparticles---------------------------------
Block 1:  P=+1  neutrons
  N      Eqp       f_n      |   U   V  |   B  P  ov_TR |    JxT    JyT    Jz
________________________________________________________________________________
  1    -24.01      0.00E+00 |    1   0 |   -  -  0.000 |    0.00   0.00   0.50
  2    -15.89      0.00E+00 |    0  20 |   -  -  0.000 |    0.00   0.00  -0.50
  3    -14.99      0.00E+00 |    0  16 |   -  -  0.000 |    0.00   0.00   3.40
  4    -13.66      0.00E+00 |    0  19 |   -  -  0.000 |    0.00   0.00  -1.44
  5    -13.39      0.00E+00 |    0   8 |   -  -  0.000 |    0.00   0.00  -0.50
  6    -13.27      0.00E+00 |    0  14 |   -  -  0.000 |    0.00   0.00  -1.48
  7    -13.26      0.00E+00 |    0  18 |   -  -  0.000 |    0.00   0.00  -0.48
  8    -13.22      0.00E+00 |    0  17 |   -  -  0.000 |    0.00   0.00   1.46
  9    -13.15      0.00E+00 |    0  15 |   -  -  0.000 |    0.00   0.00  -0.50
 10    -12.24      0.00E+00 |    0  13 |   -  -  0.000 |    0.00   0.00   1.50
 11    -12.18      0.00E+00 |    9   0 |   -  -  0.000 |    0.00   0.00   0.50
 12    -11.16      0.00E+00 |    0  12 |   -  -  0.000 |    0.00   0.00  -0.50
 13    -10.58      0.00E+00 |   10   0 |   -  -  0.000 |    0.00   0.00  -1.50
 14     -9.55      0.00E+00 |    0   7 |   -  -  0.000 |    0.00   0.00   1.50
 15     -7.95      0.00E+00 |    0   6 |   -  -  0.000 |    0.00   0.00  -0.50
 16     -5.92      0.00E+00 |   11  11 |   -  -  0.000 |    0.00   0.00   0.48
 17     -4.87      0.00E+00 |    5   5 |   -  -  0.000 |    0.00   0.00  -0.48
 18     -2.84      0.00E+00 |    4   4 |   -  -  0.000 |    0.00   0.00  -2.05
 19     -2.01      0.00E+00 |    2   2 |   -  -  0.000 |    0.00   0.00   0.08
 20     -2.01      0.00E+00 |    3   3 |   -  -  0.000 |    0.00   0.00   0.52
 21      2.01      1.00E+00 |    3   3 |   -  -  0.000 |    0.00   0.00  -0.52
 22      2.01      1.00E+00 |    2   2 |   -  -  0.000 |    0.00   0.00  -0.08
 23      2.84      1.00E+00 |    4   4 |   -  -  0.000 |    0.00   0.00   2.05
 24      4.87      1.00E+00 |    5   5 |   -  -  0.000 |    0.00   0.00   0.48
 25      5.92      1.00E+00 |   11  11 |   -  -  0.000 |    0.00   0.00  -0.48
 26      7.95      1.00E+00 |    6   0 |   -  -  0.000 |    0.00   0.00   0.50
 27      9.55      1.00E+00 |    7   0 |   -  -  0.000 |    0.00   0.00  -1.50
 28     10.58      1.00E+00 |    0  10 |   -  -  0.000 |    0.00   0.00   1.50
 29     11.16      1.00E+00 |   12   0 |   -  -  0.000 |    0.00   0.00   0.50
 30     12.18      1.00E+00 |    0   9 |   -  -  0.000 |    0.00   0.00  -0.50
 31     12.24      1.00E+00 |   13   0 |   -  -  0.000 |    0.00   0.00  -1.50
 32     13.15      1.00E+00 |   15   0 |   -  -  0.000 |    0.00   0.00   0.50
 33     13.22      1.00E+00 |   17   0 |   -  -  0.000 |    0.00   0.00  -1.46
 34     13.26      1.00E+00 |   18   0 |   -  -  0.000 |    0.00   0.00   0.48
 35     13.27      1.00E+00 |   14   0 |   -  -  0.000 |    0.00   0.00   1.48
 36     13.39      1.00E+00 |    8   0 |   -  -  0.000 |    0.00   0.00   0.50
 37     13.66      1.00E+00 |   19   0 |   -  -  0.000 |    0.00   0.00   1.44
 38     14.99      1.00E+00 |   16   0 |   -  -  0.000 |    0.00   0.00  -3.40
 39     15.89      1.00E+00 |   20   0 |   -  -  0.000 |    0.00   0.00   0.50
 40     24.01      1.00E+00 |    0   1 |   -  -  0.000 |    0.00   0.00  -0.50

Block 5:  P=+1   protons
  N      Eqp       f_n      |   U   V  |   B  P  ov_TR |    JxT    JyT    Jz
________________________________________________________________________________
  1    -23.61      0.00E+00 |   21   0 |   -  -  0.000 |    0.00   0.00   0.50
  2    -14.41      0.00E+00 |    0  40 |   -  -  0.000 |    0.00   0.00  -0.56
  3    -14.05      0.00E+00 |    0  36 |   -  -  0.000 |    0.00   0.00   2.88
  4    -13.07      0.00E+00 |    0  34 |   -  -  0.000 |    0.00   0.00  -2.38
  5    -12.00      0.00E+00 |    0  33 |   -  -  0.000 |    0.00   0.00   1.49
  6    -11.97      0.00E+00 |   29   0 |   -  -  0.000 |    0.00   0.00   0.50
  7    -11.69      0.00E+00 |    0  35 |   -  -  0.000 |    0.00   0.00  -0.50
  8    -10.83      0.00E+00 |    0  38 |   -  -  0.000 |    0.00   0.00  -0.51
  9    -10.71      0.00E+00 |    0  37 |   -  -  0.000 |    0.00   0.00   1.51
 10    -10.55      0.00E+00 |    0  28 |   -  -  0.000 |    0.00   0.00  -0.51
 11    -10.34      0.00E+00 |   30   0 |   -  -  0.000 |    0.00   0.00  -1.50
 12    -10.24      0.00E+00 |    0  39 |   -  -  0.000 |    0.00   0.00  -0.50
 13    -10.15      0.00E+00 |    0  32 |   -  -  0.000 |    0.00   0.00  -0.50
 14     -9.19      0.00E+00 |    0  27 |   -  -  0.000 |    0.00   0.00   1.44
 15     -7.72      0.00E+00 |    0  26 |   -  -  0.000 |    0.00   0.00  -0.50
 16     -5.81      0.00E+00 |   31  31 |   -  -  0.000 |    0.00   0.00   0.47
 17     -4.75      0.00E+00 |   25  25 |   -  -  0.000 |    0.00   0.00  -0.48
 18     -2.92      0.00E+00 |   24  24 |   -  -  0.000 |    0.00   0.00  -2.02
 19     -2.12      0.00E+00 |   23  23 |   -  -  0.000 |    0.00   0.00   0.51
 20     -2.11      0.00E+00 |   22  22 |   -  -  0.000 |    0.00   0.00   0.08
 21      2.11      1.00E+00 |   22  22 |   -  -  0.000 |    0.00   0.00  -0.08
 22      2.12      1.00E+00 |   23  23 |   -  -  0.000 |    0.00   0.00  -0.51
 23      2.92      1.00E+00 |   24  24 |   -  -  0.000 |    0.00   0.00   2.02
 24      4.75      1.00E+00 |   25  25 |   -  -  0.000 |    0.00   0.00   0.48
 25      5.81      1.00E+00 |   31  31 |   -  -  0.000 |    0.00   0.00  -0.47
 26      7.72      1.00E+00 |   26   0 |   -  -  0.000 |    0.00   0.00   0.50
 27      9.19      1.00E+00 |   27   0 |   -  -  0.000 |    0.00   0.00  -1.44
 28     10.15      1.00E+00 |   32   0 |   -  -  0.000 |    0.00   0.00   0.50
 29     10.24      1.00E+00 |   39   0 |   -  -  0.000 |    0.00   0.00   0.50
 30     10.34      1.00E+00 |    0  30 |   -  -  0.000 |    0.00   0.00   1.50
 31     10.55      1.00E+00 |   28   0 |   -  -  0.000 |    0.00   0.00   0.51
 32     10.71      1.00E+00 |   37   0 |   -  -  0.000 |    0.00   0.00  -1.51
 33     10.83      1.00E+00 |   38   0 |   -  -  0.000 |    0.00   0.00   0.51
 34     11.69      1.00E+00 |   35   0 |   -  -  0.000 |    0.00   0.00   0.50
 35     11.97      1.00E+00 |    0  29 |   -  -  0.000 |    0.00   0.00  -0.50
 36     12.00      1.00E+00 |   33   0 |   -  -  0.000 |    0.00   0.00  -1.49
 37     13.07      1.00E+00 |   34   0 |   -  -  0.000 |    0.00   0.00   2.38
 38     14.05      1.00E+00 |   36   0 |   -  -  0.000 |    0.00   0.00  -2.88
 39     14.41      1.00E+00 |   40   0 |   -  -  0.000 |    0.00   0.00   0.56
 40     23.61      1.00E+00 |    0  21 |   -  -  0.000 |    0.00   0.00  -0.50

--------------------------------------------------------------------------------
------------------------ Electric Multipole Moments -------------------------
Quantisation Axis             : Z
  With secondary axis ordering: X,Y
  Calculated wrt to COM = (   0.000   0.000   0.000)
______________________________________________________________________________
                   Neutrons        Protons          Charge         Total
______________________________________________________________________________
 Particles           10.0000         10.0000         10.0000         20.0000

Re  Q_{ 1 0}          0.0000         -0.0000         -0.0000          0.0000
Constrained                                                           0.0000
Re De_{ 1 0}                                                   0.3608924E-15
Re La_{ 1 0}                                                          0.0000

Re  Q_{ 2 0}          6.2666          6.4167          6.4167         12.6834
Re  Q_{ 2 2}          0.0001          0.0001          0.0001          0.0001

Re  Q_{ 3 0}          0.0000          0.0000         -0.0000          0.0000
Constrained                                                          50.0000
Re De_{ 3 0}                                                   0.5000000E+02
Re La_{ 3 0}                                                          0.0000
Re  Q_{ 3 2}         -0.0000         -0.0000         -0.0000         -0.0000

Re  Q_{ 4 0}         18.0902         18.5537         18.9144         36.6439
Re  Q_{ 4 2}          0.0003         -0.0003         -0.0003         -0.0000
Re  Q_{ 4 4}          0.0019         -0.0691          0.1511         -0.0673

Re  Q_{ 5 0}          0.0000          0.0000          0.0000          0.0000
Re  Q_{ 5 2}          0.0000         -0.0000          0.0000          0.0000
Re  Q_{ 5 4}          0.0000          0.0000          0.0000          0.0000

Re  Q_{ 6 0}         42.1093         36.5505         43.0721         78.6598
Re  Q_{ 6 2}          0.0014          0.0032          0.0032          0.0045
Re  Q_{ 6 4}          1.0869          3.4259          5.0584          4.5128
Re  Q_{ 6 6}          0.0005          0.0054          0.0053          0.0059

Re  Q_{ 7 0}          0.0000         -0.0000         -0.0000         -0.0000
Re  Q_{ 7 2}         -0.0000         -0.0000         -0.0000         -0.0000
Re  Q_{ 7 4}          0.0000          0.0000          0.0000          0.0000
Re  Q_{ 7 6}         -0.0000         -0.0000         -0.0000         -0.0000

Re  Q_{ 8 0}        -39.0946        110.5660        277.5548         71.4714
Re  Q_{ 8 2}          0.3480          3.7037          3.4461          4.0516
Re  Q_{ 8 4}          0.1535        219.1745        253.6570        219.3280
Re  Q_{ 8 6}          0.1450          1.6139          1.5491          1.7589
Re  Q_{ 8 8}         -1.0956        456.6636        427.6844        455.5680

Re  Q_{ 9 0}         -0.0000         -0.0000         -0.0000         -0.0000
Re  Q_{ 9 2}          0.0000          0.0000          0.0000          0.0000
Re  Q_{ 9 4}         -0.0000         -0.0000         -0.0000         -0.0000
Re  Q_{ 9 6}         -0.0000         -0.0000         -0.0000         -0.0000
Re  Q_{ 9 8}         -0.0000         -0.0000         -0.0000         -0.0000

Re  Q_{10 0}       3287.0872      13462.0757      12530.0960      16749.1629
Re  Q_{10 2}         -2.0090        -29.5268        -28.8642        -31.5359
Re  Q_{10 4}      -1523.4004      -9861.0081      -6174.3036     -11384.4085
Re  Q_{10 6}          5.5728         77.6936         75.8992         83.2665
Re  Q_{10 8}      -1054.9353      13325.9963      14074.3594      12271.0610
Re  Q_{1010}         -2.8429        -32.2179        -30.7645        -35.0608

 RMS radius           2.8138          2.8447          2.9120          2.8293
 Fourth mom.          3.1151          3.1590          3.2424          3.1373
______________________________________________________________________________
                   Neutrons        Protons          Charge         Total
______________________________________________________________________________


Beta_{ 2 0}       0.12370170      0.12666536      0.12666346      0.25036705
Beta_{ 2 2}       0.00000109      0.00000102      0.00000102      0.00000211

Beta_{ 3 0}       0.00000000      0.00000000     -0.00000000      0.00000000
Beta_{ 3 2}      -0.00000000     -0.00000000     -0.00000000     -0.00000000

Beta_{ 4 0}       0.03365663      0.03451895      0.03519010      0.06817559
Beta_{ 4 2}       0.00000051     -0.00000058     -0.00000051     -0.00000007
Beta_{ 4 4}       0.00000345     -0.00012860      0.00028104     -0.00012515

Beta_{ 5 0}       0.00000000      0.00000000      0.00000000      0.00000000
Beta_{ 5 2}       0.00000000     -0.00000000      0.00000000      0.00000000
Beta_{ 5 4}       0.00000000      0.00000000      0.00000000      0.00000000

Beta_{ 6 0}       0.00738395      0.00640921      0.00755279      0.01379316
Beta_{ 6 2}       0.00000024      0.00000055      0.00000057      0.00000079
Beta_{ 6 4}       0.00019059      0.00060074      0.00088700      0.00079132
Beta_{ 6 6}       0.00000009      0.00000094      0.00000092      0.00000103

Beta_{ 7 0}       0.00000000     -0.00000000     -0.00000000     -0.00000000
Beta_{ 7 2}      -0.00000000     -0.00000000     -0.00000000     -0.00000000
Beta_{ 7 4}       0.00000000      0.00000000      0.00000000      0.00000000
Beta_{ 7 6}      -0.00000000     -0.00000000     -0.00000000     -0.00000000

Beta_{ 8 0}      -0.00064612      0.00182733      0.00458716      0.00118121
Beta_{ 8 2}       0.00000575      0.00006121      0.00005695      0.00006696
Beta_{ 8 4}       0.00000254      0.00362231      0.00419220      0.00362484
Beta_{ 8 6}       0.00000240      0.00002667      0.00002560      0.00002907
Beta_{ 8 8}      -0.00001811      0.00754730      0.00706836      0.00752920

Beta_{ 9 0}      -0.00000000     -0.00000000     -0.00000000     -0.00000000
Beta_{ 9 2}       0.00000000      0.00000000      0.00000000      0.00000000
Beta_{ 9 4}      -0.00000000     -0.00000000     -0.00000000     -0.00000000
Beta_{ 9 6}      -0.00000000     -0.00000000     -0.00000000     -0.00000000
Beta_{ 9 8}      -0.00000000     -0.00000000     -0.00000000     -0.00000000

Beta_{10 0}       0.00512024      0.02096967      0.01951794      0.02608991
Beta_{10 2}      -0.00000313     -0.00004599     -0.00004496     -0.00004912
Beta_{10 4}      -0.00237298     -0.01536034     -0.00961762     -0.01773332
Beta_{10 6}       0.00000868      0.00012102      0.00011823      0.00012970
Beta_{10 8}      -0.00164326      0.02075770      0.02192341      0.01911444
Beta_{1010}      -0.00000443     -0.00005019     -0.00004792     -0.00005461


______________________________________________________________________________
                   Neutrons        Protons          Charge         Total
______________________________________________________________________________
Q_{ 1}                0.0000          0.0000          0.0000          0.0000
Q_{ 2}                6.2666          6.4167          6.4167         12.6834
Q_{ 3}                0.0000          0.0000          0.0000          0.0000
Q_{ 4}               18.0902         18.5540         18.9156         36.6440
Q_{ 5}                0.0000          0.0000          0.0000          0.0000
Q_{ 6}               42.1373         36.8702         43.6621         78.9183
Q_{ 7}                0.0000          0.0000          0.0000          0.0000
Q_{ 8}               39.1295        724.8556        756.0270        718.6384
Q_{ 9}                0.0000          0.0000          0.0000          0.0000
Q_{10}             4203.8438      27034.9161      25088.5954      28998.6234
______________________________________________________________________________
                   Neutrons        Protons          Charge         Total
______________________________________________________________________________
Beta_{   1}       0.00000000      0.00000000      0.00000000      0.00000000
Beta_{   2}       0.12370170      0.12666536      0.12666346      0.25036705
Beta_{   3}       0.00000000      0.00000000      0.00000000      0.00000000
Beta_{   4}       0.03365663      0.03451943      0.03519235      0.06817582
Beta_{   5}       0.00000000      0.00000000      0.00000000      0.00000000
Beta_{   6}       0.00738887      0.00646527      0.00765625      0.01383849
Beta_{   7}       0.00000000      0.00000000      0.00000000      0.00000000
Beta_{   8}       0.00064670      0.01197972      0.01249490      0.01187697
Beta_{   9}       0.00000000      0.00000000      0.00000000      0.00000000
Beta_{  10}       0.00654826      0.04211187      0.03908012      0.04517071
______________________________________________________________________________
 Cart. Moments X              Y              Z
 Cart. N       -9.9344412     -9.9348688     19.8693100
 Cart. P      -10.1724701    -10.1728716     20.3453417
 Cart. T      -20.1069114    -20.1077403     40.2146517
 (Q, gamma)    Q              Gamma
 (Q,g) N       19.8693100      0.0007118
 (Q,g) P       20.3453417      0.0006527
 (Q,g) T       40.2146517      0.0006819
 (iq1, iq2)    iq1            iq2
 iq    N       19.8691675      0.0002850
 iq    P       20.3452079      0.0002676
 iq    T       40.2143754      0.0005526
               X^2            Y^2            Z^2
 X^2_i N       23.0799795     23.0798370     33.0145632
 X^2_i P       23.5843388     23.5842050     33.7569428
 X^2_i T       46.6643183     46.6640420     66.7715060
----------------------------------------------------------------------------
----------------------- Box Size Check -------------------------
 Xmax = (nx+0.5)dx =  9.200 fm,  max(rho(X=Xmax)) =    1.671E-07
 Ymax = (ny+0.5)dx =  9.200 fm,  max(rho(Y=Ymax)) =    1.672E-07
 Zmax = (nz+0.5)dx =  9.200 fm,  max(rho(Z=Zmax)) =    4.235E-07
 Zmin =-(nz+0.5)dx = -9.200fm,  max(rho(Z=Zmin)) =    4.235E-07
---------------------Rotational properties--------------------
                Rigid rotor          (hbar^2/MeV)
              n              p              t 
 I_R X       1.3526163      1.3826794      2.7352956
 I_R Y       1.3526197      1.3826826      2.7353023
 I_R Z       1.1130615      1.1373852      2.2504467

                Belyaev                 (hbar^2/MeV) 
              n              p              t 
 I_B X       0.2722841      0.2521408      0.5244249
 I_B Y       0.2722699      0.2521281      0.5243981
 I_B Z       0.0000087      0.0000077      0.0000164

                Belyaev (collective)    (hbar^2/MeV) 
              n              p              t 
 I_B X       0.2722841      0.2521408      0.5244249
 I_B Y       0.2722699      0.2521281      0.5243981
 I_B Z       0.0000087      0.0000077      0.0000164

                 <J^2> - <J>^2          (hbar^2)
              n              p              t 
 J2_X        0.6881056      0.6670735      1.3551791
 J2_Y        0.6880732      0.6670423      1.3551155
 J2_Z        0.0000534      0.0000463      0.0000997
 J2_t        1.3762323      1.3341620      2.7103943

                 <J^2> - <J>^2 (coll.)  (hbar^2)
              n              p              t 
 J2_X        0.6881056      0.6670735      1.3551791
 J2_Y        0.6880732      0.6670423      1.3551155
 J2_Z        0.0000534      0.0000463      0.0000997
 J2_t        1.3762323      1.3341620      2.7103943
------------------------- Angular Momentum (hbar) --------------------------

               Spwfs(*)    Desired     Omega       E (MeV)      Densit. 
  __________________________________________________________________________
   J_x   |     0.00000     0.00000     0.00000     0.00000     0.00000
   J_y   |     0.00000     0.00000     0.00000     0.00000     0.00000
   J_z   |     0.00000     0.00000     0.00000     0.00000     0.00000
  __________________________________________________________________________
   Size  |     0.00000     0.00000     0.00000                 0.00000
  --------------------------------------------------------------------------
-------------------------- Pairing -------------------------
                          N         P 
 Fermi Level (MeV)    -11.72652733    -7.52724158
 Particles             10.00000000    10.00000000
 Dispersion             2.34067979     2.39579330
 Average gap   v^2      0.74040407     0.78839845
 Average gap   uv       1.75353335     1.83665230
------------------------------------------------------------
--------------------------------------------------------------------------------
 Skyrme Energy                Isospin  1 2 3 4                   Energy [MeV]
--------------------------------------------------------------------------------
E_D_I_I_D_I_I                          0 0                      -1321.502387
E_D_I_I_D_I_I                          1 1                          0.047986
E_D_I_I_D_I_I_D_I_I                    0 0 0                      753.956733
E_D_I_I_D_I_I_D_I_I                    0 1 1                       -0.024711
E_D_I_I_D_Nm_Nm                        0 0                         28.983158
E_D_I_I_D_Nm_Nm                        1 1                         -0.002868
E_D_I_I_Lap_D_I_I                      0 0                         58.491099
E_D_I_I_Lap_D_I_I                      1 1                          0.001390
E_C_I_NmSk_C_I_NmSk                    0 0                         -0.000000
E_C_I_NmSk_C_I_NmSk                    1 1                         -0.000000
E_D_I_I_D_I_I_D_Nm_Nm                  0 0 0                        0.000000
E_D_I_I_D_I_I_D_Nm_Nm                  0 1 1                       -0.000000
E_D_I_I_D_I_I_D_Nm_Nm                  0 0 0                        0.000000
E_D_I_I_D_I_I_D_Nm_Nm                  0 1 1                        0.000000
E_D_I_I_Derm_D_I_I_Derm_D_I_I          0 0 0                        0.000000
E_D_I_I_Derm_D_I_I_Derm_D_I_I          0 1 1                       -0.000000
E_D_I_I_Derm_D_I_I_Derm_D_I_I          0 0 0                       -0.000000
E_D_I_I_Derm_D_I_I_Derm_D_I_I          0 1 1                       -0.000000
E_D_I_I_Derm_D_I_I_D_I_I_Derm_D_I_I    0 0 0 0                      0.000000
E_D_I_I_Derm_D_I_I_D_I_I_Derm_D_I_I    0 0 1 1                     -0.000000
E_D_I_I_Derm_C_I_NxmSxm                0 0                        -12.397859
E_D_I_I_Derm_C_I_NxmSxm                1 1                         -0.000435
E_DP_I_I_DP_I_I                        n n                         -4.819276
E_DP_I_I_DP_I_I                        p p                         -5.152100
E_D_I_I_DP_I_I_DP_I_I                  0 n n                        2.033602
E_D_I_I_DP_I_I_DP_I_I                  0 p p                        2.144952
--------------------------------------------------------------------------------
                 Total Skyrme:                                   -498.240716
--------------------------------------------------------------------------------
                    time-even:                                   -498.240716
                    time-odd :                                      0.000000
                    bilinear :                                  -1256.351292
                    trilinear:                                      0.000000
                 quadrilinear:                                      0.000000
            density-dependent:                                    758.110576
--------------------------------------------------------------------------------
--------------------------------------------------------------------------------
                                     neutron        proton         total
                Kinetic Energy:     166.289895     163.101900     329.391795
                    COM 1-body:      -8.314495      -8.155095     -16.469590
                    COM 2-body:       3.337402       3.291807       6.629209
                            ph:       3.316932       3.266209       6.583141
                            pp:       0.020470       0.025598       0.046068
                 Collective T:                                     -2.401375

                 Rotational  T:                                    -2.401375
                 Rotational  X:                                    -1.200515
                 Rotational  Y:                                    -1.200520
                 Rotational  Z:                                    -0.000340

                 Vibrational T:                                     0.000000
                 Vibrational X:                                    -0.000000
                 Vibrational Y:                                    -0.000000
                 Vibrational Z:                                    -0.000000


                Coulomb Direct:       0.000000      23.752409      23.752409
                      Exchange:       0.000000       0.000000       0.000000

               Pairing (delta):      -2.785642      -3.007116      -5.792758
               Pairing (densi):                                    -5.792822
--------------------------------------------------------------------------------
                  Total energy:                                  -157.338268
                    from spwfs:                                  -157.338234
                   E_fu - E_sp:                                -0.336381E-04
                   (no corr.) :                                  -161.566102
                      Routhian:                                  -157.338268
                         dE   :                                -0.157338E+03
                         dR   :                                -0.157338E+03
--------------------------------------------------------------------------------
------------------------------------
 Constraint on Q_{  1 0 has no 
                intensity parameter.
 Estimated  : 6.15310E-02
 Scaling    : 1.00000E+00
 Final value: 6.15310E-02
------------------------------------
------------------------------------
 Constraint on Q_{  3 0 has no 
                intensity parameter.
 Estimated  : 2.36933E-04
 Scaling    : 1.00000E+00
 Final value: 2.36933E-04
------------------------------------
--------------------------------------------------------------------------------------
 Iteration =    1
 dt    =   0.0136      mu   =   0.0000 gradn =    0.000E+00 D2H  =    1.197E+00
 E     =   -154.650    DE   =  0.17384E-01
 R     =   -154.707    DR   =  0.17006E-01
 R-E   =     -0.057  D(R-E) = -0.37088E-03
 dmun  =  6.6E-02      dmup=  8.0E-02
 RQ10t =       0.5304   dQ =  5.3E-01  L =      -0.0653   dL = -6.5E-02  dev =  5.3E-01
 RQ20t =      13.3975   dQ =  7.1E-01  L =       0.0000   dL =  0.0E+00  dev =  0.0E+00
 RQ22t =       0.0001   dQ = -1.0E-07  L =       0.0000   dL =  0.0E+00  dev =  0.0E+00
 RQ30t =      42.5408   dQ =  4.3E+01  L =       0.0035   dL =  3.5E-03  dev =  7.5E+00
 Jz    =       0.0000   dJZ=  0.0E+00 Om =       0.0000   dO =  0.0E+00  dev =  0.0E+00
--------------------------------------------------------------------------------------
 Iteration =    2
 dt    =   0.0247      mu   =   0.8264 gradn =    0.000E+00 D2H  =    2.465E+00
 E     =   -154.594    DE   =  0.36445E-03
 R     =   -154.719    DR   = -0.76608E-04
 R-E   =     -0.126  D(R-E) = -0.44112E-03
 dmun  =  3.5E-01      dmup=  3.6E-01
 RQ10t =       0.3077   dQ = -2.2E-01  L =      -0.1031   dL = -3.8E-02  dev =  3.1E-01
 RQ20t =      13.0452   dQ = -3.5E-01  L =       0.0000   dL =  0.0E+00  dev =  0.0E+00
 RQ22t =       0.0001   dQ = -5.8E-06  L =       0.0000   dL =  0.0E+00  dev =  0.0E+00
 RQ30t =      43.6737   dQ =  1.1E+00  L =       0.0065   dL =  3.0E-03  dev =  6.3E+00
 Jz    =       0.0000   dJZ=  0.0E+00 Om =       0.0000   dO =  0.0E+00  dev =  0.0E+00
--------------------------------------------------------------------------------------
 Iteration =    3
 dt    =   0.0247      mu   =   0.8272 gradn =    0.000E+00 D2H  =    1.947E+00
 E     =   -155.033    DE   = -0.28350E-02
 R     =   -155.233    DR   = -0.33120E-02
 R-E   =     -0.200  D(R-E) = -0.48125E-03
 dmun  = -3.5E-02      dmup= -4.0E-02
 RQ10t =       0.1928   dQ = -1.1E-01  L =      -0.1269   dL = -2.4E-02  dev =  1.9E-01
 RQ20t =      13.0940   dQ =  4.9E-02  L =       0.0000   dL =  0.0E+00  dev =  0.0E+00
 RQ22t =       0.0001   dQ =  1.9E-06  L =       0.0000   dL =  0.0E+00  dev =  0.0E+00
 RQ30t =      42.4121   dQ = -1.3E+00  L =       0.0101   dL =  3.6E-03  dev =  7.6E+00
 Jz    =       0.0000   dJZ=  0.0E+00 Om =       0.0000   dO =  0.0E+00  dev =  0.0E+00
--------------------------------------------------------------------------------------
 Iteration =    4
 dt    =   0.0247      mu   =   0.8263 gradn =    0.000E+00 D2H  =    1.284E+00
 E     =   -155.467    DE   = -0.27891E-02
 R     =   -155.748    DR   = -0.33035E-02
 R-E   =     -0.281  D(R-E) = -0.52040E-03
 dmun  = -5.6E-02      dmup= -5.8E-02
 RQ10t =       0.1446   dQ = -4.8E-02  L =      -0.1447   dL = -1.8E-02  dev =  1.4E-01
 RQ20t =      13.2501   dQ =  1.6E-01  L =       0.0000   dL =  0.0E+00  dev =  0.0E+00
 RQ22t =       0.0001   dQ = -3.1E-07  L =       0.0000   dL =  0.0E+00  dev =  0.0E+00
 RQ30t =      40.7016   dQ = -1.7E+00  L =       0.0145   dL =  4.4E-03  dev =  9.3E+00
 Jz    =       0.0000   dJZ=  0.0E+00 Om =       0.0000   dO =  0.0E+00  dev =  0.0E+00
--------------------------------------------------------------------------------------
 Iteration =    5
 dt    =   0.0247      mu   =   0.8264 gradn =    0.000E+00 D2H  =    7.619E-01
 E     =   -155.726    DE   = -0.16625E-02
 R     =   -156.093    DR   = -0.22092E-02
 R-E   =     -0.367  D(R-E) = -0.55187E-03
 dmun  = -5.7E-02      dmup= -5.8E-02
 RQ10t =       0.1381   dQ = -6.5E-03  L =      -0.1617   dL = -1.7E-02  dev =  1.4E-01
 RQ20t =      13.5169   dQ =  2.7E-01  L =       0.0000   dL =  0.0E+00  dev =  0.0E+00
 RQ22t =       0.0001   dQ = -9.6E-07  L =       0.0000   dL =  0.0E+00  dev =  0.0E+00
 RQ30t =      39.5938   dQ = -1.1E+00  L =       0.0195   dL =  4.9E-03  dev =  1.0E+01
 Jz    =       0.0000   dJZ=  0.0E+00 Om =       0.0000   dO =  0.0E+00  dev =  0.0E+00
--------------------------------------------------------------------------------------
 Iteration =    6
 dt    =   0.0247      mu   =   0.8266 gradn =    0.000E+00 D2H  =    4.357E-01
 E     =   -155.830    DE   = -0.67114E-03
 R     =   -156.287    DR   = -0.12433E-02
 R-E   =     -0.457  D(R-E) = -0.57583E-03
 dmun  = -5.0E-02      dmup= -5.5E-02
 RQ10t =       0.1447   dQ =  6.5E-03  L =      -0.1795   dL = -1.8E-02  dev =  1.4E-01
 RQ20t =      13.8391   dQ =  3.2E-01  L =       0.0000   dL =  0.0E+00  dev =  0.0E+00
 RQ22t =       0.0001   dQ = -1.2E-06  L =       0.0000   dL =  0.0E+00  dev =  0.0E+00
 RQ30t =      38.9912   dQ = -6.0E-01  L =       0.0247   dL =  5.2E-03  dev =  1.1E+01
 Jz    =       0.0000   dJZ=  0.0E+00 Om =       0.0000   dO =  0.0E+00  dev =  0.0E+00
--------------------------------------------------------------------------------------
 Iteration =    7
 dt    =   0.0247      mu   =   0.8270 gradn =    0.000E+00 D2H  =    2.608E-01
 E     =   -155.831    DE   = -0.53593E-05
 R     =   -156.381    DR   = -0.60034E-03
 R-E   =     -0.550  D(R-E) = -0.59710E-03
 dmun  = -4.0E-02      dmup= -4.7E-02
 RQ10t =       0.1527   dQ =  8.0E-03  L =      -0.1982   dL = -1.9E-02  dev =  1.5E-01
 RQ20t =      14.1817   dQ =  3.4E-01  L =       0.0000   dL =  0.0E+00  dev =  0.0E+00
 RQ22t =       0.0001   dQ = -1.3E-06  L =       0.0000   dL =  0.0E+00  dev =  0.0E+00
 RQ30t =      38.8832   dQ = -1.1E-01  L =       0.0300   dL =  5.3E-03  dev =  1.1E+01
 Jz    =       0.0000   dJZ=  0.0E+00 Om =       0.0000   dO =  0.0E+00  dev =  0.0E+00
--------------------------------------------------------------------------------------
 Iteration =    8
 dt    =   0.0247      mu   =   0.8275 gradn =    0.000E+00 D2H  =    1.871E-01
 E     =   -155.789    DE   =  0.26854E-03
 R     =   -156.434    DR   = -0.34208E-03
 R-E   =     -0.645  D(R-E) = -0.61204E-03
 dmun  = -3.2E-02      dmup= -4.1E-02
 RQ10t =       0.1547   dQ =  2.0E-03  L =      -0.2173   dL = -1.9E-02  dev =  1.5E-01
 RQ20t =      14.5149   dQ =  3.3E-01  L =       0.0000   dL =  0.0E+00  dev =  0.0E+00
 RQ22t =       0.0001   dQ = -1.3E-06  L =       0.0000   dL =  0.0E+00  dev =  0.0E+00
 RQ30t =      39.0991   dQ =  2.2E-01  L =       0.0351   dL =  5.2E-03  dev =  1.1E+01
 Jz    =       0.0000   dJZ=  0.0E+00 Om =       0.0000   dO =  0.0E+00  dev =  0.0E+00
--------------------------------------------------------------------------------------
 Iteration =    9
 dt    =   0.0247      mu   =   0.8278 gradn =    0.000E+00 D2H  =    1.642E-01
 E     =   -155.744    DE   =  0.29083E-03
 R     =   -156.487    DR   = -0.33502E-03
 R-E   =     -0.743  D(R-E) = -0.62744E-03
 dmun  = -2.7E-02      dmup= -3.6E-02
 RQ10t =       0.1510   dQ = -3.7E-03  L =      -0.2359   dL = -1.9E-02  dev =  1.5E-01
 RQ20t =      14.8276   dQ =  3.1E-01  L =       0.0000   dL =  0.0E+00  dev =  0.0E+00
 RQ22t =       0.0001   dQ = -1.2E-06  L =       0.0000   dL =  0.0E+00  dev =  0.0E+00
 RQ30t =      39.6100   dQ =  5.1E-01  L =       0.0400   dL =  4.9E-03  dev =  1.0E+01
 Jz    =       0.0000   dJZ=  0.0E+00 Om =       0.0000   dO =  0.0E+00  dev =  0.0E+00
--------------------------------------------------------------------------------------
--------------------------------------------------------------------------------------
                              Iteration =    10

--------------------- Hartree-Fock basis-------------------------------------------------------------------
__________________________________________________________________________________________________________
   Neutron wavefunctions
  i     P   Rz   occ          E       d2h    Delta |   JxT    JyT    Jz      J   |   SxT    SyT    Sz
----------------------------------------------------------------------------------------------------------
  1  1.00  1.0  1.0000     -35.598  4.9E-02   0.00 |  -0.50   0.50   0.50   0.51 |  -0.50   0.50   0.50
  9 -0.99  1.0  1.0000     -23.848  2.4E-01   0.02 |  -0.92   0.92   0.50   1.48 |  -0.43   0.43   0.36
 10 -0.99  1.0  1.0000     -22.193  1.1E-01   0.07 |  -0.00  -0.00  -1.50   1.51 |   0.00   0.00  -0.50
 11 -0.97  1.0  0.9811     -17.440  1.8E-01   1.64 |   0.40  -0.40   0.50   0.64 |  -0.07   0.07  -0.35
  2  0.92  1.0  0.5926     -11.994  1.1E+00   1.91 |  -1.30   1.30   0.50   2.34 |  -0.38   0.38   0.25
  3  0.97  1.0  0.3203     -10.933  5.2E-01   1.82 |  -0.00   0.00  -1.50   2.49 |  -0.00   0.00  -0.39
  4  0.96  1.0  0.0863      -9.331  2.6E-01   1.56 |   0.00  -0.00   2.50   2.53 |  -0.00   0.00   0.50
  5  0.90  1.0  0.0171      -7.080  1.2E+00   1.22 |  -0.59   0.59   0.50   1.24 |  -0.42   0.42   0.33
  6  0.89  1.0  0.0026      -3.842  1.5E+00   0.78 |   0.81  -0.81   0.50   1.53 |  -0.22   0.22  -0.07
  7  0.89  1.0  0.0001      -2.300  8.9E-01   0.18 |  -0.00   0.00  -1.50   1.65 |   0.00  -0.00   0.39
 12 -0.33  1.0  0.0000      -0.655  1.2E+01   0.03 |  -1.01   1.01   0.50   2.96 |  -0.44   0.44   0.38
 13 -0.85  1.0  0.0000       0.763  3.0E+00   0.01 |   0.04  -0.04  -1.50   3.15 |   0.00  -0.00  -0.38
 15 -0.78  1.0  0.0000       0.776  5.5E+00   0.01 |  -0.98   0.98   0.50   2.91 |  -0.34   0.34   0.18
 17 -0.78  1.0  0.0000       1.221  2.7E+00   0.01 |   0.01  -0.01  -1.45   2.54 |   0.01  -0.01  -0.42
 18 -0.74  1.0  0.0000       1.240  3.9E+00   0.01 |  -0.23   0.23   0.47   1.96 |  -0.02   0.03  -0.45
 14 -0.87  1.0  0.0000       1.528  1.6E+00   0.01 |   0.07  -0.07   1.51   2.94 |   0.27  -0.27   0.45
  8  0.90  1.0  0.0000       1.840  4.9E+00   0.01 |  -0.01   0.02   0.51   2.34 |   0.00   0.01  -0.49
 19 -0.92  1.0  0.0000       2.032  1.1E+00   0.00 |   0.36  -0.36   1.38   2.90 |   0.21  -0.21   0.44
 16 -0.82  1.0  0.0000       3.286  1.4E+00   0.00 |  -0.00   0.00  -3.41   3.61 |  -0.00   0.00  -0.50
 20 -0.80  1.0  0.0000       3.841  5.6E+00   0.00 |  -0.69   0.69   0.50   2.53 |  -0.42   0.42   0.33
__________________________________________________________________________________________________________
   Proton  wavefunctions
  i     P   Rz   occ          E       d2h    Delta |   JxT    JyT    Jz      J   |   SxT    SyT    Sz
----------------------------------------------------------------------------------------------------------
 21  1.00  1.0  1.0000     -31.062  4.8E-02   0.00 |  -0.50   0.50   0.50   0.51 |  -0.50   0.50   0.50
 29 -0.99  1.0  1.0000     -19.502  2.6E-01   0.02 |  -0.92   0.92   0.50   1.48 |  -0.43   0.43   0.36
 30 -0.99  1.0  1.0000     -17.816  1.1E-01   0.09 |  -0.00  -0.00  -1.50   1.51 |   0.00   0.00  -0.50
 31 -0.97  1.0  0.9784     -13.143  1.9E-01   1.73 |   0.40  -0.40   0.50   0.64 |  -0.07   0.07  -0.36
 22  0.91  1.0  0.5856      -7.801  1.4E+00   1.96 |  -1.29   1.29   0.50   2.34 |  -0.38   0.38   0.26
 23  0.97  1.0  0.3240      -6.748  5.8E-01   1.89 |  -0.00   0.00  -1.50   2.49 |  -0.00   0.00  -0.40
 24  0.96  1.0  0.0907      -5.146  3.0E-01   1.62 |   0.00  -0.00   2.50   2.53 |   0.00  -0.00   0.50
 25  0.87  1.0  0.0176      -3.026  1.5E+00   1.20 |  -0.59   0.59   0.50   1.33 |  -0.41   0.41   0.33
 26  0.85  1.0  0.0035       0.060  2.3E+00   0.87 |   0.78  -0.78   0.50   1.59 |  -0.22   0.22  -0.06
 27  0.86  1.0  0.0002       1.530  1.3E+00   0.22 |  -0.00   0.00  -1.44   1.71 |   0.03  -0.03   0.38
 32 -0.27  1.0  0.0001       1.710  1.3E+01   0.09 |  -0.80   0.80   0.50   2.86 |  -0.45   0.45   0.40
 39 -0.97  1.0  0.0000       2.691  6.1E-01   0.01 |   0.51  -0.51   0.51   2.24 |   0.50  -0.50   0.50
 37 -0.74  1.0  0.0000       2.938  4.1E+00   0.03 |   0.01  -0.01  -1.49   2.26 |   0.00  -0.00  -0.49
 28  0.91  1.0  0.0000       2.957  3.7E+00   0.05 |  -0.05   0.06   0.50   2.25 |  -0.00   0.01  -0.49
 38 -0.73  1.0  0.0000       3.230  5.6E+00   0.02 |   0.27  -0.27   0.50   1.94 |  -0.03   0.03  -0.44
 35 -0.80  1.0  0.0000       4.129  3.5E+00   0.02 |  -1.51   1.50   0.50   3.10 |  -0.34   0.34   0.17
 33 -0.87  1.0  0.0000       4.738  2.7E+00   0.01 |  -0.11   0.11  -1.48   3.51 |  -0.01   0.01  -0.36
 34 -0.75  1.0  0.0000       5.532  2.8E+00   0.01 |   0.07  -0.07   2.34   3.47 |   0.00  -0.00   0.43
 40 -0.80  1.0  0.0000       6.319  6.3E+00   0.00 |  -0.01   0.01   0.55   3.49 |  -0.24   0.24  -0.01
 36 -0.76  1.0  0.0000       6.375  2.5E+00   0.00 |  -0.01   0.01  -3.02   3.78 |  -0.00   0.00  -0.50
----------------------------------------------------------------------------------------------------------
--------------------- Canonical    basis-------------------------------------------------------------------
__________________________________________________________________________________________________________
   Neutron wavefunctions
  i     P   Rz   occ          E       d2h    Delta |   JxT    JyT    Jz      J   |   SxT    SyT    Sz
----------------------------------------------------------------------------------------------------------
 20  1.00  1.0  2.0000     -35.598  0.0E+00   0.00 |  -0.50   0.50   0.50   0.51 |  -0.50   0.50   0.50
 19 -0.99  1.0  2.0000     -23.848  0.0E+00   0.02 |  -0.92   0.92   0.50   1.48 |  -0.43   0.43   0.35
 18 -0.99  1.0  2.0000     -22.193  0.0E+00   0.07 |  -0.00  -0.00  -1.50   1.51 |   0.00   0.00  -0.50
 17 -0.97  1.0  1.9622     -17.440  0.0E+00   1.64 |   0.41  -0.41   0.50   0.63 |  -0.07   0.07  -0.35
 16  0.93  1.0  1.1852     -11.996  0.0E+00   1.91 |  -1.31   1.31   0.50   2.34 |  -0.37   0.37   0.25
 15  0.97  1.0  0.6406     -10.933  0.0E+00   1.82 |  -0.00   0.00  -1.50   2.49 |  -0.00   0.00  -0.40
 14  0.96  1.0  0.1725      -9.332  0.0E+00   1.56 |   0.00  -0.00   2.50   2.53 |  -0.00   0.00   0.50
 13  0.90  1.0  0.0347      -7.019  0.0E+00   1.25 |  -0.46   0.46   0.50   1.32 |  -0.37   0.37   0.23
 12  0.92  1.0  0.0046      -3.903  0.0E+00   0.74 |   0.70  -0.70   0.50   1.45 |  -0.26   0.26   0.03
 11  0.90  1.0  0.0002      -2.300  0.0E+00   0.18 |   0.00  -0.00  -1.50   1.65 |   0.00  -0.00   0.39
  7 -0.52  1.0  0.0000       0.010  0.0E+00   0.00 |  -0.60   0.60   0.50   2.70 |  -0.43   0.43   0.36
 10 -0.64  1.0  0.0000       0.276  0.0E+00   0.01 |  -1.58   1.58   0.50   3.21 |  -0.36   0.36   0.22
  6 -0.84  1.0  0.0000       0.989  0.0E+00   0.00 |   0.00  -0.00  -1.48   2.17 |   0.00  -0.00  -0.49
  9 -0.91  1.0  0.0000       1.000  0.0E+00   0.01 |  -0.02   0.02  -1.50   3.44 |  -0.00   0.00  -0.34
  4 -0.76  1.0  0.0000       1.567  0.0E+00   0.00 |  -0.02   0.02   0.19   2.01 |  -0.01   0.01  -0.48
  1 -0.97  1.0  0.0000       1.619  0.0E+00   0.00 |   0.48  -0.48   0.44   2.25 |   0.49  -0.49   0.49
  2  0.77  1.0  0.0000       1.851  0.0E+00   0.00 |   0.02  -0.01   0.50   2.28 |  -0.02   0.03  -0.46
  8 -0.84  1.0  0.0000       1.937  0.0E+00   0.00 |   0.02  -0.02   2.50   3.47 |   0.00  -0.00   0.42
  5 -0.74  1.0  0.0000       2.977  0.0E+00   0.00 |   0.00  -0.01  -3.13   3.50 |  -0.00   0.00  -0.50
  3 -0.67  1.0  0.0000       3.648  0.0E+00   0.00 |  -0.75   0.75   0.50   2.63 |  -0.41   0.41   0.32
__________________________________________________________________________________________________________
   Proton  wavefunctions
  i     P   Rz   occ          E       d2h    Delta |   JxT    JyT    Jz      J   |   SxT    SyT    Sz
----------------------------------------------------------------------------------------------------------
 40  1.00  1.0  2.0000     -31.062  0.0E+00   0.00 |  -0.50   0.50   0.50   0.51 |  -0.50   0.50   0.50
 39 -0.99  1.0  2.0000     -19.502  0.0E+00   0.02 |  -0.92   0.92   0.50   1.48 |  -0.43   0.43   0.36
 38 -0.99  1.0  2.0000     -17.815  0.0E+00   0.09 |  -0.00  -0.00  -1.50   1.51 |   0.00   0.00  -0.50
 37 -0.97  1.0  1.9569     -13.144  0.0E+00   1.73 |   0.40  -0.40   0.50   0.64 |  -0.07   0.07  -0.35
 36  0.92  1.0  1.1713      -7.809  0.0E+00   1.96 |  -1.30   1.30   0.50   2.35 |  -0.38   0.38   0.25
 35  0.97  1.0  0.6481      -6.750  0.0E+00   1.89 |  -0.00   0.00  -1.50   2.49 |  -0.00   0.00  -0.40
 34  0.96  1.0  0.1814      -5.147  0.0E+00   1.62 |  -0.00   0.00   2.50   2.53 |  -0.00   0.00   0.50
 33  0.88  1.0  0.0359      -2.948  0.0E+00   1.25 |  -0.42   0.42   0.50   1.38 |  -0.36   0.36   0.21
 32  0.90  1.0  0.0062       0.033  0.0E+00   0.83 |   0.67  -0.67   0.50   1.46 |  -0.27   0.27   0.04
 31  0.88  1.0  0.0003       1.544  0.0E+00   0.22 |  -0.00   0.00  -1.44   1.71 |   0.03  -0.03   0.39
 30 -0.48  1.0  0.0000       2.498  0.0E+00   0.04 |  -1.28   1.28   0.50   3.16 |  -0.41   0.41   0.32
 22 -0.98  1.0  0.0000       2.966  0.0E+00   0.00 |   0.47  -0.47   0.43   2.21 |   0.46  -0.46   0.49
 25 -0.70  1.0  0.0000       2.976  0.0E+00   0.00 |  -0.11   0.11   0.43   1.98 |  -0.02   0.01  -0.47
 28 -0.61  1.0  0.0000       3.343  0.0E+00   0.01 |  -0.69   0.70   0.50   2.86 |  -0.38   0.38   0.25
 26 -0.81  1.0  0.0000       3.368  0.0E+00   0.00 |   0.03  -0.02  -1.49   2.53 |   0.01  -0.01  -0.47
 24  0.80  1.0  0.0000       3.373  0.0E+00   0.00 |   0.02  -0.01   0.48   2.39 |  -0.01   0.01  -0.48
 29 -0.82  1.0  0.0000       4.279  0.0E+00   0.01 |   0.08  -0.08  -1.49   3.31 |   0.01  -0.01  -0.38
 27 -0.76  1.0  0.0000       5.275  0.0E+00   0.00 |  -0.10   0.10   2.44   3.48 |   0.02  -0.02   0.43
 21 -0.81  1.0  0.0000       6.126  0.0E+00   0.00 |  -0.07   0.07   0.56   3.37 |  -0.26   0.26   0.03
 23 -0.76  1.0  0.0000       6.362  0.0E+00   0.00 |  -0.01   0.01  -2.94   3.76 |  -0.00   0.00  -0.50
----------------------------------------------------------------------------------------------------------
---------------------------------Quasiparticles---------------------------------
Block 1:  P=+1  neutrons
  N      Eqp       f_n      |   U   V  |   B  P  ov_TR |    JxT    JyT    Jz
________________________________________________________________________________
  1    -23.96      0.00E+00 |    1   0 |   -  -  0.000 |    0.00   0.00   0.50
  2    -15.48      0.00E+00 |    0  20 |   -  -  0.000 |    0.00   0.00  -0.50
  3    -14.92      0.00E+00 |    0  16 |   -  -  0.000 |    0.00   0.00   3.41
  4    -13.67      0.00E+00 |    0  19 |   -  -  0.000 |    0.00   0.00  -1.38
  5    -13.47      0.00E+00 |    0   8 |   -  -  0.000 |    0.00   0.00  -0.51
  6    -13.16      0.00E+00 |    0  14 |   -  -  0.000 |    0.00   0.00  -1.51
  7    -12.87      0.00E+00 |    0  18 |   -  -  0.000 |    0.00   0.00  -0.47
  8    -12.86      0.00E+00 |    0  17 |   -  -  0.000 |    0.00   0.00   1.45
  9    -12.41      0.00E+00 |    0  15 |   -  -  0.000 |    0.00   0.00  -0.50
 10    -12.40      0.00E+00 |    0  13 |   -  -  0.000 |    0.00   0.00   1.50
 11    -12.21      0.00E+00 |    9   0 |   -  -  0.000 |    0.00   0.00   0.50
 12    -10.98      0.00E+00 |    0  12 |   -  -  0.000 |    0.00   0.00  -0.50
 13    -10.56      0.00E+00 |   10   0 |   -  -  0.000 |    0.00   0.00  -1.50
 14     -9.34      0.00E+00 |    0   7 |   -  -  0.000 |    0.00   0.00   1.50
 15     -7.83      0.00E+00 |    0   6 |   -  -  0.000 |    0.00   0.00  -0.50
 16     -6.03      0.00E+00 |   11  11 |   -  -  0.000 |    0.00   0.00   0.48
 17     -4.72      0.00E+00 |    5   5 |   -  -  0.000 |    0.00   0.00  -0.48
 18     -2.78      0.00E+00 |    4   4 |   -  -  0.000 |    0.00   0.00  -2.07
 19     -1.95      0.00E+00 |    3   3 |   -  -  0.000 |    0.00   0.00   0.54
 20     -1.94      0.00E+00 |    2   2 |   -  -  0.000 |    0.00   0.00   0.09
 21      1.94      1.00E+00 |    2   2 |   -  -  0.000 |    0.00   0.00  -0.09
 22      1.95      1.00E+00 |    3   3 |   -  -  0.000 |    0.00   0.00  -0.54
 23      2.78      1.00E+00 |    4   4 |   -  -  0.000 |    0.00   0.00   2.07
 24      4.72      1.00E+00 |    5   5 |   -  -  0.000 |    0.00   0.00   0.48
 25      6.03      1.00E+00 |   11  11 |   -  -  0.000 |    0.00   0.00  -0.48
 26      7.83      1.00E+00 |    6   0 |   -  -  0.000 |    0.00   0.00   0.50
 27      9.34      1.00E+00 |    7   0 |   -  -  0.000 |    0.00   0.00  -1.50
 28     10.56      1.00E+00 |    0  10 |   -  -  0.000 |    0.00   0.00   1.50
 29     10.98      1.00E+00 |   12   0 |   -  -  0.000 |    0.00   0.00   0.50
 30     12.21      1.00E+00 |    0   9 |   -  -  0.000 |    0.00   0.00  -0.50
 31     12.40      1.00E+00 |   13   0 |   -  -  0.000 |    0.00   0.00  -1.50
 32     12.41      1.00E+00 |   15   0 |   -  -  0.000 |    0.00   0.00   0.50
 33     12.86      1.00E+00 |   17   0 |   -  -  0.000 |    0.00   0.00  -1.45
 34     12.87      1.00E+00 |   18   0 |   -  -  0.000 |    0.00   0.00   0.47
 35     13.16      1.00E+00 |   14   0 |   -  -  0.000 |    0.00   0.00   1.51
 36     13.47      1.00E+00 |    8   0 |   -  -  0.000 |    0.00   0.00   0.51
 37     13.67      1.00E+00 |   19   0 |   -  -  0.000 |    0.00   0.00   1.38
 38     14.92      1.00E+00 |   16   0 |   -  -  0.000 |    0.00   0.00  -3.41
 39     15.48      1.00E+00 |   20   0 |   -  -  0.000 |    0.00   0.00   0.50
 40     23.96      1.00E+00 |    0   1 |   -  -  0.000 |    0.00   0.00  -0.50

Block 5:  P=+1   protons
  N      Eqp       f_n      |   U   V  |   B  P  ov_TR |    JxT    JyT    Jz
________________________________________________________________________________
  1    -23.60      0.00E+00 |   21   0 |   -  -  0.000 |    0.00   0.00   0.50
  2    -13.83      0.00E+00 |    0  36 |   -  -  0.000 |    0.00   0.00   3.02
  3    -13.78      0.00E+00 |    0  40 |   -  -  0.000 |    0.00   0.00  -0.55
  4    -12.99      0.00E+00 |    0  34 |   -  -  0.000 |    0.00   0.00  -2.34
  5    -12.20      0.00E+00 |    0  33 |   -  -  0.000 |    0.00   0.00   1.48
  6    -12.04      0.00E+00 |   29   0 |   -  -  0.000 |    0.00   0.00   0.50
  7    -11.59      0.00E+00 |    0  35 |   -  -  0.000 |    0.00   0.00  -0.50
  8    -10.69      0.00E+00 |    0  38 |   -  -  0.000 |    0.00   0.00  -0.50
  9    -10.42      0.00E+00 |    0  28 |   -  -  0.000 |    0.00   0.00  -0.50
 10    -10.40      0.00E+00 |   30  37 |   -  -  0.000 |    0.00   0.00   1.46
 11    -10.36      0.00E+00 |   30  37 |   -  -  0.000 |    0.00   0.00  -1.47
 12    -10.15      0.00E+00 |    0  39 |   -  -  0.000 |    0.00   0.00  -0.51
 13     -9.17      0.00E+00 |    0  32 |   -  -  0.000 |    0.00   0.00  -0.50
 14     -8.99      0.00E+00 |    0  27 |   -  -  0.000 |    0.00   0.00   1.44
 15     -7.57      0.00E+00 |    0  26 |   -  -  0.000 |    0.00   0.00  -0.50
 16     -5.94      0.00E+00 |   31  31 |   -  -  0.000 |    0.00   0.00   0.48
 17     -4.60      0.00E+00 |   25  25 |   -  -  0.000 |    0.00   0.00  -0.48
 18     -2.82      0.00E+00 |   24  24 |   -  -  0.000 |    0.00   0.00  -2.05
 19     -2.02      0.00E+00 |   23  23 |   -  -  0.000 |    0.00   0.00   0.53
 20     -1.99      0.00E+00 |   22  22 |   -  -  0.000 |    0.00   0.00   0.08
 21      1.99      1.00E+00 |   22  22 |   -  -  0.000 |    0.00   0.00  -0.08
 22      2.02      1.00E+00 |   23  23 |   -  -  0.000 |    0.00   0.00  -0.53
 23      2.82      1.00E+00 |   24  24 |   -  -  0.000 |    0.00   0.00   2.05
 24      4.60      1.00E+00 |   25  25 |   -  -  0.000 |    0.00   0.00   0.48
 25      5.94      1.00E+00 |   31  31 |   -  -  0.000 |    0.00   0.00  -0.48
 26      7.57      1.00E+00 |   26   0 |   -  -  0.000 |    0.00   0.00   0.50
 27      8.99      1.00E+00 |   27   0 |   -  -  0.000 |    0.00   0.00  -1.44
 28      9.17      1.00E+00 |   32   0 |   -  -  0.000 |    0.00   0.00   0.50
 29     10.15      1.00E+00 |   39   0 |   -  -  0.000 |    0.00   0.00   0.51
 30     10.36      1.00E+00 |   37  30 |   -  -  0.000 |    0.00   0.00   1.47
 31     10.40      1.00E+00 |   37  30 |   -  -  0.000 |    0.00   0.00  -1.46
 32     10.42      1.00E+00 |   28   0 |   -  -  0.000 |    0.00   0.00   0.50
 33     10.69      1.00E+00 |   38   0 |   -  -  0.000 |    0.00   0.00   0.50
 34     11.59      1.00E+00 |   35   0 |   -  -  0.000 |    0.00   0.00   0.50
 35     12.04      1.00E+00 |    0  29 |   -  -  0.000 |    0.00   0.00  -0.50
 36     12.20      1.00E+00 |   33   0 |   -  -  0.000 |    0.00   0.00  -1.48
 37     12.99      1.00E+00 |   34   0 |   -  -  0.000 |    0.00   0.00   2.34
 38     13.78      1.00E+00 |   40   0 |   -  -  0.000 |    0.00   0.00   0.55
 39     13.83      1.00E+00 |   36   0 |   -  -  0.000 |    0.00   0.00  -3.02
 40     23.60      1.00E+00 |    0  21 |   -  -  0.000 |    0.00   0.00  -0.50

--------------------------------------------------------------------------------
------------------------ Electric Multipole Moments -------------------------
Quantisation Axis             : Z
  With secondary axis ordering: X,Y
  Calculated wrt to COM = (   0.000   0.000   0.000)
______________________________________________________________________________
                   Neutrons        Protons          Charge         Total
______________________________________________________________________________
 Particles           10.0000         10.0000          9.9999         20.0000

Re  Q_{ 1 0}          0.0519          0.0900          0.0895          0.1419
Constrained                                                           0.0000
Re De_{ 1 0}                                                   0.1419092E+00
Re La_{ 1 0}                                                         -0.2533

Re  Q_{ 2 0}          7.3187          7.7926          7.7847         15.1113
Re  Q_{ 2 2}          0.0000          0.0000          0.0000          0.0001

Re  Q_{ 3 0}         18.2465         22.0659         21.9955         40.3125
Constrained                                                          50.0000
Re De_{ 3 0}                                                   0.9687528E+01
Re La_{ 3 0}                                                          0.0446
Re  Q_{ 3 2}         -0.0000         -0.0000         -0.0000         -0.0000

Re  Q_{ 4 0}         54.6180         74.0301         73.4466        128.6480
Re  Q_{ 4 2}          0.0002         -0.0004         -0.0004         -0.0002
Re  Q_{ 4 4}          0.0062         -0.0582          0.1591         -0.0519

Re  Q_{ 5 0}        274.7505        413.4037        406.0605        688.1542
Re  Q_{ 5 2}         -0.0000         -0.0016         -0.0016         -0.0016
Re  Q_{ 5 4}         -0.0836         -0.3025         -0.1844         -0.3861

Re  Q_{ 6 0}       1420.3620       2439.8791       2356.0992       3860.2411
Re  Q_{ 6 2}         -0.0011         -0.0110         -0.0100         -0.0121
Re  Q_{ 6 4}          1.4874          2.1838          4.5797          3.6712
Re  Q_{ 6 6}          0.0005          0.0047          0.0046          0.0052

Re  Q_{ 7 0}       7242.9141      13095.9227      12471.6868      20338.8368
Re  Q_{ 7 2}         -0.0241         -0.1369         -0.1379         -0.1610
Re  Q_{ 7 4}         -7.3825         -7.6885         -6.3528        -15.0711
Re  Q_{ 7 6}          0.0043          0.0857          0.0743          0.0900

Re  Q_{ 8 0}      46809.4934      89873.7606      82779.6051     136683.2540
Re  Q_{ 8 2}          0.1907          1.6277          1.6289          1.8184
Re  Q_{ 8 4}        -37.4917        159.8830        259.4866        122.3913
Re  Q_{ 8 6}          0.1253          0.9177          0.9453          1.0430
Re  Q_{ 8 8}        -12.9299        463.7352        410.5077        450.8052

Re  Q_{ 9 0}     273071.1783     533924.3823     486973.2188     806995.5606
Re  Q_{ 9 2}         -0.4844         -2.7275         -1.7911         -3.2119
Re  Q_{ 9 4}        328.8749       3335.6512       4071.3569       3664.5261
Re  Q_{ 9 6}          0.3078          6.8912          6.5957          7.1990
Re  Q_{ 9 8}        422.0938       4373.7856       4411.2790       4795.8794

Re  Q_{10 0}    1704657.7091    3414017.4739    2923800.6495    5118675.1830
Re  Q_{10 2}        -11.1009        -77.6849        -68.9446        -88.7857
Re  Q_{10 4}      -6307.9246      22167.2996      21254.4412      15859.3751
Re  Q_{10 6}          3.8836         -3.3059          7.7958          0.5778
Re  Q_{10 8}      -1476.4633      52519.9155      45279.7462      51043.4522
Re  Q_{1010}         -2.8600        -31.2611        -29.5186        -34.1211

 RMS radius           2.8530          2.8941          2.9600          2.8736
 Fourth mom.          3.1878          3.2576          3.3357          3.2233
______________________________________________________________________________
                   Neutrons        Protons          Charge         Total
______________________________________________________________________________


Beta_{ 2 0}       0.14446954      0.15382500      0.15366881      0.29829454
Beta_{ 2 2}       0.00000099      0.00000090      0.00000090      0.00000188

Beta_{ 3 0}       0.11057719      0.13372329      0.13329647      0.24430047
Beta_{ 3 2}      -0.00000012     -0.00000011     -0.00000010     -0.00000023

Beta_{ 4 0}       0.10161609      0.13773210      0.13664652      0.23934819
Beta_{ 4 2}       0.00000044     -0.00000083     -0.00000078     -0.00000039
Beta_{ 4 4}       0.00001161     -0.00010821      0.00029593     -0.00009660

Beta_{ 5 0}       0.15693058      0.23612578      0.23193153      0.39305636
Beta_{ 5 2}      -0.00000000     -0.00000093     -0.00000090     -0.00000093
Beta_{ 5 4}      -0.00004778     -0.00017276     -0.00010534     -0.00022054

Beta_{ 6 0}       0.24906355      0.42783810      0.41314711      0.67690165
Beta_{ 6 2}      -0.00000020     -0.00000193     -0.00000176     -0.00000213
Beta_{ 6 4}       0.00026082      0.00038293      0.00080305      0.00064376
Beta_{ 6 6}       0.00000008      0.00000083      0.00000081      0.00000091

Beta_{ 7 0}       0.38991197      0.70500036      0.67139551      1.09491233
Beta_{ 7 2}      -0.00000130     -0.00000737     -0.00000742     -0.00000867
Beta_{ 7 4}      -0.00039743     -0.00041390     -0.00034199     -0.00081133
Beta_{ 7 6}       0.00000023      0.00000461      0.00000400      0.00000485

Beta_{ 8 0}       0.77362281      1.48534808      1.36810262      2.25897088
Beta_{ 8 2}       0.00000315      0.00002690      0.00002692      0.00003005
Beta_{ 8 4}      -0.00061963      0.00264239      0.00428855      0.00202277
Beta_{ 8 6}       0.00000207      0.00001517      0.00001562      0.00001724
Beta_{ 8 8}      -0.00021369      0.00766417      0.00678448      0.00745048

Beta_{ 9 0}       1.38552152      2.70905091      2.47082786      4.09457243
Beta_{ 9 2}      -0.00000246     -0.00001384     -0.00000909     -0.00001630
Beta_{ 9 4}       0.00166866      0.01692459      0.02065744      0.01859325
Beta_{ 9 6}       0.00000156      0.00003496      0.00003347      0.00003653
Beta_{ 9 8}       0.00214164      0.02219192      0.02238216      0.02433356

Beta_{10 0}       2.65531891      5.31796213      4.55435898      7.97328104
Beta_{10 2}      -0.00001729     -0.00012101     -0.00010739     -0.00013830
Beta_{10 4}      -0.00982576      0.03452966      0.03310771      0.02470390
Beta_{10 6}       0.00000605     -0.00000515      0.00001214      0.00000090
Beta_{10 8}      -0.00229986      0.08180946      0.07053156      0.07950959
Beta_{1010}      -0.00000445     -0.00004869     -0.00004598     -0.00005315


______________________________________________________________________________
                   Neutrons        Protons          Charge         Total
______________________________________________________________________________
Q_{ 1}                0.0519          0.0900          0.0895          0.1419
Q_{ 2}                7.3187          7.7926          7.7847         15.1113
Q_{ 3}               18.2465         22.0659         21.9955         40.3125
Q_{ 4}               54.6180         74.0301         73.4469        128.6481
Q_{ 5}              274.7505        413.4039        406.0606        688.1544
Q_{ 6}             1420.3635       2439.8811       2356.1081       3860.2446
Q_{ 7}             7242.9216      13095.9272      12471.6900      20338.8480
Q_{ 8}            46809.5270      89876.4378      82782.4542     136684.8505
Q_{ 9}           273072.2269     533981.0477     487047.2119     807040.7012
Q_{10}          1704682.3297    3414969.2221    2924656.2640    5119233.2975
______________________________________________________________________________
                   Neutrons        Protons          Charge         Total
______________________________________________________________________________
Beta_{   1}       0.00333764      0.00578691      0.00575572      0.00912455
Beta_{   2}       0.14446954      0.15382500      0.15366881      0.29829454
Beta_{   3}       0.11057719      0.13372329      0.13329647      0.24430047
Beta_{   4}       0.10161609      0.13773218      0.13664716      0.23934823
Beta_{   5}       0.15693059      0.23612591      0.23193157      0.39305649
Beta_{   6}       0.24906383      0.42783844      0.41314867      0.67690227
Beta_{   7}       0.38991238      0.70500060      0.67139568      1.09491293
Beta_{   8}       0.77362336      1.48539232      1.36814971      2.25899727
Beta_{   9}       1.38552684      2.70933842      2.47120329      4.09480147
Beta_{  10}       2.65535726      5.31944466      4.55569176      7.97415041
______________________________________________________________________________
 Cart. Moments X              Y              Z
 Cart. N      -11.6023558    -11.6027436     23.2050995
 Cart. P      -12.3537226    -12.3540762     24.7077988
 Cart. T      -23.9560785    -23.9568198     47.9128983
 (Q, gamma)    Q              Gamma
 (Q,g) N       23.2050995      0.0005528
 (Q,g) P       24.7077988      0.0004734
 (Q,g) T       47.9128983      0.0005118
 (iq1, iq2)    iq1            iq2
 iq    N       23.2049702      0.0002585
 iq    P       24.7076809      0.0002357
 iq    T       47.9126512      0.0004942
               X^2            Y^2            Z^2
 X^2_i N       23.2652489     23.2651196     34.8677340
 X^2_i P       23.8014947     23.8013768     36.1553351
 X^2_i T       47.0667435     47.0664964     71.0230691
----------------------------------------------------------------------------
----------------------- Box Size Check -------------------------
 Xmax = (nx+0.5)dx =  9.200 fm,  max(rho(X=Xmax)) =    6.122E-07
 Ymax = (ny+0.5)dx =  9.200 fm,  max(rho(Y=Ymax)) =    6.123E-07
 Zmax = (nz+0.5)dx =  9.200 fm,  max(rho(Z=Zmax)) =    1.386E-04
 Zmin =-(nz+0.5)dx = -9.200fm,  max(rho(Z=Zmin)) =    1.640E-05
---------------------Rotational properties--------------------
                Rigid rotor          (hbar^2/MeV)
              n              p              t 
 I_R X       1.4017699      1.4457490      2.8475190
 I_R Y       1.4017731      1.4457519      2.8475249
 I_R Z       1.1219967      1.1478582      2.2698550

                Belyaev                 (hbar^2/MeV) 
              n              p              t 
 I_B X       0.3111940      0.2999648      0.6111588
 I_B Y       0.3111808      0.2999531      0.6111338
 I_B Z       0.0000074      0.0000140      0.0000214

                Belyaev (collective)    (hbar^2/MeV) 
              n              p              t 
 I_B X       0.3111940      0.2999648      0.6111588
 I_B Y       0.3111808      0.2999531      0.6111338
 I_B Z       0.0000074      0.0000140      0.0000214

                 <J^2> - <J>^2          (hbar^2)
              n              p              t 
 J2_X        0.8322517      0.8362488      1.6685005
 J2_Y        0.8322221      0.8362215      1.6684436
 J2_Z        0.0000451      0.0000872      0.0001323
 J2_t        1.6645190      1.6725575      3.3370765

                 <J^2> - <J>^2 (coll.)  (hbar^2)
              n              p              t 
 J2_X        0.8322517      0.8362488      1.6685005
 J2_Y        0.8322221      0.8362215      1.6684436
 J2_Z        0.0000451      0.0000872      0.0001323
 J2_t        1.6645190      1.6725575      3.3370765
------------------------- Angular Momentum (hbar) --------------------------

               Spwfs(*)    Desired     Omega       E (MeV)      Densit. 
  __________________________________________________________________________
   J_x   |     0.00000     0.00000     0.00000     0.00000     0.00000
   J_y   |     0.00000     0.00000     0.00000     0.00000     0.00000
   J_z   |     0.00000     0.00000     0.00000     0.00000     0.00000
  __________________________________________________________________________
   Size  |     0.00000     0.00000     0.00000                 0.00000
  --------------------------------------------------------------------------
-------------------------- Pairing -------------------------
                          N         P 
 Fermi Level (MeV)    -11.63394184    -7.45793189
 Particles             10.00000000    10.00000000
 Dispersion             2.30320719     2.34342633
 Average gap   v^2      0.71424862     0.74631445
 Average gap   uv       1.69088789     1.73737485
------------------------------------------------------------
--------------------------------------------------------------------------------
 Skyrme Energy                Isospin  1 2 3 4                   Energy [MeV]
--------------------------------------------------------------------------------
E_D_I_I_D_I_I                          0 0                      -1295.144875
E_D_I_I_D_I_I                          1 1                          0.052329
E_D_I_I_D_I_I_D_I_I                    0 0 0                      735.575972
E_D_I_I_D_I_I_D_I_I                    0 1 1                       -0.026690
E_D_I_I_D_Nm_Nm                        0 0                         28.005627
E_D_I_I_D_Nm_Nm                        1 1                         -0.003198
E_D_I_I_Lap_D_I_I                      0 0                         57.311308
E_D_I_I_Lap_D_I_I                      1 1                          0.001405
E_C_I_NmSk_C_I_NmSk                    0 0                         -0.000000
E_C_I_NmSk_C_I_NmSk                    1 1                         -0.000000
E_D_I_I_D_I_I_D_Nm_Nm                  0 0 0                        0.000000
E_D_I_I_D_I_I_D_Nm_Nm                  0 1 1                       -0.000000
E_D_I_I_D_I_I_D_Nm_Nm                  0 0 0                        0.000000
E_D_I_I_D_I_I_D_Nm_Nm                  0 1 1                        0.000000
E_D_I_I_Derm_D_I_I_Derm_D_I_I          0 0 0                        0.000000
E_D_I_I_Derm_D_I_I_Derm_D_I_I          0 1 1                       -0.000000
E_D_I_I_Derm_D_I_I_Derm_D_I_I          0 0 0                       -0.000000
E_D_I_I_Derm_D_I_I_Derm_D_I_I          0 1 1                       -0.000000
E_D_I_I_Derm_D_I_I_D_I_I_Derm_D_I_I    0 0 0 0                      0.000000
E_D_I_I_Derm_D_I_I_D_I_I_Derm_D_I_I    0 0 1 1                     -0.000000
E_D_I_I_Derm_C_I_NxmSxm                0 0                        -11.764253
E_D_I_I_Derm_C_I_NxmSxm                1 1                         -0.000525
E_DP_I_I_DP_I_I                        n n                         -4.516035
E_DP_I_I_DP_I_I                        p p                         -4.694763
E_D_I_I_DP_I_I_DP_I_I                  0 n n                        1.866814
E_D_I_I_DP_I_I_DP_I_I                  0 p p                        1.910505
--------------------------------------------------------------------------------
                 Total Skyrme:                                   -491.426379
--------------------------------------------------------------------------------
                    time-even:                                   -491.426379
                    time-odd :                                      0.000000
                    bilinear :                                  -1230.752980
                    trilinear:                                      0.000000
                 quadrilinear:                                      0.000000
            density-dependent:                                    739.326601
--------------------------------------------------------------------------------
--------------------------------------------------------------------------------
                                     neutron        proton         total
                Kinetic Energy:     163.832960     160.343882     324.176842
                    COM 1-body:      -8.191648      -8.017194     -16.208842
                    COM 2-body:       3.277870       3.222265       6.500134
                            ph:       3.259621       3.201346       6.460967
                            pp:       0.018249       0.020919       0.039167
                 Collective T:                                     -2.538762

                 Rotational  T:                                    -2.538762
                 Rotational  X:                                    -1.269151
                 Rotational  Y:                                    -1.269160
                 Rotational  Z:                                    -0.000451

                 Vibrational T:                                     0.000000
                 Vibrational X:                                    -0.000000
                 Vibrational Y:                                    -0.000000
                 Vibrational Z:                                    -0.000000


                Coulomb Direct:       0.000000      23.513285      23.513285
                      Exchange:       0.000000       0.000000       0.000000

               Pairing (delta):      -2.651523      -2.782838      -5.434360
               Pairing (densi):                                    -5.433478
--------------------------------------------------------------------------------
                  Total energy:                                  -155.983722
                    from spwfs:                                  -155.792904
                   E_fu - E_sp:                                -0.190818E+00
                   (no corr.) :                                  -159.945094
                      Routhian:                                  -156.825883
                         dE   :                                -0.239845E+00
                         dR   :                                -0.339152E+00
--------------------------------------------------------------------------------
 Iteration =   11
 dt    =   0.0247      mu   =   0.8281 gradn =    0.000E+00 D2H  =    1.419E-01
 E     =   -155.979    DE   =  0.31198E-04
 R     =   -156.921    DR   = -0.60796E-03
 R-E   =     -0.942  D(R-E) = -0.64283E-03
 dmun  = -2.6E-02      dmup= -3.4E-02
 RQ10t =       0.1292   dQ = -1.3E-02  L =      -0.2692   dL = -1.6E-02  dev =  1.3E-01
 RQ20t =      15.3633   dQ =  2.5E-01  L =       0.0000   dL =  0.0E+00  dev =  0.0E+00
 RQ22t =       0.0001   dQ = -9.0E-07  L =       0.0000   dL =  0.0E+00  dev =  0.0E+00
 RQ30t =      41.1542   dQ =  8.4E-01  L =       0.0488   dL =  4.2E-03  dev =  8.8E+00
 Jz    =       0.0000   dJZ=  0.0E+00 Om =       0.0000   dO =  0.0E+00  dev =  0.0E+00
--------------------------------------------------------------------------------------
 Iteration =   12
 dt    =   0.0247      mu   =   0.8281 gradn =    0.000E+00 D2H  =    1.206E-01
 E     =   -155.990    DE   = -0.70622E-04
 R     =   -157.032    DR   = -0.70490E-03
 R-E   =     -1.042  D(R-E) = -0.63899E-03
 dmun  = -2.7E-02      dmup= -3.4E-02
 RQ10t =       0.1142   dQ = -1.5E-02  L =      -0.2833   dL = -1.4E-02  dev =  1.1E-01
 RQ20t =      15.5821   dQ =  2.2E-01  L =       0.0000   dL =  0.0E+00  dev =  0.0E+00
 RQ22t =       0.0001   dQ = -7.2E-07  L =       0.0000   dL =  0.0E+00  dev =  0.0E+00
 RQ30t =      42.0581   dQ =  9.0E-01  L =       0.0526   dL =  3.8E-03  dev =  7.9E+00
 Jz    =       0.0000   dJZ=  0.0E+00 Om =       0.0000   dO =  0.0E+00  dev =  0.0E+00
--------------------------------------------------------------------------------------
 Iteration =   13
 dt    =   0.0247      mu   =   0.8281 gradn =    0.000E+00 D2H  =    9.177E-02
 E     =   -156.000    DE   = -0.67049E-04
 R     =   -157.141    DR   = -0.69113E-03
 R-E   =     -1.140  D(R-E) = -0.62914E-03
 dmun  = -2.7E-02      dmup= -3.4E-02
 RQ10t =       0.0998   dQ = -1.4E-02  L =      -0.2956   dL = -1.2E-02  dev =  1.0E-01
 RQ20t =      15.7795   dQ =  2.0E-01  L =       0.0000   dL =  0.0E+00  dev =  0.0E+00
 RQ22t =       0.0001   dQ = -7.0E-07  L =       0.0000   dL =  0.0E+00  dev =  0.0E+00
 RQ30t =      43.0489   dQ =  9.9E-01  L =       0.0559   dL =  3.3E-03  dev =  7.0E+00
 Jz    =       0.0000   dJZ=  0.0E+00 Om =       0.0000   dO =  0.0E+00  dev =  0.0E+00
--------------------------------------------------------------------------------------
 Iteration =   14
 dt    =   0.0247      mu   =   0.8280 gradn =    0.000E+00 D2H  =    6.381E-02
 E     =   -155.995    DE   =  0.36135E-04
 R     =   -157.229    DR   = -0.56372E-03
 R-E   =     -1.235  D(R-E) = -0.60432E-03
 dmun  = -2.6E-02      dmup= -3.5E-02
 RQ10t =       0.0883   dQ = -1.2E-02  L =      -0.3064   dL = -1.1E-02  dev =  8.8E-02
 RQ20t =      15.9729   dQ =  1.9E-01  L =       0.0000   dL =  0.0E+00  dev =  0.0E+00
 RQ22t =       0.0001   dQ = -9.7E-07  L =       0.0000   dL =  0.0E+00  dev =  0.0E+00
 RQ30t =      44.1340   dQ =  1.1E+00  L =       0.0587   dL =  2.8E-03  dev =  5.9E+00
 Jz    =       0.0000   dJZ=  0.0E+00 Om =       0.0000   dO =  0.0E+00  dev =  0.0E+00
--------------------------------------------------------------------------------------
 Iteration =   15
 dt    =   0.0247      mu   =   0.8279 gradn =    0.000E+00 D2H  =    4.533E-02
 E     =   -155.974    DE   =  0.13338E-03
 R     =   -157.295    DR   = -0.41523E-03
 R-E   =     -1.321  D(R-E) = -0.55213E-03
 dmun  = -2.4E-02      dmup= -3.5E-02
 RQ10t =       0.0797   dQ = -8.6E-03  L =      -0.3162   dL = -9.8E-03  dev =  8.0E-02
 RQ20t =      16.1715   dQ =  2.0E-01  L =       0.0000   dL =  0.0E+00  dev =  0.0E+00
 RQ22t =       0.0001   dQ = -1.5E-06  L =       0.0000   dL =  0.0E+00  dev =  0.0E+00
 RQ30t =      45.2306   dQ =  1.1E+00  L =       0.0609   dL =  2.3E-03  dev =  4.8E+00
 Jz    =       0.0000   dJZ=  0.0E+00 Om =       0.0000   dO =  0.0E+00  dev =  0.0E+00
--------------------------------------------------------------------------------------
 Iteration =   16
 dt    =   0.0247      mu   =   0.8278 gradn =    0.000E+00 D2H  =    3.700E-02
 E     =   -155.943    DE   =  0.19728E-03
 R     =   -157.336    DR   = -0.26654E-03
 R-E   =     -1.393  D(R-E) = -0.46620E-03
 dmun  = -2.2E-02      dmup= -3.4E-02
 RQ10t =       0.0709   dQ = -8.7E-03  L =      -0.3250   dL = -8.7E-03  dev =  7.1E-02
 RQ20t =      16.3653   dQ =  1.9E-01  L =       0.0000   dL =  0.0E+00  dev =  0.0E+00
 RQ22t =       0.0001   dQ = -1.8E-06  L =       0.0000   dL =  0.0E+00  dev =  0.0E+00
 RQ30t =      46.1256   dQ =  9.0E-01  L =       0.0628   dL =  1.8E-03  dev =  3.9E+00
 Jz    =       0.0000   dJZ=  0.0E+00 Om =       0.0000   dO =  0.0E+00  dev =  0.0E+00
--------------------------------------------------------------------------------------
 Iteration =   17
 dt    =   0.0247      mu   =   0.8277 gradn =    0.000E+00 D2H  =    3.432E-02
 E     =   -155.915    DE   =  0.18041E-03
 R     =   -157.368    DR   = -0.20303E-03
 R-E   =     -1.453  D(R-E) = -0.38533E-03
 dmun  = -1.9E-02      dmup= -2.9E-02
 RQ10t =       0.0636   dQ = -7.3E-03  L =      -0.3328   dL = -7.8E-03  dev =  6.4E-02
 RQ20t =      16.5627   dQ =  2.0E-01  L =       0.0000   dL =  0.0E+00  dev =  0.0E+00
 RQ22t =       0.0001   dQ = -1.6E-06  L =       0.0000   dL =  0.0E+00  dev =  0.0E+00
 RQ30t =      46.8474   dQ =  7.2E-01  L =       0.0642   dL =  1.5E-03  dev =  3.2E+00
 Jz    =       0.0000   dJZ=  0.0E+00 Om =       0.0000   dO =  0.0E+00  dev =  0.0E+00
--------------------------------------------------------------------------------------
 Iteration =   18
 dt    =   0.0247      mu   =   0.8275 gradn =    0.000E+00 D2H  =    3.354E-02
 E     =   -155.890    DE   =  0.15910E-03
 R     =   -157.393    DR   = -0.15851E-03
 R-E   =     -1.503  D(R-E) = -0.31914E-03
 dmun  = -1.8E-02      dmup= -2.5E-02
 RQ10t =       0.0594   dQ = -4.2E-03  L =      -0.3401   dL = -7.3E-03  dev =  5.9E-02
 RQ20t =      16.7745   dQ =  2.1E-01  L =       0.0000   dL =  0.0E+00  dev =  0.0E+00
 RQ22t =       0.0001   dQ = -1.7E-06  L =       0.0000   dL =  0.0E+00  dev =  0.0E+00
 RQ30t =      47.4792   dQ =  6.3E-01  L =       0.0654   dL =  1.2E-03  dev =  2.5E+00
 Jz    =       0.0000   dJZ=  0.0E+00 Om =       0.0000   dO =  0.0E+00  dev =  0.0E+00
--------------------------------------------------------------------------------------
 Iteration =   19
 dt    =   0.0247      mu   =   0.8272 gradn =    0.000E+00 D2H  =    3.257E-02
 E     =   -155.872    DE   =  0.11372E-03
 R     =   -157.415    DR   = -0.13944E-03
 R-E   =     -1.543  D(R-E) = -0.25454E-03
 dmun  = -1.8E-02      dmup= -2.3E-02
 RQ10t =       0.0566   dQ = -2.9E-03  L =      -0.3471   dL = -7.0E-03  dev =  5.7E-02
 RQ20t =      16.9979   dQ =  2.2E-01  L =       0.0000   dL =  0.0E+00  dev =  0.0E+00
 RQ22t =       0.0001   dQ = -1.7E-06  L =       0.0000   dL =  0.0E+00  dev =  0.0E+00
 RQ30t =      47.9900   dQ =  5.1E-01  L =       0.0664   dL =  9.5E-04  dev =  2.0E+00
 Jz    =       0.0000   dJZ=  0.0E+00 Om =       0.0000   dO =  0.0E+00  dev =  0.0E+00
--------------------------------------------------------------------------------------
--------------------------------------------------------------------------------------
                              Iteration =    20

--------------------- Hartree-Fock basis-------------------------------------------------------------------
__________________________________________________________________________________________________________
   Neutron wavefunctions
  i     P   Rz   occ          E       d2h    Delta |   JxT    JyT    Jz      J   |   SxT    SyT    Sz
----------------------------------------------------------------------------------------------------------
  1  1.00  1.0  1.0000     -35.477  1.0E-02   0.00 |  -0.50   0.50   0.50   0.51 |  -0.50   0.50   0.50
  9 -0.99  1.0  1.0000     -23.965  6.5E-02   0.02 |  -0.91   0.91   0.50   1.48 |  -0.43   0.43   0.36
 10 -0.98  1.0  1.0000     -22.077  1.9E-02   0.10 |  -0.00  -0.00  -1.50   1.52 |   0.00   0.00  -0.50
 11 -0.94  1.0  0.9793     -17.334  6.0E-02   1.63 |   0.37  -0.37   0.50   0.70 |  -0.07   0.07  -0.36
  2  0.90  1.0  0.6453     -12.439  1.5E-01   1.89 |  -1.24   1.24   0.50   2.29 |  -0.39   0.39   0.28
  3  0.97  1.0  0.2834     -10.991  7.6E-02   1.80 |  -0.00   0.00  -1.50   2.50 |  -0.00   0.00  -0.40
  4  0.96  1.0  0.0682      -9.257  3.2E-02   1.52 |   0.00  -0.00   2.50   2.53 |  -0.00   0.00   0.50
  5  0.85  1.0  0.0178      -7.417  2.3E-01   1.20 |  -0.64   0.64   0.50   1.42 |  -0.40   0.40   0.30
 12 -0.13  1.0  0.0015      -4.670  1.6E+00   0.39 |  -0.54   0.54   0.50   2.81 |  -0.45   0.45   0.40
  6  0.79  1.0  0.0044      -4.512  7.3E-01   0.92 |   0.65  -0.65   0.50   1.60 |  -0.24   0.24  -0.01
  7  0.83  1.0  0.0001      -2.552  1.7E-01   0.19 |  -0.00   0.00  -1.49   1.75 |   0.00  -0.00   0.38
 15 -0.79  1.0  0.0000      -0.225  1.1E+00   0.04 |  -1.21   1.21   0.50   3.02 |  -0.30   0.30   0.11
 13 -0.79  1.0  0.0000      -0.186  4.9E-01   0.01 |   0.03  -0.03  -1.49   2.97 |   0.00  -0.00  -0.41
 18 -0.66  1.0  0.0000       0.350  6.1E-01   0.02 |  -0.25   0.25   0.46   1.94 |  -0.03   0.04  -0.43
 17 -0.67  1.0  0.0000       0.673  6.4E-01   0.01 |   0.01  -0.02  -1.44   2.65 |   0.01  -0.01  -0.41
 14 -0.80  1.0  0.0000       1.154  3.3E-01   0.01 |   0.11  -0.11   1.52   2.92 |   0.28  -0.28   0.46
  8  0.84  1.0  0.0000       1.270  7.1E-01   0.01 |  -0.02   0.04   0.51   2.36 |  -0.00   0.01  -0.48
 19 -0.89  1.0  0.0000       1.871  1.4E-01   0.00 |   0.31  -0.31   1.34   2.89 |   0.18  -0.18   0.44
 20 -0.66  1.0  0.0000       2.430  2.4E+00   0.00 |  -0.74   0.74   0.50   2.46 |  -0.41   0.41   0.32
 16 -0.79  1.0  0.0000       2.747  1.7E-01   0.00 |  -0.00   0.00  -3.40   3.63 |  -0.00   0.00  -0.50
__________________________________________________________________________________________________________
   Proton  wavefunctions
  i     P   Rz   occ          E       d2h    Delta |   JxT    JyT    Jz      J   |   SxT    SyT    Sz
----------------------------------------------------------------------------------------------------------
 21  1.00  1.0  1.0000     -30.950  1.3E-02   0.00 |  -0.50   0.50   0.50   0.52 |  -0.50   0.50   0.50
 29 -0.99  1.0  1.0000     -19.640  7.1E-02   0.02 |  -0.91   0.91   0.50   1.48 |  -0.43   0.43   0.37
 30 -0.98  1.0  1.0000     -17.720  2.1E-02   0.13 |  -0.00  -0.00  -1.50   1.52 |   0.00   0.00  -0.50
 31 -0.94  1.0  0.9752     -13.063  6.4E-02   1.74 |   0.36  -0.36   0.50   0.71 |  -0.07   0.07  -0.36
 22  0.87  1.0  0.6389      -8.350  1.6E-01   1.97 |  -1.22   1.22   0.50   2.30 |  -0.39   0.39   0.29
 23  0.97  1.0  0.2824      -6.841  8.4E-02   1.90 |  -0.00   0.00  -1.50   2.50 |  -0.00   0.00  -0.40
 24  0.95  1.0  0.0721      -5.112  3.4E-02   1.60 |   0.00  -0.00   2.50   2.53 |   0.00  -0.00   0.50
 25  0.79  1.0  0.0204      -3.614  4.9E-01   1.19 |  -0.66   0.66   0.50   1.60 |  -0.40   0.40   0.30
 32 -0.17  1.0  0.0045      -2.614  2.5E+00   0.53 |  -0.58   0.58   0.50   2.82 |  -0.47   0.47   0.44
 26  0.85  1.0  0.0064      -0.620  1.4E+00   1.08 |   0.72  -0.72   0.50   1.54 |  -0.22   0.22  -0.06
 27  0.78  1.0  0.0002       1.074  2.2E-01   0.26 |  -0.00   0.00  -1.44   1.80 |   0.03  -0.03   0.37
 37 -0.66  1.0  0.0000       1.930  5.1E-01   0.05 |   0.01  -0.02  -1.48   2.23 |   0.00  -0.00  -0.49
 28  0.83  1.0  0.0000       2.337  6.8E-01   0.08 |  -0.00   0.01   0.49   2.14 |  -0.00   0.01  -0.49
 38 -0.63  1.0  0.0000       2.421  9.9E-01   0.03 |   0.10  -0.09   0.50   2.06 |  -0.01   0.01  -0.48
 39 -0.94  1.0  0.0000       2.588  1.5E-01   0.01 |   0.51  -0.51   0.52   2.25 |   0.49  -0.49   0.50
 35 -0.70  1.0  0.0000       3.437  6.4E-01   0.03 |  -1.43   1.43   0.50   3.02 |  -0.34   0.34   0.18
 33 -0.71  1.0  0.0000       3.865  9.1E-01   0.02 |  -0.10   0.11  -1.47   3.52 |  -0.00   0.00  -0.38
 40 -0.64  1.0  0.0000       4.681  2.3E+00   0.01 |   0.08  -0.08   0.54   3.22 |  -0.26   0.26   0.03
 34 -0.58  1.0  0.0000       4.705  7.9E-01   0.01 |   0.07  -0.07   2.27   3.35 |  -0.00   0.00   0.43
 36 -0.68  1.0  0.0000       5.499  3.7E-01   0.00 |  -0.00   0.00  -3.08   3.80 |  -0.00   0.00  -0.50
----------------------------------------------------------------------------------------------------------
--------------------- Canonical    basis-------------------------------------------------------------------
__________________________________________________________________________________________________________
   Neutron wavefunctions
  i     P   Rz   occ          E       d2h    Delta |   JxT    JyT    Jz      J   |   SxT    SyT    Sz
----------------------------------------------------------------------------------------------------------
 20  1.00  1.0  2.0000     -35.477  0.0E+00   0.00 |  -0.50   0.50   0.50   0.51 |  -0.50   0.50   0.50
 19 -0.99  1.0  2.0000     -23.964  0.0E+00   0.02 |  -0.92   0.92   0.50   1.48 |  -0.43   0.43   0.36
 18 -0.98  1.0  2.0000     -22.077  0.0E+00   0.10 |  -0.00  -0.00  -1.50   1.52 |   0.00   0.00  -0.50
 17 -0.94  1.0  1.9585     -17.334  0.0E+00   1.63 |   0.37  -0.37   0.50   0.69 |  -0.07   0.07  -0.36
 16  0.91  1.0  1.2911     -12.433  0.0E+00   1.90 |  -1.25   1.25   0.50   2.30 |  -0.39   0.39   0.28
 15  0.97  1.0  0.5668     -10.991  0.0E+00   1.80 |  -0.00   0.00  -1.50   2.50 |  -0.00   0.00  -0.40
 14  0.96  1.0  0.1364      -9.256  0.0E+00   1.52 |   0.00  -0.00   2.50   2.53 |  -0.00   0.00   0.50
 13  0.89  1.0  0.0377      -7.182  0.0E+00   1.32 |  -0.36   0.36   0.50   1.41 |  -0.31   0.31   0.11
 11 -0.32  1.0  0.0006      -5.046  0.0E+00   0.25 |  -0.84   0.84   0.50   2.93 |  -0.48   0.48   0.47
 12  0.92  1.0  0.0087      -4.205  0.0E+00   0.95 |   0.56  -0.56   0.50   1.44 |  -0.30   0.30   0.10
 10  0.83  1.0  0.0002      -2.554  0.0E+00   0.19 |  -0.00   0.00  -1.50   1.75 |   0.00  -0.00   0.38
  8 -0.78  1.0  0.0000      -0.258  0.0E+00   0.01 |  -1.27   1.27   0.50   3.09 |  -0.33   0.33   0.16
  9 -0.82  1.0  0.0000       0.208  0.0E+00   0.01 |   0.01  -0.00  -1.50   3.33 |   0.00  -0.00  -0.36
  5 -0.65  1.0  0.0000       0.275  0.0E+00   0.00 |   0.00  -0.01  -1.47   2.22 |  -0.00  -0.01  -0.48
  6 -0.72  1.0  0.0000       0.492  0.0E+00   0.00 |  -0.12   0.13   0.18   2.02 |  -0.01   0.02  -0.47
  2  0.90  1.0  0.0000       1.189  0.0E+00   0.00 |   0.00   0.01   0.50   2.32 |  -0.00   0.01  -0.49
  7 -0.74  1.0  0.0000       1.502  0.0E+00   0.00 |  -0.01   0.01   2.48   3.44 |   0.01  -0.01   0.43
  1 -0.95  1.0  0.0000       1.530  0.0E+00   0.00 |   0.47  -0.47   0.41   2.27 |   0.47  -0.47   0.49
  3 -0.68  1.0  0.0000       2.313  0.0E+00   0.00 |  -0.68   0.68   0.47   2.47 |  -0.41   0.41   0.31
  4 -0.78  1.0  0.0000       2.663  0.0E+00   0.00 |  -0.04   0.04  -3.09   3.52 |  -0.01   0.01  -0.48
__________________________________________________________________________________________________________
   Proton  wavefunctions
  i     P   Rz   occ          E       d2h    Delta |   JxT    JyT    Jz      J   |   SxT    SyT    Sz
----------------------------------------------------------------------------------------------------------
 40  1.00  1.0  2.0000     -30.950  0.0E+00   0.00 |  -0.50   0.50   0.50   0.52 |  -0.50   0.50   0.50
 39 -0.99  1.0  2.0000     -19.639  0.0E+00   0.02 |  -0.91   0.91   0.50   1.48 |  -0.43   0.43   0.36
 38 -0.98  1.0  1.9999     -17.720  0.0E+00   0.13 |  -0.00  -0.00  -1.50   1.52 |   0.00   0.00  -0.50
 37 -0.94  1.0  1.9504     -13.063  0.0E+00   1.74 |   0.37  -0.37   0.50   0.70 |  -0.07   0.07  -0.36
 36  0.89  1.0  1.2795      -8.338  0.0E+00   2.00 |  -1.23   1.23   0.50   2.29 |  -0.39   0.39   0.29
 35  0.97  1.0  0.5648      -6.841  0.0E+00   1.90 |  -0.00   0.00  -1.50   2.50 |  -0.00   0.00  -0.40
 34  0.95  1.0  0.1442      -5.112  0.0E+00   1.60 |  -0.00   0.00   2.50   2.53 |  -0.00   0.00   0.50
 31 -0.27  1.0  0.0020      -3.263  0.0E+00   0.35 |  -0.63   0.63   0.50   2.91 |  -0.48   0.48   0.46
 33  0.89  1.0  0.0470      -2.981  0.0E+00   1.42 |  -0.27   0.27   0.50   1.46 |  -0.27   0.27   0.05
 32  0.86  1.0  0.0117      -0.578  0.0E+00   1.01 |   0.35  -0.35   0.50   1.57 |  -0.34   0.34   0.18
 30  0.80  1.0  0.0004       1.105  0.0E+00   0.26 |   0.00  -0.00  -1.44   1.81 |   0.03  -0.03   0.38
 25 -0.73  1.0  0.0000       2.333  0.0E+00   0.00 |  -0.23   0.23   0.45   2.04 |  -0.03   0.03  -0.44
 24  0.79  1.0  0.0000       2.689  0.0E+00   0.00 |   0.07  -0.07   0.51   2.38 |  -0.03   0.04  -0.43
 21 -0.98  1.0  0.0000       2.799  0.0E+00   0.00 |   0.45  -0.45   0.38   2.18 |   0.47  -0.47   0.49
 28 -0.69  1.0  0.0000       2.872  0.0E+00   0.02 |   0.04  -0.03  -1.49   3.14 |   0.01  -0.00  -0.42
 27 -0.72  1.0  0.0000       2.909  0.0E+00   0.01 |   0.00  -0.00  -1.47   2.71 |   0.00  -0.00  -0.45
 29 -0.72  1.0  0.0000       3.143  0.0E+00   0.02 |  -1.11   1.10   0.50   3.09 |  -0.29   0.28   0.07
 26 -0.58  1.0  0.0000       4.475  0.0E+00   0.01 |  -0.01   0.01   2.43   3.40 |   0.01  -0.01   0.44
 22 -0.54  1.0  0.0000       4.660  0.0E+00   0.00 |   0.04  -0.04   0.53   2.96 |  -0.27   0.27   0.04
 23 -0.68  1.0  0.0000       5.510  0.0E+00   0.00 |  -0.00   0.00  -3.04   3.80 |  -0.00   0.00  -0.50
----------------------------------------------------------------------------------------------------------
---------------------------------Quasiparticles---------------------------------
Block 1:  P=+1  neutrons
  N      Eqp       f_n      |   U   V  |   B  P  ov_TR |    JxT    JyT    Jz
________________________________________________________________________________
  1    -23.62      0.00E+00 |    1   0 |   -  -  0.000 |    0.00   0.00   0.50
  2    -14.60      0.00E+00 |    0  16 |   -  -  0.000 |    0.00   0.00   3.40
  3    -14.29      0.00E+00 |    0  20 |   -  -  0.000 |    0.00   0.00  -0.50
  4    -13.73      0.00E+00 |    0  19 |   -  -  0.000 |    0.00   0.00  -1.34
  5    -13.13      0.00E+00 |    0   8 |   -  -  0.000 |    0.00   0.00  -0.51
  6    -13.01      0.00E+00 |    0  14 |   -  -  0.000 |    0.00   0.00  -1.52
  7    -12.53      0.00E+00 |    0  17 |   -  -  0.000 |    0.00   0.00   1.44
  8    -12.21      0.00E+00 |    0  18 |   -  -  0.000 |    0.00   0.00  -0.46
  9    -12.11      0.00E+00 |    9   0 |   -  -  0.000 |    0.00   0.00   0.50
 10    -11.67      0.00E+00 |    0  13 |   -  -  0.000 |    0.00   0.00   1.49
 11    -11.63      0.00E+00 |    0  15 |   -  -  0.000 |    0.00   0.00  -0.50
 12    -10.22      0.00E+00 |   10   0 |   -  -  0.000 |    0.00   0.00  -1.50
 13     -9.31      0.00E+00 |    0   7 |   -  -  0.000 |    0.00   0.00   1.49
 14     -7.42      0.00E+00 |    0   6 |   -  -  0.000 |    0.00   0.00  -0.49
 15     -7.21      0.00E+00 |    0  12 |   -  -  0.000 |    0.00   0.00  -0.50
 16     -5.71      0.00E+00 |   11  11 |   -  -  0.000 |    0.00   0.00   0.48
 17     -4.61      0.00E+00 |    5   5 |   -  -  0.000 |    0.00   0.00  -0.48
 18     -3.01      0.00E+00 |    4   4 |   -  -  0.000 |    0.00   0.00  -2.16
 19     -2.00      0.00E+00 |    3   3 |   -  -  0.000 |    0.00   0.00   0.65
 20     -1.98      0.00E+00 |    2   2 |   -  -  0.000 |    0.00   0.00   0.14
 21      1.98      1.00E+00 |    2   2 |   -  -  0.000 |    0.00   0.00  -0.14
 22      2.00      1.00E+00 |    3   3 |   -  -  0.000 |    0.00   0.00  -0.65
 23      3.01      1.00E+00 |    4   4 |   -  -  0.000 |    0.00   0.00   2.16
 24      4.61      1.00E+00 |    5   5 |   -  -  0.000 |    0.00   0.00   0.48
 25      5.71      1.00E+00 |   11  11 |   -  -  0.000 |    0.00   0.00  -0.48
 26      7.21      1.00E+00 |   12   0 |   -  -  0.000 |    0.00   0.00   0.50
 27      7.42      1.00E+00 |    6   0 |   -  -  0.000 |    0.00   0.00   0.49
 28      9.31      1.00E+00 |    7   0 |   -  -  0.000 |    0.00   0.00  -1.49
 29     10.22      1.00E+00 |    0  10 |   -  -  0.000 |    0.00   0.00   1.50
 30     11.63      1.00E+00 |   15   0 |   -  -  0.000 |    0.00   0.00   0.50
 31     11.67      1.00E+00 |   13   0 |   -  -  0.000 |    0.00   0.00  -1.49
 32     12.11      1.00E+00 |    0   9 |   -  -  0.000 |    0.00   0.00  -0.50
 33     12.21      1.00E+00 |   18   0 |   -  -  0.000 |    0.00   0.00   0.46
 34     12.53      1.00E+00 |   17   0 |   -  -  0.000 |    0.00   0.00  -1.44
 35     13.01      1.00E+00 |   14   0 |   -  -  0.000 |    0.00   0.00   1.52
 36     13.13      1.00E+00 |    8   0 |   -  -  0.000 |    0.00   0.00   0.51
 37     13.73      1.00E+00 |   19   0 |   -  -  0.000 |    0.00   0.00   1.34
 38     14.29      1.00E+00 |   20   0 |   -  -  0.000 |    0.00   0.00   0.50
 39     14.60      1.00E+00 |   16   0 |   -  -  0.000 |    0.00   0.00  -3.40
 40     23.62      1.00E+00 |    0   1 |   -  -  0.000 |    0.00   0.00  -0.50

Block 5:  P=+1   protons
  N      Eqp       f_n      |   U   V  |   B  P  ov_TR |    JxT    JyT    Jz
________________________________________________________________________________
  1    -23.19      0.00E+00 |   21   0 |   -  -  0.000 |    0.00   0.00   0.50
  2    -13.26      0.00E+00 |    0  36 |   -  -  0.000 |    0.00   0.00   3.08
  3    -12.47      0.00E+00 |    0  34 |   -  -  0.000 |    0.00   0.00  -2.27
  4    -12.44      0.00E+00 |    0  40 |   -  -  0.000 |    0.00   0.00  -0.54
  5    -11.88      0.00E+00 |   29   0 |   -  -  0.000 |    0.00   0.00   0.50
  6    -11.63      0.00E+00 |    0  33 |   -  -  0.000 |    0.00   0.00   1.47
  7    -11.20      0.00E+00 |    0  35 |   -  -  0.000 |    0.00   0.00  -0.50
  8    -10.35      0.00E+00 |    0  39 |   -  -  0.000 |    0.00   0.00  -0.52
  9    -10.18      0.00E+00 |    0  38 |   -  -  0.000 |    0.00   0.00  -0.50
 10    -10.10      0.00E+00 |    0  28 |   -  -  0.000 |    0.00   0.00  -0.49
 11     -9.96      0.00E+00 |   30   0 |   -  -  0.000 |    0.00   0.00  -1.50
 12     -9.69      0.00E+00 |    0  37 |   -  -  0.000 |    0.00   0.00   1.47
 13     -8.84      0.00E+00 |    0  27 |   -  -  0.000 |    0.00   0.00   1.44
 14     -7.23      0.00E+00 |    0  26 |   -  -  0.000 |    0.00   0.00  -0.49
 15     -5.59      0.00E+00 |   31  31 |   -  -  0.000 |    0.00   0.00   0.45
 16     -5.21      0.00E+00 |   31  32 |   -  -  0.000 |    0.00   0.00  -0.47
 17     -4.33      0.00E+00 |   25  25 |   -  -  0.000 |    0.00   0.00  -0.48
 18     -3.09      0.00E+00 |   24  24 |   -  -  0.000 |    0.00   0.00  -2.14
 19     -2.11      0.00E+00 |   23  23 |   -  -  0.000 |    0.00   0.00   0.65
 20     -2.04      0.00E+00 |   22  22 |   -  -  0.000 |    0.00   0.00   0.13
 21      2.04      1.00E+00 |   22  22 |   -  -  0.000 |    0.00   0.00  -0.13
 22      2.11      1.00E+00 |   23  23 |   -  -  0.000 |    0.00   0.00  -0.65
 23      3.09      1.00E+00 |   24  24 |   -  -  0.000 |    0.00   0.00   2.14
 24      4.33      1.00E+00 |   25  25 |   -  -  0.000 |    0.00   0.00   0.48
 25      5.21      1.00E+00 |   32  31 |   -  -  0.000 |    0.00   0.00   0.47
 26      5.59      1.00E+00 |   31  31 |   -  -  0.000 |    0.00   0.00  -0.45
 27      7.23      1.00E+00 |   26   0 |   -  -  0.000 |    0.00   0.00   0.49
 28      8.84      1.00E+00 |   27   0 |   -  -  0.000 |    0.00   0.00  -1.44
 29      9.69      1.00E+00 |   37   0 |   -  -  0.000 |    0.00   0.00  -1.47
 30      9.96      1.00E+00 |    0  30 |   -  -  0.000 |    0.00   0.00   1.50
 31     10.10      1.00E+00 |   28   0 |   -  -  0.000 |    0.00   0.00   0.49
 32     10.18      1.00E+00 |   38   0 |   -  -  0.000 |    0.00   0.00   0.50
 33     10.35      1.00E+00 |   39   0 |   -  -  0.000 |    0.00   0.00   0.52
 34     11.20      1.00E+00 |   35   0 |   -  -  0.000 |    0.00   0.00   0.50
 35     11.63      1.00E+00 |   33   0 |   -  -  0.000 |    0.00   0.00  -1.47
 36     11.88      1.00E+00 |    0  29 |   -  -  0.000 |    0.00   0.00  -0.50
 37     12.44      1.00E+00 |   40   0 |   -  -  0.000 |    0.00   0.00   0.54
 38     12.47      1.00E+00 |   34   0 |   -  -  0.000 |    0.00   0.00   2.27
 39     13.26      1.00E+00 |   36   0 |   -  -  0.000 |    0.00   0.00  -3.08
 40     23.19      1.00E+00 |    0  21 |   -  -  0.000 |    0.00   0.00  -0.50

--------------------------------------------------------------------------------
------------------------ Electric Multipole Moments -------------------------
Quantisation Axis             : Z
  With secondary axis ordering: X,Y
  Calculated wrt to COM = (   0.000   0.000   0.000)
______________________________________________________________________________
                   Neutrons        Protons          Charge         Total
______________________________________________________________________________
 Particles           10.0000         10.0000          9.9998         20.0000

Re  Q_{ 1 0}         -0.0055          0.0604          0.0599          0.0549
Constrained                                                           0.0000
Re De_{ 1 0}                                                   0.5485592E-01
Re La_{ 1 0}                                                         -0.3538

Re  Q_{ 2 0}          8.2787          8.9540          8.9443         17.2327
Re  Q_{ 2 2}          0.0000          0.0000          0.0000          0.0001

Re  Q_{ 3 0}         21.6694         26.7530         26.6886         48.4224
Constrained                                                          50.0000
Re De_{ 3 0}                                                   0.1577567E+01
Re La_{ 3 0}                                                          0.0671
Re  Q_{ 3 2}         -0.0000         -0.0000         -0.0000         -0.0000

Re  Q_{ 4 0}         60.1256         86.8308         86.1236        146.9564
Re  Q_{ 4 2}          0.0002         -0.0009         -0.0009         -0.0008
Re  Q_{ 4 4}         -0.0052         -0.1396          0.0782         -0.1449

Re  Q_{ 5 0}        278.5503        448.5789        442.2302        727.1293
Re  Q_{ 5 2}          0.0000         -0.0019         -0.0019         -0.0018
Re  Q_{ 5 4}          0.0172          0.5184          0.5787          0.5356

Re  Q_{ 6 0}       1125.8486       2227.8767       2149.9750       3353.7253
Re  Q_{ 6 2}         -0.0026         -0.0398         -0.0358         -0.0424
Re  Q_{ 6 4}          1.2644         -3.6002         -0.8125         -2.3358
Re  Q_{ 6 6}          0.0005          0.0008          0.0014          0.0013

Re  Q_{ 7 0}       4445.3353      10050.7910       9593.4723      14496.1263
Re  Q_{ 7 2}         -0.0260         -0.1100         -0.1065         -0.1360
Re  Q_{ 7 4}        -10.2575        -21.7179         -9.8977        -31.9754
Re  Q_{ 7 6}         -0.0039          0.1494          0.1341          0.1455

Re  Q_{ 8 0}      22210.8630      57846.0760      52874.5338      80056.9390
Re  Q_{ 8 2}          0.3684          1.7362          2.0345          2.1046
Re  Q_{ 8 4}         55.6381        219.0970        366.6966        274.7351
Re  Q_{ 8 6}          0.1838          0.2856          0.4681          0.4694
Re  Q_{ 8 8}          4.5140        672.7697        665.7146        677.2836

Re  Q_{ 9 0}      95286.2666     260611.1488     231984.5712     355897.4154
Re  Q_{ 9 2}         -0.5216         -5.3616         -3.9857         -5.8833
Re  Q_{ 9 4}        -84.2392       1312.3568       1427.8399       1228.1176
Re  Q_{ 9 6}         -0.3141         13.1049         12.0077         12.7908
Re  Q_{ 9 8}       -180.7947       1438.4258        508.6665       1257.6311

Re  Q_{10 0}     445325.3274    1424502.6078    1173623.1210    1869827.9352
Re  Q_{10 2}          5.2488        129.8428        116.7701        135.0916
Re  Q_{10 4}      -2155.0328      69452.7956      71873.3476      67297.7628
Re  Q_{10 6}          5.2699        -53.4423        -33.6545        -48.1723
Re  Q_{10 8}       1592.8345      91282.1149      85541.7640      92874.9494
Re  Q_{1010}         -1.6851         10.7389          6.2600          9.0539

 RMS radius           2.8578          2.9029          2.9685          2.8805
 Fourth mom.          3.1917          3.2735          3.3508          3.2334
______________________________________________________________________________
                   Neutrons        Protons          Charge         Total
______________________________________________________________________________


Beta_{ 2 0}       0.16341977      0.17675065      0.17655912      0.34017042
Beta_{ 2 2}       0.00000087      0.00000075      0.00000076      0.00000162

Beta_{ 3 0}       0.13132035      0.16212788      0.16173749      0.29344823
Beta_{ 3 2}      -0.00000004     -0.00000020     -0.00000019     -0.00000024

Beta_{ 4 0}       0.11186300      0.16154776      0.16023201      0.27341075
Beta_{ 4 2}       0.00000031     -0.00000177     -0.00000167     -0.00000146
Beta_{ 4 4}      -0.00000977     -0.00025977      0.00014556     -0.00026954

Beta_{ 5 0}       0.15910094      0.25621699      0.25259073      0.41531793
Beta_{ 5 2}       0.00000002     -0.00000108     -0.00000108     -0.00000106
Beta_{ 5 4}       0.00000985      0.00029610      0.00033055      0.00030595

Beta_{ 6 0}       0.19742000      0.39066302      0.37700278      0.58808301
Beta_{ 6 2}      -0.00000046     -0.00000697     -0.00000628     -0.00000743
Beta_{ 6 4}       0.00022171     -0.00063130     -0.00014247     -0.00040959
Beta_{ 6 6}       0.00000009      0.00000013      0.00000024      0.00000022

Beta_{ 7 0}       0.23930830      0.54107003      0.51645092      0.78037833
Beta_{ 7 2}      -0.00000140     -0.00000592     -0.00000574     -0.00000732
Beta_{ 7 4}      -0.00055220     -0.00116915     -0.00053283     -0.00172135
Beta_{ 7 6}      -0.00000021      0.00000804      0.00000722      0.00000783

Beta_{ 8 0}       0.36708003      0.95602495      0.87386003      1.32310498
Beta_{ 8 2}       0.00000609      0.00002869      0.00003362      0.00003478
Beta_{ 8 4}       0.00091953      0.00362103      0.00606041      0.00454056
Beta_{ 8 6}       0.00000304      0.00000472      0.00000774      0.00000776
Beta_{ 8 8}       0.00007460      0.01111890      0.01100230      0.01119350

Beta_{ 9 0}       0.48346799      1.32230123      1.17705434      1.80576922
Beta_{ 9 2}      -0.00000265     -0.00002720     -0.00002022     -0.00002985
Beta_{ 9 4}      -0.00042742      0.00665870      0.00724464      0.00623128
Beta_{ 9 6}      -0.00000159      0.00006649      0.00006093      0.00006490
Beta_{ 9 8}      -0.00091732      0.00729835      0.00258090      0.00638103

Beta_{10 0}       0.69367636      2.21892565      1.82813456      2.91260201
Beta_{10 2}       0.00000818      0.00020225      0.00018189      0.00021043
Beta_{10 4}      -0.00335686      0.10818554      0.11195600      0.10482868
Beta_{10 6}       0.00000821     -0.00008325     -0.00005242     -0.00007504
Beta_{10 8}       0.00248113      0.14218874      0.13324708      0.14466987
Beta_{1010}      -0.00000262      0.00001673      0.00000975      0.00001410


______________________________________________________________________________
                   Neutrons        Protons          Charge         Total
______________________________________________________________________________
Q_{ 1}                0.0055          0.0604          0.0599          0.0549
Q_{ 2}                8.2787          8.9540          8.9443         17.2327
Q_{ 3}               21.6694         26.7530         26.6886         48.4224
Q_{ 4}               60.1256         86.8311         86.1237        146.9566
Q_{ 5}              278.5503        448.5795        442.2309        727.1297
Q_{ 6}             1125.8500       2227.8825       2149.9753       3353.7269
Q_{ 7}             4445.3589      10050.8380       9593.4825      14496.1968
Q_{ 8}            22211.0033      57854.7298      52885.4575      80063.6114
Q_{ 9}            95286.6841     260625.6971     231994.4752     355906.0979
Q_{10}           445341.4532    1433708.4606    1184211.8065    1876850.0310
______________________________________________________________________________
                   Neutrons        Protons          Charge         Total
______________________________________________________________________________
Beta_{   1}       0.00035349      0.00388065      0.00385161      0.00352715
Beta_{   2}       0.16341977      0.17675065      0.17655912      0.34017042
Beta_{   3}       0.13132035      0.16212788      0.16173749      0.29344823
Beta_{   4}       0.11186300      0.16154817      0.16023215      0.27341102
Beta_{   5}       0.15910094      0.25621733      0.25259117      0.41531816
Beta_{   6}       0.19742025      0.39066404      0.37700283      0.58808330
Beta_{   7}       0.23930957      0.54107256      0.51645147      0.78038212
Beta_{   8}       0.36708235      0.95616797      0.87404057      1.32321526
Beta_{   9}       0.48347011      1.32237505      1.17710459      1.80581327
Beta_{  10}       0.69370148      2.23326546      1.84462839      2.92354022
______________________________________________________________________________
 Cart. Moments X              Y              Z
 Cart. N      -13.1242980    -13.1246393     26.2489373
 Cart. P      -14.1949420    -14.1952389     28.3901808
 Cart. T      -27.3192399    -27.3198782     54.6391181
 (Q, gamma)    Q              Gamma
 (Q,g) N       26.2489373      0.0004302
 (Q,g) P       28.3901808      0.0003459
 (Q,g) T       54.6391181      0.0003864
 (iq1, iq2)    iq1            iq2
 iq    N       26.2488235      0.0002276
 iq    P       28.3900819      0.0001979
 iq    T       54.6389054      0.0004255
               X^2            Y^2            Z^2
 X^2_i N       22.8492465     22.8491327     35.9736582
 X^2_i P       23.3580109     23.3579119     37.5530518
 X^2_i T       46.2072574     46.2070446     73.5267100
----------------------------------------------------------------------------
----------------------- Box Size Check -------------------------
 Xmax = (nx+0.5)dx =  9.200 fm,  max(rho(X=Xmax)) =    3.920E-07
 Ymax = (ny+0.5)dx =  9.200 fm,  max(rho(Y=Ymax)) =    3.920E-07
 Zmax = (nz+0.5)dx =  9.200 fm,  max(rho(Z=Zmax)) =    7.893E-05
 Zmin =-(nz+0.5)dx = -9.200fm,  max(rho(Z=Zmin)) =    1.422E-05
---------------------Rotational properties--------------------
                Rigid rotor          (hbar^2/MeV)
              n              p              t 
 I_R X       1.4184065      1.4687591      2.8871656
 I_R Y       1.4184093      1.4687615      2.8871708
 I_R Z       1.1019348      1.1264710      2.2284058

                Belyaev                 (hbar^2/MeV) 
              n              p              t 
 I_B X       0.4255176      0.4103267      0.8358443
 I_B Y       0.4255019      0.4103133      0.8358151
 I_B Z       0.0000069      0.0000189      0.0000258

                Belyaev (collective)    (hbar^2/MeV) 
              n              p              t 
 I_B X       0.4255176      0.4103267      0.8358443
 I_B Y       0.4255019      0.4103133      0.8358151
 I_B Z       0.0000069      0.0000189      0.0000258

                 <J^2> - <J>^2          (hbar^2)
              n              p              t 
 J2_X        1.1503484      1.1515305      2.3018788
 J2_Y        1.1503140      1.1515047      2.3018187
 J2_Z        0.0000411      0.0001174      0.0001586
 J2_t        2.3007035      2.3031526      4.6038561

                 <J^2> - <J>^2 (coll.)  (hbar^2)
              n              p              t 
 J2_X        1.1503484      1.1515305      2.3018788
 J2_Y        1.1503140      1.1515047      2.3018187
 J2_Z        0.0000411      0.0001174      0.0001586
 J2_t        2.3007035      2.3031526      4.6038561
------------------------- Angular Momentum (hbar) --------------------------

               Spwfs(*)    Desired     Omega       E (MeV)      Densit. 
  __________________________________________________________________________
   J_x   |     0.00000     0.00000     0.00000     0.00000     0.00000
   J_y   |     0.00000     0.00000     0.00000     0.00000     0.00000
   J_z   |     0.00000     0.00000     0.00000     0.00000     0.00000
  __________________________________________________________________________
   Size  |     0.00000     0.00000     0.00000                 0.00000
  --------------------------------------------------------------------------
-------------------------- Pairing -------------------------
                          N         P 
 Fermi Level (MeV)    -11.85780569    -7.76075008
 Particles             10.00000000    10.00000000
 Dispersion             2.15255669     2.20943617
 Average gap   v^2      0.71622710     0.76418938
 Average gap   uv       1.65876730     1.72409977
------------------------------------------------------------
--------------------------------------------------------------------------------
 Skyrme Energy                Isospin  1 2 3 4                   Energy [MeV]
--------------------------------------------------------------------------------
E_D_I_I_D_I_I                          0 0                      -1299.600001
E_D_I_I_D_I_I                          1 1                          0.054425
E_D_I_I_D_I_I_D_I_I                    0 0 0                      738.919968
E_D_I_I_D_I_I_D_I_I                    0 1 1                       -0.027436
E_D_I_I_D_Nm_Nm                        0 0                         28.115784
E_D_I_I_D_Nm_Nm                        1 1                         -0.003259
E_D_I_I_Lap_D_I_I                      0 0                         57.944102
E_D_I_I_Lap_D_I_I                      1 1                          0.001440
E_C_I_NmSk_C_I_NmSk                    0 0                         -0.000000
E_C_I_NmSk_C_I_NmSk                    1 1                         -0.000000
E_D_I_I_D_I_I_D_Nm_Nm                  0 0 0                        0.000000
E_D_I_I_D_I_I_D_Nm_Nm                  0 1 1                       -0.000000
E_D_I_I_D_I_I_D_Nm_Nm                  0 0 0                        0.000000
E_D_I_I_D_I_I_D_Nm_Nm                  0 1 1                        0.000000
E_D_I_I_Derm_D_I_I_Derm_D_I_I          0 0 0                        0.000000
E_D_I_I_Derm_D_I_I_Derm_D_I_I          0 1 1                       -0.000000
E_D_I_I_Derm_D_I_I_Derm_D_I_I          0 0 0                       -0.000000
E_D_I_I_Derm_D_I_I_Derm_D_I_I          0 1 1                       -0.000000
E_D_I_I_Derm_D_I_I_D_I_I_Derm_D_I_I    0 0 0 0                      0.000000
E_D_I_I_Derm_D_I_I_D_I_I_Derm_D_I_I    0 0 1 1                     -0.000000
E_D_I_I_Derm_C_I_NxmSxm                0 0                        -11.477787
E_D_I_I_Derm_C_I_NxmSxm                1 1                         -0.000706
E_DP_I_I_DP_I_I                        n n                         -4.446196
E_DP_I_I_DP_I_I                        p p                         -4.747928
E_D_I_I_DP_I_I_DP_I_I                  0 n n                        1.855825
E_D_I_I_DP_I_I_DP_I_I                  0 p p                        1.950508
--------------------------------------------------------------------------------
                 Total Skyrme:                                   -491.461263
--------------------------------------------------------------------------------
                    time-even:                                   -491.461263
                    time-odd :                                      0.000000
                    bilinear :                                  -1234.160127
                    trilinear:                                      0.000000
                 quadrilinear:                                      0.000000
            density-dependent:                                    742.698864
--------------------------------------------------------------------------------
--------------------------------------------------------------------------------
                                     neutron        proton         total
                Kinetic Energy:     163.956121     160.402928     324.359049
                    COM 1-body:      -8.197806      -8.020146     -16.217952
                    COM 2-body:       3.271468       3.216018       6.487486
                            ph:       3.244420       3.183909       6.428330
                            pp:       0.027047       0.032109       0.059156
                 Collective T:                                     -2.561707

                 Rotational  T:                                    -2.561707
                 Rotational  X:                                    -1.280578
                 Rotational  Y:                                    -1.280589
                 Rotational  Z:                                    -0.000540

                 Vibrational T:                                     0.000000
                 Vibrational X:                                    -0.000000
                 Vibrational Y:                                    -0.000000
                 Vibrational Z:                                    -0.000000


                Coulomb Direct:       0.000000      23.498669      23.498669
                      Exchange:       0.000000       0.000000       0.000000

               Pairing (delta):      -2.586635      -2.809387      -5.396022
               Pairing (densi):                                    -5.387792
--------------------------------------------------------------------------------
                  Total energy:                                  -155.895718
                    from spwfs:                                  -155.829254
                   E_fu - E_sp:                                -0.664640E-01
                   (no corr.) :                                  -159.821497
                      Routhian:                                  -157.470318
                         dE   :                                -0.232489E-01
                         dR   :                                -0.550051E-01
--------------------------------------------------------------------------------
 Iteration =   21
 dt    =   0.0247      mu   =   0.8267 gradn =    0.000E+00 D2H  =    2.763E-02
 E     =   -155.884    DE   =  0.72308E-04
 R     =   -157.484    DR   = -0.88173E-04
 R-E   =     -1.600  D(R-E) = -0.16139E-03
 dmun  = -1.6E-02      dmup= -1.8E-02
 RQ10t =       0.0534   dQ = -1.5E-03  L =      -0.3604   dL = -6.6E-03  dev =  5.3E-02
 RQ20t =      17.4753   dQ =  2.4E-01  L =       0.0000   dL =  0.0E+00  dev =  0.0E+00
 RQ22t =       0.0001   dQ = -1.8E-06  L =       0.0000   dL =  0.0E+00  dev =  0.0E+00
 RQ30t =      48.7882   dQ =  3.7E-01  L =       0.0677   dL =  5.7E-04  dev =  1.2E+00
 Jz    =       0.0000   dJZ=  0.0E+00 Om =       0.0000   dO =  0.0E+00  dev =  0.0E+00
--------------------------------------------------------------------------------------
 Iteration =   22
 dt    =   0.0247      mu   =   0.8264 gradn =    0.000E+00 D2H  =    2.456E-02
 E     =   -155.874    DE   =  0.64704E-04
 R     =   -157.494    DR   = -0.63423E-04
 R-E   =     -1.620  D(R-E) = -0.12879E-03
 dmun  = -1.4E-02      dmup= -1.7E-02
 RQ10t =       0.0519   dQ = -1.5E-03  L =      -0.3668   dL = -6.4E-03  dev =  5.2E-02
 RQ20t =      17.7244   dQ =  2.5E-01  L =       0.0000   dL =  0.0E+00  dev =  0.0E+00
 RQ22t =       0.0001   dQ = -1.8E-06  L =       0.0000   dL =  0.0E+00  dev =  0.0E+00
 RQ30t =      49.1193   dQ =  3.3E-01  L =       0.0681   dL =  4.2E-04  dev =  8.8E-01
 Jz    =       0.0000   dJZ=  0.0E+00 Om =       0.0000   dO =  0.0E+00  dev =  0.0E+00
--------------------------------------------------------------------------------------
 Iteration =   23
 dt    =   0.0247      mu   =   0.8263 gradn =    0.000E+00 D2H  =    2.171E-02
 E     =   -155.863    DE   =  0.71044E-04
 R     =   -157.499    DR   = -0.31916E-04
 R-E   =     -1.636  D(R-E) = -0.10330E-03
 dmun  = -1.3E-02      dmup= -1.5E-02
 RQ10t =       0.0505   dQ = -1.4E-03  L =      -0.3730   dL = -6.2E-03  dev =  5.0E-02
 RQ20t =      17.9778   dQ =  2.5E-01  L =       0.0000   dL =  0.0E+00  dev =  0.0E+00
 RQ22t =       0.0001   dQ = -1.9E-06  L =       0.0000   dL =  0.0E+00  dev =  0.0E+00
 RQ30t =      49.4449   dQ =  3.3E-01  L =       0.0684   dL =  2.6E-04  dev =  5.6E-01
 Jz    =       0.0000   dJZ=  0.0E+00 Om =       0.0000   dO =  0.0E+00  dev =  0.0E+00
--------------------------------------------------------------------------------------
 Iteration =   24
 dt    =   0.0247      mu   =   0.8263 gradn =    0.000E+00 D2H  =    1.943E-02
 E     =   -155.851    DE   =  0.77358E-04
 R     =   -157.499    DR   = -0.10186E-05
 R-E   =     -1.648  D(R-E) = -0.78388E-04
 dmun  = -1.2E-02      dmup= -1.4E-02
 RQ10t =       0.0485   dQ = -1.9E-03  L =      -0.3789   dL = -6.0E-03  dev =  4.9E-02
 RQ20t =      18.2301   dQ =  2.5E-01  L =       0.0000   dL =  0.0E+00  dev =  0.0E+00
 RQ22t =       0.0001   dQ = -2.0E-06  L =       0.0000   dL =  0.0E+00  dev =  0.0E+00
 RQ30t =      49.7568   dQ =  3.1E-01  L =       0.0685   dL =  1.2E-04  dev =  2.4E-01
 Jz    =       0.0000   dJZ=  0.0E+00 Om =       0.0000   dO =  0.0E+00  dev =  0.0E+00
--------------------------------------------------------------------------------------
 Iteration =   25
 dt    =   0.0247      mu   =   0.8263 gradn =    0.000E+00 D2H  =    1.791E-02
 E     =   -155.838    DE   =  0.83098E-04
 R     =   -157.495    DR   =  0.27962E-04
 R-E   =     -1.657  D(R-E) = -0.54839E-04
 dmun  = -1.0E-02      dmup= -1.2E-02
 RQ10t =       0.0458   dQ = -2.7E-03  L =      -0.3846   dL = -5.6E-03  dev =  4.6E-02
 RQ20t =      18.4763   dQ =  2.5E-01  L =       0.0000   dL =  0.0E+00  dev =  0.0E+00
 RQ22t =       0.0001   dQ = -2.0E-06  L =       0.0000   dL =  0.0E+00  dev =  0.0E+00
 RQ30t =      50.0515   dQ =  2.9E-01  L =       0.0685   dL = -2.4E-05  dev =  5.2E-02
 Jz    =       0.0000   dJZ=  0.0E+00 Om =       0.0000   dO =  0.0E+00  dev =  0.0E+00
--------------------------------------------------------------------------------------
 Iteration =   26
 dt    =   0.0247      mu   =   0.8264 gradn =    0.000E+00 D2H  =    1.711E-02
 E     =   -155.825    DE   =  0.86373E-04
 R     =   -157.487    DR   =  0.53258E-04
 R-E   =     -1.662  D(R-E) = -0.32547E-04
 dmun  = -8.6E-03      dmup= -1.0E-02
 RQ10t =       0.0424   dQ = -3.4E-03  L =      -0.3898   dL = -5.2E-03  dev =  4.2E-02
 RQ20t =      18.7126   dQ =  2.4E-01  L =       0.0000   dL =  0.0E+00  dev =  0.0E+00
 RQ22t =       0.0001   dQ = -2.0E-06  L =       0.0000   dL =  0.0E+00  dev =  0.0E+00
 RQ30t =      50.3256   dQ =  2.7E-01  L =       0.0683   dL = -1.5E-04  dev =  3.3E-01
 Jz    =       0.0000   dJZ=  0.0E+00 Om =       0.0000   dO =  0.0E+00  dev =  0.0E+00
--------------------------------------------------------------------------------------
 Iteration =   27
 dt    =   0.0247      mu   =   0.8265 gradn =    0.000E+00 D2H  =    1.671E-02
 E     =   -155.812    DE   =  0.85274E-04
 R     =   -157.475    DR   =  0.73130E-04
 R-E   =     -1.664  D(R-E) = -0.11363E-04
 dmun  = -7.3E-03      dmup= -8.7E-03
 RQ10t =       0.0384   dQ = -4.0E-03  L =      -0.3945   dL = -4.7E-03  dev =  3.8E-02
 RQ20t =      18.9359   dQ =  2.2E-01  L =       0.0000   dL =  0.0E+00  dev =  0.0E+00
 RQ22t =       0.0001   dQ = -2.1E-06  L =       0.0000   dL =  0.0E+00  dev =  0.0E+00
 RQ30t =      50.5734   dQ =  2.5E-01  L =       0.0681   dL = -2.7E-04  dev =  5.7E-01
 Jz    =       0.0000   dJZ=  0.0E+00 Om =       0.0000   dO =  0.0E+00  dev =  0.0E+00
--------------------------------------------------------------------------------------
 Iteration =   28
 dt    =   0.0247      mu   =   0.8266 gradn =    0.000E+00 D2H  =    1.624E-02
 E     =   -155.799    DE   =  0.79674E-04
 R     =   -157.461    DR   =  0.87349E-04
 R-E   =     -1.662  D(R-E) =  0.86071E-05
 dmun  = -6.3E-03      dmup= -7.0E-03
 RQ10t =       0.0339   dQ = -4.5E-03  L =      -0.3987   dL = -4.2E-03  dev =  3.4E-02
 RQ20t =      19.1441   dQ =  2.1E-01  L =       0.0000   dL =  0.0E+00  dev =  0.0E+00
 RQ22t =       0.0001   dQ = -2.1E-06  L =       0.0000   dL =  0.0E+00  dev =  0.0E+00
 RQ30t =      50.7895   dQ =  2.2E-01  L =       0.0677   dL = -3.7E-04  dev =  7.9E-01
 Jz    =       0.0000   dJZ=  0.0E+00 Om =       0.0000   dO =  0.0E+00  dev =  0.0E+00
--------------------------------------------------------------------------------------
 Iteration =   29
 dt    =   0.0247      mu   =   0.8267 gradn =    0.000E+00 D2H  =    1.537E-02
 E     =   -155.788    DE   =  0.70721E-04
 R     =   -157.446    DR   =  0.96846E-04
 R-E   =     -1.658  D(R-E) =  0.27155E-04
 dmun  = -5.5E-03      dmup= -5.6E-03
 RQ10t =       0.0292   dQ = -4.7E-03  L =      -0.4023   dL = -3.6E-03  dev =  2.9E-02
 RQ20t =      19.3364   dQ =  1.9E-01  L =       0.0000   dL =  0.0E+00  dev =  0.0E+00
 RQ22t =       0.0001   dQ = -2.1E-06  L =       0.0000   dL =  0.0E+00  dev =  0.0E+00
 RQ30t =      50.9704   dQ =  1.8E-01  L =       0.0672   dL = -4.6E-04  dev =  9.7E-01
 Jz    =       0.0000   dJZ=  0.0E+00 Om =       0.0000   dO =  0.0E+00  dev =  0.0E+00
--------------------------------------------------------------------------------------
--------------------------------------------------------------------------------------
                              Iteration =    30

--------------------- Hartree-Fock basis-------------------------------------------------------------------
__________________________________________________________________________________________________________
   Neutron wavefunctions
  i     P   Rz   occ          E       d2h    Delta |   JxT    JyT    Jz      J   |   SxT    SyT    Sz
----------------------------------------------------------------------------------------------------------
  1  1.00  1.0  1.0000     -35.370  4.6E-03   0.00 |  -0.50   0.50   0.50   0.52 |  -0.50   0.50   0.50
  9 -0.99  1.0  1.0000     -24.079  2.3E-02   0.02 |  -0.90   0.90   0.50   1.47 |  -0.44   0.44   0.38
 10 -0.98  1.0  1.0000     -21.937  8.6E-03   0.12 |  -0.00  -0.00  -1.50   1.52 |   0.00   0.00  -0.50
 11 -0.93  1.0  0.9796     -17.218  2.8E-02   1.55 |   0.34  -0.34   0.50   0.74 |  -0.07   0.07  -0.37
  2  0.89  1.0  0.6848     -12.691  8.2E-02   1.83 |  -1.19   1.19   0.50   2.26 |  -0.40   0.40   0.30
  3  0.97  1.0  0.2630     -11.023  2.1E-02   1.73 |  -0.00   0.00  -1.50   2.50 |  -0.00   0.00  -0.41
  4  0.95  1.0  0.0515      -9.068  1.5E-02   1.42 |   0.00  -0.00   2.50   2.54 |  -0.00   0.00   0.50
  5  0.82  1.0  0.0160      -7.396  1.7E-01   1.16 |  -0.66   0.66   0.50   1.53 |  -0.38   0.38   0.27
 12 -0.20  1.0  0.0016      -5.428  8.7E-01   0.39 |  -0.53   0.53   0.50   2.88 |  -0.48   0.48   0.46
  6  0.87  1.0  0.0034      -4.344  7.2E-01   0.85 |   0.71  -0.71   0.50   1.49 |  -0.23   0.23  -0.04
  7  0.78  1.0  0.0001      -2.490  6.7E-02   0.15 |  -0.00   0.00  -1.49   1.82 |   0.00  -0.00   0.37
 15 -0.77  1.0  0.0000      -0.675  5.6E-01   0.04 |  -1.21   1.21   0.50   3.02 |  -0.30   0.30   0.10
 13 -0.75  1.0  0.0000      -0.418  1.5E-01   0.01 |   0.03  -0.03  -1.49   2.85 |   0.00  -0.00  -0.43
 18 -0.58  1.0  0.0000       0.242  2.0E-01   0.02 |  -0.24   0.25   0.46   1.95 |  -0.04   0.04  -0.42
 17 -0.57  1.0  0.0000       0.588  3.3E-01   0.01 |   0.02  -0.02  -1.45   2.74 |   0.01  -0.01  -0.40
 14 -0.72  1.0  0.0000       1.079  1.7E-01   0.01 |   0.16  -0.16   1.49   2.90 |   0.30  -0.30   0.46
  8  0.75  1.0  0.0000       1.241  3.3E-01   0.01 |  -0.07   0.08   0.51   2.47 |  -0.01   0.02  -0.47
 20 -0.50  1.0  0.0000       1.661  2.0E+00   0.01 |  -0.76   0.76   0.50   2.38 |  -0.42   0.42   0.34
 19 -0.87  1.0  0.0000       1.860  5.0E-02   0.00 |   0.25  -0.25   1.32   2.90 |   0.16  -0.16   0.44
 16 -0.77  1.0  0.0000       2.807  7.4E-02   0.00 |  -0.00   0.00  -3.38   3.65 |  -0.00   0.00  -0.50
__________________________________________________________________________________________________________
   Proton  wavefunctions
  i     P   Rz   occ          E       d2h    Delta |   JxT    JyT    Jz      J   |   SxT    SyT    Sz
----------------------------------------------------------------------------------------------------------
 21  1.00  1.0  1.0000     -30.858  5.0E-03   0.00 |  -0.50   0.50   0.50   0.52 |  -0.50   0.50   0.50
 29 -0.99  1.0  1.0000     -19.770  2.6E-02   0.02 |  -0.89   0.89   0.50   1.47 |  -0.44   0.44   0.38
 30 -0.98  1.0  0.9999     -17.599  9.4E-03   0.16 |  -0.00  -0.00  -1.50   1.52 |   0.00   0.00  -0.50
 31 -0.92  1.0  0.9761     -12.968  3.0E-02   1.63 |   0.34  -0.34   0.50   0.75 |  -0.07   0.07  -0.37
 22  0.86  1.0  0.6817      -8.625  8.2E-02   1.89 |  -1.17   1.17   0.50   2.26 |  -0.40   0.40   0.31
 23  0.97  1.0  0.2607      -6.889  2.5E-02   1.81 |  -0.00   0.00  -1.50   2.50 |  -0.00   0.00  -0.41
 24  0.95  1.0  0.0543      -4.947  1.7E-02   1.49 |   0.00  -0.00   2.50   2.54 |   0.00  -0.00   0.50
 25  0.71  1.0  0.0187      -3.745  4.5E-01   1.12 |  -0.68   0.68   0.50   1.79 |  -0.38   0.38   0.27
 32 -0.14  1.0  0.0043      -3.303  1.0E+00   0.51 |  -0.54   0.54   0.50   2.82 |  -0.49   0.49   0.48
 26  0.86  1.0  0.0041      -0.411  3.9E-01   0.91 |   0.70  -0.70   0.50   1.53 |  -0.21   0.21  -0.07
 27  0.73  1.0  0.0002       1.083  7.5E-02   0.22 |  -0.01   0.01  -1.43   1.88 |   0.03  -0.03   0.36
 37 -0.59  1.0  0.0000       1.816  1.6E-01   0.05 |   0.02  -0.02  -1.47   2.25 |   0.00  -0.00  -0.48
 28  0.72  1.0  0.0000       2.223  2.6E-01   0.08 |   0.04  -0.03   0.49   2.11 |  -0.01   0.01  -0.48
 38 -0.51  1.0  0.0000       2.436  3.5E-01   0.03 |  -0.00   0.00   0.50   2.23 |  -0.01   0.01  -0.48
 39 -0.91  1.0  0.0000       2.575  6.9E-02   0.01 |   0.50  -0.50   0.54   2.25 |   0.49  -0.49   0.50
 35 -0.67  1.0  0.0000       3.165  3.8E-01   0.04 |  -1.37   1.37   0.50   2.96 |  -0.35   0.34   0.19
 33 -0.55  1.0  0.0000       3.457  7.5E-01   0.02 |  -0.06   0.07  -1.45   3.52 |   0.00  -0.00  -0.38
 40 -0.46  1.0  0.0000       3.991  1.5E+00   0.02 |   0.13  -0.13   0.52   2.94 |  -0.31   0.31   0.12
 34 -0.41  1.0  0.0000       4.429  7.0E-01   0.02 |   0.08  -0.08   2.14   3.26 |   0.02  -0.02   0.44
 36 -0.62  1.0  0.0000       5.453  1.3E-01   0.00 |  -0.00   0.00  -3.06   3.84 |  -0.00   0.00  -0.50
----------------------------------------------------------------------------------------------------------
--------------------- Canonical    basis-------------------------------------------------------------------
__________________________________________________________________________________________________________
   Neutron wavefunctions
  i     P   Rz   occ          E       d2h    Delta |   JxT    JyT    Jz      J   |   SxT    SyT    Sz
----------------------------------------------------------------------------------------------------------
 20  1.00  1.0  2.0000     -35.370  0.0E+00   0.00 |  -0.50   0.50   0.50   0.52 |  -0.50   0.50   0.50
 19 -0.99  1.0  2.0000     -24.078  0.0E+00   0.02 |  -0.90   0.90   0.50   1.47 |  -0.44   0.44   0.38
 18 -0.98  1.0  1.9999     -21.937  0.0E+00   0.12 |  -0.00  -0.00  -1.50   1.52 |   0.00   0.00  -0.50
 17 -0.93  1.0  1.9592     -17.218  0.0E+00   1.55 |   0.35  -0.35   0.50   0.73 |  -0.07   0.07  -0.37
 16  0.90  1.0  1.3699     -12.684  0.0E+00   1.84 |  -1.20   1.20   0.50   2.26 |  -0.40   0.40   0.30
 15  0.97  1.0  0.5260     -11.023  0.0E+00   1.73 |  -0.00   0.00  -1.50   2.50 |  -0.00   0.00  -0.41
 14  0.95  1.0  0.1030      -9.067  0.0E+00   1.42 |   0.00  -0.00   2.50   2.53 |  -0.00   0.00   0.50
 13  0.88  1.0  0.0346      -7.122  0.0E+00   1.29 |  -0.37   0.37   0.50   1.49 |  -0.28   0.28   0.07
 11 -0.29  1.0  0.0010      -5.839  0.0E+00   0.30 |  -0.69   0.69   0.50   2.88 |  -0.49   0.49   0.48
 12  0.89  1.0  0.0060      -4.162  0.0E+00   0.80 |   0.48  -0.48   0.50   1.51 |  -0.32   0.32   0.13
 10  0.78  1.0  0.0001      -2.495  0.0E+00   0.15 |  -0.00   0.00  -1.49   1.84 |   0.00  -0.00   0.37
  9 -0.77  1.0  0.0000      -0.658  0.0E+00   0.02 |  -1.22   1.23   0.50   3.10 |  -0.33   0.33   0.16
  8 -0.77  1.0  0.0000      -0.105  0.0E+00   0.02 |   0.01  -0.01  -1.50   3.24 |   0.00  -0.00  -0.37
  4 -0.56  1.0  0.0000       0.269  0.0E+00   0.00 |  -0.00  -0.02  -1.47   2.28 |  -0.02  -0.02  -0.47
  6 -0.66  1.0  0.0000       0.993  0.0E+00   0.00 |  -0.69   0.70   0.43   2.18 |  -0.19   0.20  -0.11
  5 -0.55  1.0  0.0000       0.999  0.0E+00   0.00 |  -0.23   0.24   0.44   2.22 |  -0.23   0.26  -0.01
  2  0.87  1.0  0.0000       1.099  0.0E+00   0.00 |  -0.01   0.02   0.50   2.40 |  -0.00   0.01  -0.48
  7 -0.68  1.0  0.0000       1.442  0.0E+00   0.00 |  -0.02   0.02   2.46   3.41 |   0.01  -0.01   0.44
  1 -0.93  1.0  0.0000       1.509  0.0E+00   0.00 |   0.46  -0.46   0.38   2.28 |   0.46  -0.46   0.49
  3 -0.77  1.0  0.0000       2.788  0.0E+00   0.00 |  -0.01   0.01  -3.28   3.62 |  -0.00   0.00  -0.49
__________________________________________________________________________________________________________
   Proton  wavefunctions
  i     P   Rz   occ          E       d2h    Delta |   JxT    JyT    Jz      J   |   SxT    SyT    Sz
----------------------------------------------------------------------------------------------------------
 40  1.00  1.0  2.0000     -30.858  0.0E+00   0.00 |  -0.50   0.50   0.50   0.52 |  -0.50   0.50   0.50
 39 -0.99  1.0  2.0000     -19.769  0.0E+00   0.02 |  -0.90   0.90   0.50   1.47 |  -0.44   0.44   0.38
 38 -0.98  1.0  1.9999     -17.599  0.0E+00   0.16 |  -0.00  -0.00  -1.50   1.52 |   0.00   0.00  -0.50
 37 -0.93  1.0  1.9522     -12.967  0.0E+00   1.63 |   0.34  -0.34   0.50   0.74 |  -0.07   0.07  -0.37
 36  0.88  1.0  1.3646      -8.614  0.0E+00   1.91 |  -1.18   1.18   0.50   2.26 |  -0.40   0.40   0.31
 35  0.97  1.0  0.5214      -6.889  0.0E+00   1.81 |  -0.00   0.00  -1.50   2.50 |  -0.00   0.00  -0.41
 34  0.95  1.0  0.1086      -4.946  0.0E+00   1.49 |  -0.00   0.00   2.50   2.54 |  -0.00   0.00   0.50
 31 -0.26  1.0  0.0036      -3.742  0.0E+00   0.39 |  -0.59   0.59   0.50   3.01 |  -0.49   0.49   0.49
 33  0.87  1.0  0.0430      -3.215  0.0E+00   1.32 |  -0.41   0.41   0.50   1.52 |  -0.29   0.29   0.08
 32  0.85  1.0  0.0064      -0.470  0.0E+00   0.82 |   0.46  -0.46   0.50   1.53 |  -0.31   0.31   0.12
 30  0.75  1.0  0.0003       1.115  0.0E+00   0.22 |  -0.00   0.00  -1.45   1.90 |   0.02  -0.02   0.37
 25 -0.70  1.0  0.0000       2.384  0.0E+00   0.00 |  -0.31   0.31   0.46   2.12 |  -0.04   0.04  -0.43
 27 -0.56  1.0  0.0000       2.546  0.0E+00   0.01 |   0.03  -0.03  -1.46   2.61 |   0.00  -0.00  -0.46
 24  0.67  1.0  0.0000       2.582  0.0E+00   0.00 |   0.13  -0.13   0.51   2.40 |  -0.07   0.07  -0.36
 28 -0.60  1.0  0.0000       2.724  0.0E+00   0.03 |   0.02  -0.03  -1.49   3.23 |   0.01  -0.01  -0.42
 21 -0.97  1.0  0.0000       2.788  0.0E+00   0.00 |   0.44  -0.44   0.36   2.18 |   0.47  -0.47   0.49
 29 -0.68  1.0  0.0000       2.804  0.0E+00   0.03 |  -1.09   1.09   0.50   3.15 |  -0.28   0.28   0.06
 22 -0.25  1.0  0.0000       3.992  0.0E+00   0.00 |   0.10  -0.10   0.51   2.57 |  -0.28   0.28   0.07
 26 -0.38  1.0  0.0000       4.186  0.0E+00   0.00 |   0.03  -0.03   2.34   3.33 |   0.03  -0.03   0.45
 23 -0.62  1.0  0.0000       5.461  0.0E+00   0.00 |   0.00  -0.00  -3.04   3.84 |  -0.00   0.00  -0.50
----------------------------------------------------------------------------------------------------------
---------------------------------Quasiparticles---------------------------------
Block 1:  P=+1  neutrons
  N      Eqp       f_n      |   U   V  |   B  P  ov_TR |    JxT    JyT    Jz
________________________________________________________________________________
  1    -23.41      0.00E+00 |    1   0 |   -  -  0.000 |    0.00   0.00   0.50
  2    -14.76      0.00E+00 |    0  16 |   -  -  0.000 |    0.00   0.00   3.38
  3    -13.82      0.00E+00 |    0  19 |   -  -  0.000 |    0.00   0.00  -1.32
  4    -13.62      0.00E+00 |    0  20 |   -  -  0.000 |    0.00   0.00  -0.50
  5    -13.20      0.00E+00 |    0   8 |   -  -  0.000 |    0.00   0.00  -0.51
  6    -13.03      0.00E+00 |    0  14 |   -  -  0.000 |    0.00   0.00  -1.49
  7    -12.54      0.00E+00 |    0  17 |   -  -  0.000 |    0.00   0.00   1.45
  8    -12.20      0.00E+00 |    0  18 |   -  -  0.000 |    0.00   0.00  -0.46
  9    -12.12      0.00E+00 |    9   0 |   -  -  0.000 |    0.00   0.00   0.50
 10    -11.54      0.00E+00 |    0  13 |   -  -  0.000 |    0.00   0.00   1.49
 11    -11.28      0.00E+00 |    0  15 |   -  -  0.000 |    0.00   0.00  -0.50
 12     -9.98      0.00E+00 |   10   0 |   -  -  0.000 |    0.00   0.00  -1.50
 13     -9.47      0.00E+00 |    0   7 |   -  -  0.000 |    0.00   0.00   1.49
 14     -7.67      0.00E+00 |    0   6 |   -  -  0.000 |    0.00   0.00  -0.50
 15     -6.56      0.00E+00 |    0  12 |   -  -  0.000 |    0.00   0.00  -0.49
 16     -5.48      0.00E+00 |   11  11 |   -  -  0.000 |    0.00   0.00   0.48
 17     -4.71      0.00E+00 |    5   5 |   -  -  0.000 |    0.00   0.00  -0.48
 18     -3.22      0.00E+00 |    4   4 |   -  -  0.000 |    0.00   0.00  -2.24
 19     -1.97      0.00E+00 |    3   3 |   -  -  0.000 |    0.00   0.00   0.71
 20     -1.97      0.00E+00 |    2   2 |   -  -  0.000 |    0.00   0.00   0.18
 21      1.97      1.00E+00 |    2   2 |   -  -  0.000 |    0.00   0.00  -0.18
 22      1.97      1.00E+00 |    3   3 |   -  -  0.000 |    0.00   0.00  -0.71
 23      3.22      1.00E+00 |    4   4 |   -  -  0.000 |    0.00   0.00   2.24
 24      4.71      1.00E+00 |    5   5 |   -  -  0.000 |    0.00   0.00   0.48
 25      5.48      1.00E+00 |   11  11 |   -  -  0.000 |    0.00   0.00  -0.48
 26      6.56      1.00E+00 |   12   0 |   -  -  0.000 |    0.00   0.00   0.49
 27      7.67      1.00E+00 |    6   0 |   -  -  0.000 |    0.00   0.00   0.50
 28      9.47      1.00E+00 |    7   0 |   -  -  0.000 |    0.00   0.00  -1.49
 29      9.98      1.00E+00 |    0  10 |   -  -  0.000 |    0.00   0.00   1.50
 30     11.28      1.00E+00 |   15   0 |   -  -  0.000 |    0.00   0.00   0.50
 31     11.54      1.00E+00 |   13   0 |   -  -  0.000 |    0.00   0.00  -1.49
 32     12.12      1.00E+00 |    0   9 |   -  -  0.000 |    0.00   0.00  -0.50
 33     12.20      1.00E+00 |   18   0 |   -  -  0.000 |    0.00   0.00   0.46
 34     12.54      1.00E+00 |   17   0 |   -  -  0.000 |    0.00   0.00  -1.45
 35     13.03      1.00E+00 |   14   0 |   -  -  0.000 |    0.00   0.00   1.49
 36     13.20      1.00E+00 |    8   0 |   -  -  0.000 |    0.00   0.00   0.51
 37     13.62      1.00E+00 |   20   0 |   -  -  0.000 |    0.00   0.00   0.50
 38     13.82      1.00E+00 |   19   0 |   -  -  0.000 |    0.00   0.00   1.32
 39     14.76      1.00E+00 |   16   0 |   -  -  0.000 |    0.00   0.00  -3.38
 40     23.41      1.00E+00 |    0   1 |   -  -  0.000 |    0.00   0.00  -0.50

Block 5:  P=+1   protons
  N      Eqp       f_n      |   U   V  |   B  P  ov_TR |    JxT    JyT    Jz
________________________________________________________________________________
  1    -22.98      0.00E+00 |   21   0 |   -  -  0.000 |    0.00   0.00   0.50
  2    -13.33      0.00E+00 |    0  36 |   -  -  0.000 |    0.00   0.00   3.06
  3    -12.30      0.00E+00 |    0  34 |   -  -  0.000 |    0.00   0.00  -2.14
  4    -11.90      0.00E+00 |   29   0 |   -  -  0.000 |    0.00   0.00   0.50
  5    -11.86      0.00E+00 |    0  40 |   -  -  0.000 |    0.00   0.00  -0.52
  6    -11.33      0.00E+00 |    0  33 |   -  -  0.000 |    0.00   0.00   1.45
  7    -11.04      0.00E+00 |    0  35 |   -  -  0.000 |    0.00   0.00  -0.50
  8    -10.45      0.00E+00 |    0  39 |   -  -  0.000 |    0.00   0.00  -0.54
  9    -10.31      0.00E+00 |    0  38 |   -  -  0.000 |    0.00   0.00  -0.50
 10    -10.10      0.00E+00 |    0  28 |   -  -  0.000 |    0.00   0.00  -0.49
 11     -9.73      0.00E+00 |   30  37 |   -  -  0.000 |    0.00   0.00  -1.39
 12     -9.69      0.00E+00 |   30  37 |   -  -  0.000 |    0.00   0.00   1.37
 13     -8.96      0.00E+00 |    0  27 |   -  -  0.000 |    0.00   0.00   1.43
 14     -7.53      0.00E+00 |    0  26 |   -  -  0.000 |    0.00   0.00  -0.50
 15     -5.35      0.00E+00 |   31  31 |   -  -  0.000 |    0.00   0.00   0.47
 16     -4.63      0.00E+00 |    0  32 |   -  -  0.000 |    0.00   0.00  -0.48
 17     -4.29      0.00E+00 |   25  25 |   -  -  0.000 |    0.00   0.00  -0.48
 18     -3.28      0.00E+00 |   24  24 |   -  -  0.000 |    0.00   0.00  -2.23
 19     -2.06      0.00E+00 |   23  23 |   -  -  0.000 |    0.00   0.00   0.72
 20     -2.01      0.00E+00 |   22  22 |   -  -  0.000 |    0.00   0.00   0.17
 21      2.01      1.00E+00 |   22  22 |   -  -  0.000 |    0.00   0.00  -0.17
 22      2.06      1.00E+00 |   23  23 |   -  -  0.000 |    0.00   0.00  -0.72
 23      3.28      1.00E+00 |   24  24 |   -  -  0.000 |    0.00   0.00   2.23
 24      4.29      1.00E+00 |   25  25 |   -  -  0.000 |    0.00   0.00   0.48
 25      4.63      1.00E+00 |   32   0 |   -  -  0.000 |    0.00   0.00   0.48
 26      5.35      1.00E+00 |   31  31 |   -  -  0.000 |    0.00   0.00  -0.47
 27      7.53      1.00E+00 |   26   0 |   -  -  0.000 |    0.00   0.00   0.50
 28      8.96      1.00E+00 |   27   0 |   -  -  0.000 |    0.00   0.00  -1.43
 29      9.69      1.00E+00 |   37  30 |   -  -  0.000 |    0.00   0.00  -1.37
 30      9.73      1.00E+00 |   37  30 |   -  -  0.000 |    0.00   0.00   1.39
 31     10.10      1.00E+00 |   28   0 |   -  -  0.000 |    0.00   0.00   0.49
 32     10.31      1.00E+00 |   38   0 |   -  -  0.000 |    0.00   0.00   0.50
 33     10.45      1.00E+00 |   39   0 |   -  -  0.000 |    0.00   0.00   0.54
 34     11.04      1.00E+00 |   35   0 |   -  -  0.000 |    0.00   0.00   0.50
 35     11.33      1.00E+00 |   33   0 |   -  -  0.000 |    0.00   0.00  -1.45
 36     11.86      1.00E+00 |   40   0 |   -  -  0.000 |    0.00   0.00   0.52
 37     11.90      1.00E+00 |    0  29 |   -  -  0.000 |    0.00   0.00  -0.50
 38     12.30      1.00E+00 |   34   0 |   -  -  0.000 |    0.00   0.00   2.14
 39     13.33      1.00E+00 |   36   0 |   -  -  0.000 |    0.00   0.00  -3.06
 40     22.98      1.00E+00 |    0  21 |   -  -  0.000 |    0.00   0.00  -0.50

--------------------------------------------------------------------------------
------------------------ Electric Multipole Moments -------------------------
Quantisation Axis             : Z
  With secondary axis ordering: X,Y
  Calculated wrt to COM = (   0.000   0.000   0.000)
______________________________________________________________________________
                   Neutrons        Protons          Charge         Total
______________________________________________________________________________
 Particles           10.0000         10.0000          9.9998         20.0000

Re  Q_{ 1 0}         -0.0246          0.0492          0.0485          0.0246
Constrained                                                           0.0000
Re De_{ 1 0}                                                   0.2462753E-01
Re La_{ 1 0}                                                         -0.4053

Re  Q_{ 2 0}          9.3800         10.1330         10.1198         19.5130
Re  Q_{ 2 2}          0.0000          0.0000          0.0000          0.0001

Re  Q_{ 3 0}         22.7710         28.3433         28.2500         51.1143
Constrained                                                          50.0000
Re De_{ 3 0}                                                   0.1114328E+01
Re La_{ 3 0}                                                          0.0667
Re  Q_{ 3 2}          0.0000         -0.0000         -0.0000          0.0000

Re  Q_{ 4 0}         74.8958        106.8776        105.7263        181.7734
Re  Q_{ 4 2}          0.0001         -0.0007         -0.0006         -0.0005
Re  Q_{ 4 4}          0.0092         -0.0552          0.1610         -0.0459

Re  Q_{ 5 0}        337.8079        540.8071        531.3959        878.6150
Re  Q_{ 5 2}         -0.0000         -0.0011         -0.0011         -0.0011
Re  Q_{ 5 4}         -0.1453         -0.1562         -0.0588         -0.3015

Re  Q_{ 6 0}       1485.9484       2928.5656       2803.2149       4414.5140
Re  Q_{ 6 2}         -0.0025         -0.0201         -0.0185         -0.0225
Re  Q_{ 6 4}          1.5850          1.7765          4.7151          3.3615
Re  Q_{ 6 6}          0.0005          0.0035          0.0036          0.0040

Re  Q_{ 7 0}       6575.7557      14037.4203      13296.1711      20613.1760
Re  Q_{ 7 2}         -0.0260         -0.1518         -0.1501         -0.1778
Re  Q_{ 7 4}         -4.0552        -12.7539         -5.2076        -16.8090
Re  Q_{ 7 6}          0.0025          0.0436          0.0379          0.0461

Re  Q_{ 8 0}      37757.0093      92008.4929      82631.8222     129765.5021
Re  Q_{ 8 2}          0.2903          2.9486          2.8254          3.2389
Re  Q_{ 8 4}          1.3214        121.1793        260.8201        122.5007
Re  Q_{ 8 6}          0.1798          0.8480          0.9366          1.0278
Re  Q_{ 8 8}         -0.6302        396.8814        357.6685        396.2513

Re  Q_{ 9 0}     181969.0814     448782.3469     397735.7751     630751.4282
Re  Q_{ 9 2}         -0.7336         -3.3705         -3.0965         -4.1041
Re  Q_{ 9 4}       1049.0823       4266.8467       4819.6470       5315.9290
Re  Q_{ 9 6}          0.3977          4.2181          3.7463          4.6158
Re  Q_{ 9 8}        474.4764       2118.6786       2051.8534       2593.1550

Re  Q_{10 0}    1026844.0451    2829797.4466    2260159.1337    3856641.4917
Re  Q_{10 2}        -13.2156        -25.5535        -24.8911        -38.7692
Re  Q_{10 4}        -93.2247      26036.2958      28591.4696      25943.0712
Re  Q_{10 6}         10.9220        -13.3649          5.9511         -2.4429
Re  Q_{10 8}       -272.0900      36168.8270      31205.6670      35896.7370
Re  Q_{1010}         -2.8107        -17.4708        -18.1317        -20.2816

 RMS radius           2.8708          2.9170          2.9822          2.8940
 Fourth mom.          3.2112          3.2955          3.3716          3.2542
______________________________________________________________________________
                   Neutrons        Protons          Charge         Total
______________________________________________________________________________


Beta_{ 2 0}       0.18515985      0.20002297      0.19976312      0.38518283
Beta_{ 2 2}       0.00000065      0.00000058      0.00000058      0.00000123

Beta_{ 3 0}       0.13799644      0.17176513      0.17119983      0.30976157
Beta_{ 3 2}       0.00000004     -0.00000003     -0.00000003      0.00000000

Beta_{ 4 0}       0.13934283      0.19884451      0.19670256      0.33818733
Beta_{ 4 2}       0.00000025     -0.00000121     -0.00000114     -0.00000096
Beta_{ 4 4}       0.00001720     -0.00010261      0.00029953     -0.00008541

Beta_{ 5 0}       0.19294738      0.30889542      0.30351994      0.50184280
Beta_{ 5 2}      -0.00000000     -0.00000063     -0.00000060     -0.00000063
Beta_{ 5 4}      -0.00008301     -0.00008922     -0.00003358     -0.00017223

Beta_{ 6 0}       0.26056428      0.51353033      0.49154982      0.77409460
Beta_{ 6 2}      -0.00000043     -0.00000352     -0.00000324     -0.00000395
Beta_{ 6 4}       0.00027794      0.00031151      0.00082680      0.00058945
Beta_{ 6 6}       0.00000009      0.00000061      0.00000063      0.00000070

Beta_{ 7 0}       0.35399645      0.75568454      0.71578045      1.10968099
Beta_{ 7 2}      -0.00000140     -0.00000817     -0.00000808     -0.00000957
Beta_{ 7 4}      -0.00021830     -0.00068659     -0.00028034     -0.00090489
Beta_{ 7 6}       0.00000013      0.00000235      0.00000204      0.00000248

Beta_{ 8 0}       0.62401196      1.52062890      1.36566020      2.14464086
Beta_{ 8 2}       0.00000480      0.00004873      0.00004670      0.00005353
Beta_{ 8 4}       0.00002184      0.00200274      0.00431059      0.00202458
Beta_{ 8 6}       0.00000297      0.00001401      0.00001548      0.00001699
Beta_{ 8 8}      -0.00001041      0.00655928      0.00591121      0.00654886

Beta_{ 9 0}       0.92328337      2.27705320      2.01805068      3.20033657
Beta_{ 9 2}      -0.00000372     -0.00001710     -0.00001571     -0.00002082
Beta_{ 9 4}       0.00532288      0.02164933      0.02445415      0.02697221
Beta_{ 9 6}       0.00000202      0.00002140      0.00001901      0.00002342
Beta_{ 9 8}       0.00240742      0.01074985      0.01041079      0.01315727

Beta_{10 0}       1.59949906      4.40793165      3.52061487      6.00743071
Beta_{10 2}      -0.00002059     -0.00003980     -0.00003877     -0.00006039
Beta_{10 4}      -0.00014521      0.04055633      0.04453649      0.04041112
Beta_{10 6}       0.00001701     -0.00002082      0.00000927     -0.00000381
Beta_{10 8}      -0.00042383      0.05633962      0.04860858      0.05591579
Beta_{1010}      -0.00000438     -0.00002721     -0.00002824     -0.00003159


______________________________________________________________________________
                   Neutrons        Protons          Charge         Total
______________________________________________________________________________
Q_{ 1}                0.0246          0.0492          0.0485          0.0246
Q_{ 2}                9.3800         10.1330         10.1198         19.5130
Q_{ 3}               22.7710         28.3433         28.2500         51.1143
Q_{ 4}               74.8958        106.8776        105.7265        181.7734
Q_{ 5}              337.8080        540.8072        531.3959        878.6152
Q_{ 6}             1485.9501       2928.5666       2803.2229       4414.5165
Q_{ 7}             6575.7582      14037.4319      13296.1731      20613.1897
Q_{ 8}            37757.0094      92010.3645      82634.1937     129766.8279
Q_{ 9}           181976.3666     448832.9138     397804.7574     630806.8892
Q_{10}          1026844.1260    2830499.2027    2260951.5350    3857150.0925
______________________________________________________________________________
                   Neutrons        Protons          Charge         Total
______________________________________________________________________________
Beta_{   1}       0.00157957      0.00316309      0.00312120      0.00158351
Beta_{   2}       0.18515985      0.20002297      0.19976312      0.38518283
Beta_{   3}       0.13799644      0.17176513      0.17119983      0.30976157
Beta_{   4}       0.13934283      0.19884456      0.19670301      0.33818736
Beta_{   5}       0.19294742      0.30889544      0.30351994      0.50184286
Beta_{   6}       0.26056457      0.51353052      0.49155121      0.77409505
Beta_{   7}       0.35399658      0.75568516      0.71578056      1.10968173
Beta_{   8}       0.62401196      1.52065983      1.36569940      2.14466277
Beta_{   9}       0.92332034      2.27730977      2.01840068      3.20061797
Beta_{  10}       1.59949919      4.40902476      3.52184918      6.00822295
______________________________________________________________________________
 Cart. Moments X              Y              Z
 Cart. N      -14.8703173    -14.8705728     29.7408900
 Cart. P      -16.0640094    -16.0642365     32.1282459
 Cart. T      -30.9343267    -30.9348092     61.8691359
 (Q, gamma)    Q              Gamma
 (Q,g) N       29.7408900      0.0002842
 (Q,g) P       32.1282459      0.0002337
 (Q,g) T       61.8691359      0.0002580
 (iq1, iq2)    iq1            iq2
 iq    N       29.7408048      0.0001703
 iq    P       32.1281702      0.0001513
 iq    T       61.8689751      0.0003217
               X^2            Y^2            Z^2
 X^2_i N       22.5157074     22.5156223     37.3861099
 X^2_i P       23.0076165     23.0075408     39.0717016
 X^2_i T       45.5233239     45.5231631     76.4578115
----------------------------------------------------------------------------
----------------------- Box Size Check -------------------------
 Xmax = (nx+0.5)dx =  9.200 fm,  max(rho(X=Xmax)) =    5.061E-07
 Ymax = (ny+0.5)dx =  9.200 fm,  max(rho(Y=Ymax)) =    5.062E-07
 Zmax = (nz+0.5)dx =  9.200 fm,  max(rho(Z=Zmax)) =    1.395E-04
 Zmin =-(nz+0.5)dx = -9.200fm,  max(rho(Z=Zmin)) =    2.704E-05
---------------------Rotational properties--------------------
                Rigid rotor          (hbar^2/MeV)
              n              p              t 
 I_R X       1.4444233      1.4969301      2.9413533
 I_R Y       1.4444253      1.4969319      2.9413572
 I_R Z       1.0858501      1.1095733      2.1954234

                Belyaev                 (hbar^2/MeV) 
              n              p              t 
 I_B X       0.5155725      0.5041374      1.0197099
 I_B Y       0.5155584      0.5041262      1.0196846
 I_B Z       0.0000106      0.0000210      0.0000317

                Belyaev (collective)    (hbar^2/MeV) 
              n              p              t 
 I_B X       0.5155725      0.5041374      1.0197099
 I_B Y       0.5155584      0.5041262      1.0196846
 I_B Z       0.0000106      0.0000210      0.0000317

                 <J^2> - <J>^2          (hbar^2)
              n              p              t 
 J2_X        1.3695160      1.3715182      2.7410342
 J2_Y        1.3694853      1.3714969      2.7409822
 J2_Z        0.0000679      0.0001301      0.0001980
 J2_t        2.7390692      2.7431452      5.4822144

                 <J^2> - <J>^2 (coll.)  (hbar^2)
              n              p              t 
 J2_X        1.3695160      1.3715182      2.7410342
 J2_Y        1.3694853      1.3714969      2.7409822
 J2_Z        0.0000679      0.0001301      0.0001980
 J2_t        2.7390692      2.7431452      5.4822144
------------------------- Angular Momentum (hbar) --------------------------

               Spwfs(*)    Desired     Omega       E (MeV)      Densit. 
  __________________________________________________________________________
   J_x   |     0.00000     0.00000     0.00000     0.00000     0.00000
   J_y   |     0.00000     0.00000     0.00000     0.00000     0.00000
   J_z   |     0.00000     0.00000     0.00000     0.00000     0.00000
  __________________________________________________________________________
   Size  |     0.00000     0.00000     0.00000                 0.00000
  --------------------------------------------------------------------------
-------------------------- Pairing -------------------------
                          N         P 
 Fermi Level (MeV)    -11.95578563    -7.87381025
 Particles             10.00000000    10.00000000
 Dispersion             1.99318180     2.03569812
 Average gap   v^2      0.69376656     0.73243679
 Average gap   uv       1.59187324     1.62727400
------------------------------------------------------------
--------------------------------------------------------------------------------
 Skyrme Energy                Isospin  1 2 3 4                   Energy [MeV]
--------------------------------------------------------------------------------
E_D_I_I_D_I_I                          0 0                      -1295.236153
E_D_I_I_D_I_I                          1 1                          0.054442
E_D_I_I_D_I_I_D_I_I                    0 0 0                      735.860952
E_D_I_I_D_I_I_D_I_I                    0 1 1                       -0.027421
E_D_I_I_D_Nm_Nm                        0 0                         27.865755
E_D_I_I_D_Nm_Nm                        1 1                         -0.003238
E_D_I_I_Lap_D_I_I                      0 0                         57.900757
E_D_I_I_Lap_D_I_I                      1 1                          0.001432
E_C_I_NmSk_C_I_NmSk                    0 0                         -0.000000
E_C_I_NmSk_C_I_NmSk                    1 1                         -0.000000
E_D_I_I_D_I_I_D_Nm_Nm                  0 0 0                        0.000000
E_D_I_I_D_I_I_D_Nm_Nm                  0 1 1                       -0.000000
E_D_I_I_D_I_I_D_Nm_Nm                  0 0 0                        0.000000
E_D_I_I_D_I_I_D_Nm_Nm                  0 1 1                        0.000000
E_D_I_I_Derm_D_I_I_Derm_D_I_I          0 0 0                        0.000000
E_D_I_I_Derm_D_I_I_Derm_D_I_I          0 1 1                       -0.000000
E_D_I_I_Derm_D_I_I_Derm_D_I_I          0 0 0                       -0.000000
E_D_I_I_Derm_D_I_I_Derm_D_I_I          0 1 1                       -0.000000
E_D_I_I_Derm_D_I_I_D_I_I_Derm_D_I_I    0 0 0 0                      0.000000
E_D_I_I_Derm_D_I_I_D_I_I_Derm_D_I_I    0 0 1 1                     -0.000000
E_D_I_I_Derm_C_I_NxmSxm                0 0                        -11.087362
E_D_I_I_Derm_C_I_NxmSxm                1 1                         -0.000617
E_DP_I_I_DP_I_I                        n n                         -4.056393
E_DP_I_I_DP_I_I                        p p                         -4.272677
E_D_I_I_DP_I_I_DP_I_I                  0 n n                        1.696789
E_D_I_I_DP_I_I_DP_I_I                  0 p p                        1.759636
--------------------------------------------------------------------------------
                 Total Skyrme:                                   -489.544098
--------------------------------------------------------------------------------
                    time-even:                                   -489.544098
                    time-odd :                                      0.000000
                    bilinear :                                  -1228.834054
                    trilinear:                                      0.000000
                 quadrilinear:                                      0.000000
            density-dependent:                                    739.289956
--------------------------------------------------------------------------------
--------------------------------------------------------------------------------
                                     neutron        proton         total
                Kinetic Energy:     163.046937     159.478877     322.525814
                    COM 1-body:      -8.152347      -7.973944     -16.126291
                    COM 2-body:       3.240225       3.181744       6.421969
                            ph:       3.214092       3.151487       6.365578
                            pp:       0.026133       0.030258       0.056390
                 Collective T:                                     -2.500570

                 Rotational  T:                                    -2.500570
                 Rotational  X:                                    -1.249944
                 Rotational  Y:                                    -1.249951
                 Rotational  Z:                                    -0.000675

                 Vibrational T:                                     0.000000
                 Vibrational X:                                    -0.000000
                 Vibrational Y:                                    -0.000000
                 Vibrational Z:                                    -0.000000


                Coulomb Direct:       0.000000      23.439976      23.439976
                      Exchange:       0.000000       0.000000       0.000000

               Pairing (delta):      -2.374165      -2.526808      -4.900973
               Pairing (densi):                                    -4.872646
--------------------------------------------------------------------------------
                  Total energy:                                  -155.783200
                    from spwfs:                                  -155.821371
                   E_fu - E_sp:                                 0.381711E-01
                   (no corr.) :                                  -159.704599
                      Routhian:                                  -157.434288
                         dE   :                                 0.490508E-02
                         dR   :                                 0.117821E-01
--------------------------------------------------------------------------------
 Iteration =   31
 dt    =   0.0247      mu   =   0.8270 gradn =    0.000E+00 D2H  =    1.244E-02
 E     =   -155.776    DE   =  0.47263E-04
 R     =   -157.418    DR   =  0.10538E-03
 R-E   =     -1.642  D(R-E) =  0.59230E-04
 dmun  = -4.7E-03      dmup= -3.7E-03
 RQ10t =       0.0203   dQ = -4.3E-03  L =      -0.4078   dL = -2.5E-03  dev =  2.0E-02
 RQ20t =      19.6746   dQ =  1.6E-01  L =       0.0000   dL =  0.0E+00  dev =  0.0E+00
 RQ22t =       0.0001   dQ = -2.2E-06  L =       0.0000   dL =  0.0E+00  dev =  0.0E+00
 RQ30t =      51.2206   dQ =  1.1E-01  L =       0.0661   dL = -5.8E-04  dev =  1.2E+00
 Jz    =       0.0000   dJZ=  0.0E+00 Om =       0.0000   dO =  0.0E+00  dev =  0.0E+00
--------------------------------------------------------------------------------------
 Iteration =   32
 dt    =   0.0247      mu   =   0.8272 gradn =    0.000E+00 D2H  =    1.069E-02
 E     =   -155.770    DE   =  0.34628E-04
 R     =   -157.401    DR   =  0.10555E-03
 R-E   =     -1.631  D(R-E) =  0.72031E-04
 dmun  = -4.6E-03      dmup= -3.0E-03
 RQ10t =       0.0163   dQ = -3.9E-03  L =      -0.4098   dL = -2.0E-03  dev =  1.6E-02
 RQ20t =      19.8225   dQ =  1.5E-01  L =       0.0000   dL =  0.0E+00  dev =  0.0E+00
 RQ22t =       0.0001   dQ = -2.2E-06  L =       0.0000   dL =  0.0E+00  dev =  0.0E+00
 RQ30t =      51.2897   dQ =  6.9E-02  L =       0.0655   dL = -6.1E-04  dev =  1.3E+00
 Jz    =       0.0000   dJZ=  0.0E+00 Om =       0.0000   dO =  0.0E+00  dev =  0.0E+00
--------------------------------------------------------------------------------------
 Iteration =   33
 dt    =   0.0247      mu   =   0.8275 gradn =    0.000E+00 D2H  =    8.996E-03
 E     =   -155.767    DE   =  0.22442E-04
 R     =   -157.385    DR   =  0.10356E-03
 R-E   =     -1.618  D(R-E) =  0.82197E-04
 dmun  = -4.4E-03      dmup= -2.5E-03
 RQ10t =       0.0129   dQ = -3.4E-03  L =      -0.4114   dL = -1.6E-03  dev =  1.3E-02
 RQ20t =      19.9581   dQ =  1.4E-01  L =       0.0000   dL =  0.0E+00  dev =  0.0E+00
 RQ22t =       0.0001   dQ = -2.2E-06  L =       0.0000   dL =  0.0E+00  dev =  0.0E+00
 RQ30t =      51.3241   dQ =  3.4E-02  L =       0.0649   dL = -6.3E-04  dev =  1.3E+00
 Jz    =       0.0000   dJZ=  0.0E+00 Om =       0.0000   dO =  0.0E+00  dev =  0.0E+00
--------------------------------------------------------------------------------------
 Iteration =   34
 dt    =   0.0247      mu   =   0.8277 gradn =    0.000E+00 D2H  =    7.484E-03
 E     =   -155.765    DE   =  0.11127E-04
 R     =   -157.369    DR   =  0.99676E-04
 R-E   =     -1.604  D(R-E) =  0.89576E-04
 dmun  = -4.4E-03      dmup= -2.1E-03
 RQ10t =       0.0100   dQ = -2.9E-03  L =      -0.4126   dL = -1.2E-03  dev =  1.0E-02
 RQ20t =      20.0828   dQ =  1.2E-01  L =       0.0000   dL =  0.0E+00  dev =  0.0E+00
 RQ22t =       0.0001   dQ = -2.1E-06  L =       0.0000   dL =  0.0E+00  dev =  0.0E+00
 RQ30t =      51.3276   dQ =  3.5E-03  L =       0.0643   dL = -6.3E-04  dev =  1.3E+00
 Jz    =       0.0000   dJZ=  0.0E+00 Om =       0.0000   dO =  0.0E+00  dev =  0.0E+00
--------------------------------------------------------------------------------------
 Iteration =   35
 dt    =   0.0247      mu   =   0.8279 gradn =    0.000E+00 D2H  =    6.191E-03
 E     =   -155.765    DE   =  0.93752E-06
 R     =   -157.354    DR   =  0.94216E-04
 R-E   =     -1.589  D(R-E) =  0.94239E-04
 dmun  = -4.2E-03      dmup= -1.9E-03
 RQ10t =       0.0077   dQ = -2.3E-03  L =      -0.4136   dL = -9.5E-04  dev =  7.7E-03
 RQ20t =      20.1979   dQ =  1.2E-01  L =       0.0000   dL =  0.0E+00  dev =  0.0E+00
 RQ22t =       0.0001   dQ = -2.1E-06  L =       0.0000   dL =  0.0E+00  dev =  0.0E+00
 RQ30t =      51.3052   dQ = -2.2E-02  L =       0.0636   dL = -6.2E-04  dev =  1.3E+00
 Jz    =       0.0000   dJZ=  0.0E+00 Om =       0.0000   dO =  0.0E+00  dev =  0.0E+00
--------------------------------------------------------------------------------------
 Iteration =   36
 dt    =   0.0247      mu   =   0.8282 gradn =    0.000E+00 D2H  =    5.108E-03
 E     =   -155.766    DE   = -0.79110E-05
 R     =   -157.340    DR   =  0.87604E-04
 R-E   =     -1.574  D(R-E) =  0.96401E-04
 dmun  = -4.1E-03      dmup= -1.7E-03
 RQ10t =       0.0059   dQ = -1.8E-03  L =      -0.4143   dL = -7.2E-04  dev =  5.9E-03
 RQ20t =      20.3043   dQ =  1.1E-01  L =       0.0000   dL =  0.0E+00  dev =  0.0E+00
 RQ22t =       0.0000   dQ = -2.0E-06  L =       0.0000   dL =  0.0E+00  dev =  0.0E+00
 RQ30t =      51.2621   dQ = -4.3E-02  L =       0.0630   dL = -6.0E-04  dev =  1.3E+00
 Jz    =       0.0000   dJZ=  0.0E+00 Om =       0.0000   dO =  0.0E+00  dev =  0.0E+00
--------------------------------------------------------------------------------------
 Iteration =   37
 dt    =   0.0247      mu   =   0.8284 gradn =    0.000E+00 D2H  =    4.207E-03
 E     =   -155.769    DE   = -0.15180E-04
 R     =   -157.328    DR   =  0.80332E-04
 R-E   =     -1.559  D(R-E) =  0.96316E-04
 dmun  = -3.9E-03      dmup= -1.6E-03
 RQ10t =       0.0045   dQ = -1.4E-03  L =      -0.4149   dL = -5.5E-04  dev =  4.5E-03
 RQ20t =      20.4030   dQ =  9.9E-02  L =       0.0000   dL =  0.0E+00  dev =  0.0E+00
 RQ22t =       0.0000   dQ = -2.0E-06  L =       0.0000   dL =  0.0E+00  dev =  0.0E+00
 RQ30t =      51.2031   dQ = -5.9E-02  L =       0.0625   dL = -5.7E-04  dev =  1.2E+00
 Jz    =       0.0000   dJZ=  0.0E+00 Om =       0.0000   dO =  0.0E+00  dev =  0.0E+00
--------------------------------------------------------------------------------------
 Iteration =   38
 dt    =   0.0247      mu   =   0.8285 gradn =    0.000E+00 D2H  =    3.465E-03
 E     =   -155.772    DE   = -0.20640E-04
 R     =   -157.316    DR   =  0.72898E-04
 R-E   =     -1.545  D(R-E) =  0.94260E-04
 dmun  = -3.7E-03      dmup= -1.5E-03
 RQ10t =       0.0035   dQ = -1.0E-03  L =      -0.4153   dL = -4.3E-04  dev =  3.5E-03
 RQ20t =      20.4948   dQ =  9.2E-02  L =       0.0000   dL =  0.0E+00  dev =  0.0E+00
 RQ22t =       0.0000   dQ = -1.9E-06  L =       0.0000   dL =  0.0E+00  dev =  0.0E+00
 RQ30t =      51.1329   dQ = -7.0E-02  L =       0.0619   dL = -5.4E-04  dev =  1.1E+00
 Jz    =       0.0000   dJZ=  0.0E+00 Om =       0.0000   dO =  0.0E+00  dev =  0.0E+00
--------------------------------------------------------------------------------------
 Iteration =   39
 dt    =   0.0247      mu   =   0.8287 gradn =    0.000E+00 D2H  =    2.855E-03
 E     =   -155.776    DE   = -0.24144E-04
 R     =   -157.306    DR   =  0.65761E-04
 R-E   =     -1.530  D(R-E) =  0.90551E-04
 dmun  = -3.5E-03      dmup= -1.5E-03
 RQ10t =       0.0028   dQ = -7.2E-04  L =      -0.4156   dL = -3.4E-04  dev =  2.8E-03
 RQ20t =      20.5802   dQ =  8.5E-02  L =       0.0000   dL =  0.0E+00  dev =  0.0E+00
 RQ22t =       0.0000   dQ = -1.9E-06  L =       0.0000   dL =  0.0E+00  dev =  0.0E+00
 RQ30t =      51.0557   dQ = -7.7E-02  L =       0.0614   dL = -5.0E-04  dev =  1.1E+00
 Jz    =       0.0000   dJZ=  0.0E+00 Om =       0.0000   dO =  0.0E+00  dev =  0.0E+00
--------------------------------------------------------------------------------------
--------------------------------------------------------------------------------------
                              Iteration =    40

--------------------- Hartree-Fock basis-------------------------------------------------------------------
__________________________________________________________________________________________________________
   Neutron wavefunctions
  i     P   Rz   occ          E       d2h    Delta |   JxT    JyT    Jz      J   |   SxT    SyT    Sz
----------------------------------------------------------------------------------------------------------
  1  0.99  1.0  1.0000     -35.306  3.2E-04   0.00 |  -0.50   0.50   0.50   0.52 |  -0.50   0.50   0.50
  9 -0.99  1.0  1.0000     -24.158  4.6E-03   0.02 |  -0.88   0.88   0.50   1.47 |  -0.45   0.45   0.39
 10 -0.98  1.0  1.0000     -21.846  4.8E-04   0.13 |  -0.00  -0.00  -1.50   1.53 |   0.00   0.00  -0.50
 11 -0.92  1.0  0.9804     -17.117  5.3E-03   1.48 |   0.32  -0.32   0.50   0.76 |  -0.06   0.06  -0.38
  2  0.88  1.0  0.7079     -12.808  1.3E-02   1.77 |  -1.17   1.17   0.50   2.24 |  -0.40   0.40   0.31
  3  0.97  1.0  0.2529     -11.049  2.7E-03   1.67 |  -0.00   0.00  -1.50   2.50 |  -0.00   0.00  -0.41
  4  0.95  1.0  0.0418      -8.925  9.5E-04   1.34 |   0.00  -0.00   2.50   2.54 |  -0.00   0.00   0.50
  5  0.81  1.0  0.0140      -7.263  5.2E-02   1.13 |  -0.65   0.65   0.50   1.59 |  -0.37   0.37   0.23
 12 -0.26  1.0  0.0008      -4.905  3.9E-01   0.32 |  -0.59   0.59   0.50   2.81 |  -0.49   0.49   0.48
  6  0.91  1.0  0.0022      -4.120  3.2E-01   0.69 |   0.73  -0.73   0.50   1.46 |  -0.23   0.23  -0.04
  7  0.75  1.0  0.0000      -2.355  2.5E-02   0.12 |   0.00  -0.00  -1.49   1.87 |   0.00  -0.00   0.37
 15 -0.78  1.0  0.0000      -0.833  2.5E-01   0.05 |  -1.16   1.16   0.50   3.00 |  -0.31   0.31   0.13
 13 -0.74  1.0  0.0000      -0.363  4.6E-02   0.01 |   0.02  -0.02  -1.49   2.76 |   0.00  -0.00  -0.43
 18 -0.53  1.0  0.0000       0.356  9.5E-02   0.01 |  -0.20   0.21   0.46   1.92 |  -0.04   0.04  -0.43
 17 -0.47  1.0  0.0000       0.630  1.4E-01   0.01 |   0.03  -0.03  -1.45   2.76 |   0.01  -0.01  -0.40
 14 -0.66  1.0  0.0000       1.120  1.0E-01   0.01 |   0.21  -0.21   1.43   2.85 |   0.32  -0.32   0.47
  8  0.69  1.0  0.0000       1.374  9.6E-02   0.00 |  -0.10   0.11   0.51   2.50 |  -0.02   0.02  -0.46
 20 -0.38  1.0  0.0000       1.465  9.0E-01   0.01 |  -0.76   0.76   0.50   2.32 |  -0.43   0.43   0.36
 19 -0.86  1.0  0.0000       1.910  2.5E-02   0.00 |   0.20  -0.20   1.34   2.91 |   0.15  -0.15   0.45
 16 -0.76  1.0  0.0000       3.000  2.8E-02   0.00 |   0.00  -0.00  -3.35   3.66 |  -0.00   0.00  -0.49
__________________________________________________________________________________________________________
   Proton  wavefunctions
  i     P   Rz   occ          E       d2h    Delta |   JxT    JyT    Jz      J   |   SxT    SyT    Sz
----------------------------------------------------------------------------------------------------------
 21  0.99  1.0  1.0000     -30.789  3.4E-04   0.00 |  -0.50   0.50   0.50   0.52 |  -0.50   0.50   0.50
 29 -0.99  1.0  1.0000     -19.840  4.6E-03   0.02 |  -0.88   0.88   0.50   1.47 |  -0.45   0.45   0.39
 30 -0.98  1.0  0.9999     -17.499  5.8E-04   0.18 |  -0.00   0.00  -1.50   1.53 |   0.00   0.00  -0.50
 31 -0.91  1.0  0.9768     -12.858  6.0E-03   1.57 |   0.32  -0.32   0.50   0.77 |  -0.06   0.06  -0.38
 22  0.86  1.0  0.7027      -8.720  1.3E-02   1.84 |  -1.15   1.15   0.50   2.23 |  -0.41   0.41   0.31
 23  0.96  1.0  0.2536      -6.904  3.2E-03   1.75 |  -0.00   0.00  -1.50   2.50 |  -0.00   0.00  -0.41
 24  0.95  1.0  0.0451      -4.796  1.3E-03   1.41 |   0.00  -0.00   2.50   2.54 |   0.00  -0.00   0.50
 25  0.66  1.0  0.0159      -3.575  1.3E-01   1.08 |  -0.67   0.67   0.50   1.90 |  -0.37   0.37   0.24
 32 -0.11  1.0  0.0028      -2.618  2.8E-01   0.47 |  -0.54   0.54   0.50   2.66 |  -0.49   0.49   0.49
 26  0.85  1.0  0.0031      -0.273  6.1E-02   0.79 |   0.66  -0.66   0.50   1.59 |  -0.22   0.22  -0.07
 27  0.71  1.0  0.0001       1.235  2.6E-02   0.17 |  -0.01   0.01  -1.43   1.92 |   0.03  -0.03   0.35
 37 -0.55  1.0  0.0000       1.941  7.0E-02   0.04 |   0.03  -0.03  -1.47   2.25 |   0.00  -0.00  -0.48
 28  0.62  1.0  0.0000       2.274  1.1E-01   0.07 |   0.06  -0.05   0.48   2.07 |  -0.01   0.01  -0.47
 39 -0.89  1.0  0.0000       2.590  3.7E-02   0.01 |   0.49  -0.49   0.54   2.25 |   0.48  -0.48   0.50
 38 -0.44  1.0  0.0000       2.598  2.0E-01   0.02 |  -0.03   0.04   0.50   2.31 |  -0.01   0.02  -0.47
 35 -0.68  1.0  0.0000       3.085  3.2E-01   0.04 |  -1.34   1.34   0.50   2.93 |  -0.34   0.34   0.19
 33 -0.39  1.0  0.0000       3.374  5.1E-01   0.02 |  -0.00   0.00  -1.43   3.46 |   0.01  -0.01  -0.37
 40 -0.31  1.0  0.0000       3.756  8.9E-01   0.02 |   0.06  -0.06   0.51   2.62 |  -0.37   0.37   0.25
 34 -0.23  1.0  0.0000       4.289  9.1E-01   0.02 |   0.13  -0.13   1.92   3.11 |   0.07  -0.07   0.45
 36 -0.58  1.0  0.0000       5.629  5.6E-02   0.00 |   0.00  -0.00  -3.02   3.87 |  -0.00   0.00  -0.50
----------------------------------------------------------------------------------------------------------
--------------------- Canonical    basis-------------------------------------------------------------------
__________________________________________________________________________________________________________
   Neutron wavefunctions
  i     P   Rz   occ          E       d2h    Delta |   JxT    JyT    Jz      J   |   SxT    SyT    Sz
----------------------------------------------------------------------------------------------------------
 20  0.99  1.0  2.0000     -35.306  0.0E+00   0.00 |  -0.50   0.50   0.50   0.52 |  -0.50   0.50   0.50
 19 -0.99  1.0  2.0000     -24.158  0.0E+00   0.02 |  -0.88   0.88   0.50   1.47 |  -0.44   0.44   0.39
 18 -0.98  1.0  1.9999     -21.846  0.0E+00   0.13 |  -0.00  -0.00  -1.50   1.53 |   0.00   0.00  -0.50
 17 -0.92  1.0  1.9609     -17.116  0.0E+00   1.47 |   0.33  -0.33   0.50   0.75 |  -0.06   0.06  -0.38
 16  0.89  1.0  1.4161     -12.807  0.0E+00   1.77 |  -1.18   1.18   0.50   2.24 |  -0.40   0.40   0.31
 15  0.97  1.0  0.5058     -11.049  0.0E+00   1.67 |  -0.00   0.00  -1.50   2.50 |  -0.00   0.00  -0.42
 14  0.95  1.0  0.0835      -8.925  0.0E+00   1.34 |   0.00  -0.00   2.50   2.54 |  -0.00   0.00   0.50
 13  0.87  1.0  0.0295      -7.104  0.0E+00   1.22 |  -0.41   0.41   0.50   1.55 |  -0.28   0.28   0.06
 11 -0.35  1.0  0.0009      -5.050  0.0E+00   0.30 |  -0.76   0.76   0.50   2.82 |  -0.49   0.49   0.47
 12  0.90  1.0  0.0033      -4.099  0.0E+00   0.63 |   0.52  -0.52   0.50   1.45 |  -0.31   0.31   0.12
 10  0.74  1.0  0.0001      -2.361  0.0E+00   0.12 |  -0.00   0.00  -1.49   1.90 |   0.00  -0.00   0.37
  9 -0.76  1.0  0.0000      -0.826  0.0E+00   0.02 |  -1.10   1.10   0.50   3.08 |  -0.34   0.34   0.18
  8 -0.73  1.0  0.0000      -0.133  0.0E+00   0.01 |   0.02  -0.02  -1.50   3.16 |   0.00  -0.00  -0.37
  4 -0.47  1.0  0.0000       0.395  0.0E+00   0.00 |  -0.05  -0.06  -1.46   2.29 |  -0.05  -0.05  -0.47
  5 -0.69  1.0  0.0000       0.504  0.0E+00   0.00 |  -0.01   0.12   0.42   1.94 |   0.02   0.08  -0.44
  2  0.86  1.0  0.0000       1.220  0.0E+00   0.00 |  -0.02   0.03   0.50   2.41 |  -0.01   0.02  -0.47
  6 -0.40  1.0  0.0000       1.434  0.0E+00   0.00 |  -0.88   0.88   0.49   2.36 |  -0.43   0.43   0.36
  1 -0.90  1.0  0.0000       1.518  0.0E+00   0.00 |   0.45  -0.45   0.37   2.28 |   0.46  -0.46   0.49
  7 -0.64  1.0  0.0000       1.522  0.0E+00   0.00 |  -0.01   0.01   2.43   3.39 |   0.02  -0.02   0.44
  3 -0.76  1.0  0.0000       2.993  0.0E+00   0.00 |  -0.00   0.00  -3.30   3.64 |  -0.00   0.00  -0.49
__________________________________________________________________________________________________________
   Proton  wavefunctions
  i     P   Rz   occ          E       d2h    Delta |   JxT    JyT    Jz      J   |   SxT    SyT    Sz
----------------------------------------------------------------------------------------------------------
 40  0.99  1.0  2.0000     -30.789  0.0E+00   0.00 |  -0.50   0.50   0.50   0.52 |  -0.50   0.50   0.50
 39 -0.99  1.0  2.0000     -19.840  0.0E+00   0.02 |  -0.88   0.88   0.50   1.47 |  -0.45   0.45   0.39
 38 -0.98  1.0  1.9998     -17.499  0.0E+00   0.18 |  -0.00  -0.00  -1.50   1.53 |   0.00   0.00  -0.50
 37 -0.92  1.0  1.9536     -12.858  0.0E+00   1.57 |   0.32  -0.32   0.50   0.76 |  -0.06   0.06  -0.38
 36  0.88  1.0  1.4061      -8.716  0.0E+00   1.85 |  -1.16   1.16   0.50   2.23 |  -0.41   0.41   0.31
 35  0.97  1.0  0.5072      -6.904  0.0E+00   1.75 |  -0.00   0.00  -1.50   2.50 |  -0.00   0.00  -0.42
 34  0.95  1.0  0.0902      -4.795  0.0E+00   1.41 |  -0.00   0.00   2.50   2.54 |  -0.00   0.00   0.50
 33  0.85  1.0  0.0359      -3.211  0.0E+00   1.26 |  -0.43   0.43   0.50   1.58 |  -0.28   0.28   0.05
 31 -0.28  1.0  0.0023      -2.578  0.0E+00   0.37 |  -0.62   0.62   0.50   3.01 |  -0.48   0.48   0.47
 32  0.85  1.0  0.0046      -0.624  0.0E+00   0.71 |   0.44  -0.44   0.50   1.38 |  -0.32   0.32   0.14
 30  0.71  1.0  0.0002       1.264  0.0E+00   0.18 |  -0.01   0.01  -1.45   1.95 |   0.02  -0.02   0.36
 25 -0.68  1.0  0.0000       2.432  0.0E+00   0.00 |  -0.29   0.29   0.47   2.05 |  -0.03   0.03  -0.44
 27 -0.40  1.0  0.0000       2.495  0.0E+00   0.00 |   0.10  -0.10  -1.45   2.53 |   0.01  -0.01  -0.46
 29 -0.71  1.0  0.0000       2.688  0.0E+00   0.03 |  -1.04   1.04   0.50   3.13 |  -0.30   0.30   0.10
 21 -0.98  1.0  0.0000       2.803  0.0E+00   0.00 |   0.44  -0.44   0.36   2.17 |   0.47  -0.47   0.49
 28 -0.56  1.0  0.0000       2.855  0.0E+00   0.02 |   0.05  -0.05  -1.48   3.21 |   0.01  -0.01  -0.41
 24  0.57  1.0  0.0000       2.867  0.0E+00   0.00 |   0.06  -0.06   0.51   2.43 |  -0.12   0.13  -0.25
 23 -0.04  1.0  0.0000       3.667  0.0E+00   0.00 |   0.08  -0.07   0.51   2.27 |  -0.28   0.29   0.07
 26 -0.17  1.0  0.0000       4.011  0.0E+00   0.00 |   0.06  -0.06   2.15   3.18 |   0.10  -0.10   0.46
 22 -0.58  1.0  0.0000       5.630  0.0E+00   0.00 |   0.01  -0.01  -3.02   3.87 |  -0.00   0.00  -0.50
----------------------------------------------------------------------------------------------------------
---------------------------------Quasiparticles---------------------------------
Block 1:  P=+1  neutrons
  N      Eqp       f_n      |   U   V  |   B  P  ov_TR |    JxT    JyT    Jz
________________________________________________________________________________
  1    -23.31      0.00E+00 |    1   0 |   -  -  0.000 |    0.00   0.00   0.50
  2    -15.00      0.00E+00 |    0  16 |   -  -  0.000 |    0.00   0.00   3.35
  3    -13.91      0.00E+00 |    0  19 |   -  -  0.000 |    0.00   0.00  -1.34
  4    -13.46      0.00E+00 |    0  20 |   -  -  0.000 |    0.00   0.00  -0.50
  5    -13.37      0.00E+00 |    0   8 |   -  -  0.000 |    0.00   0.00  -0.51
  6    -13.12      0.00E+00 |    0  14 |   -  -  0.000 |    0.00   0.00  -1.43
  7    -12.63      0.00E+00 |    0  17 |   -  -  0.000 |    0.00   0.00   1.45
  8    -12.35      0.00E+00 |    0  18 |   -  -  0.000 |    0.00   0.00  -0.46
  9    -12.16      0.00E+00 |    9   0 |   -  -  0.000 |    0.00   0.00   0.50
 10    -11.63      0.00E+00 |    0  13 |   -  -  0.000 |    0.00   0.00   1.49
 11    -11.16      0.00E+00 |    0  15 |   -  -  0.000 |    0.00   0.00  -0.50
 12     -9.85      0.00E+00 |   10   0 |   -  -  0.000 |    0.00   0.00  -1.50
 13     -9.64      0.00E+00 |    0   7 |   -  -  0.000 |    0.00   0.00   1.49
 14     -7.91      0.00E+00 |    0   6 |   -  -  0.000 |    0.00   0.00  -0.50
 15     -7.11      0.00E+00 |    0  12 |   -  -  0.000 |    0.00   0.00  -0.50
 16     -5.33      0.00E+00 |   11  11 |   -  -  0.000 |    0.00   0.00   0.48
 17     -4.87      0.00E+00 |    5   5 |   -  -  0.000 |    0.00   0.00  -0.48
 18     -3.35      0.00E+00 |    4   4 |   -  -  0.000 |    0.00   0.00  -2.29
 19     -1.94      0.00E+00 |    2   2 |   -  -  0.000 |    0.00   0.00   0.21
 20     -1.92      0.00E+00 |    3   3 |   -  -  0.000 |    0.00   0.00   0.74
 21      1.92      1.00E+00 |    3   3 |   -  -  0.000 |    0.00   0.00  -0.74
 22      1.94      1.00E+00 |    2   2 |   -  -  0.000 |    0.00   0.00  -0.21
 23      3.35      1.00E+00 |    4   4 |   -  -  0.000 |    0.00   0.00   2.29
 24      4.87      1.00E+00 |    5   5 |   -  -  0.000 |    0.00   0.00   0.48
 25      5.33      1.00E+00 |   11  11 |   -  -  0.000 |    0.00   0.00  -0.48
 26      7.11      1.00E+00 |   12   0 |   -  -  0.000 |    0.00   0.00   0.50
 27      7.91      1.00E+00 |    6   0 |   -  -  0.000 |    0.00   0.00   0.50
 28      9.64      1.00E+00 |    7   0 |   -  -  0.000 |    0.00   0.00  -1.49
 29      9.85      1.00E+00 |    0  10 |   -  -  0.000 |    0.00   0.00   1.50
 30     11.16      1.00E+00 |   15   0 |   -  -  0.000 |    0.00   0.00   0.50
 31     11.63      1.00E+00 |   13   0 |   -  -  0.000 |    0.00   0.00  -1.49
 32     12.16      1.00E+00 |    0   9 |   -  -  0.000 |    0.00   0.00  -0.50
 33     12.35      1.00E+00 |   18   0 |   -  -  0.000 |    0.00   0.00   0.46
 34     12.63      1.00E+00 |   17   0 |   -  -  0.000 |    0.00   0.00  -1.45
 35     13.12      1.00E+00 |   14   0 |   -  -  0.000 |    0.00   0.00   1.43
 36     13.37      1.00E+00 |    8   0 |   -  -  0.000 |    0.00   0.00   0.51
 37     13.46      1.00E+00 |   20   0 |   -  -  0.000 |    0.00   0.00   0.50
 38     13.91      1.00E+00 |   19   0 |   -  -  0.000 |    0.00   0.00   1.34
 39     15.00      1.00E+00 |   16   0 |   -  -  0.000 |    0.00   0.00  -3.35
 40     23.31      1.00E+00 |    0   1 |   -  -  0.000 |    0.00   0.00  -0.50

Block 5:  P=+1   protons
  N      Eqp       f_n      |   U   V  |   B  P  ov_TR |    JxT    JyT    Jz
________________________________________________________________________________
  1    -22.89      0.00E+00 |   21   0 |   -  -  0.000 |    0.00   0.00   0.50
  2    -13.52      0.00E+00 |    0  36 |   -  -  0.000 |    0.00   0.00   3.02
  3    -12.18      0.00E+00 |    0  34 |   -  -  0.000 |    0.00   0.00  -1.92
  4    -11.95      0.00E+00 |   29   0 |   -  -  0.000 |    0.00   0.00   0.50
  5    -11.65      0.00E+00 |    0  40 |   -  -  0.000 |    0.00   0.00  -0.51
  6    -11.27      0.00E+00 |    0  33 |   -  -  0.000 |    0.00   0.00   1.43
  7    -10.98      0.00E+00 |    0  35 |   -  -  0.000 |    0.00   0.00  -0.50
  8    -10.49      0.00E+00 |    0  38 |   -  -  0.000 |    0.00   0.00  -0.50
  9    -10.49      0.00E+00 |    0  39 |   -  -  0.000 |    0.00   0.00  -0.54
 10    -10.17      0.00E+00 |    0  28 |   -  -  0.000 |    0.00   0.00  -0.48
 11     -9.84      0.00E+00 |    0  37 |   -  -  0.000 |    0.00   0.00   1.47
 12     -9.61      0.00E+00 |   30   0 |   -  -  0.000 |    0.00   0.00  -1.50
 13     -9.13      0.00E+00 |    0  27 |   -  -  0.000 |    0.00   0.00   1.42
 14     -7.67      0.00E+00 |    0  26 |   -  -  0.000 |    0.00   0.00  -0.50
 15     -5.34      0.00E+00 |   31  32 |   -  -  0.000 |    0.00   0.00  -0.35
 16     -5.18      0.00E+00 |   31  32 |   -  -  0.000 |    0.00   0.00   0.33
 17     -4.47      0.00E+00 |   25  25 |   -  -  0.000 |    0.00   0.00  -0.48
 18     -3.41      0.00E+00 |   24  24 |   -  -  0.000 |    0.00   0.00  -2.27
 19     -2.01      0.00E+00 |   23  23 |   -  -  0.000 |    0.00   0.00   0.74
 20     -2.00      0.00E+00 |   22  22 |   -  -  0.000 |    0.00   0.00   0.20
 21      2.00      1.00E+00 |   22  22 |   -  -  0.000 |    0.00   0.00  -0.20
 22      2.01      1.00E+00 |   23  23 |   -  -  0.000 |    0.00   0.00  -0.74
 23      3.41      1.00E+00 |   24  24 |   -  -  0.000 |    0.00   0.00   2.27
 24      4.47      1.00E+00 |   25  25 |   -  -  0.000 |    0.00   0.00   0.48
 25      5.18      1.00E+00 |   32  31 |   -  -  0.000 |    0.00   0.00  -0.33
 26      5.34      1.00E+00 |   32  31 |   -  -  0.000 |    0.00   0.00   0.35
 27      7.67      1.00E+00 |   26   0 |   -  -  0.000 |    0.00   0.00   0.50
 28      9.13      1.00E+00 |   27   0 |   -  -  0.000 |    0.00   0.00  -1.42
 29      9.61      1.00E+00 |    0  30 |   -  -  0.000 |    0.00   0.00   1.50
 30      9.84      1.00E+00 |   37   0 |   -  -  0.000 |    0.00   0.00  -1.47
 31     10.17      1.00E+00 |   28   0 |   -  -  0.000 |    0.00   0.00   0.48
 32     10.49      1.00E+00 |   39   0 |   -  -  0.000 |    0.00   0.00   0.54
 33     10.49      1.00E+00 |   38   0 |   -  -  0.000 |    0.00   0.00   0.50
 34     10.98      1.00E+00 |   35   0 |   -  -  0.000 |    0.00   0.00   0.50
 35     11.27      1.00E+00 |   33   0 |   -  -  0.000 |    0.00   0.00  -1.43
 36     11.65      1.00E+00 |   40   0 |   -  -  0.000 |    0.00   0.00   0.51
 37     11.95      1.00E+00 |    0  29 |   -  -  0.000 |    0.00   0.00  -0.50
 38     12.18      1.00E+00 |   34   0 |   -  -  0.000 |    0.00   0.00   1.92
 39     13.52      1.00E+00 |   36   0 |   -  -  0.000 |    0.00   0.00  -3.02
 40     22.89      1.00E+00 |    0  21 |   -  -  0.000 |    0.00   0.00  -0.50

--------------------------------------------------------------------------------
------------------------ Electric Multipole Moments -------------------------
Quantisation Axis             : Z
  With secondary axis ordering: X,Y
  Calculated wrt to COM = (   0.000   0.000   0.000)
______________________________________________________________________________
                   Neutrons        Protons          Charge         Total
______________________________________________________________________________
 Particles           10.0000         10.0000          9.9998         20.0000

Re  Q_{ 1 0}         -0.0286          0.0309          0.0304          0.0023
Constrained                                                           0.0000
Re De_{ 1 0}                                                   0.2279182E-02
Re La_{ 1 0}                                                         -0.4159

Re  Q_{ 2 0}         10.0096         10.6501         10.6404         20.6597
Re  Q_{ 2 2}          0.0000          0.0000          0.0000          0.0000

Re  Q_{ 3 0}         23.1885         27.7868         27.7163         50.9753
Constrained                                                          50.0000
Re De_{ 3 0}                                                   0.9753143E+00
Re La_{ 3 0}                                                          0.0610
Re  Q_{ 3 2}          0.0000         -0.0000         -0.0000          0.0000

Re  Q_{ 4 0}         80.6311        105.2859        104.5351        185.9170
Re  Q_{ 4 2}          0.0001         -0.0004         -0.0004         -0.0003
Re  Q_{ 4 4}          0.0131         -0.0150          0.2018         -0.0019

Re  Q_{ 5 0}        350.2407        506.6550        499.5942        856.8957
Re  Q_{ 5 2}          0.0000         -0.0005         -0.0005         -0.0004
Re  Q_{ 5 4}         -0.0711         -0.1311         -0.0640         -0.2022

Re  Q_{ 6 0}       1471.7983       2520.2361       2432.5922       3992.0344
Re  Q_{ 6 2}         -0.0022         -0.0180         -0.0166         -0.0202
Re  Q_{ 6 4}          0.9616          2.6202          5.7305          3.5817
Re  Q_{ 6 6}          0.0002          0.0019          0.0020          0.0022

Re  Q_{ 7 0}       6381.8490      11650.2756      11124.2345      18032.1246
Re  Q_{ 7 2}         -0.0206         -0.1602         -0.1486         -0.1808
Re  Q_{ 7 4}         -5.3745        -22.4384        -11.2417        -27.8129
Re  Q_{ 7 6}         -0.0016          0.0006          0.0008         -0.0010

Re  Q_{ 8 0}      34369.6547      70301.0932      63898.8126     104670.7479
Re  Q_{ 8 2}          0.1274          1.4366          1.4772          1.5640
Re  Q_{ 8 4}         17.1124        174.0477        297.5434        191.1601
Re  Q_{ 8 6}          0.0895          0.6944          0.7080          0.7839
Re  Q_{ 8 8}         -6.9638        178.5383        167.5508        171.5745

Re  Q_{ 9 0}     154803.7810     326975.3022     291453.9443     481779.0832
Re  Q_{ 9 2}         -0.7265         -4.3254         -4.1383         -5.0519
Re  Q_{ 9 4}         37.9906       1743.7076       2264.6068       1781.6983
Re  Q_{ 9 6}         -0.4849         -2.6631         -2.5133         -3.1479
Re  Q_{ 9 8}        -60.5857       1047.7970        885.4869        987.2113

Re  Q_{10 0}     853775.0722    1887616.4249    1527973.8407    2741391.4971
Re  Q_{10 2}          0.3102          3.7759          5.1162          4.0861
Re  Q_{10 4}       4615.3115       4526.9553       8438.1487       9142.2668
Re  Q_{10 6}          3.0718          8.6142         14.5110         11.6859
Re  Q_{10 8}       1494.9867      14788.1311      13098.6056      16283.1178
Re  Q_{1010}         -1.3015        -11.0966        -10.8347        -12.3980

 RMS radius           2.8758          2.9184          2.9837          2.8972
 Fourth mom.          3.2172          3.2908          3.3677          3.2546
______________________________________________________________________________
                   Neutrons        Protons          Charge         Total
______________________________________________________________________________


Beta_{ 2 0}       0.19758793      0.21023084      0.21003865      0.40781878
Beta_{ 2 2}       0.00000044      0.00000039      0.00000039      0.00000082

Beta_{ 3 0}       0.14052655      0.16839257      0.16796565      0.30891912
Beta_{ 3 2}       0.00000004     -0.00000003     -0.00000003      0.00000001

Beta_{ 4 0}       0.15001315      0.19588325      0.19448639      0.34589640
Beta_{ 4 2}       0.00000019     -0.00000083     -0.00000078     -0.00000064
Beta_{ 4 4}       0.00002441     -0.00002788      0.00037552     -0.00000347

Beta_{ 5 0}       0.20004867      0.28938860      0.28535565      0.48943728
Beta_{ 5 2}       0.00000001     -0.00000027     -0.00000027     -0.00000025
Beta_{ 5 4}      -0.00004060     -0.00007489     -0.00003657     -0.00011549

Beta_{ 6 0}       0.25808302      0.44192888      0.42656032      0.70001190
Beta_{ 6 2}      -0.00000039     -0.00000316     -0.00000291     -0.00000355
Beta_{ 6 4}       0.00016862      0.00045945      0.00100485      0.00062807
Beta_{ 6 6}       0.00000004      0.00000034      0.00000034      0.00000038

Beta_{ 7 0}       0.34355776      0.62717600      0.59885733      0.97073376
Beta_{ 7 2}      -0.00000111     -0.00000863     -0.00000800     -0.00000974
Beta_{ 7 4}      -0.00028933     -0.00120794     -0.00060518     -0.00149727
Beta_{ 7 6}      -0.00000009      0.00000003      0.00000004     -0.00000006

Beta_{ 8 0}       0.56802898      1.16186964      1.05605883      1.72989861
Beta_{ 8 2}       0.00000211      0.00002374      0.00002441      0.00002585
Beta_{ 8 4}       0.00028282      0.00287649      0.00491751      0.00315931
Beta_{ 8 6}       0.00000148      0.00001148      0.00001170      0.00001296
Beta_{ 8 8}      -0.00011509      0.00295071      0.00276912      0.00283562

Beta_{ 9 0}       0.78545078      1.65902283      1.47879287      2.44447361
Beta_{ 9 2}      -0.00000369     -0.00002195     -0.00002100     -0.00002563
Beta_{ 9 4}       0.00019276      0.00884731      0.01149027      0.00904007
Beta_{ 9 6}      -0.00000246     -0.00001351     -0.00001275     -0.00001597
Beta_{ 9 8}      -0.00030740      0.00531636      0.00449283      0.00500896

Beta_{10 0}       1.32991220      2.94031086      2.38010118      4.27022307
Beta_{10 2}       0.00000048      0.00000588      0.00000797      0.00000636
Beta_{10 4}       0.00718920      0.00705157      0.01314397      0.01424077
Beta_{10 6}       0.00000478      0.00001342      0.00002260      0.00001820
Beta_{10 8}       0.00232872      0.02303524      0.02040350      0.02536396
Beta_{1010}      -0.00000203     -0.00001728     -0.00001688     -0.00001931


______________________________________________________________________________
                   Neutrons        Protons          Charge         Total
______________________________________________________________________________
Q_{ 1}                0.0286          0.0309          0.0304          0.0023
Q_{ 2}               10.0096         10.6501         10.6404         20.6597
Q_{ 3}               23.1885         27.7868         27.7163         50.9753
Q_{ 4}               80.6311        105.2859        104.5355        185.9170
Q_{ 5}              350.2407        506.6551        499.5942        856.8958
Q_{ 6}             1471.7989       2520.2389       2432.6057       3992.0376
Q_{ 7}             6381.8535      11650.3188      11124.2459      18032.1675
Q_{ 8}            34369.6646      70301.9776      63900.6375     104671.3783
Q_{ 9}           154803.8141     326987.9586     291474.2300     481787.6951
Q_{10}           853802.6388    1887743.1320    1528132.7201    2741518.7001
______________________________________________________________________________
                   Neutrons        Protons          Charge         Total
______________________________________________________________________________
Beta_{   1}       0.00183841      0.00198496      0.00195330      0.00014655
Beta_{   2}       0.19758793      0.21023084      0.21003865      0.40781878
Beta_{   3}       0.14052655      0.16839257      0.16796565      0.30891912
Beta_{   4}       0.15001315      0.19588326      0.19448711      0.34589640
Beta_{   5}       0.20004868      0.28938862      0.28535565      0.48943730
Beta_{   6}       0.25808313      0.44192935      0.42656268      0.70001246
Beta_{   7}       0.34355800      0.62717833      0.59885794      0.97073607
Beta_{   8}       0.56802914      1.16188425      1.05608899      1.72990903
Beta_{   9}       0.78545095      1.65908705      1.47889580      2.44451731
Beta_{  10}       1.32995514      2.94050823      2.38034867      4.27042121
______________________________________________________________________________
 Cart. Moments X              Y              Z
 Cart. N      -15.8684757    -15.8686469     31.7371226
 Cart. P      -16.8838547    -16.8840077     33.7678625
 Cart. T      -32.7523304    -32.7526547     65.5049851
 (Q, gamma)    Q              Gamma
 (Q,g) N       31.7371226      0.0001785
 (Q,g) P       33.7678625      0.0001499
 (Q,g) T       65.5049851      0.0001637
 (iq1, iq2)    iq1            iq2
 iq    N       31.7370655      0.0001142
 iq    P       33.7678115      0.0001020
 iq    T       65.5048770      0.0002162
               X^2            Y^2            Z^2
 X^2_i N       22.2787162     22.2786591     38.1472490
 X^2_i P       22.7618957     22.7618447     39.6458015
 X^2_i T       45.0406119     45.0405039     77.7930504
----------------------------------------------------------------------------
----------------------- Box Size Check -------------------------
 Xmax = (nx+0.5)dx =  9.200 fm,  max(rho(X=Xmax)) =    3.598E-07
 Ymax = (ny+0.5)dx =  9.200 fm,  max(rho(Y=Ymax)) =    3.597E-07
 Zmax = (nz+0.5)dx =  9.200 fm,  max(rho(Z=Zmax)) =    1.053E-04
 Zmin =-(nz+0.5)dx = -9.200fm,  max(rho(Z=Zmin)) =    1.869E-05
---------------------Rotational properties--------------------
                Rigid rotor          (hbar^2/MeV)
              n              p              t 
 I_R X       1.4570629      1.5048489      2.9619118
 I_R Y       1.4570642      1.5048502      2.9619144
 I_R Z       1.0744215      1.0977237      2.1721452

                Belyaev                 (hbar^2/MeV) 
              n              p              t 
 I_B X       0.5739065      0.5530827      1.1269892
 I_B Y       0.5738961      0.5530746      1.1269707
 I_B Z       0.0000128      0.0000222      0.0000350

                Belyaev (collective)    (hbar^2/MeV) 
              n              p              t 
 I_B X       0.5739065      0.5530827      1.1269892
 I_B Y       0.5738961      0.5530746      1.1269707
 I_B Z       0.0000128      0.0000222      0.0000350

                 <J^2> - <J>^2          (hbar^2)
              n              p              t 
 J2_X        1.4898339      1.4856515      2.9754853
 J2_Y        1.4898112      1.4856345      2.9754457
 J2_Z        0.0000812      0.0001388      0.0002200
 J2_t        2.9797262      2.9714248      5.9511510

                 <J^2> - <J>^2 (coll.)  (hbar^2)
              n              p              t 
 J2_X        1.4898339      1.4856515      2.9754853
 J2_Y        1.4898112      1.4856345      2.9754457
 J2_Z        0.0000812      0.0001388      0.0002200
 J2_t        2.9797262      2.9714248      5.9511510
------------------------- Angular Momentum (hbar) --------------------------

               Spwfs(*)    Desired     Omega       E (MeV)      Densit. 
  __________________________________________________________________________
   J_x   |     0.00000     0.00000     0.00000     0.00000     0.00000
   J_y   |     0.00000     0.00000     0.00000     0.00000     0.00000
   J_z   |     0.00000     0.00000     0.00000     0.00000     0.00000
  __________________________________________________________________________
   Size  |     0.00000     0.00000     0.00000                 0.00000
  --------------------------------------------------------------------------
-------------------------- Pairing -------------------------
                          N         P 
 Fermi Level (MeV)    -11.99663383    -7.89476556
 Particles             10.00000000    10.00000000
 Dispersion             1.88427224     1.93530689
 Average gap   v^2      0.66830211     0.71170292
 Average gap   uv       1.53219255     1.58180983
------------------------------------------------------------
--------------------------------------------------------------------------------
 Skyrme Energy                Isospin  1 2 3 4                   Energy [MeV]
--------------------------------------------------------------------------------
E_D_I_I_D_I_I                          0 0                      -1295.694398
E_D_I_I_D_I_I                          1 1                          0.053003
E_D_I_I_D_I_I_D_I_I                    0 0 0                      736.121440
E_D_I_I_D_I_I_D_I_I                    0 1 1                       -0.026837
E_D_I_I_D_Nm_Nm                        0 0                         27.810513
E_D_I_I_D_Nm_Nm                        1 1                         -0.003132
E_D_I_I_Lap_D_I_I                      0 0                         58.078936
E_D_I_I_Lap_D_I_I                      1 1                          0.001426
E_C_I_NmSk_C_I_NmSk                    0 0                         -0.000000
E_C_I_NmSk_C_I_NmSk                    1 1                         -0.000000
E_D_I_I_D_I_I_D_Nm_Nm                  0 0 0                        0.000000
E_D_I_I_D_I_I_D_Nm_Nm                  0 1 1                       -0.000000
E_D_I_I_D_I_I_D_Nm_Nm                  0 0 0                        0.000000
E_D_I_I_D_I_I_D_Nm_Nm                  0 1 1                        0.000000
E_D_I_I_Derm_D_I_I_Derm_D_I_I          0 0 0                        0.000000
E_D_I_I_Derm_D_I_I_Derm_D_I_I          0 1 1                       -0.000000
E_D_I_I_Derm_D_I_I_Derm_D_I_I          0 0 0                       -0.000000
E_D_I_I_Derm_D_I_I_Derm_D_I_I          0 1 1                       -0.000000
E_D_I_I_Derm_D_I_I_D_I_I_Derm_D_I_I    0 0 0 0                      0.000000
E_D_I_I_Derm_D_I_I_D_I_I_Derm_D_I_I    0 0 1 1                     -0.000000
E_D_I_I_Derm_C_I_NxmSxm                0 0                        -10.900872
E_D_I_I_Derm_C_I_NxmSxm                1 1                         -0.000512
E_DP_I_I_DP_I_I                        n n                         -3.749209
E_DP_I_I_DP_I_I                        p p                         -4.000615
E_D_I_I_DP_I_I_DP_I_I                  0 n n                        1.573675
E_D_I_I_DP_I_I_DP_I_I                  0 p p                        1.654136
--------------------------------------------------------------------------------
                 Total Skyrme:                                   -489.082447
--------------------------------------------------------------------------------
                    time-even:                                   -489.082447
                    time-odd :                                      0.000000
                    bilinear :                                  -1228.404862
                    trilinear:                                      0.000000
                 quadrilinear:                                      0.000000
            density-dependent:                                    739.322414
--------------------------------------------------------------------------------
--------------------------------------------------------------------------------
                                     neutron        proton         total
                Kinetic Energy:     162.741306     159.308925     322.050231
                    COM 1-body:      -8.137065      -7.965446     -16.102512
                    COM 2-body:       3.223077       3.168341       6.391418
                            ph:       3.198922       3.139927       6.338849
                            pp:       0.024156       0.028414       0.052569
                 Collective T:                                     -2.456146

                 Rotational  T:                                    -2.456146
                 Rotational  X:                                    -1.227696
                 Rotational  Y:                                    -1.227700
                 Rotational  Z:                                    -0.000750

                 Vibrational T:                                     0.000000
                 Vibrational X:                                    -0.000000
                 Vibrational Y:                                    -0.000000
                 Vibrational Z:                                    -0.000000


                Coulomb Direct:       0.000000      23.433676      23.433676
                      Exchange:       0.000000       0.000000       0.000000

               Pairing (delta):      -2.182729      -2.352881      -4.535610
               Pairing (densi):                                    -4.522014
--------------------------------------------------------------------------------
                  Total energy:                                  -155.765780
                    from spwfs:                                  -155.791509
                   E_fu - E_sp:                                 0.257291E-01
                   (no corr.) :                                  -159.701052
                      Routhian:                                  -157.282845
                         dE   :                                 0.986075E-02
                         dR   :                                 0.231941E-01
--------------------------------------------------------------------------------
 Iteration =   41
 dt    =   0.0247      mu   =   0.8290 gradn =    0.000E+00 D2H  =    1.912E-03
 E     =   -155.770    DE   = -0.25783E-04
 R     =   -157.274    DR   =  0.53520E-04
 R-E   =     -1.505  D(R-E) =  0.79820E-04
 dmun  = -3.0E-03      dmup= -1.4E-03
 RQ10t =       0.0019   dQ = -3.5E-04  L =      -0.4162   dL = -2.4E-04  dev =  1.9E-03
 RQ20t =      20.7337   dQ =  7.4E-02  L =       0.0000   dL =  0.0E+00  dev =  0.0E+00
 RQ22t =       0.0000   dQ = -1.8E-06  L =       0.0000   dL =  0.0E+00  dev =  0.0E+00
 RQ30t =      50.8950   dQ = -8.0E-02  L =       0.0605   dL = -4.2E-04  dev =  8.9E-01
 Jz    =       0.0000   dJZ=  0.0E+00 Om =       0.0000   dO =  0.0E+00  dev =  0.0E+00
--------------------------------------------------------------------------------------
 Iteration =   42
 dt    =   0.0247      mu   =   0.8292 gradn =    0.000E+00 D2H  =    1.556E-03
 E     =   -155.774    DE   = -0.24696E-04
 R     =   -157.267    DR   =  0.48456E-04
 R-E   =     -1.493  D(R-E) =  0.73616E-04
 dmun  = -2.7E-03      dmup= -1.3E-03
 RQ10t =       0.0017   dQ = -2.4E-04  L =      -0.4164   dL = -2.1E-04  dev =  1.7E-03
 RQ20t =      20.8025   dQ =  6.9E-02  L =       0.0000   dL =  0.0E+00  dev =  0.0E+00
 RQ22t =       0.0000   dQ = -1.7E-06  L =       0.0000   dL =  0.0E+00  dev =  0.0E+00
 RQ30t =      50.8168   dQ = -7.8E-02  L =       0.0602   dL = -3.9E-04  dev =  8.2E-01
 Jz    =       0.0000   dJZ=  0.0E+00 Om =       0.0000   dO =  0.0E+00  dev =  0.0E+00
--------------------------------------------------------------------------------------
 Iteration =   43
 dt    =   0.0247      mu   =   0.8293 gradn =    0.000E+00 D2H  =    1.262E-03
 E     =   -155.777    DE   = -0.22944E-04
 R     =   -157.260    DR   =  0.43939E-04
 R-E   =     -1.483  D(R-E) =  0.67302E-04
 dmun  = -2.5E-03      dmup= -1.3E-03
 RQ10t =       0.0015   dQ = -1.8E-04  L =      -0.4166   dL = -1.9E-04  dev =  1.5E-03
 RQ20t =      20.8663   dQ =  6.4E-02  L =       0.0000   dL =  0.0E+00  dev =  0.0E+00
 RQ22t =       0.0000   dQ = -1.6E-06  L =       0.0000   dL =  0.0E+00  dev =  0.0E+00
 RQ30t =      50.7422   dQ = -7.5E-02  L =       0.0598   dL = -3.5E-04  dev =  7.4E-01
 Jz    =       0.0000   dJZ=  0.0E+00 Om =       0.0000   dO =  0.0E+00  dev =  0.0E+00
--------------------------------------------------------------------------------------
 Iteration =   44
 dt    =   0.0247      mu   =   0.8294 gradn =    0.000E+00 D2H  =    1.020E-03
 E     =   -155.780    DE   = -0.20896E-04
 R     =   -157.254    DR   =  0.39837E-04
 R-E   =     -1.473  D(R-E) =  0.61109E-04
 dmun  = -2.4E-03      dmup= -1.3E-03
 RQ10t =       0.0014   dQ = -1.4E-04  L =      -0.4167   dL = -1.7E-04  dev =  1.4E-03
 RQ20t =      20.9253   dQ =  5.9E-02  L =       0.0000   dL =  0.0E+00  dev =  0.0E+00
 RQ22t =       0.0000   dQ = -1.6E-06  L =       0.0000   dL =  0.0E+00  dev =  0.0E+00
 RQ30t =      50.6721   dQ = -7.0E-02  L =       0.0595   dL = -3.2E-04  dev =  6.7E-01
 Jz    =       0.0000   dJZ=  0.0E+00 Om =       0.0000   dO =  0.0E+00  dev =  0.0E+00
--------------------------------------------------------------------------------------
 Iteration =   45
 dt    =   0.0247      mu   =   0.8295 gradn =    0.000E+00 D2H  =    8.247E-04
 E     =   -155.783    DE   = -0.18839E-04
 R     =   -157.248    DR   =  0.36030E-04
 R-E   =     -1.465  D(R-E) =  0.55208E-04
 dmun  = -2.2E-03      dmup= -1.2E-03
 RQ10t =       0.0013   dQ = -1.1E-04  L =      -0.4169   dL = -1.6E-04  dev =  1.3E-03
 RQ20t =      20.9797   dQ =  5.4E-02  L =       0.0000   dL =  0.0E+00  dev =  0.0E+00
 RQ22t =       0.0000   dQ = -1.5E-06  L =       0.0000   dL =  0.0E+00  dev =  0.0E+00
 RQ30t =      50.6068   dQ = -6.5E-02  L =       0.0592   dL = -2.9E-04  dev =  6.1E-01
 Jz    =       0.0000   dJZ=  0.0E+00 Om =       0.0000   dO =  0.0E+00  dev =  0.0E+00
--------------------------------------------------------------------------------------
 Iteration =   46
 dt    =   0.0247      mu   =   0.8296 gradn =    0.000E+00 D2H  =    6.693E-04
 E     =   -155.786    DE   = -0.16974E-04
 R     =   -157.243    DR   =  0.32441E-04
 R-E   =     -1.457  D(R-E) =  0.49718E-04
 dmun  = -2.1E-03      dmup= -1.2E-03
 RQ10t =       0.0012   dQ = -1.0E-04  L =      -0.4170   dL = -1.4E-04  dev =  1.2E-03
 RQ20t =      21.0296   dQ =  5.0E-02  L =       0.0000   dL =  0.0E+00  dev =  0.0E+00
 RQ22t =       0.0000   dQ = -1.5E-06  L =       0.0000   dL =  0.0E+00  dev =  0.0E+00
 RQ30t =      50.5465   dQ = -6.0E-02  L =       0.0589   dL = -2.6E-04  dev =  5.5E-01
 Jz    =       0.0000   dJZ=  0.0E+00 Om =       0.0000   dO =  0.0E+00  dev =  0.0E+00
--------------------------------------------------------------------------------------
 Iteration =   47
 dt    =   0.0248      mu   =   0.8297 gradn =    0.000E+00 D2H  =    5.444E-04
 E     =   -155.788    DE   = -0.15393E-04
 R     =   -157.238    DR   =  0.29038E-04
 R-E   =     -1.450  D(R-E) =  0.44701E-04
 dmun  = -2.0E-03      dmup= -1.1E-03
 RQ10t =       0.0011   dQ = -9.0E-05  L =      -0.4172   dL = -1.3E-04  dev =  1.1E-03
 RQ20t =      21.0753   dQ =  4.6E-02  L =       0.0000   dL =  0.0E+00  dev =  0.0E+00
 RQ22t =       0.0000   dQ = -1.4E-06  L =       0.0000   dL =  0.0E+00  dev =  0.0E+00
 RQ30t =      50.4911   dQ = -5.5E-02  L =       0.0587   dL = -2.3E-04  dev =  4.9E-01
 Jz    =       0.0000   dJZ=  0.0E+00 Om =       0.0000   dO =  0.0E+00  dev =  0.0E+00
--------------------------------------------------------------------------------------
 Iteration =   48
 dt    =   0.0248      mu   =   0.8298 gradn =    0.000E+00 D2H  =    4.429E-04
 E     =   -155.791    DE   = -0.14093E-04
 R     =   -157.234    DR   =  0.25810E-04
 R-E   =     -1.444  D(R-E) =  0.40143E-04
 dmun  = -1.9E-03      dmup= -1.1E-03
 RQ10t =       0.0010   dQ = -7.8E-05  L =      -0.4173   dL = -1.2E-04  dev =  1.0E-03
 RQ20t =      21.1168   dQ =  4.2E-02  L =       0.0000   dL =  0.0E+00  dev =  0.0E+00
 RQ22t =       0.0000   dQ = -1.4E-06  L =       0.0000   dL =  0.0E+00  dev =  0.0E+00
 RQ30t =      50.4402   dQ = -5.1E-02  L =       0.0585   dL = -2.1E-04  dev =  4.4E-01
 Jz    =       0.0000   dJZ=  0.0E+00 Om =       0.0000   dO =  0.0E+00  dev =  0.0E+00
--------------------------------------------------------------------------------------
 Iteration =   49
 dt    =   0.0248      mu   =   0.8299 gradn =    0.000E+00 D2H  =    3.612E-04
 E     =   -155.793    DE   = -0.13018E-04
 R     =   -157.231    DR   =  0.22803E-04
 R-E   =     -1.438  D(R-E) =  0.36032E-04
 dmun  = -1.8E-03      dmup= -1.0E-03
 RQ10t =       0.0009   dQ = -6.2E-05  L =      -0.4174   dL = -1.2E-04  dev =  9.4E-04
 RQ20t =      21.1546   dQ =  3.8E-02  L =       0.0000   dL =  0.0E+00  dev =  0.0E+00
 RQ22t =       0.0000   dQ = -1.3E-06  L =       0.0000   dL =  0.0E+00  dev =  0.0E+00
 RQ30t =      50.3935   dQ = -4.7E-02  L =       0.0583   dL = -1.9E-04  dev =  3.9E-01
 Jz    =       0.0000   dJZ=  0.0E+00 Om =       0.0000   dO =  0.0E+00  dev =  0.0E+00
--------------------------------------------------------------------------------------
--------------------------------------------------------------------------------------
                              Iteration =    50

--------------------- Hartree-Fock basis-------------------------------------------------------------------
__________________________________________________________________________________________________________
   Neutron wavefunctions
  i     P   Rz   occ          E       d2h    Delta |   JxT    JyT    Jz      J   |   SxT    SyT    Sz
----------------------------------------------------------------------------------------------------------
  1  0.99  1.0  1.0000     -35.274  6.1E-05   0.00 |  -0.50   0.50   0.50   0.52 |  -0.50   0.50   0.50
  9 -0.99  1.0  1.0000     -24.200  3.3E-04   0.01 |  -0.87   0.87   0.50   1.46 |  -0.45   0.45   0.40
 10 -0.98  1.0  1.0000     -21.801  7.9E-05   0.14 |  -0.00   0.00  -1.50   1.53 |   0.00   0.00  -0.50
 11 -0.92  1.0  0.9809     -17.068  6.2E-04   1.44 |   0.31  -0.31   0.50   0.77 |  -0.06   0.06  -0.39
  2  0.88  1.0  0.7181     -12.864  1.5E-03   1.74 |  -1.15   1.15   0.50   2.22 |  -0.41   0.41   0.31
  3  0.97  1.0  0.2482     -11.066  3.7E-04   1.64 |  -0.00   0.00  -1.50   2.50 |  -0.00   0.00  -0.42
  4  0.95  1.0  0.0374      -8.850  1.3E-04   1.30 |   0.00  -0.00   2.50   2.54 |  -0.00   0.00   0.50
  5  0.80  1.0  0.0132      -7.187  1.3E-02   1.12 |  -0.64   0.64   0.50   1.63 |  -0.35   0.35   0.20
 12 -0.29  1.0  0.0005      -4.640  2.2E-01   0.30 |  -0.64   0.64   0.50   2.72 |  -0.49   0.49   0.49
  6  0.91  1.0  0.0016      -3.982  2.0E-01   0.59 |   0.72  -0.72   0.50   1.50 |  -0.23   0.23  -0.03
  7  0.73  1.0  0.0000      -2.282  1.1E-02   0.10 |   0.00  -0.00  -1.49   1.91 |   0.00  -0.00   0.36
 15 -0.78  1.0  0.0000      -0.888  8.7E-02   0.05 |  -1.11   1.11   0.50   2.99 |  -0.33   0.33   0.16
 13 -0.73  1.0  0.0000      -0.322  1.8E-02   0.01 |   0.01  -0.01  -1.49   2.71 |   0.00  -0.00  -0.43
 18 -0.49  1.0  0.0000       0.417  5.3E-02   0.01 |  -0.15   0.15   0.47   1.88 |  -0.03   0.03  -0.44
 17 -0.39  1.0  0.0000       0.638  6.9E-02   0.01 |   0.03  -0.03  -1.46   2.77 |   0.01  -0.01  -0.41
 14 -0.60  1.0  0.0000       1.137  6.8E-02   0.01 |   0.27  -0.27   1.37   2.81 |   0.34  -0.34   0.47
 20 -0.32  1.0  0.0000       1.441  3.1E-01   0.01 |  -0.75   0.75   0.50   2.29 |  -0.45   0.45   0.39
  8  0.63  1.0  0.0000       1.450  3.7E-02   0.00 |  -0.12   0.13   0.51   2.50 |  -0.02   0.03  -0.45
 19 -0.87  1.0  0.0000       1.939  1.9E-02   0.00 |   0.17  -0.17   1.37   2.92 |   0.15  -0.15   0.45
 16 -0.75  1.0  0.0000       3.113  1.3E-02   0.00 |   0.00  -0.00  -3.33   3.66 |  -0.00   0.00  -0.49
__________________________________________________________________________________________________________
   Proton  wavefunctions
  i     P   Rz   occ          E       d2h    Delta |   JxT    JyT    Jz      J   |   SxT    SyT    Sz
----------------------------------------------------------------------------------------------------------
 21  0.99  1.0  1.0000     -30.756  4.9E-05   0.00 |  -0.50   0.50   0.50   0.52 |  -0.50   0.50   0.50
 29 -0.99  1.0  1.0000     -19.876  3.4E-04   0.02 |  -0.87   0.87   0.50   1.47 |  -0.45   0.45   0.40
 30 -0.98  1.0  0.9999     -17.448  9.6E-05   0.18 |  -0.00   0.00  -1.50   1.53 |   0.00   0.00  -0.50
 31 -0.91  1.0  0.9772     -12.805  7.2E-04   1.53 |   0.30  -0.30   0.50   0.78 |  -0.06   0.06  -0.39
 22  0.86  1.0  0.7121      -8.765  1.7E-03   1.81 |  -1.13   1.13   0.50   2.22 |  -0.41   0.41   0.32
 23  0.97  1.0  0.2503      -6.914  3.8E-04   1.72 |  -0.00   0.00  -1.50   2.50 |  -0.00   0.00  -0.42
 24  0.95  1.0  0.0409      -4.716  1.5E-04   1.38 |   0.00  -0.00   2.50   2.54 |   0.00  -0.00   0.50
 25  0.63  1.0  0.0144      -3.450  2.9E-02   1.06 |  -0.66   0.66   0.50   1.95 |  -0.36   0.36   0.22
 32 -0.09  1.0  0.0024      -2.241  5.0E-02   0.47 |  -0.56   0.56   0.50   2.54 |  -0.50   0.50   0.49
 26  0.83  1.0  0.0026      -0.214  1.2E-02   0.72 |   0.63  -0.63   0.50   1.63 |  -0.22   0.22  -0.05
 27  0.69  1.0  0.0001       1.321  9.6E-03   0.15 |  -0.01   0.01  -1.42   1.95 |   0.04  -0.04   0.35
 37 -0.51  1.0  0.0000       2.001  3.8E-02   0.04 |   0.03  -0.03  -1.48   2.25 |   0.00  -0.00  -0.48
 28  0.53  1.0  0.0000       2.295  6.6E-02   0.07 |   0.06  -0.05   0.48   2.04 |  -0.01   0.02  -0.47
 39 -0.87  1.0  0.0000       2.596  2.3E-02   0.01 |   0.48  -0.48   0.54   2.25 |   0.48  -0.48   0.49
 38 -0.41  1.0  0.0000       2.660  1.7E-01   0.02 |  -0.05   0.05   0.50   2.35 |  -0.02   0.03  -0.45
 35 -0.68  1.0  0.0000       3.015  2.8E-01   0.05 |  -1.31   1.31   0.50   2.90 |  -0.34   0.34   0.17
 33 -0.22  1.0  0.0000       3.273  4.2E-01   0.02 |   0.07  -0.07  -1.40   3.38 |   0.02  -0.02  -0.36
 40 -0.22  1.0  0.0000       3.649  4.9E-01   0.02 |  -0.08   0.08   0.51   2.37 |  -0.43   0.43   0.36
 34  0.02  1.0  0.0000       3.976  1.0E+00   0.02 |   0.21  -0.21   1.57   2.89 |   0.16  -0.16   0.45
 36 -0.54  1.0  0.0000       5.726  2.5E-02   0.00 |   0.01  -0.01  -2.99   3.89 |  -0.00   0.00  -0.50
----------------------------------------------------------------------------------------------------------
--------------------- Canonical    basis-------------------------------------------------------------------
__________________________________________________________________________________________________________
   Neutron wavefunctions
  i     P   Rz   occ          E       d2h    Delta |   JxT    JyT    Jz      J   |   SxT    SyT    Sz
----------------------------------------------------------------------------------------------------------
 20  0.99  1.0  2.0000     -35.274  0.0E+00   0.00 |  -0.50   0.50   0.50   0.52 |  -0.50   0.50   0.50
 19 -0.99  1.0  2.0000     -24.199  0.0E+00   0.01 |  -0.87   0.87   0.50   1.47 |  -0.45   0.45   0.40
 18 -0.98  1.0  1.9999     -21.801  0.0E+00   0.14 |  -0.00   0.00  -1.50   1.53 |   0.00   0.00  -0.50
 17 -0.92  1.0  1.9618     -17.068  0.0E+00   1.44 |   0.32  -0.32   0.50   0.76 |  -0.06   0.06  -0.38
 16  0.89  1.0  1.4364     -12.863  0.0E+00   1.74 |  -1.16   1.16   0.50   2.23 |  -0.41   0.41   0.31
 15  0.97  1.0  0.4964     -11.065  0.0E+00   1.64 |  -0.00   0.00  -1.50   2.50 |  -0.00   0.00  -0.42
 14  0.95  1.0  0.0749      -8.850  0.0E+00   1.30 |   0.00  -0.00   2.50   2.54 |  -0.00   0.00   0.50
 13  0.85  1.0  0.0275      -7.068  0.0E+00   1.19 |  -0.42   0.42   0.50   1.59 |  -0.28   0.28   0.05
 11 -0.39  1.0  0.0008      -4.551  0.0E+00   0.29 |  -0.83   0.83   0.50   2.79 |  -0.48   0.48   0.46
 12  0.92  1.0  0.0023      -4.127  0.0E+00   0.54 |   0.52  -0.52   0.50   1.39 |  -0.31   0.31   0.12
 10  0.71  1.0  0.0001      -2.286  0.0E+00   0.10 |  -0.00   0.00  -1.49   1.94 |   0.00  -0.00   0.36
  9 -0.74  1.0  0.0000      -0.922  0.0E+00   0.02 |  -1.01   1.01   0.50   3.06 |  -0.35   0.35   0.21
  8 -0.71  1.0  0.0000      -0.131  0.0E+00   0.01 |   0.03  -0.03  -1.50   3.11 |   0.00  -0.00  -0.36
  5 -0.39  1.0  0.0000       0.445  0.0E+00   0.00 |   0.03   0.01  -1.47   2.29 |   0.02   0.02  -0.48
  4 -0.70  1.0  0.0000       0.570  0.0E+00   0.00 |  -0.11   0.07   0.44   1.90 |  -0.04   0.00  -0.45
  2  0.85  1.0  0.0000       1.297  0.0E+00   0.00 |  -0.03   0.04   0.50   2.41 |  -0.01   0.02  -0.47
  6 -0.32  1.0  0.0000       1.417  0.0E+00   0.00 |  -0.83   0.83   0.49   2.32 |  -0.45   0.45   0.39
  1 -0.88  1.0  0.0000       1.521  0.0E+00   0.00 |   0.45  -0.46   0.36   2.28 |   0.46  -0.46   0.49
  7 -0.60  1.0  0.0000       1.561  0.0E+00   0.00 |  -0.00   0.00   2.39   3.36 |   0.03  -0.03   0.45
  3 -0.75  1.0  0.0000       3.106  0.0E+00   0.00 |  -0.00   0.00  -3.30   3.65 |  -0.00   0.00  -0.49
__________________________________________________________________________________________________________
   Proton  wavefunctions
  i     P   Rz   occ          E       d2h    Delta |   JxT    JyT    Jz      J   |   SxT    SyT    Sz
----------------------------------------------------------------------------------------------------------
 40  0.99  1.0  2.0000     -30.756  0.0E+00   0.00 |  -0.50   0.50   0.50   0.52 |  -0.50   0.50   0.50
 39 -0.99  1.0  2.0000     -19.876  0.0E+00   0.02 |  -0.87   0.87   0.50   1.47 |  -0.45   0.45   0.40
 38 -0.98  1.0  1.9998     -17.448  0.0E+00   0.18 |  -0.00   0.00  -1.50   1.53 |   0.00   0.00  -0.50
 37 -0.92  1.0  1.9544     -12.804  0.0E+00   1.53 |   0.31  -0.31   0.50   0.77 |  -0.06   0.06  -0.39
 36  0.88  1.0  1.4248      -8.763  0.0E+00   1.82 |  -1.15   1.15   0.50   2.22 |  -0.41   0.41   0.32
 35  0.97  1.0  0.5007      -6.913  0.0E+00   1.72 |  -0.00   0.00  -1.50   2.50 |  -0.00   0.00  -0.42
 34  0.95  1.0  0.0818      -4.715  0.0E+00   1.38 |  -0.00   0.00   2.50   2.54 |  -0.00   0.00   0.50
 33  0.84  1.0  0.0325      -3.141  0.0E+00   1.24 |  -0.41   0.41   0.50   1.63 |  -0.26   0.26   0.03
 31 -0.24  1.0  0.0018      -1.957  0.0E+00   0.36 |  -0.60   0.60   0.50   2.92 |  -0.47   0.47   0.43
 32  0.79  1.0  0.0041      -0.731  0.0E+00   0.65 |   0.34  -0.34   0.50   1.40 |  -0.35   0.35   0.19
 30  0.69  1.0  0.0001       1.353  0.0E+00   0.15 |  -0.02   0.02  -1.46   1.99 |   0.01  -0.01   0.35
 25 -0.67  1.0  0.0000       2.478  0.0E+00   0.00 |  -0.27   0.26   0.48   2.01 |  -0.03   0.03  -0.45
 29 -0.74  1.0  0.0000       2.560  0.0E+00   0.03 |  -1.03   1.03   0.50   3.07 |  -0.33   0.33   0.16
 26 -0.06  1.0  0.0000       2.637  0.0E+00   0.00 |   0.14  -0.15  -0.56   2.69 |   0.08  -0.08  -0.21
 21 -0.98  1.0  0.0000       2.775  0.0E+00   0.00 |   0.45  -0.45   0.37   2.17 |   0.48  -0.48   0.49
 28 -0.53  1.0  0.0000       2.895  0.0E+00   0.02 |   0.09  -0.10  -1.47   3.15 |   0.01  -0.01  -0.40
 24  0.41  1.0  0.0000       3.085  0.0E+00   0.00 |  -0.01   0.01   0.50   2.37 |  -0.21   0.21  -0.08
 23  0.19  1.0  0.0000       3.418  0.0E+00   0.00 |  -0.00   0.01   0.51   2.15 |  -0.24   0.24  -0.02
 27 -0.05  1.0  0.0000       3.506  0.0E+00   0.00 |   0.12  -0.12   0.94   2.80 |   0.12  -0.12   0.22
 22 -0.55  1.0  0.0000       5.725  0.0E+00   0.00 |   0.01  -0.01  -3.00   3.90 |  -0.00   0.00  -0.50
----------------------------------------------------------------------------------------------------------
---------------------------------Quasiparticles---------------------------------
Block 1:  P=+1  neutrons
  N      Eqp       f_n      |   U   V  |   B  P  ov_TR |    JxT    JyT    Jz
________________________________________________________________________________
  1    -23.25      0.00E+00 |    1   0 |   -  -  0.000 |    0.00   0.00   0.50
  2    -15.13      0.00E+00 |    0  16 |   -  -  0.000 |    0.00   0.00   3.33
  3    -13.96      0.00E+00 |    0  19 |   -  -  0.000 |    0.00   0.00  -1.37
  4    -13.47      0.00E+00 |    0   8 |   -  -  0.000 |    0.00   0.00  -0.51
  5    -13.46      0.00E+00 |    0  20 |   -  -  0.000 |    0.00   0.00  -0.50
  6    -13.16      0.00E+00 |    0  14 |   -  -  0.000 |    0.00   0.00  -1.37
  7    -12.66      0.00E+00 |    0  17 |   -  -  0.000 |    0.00   0.00   1.46
  8    -12.44      0.00E+00 |    0  18 |   -  -  0.000 |    0.00   0.00  -0.47
  9    -12.18      0.00E+00 |    9   0 |   -  -  0.000 |    0.00   0.00   0.50
 10    -11.70      0.00E+00 |    0  13 |   -  -  0.000 |    0.00   0.00   1.49
 11    -11.13      0.00E+00 |    0  15 |   -  -  0.000 |    0.00   0.00  -0.50
 12     -9.78      0.00E+00 |   10   7 |   -  -  0.000 |    0.00   0.00  -1.45
 13     -9.74      0.00E+00 |   10   7 |   -  -  0.000 |    0.00   0.00   1.44
 14     -8.06      0.00E+00 |    0   6 |   -  -  0.000 |    0.00   0.00  -0.50
 15     -7.39      0.00E+00 |    0  12 |   -  -  0.000 |    0.00   0.00  -0.50
 16     -5.25      0.00E+00 |   11  11 |   -  -  0.000 |    0.00   0.00   0.47
 17     -4.96      0.00E+00 |    5   5 |   -  -  0.000 |    0.00   0.00  -0.48
 18     -3.43      0.00E+00 |    4   4 |   -  -  0.000 |    0.00   0.00  -2.31
 19     -1.93      0.00E+00 |    2   2 |   -  -  0.000 |    0.00   0.00   0.22
 20     -1.89      0.00E+00 |    3   3 |   -  -  0.000 |    0.00   0.00   0.76
 21      1.89      1.00E+00 |    3   3 |   -  -  0.000 |    0.00   0.00  -0.76
 22      1.93      1.00E+00 |    2   2 |   -  -  0.000 |    0.00   0.00  -0.22
 23      3.43      1.00E+00 |    4   4 |   -  -  0.000 |    0.00   0.00   2.31
 24      4.96      1.00E+00 |    5   5 |   -  -  0.000 |    0.00   0.00   0.48
 25      5.25      1.00E+00 |   11  11 |   -  -  0.000 |    0.00   0.00  -0.47
 26      7.39      1.00E+00 |   12   0 |   -  -  0.000 |    0.00   0.00   0.50
 27      8.06      1.00E+00 |    6   0 |   -  -  0.000 |    0.00   0.00   0.50
 28      9.74      1.00E+00 |    7  10 |   -  -  0.000 |    0.00   0.00  -1.44
 29      9.78      1.00E+00 |    7  10 |   -  -  0.000 |    0.00   0.00   1.45
 30     11.13      1.00E+00 |   15   0 |   -  -  0.000 |    0.00   0.00   0.50
 31     11.70      1.00E+00 |   13   0 |   -  -  0.000 |    0.00   0.00  -1.49
 32     12.18      1.00E+00 |    0   9 |   -  -  0.000 |    0.00   0.00  -0.50
 33     12.44      1.00E+00 |   18   0 |   -  -  0.000 |    0.00   0.00   0.47
 34     12.66      1.00E+00 |   17   0 |   -  -  0.000 |    0.00   0.00  -1.46
 35     13.16      1.00E+00 |   14   0 |   -  -  0.000 |    0.00   0.00   1.37
 36     13.46      1.00E+00 |   20   0 |   -  -  0.000 |    0.00   0.00   0.50
 37     13.47      1.00E+00 |    8   0 |   -  -  0.000 |    0.00   0.00   0.51
 38     13.96      1.00E+00 |   19   0 |   -  -  0.000 |    0.00   0.00   1.37
 39     15.13      1.00E+00 |   16   0 |   -  -  0.000 |    0.00   0.00  -3.33
 40     23.25      1.00E+00 |    0   1 |   -  -  0.000 |    0.00   0.00  -0.50

Block 5:  P=+1   protons
  N      Eqp       f_n      |   U   V  |   B  P  ov_TR |    JxT    JyT    Jz
________________________________________________________________________________
  1    -22.85      0.00E+00 |   21   0 |   -  -  0.000 |    0.00   0.00   0.50
  2    -13.63      0.00E+00 |    0  36 |   -  -  0.000 |    0.00   0.00   2.99
  3    -11.97      0.00E+00 |   29   0 |   -  -  0.000 |    0.00   0.00   0.50
  4    -11.88      0.00E+00 |    0  34 |   -  -  0.000 |    0.00   0.00  -1.57
  5    -11.56      0.00E+00 |    0  40 |   -  -  0.000 |    0.00   0.00  -0.51
  6    -11.18      0.00E+00 |    0  33 |   -  -  0.000 |    0.00   0.00   1.40
  7    -10.92      0.00E+00 |    0  35 |   -  -  0.000 |    0.00   0.00  -0.50
  8    -10.57      0.00E+00 |    0  38 |   -  -  0.000 |    0.00   0.00  -0.50
  9    -10.50      0.00E+00 |    0  39 |   -  -  0.000 |    0.00   0.00  -0.54
 10    -10.20      0.00E+00 |    0  28 |   -  -  0.000 |    0.00   0.00  -0.48
 11     -9.91      0.00E+00 |    0  37 |   -  -  0.000 |    0.00   0.00   1.48
 12     -9.54      0.00E+00 |   30   0 |   -  -  0.000 |    0.00   0.00  -1.50
 13     -9.23      0.00E+00 |    0  27 |   -  -  0.000 |    0.00   0.00   1.41
 14     -7.74      0.00E+00 |    0  26 |   -  -  0.000 |    0.00   0.00  -0.50
 15     -5.70      0.00E+00 |    0  32 |   -  -  0.000 |    0.00   0.00  -0.49
 16     -5.13      0.00E+00 |   31  31 |   -  -  0.000 |    0.00   0.00   0.47
 17     -4.60      0.00E+00 |   25  25 |   -  -  0.000 |    0.00   0.00  -0.48
 18     -3.48      0.00E+00 |   24  24 |   -  -  0.000 |    0.00   0.00  -2.30
 19     -1.99      0.00E+00 |   22  22 |   -  -  0.000 |    0.00   0.00   0.21
 20     -1.99      0.00E+00 |   23  23 |   -  -  0.000 |    0.00   0.00   0.75
 21      1.99      1.00E+00 |   23  23 |   -  -  0.000 |    0.00   0.00  -0.75
 22      1.99      1.00E+00 |   22  22 |   -  -  0.000 |    0.00   0.00  -0.21
 23      3.48      1.00E+00 |   24  24 |   -  -  0.000 |    0.00   0.00   2.30
 24      4.60      1.00E+00 |   25  25 |   -  -  0.000 |    0.00   0.00   0.48
 25      5.13      1.00E+00 |   31  31 |   -  -  0.000 |    0.00   0.00  -0.47
 26      5.70      1.00E+00 |   32   0 |   -  -  0.000 |    0.00   0.00   0.49
 27      7.74      1.00E+00 |   26   0 |   -  -  0.000 |    0.00   0.00   0.50
 28      9.23      1.00E+00 |   27   0 |   -  -  0.000 |    0.00   0.00  -1.41
 29      9.54      1.00E+00 |    0  30 |   -  -  0.000 |    0.00   0.00   1.50
 30      9.91      1.00E+00 |   37   0 |   -  -  0.000 |    0.00   0.00  -1.48
 31     10.20      1.00E+00 |   28   0 |   -  -  0.000 |    0.00   0.00   0.48
 32     10.50      1.00E+00 |   39   0 |   -  -  0.000 |    0.00   0.00   0.54
 33     10.57      1.00E+00 |   38   0 |   -  -  0.000 |    0.00   0.00   0.50
 34     10.92      1.00E+00 |   35   0 |   -  -  0.000 |    0.00   0.00   0.50
 35     11.18      1.00E+00 |   33   0 |   -  -  0.000 |    0.00   0.00  -1.40
 36     11.56      1.00E+00 |   40   0 |   -  -  0.000 |    0.00   0.00   0.51
 37     11.88      1.00E+00 |   34   0 |   -  -  0.000 |    0.00   0.00   1.57
 38     11.97      1.00E+00 |    0  29 |   -  -  0.000 |    0.00   0.00  -0.50
 39     13.63      1.00E+00 |   36   0 |   -  -  0.000 |    0.00   0.00  -2.99
 40     22.85      1.00E+00 |    0  21 |   -  -  0.000 |    0.00   0.00  -0.50

--------------------------------------------------------------------------------
------------------------ Electric Multipole Moments -------------------------
Quantisation Axis             : Z
  With secondary axis ordering: X,Y
  Calculated wrt to COM = (   0.000   0.000   0.000)
______________________________________________________________________________
                   Neutrons        Protons          Charge         Total
______________________________________________________________________________
 Particles           10.0000         10.0000          9.9999         20.0000

Re  Q_{ 1 0}         -0.0258          0.0267          0.0263          0.0009
Constrained                                                           0.0000
Re De_{ 1 0}                                                   0.8967222E-03
Re La_{ 1 0}                                                         -0.4175

Re  Q_{ 2 0}         10.3028         10.8859         10.8778         21.1888
Re  Q_{ 2 2}          0.0000          0.0000          0.0000          0.0000

Re  Q_{ 3 0}         23.1275         27.2230         27.1628         50.3504
Constrained                                                          50.0000
Re De_{ 3 0}                                                   0.3504429E+00
Re La_{ 3 0}                                                          0.0581
Re  Q_{ 3 2}          0.0000         -0.0000         -0.0000         -0.0000

Re  Q_{ 4 0}         83.0423        104.0191        103.4511        187.0613
Re  Q_{ 4 2}          0.0001         -0.0003         -0.0003         -0.0003
Re  Q_{ 4 4}          0.0150         -0.0033          0.2131          0.0117

Re  Q_{ 5 0}        351.7427        485.1059        479.0994        836.8486
Re  Q_{ 5 2}         -0.0000         -0.0005         -0.0005         -0.0005
Re  Q_{ 5 4}         -0.1261         -0.1615         -0.0950         -0.2876

Re  Q_{ 6 0}       1461.2643       2334.6854       2262.6204       3795.9497
Re  Q_{ 6 2}         -0.0018         -0.0140         -0.0130         -0.0157
Re  Q_{ 6 4}          1.0338          2.4092          5.5878          3.4430
Re  Q_{ 6 6}          0.0002          0.0009          0.0010          0.0010

Re  Q_{ 7 0}       6349.7938      10690.8764      10246.4500      17040.6702
Re  Q_{ 7 2}         -0.0147         -0.1028         -0.0967         -0.1176
Re  Q_{ 7 4}         -2.3142         -5.4649          4.3578         -7.7791
Re  Q_{ 7 6}          0.0007          0.0067          0.0062          0.0073

Re  Q_{ 8 0}      33769.4107      63637.0450      58188.0996      97406.4557
Re  Q_{ 8 2}          0.1233          1.3218          1.2954          1.4451
Re  Q_{ 8 4}         10.5634        112.6013        234.6136        123.1647
Re  Q_{ 8 6}          0.0788          0.4613          0.4912          0.5402
Re  Q_{ 8 8}        -12.4820         91.7013         84.5223         79.2193

Re  Q_{ 9 0}     153580.4065     295761.0097     265425.8948     449341.4162
Re  Q_{ 9 2}         -0.5311         -2.6462         -2.5342         -3.1773
Re  Q_{ 9 4}        841.9344       2239.0422       2771.2107       3080.9766
Re  Q_{ 9 6}          0.0751         -0.3566         -0.4574         -0.2816
Re  Q_{ 9 8}        319.5060        755.4364        721.2046       1074.9423

Re  Q_{10 0}     830295.3767    1708964.5921    1389526.4279    2539259.9687
Re  Q_{10 2}         -4.0663         -7.4827         -5.0380        -11.5490
Re  Q_{10 4}       1155.6816       3423.3940       7317.4144       4579.0756
Re  Q_{10 6}          4.1759          2.1143          9.7646          6.2902
Re  Q_{10 8}      -1931.5607       6080.3054       4765.5506       4148.7447
Re  Q_{1010}         -0.7829         -1.0933         -2.0960         -1.8762

 RMS radius           2.8785          2.9193          2.9846          2.8989
 Fourth mom.          3.2196          3.2881          3.3653          3.2544
______________________________________________________________________________
                   Neutrons        Protons          Charge         Total
______________________________________________________________________________


Beta_{ 2 0}       0.20337578      0.21488597      0.21472567      0.41826175
Beta_{ 2 2}       0.00000028      0.00000025      0.00000025      0.00000053

Beta_{ 3 0}       0.14015647      0.16497582      0.16461115      0.30513229
Beta_{ 3 2}       0.00000003     -0.00000006     -0.00000006     -0.00000003

Beta_{ 4 0}       0.15449919      0.19352625      0.19246948      0.34802544
Beta_{ 4 2}       0.00000010     -0.00000065     -0.00000061     -0.00000054
Beta_{ 4 4}       0.00002795     -0.00000611      0.00039655      0.00002183

Beta_{ 5 0}       0.20090658      0.27708030      0.27364950      0.47798688
Beta_{ 5 2}      -0.00000000     -0.00000028     -0.00000028     -0.00000028
Beta_{ 5 4}      -0.00007200     -0.00009226     -0.00005426     -0.00016426

Beta_{ 6 0}       0.25623587      0.40939215      0.39675540      0.66562802
Beta_{ 6 2}      -0.00000031     -0.00000245     -0.00000228     -0.00000276
Beta_{ 6 4}       0.00018128      0.00042246      0.00097984      0.00060374
Beta_{ 6 6}       0.00000003      0.00000015      0.00000017      0.00000018

Beta_{ 7 0}       0.34183211      0.57552811      0.55160305      0.91736023
Beta_{ 7 2}      -0.00000079     -0.00000554     -0.00000520     -0.00000633
Beta_{ 7 4}      -0.00012458     -0.00029420      0.00023460     -0.00041878
Beta_{ 7 6}       0.00000004      0.00000036      0.00000034      0.00000039

Beta_{ 8 0}       0.55810872      1.05173258      0.96167759      1.60984130
Beta_{ 8 2}       0.00000204      0.00002185      0.00002141      0.00002388
Beta_{ 8 4}       0.00017458      0.00186097      0.00387747      0.00203555
Beta_{ 8 6}       0.00000130      0.00000762      0.00000812      0.00000893
Beta_{ 8 8}      -0.00020629      0.00151555      0.00139690      0.00130926

Beta_{ 9 0}       0.77924357      1.50064627      1.34673052      2.27988983
Beta_{ 9 2}      -0.00000269     -0.00001343     -0.00001286     -0.00001612
Beta_{ 9 4}       0.00427185      0.01136056      0.01406070      0.01563241
Beta_{ 9 6}       0.00000038     -0.00000181     -0.00000232     -0.00000143
Beta_{ 9 8}       0.00162112      0.00383297      0.00365928      0.00545409

Beta_{10 0}       1.29333825      2.66202767      2.16444379      3.95536592
Beta_{10 2}      -0.00000633     -0.00001166     -0.00000785     -0.00001799
Beta_{10 4}       0.00180019      0.00533257      0.01139822      0.00713276
Beta_{10 6}       0.00000650      0.00000329      0.00001521      0.00000980
Beta_{10 8}      -0.00300876      0.00947120      0.00742322      0.00646244
Beta_{1010}      -0.00000122     -0.00000170     -0.00000326     -0.00000292


______________________________________________________________________________
                   Neutrons        Protons          Charge         Total
______________________________________________________________________________
Q_{ 1}                0.0258          0.0267          0.0263          0.0009
Q_{ 2}               10.3028         10.8859         10.8778         21.1888
Q_{ 3}               23.1275         27.2230         27.1628         50.3504
Q_{ 4}               83.0423        104.0191        103.4515        187.0613
Q_{ 5}              351.7427        485.1060        479.0994        836.8487
Q_{ 6}             1461.2650       2334.6879       2262.6342       3795.9528
Q_{ 7}             6349.7947      10690.8792      10246.4518      17040.6738
Q_{ 8}            33769.4186      63637.3764      58189.1684      97406.6759
Q_{ 9}           153585.6867     295779.8892     265456.7858     449365.1124
Q_{10}           830301.4788    1708993.0827    1389581.3053    2539275.0047
______________________________________________________________________________
                   Neutrons        Protons          Charge         Total
______________________________________________________________________________
Beta_{   1}       0.00165966      0.00171732      0.00169037      0.00005766
Beta_{   2}       0.20337578      0.21488597      0.21472567      0.41826175
Beta_{   3}       0.14015647      0.16497582      0.16461115      0.30513229
Beta_{   4}       0.15449920      0.19352625      0.19247030      0.34802545
Beta_{   5}       0.20090660      0.27708033      0.27364951      0.47798693
Beta_{   6}       0.25623600      0.40939259      0.39675782      0.66562857
Beta_{   7}       0.34183216      0.57552826      0.55160315      0.91736042
Beta_{   8}       0.55810885      1.05173806      0.96169526      1.60984494
Beta_{   9}       0.77927036      1.50074206      1.34688726      2.28001006
Beta_{  10}       1.29334775      2.66207205      2.16452927      3.95538934
______________________________________________________________________________
 Cart. Moments X              Y              Z
 Cart. N      -16.3333368    -16.3334466     32.6667834
 Cart. P      -17.2577421    -17.2578392     34.5155813
 Cart. T      -33.5910789    -33.5912858     67.1823647
 (Q, gamma)    Q              Gamma
 (Q,g) N       32.6667834      0.0001112
 (Q,g) P       34.5155813      0.0000930
 (Q,g) T       67.1823647      0.0001018
 (iq1, iq2)    iq1            iq2
 iq    N       32.6667468      0.0000732
 iq    P       34.5155490      0.0000647
 iq    T       67.1822958      0.0001379
               X^2            Y^2            Z^2
 X^2_i N       22.1743189     22.1742823     38.5076923
 X^2_i P       22.6545125     22.6544801     39.9122869
 X^2_i T       44.8288313     44.8287624     78.4199792
----------------------------------------------------------------------------
----------------------- Box Size Check -------------------------
 Xmax = (nx+0.5)dx =  9.200 fm,  max(rho(X=Xmax)) =    3.517E-07
 Ymax = (ny+0.5)dx =  9.200 fm,  max(rho(Y=Ymax)) =    3.517E-07
 Zmax = (nz+0.5)dx =  9.200 fm,  max(rho(Z=Zmax)) =    9.402E-05
 Zmin =-(nz+0.5)dx = -9.200fm,  max(rho(Z=Zmin)) =    1.638E-05
---------------------Rotational properties--------------------
                Rigid rotor          (hbar^2/MeV)
              n              p              t 
 I_R X       1.4632374      1.5086858      2.9719233
 I_R Y       1.4632383      1.5086866      2.9719249
 I_R Z       1.0693873      1.0925454      2.1619327

                Belyaev                 (hbar^2/MeV) 
              n              p              t 
 I_B X       0.6012200      0.5764327      1.1776527
 I_B Y       0.6012132      0.5764274      1.1776406
 I_B Z       0.0000151      0.0000239      0.0000390

                Belyaev (collective)    (hbar^2/MeV) 
              n              p              t 
 I_B X       0.6012200      0.5764327      1.1776527
 I_B Y       0.6012132      0.5764274      1.1776406
 I_B Z       0.0000151      0.0000239      0.0000390

                 <J^2> - <J>^2          (hbar^2)
              n              p              t 
 J2_X        1.5474962      1.5458233      3.0933195
 J2_Y        1.5474811      1.5458115      3.0932926
 J2_Z        0.0000959      0.0001510      0.0002469
 J2_t        3.0950732      3.0917858      6.1868590

                 <J^2> - <J>^2 (coll.)  (hbar^2)
              n              p              t 
 J2_X        1.5474962      1.5458233      3.0933195
 J2_Y        1.5474811      1.5458115      3.0932926
 J2_Z        0.0000959      0.0001510      0.0002469
 J2_t        3.0950732      3.0917858      6.1868590
------------------------- Angular Momentum (hbar) --------------------------

               Spwfs(*)    Desired     Omega       E (MeV)      Densit. 
  __________________________________________________________________________
   J_x   |     0.00000     0.00000     0.00000     0.00000     0.00000
   J_y   |     0.00000     0.00000     0.00000     0.00000     0.00000
   J_z   |     0.00000     0.00000     0.00000     0.00000     0.00000
  __________________________________________________________________________
   Size  |     0.00000     0.00000     0.00000                 0.00000
  --------------------------------------------------------------------------
-------------------------- Pairing -------------------------
                          N         P 
 Fermi Level (MeV)    -12.01894326    -7.90672409
 Particles             10.00000000    10.00000000
 Dispersion             1.83434888     1.88818531
 Average gap   v^2      0.65649394     0.70193048
 Average gap   uv       1.50592683     1.56083219
------------------------------------------------------------
--------------------------------------------------------------------------------
 Skyrme Energy                Isospin  1 2 3 4                   Energy [MeV]
--------------------------------------------------------------------------------
E_D_I_I_D_I_I                          0 0                      -1295.238322
E_D_I_I_D_I_I                          1 1                          0.052260
E_D_I_I_D_I_I_D_I_I                    0 0 0                      735.751552
E_D_I_I_D_I_I_D_I_I                    0 1 1                       -0.026515
E_D_I_I_D_Nm_Nm                        0 0                         27.758387
E_D_I_I_D_Nm_Nm                        1 1                         -0.003080
E_D_I_I_Lap_D_I_I                      0 0                         58.110896
E_D_I_I_Lap_D_I_I                      1 1                          0.001419
E_C_I_NmSk_C_I_NmSk                    0 0                         -0.000000
E_C_I_NmSk_C_I_NmSk                    1 1                         -0.000000
E_D_I_I_D_I_I_D_Nm_Nm                  0 0 0                        0.000000
E_D_I_I_D_I_I_D_Nm_Nm                  0 1 1                       -0.000000
E_D_I_I_D_I_I_D_Nm_Nm                  0 0 0                        0.000000
E_D_I_I_D_I_I_D_Nm_Nm                  0 1 1                        0.000000
E_D_I_I_Derm_D_I_I_Derm_D_I_I          0 0 0                        0.000000
E_D_I_I_Derm_D_I_I_Derm_D_I_I          0 1 1                       -0.000000
E_D_I_I_Derm_D_I_I_Derm_D_I_I          0 0 0                       -0.000000
E_D_I_I_Derm_D_I_I_Derm_D_I_I          0 1 1                       -0.000000
E_D_I_I_Derm_D_I_I_D_I_I_Derm_D_I_I    0 0 0 0                      0.000000
E_D_I_I_Derm_D_I_I_D_I_I_Derm_D_I_I    0 0 1 1                     -0.000000
E_D_I_I_Derm_C_I_NxmSxm                0 0                        -10.793847
E_D_I_I_Derm_C_I_NxmSxm                1 1                         -0.000461
E_DP_I_I_DP_I_I                        n n                         -3.611874
E_DP_I_I_DP_I_I                        p p                         -3.875093
E_D_I_I_DP_I_I_DP_I_I                  0 n n                        1.517281
E_D_I_I_DP_I_I_DP_I_I                  0 p p                        1.603653
--------------------------------------------------------------------------------
                 Total Skyrme:                                   -488.753744
--------------------------------------------------------------------------------
                    time-even:                                   -488.753744
                    time-odd :                                      0.000000
                    bilinear :                                  -1227.599715
                    trilinear:                                      0.000000
                 quadrilinear:                                      0.000000
            density-dependent:                                    738.845971
--------------------------------------------------------------------------------
--------------------------------------------------------------------------------
                                     neutron        proton         total
                Kinetic Energy:     162.525509     159.155228     321.680737
                    COM 1-body:      -8.126275      -7.957761     -16.084037
                    COM 2-body:       3.214600       3.161833       6.376433
                            ph:       3.190897       3.133841       6.324738
                            pp:       0.023703       0.027992       0.051695
                 Collective T:                                     -2.443658

                 Rotational  T:                                    -2.443658
                 Rotational  X:                                    -1.221407
                 Rotational  Y:                                    -1.221409
                 Rotational  Z:                                    -0.000841

                 Vibrational T:                                     0.000000
                 Vibrational X:                                    -0.000000
                 Vibrational Y:                                    -0.000000
                 Vibrational Z:                                    -0.000000


                Coulomb Direct:       0.000000      23.427213      23.427213
                      Exchange:       0.000000       0.000000       0.000000

               Pairing (delta):      -2.097409      -2.273954      -4.371363
               Pairing (densi):                                    -4.366034
--------------------------------------------------------------------------------
                  Total energy:                                  -155.797056
                    from spwfs:                                  -155.806697
                   E_fu - E_sp:                                 0.964121E-02
                   (no corr.) :                                  -159.729831
                      Routhian:                                  -157.230008
                         dE   :                                -0.438228E-02
                         dR   :                                 0.649062E-03
--------------------------------------------------------------------------------
 Iteration =   51
 dt    =   0.0248      mu   =   0.8300 gradn =    0.000E+00 D2H  =    2.443E-04
 E     =   -155.799    DE   = -0.11291E-04
 R     =   -157.227    DR   =  0.17431E-04
 R-E   =     -1.428  D(R-E) =  0.28882E-04
 dmun  = -1.6E-03      dmup= -9.1E-04
 RQ10t =       0.0009   dQ = -1.3E-05  L =      -0.4176   dL = -1.1E-04  dev =  8.8E-04
 RQ20t =      21.2196   dQ =  3.1E-02  L =       0.0000   dL =  0.0E+00  dev =  0.0E+00
 RQ22t =       0.0000   dQ = -1.2E-06  L =       0.0000   dL =  0.0E+00  dev =  0.0E+00
 RQ30t =      50.3109   dQ = -4.0E-02  L =       0.0580   dL = -1.5E-04  dev =  3.1E-01
 Jz    =       0.0000   dJZ=  0.0E+00 Om =       0.0000   dO =  0.0E+00  dev =  0.0E+00
--------------------------------------------------------------------------------------
 Iteration =   52
 dt    =   0.0248      mu   =   0.8301 gradn =    0.000E+00 D2H  =    2.013E-04
 E     =   -155.800    DE   = -0.10560E-04
 R     =   -157.225    DR   =  0.15064E-04
 R-E   =     -1.424  D(R-E) =  0.25761E-04
 dmun  = -1.5E-03      dmup= -8.6E-04
 RQ10t =       0.0009   dQ =  1.6E-05  L =      -0.4177   dL = -1.1E-04  dev =  9.0E-04
 RQ20t =      21.2475   dQ =  2.8E-02  L =       0.0000   dL =  0.0E+00  dev =  0.0E+00
 RQ22t =       0.0000   dQ = -1.2E-06  L =       0.0000   dL =  0.0E+00  dev =  0.0E+00
 RQ30t =      50.2746   dQ = -3.6E-02  L =       0.0579   dL = -1.3E-04  dev =  2.7E-01
 Jz    =       0.0000   dJZ=  0.0E+00 Om =       0.0000   dO =  0.0E+00  dev =  0.0E+00
--------------------------------------------------------------------------------------
 Iteration =   53
 dt    =   0.0248      mu   =   0.8301 gradn =    0.000E+00 D2H  =    1.656E-04
 E     =   -155.802    DE   = -0.98885E-05
 R     =   -157.223    DR   =  0.12898E-04
 R-E   =     -1.421  D(R-E) =  0.22904E-04
 dmun  = -1.3E-03      dmup= -8.1E-04
 RQ10t =       0.0009   dQ =  4.3E-05  L =      -0.4178   dL = -1.2E-04  dev =  9.4E-04
 RQ20t =      21.2726   dQ =  2.5E-02  L =       0.0000   dL =  0.0E+00  dev =  0.0E+00
 RQ22t =       0.0000   dQ = -1.1E-06  L =       0.0000   dL =  0.0E+00  dev =  0.0E+00
 RQ30t =      50.2414   dQ = -3.3E-02  L =       0.0578   dL = -1.1E-04  dev =  2.4E-01
 Jz    =       0.0000   dJZ=  0.0E+00 Om =       0.0000   dO =  0.0E+00  dev =  0.0E+00
--------------------------------------------------------------------------------------
 Iteration =   54
 dt    =   0.0248      mu   =   0.8302 gradn =    0.000E+00 D2H  =    1.360E-04
 E     =   -155.803    DE   = -0.92498E-05
 R     =   -157.221    DR   =  0.10931E-04
 R-E   =     -1.418  D(R-E) =  0.20280E-04
 dmun  = -1.2E-03      dmup= -7.5E-04
 RQ10t =       0.0010   dQ =  6.4E-05  L =      -0.4180   dL = -1.2E-04  dev =  1.0E-03
 RQ20t =      21.2952   dQ =  2.3E-02  L =       0.0000   dL =  0.0E+00  dev =  0.0E+00
 RQ22t =       0.0000   dQ = -1.1E-06  L =       0.0000   dL =  0.0E+00  dev =  0.0E+00
 RQ30t =      50.2110   dQ = -3.0E-02  L =       0.0577   dL = -1.0E-04  dev =  2.1E-01
 Jz    =       0.0000   dJZ=  0.0E+00 Om =       0.0000   dO =  0.0E+00  dev =  0.0E+00
--------------------------------------------------------------------------------------
 Iteration =   55
 dt    =   0.0248      mu   =   0.8302 gradn =    0.000E+00 D2H  =    1.118E-04
 E     =   -155.805    DE   = -0.86043E-05
 R     =   -157.220    DR   =  0.91718E-05
 R-E   =     -1.415  D(R-E) =  0.17859E-04
 dmun  = -1.1E-03      dmup= -6.9E-04
 RQ10t =       0.0011   dQ =  7.9E-05  L =      -0.4181   dL = -1.3E-04  dev =  1.1E-03
 RQ20t =      21.3156   dQ =  2.0E-02  L =       0.0000   dL =  0.0E+00  dev =  0.0E+00
 RQ22t =       0.0000   dQ = -1.0E-06  L =       0.0000   dL =  0.0E+00  dev =  0.0E+00
 RQ30t =      50.1835   dQ = -2.8E-02  L =       0.0576   dL = -8.7E-05  dev =  1.8E-01
 Jz    =       0.0000   dJZ=  0.0E+00 Om =       0.0000   dO =  0.0E+00  dev =  0.0E+00
--------------------------------------------------------------------------------------
 Iteration =   56
 dt    =   0.0248      mu   =   0.8302 gradn =    0.000E+00 D2H  =    9.258E-05
 E     =   -155.806    DE   = -0.79202E-05
 R     =   -157.219    DR   =  0.76331E-05
 R-E   =     -1.412  D(R-E) =  0.15623E-04
 dmun  = -1.0E-03      dmup= -6.4E-04
 RQ10t =       0.0012   dQ =  8.7E-05  L =      -0.4182   dL = -1.4E-04  dev =  1.2E-03
 RQ20t =      21.3339   dQ =  1.8E-02  L =       0.0000   dL =  0.0E+00  dev =  0.0E+00
 RQ22t =       0.0000   dQ = -1.0E-06  L =       0.0000   dL =  0.0E+00  dev =  0.0E+00
 RQ30t =      50.1586   dQ = -2.5E-02  L =       0.0575   dL = -7.5E-05  dev =  1.6E-01
 Jz    =       0.0000   dJZ=  0.0E+00 Om =       0.0000   dO =  0.0E+00  dev =  0.0E+00
--------------------------------------------------------------------------------------
 Iteration =   57
 dt    =   0.0248      mu   =   0.8303 gradn =    0.000E+00 D2H  =    7.757E-05
 E     =   -155.807    DE   = -0.71831E-05
 R     =   -157.218    DR   =  0.63254E-05
 R-E   =     -1.410  D(R-E) =  0.13566E-04
 dmun  = -9.4E-04      dmup= -5.9E-04
 RQ10t =       0.0013   dQ =  8.9E-05  L =      -0.4184   dL = -1.6E-04  dev =  1.3E-03
 RQ20t =      21.3503   dQ =  1.6E-02  L =       0.0000   dL =  0.0E+00  dev =  0.0E+00
 RQ22t =       0.0000   dQ = -9.6E-07  L =       0.0000   dL =  0.0E+00  dev =  0.0E+00
 RQ30t =      50.1365   dQ = -2.2E-02  L =       0.0574   dL = -6.5E-05  dev =  1.4E-01
 Jz    =       0.0000   dJZ=  0.0E+00 Om =       0.0000   dO =  0.0E+00  dev =  0.0E+00
--------------------------------------------------------------------------------------
 Iteration =   58
 dt    =   0.0248      mu   =   0.8303 gradn =    0.000E+00 D2H  =    6.579E-05
 E     =   -155.808    DE   = -0.64036E-05
 R     =   -157.217    DR   =  0.52481E-05
 R-E   =     -1.409  D(R-E) =  0.11699E-04
 dmun  = -8.6E-04      dmup= -5.4E-04
 RQ10t =       0.0013   dQ =  8.4E-05  L =      -0.4186   dL = -1.7E-04  dev =  1.3E-03
 RQ20t =      21.3650   dQ =  1.5E-02  L =       0.0000   dL =  0.0E+00  dev =  0.0E+00
 RQ22t =       0.0000   dQ = -9.2E-07  L =       0.0000   dL =  0.0E+00  dev =  0.0E+00
 RQ30t =      50.1172   dQ = -1.9E-02  L =       0.0574   dL = -5.6E-05  dev =  1.2E-01
 Jz    =       0.0000   dJZ=  0.0E+00 Om =       0.0000   dO =  0.0E+00  dev =  0.0E+00
--------------------------------------------------------------------------------------
 Iteration =   59
 dt    =   0.0248      mu   =   0.8303 gradn =    0.000E+00 D2H  =    5.623E-05
 E     =   -155.809    DE   = -0.56061E-05
 R     =   -157.216    DR   =  0.43900E-05
 R-E   =     -1.407  D(R-E) =  0.10036E-04
 dmun  = -7.7E-04      dmup= -5.0E-04
 RQ10t =       0.0014   dQ =  7.2E-05  L =      -0.4187   dL = -1.7E-04  dev =  1.4E-03
 RQ20t =      21.3781   dQ =  1.3E-02  L =       0.0000   dL =  0.0E+00  dev =  0.0E+00
 RQ22t =       0.0000   dQ = -8.8E-07  L =       0.0000   dL =  0.0E+00  dev =  0.0E+00
 RQ30t =      50.1006   dQ = -1.7E-02  L =       0.0573   dL = -4.8E-05  dev =  1.0E-01
 Jz    =       0.0000   dJZ=  0.0E+00 Om =       0.0000   dO =  0.0E+00  dev =  0.0E+00
--------------------------------------------------------------------------------------
--------------------------------------------------------------------------------------
                              Iteration =    60

--------------------- Hartree-Fock basis-------------------------------------------------------------------
__________________________________________________________________________________________________________
   Neutron wavefunctions
  i     P   Rz   occ          E       d2h    Delta |   JxT    JyT    Jz      J   |   SxT    SyT    Sz
----------------------------------------------------------------------------------------------------------
  1  0.99  1.0  1.0000     -35.262  3.5E-06   0.00 |  -0.50   0.50   0.50   0.52 |  -0.50   0.50   0.50
  9 -0.99  1.0  1.0000     -24.217  2.0E-05   0.01 |  -0.87   0.87   0.50   1.46 |  -0.45   0.45   0.40
 10 -0.98  1.0  0.9999     -21.783  7.7E-06   0.14 |  -0.00   0.00  -1.50   1.53 |   0.00   0.00  -0.50
 11 -0.91  1.0  0.9810     -17.049  7.4E-05   1.42 |   0.31  -0.31   0.50   0.78 |  -0.06   0.06  -0.39
  2  0.88  1.0  0.7222     -12.888  1.7E-04   1.73 |  -1.15   1.15   0.50   2.22 |  -0.41   0.41   0.31
  3  0.97  1.0  0.2461     -11.073  3.5E-05   1.62 |  -0.00   0.00  -1.50   2.50 |  -0.00   0.00  -0.42
  4  0.95  1.0  0.0358      -8.820  1.9E-05   1.28 |   0.00  -0.00   2.50   2.54 |  -0.00   0.00   0.50
  5  0.80  1.0  0.0130      -7.161  2.9E-03   1.12 |  -0.63   0.63   0.50   1.64 |  -0.34   0.34   0.18
 12 -0.28  1.0  0.0005      -4.607  1.4E-01   0.31 |  -0.66   0.66   0.50   2.64 |  -0.49   0.49   0.49
  6  0.89  1.0  0.0013      -3.892  1.4E-01   0.53 |   0.69  -0.69   0.50   1.58 |  -0.24   0.24  -0.02
  7  0.71  1.0  0.0000      -2.255  4.5E-03   0.10 |   0.00  -0.00  -1.49   1.94 |   0.00  -0.00   0.36
 15 -0.76  1.0  0.0000      -0.911  2.5E-02   0.06 |  -1.09   1.08   0.50   2.99 |  -0.35   0.35   0.19
 13 -0.71  1.0  0.0000      -0.311  7.6E-03   0.01 |   0.01  -0.01  -1.49   2.68 |   0.00  -0.00  -0.43
 18 -0.45  1.0  0.0000       0.433  3.0E-02   0.01 |  -0.11   0.11   0.47   1.84 |  -0.02   0.03  -0.45
 17 -0.32  1.0  0.0000       0.628  4.0E-02   0.01 |   0.04  -0.04  -1.47   2.77 |   0.00  -0.01  -0.41
 14 -0.54  1.0  0.0000       1.132  4.8E-02   0.01 |   0.32  -0.32   1.31   2.77 |   0.36  -0.36   0.48
 20 -0.29  1.0  0.0000       1.423  1.0E-01   0.01 |  -0.72   0.73   0.50   2.25 |  -0.45   0.45   0.41
  8  0.58  1.0  0.0000       1.480  2.1E-02   0.00 |  -0.12   0.13   0.51   2.49 |  -0.02   0.03  -0.45
 19 -0.86  1.0  0.0000       1.948  1.7E-02   0.00 |   0.14  -0.14   1.39   2.92 |   0.15  -0.15   0.45
 16 -0.75  1.0  0.0000       3.154  8.0E-03   0.00 |   0.01  -0.01  -3.32   3.66 |  -0.00   0.00  -0.49
__________________________________________________________________________________________________________
   Proton  wavefunctions
  i     P   Rz   occ          E       d2h    Delta |   JxT    JyT    Jz      J   |   SxT    SyT    Sz
----------------------------------------------------------------------------------------------------------
 21  0.99  1.0  1.0000     -30.743  4.0E-06   0.00 |  -0.50   0.50   0.50   0.52 |  -0.50   0.50   0.50
 29 -0.99  1.0  1.0000     -19.891  2.3E-05   0.02 |  -0.87   0.87   0.50   1.46 |  -0.45   0.45   0.40
 30 -0.98  1.0  0.9999     -17.428  9.1E-06   0.19 |  -0.00   0.00  -1.50   1.53 |   0.00   0.00  -0.50
 31 -0.91  1.0  0.9773     -12.783  9.0E-05   1.52 |   0.30  -0.30   0.50   0.79 |  -0.06   0.06  -0.39
 22  0.86  1.0  0.7158      -8.785  2.1E-04   1.81 |  -1.13   1.13   0.50   2.21 |  -0.41   0.41   0.32
 23  0.97  1.0  0.2488      -6.918  3.9E-05   1.71 |  -0.00   0.00  -1.50   2.50 |  -0.00   0.00  -0.42
 24  0.95  1.0  0.0393      -4.684  1.8E-05   1.36 |   0.00  -0.00   2.50   2.54 |   0.00  -0.00   0.50
 25  0.60  1.0  0.0140      -3.404  7.6E-03   1.05 |  -0.64   0.64   0.50   1.99 |  -0.35   0.35   0.20
 32 -0.07  1.0  0.0024      -2.125  9.8E-03   0.47 |  -0.57   0.57   0.50   2.47 |  -0.50   0.50   0.49
 26  0.83  1.0  0.0025      -0.194  3.0E-03   0.70 |   0.62  -0.62   0.50   1.65 |  -0.23   0.23  -0.04
 27  0.68  1.0  0.0001       1.352  4.7E-03   0.14 |  -0.01   0.01  -1.41   1.97 |   0.04  -0.04   0.34
 37 -0.47  1.0  0.0000       2.013  2.2E-02   0.04 |   0.04  -0.04  -1.48   2.25 |   0.00  -0.00  -0.48
 28  0.45  1.0  0.0000       2.288  4.2E-02   0.06 |   0.05  -0.05   0.48   2.01 |  -0.01   0.02  -0.47
 39 -0.85  1.0  0.0000       2.594  1.7E-02   0.02 |   0.47  -0.47   0.53   2.25 |   0.48  -0.48   0.49
 38 -0.39  1.0  0.0000       2.646  1.6E-01   0.02 |  -0.09   0.09   0.50   2.38 |  -0.04   0.05  -0.41
 35 -0.65  1.0  0.0000       2.974  2.4E-01   0.05 |  -1.25   1.25   0.50   2.87 |  -0.32   0.32   0.14
 33 -0.06  1.0  0.0000       3.137  3.5E-01   0.02 |   0.15  -0.15  -1.36   3.29 |   0.04  -0.04  -0.34
 34  0.30  1.0  0.0000       3.594  8.4E-01   0.02 |   0.26  -0.26   1.14   2.65 |   0.26  -0.26   0.45
 40 -0.18  1.0  0.0000       3.612  2.7E-01   0.02 |  -0.22   0.22   0.50   2.22 |  -0.47   0.47   0.43
 36 -0.51  1.0  0.0000       5.755  1.2E-02   0.00 |   0.01  -0.01  -2.96   3.92 |  -0.00   0.00  -0.50
----------------------------------------------------------------------------------------------------------
--------------------- Canonical    basis-------------------------------------------------------------------
__________________________________________________________________________________________________________
   Neutron wavefunctions
  i     P   Rz   occ          E       d2h    Delta |   JxT    JyT    Jz      J   |   SxT    SyT    Sz
----------------------------------------------------------------------------------------------------------
 20  0.99  1.0  2.0000     -35.262  0.0E+00   0.00 |  -0.50   0.50   0.50   0.52 |  -0.50   0.50   0.50
 19 -0.99  1.0  2.0000     -24.217  0.0E+00   0.01 |  -0.87   0.87   0.50   1.46 |  -0.45   0.45   0.40
 18 -0.98  1.0  1.9999     -21.783  0.0E+00   0.14 |  -0.00   0.00  -1.50   1.53 |   0.00   0.00  -0.50
 17 -0.92  1.0  1.9620     -17.049  0.0E+00   1.42 |   0.32  -0.32   0.50   0.77 |  -0.06   0.06  -0.39
 16  0.89  1.0  1.4445     -12.888  0.0E+00   1.73 |  -1.16   1.16   0.50   2.22 |  -0.41   0.41   0.31
 15  0.97  1.0  0.4922     -11.073  0.0E+00   1.62 |  -0.00   0.00  -1.50   2.50 |  -0.00   0.00  -0.42
 14  0.95  1.0  0.0716      -8.820  0.0E+00   1.29 |   0.00  -0.00   2.50   2.54 |  -0.00   0.00   0.50
 13  0.85  1.0  0.0269      -7.053  0.0E+00   1.18 |  -0.42   0.42   0.50   1.61 |  -0.27   0.27   0.04
 11 -0.40  1.0  0.0008      -4.298  0.0E+00   0.31 |  -0.83   0.83   0.50   2.78 |  -0.47   0.47   0.43
 12  0.91  1.0  0.0019      -4.222  0.0E+00   0.49 |   0.49  -0.49   0.50   1.34 |  -0.32   0.32   0.14
 10  0.68  1.0  0.0001      -2.257  0.0E+00   0.10 |  -0.00   0.00  -1.49   1.97 |   0.00  -0.00   0.35
  9 -0.72  1.0  0.0000      -0.980  0.0E+00   0.01 |  -0.97   0.97   0.50   3.05 |  -0.37   0.37   0.24
  8 -0.69  1.0  0.0000      -0.137  0.0E+00   0.01 |   0.04  -0.03  -1.50   3.08 |   0.00  -0.00  -0.35
  5 -0.32  1.0  0.0000       0.452  0.0E+00   0.00 |   0.03   0.00  -1.47   2.30 |   0.01   0.01  -0.48
  4 -0.70  1.0  0.0000       0.584  0.0E+00   0.00 |  -0.12   0.09   0.45   1.88 |  -0.03   0.01  -0.46
  2  0.84  1.0  0.0000       1.330  0.0E+00   0.00 |  -0.03   0.04   0.50   2.41 |  -0.01   0.02  -0.47
  6 -0.28  1.0  0.0000       1.411  0.0E+00   0.00 |  -0.76   0.76   0.49   2.27 |  -0.46   0.46   0.42
  1 -0.86  1.0  0.0000       1.517  0.0E+00   0.00 |   0.46  -0.46   0.37   2.28 |   0.46  -0.46   0.49
  7 -0.55  1.0  0.0000       1.566  0.0E+00   0.00 |   0.01  -0.01   2.34   3.33 |   0.05  -0.05   0.45
  3 -0.75  1.0  0.0000       3.146  0.0E+00   0.00 |   0.00  -0.00  -3.29   3.65 |  -0.01   0.01  -0.49
__________________________________________________________________________________________________________
   Proton  wavefunctions
  i     P   Rz   occ          E       d2h    Delta |   JxT    JyT    Jz      J   |   SxT    SyT    Sz
----------------------------------------------------------------------------------------------------------
 40  0.99  1.0  2.0000     -30.743  0.0E+00   0.00 |  -0.50   0.50   0.50   0.52 |  -0.50   0.50   0.50
 39 -0.99  1.0  2.0000     -19.891  0.0E+00   0.02 |  -0.87   0.87   0.50   1.47 |  -0.45   0.45   0.40
 38 -0.98  1.0  1.9998     -17.428  0.0E+00   0.19 |  -0.00   0.00  -1.50   1.53 |   0.00   0.00  -0.50
 37 -0.92  1.0  1.9546     -12.783  0.0E+00   1.52 |   0.31  -0.31   0.50   0.78 |  -0.06   0.06  -0.39
 36  0.88  1.0  1.4321      -8.784  0.0E+00   1.82 |  -1.14   1.14   0.50   2.22 |  -0.41   0.41   0.32
 35  0.97  1.0  0.4977      -6.918  0.0E+00   1.71 |  -0.00   0.00  -1.50   2.50 |  -0.00   0.00  -0.42
 34  0.95  1.0  0.0786      -4.684  0.0E+00   1.36 |  -0.00   0.00   2.50   2.54 |  -0.00   0.00   0.50
 33  0.84  1.0  0.0315      -3.102  0.0E+00   1.23 |  -0.39   0.39   0.50   1.65 |  -0.26   0.26   0.01
 31 -0.22  1.0  0.0017      -1.744  0.0E+00   0.36 |  -0.57   0.57   0.50   2.87 |  -0.46   0.46   0.41
 32  0.76  1.0  0.0039      -0.784  0.0E+00   0.63 |   0.29  -0.29   0.50   1.41 |  -0.36   0.36   0.22
 30  0.67  1.0  0.0001       1.392  0.0E+00   0.15 |  -0.03   0.03  -1.47   2.01 |   0.01  -0.01   0.35
 29 -0.76  1.0  0.0000       2.467  0.0E+00   0.03 |  -1.03   1.04   0.50   3.02 |  -0.35   0.35   0.21
 25 -0.68  1.0  0.0000       2.479  0.0E+00   0.00 |  -0.22   0.21   0.49   1.97 |  -0.02   0.02  -0.46
 26  0.18  1.0  0.0000       2.614  0.0E+00   0.00 |   0.39  -0.39  -0.30   2.68 |   0.16  -0.15  -0.08
 21 -0.98  1.0  0.0000       2.747  0.0E+00   0.00 |   0.46  -0.46   0.40   2.16 |   0.49  -0.49   0.50
 28 -0.51  1.0  0.0000       2.866  0.0E+00   0.02 |   0.12  -0.13  -1.46   3.07 |   0.01  -0.01  -0.40
 27  0.20  1.0  0.0000       3.070  0.0E+00   0.00 |  -0.03   0.03   0.27   2.54 |   0.15  -0.15   0.09
 23  0.48  1.0  0.0000       3.169  0.0E+00   0.00 |  -0.04   0.05   0.52   2.18 |  -0.14   0.15  -0.21
 24  0.16  1.0  0.0000       3.312  0.0E+00   0.00 |  -0.13   0.13   0.50   2.27 |  -0.33   0.33   0.16
 22 -0.52  1.0  0.0000       5.754  0.0E+00   0.00 |   0.01  -0.01  -2.98   3.92 |  -0.00   0.00  -0.50
----------------------------------------------------------------------------------------------------------
---------------------------------Quasiparticles---------------------------------
Block 1:  P=+1  neutrons
  N      Eqp       f_n      |   U   V  |   B  P  ov_TR |    JxT    JyT    Jz
________________________________________________________________________________
  1    -23.23      0.00E+00 |    1   0 |   -  -  0.000 |    0.00   0.00   0.50
  2    -15.18      0.00E+00 |    0  16 |   -  -  0.000 |    0.00   0.00   3.32
  3    -13.98      0.00E+00 |    0  19 |   -  -  0.000 |    0.00   0.00  -1.39
  4    -13.51      0.00E+00 |    0   8 |   -  -  0.000 |    0.00   0.00  -0.51
  5    -13.45      0.00E+00 |    0  20 |   -  -  0.000 |    0.00   0.00  -0.50
  6    -13.16      0.00E+00 |    0  14 |   -  -  0.000 |    0.00   0.00  -1.31
  7    -12.66      0.00E+00 |    0  17 |   -  -  0.000 |    0.00   0.00   1.47
  8    -12.46      0.00E+00 |    0  18 |   -  -  0.000 |    0.00   0.00  -0.47
  9    -12.19      0.00E+00 |    9   0 |   -  -  0.000 |    0.00   0.00   0.50
 10    -11.72      0.00E+00 |    0  13 |   -  -  0.000 |    0.00   0.00   1.49
 11    -11.12      0.00E+00 |    0  15 |   -  -  0.000 |    0.00   0.00  -0.50
 12     -9.78      0.00E+00 |   10   7 |   -  -  0.000 |    0.00   0.00   1.29
 13     -9.75      0.00E+00 |   10   7 |   -  -  0.000 |    0.00   0.00  -1.30
 14     -8.16      0.00E+00 |    0   6 |   -  -  0.000 |    0.00   0.00  -0.50
 15     -7.43      0.00E+00 |    0  12 |   -  -  0.000 |    0.00   0.00  -0.50
 16     -5.22      0.00E+00 |   11  11 |   -  -  0.000 |    0.00   0.00   0.47
 17     -5.00      0.00E+00 |    5   5 |   -  -  0.000 |    0.00   0.00  -0.48
 18     -3.46      0.00E+00 |    4   4 |   -  -  0.000 |    0.00   0.00  -2.32
 19     -1.92      0.00E+00 |    2   2 |   -  -  0.000 |    0.00   0.00   0.22
 20     -1.88      0.00E+00 |    3   3 |   -  -  0.000 |    0.00   0.00   0.76
 21      1.88      1.00E+00 |    3   3 |   -  -  0.000 |    0.00   0.00  -0.76
 22      1.92      1.00E+00 |    2   2 |   -  -  0.000 |    0.00   0.00  -0.22
 23      3.46      1.00E+00 |    4   4 |   -  -  0.000 |    0.00   0.00   2.32
 24      5.00      1.00E+00 |    5   5 |   -  -  0.000 |    0.00   0.00   0.48
 25      5.22      1.00E+00 |   11  11 |   -  -  0.000 |    0.00   0.00  -0.47
 26      7.43      1.00E+00 |   12   0 |   -  -  0.000 |    0.00   0.00   0.50
 27      8.16      1.00E+00 |    6   0 |   -  -  0.000 |    0.00   0.00   0.50
 28      9.75      1.00E+00 |    7  10 |   -  -  0.000 |    0.00   0.00   1.30
 29      9.78      1.00E+00 |    7  10 |   -  -  0.000 |    0.00   0.00  -1.29
 30     11.12      1.00E+00 |   15   0 |   -  -  0.000 |    0.00   0.00   0.50
 31     11.72      1.00E+00 |   13   0 |   -  -  0.000 |    0.00   0.00  -1.49
 32     12.19      1.00E+00 |    0   9 |   -  -  0.000 |    0.00   0.00  -0.50
 33     12.46      1.00E+00 |   18   0 |   -  -  0.000 |    0.00   0.00   0.47
 34     12.66      1.00E+00 |   17   0 |   -  -  0.000 |    0.00   0.00  -1.47
 35     13.16      1.00E+00 |   14   0 |   -  -  0.000 |    0.00   0.00   1.31
 36     13.45      1.00E+00 |   20   0 |   -  -  0.000 |    0.00   0.00   0.50
 37     13.51      1.00E+00 |    8   0 |   -  -  0.000 |    0.00   0.00   0.51
 38     13.98      1.00E+00 |   19   0 |   -  -  0.000 |    0.00   0.00   1.39
 39     15.18      1.00E+00 |   16   0 |   -  -  0.000 |    0.00   0.00  -3.32
 40     23.23      1.00E+00 |    0   1 |   -  -  0.000 |    0.00   0.00  -0.50

Block 5:  P=+1   protons
  N      Eqp       f_n      |   U   V  |   B  P  ov_TR |    JxT    JyT    Jz
________________________________________________________________________________
  1    -22.83      0.00E+00 |   21   0 |   -  -  0.000 |    0.00   0.00   0.50
  2    -13.67      0.00E+00 |    0  36 |   -  -  0.000 |    0.00   0.00   2.96
  3    -11.98      0.00E+00 |   29   0 |   -  -  0.000 |    0.00   0.00   0.50
  4    -11.53      0.00E+00 |    0  40 |   -  -  0.000 |    0.00   0.00  -0.50
  5    -11.51      0.00E+00 |    0  34 |   -  -  0.000 |    0.00   0.00  -1.14
  6    -11.05      0.00E+00 |    0  33 |   -  -  0.000 |    0.00   0.00   1.36
  7    -10.89      0.00E+00 |    0  35 |   -  -  0.000 |    0.00   0.00  -0.50
  8    -10.56      0.00E+00 |    0  38 |   -  -  0.000 |    0.00   0.00  -0.50
  9    -10.51      0.00E+00 |    0  39 |   -  -  0.000 |    0.00   0.00  -0.53
 10    -10.20      0.00E+00 |    0  28 |   -  -  0.000 |    0.00   0.00  -0.48
 11     -9.93      0.00E+00 |    0  37 |   -  -  0.000 |    0.00   0.00   1.48
 12     -9.52      0.00E+00 |   30   0 |   -  -  0.000 |    0.00   0.00  -1.50
 13     -9.27      0.00E+00 |    0  27 |   -  -  0.000 |    0.00   0.00   1.41
 14     -7.76      0.00E+00 |    0  26 |   -  -  0.000 |    0.00   0.00  -0.50
 15     -5.82      0.00E+00 |    0  32 |   -  -  0.000 |    0.00   0.00  -0.49
 16     -5.10      0.00E+00 |   31  31 |   -  -  0.000 |    0.00   0.00   0.47
 17     -4.65      0.00E+00 |   25  25 |   -  -  0.000 |    0.00   0.00  -0.48
 18     -3.50      0.00E+00 |   24  24 |   -  -  0.000 |    0.00   0.00  -2.30
 19     -2.00      0.00E+00 |   22  22 |   -  -  0.000 |    0.00   0.00   0.21
 20     -1.98      0.00E+00 |   23  23 |   -  -  0.000 |    0.00   0.00   0.75
 21      1.98      1.00E+00 |   23  23 |   -  -  0.000 |    0.00   0.00  -0.75
 22      2.00      1.00E+00 |   22  22 |   -  -  0.000 |    0.00   0.00  -0.21
 23      3.50      1.00E+00 |   24  24 |   -  -  0.000 |    0.00   0.00   2.30
 24      4.65      1.00E+00 |   25  25 |   -  -  0.000 |    0.00   0.00   0.48
 25      5.10      1.00E+00 |   31  31 |   -  -  0.000 |    0.00   0.00  -0.47
 26      5.82      1.00E+00 |   32   0 |   -  -  0.000 |    0.00   0.00   0.49
 27      7.76      1.00E+00 |   26   0 |   -  -  0.000 |    0.00   0.00   0.50
 28      9.27      1.00E+00 |   27   0 |   -  -  0.000 |    0.00   0.00  -1.41
 29      9.52      1.00E+00 |    0  30 |   -  -  0.000 |    0.00   0.00   1.50
 30      9.93      1.00E+00 |   37   0 |   -  -  0.000 |    0.00   0.00  -1.48
 31     10.20      1.00E+00 |   28   0 |   -  -  0.000 |    0.00   0.00   0.48
 32     10.51      1.00E+00 |   39   0 |   -  -  0.000 |    0.00   0.00   0.53
 33     10.56      1.00E+00 |   38   0 |   -  -  0.000 |    0.00   0.00   0.50
 34     10.89      1.00E+00 |   35   0 |   -  -  0.000 |    0.00   0.00   0.50
 35     11.05      1.00E+00 |   33   0 |   -  -  0.000 |    0.00   0.00  -1.36
 36     11.51      1.00E+00 |   34   0 |   -  -  0.000 |    0.00   0.00   1.14
 37     11.53      1.00E+00 |   40   0 |   -  -  0.000 |    0.00   0.00   0.50
 38     11.98      1.00E+00 |    0  29 |   -  -  0.000 |    0.00   0.00  -0.50
 39     13.67      1.00E+00 |   36   0 |   -  -  0.000 |    0.00   0.00  -2.96
 40     22.83      1.00E+00 |    0  21 |   -  -  0.000 |    0.00   0.00  -0.50

--------------------------------------------------------------------------------
------------------------ Electric Multipole Moments -------------------------
Quantisation Axis             : Z
  With secondary axis ordering: X,Y
  Calculated wrt to COM = (   0.000   0.000   0.000)
______________________________________________________________________________
                   Neutrons        Protons          Charge         Total
______________________________________________________________________________
 Particles           10.0000         10.0000          9.9999         20.0000

Re  Q_{ 1 0}         -0.0240          0.0255          0.0251          0.0015
Constrained                                                           0.0000
Re De_{ 1 0}                                                   0.1470506E-02
Re La_{ 1 0}                                                         -0.4189

Re  Q_{ 2 0}         10.4139         10.9759         10.9685         21.3899
Re  Q_{ 2 2}          0.0000          0.0000          0.0000          0.0000

Re  Q_{ 3 0}         23.0902         26.9964         26.9408         50.0866
Constrained                                                          50.0000
Re De_{ 3 0}                                                   0.8658183E-01
Re La_{ 3 0}                                                          0.0573
Re  Q_{ 3 2}          0.0000         -0.0000         -0.0000         -0.0000

Re  Q_{ 4 0}         83.7666        103.3904        102.8997        187.1570
Re  Q_{ 4 2}          0.0000         -0.0003         -0.0003         -0.0003
Re  Q_{ 4 4}          0.0172          0.0115          0.2280          0.0287

Re  Q_{ 5 0}        350.8506        475.9082        470.3531        826.7588
Re  Q_{ 5 2}         -0.0000         -0.0004         -0.0004         -0.0005
Re  Q_{ 5 4}         -0.1005         -0.1927         -0.1332         -0.2933

Re  Q_{ 6 0}       1441.9868       2246.7627       2181.9848       3688.7495
Re  Q_{ 6 2}         -0.0018         -0.0119         -0.0110         -0.0137
Re  Q_{ 6 4}          0.9325          2.2318          5.5149          3.1643
Re  Q_{ 6 6}          0.0001          0.0004          0.0005          0.0006

Re  Q_{ 7 0}       6234.7728      10219.1054       9814.4162      16453.8781
Re  Q_{ 7 2}         -0.0129         -0.0762         -0.0712         -0.0891
Re  Q_{ 7 4}         -2.2070        -11.0540         -0.7883        -13.2610
Re  Q_{ 7 6}          0.0001          0.0033          0.0037          0.0033

Re  Q_{ 8 0}      32672.3484      59653.7318      54751.4414      92326.0802
Re  Q_{ 8 2}          0.0722          0.7598          0.7815          0.8320
Re  Q_{ 8 4}         -0.3519         46.4929        170.4853         46.1411
Re  Q_{ 8 6}          0.0439          0.2486          0.2791          0.2925
Re  Q_{ 8 8}        -17.3762         29.9895         24.8170         12.6133

Re  Q_{ 9 0}     146471.1223     273993.4494     246420.7648     420464.5717
Re  Q_{ 9 2}         -0.4826         -2.3077         -2.1673         -2.7903
Re  Q_{ 9 4}        288.0116       1241.9359       1835.2608       1529.9475
Re  Q_{ 9 6}         -0.1541         -1.3046         -1.1821         -1.4587
Re  Q_{ 9 8}        140.4136        503.8699        504.5767        644.2834

Re  Q_{10 0}     793596.6385    1575552.9969    1289370.7799    2369149.6354
Re  Q_{10 2}         -1.0865          6.3305          6.5296          5.2441
Re  Q_{10 4}        872.5365        606.3527       4226.2821       1478.8892
Re  Q_{10 6}          0.6024         -7.9206         -1.5329         -7.3181
Re  Q_{10 8}      -1513.4280       2839.8749       1803.4422       1326.4468
Re  Q_{1010}         -0.4907          0.5948         -0.1723          0.1041

 RMS radius           2.8793          2.9194          2.9847          2.8994
 Fourth mom.          3.2202          3.2866          3.3640          3.2539
______________________________________________________________________________
                   Neutrons        Protons          Charge         Total
______________________________________________________________________________


Beta_{ 2 0}       0.20556920      0.21666273      0.21651547      0.42223193
Beta_{ 2 2}       0.00000017      0.00000015      0.00000015      0.00000032

Beta_{ 3 0}       0.13993043      0.16360282      0.16326569      0.30353325
Beta_{ 3 2}       0.00000001     -0.00000008     -0.00000008     -0.00000007

Beta_{ 4 0}       0.15584678      0.19235665      0.19144369      0.34820343
Beta_{ 4 2}       0.00000004     -0.00000050     -0.00000048     -0.00000047
Beta_{ 4 4}       0.00003201      0.00002130      0.00042416      0.00005332

Beta_{ 5 0}       0.20039703      0.27182680      0.26865384      0.47222383
Beta_{ 5 2}      -0.00000002     -0.00000023     -0.00000024     -0.00000026
Beta_{ 5 4}      -0.00005741     -0.00011009     -0.00007605     -0.00016750

Beta_{ 6 0}       0.25285551      0.39397472      0.38261578      0.64683023
Beta_{ 6 2}      -0.00000031     -0.00000208     -0.00000193     -0.00000240
Beta_{ 6 4}       0.00016351      0.00039135      0.00096704      0.00055486
Beta_{ 6 6}       0.00000003      0.00000008      0.00000009      0.00000010

Beta_{ 7 0}       0.33564012      0.55013099      0.52834513      0.88577111
Beta_{ 7 2}      -0.00000070     -0.00000410     -0.00000383     -0.00000480
Beta_{ 7 4}      -0.00011881     -0.00059508     -0.00004244     -0.00071388
Beta_{ 7 6}       0.00000000      0.00000018      0.00000020      0.00000018

Beta_{ 8 0}       0.53997751      0.98590017      0.90487977      1.52587768
Beta_{ 8 2}       0.00000119      0.00001256      0.00001292      0.00001375
Beta_{ 8 4}      -0.00000582      0.00076839      0.00281762      0.00076258
Beta_{ 8 6}       0.00000073      0.00000411      0.00000461      0.00000483
Beta_{ 8 8}      -0.00028718      0.00049564      0.00041015      0.00020846

Beta_{ 9 0}       0.74317214      1.39020099      1.25030139      2.13337313
Beta_{ 9 2}      -0.00000245     -0.00001171     -0.00001100     -0.00001416
Beta_{ 9 4}       0.00146133      0.00630139      0.00931183      0.00776272
Beta_{ 9 6}      -0.00000078     -0.00000662     -0.00000600     -0.00000740
Beta_{ 9 8}       0.00071244      0.00255656      0.00256015      0.00326900

Beta_{10 0}       1.23617319      2.45421450      2.00843289      3.69038769
Beta_{10 2}      -0.00000169      0.00000986      0.00001017      0.00000817
Beta_{10 4}       0.00135914      0.00094451      0.00658321      0.00230364
Beta_{10 6}       0.00000094     -0.00001234     -0.00000239     -0.00001140
Beta_{10 8}      -0.00235744      0.00442363      0.00280919      0.00206619
Beta_{1010}      -0.00000076      0.00000093     -0.00000027      0.00000016


______________________________________________________________________________
                   Neutrons        Protons          Charge         Total
______________________________________________________________________________
Q_{ 1}                0.0240          0.0255          0.0251          0.0015
Q_{ 2}               10.4139         10.9759         10.9685         21.3899
Q_{ 3}               23.0902         26.9964         26.9408         50.0866
Q_{ 4}               83.7666        103.3904        102.9002        187.1570
Q_{ 5}              350.8506        475.9083        470.3531        826.7589
Q_{ 6}             1441.9874       2246.7649       2181.9988       3688.7522
Q_{ 7}             6234.7735      10219.1173       9814.4162      16453.8888
Q_{ 8}            32672.3577      59653.7831      54751.9835      92326.1050
Q_{ 9}           146471.8232     274000.0053     246435.4659     420471.1260
Q_{10}           793600.4840    1575558.3491    1289387.1552    2369151.3013
______________________________________________________________________________
                   Neutrons        Protons          Charge         Total
______________________________________________________________________________
Beta_{   1}       0.00154285      0.00163740      0.00161247      0.00009455
Beta_{   2}       0.20556920      0.21666273      0.21651547      0.42223193
Beta_{   3}       0.13993043      0.16360282      0.16326569      0.30353325
Beta_{   4}       0.15584679      0.19235665      0.19144463      0.34820344
Beta_{   5}       0.20039705      0.27182685      0.26865386      0.47222389
Beta_{   6}       0.25285562      0.39397511      0.38261822      0.64683071
Beta_{   7}       0.33564016      0.55013164      0.52834513      0.88577169
Beta_{   8}       0.53997767      0.98590102      0.90488873      1.52587809
Beta_{   9}       0.74317570      1.39023425      1.25037598      2.13340638
Beta_{  10}       1.23617918      2.45422283      2.00845840      3.69039028
______________________________________________________________________________
 Cart. Moments X              Y              Z
 Cart. N      -16.5095141    -16.5095824     33.0190964
 Cart. P      -17.4004555    -17.4005142     34.8009698
 Cart. T      -33.9099696    -33.9100966     67.8200662
 (Q, gamma)    Q              Gamma
 (Q,g) N       33.0190964      0.0000684
 (Q,g) P       34.8009698      0.0000558
 (Q,g) T       67.8200662      0.0000620
 (iq1, iq2)    iq1            iq2
 iq    N       33.0190737      0.0000455
 iq    P       34.8009502      0.0000391
 iq    T       67.8200239      0.0000847
               X^2            Y^2            Z^2
 X^2_i N       22.1315252     22.1315025     38.6410621
 X^2_i P       22.6086943     22.6086748     40.0091694
 X^2_i T       44.7402196     44.7401772     78.6502315
----------------------------------------------------------------------------
----------------------- Box Size Check -------------------------
 Xmax = (nx+0.5)dx =  9.200 fm,  max(rho(X=Xmax)) =    3.329E-07
 Ymax = (ny+0.5)dx =  9.200 fm,  max(rho(Y=Ymax)) =    3.328E-07
 Zmax = (nz+0.5)dx =  9.200 fm,  max(rho(Z=Zmax)) =    8.721E-05
 Zmin =-(nz+0.5)dx = -9.200fm,  max(rho(Z=Zmin)) =    1.481E-05
---------------------Rotational properties--------------------
                Rigid rotor          (hbar^2/MeV)
              n              p              t 
 I_R X       1.4654219      1.5099175      2.9753393
 I_R Y       1.4654224      1.5099179      2.9753403
 I_R Z       1.0673239      1.0903361      2.1576600

                Belyaev                 (hbar^2/MeV) 
              n              p              t 
 I_B X       0.6119908      0.5858047      1.1977955
 I_B Y       0.6119865      0.5858016      1.1977881
 I_B Z       0.0000160      0.0000257      0.0000417

                Belyaev (collective)    (hbar^2/MeV) 
              n              p              t 
 I_B X       0.6119908      0.5858047      1.1977955
 I_B Y       0.6119865      0.5858016      1.1977881
 I_B Z       0.0000160      0.0000257      0.0000417

                 <J^2> - <J>^2          (hbar^2)
              n              p              t 
 J2_X        1.5698291      1.5715633      3.1413924
 J2_Y        1.5698195      1.5715560      3.1413755
 J2_Z        0.0001029      0.0001625      0.0002654
 J2_t        3.1397515      3.1432818      6.2830333

                 <J^2> - <J>^2 (coll.)  (hbar^2)
              n              p              t 
 J2_X        1.5698291      1.5715633      3.1413924
 J2_Y        1.5698195      1.5715560      3.1413755
 J2_Z        0.0001029      0.0001625      0.0002654
 J2_t        3.1397515      3.1432818      6.2830333
------------------------- Angular Momentum (hbar) --------------------------

               Spwfs(*)    Desired     Omega       E (MeV)      Densit. 
  __________________________________________________________________________
   J_x   |     0.00000     0.00000     0.00000     0.00000     0.00000
   J_y   |     0.00000     0.00000     0.00000     0.00000     0.00000
   J_z   |     0.00000     0.00000     0.00000     0.00000     0.00000
  __________________________________________________________________________
   Size  |     0.00000     0.00000     0.00000                 0.00000
  --------------------------------------------------------------------------
-------------------------- Pairing -------------------------
                          N         P 
 Fermi Level (MeV)    -12.02995387    -7.91345874
 Particles             10.00000000    10.00000000
 Dispersion             1.81490678     1.87022767
 Average gap   v^2      0.65220718     0.69864794
 Average gap   uv       1.49585075     1.55332327
------------------------------------------------------------
--------------------------------------------------------------------------------
 Skyrme Energy                Isospin  1 2 3 4                   Energy [MeV]
--------------------------------------------------------------------------------
E_D_I_I_D_I_I                          0 0                      -1295.268023
E_D_I_I_D_I_I                          1 1                          0.051864
E_D_I_I_D_I_I_D_I_I                    0 0 0                      735.750941
E_D_I_I_D_I_I_D_I_I                    0 1 1                       -0.026331
E_D_I_I_D_Nm_Nm                        0 0                         27.745351
E_D_I_I_D_Nm_Nm                        1 1                         -0.003052
E_D_I_I_Lap_D_I_I                      0 0                         58.138190
E_D_I_I_Lap_D_I_I                      1 1                          0.001413
E_C_I_NmSk_C_I_NmSk                    0 0                         -0.000000
E_C_I_NmSk_C_I_NmSk                    1 1                         -0.000000
E_D_I_I_D_I_I_D_Nm_Nm                  0 0 0                        0.000000
E_D_I_I_D_I_I_D_Nm_Nm                  0 1 1                       -0.000000
E_D_I_I_D_I_I_D_Nm_Nm                  0 0 0                        0.000000
E_D_I_I_D_I_I_D_Nm_Nm                  0 1 1                        0.000000
E_D_I_I_Derm_D_I_I_Derm_D_I_I          0 0 0                        0.000000
E_D_I_I_Derm_D_I_I_Derm_D_I_I          0 1 1                       -0.000000
E_D_I_I_Derm_D_I_I_Derm_D_I_I          0 0 0                       -0.000000
E_D_I_I_Derm_D_I_I_Derm_D_I_I          0 1 1                       -0.000000
E_D_I_I_Derm_D_I_I_D_I_I_Derm_D_I_I    0 0 0 0                      0.000000
E_D_I_I_Derm_D_I_I_D_I_I_Derm_D_I_I    0 0 1 1                     -0.000000
E_D_I_I_Derm_C_I_NxmSxm                0 0                        -10.757414
E_D_I_I_Derm_C_I_NxmSxm                1 1                         -0.000444
E_DP_I_I_DP_I_I                        n n                         -3.562566
E_DP_I_I_DP_I_I                        p p                         -3.832298
E_D_I_I_DP_I_I_DP_I_I                  0 n n                        1.497095
E_D_I_I_DP_I_I_DP_I_I                  0 p p                        1.586578
--------------------------------------------------------------------------------
                 Total Skyrme:                                   -488.678695
--------------------------------------------------------------------------------
                    time-even:                                   -488.678695
                    time-odd :                                      0.000000
                    bilinear :                                  -1227.486978
                    trilinear:                                      0.000000
                 quadrilinear:                                      0.000000
            density-dependent:                                    738.808283
--------------------------------------------------------------------------------
--------------------------------------------------------------------------------
                                     neutron        proton         total
                Kinetic Energy:     162.464635     159.124757     321.589392
                    COM 1-body:      -8.123232      -7.956238     -16.079470
                    COM 2-body:       3.211991       3.159718       6.371709
                            ph:       3.188008       3.131607       6.319615
                            pp:       0.023983       0.028111       0.052095
                 Collective T:                                     -2.439965

                 Rotational  T:                                    -2.439965
                 Rotational  X:                                    -1.219530
                 Rotational  Y:                                    -1.219531
                 Rotational  Z:                                    -0.000905

                 Vibrational T:                                     0.000000
                 Vibrational X:                                    -0.000000
                 Vibrational Y:                                    -0.000000
                 Vibrational Z:                                    -0.000000


                Coulomb Direct:       0.000000      23.426241      23.426241
                      Exchange:       0.000000       0.000000       0.000000

               Pairing (delta):      -2.066269      -2.246367      -4.312636
               Pairing (densi):                                    -4.311191
--------------------------------------------------------------------------------
                  Total energy:                                  -155.810789
                    from spwfs:                                  -155.813193
                   E_fu - E_sp:                                 0.240469E-02
                   (no corr.) :                                  -159.742533
                      Routhian:                                  -157.216445
                         dE   :                                -0.178176E-02
                         dR   :                                -0.444535E-03
--------------------------------------------------------------------------------
 Iteration =   61
 dt    =   0.0248      mu   =   0.8304 gradn =    0.000E+00 D2H  =    4.155E-05
 E     =   -155.811    DE   = -0.40705E-05
 R     =   -157.216    DR   =  0.32349E-05
 R-E   =     -1.405  D(R-E) =  0.73345E-05
 dmun  = -6.2E-04      dmup= -4.1E-04
 RQ10t =       0.0015   dQ =  3.1E-05  L =      -0.4191   dL = -1.8E-04  dev =  1.5E-03
 RQ20t =      21.4003   dQ =  1.0E-02  L =       0.0000   dL =  0.0E+00  dev =  0.0E+00
 RQ22t =       0.0000   dQ = -8.0E-07  L =       0.0000   dL =  0.0E+00  dev =  0.0E+00
 RQ30t =      50.0749   dQ = -1.2E-02  L =       0.0572   dL = -3.6E-05  dev =  7.5E-02
 Jz    =       0.0000   dJZ=  0.0E+00 Om =       0.0000   dO =  0.0E+00  dev =  0.0E+00
--------------------------------------------------------------------------------------
 Iteration =   62
 dt    =   0.0248      mu   =   0.8304 gradn =    0.000E+00 D2H  =    3.601E-05
 E     =   -155.812    DE   = -0.33763E-05
 R     =   -157.215    DR   =  0.28763E-05
 R-E   =     -1.404  D(R-E) =  0.62785E-05
 dmun  = -5.4E-04      dmup= -3.7E-04
 RQ10t =       0.0015   dQ =  6.6E-06  L =      -0.4193   dL = -1.9E-04  dev =  1.5E-03
 RQ20t =      21.4095   dQ =  9.2E-03  L =       0.0000   dL =  0.0E+00  dev =  0.0E+00
 RQ22t =       0.0000   dQ = -7.7E-07  L =       0.0000   dL =  0.0E+00  dev =  0.0E+00
 RQ30t =      50.0654   dQ = -9.6E-03  L =       0.0572   dL = -3.1E-05  dev =  6.5E-02
 Jz    =       0.0000   dJZ=  0.0E+00 Om =       0.0000   dO =  0.0E+00  dev =  0.0E+00
--------------------------------------------------------------------------------------
 Iteration =   63
 dt    =   0.0248      mu   =   0.8304 gradn =    0.000E+00 D2H  =    3.136E-05
 E     =   -155.812    DE   = -0.27518E-05
 R     =   -157.215    DR   =  0.26218E-05
 R-E   =     -1.403  D(R-E) =  0.53972E-05
 dmun  = -4.7E-04      dmup= -3.2E-04
 RQ10t =       0.0015   dQ = -1.8E-05  L =      -0.4195   dL = -1.8E-04  dev =  1.5E-03
 RQ20t =      21.4176   dQ =  8.1E-03  L =       0.0000   dL =  0.0E+00  dev =  0.0E+00
 RQ22t =       0.0000   dQ = -7.4E-07  L =       0.0000   dL =  0.0E+00  dev =  0.0E+00
 RQ30t =      50.0576   dQ = -7.7E-03  L =       0.0572   dL = -2.7E-05  dev =  5.8E-02
 Jz    =       0.0000   dJZ=  0.0E+00 Om =       0.0000   dO =  0.0E+00  dev =  0.0E+00
--------------------------------------------------------------------------------------
 Iteration =   64
 dt    =   0.0248      mu   =   0.8304 gradn =    0.000E+00 D2H  =    2.744E-05
 E     =   -155.813    DE   = -0.22116E-05
 R     =   -157.215    DR   =  0.24412E-05
 R-E   =     -1.402  D(R-E) =  0.46747E-05
 dmun  = -4.0E-04      dmup= -2.7E-04
 RQ10t =       0.0014   dQ = -4.1E-05  L =      -0.4197   dL = -1.8E-04  dev =  1.4E-03
 RQ20t =      21.4247   dQ =  7.1E-03  L =       0.0000   dL =  0.0E+00  dev =  0.0E+00
 RQ22t =       0.0000   dQ = -7.0E-07  L =       0.0000   dL =  0.0E+00  dev =  0.0E+00
 RQ30t =      50.0514   dQ = -6.2E-03  L =       0.0572   dL = -2.4E-05  dev =  5.1E-02
 Jz    =       0.0000   dJZ=  0.0E+00 Om =       0.0000   dO =  0.0E+00  dev =  0.0E+00
--------------------------------------------------------------------------------------
 Iteration =   65
 dt    =   0.0248      mu   =   0.8304 gradn =    0.000E+00 D2H  =    2.413E-05
 E     =   -155.813    DE   = -0.17699E-05
 R     =   -157.214    DR   =  0.23052E-05
 R-E   =     -1.401  D(R-E) =  0.40959E-05
 dmun  = -3.4E-04      dmup= -2.2E-04
 RQ10t =       0.0014   dQ = -6.2E-05  L =      -0.4198   dL = -1.7E-04  dev =  1.4E-03
 RQ20t =      21.4308   dQ =  6.1E-03  L =       0.0000   dL =  0.0E+00  dev =  0.0E+00
 RQ22t =       0.0000   dQ = -6.7E-07  L =       0.0000   dL =  0.0E+00  dev =  0.0E+00
 RQ30t =      50.0465   dQ = -4.9E-03  L =       0.0571   dL = -2.2E-05  dev =  4.7E-02
 Jz    =       0.0000   dJZ=  0.0E+00 Om =       0.0000   dO =  0.0E+00  dev =  0.0E+00
--------------------------------------------------------------------------------------
 Iteration =   66
 dt    =   0.0248      mu   =   0.8304 gradn =    0.000E+00 D2H  =    2.136E-05
 E     =   -155.813    DE   = -0.14329E-05
 R     =   -157.214    DR   =  0.21901E-05
 R-E   =     -1.401  D(R-E) =  0.36427E-05
 dmun  = -2.9E-04      dmup= -1.8E-04
 RQ10t =       0.0013   dQ = -7.9E-05  L =      -0.4200   dL = -1.6E-04  dev =  1.3E-03
 RQ20t =      21.4360   dQ =  5.2E-03  L =       0.0000   dL =  0.0E+00  dev =  0.0E+00
 RQ22t =       0.0000   dQ = -6.4E-07  L =       0.0000   dL =  0.0E+00  dev =  0.0E+00
 RQ30t =      50.0426   dQ = -3.9E-03  L =       0.0571   dL = -2.0E-05  dev =  4.3E-02
 Jz    =       0.0000   dJZ=  0.0E+00 Om =       0.0000   dO =  0.0E+00  dev =  0.0E+00
--------------------------------------------------------------------------------------
 Iteration =   67
 dt    =   0.0248      mu   =   0.8304 gradn =    0.000E+00 D2H  =    1.905E-05
 E     =   -155.813    DE   = -0.11956E-05
 R     =   -157.214    DR   =  0.20785E-05
 R-E   =     -1.400  D(R-E) =  0.32928E-05
 dmun  = -2.4E-04      dmup= -1.3E-04
 RQ10t =       0.0012   dQ = -9.2E-05  L =      -0.4201   dL = -1.5E-04  dev =  1.2E-03
 RQ20t =      21.4405   dQ =  4.4E-03  L =       0.0000   dL =  0.0E+00  dev =  0.0E+00
 RQ22t =       0.0000   dQ = -6.1E-07  L =       0.0000   dL =  0.0E+00  dev =  0.0E+00
 RQ30t =      50.0395   dQ = -3.1E-03  L =       0.0571   dL = -1.9E-05  dev =  3.9E-02
 Jz    =       0.0000   dJZ=  0.0E+00 Om =       0.0000   dO =  0.0E+00  dev =  0.0E+00
--------------------------------------------------------------------------------------
 Iteration =   68
 dt    =   0.0248      mu   =   0.8304 gradn =    0.000E+00 D2H  =    1.714E-05
 E     =   -155.814    DE   = -0.10406E-05
 R     =   -157.213    DR   =  0.19616E-05
 R-E   =     -1.400  D(R-E) =  0.30198E-05
 dmun  = -1.9E-04      dmup= -8.9E-05
 RQ10t =       0.0011   dQ = -1.0E-04  L =      -0.4203   dL = -1.4E-04  dev =  1.1E-03
 RQ20t =      21.4442   dQ =  3.7E-03  L =       0.0000   dL =  0.0E+00  dev =  0.0E+00
 RQ22t =       0.0000   dQ = -5.8E-07  L =       0.0000   dL =  0.0E+00  dev =  0.0E+00
 RQ30t =      50.0368   dQ = -2.6E-03  L =       0.0571   dL = -1.7E-05  dev =  3.7E-02
 Jz    =       0.0000   dJZ=  0.0E+00 Om =       0.0000   dO =  0.0E+00  dev =  0.0E+00
--------------------------------------------------------------------------------------
 Iteration =   69
 dt    =   0.0248      mu   =   0.8304 gradn =    0.000E+00 D2H  =    1.555E-05
 E     =   -155.814    DE   = -0.94350E-06
 R     =   -157.213    DR   =  0.18390E-05
 R-E   =     -1.399  D(R-E) =  0.27990E-05
 dmun  = -1.5E-04      dmup= -5.2E-05
 RQ10t =       0.0010   dQ = -1.1E-04  L =      -0.4204   dL = -1.2E-04  dev =  1.0E-03
 RQ20t =      21.4472   dQ =  3.1E-03  L =       0.0000   dL =  0.0E+00  dev =  0.0E+00
 RQ22t =       0.0000   dQ = -5.6E-07  L =       0.0000   dL =  0.0E+00  dev =  0.0E+00
 RQ30t =      50.0345   dQ = -2.3E-03  L =       0.0571   dL = -1.6E-05  dev =  3.4E-02
 Jz    =       0.0000   dJZ=  0.0E+00 Om =       0.0000   dO =  0.0E+00  dev =  0.0E+00
--------------------------------------------------------------------------------------
--------------------------------------------------------------------------------------
                              Iteration =    70

--------------------- Hartree-Fock basis-------------------------------------------------------------------
__________________________________________________________________________________________________________
   Neutron wavefunctions
  i     P   Rz   occ          E       d2h    Delta |   JxT    JyT    Jz      J   |   SxT    SyT    Sz
----------------------------------------------------------------------------------------------------------
  1  0.99  1.0  1.0000     -35.259  7.6E-07   0.00 |  -0.50   0.50   0.50   0.52 |  -0.50   0.50   0.50
  9 -0.99  1.0  1.0000     -24.222  3.5E-06   0.01 |  -0.87   0.87   0.50   1.46 |  -0.45   0.45   0.40
 10 -0.98  1.0  0.9999     -21.778  1.3E-06   0.14 |  -0.00   0.00  -1.50   1.53 |   0.00   0.00  -0.50
 11 -0.91  1.0  0.9810     -17.044  6.3E-06   1.42 |   0.31  -0.31   0.50   0.78 |  -0.06   0.06  -0.39
  2  0.88  1.0  0.7233     -12.895  2.1E-05   1.72 |  -1.15   1.15   0.50   2.22 |  -0.41   0.41   0.31
  3  0.97  1.0  0.2455     -11.075  5.7E-06   1.62 |  -0.00   0.00  -1.50   2.50 |  -0.00   0.00  -0.42
  4  0.95  1.0  0.0354      -8.812  2.9E-06   1.28 |   0.00  -0.00   2.50   2.54 |  -0.00   0.00   0.50
  5  0.80  1.0  0.0131      -7.154  4.4E-04   1.13 |  -0.62   0.62   0.50   1.65 |  -0.34   0.34   0.18
 12 -0.24  1.0  0.0006      -4.635  9.7E-02   0.34 |  -0.64   0.64   0.50   2.57 |  -0.49   0.49   0.48
  6  0.86  1.0  0.0012      -3.832  9.5E-02   0.50 |   0.65  -0.65   0.50   1.66 |  -0.25   0.25  -0.01
  7  0.70  1.0  0.0000      -2.249  1.6E-03   0.10 |   0.00  -0.00  -1.49   1.95 |   0.00  -0.00   0.35
 15 -0.76  1.0  0.0000      -0.918  6.9E-03   0.06 |  -1.08   1.08   0.50   2.99 |  -0.35   0.35   0.21
 13 -0.70  1.0  0.0000      -0.309  2.9E-03   0.01 |   0.01  -0.01  -1.49   2.66 |   0.00  -0.00  -0.42
 18 -0.41  1.0  0.0000       0.433  1.7E-02   0.01 |  -0.08   0.08   0.47   1.82 |  -0.02   0.02  -0.46
 17 -0.26  1.0  0.0000       0.615  2.5E-02   0.01 |   0.04  -0.04  -1.47   2.77 |   0.00  -0.00  -0.41
 14 -0.48  1.0  0.0000       1.122  3.5E-02   0.01 |   0.36  -0.36   1.26   2.73 |   0.37  -0.37   0.48
 20 -0.27  1.0  0.0000       1.410  3.4E-02   0.01 |  -0.70   0.70   0.50   2.22 |  -0.46   0.46   0.42
  8  0.55  1.0  0.0000       1.492  1.2E-02   0.00 |  -0.13   0.14   0.51   2.48 |  -0.02   0.03  -0.45
 19 -0.86  1.0  0.0000       1.946  1.6E-02   0.00 |   0.12  -0.12   1.40   2.92 |   0.15  -0.15   0.45
 16 -0.75  1.0  0.0000       3.164  5.4E-03   0.00 |   0.01  -0.01  -3.30   3.66 |  -0.00   0.00  -0.49
__________________________________________________________________________________________________________
   Proton  wavefunctions
  i     P   Rz   occ          E       d2h    Delta |   JxT    JyT    Jz      J   |   SxT    SyT    Sz
----------------------------------------------------------------------------------------------------------
 21  0.99  1.0  1.0000     -30.740  7.6E-07   0.00 |  -0.50   0.50   0.50   0.52 |  -0.50   0.50   0.50
 29 -0.99  1.0  1.0000     -19.894  4.2E-06   0.02 |  -0.87   0.87   0.50   1.46 |  -0.45   0.45   0.40
 30 -0.98  1.0  0.9999     -17.423  1.6E-06   0.19 |  -0.00   0.00  -1.50   1.53 |   0.00   0.00  -0.50
 31 -0.91  1.0  0.9773     -12.778  7.3E-06   1.52 |   0.30  -0.30   0.50   0.79 |  -0.06   0.06  -0.39
 22  0.86  1.0  0.7167      -8.791  2.5E-05   1.80 |  -1.13   1.13   0.50   2.21 |  -0.41   0.41   0.32
 23  0.97  1.0  0.2484      -6.919  6.5E-06   1.71 |  -0.00   0.00  -1.50   2.50 |  -0.00   0.00  -0.42
 24  0.95  1.0  0.0389      -4.676  3.1E-06   1.36 |   0.00  -0.00   2.50   2.54 |   0.00  -0.00   0.50
 25  0.59  1.0  0.0138      -3.392  2.3E-03   1.05 |  -0.64   0.64   0.50   2.01 |  -0.35   0.35   0.20
 32 -0.05  1.0  0.0024      -2.094  2.9E-03   0.48 |  -0.57   0.57   0.50   2.45 |  -0.50   0.50   0.49
 26  0.82  1.0  0.0025      -0.190  5.4E-04   0.69 |   0.61  -0.61   0.50   1.66 |  -0.23   0.23  -0.04
 27  0.67  1.0  0.0001       1.359  2.2E-03   0.14 |  -0.00   0.00  -1.40   1.98 |   0.04  -0.04   0.34
 37 -0.43  1.0  0.0000       2.010  1.4E-02   0.04 |   0.04  -0.04  -1.48   2.25 |   0.00  -0.00  -0.48
 28  0.39  1.0  0.0000       2.275  2.9E-02   0.06 |   0.05  -0.05   0.48   1.99 |  -0.02   0.02  -0.47
 39 -0.82  1.0  0.0000       2.590  1.4E-02   0.02 |   0.46  -0.46   0.53   2.25 |   0.47  -0.47   0.49
 38 -0.40  1.0  0.0000       2.607  1.4E-01   0.02 |  -0.15   0.16   0.50   2.43 |  -0.07   0.07  -0.37
 35 -0.59  1.0  0.0000       2.972  2.0E-01   0.04 |  -1.17   1.17   0.51   2.82 |  -0.30   0.30   0.10
 33  0.08  1.0  0.0000       3.015  2.6E-01   0.02 |   0.22  -0.23  -1.32   3.20 |   0.05  -0.05  -0.33
 34  0.52  1.0  0.0000       3.302  4.8E-01   0.02 |   0.24  -0.24   0.77   2.46 |   0.33  -0.33   0.44
 40 -0.17  1.0  0.0000       3.616  1.5E-01   0.02 |  -0.32   0.32   0.50   2.16 |  -0.48   0.48   0.46
 36 -0.49  1.0  0.0000       5.760  5.8E-03   0.00 |   0.01  -0.01  -2.94   3.93 |  -0.00   0.00  -0.50
----------------------------------------------------------------------------------------------------------
--------------------- Canonical    basis-------------------------------------------------------------------
__________________________________________________________________________________________________________
   Neutron wavefunctions
  i     P   Rz   occ          E       d2h    Delta |   JxT    JyT    Jz      J   |   SxT    SyT    Sz
----------------------------------------------------------------------------------------------------------
 20  0.99  1.0  2.0000     -35.259  0.0E+00   0.00 |  -0.50   0.50   0.50   0.52 |  -0.50   0.50   0.50
 19 -0.99  1.0  2.0000     -24.222  0.0E+00   0.01 |  -0.87   0.87   0.50   1.46 |  -0.45   0.45   0.40
 18 -0.98  1.0  1.9999     -21.778  0.0E+00   0.14 |  -0.00   0.00  -1.50   1.53 |   0.00   0.00  -0.50
 17 -0.92  1.0  1.9621     -17.044  0.0E+00   1.42 |   0.31  -0.31   0.50   0.77 |  -0.06   0.06  -0.39
 16  0.89  1.0  1.4466     -12.895  0.0E+00   1.73 |  -1.16   1.16   0.50   2.22 |  -0.41   0.41   0.31
 15  0.97  1.0  0.4910     -11.075  0.0E+00   1.62 |  -0.00   0.00  -1.50   2.50 |  -0.00   0.00  -0.42
 14  0.95  1.0  0.0708      -8.812  0.0E+00   1.28 |   0.00  -0.00   2.50   2.54 |  -0.00   0.00   0.50
 13  0.84  1.0  0.0269      -7.052  0.0E+00   1.18 |  -0.42   0.42   0.50   1.62 |  -0.27   0.27   0.04
 12  0.84  1.0  0.0018      -4.366  0.0E+00   0.48 |   0.39  -0.39   0.50   1.36 |  -0.34   0.34   0.18
 11 -0.33  1.0  0.0008      -4.105  0.0E+00   0.31 |  -0.74   0.74   0.50   2.75 |  -0.45   0.45   0.39
 10  0.67  1.0  0.0001      -2.249  0.0E+00   0.10 |  -0.00   0.00  -1.50   1.99 |   0.00  -0.00   0.34
  9 -0.72  1.0  0.0000      -1.003  0.0E+00   0.01 |  -0.96   0.96   0.50   3.04 |  -0.38   0.38   0.25
  8 -0.67  1.0  0.0000      -0.143  0.0E+00   0.01 |   0.04  -0.04  -1.50   3.05 |   0.00  -0.00  -0.35
  5 -0.26  1.0  0.0000       0.449  0.0E+00   0.00 |   0.03   0.00  -1.47   2.31 |   0.02   0.01  -0.48
  4 -0.70  1.0  0.0000       0.580  0.0E+00   0.00 |  -0.15   0.12   0.46   1.87 |  -0.03   0.01  -0.46
  2  0.83  1.0  0.0000       1.349  0.0E+00   0.00 |  -0.03   0.04   0.50   2.41 |  -0.01   0.02  -0.47
  6 -0.26  1.0  0.0000       1.403  0.0E+00   0.00 |  -0.69   0.69   0.49   2.22 |  -0.46   0.46   0.43
  1 -0.85  1.0  0.0000       1.509  0.0E+00   0.00 |   0.46  -0.46   0.37   2.28 |   0.46  -0.46   0.49
  7 -0.50  1.0  0.0000       1.559  0.0E+00   0.00 |   0.02  -0.02   2.29   3.30 |   0.06  -0.06   0.45
  3 -0.74  1.0  0.0000       3.153  0.0E+00   0.00 |   0.00  -0.00  -3.28   3.66 |  -0.01   0.01  -0.49
__________________________________________________________________________________________________________
   Proton  wavefunctions
  i     P   Rz   occ          E       d2h    Delta |   JxT    JyT    Jz      J   |   SxT    SyT    Sz
----------------------------------------------------------------------------------------------------------
 40  0.99  1.0  2.0000     -30.740  0.0E+00   0.00 |  -0.50   0.50   0.50   0.52 |  -0.50   0.50   0.50
 39 -0.99  1.0  2.0000     -19.894  0.0E+00   0.02 |  -0.87   0.87   0.50   1.47 |  -0.45   0.45   0.40
 38 -0.98  1.0  1.9998     -17.423  0.0E+00   0.19 |  -0.00   0.00  -1.50   1.53 |   0.00   0.00  -0.50
 37 -0.91  1.0  1.9546     -12.778  0.0E+00   1.52 |   0.31  -0.31   0.50   0.78 |  -0.06   0.06  -0.39
 36  0.88  1.0  1.4339      -8.789  0.0E+00   1.81 |  -1.14   1.14   0.50   2.22 |  -0.41   0.41   0.32
 35  0.97  1.0  0.4969      -6.919  0.0E+00   1.71 |  -0.00   0.00  -1.50   2.50 |  -0.00   0.00  -0.42
 34  0.95  1.0  0.0778      -4.675  0.0E+00   1.36 |  -0.00   0.00   2.50   2.54 |  -0.00   0.00   0.50
 33  0.83  1.0  0.0313      -3.087  0.0E+00   1.23 |  -0.38   0.38   0.50   1.66 |  -0.25   0.25   0.01
 31 -0.20  1.0  0.0017      -1.677  0.0E+00   0.36 |  -0.56   0.56   0.50   2.85 |  -0.45   0.45   0.41
 32  0.75  1.0  0.0039      -0.810  0.0E+00   0.63 |   0.27  -0.27   0.50   1.41 |  -0.37   0.37   0.23
 30  0.66  1.0  0.0001       1.406  0.0E+00   0.14 |  -0.03   0.03  -1.48   2.01 |   0.00  -0.00   0.35
 29 -0.77  1.0  0.0000       2.419  0.0E+00   0.03 |  -1.03   1.04   0.50   2.99 |  -0.36   0.36   0.23
 27  0.16  1.0  0.0000       2.431  0.0E+00   0.00 |  -0.13   0.13  -1.22   2.41 |   0.02  -0.02  -0.39
 26 -0.69  1.0  0.0000       2.461  0.0E+00   0.00 |  -0.16   0.15   0.49   1.93 |  -0.02   0.01  -0.47
 21 -0.96  1.0  0.0000       2.753  0.0E+00   0.00 |   0.47  -0.47   0.42   2.17 |   0.49  -0.49   0.50
 28 -0.49  1.0  0.0000       2.800  0.0E+00   0.02 |   0.10  -0.11  -1.47   2.99 |   0.00  -0.01  -0.41
 25  0.61  1.0  0.0000       2.885  0.0E+00   0.00 |   0.55  -0.55   0.84   2.61 |   0.37  -0.37   0.40
 23  0.70  1.0  0.0000       2.991  0.0E+00   0.00 |  -0.04   0.04   0.52   2.24 |  -0.07   0.07  -0.36
 24 -0.04  1.0  0.0000       3.497  0.0E+00   0.00 |  -0.29   0.29   0.50   2.20 |  -0.43   0.43   0.35
 22 -0.49  1.0  0.0000       5.759  0.0E+00   0.00 |   0.01  -0.01  -2.96   3.94 |  -0.00   0.00  -0.50
----------------------------------------------------------------------------------------------------------
---------------------------------Quasiparticles---------------------------------
Block 1:  P=+1  neutrons
  N      Eqp       f_n      |   U   V  |   B  P  ov_TR |    JxT    JyT    Jz
________________________________________________________________________________
  1    -23.23      0.00E+00 |    1   0 |   -  -  0.000 |    0.00   0.00   0.50
  2    -15.20      0.00E+00 |    0  16 |   -  -  0.000 |    0.00   0.00   3.30
  3    -13.98      0.00E+00 |    0  19 |   -  -  0.000 |    0.00   0.00  -1.40
  4    -13.53      0.00E+00 |    0   8 |   -  -  0.000 |    0.00   0.00  -0.51
  5    -13.44      0.00E+00 |    0  20 |   -  -  0.000 |    0.00   0.00  -0.50
  6    -13.16      0.00E+00 |    0  14 |   -  -  0.000 |    0.00   0.00  -1.26
  7    -12.65      0.00E+00 |    0  17 |   -  -  0.000 |    0.00   0.00   1.47
  8    -12.47      0.00E+00 |    0  18 |   -  -  0.000 |    0.00   0.00  -0.47
  9    -12.19      0.00E+00 |    9   0 |   -  -  0.000 |    0.00   0.00   0.50
 10    -11.72      0.00E+00 |    0  13 |   -  -  0.000 |    0.00   0.00   1.49
 11    -11.12      0.00E+00 |    0  15 |   -  -  0.000 |    0.00   0.00  -0.50
 12     -9.79      0.00E+00 |   10   7 |   -  -  0.000 |    0.00   0.00   1.42
 13     -9.75      0.00E+00 |   10   7 |   -  -  0.000 |    0.00   0.00  -1.43
 14     -8.22      0.00E+00 |    0   6 |   -  -  0.000 |    0.00   0.00  -0.50
 15     -7.41      0.00E+00 |    0  12 |   -  -  0.000 |    0.00   0.00  -0.50
 16     -5.21      0.00E+00 |   11  11 |   -  -  0.000 |    0.00   0.00   0.47
 17     -5.01      0.00E+00 |   11   5 |   -  -  0.000 |    0.00   0.00  -0.47
 18     -3.47      0.00E+00 |    4   4 |   -  -  0.000 |    0.00   0.00  -2.32
 19     -1.92      0.00E+00 |    2   2 |   -  -  0.000 |    0.00   0.00   0.22
 20     -1.88      0.00E+00 |    3   3 |   -  -  0.000 |    0.00   0.00   0.76
 21      1.88      1.00E+00 |    3   3 |   -  -  0.000 |    0.00   0.00  -0.76
 22      1.92      1.00E+00 |    2   2 |   -  -  0.000 |    0.00   0.00  -0.22
 23      3.47      1.00E+00 |    4   4 |   -  -  0.000 |    0.00   0.00   2.32
 24      5.01      1.00E+00 |    5  11 |   -  -  0.000 |    0.00   0.00   0.47
 25      5.21      1.00E+00 |   11  11 |   -  -  0.000 |    0.00   0.00  -0.47
 26      7.41      1.00E+00 |   12   0 |   -  -  0.000 |    0.00   0.00   0.50
 27      8.22      1.00E+00 |    6   0 |   -  -  0.000 |    0.00   0.00   0.50
 28      9.75      1.00E+00 |    7  10 |   -  -  0.000 |    0.00   0.00   1.43
 29      9.79      1.00E+00 |    7  10 |   -  -  0.000 |    0.00   0.00  -1.42
 30     11.12      1.00E+00 |   15   0 |   -  -  0.000 |    0.00   0.00   0.50
 31     11.72      1.00E+00 |   13   0 |   -  -  0.000 |    0.00   0.00  -1.49
 32     12.19      1.00E+00 |    0   9 |   -  -  0.000 |    0.00   0.00  -0.50
 33     12.47      1.00E+00 |   18   0 |   -  -  0.000 |    0.00   0.00   0.47
 34     12.65      1.00E+00 |   17   0 |   -  -  0.000 |    0.00   0.00  -1.47
 35     13.16      1.00E+00 |   14   0 |   -  -  0.000 |    0.00   0.00   1.26
 36     13.44      1.00E+00 |   20   0 |   -  -  0.000 |    0.00   0.00   0.50
 37     13.53      1.00E+00 |    8   0 |   -  -  0.000 |    0.00   0.00   0.51
 38     13.98      1.00E+00 |   19   0 |   -  -  0.000 |    0.00   0.00   1.40
 39     15.20      1.00E+00 |   16   0 |   -  -  0.000 |    0.00   0.00  -3.30
 40     23.23      1.00E+00 |    0   1 |   -  -  0.000 |    0.00   0.00  -0.50

Block 5:  P=+1   protons
  N      Eqp       f_n      |   U   V  |   B  P  ov_TR |    JxT    JyT    Jz
________________________________________________________________________________
  1    -22.82      0.00E+00 |   21   0 |   -  -  0.000 |    0.00   0.00   0.50
  2    -13.68      0.00E+00 |    0  36 |   -  -  0.000 |    0.00   0.00   2.94
  3    -11.98      0.00E+00 |   29   0 |   -  -  0.000 |    0.00   0.00   0.50
  4    -11.53      0.00E+00 |    0  40 |   -  -  0.000 |    0.00   0.00  -0.50
  5    -11.22      0.00E+00 |    0  34 |   -  -  0.000 |    0.00   0.00  -0.77
  6    -10.93      0.00E+00 |    0  33 |   -  -  0.000 |    0.00   0.00   1.32
  7    -10.89      0.00E+00 |    0  35 |   -  -  0.000 |    0.00   0.00  -0.51
  8    -10.52      0.00E+00 |    0  38 |   -  -  0.000 |    0.00   0.00  -0.50
  9    -10.51      0.00E+00 |    0  39 |   -  -  0.000 |    0.00   0.00  -0.53
 10    -10.19      0.00E+00 |    0  28 |   -  -  0.000 |    0.00   0.00  -0.48
 11     -9.93      0.00E+00 |    0  37 |   -  -  0.000 |    0.00   0.00   1.48
 12     -9.51      0.00E+00 |   30   0 |   -  -  0.000 |    0.00   0.00  -1.49
 13     -9.28      0.00E+00 |    0  27 |   -  -  0.000 |    0.00   0.00   1.40
 14     -7.77      0.00E+00 |    0  26 |   -  -  0.000 |    0.00   0.00  -0.50
 15     -5.86      0.00E+00 |    0  32 |   -  -  0.000 |    0.00   0.00  -0.49
 16     -5.09      0.00E+00 |   31  31 |   -  -  0.000 |    0.00   0.00   0.47
 17     -4.66      0.00E+00 |   25  25 |   -  -  0.000 |    0.00   0.00  -0.48
 18     -3.51      0.00E+00 |   24  24 |   -  -  0.000 |    0.00   0.00  -2.31
 19     -2.00      0.00E+00 |   22  22 |   -  -  0.000 |    0.00   0.00   0.21
 20     -1.98      0.00E+00 |   23  23 |   -  -  0.000 |    0.00   0.00   0.75
 21      1.98      1.00E+00 |   23  23 |   -  -  0.000 |    0.00   0.00  -0.75
 22      2.00      1.00E+00 |   22  22 |   -  -  0.000 |    0.00   0.00  -0.21
 23      3.51      1.00E+00 |   24  24 |   -  -  0.000 |    0.00   0.00   2.31
 24      4.66      1.00E+00 |   25  25 |   -  -  0.000 |    0.00   0.00   0.48
 25      5.09      1.00E+00 |   31  31 |   -  -  0.000 |    0.00   0.00  -0.47
 26      5.86      1.00E+00 |   32   0 |   -  -  0.000 |    0.00   0.00   0.49
 27      7.77      1.00E+00 |   26   0 |   -  -  0.000 |    0.00   0.00   0.50
 28      9.28      1.00E+00 |   27   0 |   -  -  0.000 |    0.00   0.00  -1.40
 29      9.51      1.00E+00 |    0  30 |   -  -  0.000 |    0.00   0.00   1.49
 30      9.93      1.00E+00 |   37   0 |   -  -  0.000 |    0.00   0.00  -1.48
 31     10.19      1.00E+00 |   28   0 |   -  -  0.000 |    0.00   0.00   0.48
 32     10.51      1.00E+00 |   39   0 |   -  -  0.000 |    0.00   0.00   0.53
 33     10.52      1.00E+00 |   38   0 |   -  -  0.000 |    0.00   0.00   0.50
 34     10.89      1.00E+00 |   35   0 |   -  -  0.000 |    0.00   0.00   0.51
 35     10.93      1.00E+00 |   33   0 |   -  -  0.000 |    0.00   0.00  -1.32
 36     11.22      1.00E+00 |   34   0 |   -  -  0.000 |    0.00   0.00   0.77
 37     11.53      1.00E+00 |   40   0 |   -  -  0.000 |    0.00   0.00   0.50
 38     11.98      1.00E+00 |    0  29 |   -  -  0.000 |    0.00   0.00  -0.50
 39     13.68      1.00E+00 |   36   0 |   -  -  0.000 |    0.00   0.00  -2.94
 40     22.82      1.00E+00 |    0  21 |   -  -  0.000 |    0.00   0.00  -0.50

--------------------------------------------------------------------------------
------------------------ Electric Multipole Moments -------------------------
Quantisation Axis             : Z
  With secondary axis ordering: X,Y
  Calculated wrt to COM = (   0.000   0.000   0.000)
______________________________________________________________________________
                   Neutrons        Protons          Charge         Total
______________________________________________________________________________
 Particles           10.0000         10.0000          9.9999         20.0000

Re  Q_{ 1 0}         -0.0238          0.0247          0.0243          0.0009
Constrained                                                           0.0000
Re De_{ 1 0}                                                   0.8975095E-03
Re La_{ 1 0}                                                         -0.4205

Re  Q_{ 2 0}         10.4477         11.0020         10.9948         21.4497
Re  Q_{ 2 2}          0.0000          0.0000          0.0000          0.0000

Re  Q_{ 3 0}         23.1016         26.9307         26.8763         50.0323
Constrained                                                          50.0000
Re De_{ 3 0}                                                   0.3233312E-01
Re La_{ 3 0}                                                          0.0571
Re  Q_{ 3 2}         -0.0000         -0.0000         -0.0000         -0.0000

Re  Q_{ 4 0}         84.1748        103.2665        102.7954        187.4414
Re  Q_{ 4 2}         -0.0000         -0.0002         -0.0002         -0.0002
Re  Q_{ 4 4}          0.0174          0.0162          0.2328          0.0336

Re  Q_{ 5 0}        351.8961        473.5425        468.1056        825.4386
Re  Q_{ 5 2}         -0.0001         -0.0003         -0.0003         -0.0004
Re  Q_{ 5 4}         -0.1090         -0.1681         -0.1116         -0.2771

Re  Q_{ 6 0}       1447.9575       2226.5632       2163.4801       3674.5207
Re  Q_{ 6 2}         -0.0018         -0.0088         -0.0082         -0.0105
Re  Q_{ 6 4}          0.9299          1.9591          5.2856          2.8890
Re  Q_{ 6 6}          0.0001          0.0003          0.0004          0.0004

Re  Q_{ 7 0}       6266.8778      10117.2541       9722.0608      16384.1320
Re  Q_{ 7 2}         -0.0118         -0.0533         -0.0497         -0.0651
Re  Q_{ 7 4}         -1.7254         -3.6655          6.3707         -5.3909
Re  Q_{ 7 6}          0.0004          0.0064          0.0064          0.0068

Re  Q_{ 8 0}      32852.6747      58873.7338      54080.1027      91726.4085
Re  Q_{ 8 2}          0.0678          0.6363          0.6396          0.7040
Re  Q_{ 8 4}          3.3363         35.5903        157.9698         38.9265
Re  Q_{ 8 6}          0.0413          0.1835          0.2076          0.2248
Re  Q_{ 8 8}        -17.6882          4.3351         -1.8191        -13.3531

Re  Q_{ 9 0}     147575.3491     270501.3397     243541.7862     418076.6888
Re  Q_{ 9 2}         -0.4378         -1.7269         -1.6014         -2.1647
Re  Q_{ 9 4}        554.1502       1317.6048       1935.0281       1871.7550
Re  Q_{ 9 6}         -0.0584         -0.4696         -0.4374         -0.5280
Re  Q_{ 9 8}        169.4207        272.4192        320.8932        441.8399

Re  Q_{10 0}     797151.5381    1552101.2135    1271784.8669    2349252.7516
Re  Q_{10 2}         -1.5116          3.0283          3.3885          1.5167
Re  Q_{10 4}       1008.3562       1761.1281       5266.0332       2769.4842
Re  Q_{10 6}          0.9265         -7.1638         -1.9219         -6.2373
Re  Q_{10 8}      -1667.5841       3732.5947       2264.4981       2065.0106
Re  Q_{1010}         -0.3600          1.1053          0.4398          0.7453

 RMS radius           2.8797          2.9195          2.9848          2.8996
 Fourth mom.          3.2208          3.2863          3.3638          3.2540
______________________________________________________________________________
                   Neutrons        Protons          Charge         Total
______________________________________________________________________________


Beta_{ 2 0}       0.20623472      0.21717825      0.21703436      0.42341297
Beta_{ 2 2}       0.00000011      0.00000009      0.00000009      0.00000019

Beta_{ 3 0}       0.13999962      0.16320487      0.16287495      0.30320449
Beta_{ 3 2}      -0.00000001     -0.00000008     -0.00000008     -0.00000009

Beta_{ 4 0}       0.15660628      0.19212619      0.19124971      0.34873248
Beta_{ 4 2}      -0.00000001     -0.00000040     -0.00000038     -0.00000041
Beta_{ 4 4}       0.00003228      0.00003015      0.00043320      0.00006243

Beta_{ 5 0}       0.20099419      0.27047554      0.26737012      0.47146973
Beta_{ 5 2}      -0.00000004     -0.00000018     -0.00000018     -0.00000022
Beta_{ 5 4}      -0.00006226     -0.00009599     -0.00006374     -0.00015825

Beta_{ 6 0}       0.25390250      0.39043269      0.37937094      0.64433519
Beta_{ 6 2}      -0.00000031     -0.00000154     -0.00000143     -0.00000185
Beta_{ 6 4}       0.00016306      0.00034354      0.00092684      0.00050660
Beta_{ 6 6}       0.00000002      0.00000005      0.00000006      0.00000007

Beta_{ 7 0}       0.33736845      0.54464798      0.52337331      0.88201642
Beta_{ 7 2}      -0.00000064     -0.00000287     -0.00000268     -0.00000350
Beta_{ 7 4}      -0.00009288     -0.00019733      0.00034296     -0.00029021
Beta_{ 7 6}       0.00000002      0.00000035      0.00000035      0.00000037

Beta_{ 8 0}       0.54295778      0.97300910      0.89378453      1.51596688
Beta_{ 8 2}       0.00000112      0.00001052      0.00001057      0.00001164
Beta_{ 8 4}       0.00005514      0.00058820      0.00261077      0.00064334
Beta_{ 8 6}       0.00000068      0.00000303      0.00000343      0.00000372
Beta_{ 8 8}      -0.00029233      0.00007165     -0.00003006     -0.00022069

Beta_{ 9 0}       0.74877482      1.37248255      1.23569389      2.12125737
Beta_{ 9 2}      -0.00000222     -0.00000876     -0.00000813     -0.00001098
Beta_{ 9 4}       0.00281167      0.00668533      0.00981804      0.00949700
Beta_{ 9 6}      -0.00000030     -0.00000238     -0.00000222     -0.00000268
Beta_{ 9 8}       0.00085961      0.00138221      0.00162816      0.00224183

Beta_{10 0}       1.24171060      2.41768402      1.98103959      3.65939462
Beta_{10 2}      -0.00000235      0.00000472      0.00000528      0.00000236
Beta_{10 4}       0.00157070      0.00274328      0.00820282      0.00431398
Beta_{10 6}       0.00000144     -0.00001116     -0.00000299     -0.00000972
Beta_{10 8}      -0.00259757      0.00581420      0.00352737      0.00321664
Beta_{1010}      -0.00000056      0.00000172      0.00000069      0.00000116


______________________________________________________________________________
                   Neutrons        Protons          Charge         Total
______________________________________________________________________________
Q_{ 1}                0.0238          0.0247          0.0243          0.0009
Q_{ 2}               10.4477         11.0020         10.9948         21.4497
Q_{ 3}               23.1016         26.9307         26.8763         50.0323
Q_{ 4}               84.1748        103.2665        102.7960        187.4414
Q_{ 5}              351.8961        473.5425        468.1056        825.4387
Q_{ 6}             1447.9581       2226.5649       2163.4930       3674.5230
Q_{ 7}             6266.8783      10117.2555       9722.0650      16384.1337
Q_{ 8}            32852.6846      58873.7557      54080.5642      91726.4270
Q_{ 9}           147577.6244     270508.0320     243557.5830     418085.5356
Q_{10}           797156.3020    1552112.1882    1271810.7037    2349257.8317
______________________________________________________________________________
                   Neutrons        Protons          Charge         Total
______________________________________________________________________________
Beta_{   1}       0.00153131      0.00158902      0.00156462      0.00005771
Beta_{   2}       0.20623472      0.21717825      0.21703436      0.42341297
Beta_{   3}       0.13999962      0.16320487      0.16287495      0.30320449
Beta_{   4}       0.15660629      0.19212620      0.19125069      0.34873249
Beta_{   5}       0.20099420      0.27047558      0.26737014      0.47146978
Beta_{   6}       0.25390260      0.39043299      0.37937320      0.64433558
Beta_{   7}       0.33736847      0.54464805      0.52337353      0.88201652
Beta_{   8}       0.54295794      0.97300946      0.89379215      1.51596718
Beta_{   9}       0.74878636      1.37251651      1.23577404      2.12130226
Beta_{  10}       1.24171802      2.41770111      1.98107983      3.65940253
______________________________________________________________________________
 Cart. Moments X              Y              Z
 Cart. N      -16.5629762    -16.5630182     33.1259944
 Cart. P      -17.4418701    -17.4419038     34.8837739
 Cart. T      -34.0048463    -34.0049220     68.0097682
 (Q, gamma)    Q              Gamma
 (Q,g) N       33.1259944      0.0000419
 (Q,g) P       34.8837739      0.0000320
 (Q,g) T       68.0097682      0.0000368
 (iq1, iq2)    iq1            iq2
 iq    N       33.1259804      0.0000280
 iq    P       34.8837626      0.0000225
 iq    T       68.0097430      0.0000505
               X^2            Y^2            Z^2
 X^2_i N       22.1207089     22.1206949     38.6836991
 X^2_i P       22.5969561     22.5969449     40.0388374
 X^2_i T       44.7176650     44.7176398     78.7225365
----------------------------------------------------------------------------
----------------------- Box Size Check -------------------------
 Xmax = (nx+0.5)dx =  9.200 fm,  max(rho(X=Xmax)) =    3.271E-07
 Ymax = (ny+0.5)dx =  9.200 fm,  max(rho(Y=Ymax)) =    3.270E-07
 Zmax = (nz+0.5)dx =  9.200 fm,  max(rho(Z=Zmax)) =    8.643E-05
 Zmin =-(nz+0.5)dx = -9.200fm,  max(rho(Z=Zmin)) =    1.468E-05
---------------------Rotational properties--------------------
                Rigid rotor          (hbar^2/MeV)
              n              p              t 
 I_R X       1.4661894      1.5103500      2.9765394
 I_R Y       1.4661897      1.5103503      2.9765400
 I_R Z       1.0668024      1.0897702      2.1565726

                Belyaev                 (hbar^2/MeV) 
              n              p              t 
 I_B X       0.6145515      0.5882518      1.2028034
 I_B Y       0.6145490      0.5882501      1.2027991
 I_B Z       0.0000166      0.0000267      0.0000432

                Belyaev (collective)    (hbar^2/MeV) 
              n              p              t 
 I_B X       0.6145515      0.5882518      1.2028034
 I_B Y       0.6145490      0.5882501      1.2027991
 I_B Z       0.0000166      0.0000267      0.0000432

                 <J^2> - <J>^2          (hbar^2)
              n              p              t 
 J2_X        1.5747684      1.5794092      3.1541776
 J2_Y        1.5747625      1.5794050      3.1541676
 J2_Z        0.0001072      0.0001686      0.0002758
 J2_t        3.1496381      3.1589829      6.3086209

                 <J^2> - <J>^2 (coll.)  (hbar^2)
              n              p              t 
 J2_X        1.5747684      1.5794092      3.1541776
 J2_Y        1.5747625      1.5794050      3.1541676
 J2_Z        0.0001072      0.0001686      0.0002758
 J2_t        3.1496381      3.1589829      6.3086209
------------------------- Angular Momentum (hbar) --------------------------

               Spwfs(*)    Desired     Omega       E (MeV)      Densit. 
  __________________________________________________________________________
   J_x   |     0.00000     0.00000     0.00000     0.00000     0.00000
   J_y   |     0.00000     0.00000     0.00000     0.00000     0.00000
   J_z   |     0.00000     0.00000     0.00000     0.00000     0.00000
  __________________________________________________________________________
   Size  |     0.00000     0.00000     0.00000                 0.00000
  --------------------------------------------------------------------------
-------------------------- Pairing -------------------------
                          N         P 
 Fermi Level (MeV)    -12.03330514    -7.91551971
 Particles             10.00000000    10.00000000
 Dispersion             1.80987231     1.86571374
 Average gap   v^2      0.65109296     0.69791891
 Average gap   uv       1.49308688     1.55173812
------------------------------------------------------------
--------------------------------------------------------------------------------
 Skyrme Energy                Isospin  1 2 3 4                   Energy [MeV]
--------------------------------------------------------------------------------
E_D_I_I_D_I_I                          0 0                      -1295.203065
E_D_I_I_D_I_I                          1 1                          0.051745
E_D_I_I_D_I_I_D_I_I                    0 0 0                      735.701396
E_D_I_I_D_I_I_D_I_I                    0 1 1                       -0.026276
E_D_I_I_D_Nm_Nm                        0 0                         27.739773
E_D_I_I_D_Nm_Nm                        1 1                         -0.003044
E_D_I_I_Lap_D_I_I                      0 0                         58.139452
E_D_I_I_Lap_D_I_I                      1 1                          0.001411
E_C_I_NmSk_C_I_NmSk                    0 0                         -0.000000
E_C_I_NmSk_C_I_NmSk                    1 1                         -0.000000
E_D_I_I_D_I_I_D_Nm_Nm                  0 0 0                        0.000000
E_D_I_I_D_I_I_D_Nm_Nm                  0 1 1                       -0.000000
E_D_I_I_D_I_I_D_Nm_Nm                  0 0 0                        0.000000
E_D_I_I_D_I_I_D_Nm_Nm                  0 1 1                        0.000000
E_D_I_I_Derm_D_I_I_Derm_D_I_I          0 0 0                        0.000000
E_D_I_I_Derm_D_I_I_Derm_D_I_I          0 1 1                       -0.000000
E_D_I_I_Derm_D_I_I_Derm_D_I_I          0 0 0                       -0.000000
E_D_I_I_Derm_D_I_I_Derm_D_I_I          0 1 1                       -0.000000
E_D_I_I_Derm_D_I_I_D_I_I_Derm_D_I_I    0 0 0 0                      0.000000
E_D_I_I_Derm_D_I_I_D_I_I_Derm_D_I_I    0 0 1 1                     -0.000000
E_D_I_I_Derm_C_I_NxmSxm                0 0                        -10.748668
E_D_I_I_Derm_C_I_NxmSxm                1 1                         -0.000443
E_DP_I_I_DP_I_I                        n n                         -3.550158
E_DP_I_I_DP_I_I                        p p                         -3.822819
E_D_I_I_DP_I_I_DP_I_I                  0 n n                        1.491781
E_D_I_I_DP_I_I_DP_I_I                  0 p p                        1.582608
--------------------------------------------------------------------------------
                 Total Skyrme:                                   -488.646308
--------------------------------------------------------------------------------
                    time-even:                                   -488.646308
                    time-odd :                                      0.000000
                    bilinear :                                  -1227.395816
                    trilinear:                                      0.000000
                 quadrilinear:                                      0.000000
            density-dependent:                                    738.749508
--------------------------------------------------------------------------------
--------------------------------------------------------------------------------
                                     neutron        proton         total
                Kinetic Energy:     162.442361     159.110465     321.552826
                    COM 1-body:      -8.122118      -7.955523     -16.077641
                    COM 2-body:       3.211554       3.159436       6.370990
                            ph:       3.187256       3.131182       6.318438
                            pp:       0.024297       0.028254       0.052552
                 Collective T:                                     -2.439730

                 Rotational  T:                                    -2.439730
                 Rotational  X:                                    -1.219395
                 Rotational  Y:                                    -1.219396
                 Rotational  Z:                                    -0.000940

                 Vibrational T:                                     0.000000
                 Vibrational X:                                    -0.000000
                 Vibrational Y:                                    -0.000000
                 Vibrational Z:                                    -0.000000


                Coulomb Direct:       0.000000      23.425525      23.425525
                      Exchange:       0.000000       0.000000       0.000000

               Pairing (delta):      -2.058507      -2.240267      -4.298775
               Pairing (densi):                                    -4.298589
--------------------------------------------------------------------------------
                  Total energy:                                  -155.814339
                    from spwfs:                                  -155.815331
                   E_fu - E_sp:                                 0.991575E-03
                   (no corr.) :                                  -159.745599
                      Routhian:                                  -157.213273
                         dE   :                                -0.622379E-03
                         dR   :                                -0.215359E-03
--------------------------------------------------------------------------------
 Iteration =   71
 dt    =   0.0248      mu   =   0.8304 gradn =    0.000E+00 D2H  =    1.293E-05
 E     =   -155.814    DE   = -0.84690E-06
 R     =   -157.213    DR   =  0.15869E-05
 R-E   =     -1.399  D(R-E) =  0.24480E-05
 dmun  = -8.9E-05      dmup=  5.6E-06
 RQ10t =       0.0008   dQ = -1.1E-04  L =      -0.4206   dL = -9.7E-05  dev =  7.9E-04
 RQ20t =      21.4516   dQ =  1.9E-03  L =       0.0000   dL =  0.0E+00  dev =  0.0E+00
 RQ22t =       0.0000   dQ = -5.1E-07  L =       0.0000   dL =  0.0E+00  dev =  0.0E+00
 RQ30t =      50.0303   dQ = -2.1E-03  L =       0.0570   dL = -1.4E-05  dev =  3.0E-02
 Jz    =       0.0000   dJZ=  0.0E+00 Om =       0.0000   dO =  0.0E+00  dev =  0.0E+00
--------------------------------------------------------------------------------------
 Iteration =   72
 dt    =   0.0248      mu   =   0.8304 gradn =    0.000E+00 D2H  =    1.182E-05
 E     =   -155.815    DE   = -0.82636E-06
 R     =   -157.213    DR   =  0.14605E-05
 R-E   =     -1.398  D(R-E) =  0.23000E-05
 dmun  = -6.2E-05      dmup=  2.6E-05
 RQ10t =       0.0007   dQ = -1.0E-04  L =      -0.4207   dL = -8.5E-05  dev =  6.9E-04
 RQ20t =      21.4531   dQ =  1.5E-03  L =       0.0000   dL =  0.0E+00  dev =  0.0E+00
 RQ22t =       0.0000   dQ = -4.9E-07  L =       0.0000   dL =  0.0E+00  dev =  0.0E+00
 RQ30t =      50.0283   dQ = -2.0E-03  L =       0.0570   dL = -1.3E-05  dev =  2.8E-02
 Jz    =       0.0000   dJZ=  0.0E+00 Om =       0.0000   dO =  0.0E+00  dev =  0.0E+00
--------------------------------------------------------------------------------------
 Iteration =   73
 dt    =   0.0248      mu   =   0.8304 gradn =    0.000E+00 D2H  =    1.085E-05
 E     =   -155.815    DE   = -0.81930E-06
 R     =   -157.213    DR   =  0.13323E-05
 R-E   =     -1.398  D(R-E) =  0.21636E-05
 dmun  = -4.0E-05      dmup=  4.3E-05
 RQ10t =       0.0006   dQ = -9.4E-05  L =      -0.4208   dL = -7.3E-05  dev =  6.0E-04
 RQ20t =      21.4542   dQ =  1.1E-03  L =       0.0000   dL =  0.0E+00  dev =  0.0E+00
 RQ22t =       0.0000   dQ = -4.6E-07  L =       0.0000   dL =  0.0E+00  dev =  0.0E+00
 RQ30t =      50.0263   dQ = -2.0E-03  L =       0.0570   dL = -1.2E-05  dev =  2.6E-02
 Jz    =       0.0000   dJZ=  0.0E+00 Om =       0.0000   dO =  0.0E+00  dev =  0.0E+00
--------------------------------------------------------------------------------------
 Iteration =   74
 dt    =   0.0248      mu   =   0.8304 gradn =    0.000E+00 D2H  =    1.002E-05
 E     =   -155.815    DE   = -0.82192E-06
 R     =   -157.212    DR   =  0.12012E-05
 R-E   =     -1.398  D(R-E) =  0.20339E-05
 dmun  = -2.2E-05      dmup=  5.6E-05
 RQ10t =       0.0005   dQ = -8.5E-05  L =      -0.4208   dL = -6.3E-05  dev =  5.1E-04
 RQ20t =      21.4549   dQ =  7.2E-04  L =       0.0000   dL =  0.0E+00  dev =  0.0E+00
 RQ22t =       0.0000   dQ = -4.2E-07  L =       0.0000   dL =  0.0E+00  dev =  0.0E+00
 RQ30t =      50.0243   dQ = -2.0E-03  L =       0.0570   dL = -1.2E-05  dev =  2.4E-02
 Jz    =       0.0000   dJZ=  0.0E+00 Om =       0.0000   dO =  0.0E+00  dev =  0.0E+00
--------------------------------------------------------------------------------------
 Iteration =   75
 dt    =   0.0248      mu   =   0.8304 gradn =    0.000E+00 D2H  =    9.301E-06
 E     =   -155.815    DE   = -0.83013E-06
 R     =   -157.212    DR   =  0.10671E-05
 R-E   =     -1.397  D(R-E) =  0.19068E-05
 dmun  = -7.8E-06      dmup=  6.6E-05
 RQ10t =       0.0004   dQ = -7.6E-05  L =      -0.4209   dL = -5.4E-05  dev =  4.4E-04
 RQ20t =      21.4553   dQ =  4.2E-04  L =       0.0000   dL =  0.0E+00  dev =  0.0E+00
 RQ22t =       0.0000   dQ = -4.2E-07  L =       0.0000   dL =  0.0E+00  dev =  0.0E+00
 RQ30t =      50.0223   dQ = -2.0E-03  L =       0.0570   dL = -1.1E-05  dev =  2.2E-02
 Jz    =       0.0000   dJZ=  0.0E+00 Om =       0.0000   dO =  0.0E+00  dev =  0.0E+00
--------------------------------------------------------------------------------------
 Iteration =   76
 dt    =   0.0248      mu   =   0.8304 gradn =    0.000E+00 D2H  =    8.691E-06
 E     =   -155.815    DE   = -0.83998E-06
 R     =   -157.212    DR   =  0.93131E-06
 R-E   =     -1.397  D(R-E) =  0.17796E-05
 dmun  =  2.1E-06      dmup=  7.5E-05
 RQ10t =       0.0004   dQ = -6.6E-05  L =      -0.4209   dL = -4.5E-05  dev =  3.7E-04
 RQ20t =      21.4555   dQ =  1.6E-04  L =       0.0000   dL =  0.0E+00  dev =  0.0E+00
 RQ22t =       0.0000   dQ = -4.0E-07  L =       0.0000   dL =  0.0E+00  dev =  0.0E+00
 RQ30t =      50.0204   dQ = -2.0E-03  L =       0.0570   dL = -9.6E-06  dev =  2.0E-02
 Jz    =       0.0000   dJZ=  0.0E+00 Om =       0.0000   dO =  0.0E+00  dev =  0.0E+00
--------------------------------------------------------------------------------------
 Iteration =   77
 dt    =   0.0248      mu   =   0.8304 gradn =    0.000E+00 D2H  =    8.166E-06
 E     =   -155.815    DE   = -0.84899E-06
 R     =   -157.212    DR   =  0.79501E-06
 R-E   =     -1.397  D(R-E) =  0.16511E-05
 dmun  =  8.7E-06      dmup=  8.2E-05
 RQ10t =       0.0003   dQ = -5.7E-05  L =      -0.4210   dL = -3.8E-05  dev =  3.1E-04
 RQ20t =      21.4554   dQ = -6.0E-05  L =       0.0000   dL =  0.0E+00  dev =  0.0E+00
 RQ22t =       0.0000   dQ = -3.8E-07  L =       0.0000   dL =  0.0E+00  dev =  0.0E+00
 RQ30t =      50.0184   dQ = -2.0E-03  L =       0.0570   dL = -8.7E-06  dev =  1.8E-02
 Jz    =       0.0000   dJZ=  0.0E+00 Om =       0.0000   dO =  0.0E+00  dev =  0.0E+00
--------------------------------------------------------------------------------------
 Iteration =   78
 dt    =   0.0248      mu   =   0.8304 gradn =    0.000E+00 D2H  =    7.708E-06
 E     =   -155.815    DE   = -0.85456E-06
 R     =   -157.212    DR   =  0.66035E-06
 R-E   =     -1.396  D(R-E) =  0.15208E-05
 dmun  =  1.3E-05      dmup=  8.7E-05
 RQ10t =       0.0003   dQ = -4.8E-05  L =      -0.4210   dL = -3.3E-05  dev =  2.6E-04
 RQ20t =      21.4552   dQ = -2.4E-04  L =       0.0000   dL =  0.0E+00  dev =  0.0E+00
 RQ22t =       0.0000   dQ = -3.6E-07  L =       0.0000   dL =  0.0E+00  dev =  0.0E+00
 RQ30t =      50.0165   dQ = -1.9E-03  L =       0.0570   dL = -7.8E-06  dev =  1.6E-02
 Jz    =       0.0000   dJZ=  0.0E+00 Om =       0.0000   dO =  0.0E+00  dev =  0.0E+00
--------------------------------------------------------------------------------------
 Iteration =   79
 dt    =   0.0248      mu   =   0.8304 gradn =    0.000E+00 D2H  =    7.306E-06
 E     =   -155.816    DE   = -0.85425E-06
 R     =   -157.212    DR   =  0.52947E-06
 R-E   =     -1.396  D(R-E) =  0.13885E-05
 dmun  =  1.5E-05      dmup=  9.2E-05
 RQ10t =       0.0002   dQ = -4.0E-05  L =      -0.4210   dL = -2.8E-05  dev =  2.3E-04
 RQ20t =      21.4548   dQ = -4.0E-04  L =       0.0000   dL =  0.0E+00  dev =  0.0E+00
 RQ22t =       0.0000   dQ = -3.4E-07  L =       0.0000   dL =  0.0E+00  dev =  0.0E+00
 RQ30t =      50.0146   dQ = -1.9E-03  L =       0.0570   dL = -6.9E-06  dev =  1.5E-02
 Jz    =       0.0000   dJZ=  0.0E+00 Om =       0.0000   dO =  0.0E+00  dev =  0.0E+00
--------------------------------------------------------------------------------------
--------------------------------------------------------------------------------------
                              Iteration =    80

--------------------- Hartree-Fock basis-------------------------------------------------------------------
__________________________________________________________________________________________________________
   Neutron wavefunctions
  i     P   Rz   occ          E       d2h    Delta |   JxT    JyT    Jz      J   |   SxT    SyT    Sz
----------------------------------------------------------------------------------------------------------
  1  0.99  1.0  1.0000     -35.259  1.6E-07   0.00 |  -0.50   0.50   0.50   0.52 |  -0.50   0.50   0.50
  9 -0.99  1.0  1.0000     -24.222  6.3E-07   0.01 |  -0.87   0.87   0.50   1.46 |  -0.45   0.45   0.40
 10 -0.98  1.0  0.9999     -21.778  2.2E-07   0.14 |  -0.00   0.00  -1.50   1.53 |   0.00   0.00  -0.50
 11 -0.91  1.0  0.9810     -17.044  8.9E-07   1.42 |   0.30  -0.30   0.50   0.78 |  -0.06   0.06  -0.39
  2  0.88  1.0  0.7233     -12.895  2.5E-06   1.72 |  -1.15   1.15   0.50   2.22 |  -0.41   0.41   0.31
  3  0.97  1.0  0.2455     -11.075  1.0E-06   1.62 |  -0.00   0.00  -1.50   2.50 |  -0.00   0.00  -0.42
  4  0.95  1.0  0.0353      -8.811  4.2E-07   1.28 |   0.00  -0.00   2.50   2.54 |  -0.00   0.00   0.50
  5  0.80  1.0  0.0131      -7.152  3.2E-05   1.13 |  -0.62   0.62   0.50   1.65 |  -0.34   0.34   0.17
 12 -0.20  1.0  0.0007      -4.660  6.5E-02   0.36 |  -0.60   0.60   0.50   2.51 |  -0.49   0.49   0.47
  6  0.81  1.0  0.0011      -3.791  6.4E-02   0.47 |   0.61  -0.61   0.50   1.74 |  -0.25   0.25   0.00
  7  0.69  1.0  0.0000      -2.248  4.9E-04   0.10 |   0.00  -0.00  -1.49   1.96 |   0.00  -0.00   0.35
 15 -0.76  1.0  0.0000      -0.916  2.3E-03   0.06 |  -1.08   1.08   0.50   2.99 |  -0.36   0.36   0.22
 13 -0.69  1.0  0.0000      -0.307  9.6E-04   0.01 |   0.00  -0.00  -1.49   2.66 |   0.00  -0.00  -0.42
 18 -0.39  1.0  0.0000       0.432  9.1E-03   0.01 |  -0.06   0.06   0.47   1.80 |  -0.02   0.02  -0.46
 17 -0.21  1.0  0.0000       0.608  1.6E-02   0.01 |   0.04  -0.04  -1.47   2.77 |   0.00  -0.00  -0.42
 14 -0.43  1.0  0.0000       1.114  2.5E-02   0.01 |   0.39  -0.39   1.21   2.70 |   0.39  -0.39   0.49
 20 -0.25  1.0  0.0000       1.404  1.2E-02   0.01 |  -0.68   0.68   0.50   2.19 |  -0.46   0.46   0.43
  8  0.52  1.0  0.0000       1.500  6.9E-03   0.00 |  -0.13   0.14   0.51   2.47 |  -0.02   0.03  -0.44
 19 -0.85  1.0  0.0000       1.941  1.7E-02   0.00 |   0.11  -0.11   1.39   2.91 |   0.15  -0.15   0.46
 16 -0.75  1.0  0.0000       3.165  4.2E-03   0.00 |   0.01  -0.01  -3.29   3.66 |  -0.00   0.00  -0.49
__________________________________________________________________________________________________________
   Proton  wavefunctions
  i     P   Rz   occ          E       d2h    Delta |   JxT    JyT    Jz      J   |   SxT    SyT    Sz
----------------------------------------------------------------------------------------------------------
 21  0.99  1.0  1.0000     -30.740  1.7E-07   0.00 |  -0.50   0.50   0.50   0.52 |  -0.50   0.50   0.50
 29 -0.99  1.0  1.0000     -19.894  7.8E-07   0.02 |  -0.87   0.87   0.50   1.46 |  -0.45   0.45   0.40
 30 -0.98  1.0  0.9999     -17.422  2.7E-07   0.19 |  -0.00   0.00  -1.50   1.53 |   0.00   0.00  -0.50
 31 -0.91  1.0  0.9773     -12.777  8.2E-07   1.52 |   0.30  -0.30   0.50   0.79 |  -0.06   0.06  -0.39
 22  0.86  1.0  0.7167      -8.790  3.0E-06   1.80 |  -1.13   1.13   0.50   2.21 |  -0.41   0.41   0.32
 23  0.97  1.0  0.2485      -6.919  1.3E-06   1.71 |  -0.00   0.00  -1.50   2.50 |  -0.00   0.00  -0.42
 24  0.95  1.0  0.0389      -4.674  6.2E-07   1.36 |   0.00  -0.00   2.50   2.54 |   0.00  -0.00   0.50
 25  0.58  1.0  0.0138      -3.386  7.4E-04   1.04 |  -0.63   0.63   0.50   2.02 |  -0.35   0.35   0.19
 32 -0.04  1.0  0.0024      -2.080  9.1E-04   0.48 |  -0.57   0.57   0.50   2.43 |  -0.50   0.50   0.49
 26  0.82  1.0  0.0024      -0.187  9.5E-05   0.69 |   0.61  -0.61   0.50   1.66 |  -0.23   0.23  -0.03
 27  0.67  1.0  0.0001       1.361  9.6E-04   0.14 |  -0.00   0.00  -1.40   1.99 |   0.04  -0.04   0.34
 37 -0.40  1.0  0.0000       2.007  9.7E-03   0.04 |   0.05  -0.05  -1.48   2.25 |   0.00  -0.00  -0.48
 28  0.33  1.0  0.0000       2.266  1.9E-02   0.06 |   0.05  -0.05   0.47   1.97 |  -0.02   0.02  -0.46
 38 -0.41  1.0  0.0000       2.565  1.2E-01   0.03 |  -0.23   0.23   0.50   2.48 |  -0.09   0.09  -0.31
 39 -0.80  1.0  0.0000       2.587  1.2E-02   0.02 |   0.45  -0.45   0.52   2.26 |   0.47  -0.47   0.49
 33  0.19  1.0  0.0000       2.928  1.7E-01   0.01 |   0.28  -0.28  -1.28   3.11 |   0.06  -0.06  -0.32
 35 -0.52  1.0  0.0000       2.992  1.6E-01   0.04 |  -1.06   1.07   0.51   2.77 |  -0.28   0.28   0.05
 34  0.65  1.0  0.0000       3.145  2.2E-01   0.02 |   0.19  -0.19   0.52   2.34 |   0.37  -0.37   0.42
 40 -0.17  1.0  0.0000       3.633  8.1E-02   0.02 |  -0.40   0.40   0.50   2.15 |  -0.49   0.49   0.48
 36 -0.47  1.0  0.0000       5.761  3.3E-03   0.00 |   0.01  -0.01  -2.93   3.95 |  -0.00   0.00  -0.50
----------------------------------------------------------------------------------------------------------
--------------------- Canonical    basis-------------------------------------------------------------------
__________________________________________________________________________________________________________
   Neutron wavefunctions
  i     P   Rz   occ          E       d2h    Delta |   JxT    JyT    Jz      J   |   SxT    SyT    Sz
----------------------------------------------------------------------------------------------------------
 20  0.99  1.0  2.0000     -35.259  0.0E+00   0.00 |  -0.50   0.50   0.50   0.52 |  -0.50   0.50   0.50
 19 -0.99  1.0  2.0000     -24.222  0.0E+00   0.01 |  -0.87   0.87   0.50   1.46 |  -0.45   0.45   0.40
 18 -0.98  1.0  1.9999     -21.778  0.0E+00   0.14 |  -0.00   0.00  -1.50   1.53 |   0.00   0.00  -0.50
 17 -0.92  1.0  1.9621     -17.043  0.0E+00   1.42 |   0.31  -0.31   0.50   0.77 |  -0.06   0.06  -0.39
 16  0.89  1.0  1.4466     -12.895  0.0E+00   1.73 |  -1.16   1.16   0.50   2.22 |  -0.41   0.41   0.31
 15  0.97  1.0  0.4911     -11.075  0.0E+00   1.62 |  -0.00   0.00  -1.50   2.50 |  -0.00   0.00  -0.42
 14  0.95  1.0  0.0707      -8.811  0.0E+00   1.28 |   0.00  -0.00   2.50   2.54 |  -0.00   0.00   0.50
 13  0.84  1.0  0.0269      -7.054  0.0E+00   1.18 |  -0.42   0.42   0.50   1.63 |  -0.27   0.27   0.04
 12  0.75  1.0  0.0019      -4.457  0.0E+00   0.48 |   0.29  -0.29   0.50   1.43 |  -0.36   0.36   0.22
 11 -0.24  1.0  0.0008      -3.989  0.0E+00   0.31 |  -0.63   0.63   0.50   2.70 |  -0.43   0.43   0.36
 10  0.66  1.0  0.0001      -2.246  0.0E+00   0.10 |  -0.00   0.00  -1.50   2.00 |   0.00  -0.00   0.34
  9 -0.71  1.0  0.0000      -1.008  0.0E+00   0.01 |  -0.96   0.96   0.50   3.04 |  -0.38   0.38   0.26
  8 -0.66  1.0  0.0000      -0.146  0.0E+00   0.01 |   0.04  -0.04  -1.50   3.04 |   0.00  -0.00  -0.34
  5 -0.21  1.0  0.0000       0.448  0.0E+00   0.00 |   0.04   0.00  -1.47   2.32 |   0.02   0.02  -0.48
  4 -0.69  1.0  0.0000       0.577  0.0E+00   0.00 |  -0.19   0.15   0.46   1.87 |  -0.04   0.00  -0.46
  2  0.83  1.0  0.0000       1.363  0.0E+00   0.00 |  -0.04   0.05   0.50   2.41 |  -0.01   0.02  -0.47
  6 -0.25  1.0  0.0000       1.397  0.0E+00   0.00 |  -0.62   0.62   0.49   2.17 |  -0.46   0.46   0.43
  1 -0.83  1.0  0.0000       1.502  0.0E+00   0.00 |   0.46  -0.46   0.37   2.28 |   0.46  -0.46   0.49
  7 -0.45  1.0  0.0000       1.551  0.0E+00   0.00 |   0.03  -0.03   2.24   3.26 |   0.08  -0.08   0.45
  3 -0.74  1.0  0.0000       3.153  0.0E+00   0.00 |   0.01  -0.01  -3.26   3.66 |  -0.01   0.01  -0.48
__________________________________________________________________________________________________________
   Proton  wavefunctions
  i     P   Rz   occ          E       d2h    Delta |   JxT    JyT    Jz      J   |   SxT    SyT    Sz
----------------------------------------------------------------------------------------------------------
 40  0.99  1.0  2.0000     -30.740  0.0E+00   0.00 |  -0.50   0.50   0.50   0.52 |  -0.50   0.50   0.50
 39 -0.99  1.0  2.0000     -19.894  0.0E+00   0.02 |  -0.87   0.87   0.50   1.47 |  -0.45   0.45   0.40
 38 -0.98  1.0  1.9998     -17.422  0.0E+00   0.19 |  -0.00   0.00  -1.50   1.53 |   0.00   0.00  -0.50
 37 -0.91  1.0  1.9546     -12.777  0.0E+00   1.52 |   0.31  -0.31   0.50   0.78 |  -0.06   0.06  -0.39
 36  0.88  1.0  1.4338      -8.788  0.0E+00   1.81 |  -1.14   1.14   0.50   2.22 |  -0.41   0.41   0.32
 35  0.97  1.0  0.4971      -6.918  0.0E+00   1.71 |  -0.00   0.00  -1.50   2.50 |  -0.00   0.00  -0.42
 34  0.95  1.0  0.0777      -4.674  0.0E+00   1.36 |  -0.00   0.00   2.50   2.54 |  -0.00   0.00   0.50
 33  0.83  1.0  0.0313      -3.082  0.0E+00   1.24 |  -0.37   0.37   0.50   1.66 |  -0.25   0.25   0.00
 31 -0.20  1.0  0.0017      -1.649  0.0E+00   0.36 |  -0.56   0.56   0.50   2.84 |  -0.45   0.45   0.41
 32  0.75  1.0  0.0039      -0.817  0.0E+00   0.63 |   0.26  -0.26   0.50   1.41 |  -0.37   0.37   0.24
 30  0.66  1.0  0.0001       1.413  0.0E+00   0.14 |  -0.02   0.02  -1.48   2.01 |   0.00  -0.00   0.35
 27  0.28  1.0  0.0000       2.300  0.0E+00   0.00 |  -0.03   0.05  -1.45   2.46 |   0.01   0.01  -0.47
 29 -0.77  1.0  0.0000       2.394  0.0E+00   0.03 |  -1.01   1.02   0.50   2.97 |  -0.37   0.37   0.23
 26 -0.69  1.0  0.0000       2.448  0.0E+00   0.00 |  -0.11   0.10   0.49   1.91 |  -0.02   0.00  -0.48
 28 -0.49  1.0  0.0000       2.720  0.0E+00   0.02 |   0.07  -0.07  -1.48   2.89 |   0.00  -0.01  -0.42
 21 -0.87  1.0  0.0000       2.793  0.0E+00   0.00 |   0.47  -0.47   0.44   2.17 |   0.50  -0.50   0.50
 24 -0.15  1.0  0.0000       2.800  0.0E+00   0.00 |   0.50  -0.51   0.85   2.46 |   0.44  -0.44   0.48
 23  0.81  1.0  0.0000       2.909  0.0E+00   0.00 |  -0.02   0.03   0.52   2.29 |  -0.03   0.03  -0.44
 25  0.71  1.0  0.0000       3.598  0.0E+00   0.00 |  -0.41   0.42   0.50   2.17 |  -0.47   0.47   0.45
 22 -0.47  1.0  0.0000       5.760  0.0E+00   0.00 |   0.01  -0.01  -2.95   3.95 |  -0.00   0.00  -0.50
----------------------------------------------------------------------------------------------------------
---------------------------------Quasiparticles---------------------------------
Block 1:  P=+1  neutrons
  N      Eqp       f_n      |   U   V  |   B  P  ov_TR |    JxT    JyT    Jz
________________________________________________________________________________
  1    -23.23      0.00E+00 |    1   0 |   -  -  0.000 |    0.00   0.00   0.50
  2    -15.20      0.00E+00 |    0  16 |   -  -  0.000 |    0.00   0.00   3.29
  3    -13.97      0.00E+00 |    0  19 |   -  -  0.000 |    0.00   0.00  -1.39
  4    -13.53      0.00E+00 |    0   8 |   -  -  0.000 |    0.00   0.00  -0.51
  5    -13.44      0.00E+00 |    0  20 |   -  -  0.000 |    0.00   0.00  -0.50
  6    -13.15      0.00E+00 |    0  14 |   -  -  0.000 |    0.00   0.00  -1.21
  7    -12.64      0.00E+00 |    0  17 |   -  -  0.000 |    0.00   0.00   1.47
  8    -12.47      0.00E+00 |    0  18 |   -  -  0.000 |    0.00   0.00  -0.47
  9    -12.19      0.00E+00 |    9   0 |   -  -  0.000 |    0.00   0.00   0.50
 10    -11.73      0.00E+00 |    0  13 |   -  -  0.000 |    0.00   0.00   1.49
 11    -11.12      0.00E+00 |    0  15 |   -  -  0.000 |    0.00   0.00  -0.50
 12     -9.79      0.00E+00 |   10   7 |   -  -  0.000 |    0.00   0.00   1.43
 13     -9.74      0.00E+00 |   10   7 |   -  -  0.000 |    0.00   0.00  -1.43
 14     -8.26      0.00E+00 |    0   6 |   -  -  0.000 |    0.00   0.00  -0.50
 15     -7.39      0.00E+00 |    0  12 |   -  -  0.000 |    0.00   0.00  -0.50
 16     -5.21      0.00E+00 |   11  11 |   -  -  0.000 |    0.00   0.00   0.46
 17     -5.01      0.00E+00 |   11   5 |   -  -  0.000 |    0.00   0.00  -0.47
 18     -3.47      0.00E+00 |    4   4 |   -  -  0.000 |    0.00   0.00  -2.32
 19     -1.92      0.00E+00 |    2   2 |   -  -  0.000 |    0.00   0.00   0.22
 20     -1.88      0.00E+00 |    3   3 |   -  -  0.000 |    0.00   0.00   0.76
 21      1.88      1.00E+00 |    3   3 |   -  -  0.000 |    0.00   0.00  -0.76
 22      1.92      1.00E+00 |    2   2 |   -  -  0.000 |    0.00   0.00  -0.22
 23      3.47      1.00E+00 |    4   4 |   -  -  0.000 |    0.00   0.00   2.32
 24      5.01      1.00E+00 |    5  11 |   -  -  0.000 |    0.00   0.00   0.47
 25      5.21      1.00E+00 |   11  11 |   -  -  0.000 |    0.00   0.00  -0.46
 26      7.39      1.00E+00 |   12   0 |   -  -  0.000 |    0.00   0.00   0.50
 27      8.26      1.00E+00 |    6   0 |   -  -  0.000 |    0.00   0.00   0.50
 28      9.74      1.00E+00 |    7  10 |   -  -  0.000 |    0.00   0.00   1.43
 29      9.79      1.00E+00 |    7  10 |   -  -  0.000 |    0.00   0.00  -1.43
 30     11.12      1.00E+00 |   15   0 |   -  -  0.000 |    0.00   0.00   0.50
 31     11.73      1.00E+00 |   13   0 |   -  -  0.000 |    0.00   0.00  -1.49
 32     12.19      1.00E+00 |    0   9 |   -  -  0.000 |    0.00   0.00  -0.50
 33     12.47      1.00E+00 |   18   0 |   -  -  0.000 |    0.00   0.00   0.47
 34     12.64      1.00E+00 |   17   0 |   -  -  0.000 |    0.00   0.00  -1.47
 35     13.15      1.00E+00 |   14   0 |   -  -  0.000 |    0.00   0.00   1.21
 36     13.44      1.00E+00 |   20   0 |   -  -  0.000 |    0.00   0.00   0.50
 37     13.53      1.00E+00 |    8   0 |   -  -  0.000 |    0.00   0.00   0.51
 38     13.97      1.00E+00 |   19   0 |   -  -  0.000 |    0.00   0.00   1.39
 39     15.20      1.00E+00 |   16   0 |   -  -  0.000 |    0.00   0.00  -3.29
 40     23.23      1.00E+00 |    0   1 |   -  -  0.000 |    0.00   0.00  -0.50

Block 5:  P=+1   protons
  N      Eqp       f_n      |   U   V  |   B  P  ov_TR |    JxT    JyT    Jz
________________________________________________________________________________
  1    -22.82      0.00E+00 |   21   0 |   -  -  0.000 |    0.00   0.00   0.50
  2    -13.68      0.00E+00 |    0  36 |   -  -  0.000 |    0.00   0.00   2.93
  3    -11.98      0.00E+00 |   29   0 |   -  -  0.000 |    0.00   0.00   0.50
  4    -11.55      0.00E+00 |    0  40 |   -  -  0.000 |    0.00   0.00  -0.50
  5    -11.06      0.00E+00 |    0  34 |   -  -  0.000 |    0.00   0.00  -0.52
  6    -10.91      0.00E+00 |    0  35 |   -  -  0.000 |    0.00   0.00  -0.51
  7    -10.84      0.00E+00 |    0  33 |   -  -  0.000 |    0.00   0.00   1.28
  8    -10.50      0.00E+00 |    0  39 |   -  -  0.000 |    0.00   0.00  -0.52
  9    -10.48      0.00E+00 |    0  38 |   -  -  0.000 |    0.00   0.00  -0.50
 10    -10.18      0.00E+00 |    0  28 |   -  -  0.000 |    0.00   0.00  -0.47
 11     -9.92      0.00E+00 |    0  37 |   -  -  0.000 |    0.00   0.00   1.48
 12     -9.51      0.00E+00 |   30   0 |   -  -  0.000 |    0.00   0.00  -1.49
 13     -9.28      0.00E+00 |    0  27 |   -  -  0.000 |    0.00   0.00   1.39
 14     -7.77      0.00E+00 |    0  26 |   -  -  0.000 |    0.00   0.00  -0.50
 15     -5.87      0.00E+00 |    0  32 |   -  -  0.000 |    0.00   0.00  -0.49
 16     -5.09      0.00E+00 |   31  31 |   -  -  0.000 |    0.00   0.00   0.47
 17     -4.66      0.00E+00 |   25  25 |   -  -  0.000 |    0.00   0.00  -0.48
 18     -3.51      0.00E+00 |   24  24 |   -  -  0.000 |    0.00   0.00  -2.31
 19     -2.00      0.00E+00 |   22  22 |   -  -  0.000 |    0.00   0.00   0.21
 20     -1.98      0.00E+00 |   23  23 |   -  -  0.000 |    0.00   0.00   0.75
 21      1.98      1.00E+00 |   23  23 |   -  -  0.000 |    0.00   0.00  -0.75
 22      2.00      1.00E+00 |   22  22 |   -  -  0.000 |    0.00   0.00  -0.21
 23      3.51      1.00E+00 |   24  24 |   -  -  0.000 |    0.00   0.00   2.31
 24      4.66      1.00E+00 |   25  25 |   -  -  0.000 |    0.00   0.00   0.48
 25      5.09      1.00E+00 |   31  31 |   -  -  0.000 |    0.00   0.00  -0.47
 26      5.87      1.00E+00 |   32   0 |   -  -  0.000 |    0.00   0.00   0.49
 27      7.77      1.00E+00 |   26   0 |   -  -  0.000 |    0.00   0.00   0.50
 28      9.28      1.00E+00 |   27   0 |   -  -  0.000 |    0.00   0.00  -1.39
 29      9.51      1.00E+00 |    0  30 |   -  -  0.000 |    0.00   0.00   1.49
 30      9.92      1.00E+00 |   37   0 |   -  -  0.000 |    0.00   0.00  -1.48
 31     10.18      1.00E+00 |   28   0 |   -  -  0.000 |    0.00   0.00   0.47
 32     10.48      1.00E+00 |   38   0 |   -  -  0.000 |    0.00   0.00   0.50
 33     10.50      1.00E+00 |   39   0 |   -  -  0.000 |    0.00   0.00   0.52
 34     10.84      1.00E+00 |   33   0 |   -  -  0.000 |    0.00   0.00  -1.28
 35     10.91      1.00E+00 |   35   0 |   -  -  0.000 |    0.00   0.00   0.51
 36     11.06      1.00E+00 |   34   0 |   -  -  0.000 |    0.00   0.00   0.52
 37     11.55      1.00E+00 |   40   0 |   -  -  0.000 |    0.00   0.00   0.50
 38     11.98      1.00E+00 |    0  29 |   -  -  0.000 |    0.00   0.00  -0.50
 39     13.68      1.00E+00 |   36   0 |   -  -  0.000 |    0.00   0.00  -2.93
 40     22.82      1.00E+00 |    0  21 |   -  -  0.000 |    0.00   0.00  -0.50

--------------------------------------------------------------------------------
------------------------ Electric Multipole Moments -------------------------
Quantisation Axis             : Z
  With secondary axis ordering: X,Y
  Calculated wrt to COM = (   0.000   0.000   0.000)
______________________________________________________________________________
                   Neutrons        Protons          Charge         Total
______________________________________________________________________________
 Particles           10.0000         10.0000          9.9999         20.0000

Re  Q_{ 1 0}         -0.0238          0.0240          0.0237          0.0002
Constrained                                                           0.0000
Re De_{ 1 0}                                                   0.1921612E-03
Re La_{ 1 0}                                                         -0.4210

Re  Q_{ 2 0}         10.4522         11.0021         10.9949         21.4542
Re  Q_{ 2 2}          0.0000          0.0000          0.0000          0.0000

Re  Q_{ 3 0}         23.1102         26.9026         26.8486         50.0128
Constrained                                                          50.0000
Re De_{ 3 0}                                                   0.1281761E-01
Re La_{ 3 0}                                                          0.0570
Re  Q_{ 3 2}         -0.0000         -0.0000         -0.0000         -0.0000

Re  Q_{ 4 0}         84.3045        103.1297        102.6662        187.4342
Re  Q_{ 4 2}         -0.0000         -0.0002         -0.0002         -0.0002
Re  Q_{ 4 4}          0.0179          0.0187          0.2353          0.0366

Re  Q_{ 5 0}        352.6653        472.5503        467.1619        825.2156
Re  Q_{ 5 2}         -0.0001         -0.0002         -0.0002         -0.0003
Re  Q_{ 5 4}         -0.1090         -0.1826         -0.1275         -0.2917

Re  Q_{ 6 0}       1453.3566       2219.1044       2156.7419       3672.4610
Re  Q_{ 6 2}         -0.0017         -0.0060         -0.0056         -0.0077
Re  Q_{ 6 4}          0.9323          1.8572          5.2148          2.7895
Re  Q_{ 6 6}          0.0001          0.0003          0.0004          0.0004

Re  Q_{ 7 0}       6295.6525      10077.1298       9686.1289      16372.7824
Re  Q_{ 7 2}         -0.0108         -0.0355         -0.0332         -0.0464
Re  Q_{ 7 4}         -1.8186         -5.9858          4.0968         -7.8044
Re  Q_{ 7 6}          0.0003          0.0062          0.0061          0.0065

Re  Q_{ 8 0}      33034.8945      58526.7154      53785.6507      91561.6099
Re  Q_{ 8 2}          0.0552          0.5290          0.5221          0.5842
Re  Q_{ 8 4}          0.1673         14.1821        137.0096         14.3495
Re  Q_{ 8 6}          0.0330          0.1741          0.1860          0.2071
Re  Q_{ 8 8}        -19.0604        -13.9153        -19.3567        -32.9757

Re  Q_{ 9 0}     148324.9029     268826.2732     242141.7836     417151.1761
Re  Q_{ 9 2}         -0.3987         -1.2912         -1.1930         -1.6899
Re  Q_{ 9 4}        436.2716        998.8778       1654.1324       1435.1494
Re  Q_{ 9 6}         -0.0747         -0.3638         -0.3251         -0.4384
Re  Q_{ 9 8}        160.1058        181.0374        253.0882        341.1432

Re  Q_{10 0}     802573.4567    1540619.5353    1263833.0028    2343192.9920
Re  Q_{10 2}         -1.0418          1.5402          1.7743          0.4985
Re  Q_{10 4}        605.2101       2543.1375       5625.6959       3148.3476
Re  Q_{10 6}          0.2870         -0.8125          2.3073         -0.5255
Re  Q_{10 8}      -1646.9043       3815.9631       2112.5742       2169.0588
Re  Q_{1010}         -0.2910          0.0271         -0.3656         -0.2639

 RMS radius           2.8797          2.9194          2.9847          2.8996
 Fourth mom.          3.2209          3.2861          3.3635          3.2540
______________________________________________________________________________
                   Neutrons        Protons          Charge         Total
______________________________________________________________________________


Beta_{ 2 0}       0.20632357      0.21717897      0.21703635      0.42350254
Beta_{ 2 2}       0.00000006      0.00000005      0.00000005      0.00000011

Beta_{ 3 0}       0.14005193      0.16303430      0.16270724      0.30308623
Beta_{ 3 2}      -0.00000002     -0.00000007     -0.00000007     -0.00000009

Beta_{ 4 0}       0.15684753      0.19187166      0.19100929      0.34871919
Beta_{ 4 2}      -0.00000003     -0.00000030     -0.00000029     -0.00000034
Beta_{ 4 4}       0.00003333      0.00003481      0.00043786      0.00006814

Beta_{ 5 0}       0.20143353      0.26990883      0.26683113      0.47134236
Beta_{ 5 2}      -0.00000004     -0.00000011     -0.00000012     -0.00000015
Beta_{ 5 4}      -0.00006228     -0.00010432     -0.00007282     -0.00016660

Beta_{ 6 0}       0.25484923      0.38912478      0.37818938      0.64397401
Beta_{ 6 2}      -0.00000030     -0.00000104     -0.00000097     -0.00000135
Beta_{ 6 4}       0.00016349      0.00032566      0.00091443      0.00048914
Beta_{ 6 6}       0.00000002      0.00000006      0.00000007      0.00000008

Beta_{ 7 0}       0.33891749      0.54248794      0.52143896      0.88140543
Beta_{ 7 2}      -0.00000058     -0.00000191     -0.00000179     -0.00000250
Beta_{ 7 4}      -0.00009790     -0.00032224      0.00022054     -0.00042014
Beta_{ 7 6}       0.00000002      0.00000033      0.00000033      0.00000035

Beta_{ 8 0}       0.54596933      0.96727391      0.88891810      1.51324324
Beta_{ 8 2}       0.00000091      0.00000874      0.00000863      0.00000965
Beta_{ 8 4}       0.00000277      0.00023439      0.00226436      0.00023715
Beta_{ 8 6}       0.00000055      0.00000288      0.00000307      0.00000342
Beta_{ 8 8}      -0.00031501     -0.00022998     -0.00031991     -0.00054499

Beta_{ 9 0}       0.75257794      1.36398352      1.22859049      2.11656146
Beta_{ 9 2}      -0.00000202     -0.00000655     -0.00000605     -0.00000857
Beta_{ 9 4}       0.00221358      0.00506815      0.00839282      0.00728173
Beta_{ 9 6}      -0.00000038     -0.00000185     -0.00000165     -0.00000222
Beta_{ 9 8}       0.00081235      0.00091856      0.00128413      0.00173091

Beta_{10 0}       1.25015624      2.39979918      1.96865309      3.64995543
Beta_{10 2}      -0.00000162      0.00000240      0.00000276      0.00000078
Beta_{10 4}       0.00094273      0.00396141      0.00876306      0.00490413
Beta_{10 6}       0.00000045     -0.00000127      0.00000359     -0.00000082
Beta_{10 8}      -0.00256536      0.00594407      0.00329072      0.00337871
Beta_{1010}      -0.00000045      0.00000004     -0.00000057     -0.00000041


______________________________________________________________________________
                   Neutrons        Protons          Charge         Total
______________________________________________________________________________
Q_{ 1}                0.0238          0.0240          0.0237          0.0002
Q_{ 2}               10.4522         11.0021         10.9949         21.4542
Q_{ 3}               23.1102         26.9026         26.8486         50.0128
Q_{ 4}               84.3045        103.1297        102.6667        187.4342
Q_{ 5}              352.6653        472.5504        467.1620        825.2157
Q_{ 6}             1453.3571       2219.1060       2156.7546       3672.4631
Q_{ 7}             6295.6531      10077.1334       9686.1306      16372.7861
Q_{ 8}            33034.9055      58526.7222      53786.0067      91561.6240
Q_{ 9}           148326.3589     268830.1066     242153.3476     417156.3924
Q_{10}           802577.2926    1540633.1850    1263861.5754    2343199.2301
______________________________________________________________________________
                   Neutrons        Protons          Charge         Total
______________________________________________________________________________
Beta_{   1}       0.00153253      0.00154488      0.00152069      0.00001236
Beta_{   2}       0.20632357      0.21717897      0.21703635      0.42350254
Beta_{   3}       0.14005193      0.16303430      0.16270724      0.30308623
Beta_{   4}       0.15684754      0.19187166      0.19101030      0.34871920
Beta_{   5}       0.20143355      0.26990887      0.26683115      0.47134242
Beta_{   6}       0.25484933      0.38912505      0.37819159      0.64397438
Beta_{   7}       0.33891752      0.54248813      0.52143905      0.88140563
Beta_{   8}       0.54596951      0.96727402      0.88892399      1.51324348
Beta_{   9}       0.75258533      1.36400297      1.22864916      2.11658793
Beta_{  10}       1.25016222      2.39982045      1.96869760      3.64996514
______________________________________________________________________________
 Cart. Moments X              Y              Z
 Cart. N      -16.5701196    -16.5701451     33.1402647
 Cart. P      -17.4419356    -17.4419539     34.8838895
 Cart. T      -34.0120552    -34.0120990     68.0241542
 (Q, gamma)    Q              Gamma
 (Q,g) N       33.1402647      0.0000254
 (Q,g) P       34.8838895      0.0000173
 (Q,g) T       68.0241542      0.0000213
 (iq1, iq2)    iq1            iq2
 iq    N       33.1402562      0.0000170
 iq    P       34.8838834      0.0000122
 iq    T       68.0241396      0.0000292
               X^2            Y^2            Z^2
 X^2_i N       22.1194784     22.1194699     38.6896065
 X^2_i P       22.5954252     22.5954191     40.0373669
 X^2_i T       44.7149036     44.7148890     78.7269734
----------------------------------------------------------------------------
----------------------- Box Size Check -------------------------
 Xmax = (nx+0.5)dx =  9.200 fm,  max(rho(X=Xmax)) =    3.259E-07
 Ymax = (ny+0.5)dx =  9.200 fm,  max(rho(Y=Ymax)) =    3.258E-07
 Zmax = (nz+0.5)dx =  9.200 fm,  max(rho(Z=Zmax)) =    8.633E-05
 Zmin =-(nz+0.5)dx = -9.200fm,  max(rho(Z=Zmin)) =    1.467E-05
---------------------Rotational properties--------------------
                Rigid rotor          (hbar^2/MeV)
              n              p              t 
 I_R X       1.4663023      1.5102778      2.9765800
 I_R Y       1.4663025      1.5102779      2.9765804
 I_R Z       1.0667432      1.0896965      2.1564397

                Belyaev                 (hbar^2/MeV) 
              n              p              t 
 I_B X       0.6142811      0.5881463      1.2024275
 I_B Y       0.6142797      0.5881454      1.2024251
 I_B Z       0.0000170      0.0000270      0.0000440

                Belyaev (collective)    (hbar^2/MeV) 
              n              p              t 
 I_B X       0.6142811      0.5881463      1.2024275
 I_B Y       0.6142797      0.5881454      1.2024251
 I_B Z       0.0000170      0.0000270      0.0000440

                 <J^2> - <J>^2          (hbar^2)
              n              p              t 
 J2_X        1.5736541      1.5800963      3.1537504
 J2_Y        1.5736505      1.5800940      3.1537446
 J2_Z        0.0001108      0.0001701      0.0002809
 J2_t        3.1474154      3.1603604      6.3077758

                 <J^2> - <J>^2 (coll.)  (hbar^2)
              n              p              t 
 J2_X        1.5736541      1.5800963      3.1537504
 J2_Y        1.5736505      1.5800940      3.1537446
 J2_Z        0.0001108      0.0001701      0.0002809
 J2_t        3.1474154      3.1603604      6.3077758
------------------------- Angular Momentum (hbar) --------------------------

               Spwfs(*)    Desired     Omega       E (MeV)      Densit. 
  __________________________________________________________________________
   J_x   |     0.00000     0.00000     0.00000     0.00000     0.00000
   J_y   |     0.00000     0.00000     0.00000     0.00000     0.00000
   J_z   |     0.00000     0.00000     0.00000     0.00000     0.00000
  __________________________________________________________________________
   Size  |     0.00000     0.00000     0.00000                 0.00000
  --------------------------------------------------------------------------
-------------------------- Pairing -------------------------
                          N         P 
 Fermi Level (MeV)    -12.03346925    -7.91489289
 Particles             10.00000000    10.00000000
 Dispersion             1.80988611     1.86574305
 Average gap   v^2      0.65103006     0.69796093
 Average gap   uv       1.49295019     1.55208386
------------------------------------------------------------
--------------------------------------------------------------------------------
 Skyrme Energy                Isospin  1 2 3 4                   Energy [MeV]
--------------------------------------------------------------------------------
E_D_I_I_D_I_I                          0 0                      -1295.218343
E_D_I_I_D_I_I                          1 1                          0.051686
E_D_I_I_D_I_I_D_I_I                    0 0 0                      735.712005
E_D_I_I_D_I_I_D_I_I                    0 1 1                       -0.026250
E_D_I_I_D_Nm_Nm                        0 0                         27.740427
E_D_I_I_D_Nm_Nm                        1 1                         -0.003040
E_D_I_I_Lap_D_I_I                      0 0                         58.140165
E_D_I_I_Lap_D_I_I                      1 1                          0.001410
E_C_I_NmSk_C_I_NmSk                    0 0                         -0.000000
E_C_I_NmSk_C_I_NmSk                    1 1                         -0.000000
E_D_I_I_D_I_I_D_Nm_Nm                  0 0 0                        0.000000
E_D_I_I_D_I_I_D_Nm_Nm                  0 1 1                       -0.000000
E_D_I_I_D_I_I_D_Nm_Nm                  0 0 0                        0.000000
E_D_I_I_D_I_I_D_Nm_Nm                  0 1 1                        0.000000
E_D_I_I_Derm_D_I_I_Derm_D_I_I          0 0 0                        0.000000
E_D_I_I_Derm_D_I_I_Derm_D_I_I          0 1 1                       -0.000000
E_D_I_I_Derm_D_I_I_Derm_D_I_I          0 0 0                       -0.000000
E_D_I_I_Derm_D_I_I_Derm_D_I_I          0 1 1                       -0.000000
E_D_I_I_Derm_D_I_I_D_I_I_Derm_D_I_I    0 0 0 0                      0.000000
E_D_I_I_Derm_D_I_I_D_I_I_Derm_D_I_I    0 0 1 1                     -0.000000
E_D_I_I_Derm_C_I_NxmSxm                0 0                        -10.750277
E_D_I_I_Derm_C_I_NxmSxm                1 1                         -0.000444
E_DP_I_I_DP_I_I                        n n                         -3.550003
E_DP_I_I_DP_I_I                        p p                         -3.823462
E_D_I_I_DP_I_I_DP_I_I                  0 n n                        1.491585
E_D_I_I_DP_I_I_DP_I_I                  0 p p                        1.582827
--------------------------------------------------------------------------------
                 Total Skyrme:                                   -488.651713
--------------------------------------------------------------------------------
                    time-even:                                   -488.651713
                    time-odd :                                      0.000000
                    bilinear :                                  -1227.411880
                    trilinear:                                      0.000000
                 quadrilinear:                                      0.000000
            density-dependent:                                    738.760168
--------------------------------------------------------------------------------
--------------------------------------------------------------------------------
                                     neutron        proton         total
                Kinetic Energy:     162.442352     159.114478     321.556830
                    COM 1-body:      -8.122118      -7.955724     -16.077841
                    COM 2-body:       3.211647       3.159527       6.371175
                            ph:       3.187213       3.131204       6.318417
                            pp:       0.024434       0.028323       0.052757
                 Collective T:                                     -2.440179

                 Rotational  T:                                    -2.440179
                 Rotational  X:                                    -1.219611
                 Rotational  Y:                                    -1.219611
                 Rotational  Z:                                    -0.000957

                 Vibrational T:                                     0.000000
                 Vibrational X:                                    -0.000000
                 Vibrational Y:                                    -0.000000
                 Vibrational Z:                                    -0.000000


                Coulomb Direct:       0.000000      23.425819      23.425819
                      Exchange:       0.000000       0.000000       0.000000

               Pairing (delta):      -2.058350      -2.240577      -4.298927
               Pairing (densi):                                    -4.299052
--------------------------------------------------------------------------------
                  Total energy:                                  -155.815910
                    from spwfs:                                  -155.816144
                   E_fu - E_sp:                                 0.233427E-03
                   (no corr.) :                                  -159.746905
                      Routhian:                                  -157.211970
                         dE   :                                -0.396023E-03
                         dR   :                                -0.200634E-03
--------------------------------------------------------------------------------
 Iteration =   81
 dt    =   0.0248      mu   =   0.8304 gradn =    0.000E+00 D2H  =    6.623E-06
 E     =   -155.816    DE   = -0.82362E-06
 R     =   -157.212    DR   =  0.29246E-06
 R-E   =     -1.396  D(R-E) =  0.11187E-05
 dmun  =  1.8E-05      dmup=  9.6E-05
 RQ10t =       0.0002   dQ = -2.7E-05  L =      -0.4211   dL = -2.0E-05  dev =  1.7E-04
 RQ20t =      21.4536   dQ = -6.4E-04  L =       0.0000   dL =  0.0E+00  dev =  0.0E+00
 RQ22t =       0.0000   dQ = -3.1E-07  L =       0.0000   dL =  0.0E+00  dev =  0.0E+00
 RQ30t =      50.0111   dQ = -1.7E-03  L =       0.0569   dL = -5.3E-06  dev =  1.1E-02
 Jz    =       0.0000   dJZ=  0.0E+00 Om =       0.0000   dO =  0.0E+00  dev =  0.0E+00
--------------------------------------------------------------------------------------
 Iteration =   82
 dt    =   0.0248      mu   =   0.8304 gradn =    0.000E+00 D2H  =    6.322E-06
 E     =   -155.816    DE   = -0.79234E-06
 R     =   -157.212    DR   =  0.19144E-06
 R-E   =     -1.396  D(R-E) =  0.98550E-06
 dmun  =  1.9E-05      dmup=  9.6E-05
 RQ10t =       0.0001   dQ = -2.1E-05  L =      -0.4211   dL = -1.8E-05  dev =  1.4E-04
 RQ20t =      21.4529   dQ = -7.3E-04  L =       0.0000   dL =  0.0E+00  dev =  0.0E+00
 RQ22t =       0.0000   dQ = -3.0E-07  L =       0.0000   dL =  0.0E+00  dev =  0.0E+00
 RQ30t =      50.0095   dQ = -1.6E-03  L =       0.0569   dL = -4.5E-06  dev =  9.5E-03
 Jz    =       0.0000   dJZ=  0.0E+00 Om =       0.0000   dO =  0.0E+00  dev =  0.0E+00
--------------------------------------------------------------------------------------
 Iteration =   83
 dt    =   0.0248      mu   =   0.8304 gradn =    0.000E+00 D2H  =    6.042E-06
 E     =   -155.816    DE   = -0.75335E-06
 R     =   -157.212    DR   =  0.10333E-06
 R-E   =     -1.396  D(R-E) =  0.85760E-06
 dmun  =  2.1E-05      dmup=  9.5E-05
 RQ10t =       0.0001   dQ = -1.7E-05  L =      -0.4211   dL = -1.6E-05  dev =  1.3E-04
 RQ20t =      21.4521   dQ = -8.0E-04  L =       0.0000   dL =  0.0E+00  dev =  0.0E+00
 RQ22t =       0.0000   dQ = -2.8E-07  L =       0.0000   dL =  0.0E+00  dev =  0.0E+00
 RQ30t =      50.0080   dQ = -1.5E-03  L =       0.0569   dL = -3.8E-06  dev =  8.0E-03
 Jz    =       0.0000   dJZ=  0.0E+00 Om =       0.0000   dO =  0.0E+00  dev =  0.0E+00
--------------------------------------------------------------------------------------
 Iteration =   84
 dt    =   0.0248      mu   =   0.8304 gradn =    0.000E+00 D2H  =    5.778E-06
 E     =   -155.816    DE   = -0.71092E-06
 R     =   -157.212    DR   =  0.26884E-07
 R-E   =     -1.395  D(R-E) =  0.73805E-06
 dmun  =  2.2E-05      dmup=  9.3E-05
 RQ10t =       0.0001   dQ = -1.3E-05  L =      -0.4211   dL = -1.4E-05  dev =  1.1E-04
 RQ20t =      21.4512   dQ = -8.5E-04  L =       0.0000   dL =  0.0E+00  dev =  0.0E+00
 RQ22t =       0.0000   dQ = -2.7E-07  L =       0.0000   dL =  0.0E+00  dev =  0.0E+00
 RQ30t =      50.0067   dQ = -1.3E-03  L =       0.0569   dL = -3.2E-06  dev =  6.7E-03
 Jz    =       0.0000   dJZ=  0.0E+00 Om =       0.0000   dO =  0.0E+00  dev =  0.0E+00
--------------------------------------------------------------------------------------
 Iteration =   85
 dt    =   0.0248      mu   =   0.8304 gradn =    0.000E+00 D2H  =    5.528E-06
 E     =   -155.816    DE   = -0.66857E-06
 R     =   -157.212    DR   = -0.39901E-07
 R-E   =     -1.395  D(R-E) =  0.62831E-06
 dmun  =  2.3E-05      dmup=  9.1E-05
 RQ10t =       0.0001   dQ = -1.1E-05  L =      -0.4211   dL = -1.3E-05  dev =  1.0E-04
 RQ20t =      21.4503   dQ = -9.0E-04  L =       0.0000   dL =  0.0E+00  dev =  0.0E+00
 RQ22t =       0.0000   dQ = -2.6E-07  L =       0.0000   dL =  0.0E+00  dev =  0.0E+00
 RQ30t =      50.0055   dQ = -1.2E-03  L =       0.0569   dL = -2.6E-06  dev =  5.5E-03
 Jz    =       0.0000   dJZ=  0.0E+00 Om =       0.0000   dO =  0.0E+00  dev =  0.0E+00
--------------------------------------------------------------------------------------
 Iteration =   86
 dt    =   0.0248      mu   =   0.8304 gradn =    0.000E+00 D2H  =    5.290E-06
 E     =   -155.817    DE   = -0.62864E-06
 R     =   -157.212    DR   = -0.99104E-07
 R-E   =     -1.395  D(R-E) =  0.52865E-06
 dmun  =  2.4E-05      dmup=  8.9E-05
 RQ10t =       0.0001   dQ = -8.4E-06  L =      -0.4211   dL = -1.2E-05  dev =  9.4E-05
 RQ20t =      21.4494   dQ = -9.3E-04  L =       0.0000   dL =  0.0E+00  dev =  0.0E+00
 RQ22t =       0.0000   dQ = -2.4E-07  L =       0.0000   dL =  0.0E+00  dev =  0.0E+00
 RQ30t =      50.0044   dQ = -1.1E-03  L =       0.0569   dL = -2.1E-06  dev =  4.4E-03
 Jz    =       0.0000   dJZ=  0.0E+00 Om =       0.0000   dO =  0.0E+00  dev =  0.0E+00
--------------------------------------------------------------------------------------
 Iteration =   87
 dt    =   0.0248      mu   =   0.8304 gradn =    0.000E+00 D2H  =    5.061E-06
 E     =   -155.817    DE   = -0.59228E-06
 R     =   -157.212    DR   = -0.15222E-06
 R-E   =     -1.395  D(R-E) =  0.43869E-06
 dmun  =  2.5E-05      dmup=  8.6E-05
 RQ10t =       0.0001   dQ = -6.5E-06  L =      -0.4211   dL = -1.1E-05  dev =  8.8E-05
 RQ20t =      21.4484   dQ = -9.6E-04  L =       0.0000   dL =  0.0E+00  dev =  0.0E+00
 RQ22t =       0.0000   dQ = -2.3E-07  L =       0.0000   dL =  0.0E+00  dev =  0.0E+00
 RQ30t =      50.0035   dQ = -9.6E-04  L =       0.0569   dL = -1.6E-06  dev =  3.5E-03
 Jz    =       0.0000   dJZ=  0.0E+00 Om =       0.0000   dO =  0.0E+00  dev =  0.0E+00
--------------------------------------------------------------------------------------
 Iteration =   88
 dt    =   0.0248      mu   =   0.8304 gradn =    0.000E+00 D2H  =    4.840E-06
 E     =   -155.817    DE   = -0.56025E-06
 R     =   -157.212    DR   = -0.20049E-06
 R-E   =     -1.395  D(R-E) =  0.35796E-06
 dmun  =  2.5E-05      dmup=  8.5E-05
 RQ10t =       0.0001   dQ = -5.0E-06  L =      -0.4212   dL = -1.0E-05  dev =  8.3E-05
 RQ20t =      21.4475   dQ = -9.8E-04  L =       0.0000   dL =  0.0E+00  dev =  0.0E+00
 RQ22t =       0.0000   dQ = -2.2E-07  L =       0.0000   dL =  0.0E+00  dev =  0.0E+00
 RQ30t =      50.0026   dQ = -8.5E-04  L =       0.0569   dL = -1.2E-06  dev =  2.6E-03
 Jz    =       0.0000   dJZ=  0.0E+00 Om =       0.0000   dO =  0.0E+00  dev =  0.0E+00
--------------------------------------------------------------------------------------
 Iteration =   89
 dt    =   0.0248      mu   =   0.8304 gradn =    0.000E+00 D2H  =    4.627E-06
 E     =   -155.817    DE   = -0.53269E-06
 R     =   -157.212    DR   = -0.24455E-06
 R-E   =     -1.395  D(R-E) =  0.28596E-06
 dmun  =  2.4E-05      dmup=  8.3E-05
 RQ10t =       0.0001   dQ = -3.7E-06  L =      -0.4212   dL = -9.7E-06  dev =  7.9E-05
 RQ20t =      21.4465   dQ = -9.9E-04  L =       0.0000   dL =  0.0E+00  dev =  0.0E+00
 RQ22t =       0.0000   dQ = -2.1E-07  L =       0.0000   dL =  0.0E+00  dev =  0.0E+00
 RQ30t =      50.0018   dQ = -7.5E-04  L =       0.0569   dL = -8.8E-07  dev =  1.8E-03
 Jz    =       0.0000   dJZ=  0.0E+00 Om =       0.0000   dO =  0.0E+00  dev =  0.0E+00
--------------------------------------------------------------------------------------
--------------------------------------------------------------------------------------
                              Iteration =    90

--------------------- Hartree-Fock basis-------------------------------------------------------------------
__________________________________________________________________________________________________________
   Neutron wavefunctions
  i     P   Rz   occ          E       d2h    Delta |   JxT    JyT    Jz      J   |   SxT    SyT    Sz
----------------------------------------------------------------------------------------------------------
  1  0.99  1.0  1.0000     -35.260  8.1E-08   0.00 |  -0.50   0.50   0.50   0.52 |  -0.50   0.50   0.50
  9 -0.99  1.0  1.0000     -24.222  3.2E-07   0.01 |  -0.87   0.87   0.50   1.46 |  -0.45   0.45   0.40
 10 -0.98  1.0  0.9999     -21.779  9.9E-08   0.14 |  -0.00   0.00  -1.50   1.53 |   0.00   0.00  -0.50
 11 -0.91  1.0  0.9810     -17.044  1.1E-06   1.42 |   0.31  -0.31   0.50   0.78 |  -0.06   0.06  -0.39
  2  0.88  1.0  0.7230     -12.894  1.9E-06   1.72 |  -1.15   1.15   0.50   2.22 |  -0.41   0.41   0.31
  3  0.97  1.0  0.2456     -11.075  3.2E-07   1.62 |  -0.00   0.00  -1.50   2.50 |  -0.00   0.00  -0.42
  4  0.95  1.0  0.0354      -8.812  9.4E-08   1.28 |   0.00  -0.00   2.50   2.54 |  -0.00   0.00   0.50
  5  0.80  1.0  0.0131      -7.152  1.5E-06   1.13 |  -0.61   0.61   0.50   1.65 |  -0.34   0.34   0.17
 12 -0.16  1.0  0.0007      -4.681  4.2E-02   0.38 |  -0.56   0.56   0.50   2.45 |  -0.48   0.48   0.46
  6  0.77  1.0  0.0010      -3.764  4.2E-02   0.45 |   0.56  -0.56   0.50   1.81 |  -0.26   0.26   0.01
  7  0.68  1.0  0.0000      -2.248  1.3E-04   0.10 |   0.00  -0.00  -1.49   1.97 |   0.00  -0.00   0.35
 15 -0.76  1.0  0.0000      -0.914  8.8E-04   0.05 |  -1.08   1.08   0.50   2.99 |  -0.36   0.36   0.22
 13 -0.68  1.0  0.0000      -0.306  3.0E-04   0.01 |  -0.00   0.00  -1.49   2.65 |   0.00  -0.00  -0.42
 18 -0.36  1.0  0.0000       0.431  5.0E-03   0.01 |  -0.04   0.04   0.47   1.79 |  -0.02   0.02  -0.47
 17 -0.17  1.0  0.0000       0.602  1.0E-02   0.01 |   0.04  -0.04  -1.47   2.77 |   0.00  -0.00  -0.42
 14 -0.38  1.0  0.0000       1.108  1.8E-02   0.01 |   0.41  -0.41   1.18   2.68 |   0.39  -0.39   0.49
 20 -0.24  1.0  0.0000       1.402  5.1E-03   0.01 |  -0.67   0.67   0.50   2.17 |  -0.47   0.47   0.43
  8  0.49  1.0  0.0000       1.503  4.2E-03   0.00 |  -0.14   0.15   0.51   2.47 |  -0.03   0.03  -0.44
 19 -0.83  1.0  0.0000       1.934  1.7E-02   0.00 |   0.10  -0.10   1.37   2.89 |   0.16  -0.16   0.46
 16 -0.75  1.0  0.0000       3.164  3.7E-03   0.00 |   0.01  -0.01  -3.28   3.66 |  -0.00   0.00  -0.49
__________________________________________________________________________________________________________
   Proton  wavefunctions
  i     P   Rz   occ          E       d2h    Delta |   JxT    JyT    Jz      J   |   SxT    SyT    Sz
----------------------------------------------------------------------------------------------------------
 21  0.99  1.0  1.0000     -30.740  9.6E-08   0.00 |  -0.50   0.50   0.50   0.52 |  -0.50   0.50   0.50
 29 -0.99  1.0  1.0000     -19.894  4.2E-07   0.02 |  -0.87   0.87   0.50   1.46 |  -0.45   0.45   0.40
 30 -0.98  1.0  0.9999     -17.423  9.6E-08   0.19 |  -0.00   0.00  -1.50   1.53 |   0.00   0.00  -0.50
 31 -0.91  1.0  0.9773     -12.777  1.3E-06   1.52 |   0.30  -0.30   0.50   0.79 |  -0.06   0.06  -0.39
 22  0.86  1.0  0.7165      -8.789  2.0E-06   1.81 |  -1.13   1.13   0.50   2.21 |  -0.41   0.41   0.32
 23  0.97  1.0  0.2487      -6.919  3.4E-07   1.71 |  -0.00   0.00  -1.50   2.50 |  -0.00   0.00  -0.42
 24  0.95  1.0  0.0389      -4.675  1.3E-07   1.36 |   0.00  -0.00   2.50   2.54 |   0.00  -0.00   0.50
 25  0.57  1.0  0.0137      -3.384  2.8E-04   1.04 |  -0.63   0.63   0.50   2.03 |  -0.35   0.35   0.19
 32 -0.03  1.0  0.0025      -2.075  3.0E-04   0.49 |  -0.57   0.57   0.50   2.42 |  -0.50   0.50   0.49
 26  0.82  1.0  0.0025      -0.186  2.5E-05   0.69 |   0.61  -0.61   0.50   1.67 |  -0.23   0.23  -0.03
 27  0.66  1.0  0.0001       1.361  4.4E-04   0.14 |  -0.00   0.00  -1.39   1.99 |   0.04  -0.04   0.34
 37 -0.37  1.0  0.0000       2.004  6.7E-03   0.04 |   0.05  -0.05  -1.48   2.25 |   0.00  -0.00  -0.48
 28  0.28  1.0  0.0000       2.258  1.4E-02   0.06 |   0.05  -0.04   0.47   1.96 |  -0.02   0.02  -0.46
 38 -0.43  1.0  0.0000       2.524  1.0E-01   0.03 |  -0.31   0.31   0.50   2.53 |  -0.12   0.12  -0.26
 39 -0.78  1.0  0.0000       2.583  9.9E-03   0.02 |   0.45  -0.45   0.51   2.26 |   0.47  -0.47   0.48
 33  0.26  1.0  0.0000       2.871  1.1E-01   0.01 |   0.32  -0.32  -1.25   3.04 |   0.07  -0.07  -0.31
 35 -0.45  1.0  0.0000       3.020  1.2E-01   0.04 |  -0.96   0.96   0.51   2.72 |  -0.25   0.25   0.00
 34  0.71  1.0  0.0000       3.076  9.0E-02   0.02 |   0.14  -0.14   0.38   2.28 |   0.38  -0.38   0.40
 40 -0.17  1.0  0.0000       3.649  4.7E-02   0.02 |  -0.46   0.45   0.50   2.16 |  -0.49   0.49   0.48
 36 -0.46  1.0  0.0000       5.761  2.2E-03   0.00 |   0.00  -0.01  -2.93   3.95 |  -0.00   0.00  -0.50
----------------------------------------------------------------------------------------------------------
--------------------- Canonical    basis-------------------------------------------------------------------
__________________________________________________________________________________________________________
   Neutron wavefunctions
  i     P   Rz   occ          E       d2h    Delta |   JxT    JyT    Jz      J   |   SxT    SyT    Sz
----------------------------------------------------------------------------------------------------------
 20  0.99  1.0  2.0000     -35.260  0.0E+00   0.00 |  -0.50   0.50   0.50   0.52 |  -0.50   0.50   0.50
 19 -0.99  1.0  2.0000     -24.222  0.0E+00   0.01 |  -0.87   0.87   0.50   1.46 |  -0.45   0.45   0.40
 18 -0.98  1.0  1.9999     -21.779  0.0E+00   0.14 |  -0.00   0.00  -1.50   1.53 |   0.00   0.00  -0.50
 17 -0.92  1.0  1.9621     -17.044  0.0E+00   1.42 |   0.31  -0.31   0.50   0.77 |  -0.06   0.06  -0.39
 16  0.89  1.0  1.4462     -12.894  0.0E+00   1.73 |  -1.16   1.16   0.50   2.22 |  -0.41   0.41   0.31
 15  0.97  1.0  0.4913     -11.075  0.0E+00   1.62 |  -0.00   0.00  -1.50   2.50 |  -0.00   0.00  -0.42
 14  0.95  1.0  0.0708      -8.812  0.0E+00   1.28 |   0.00  -0.00   2.50   2.54 |  -0.00   0.00   0.50
 13  0.83  1.0  0.0269      -7.057  0.0E+00   1.18 |  -0.42   0.42   0.50   1.64 |  -0.27   0.27   0.04
 12  0.71  1.0  0.0021      -4.496  0.0E+00   0.50 |   0.24  -0.24   0.50   1.47 |  -0.37   0.37   0.24
 11 -0.19  1.0  0.0007      -3.937  0.0E+00   0.30 |  -0.58   0.58   0.50   2.67 |  -0.42   0.42   0.34
 10  0.65  1.0  0.0001      -2.245  0.0E+00   0.10 |  -0.00   0.01  -1.50   2.01 |   0.00  -0.00   0.34
  9 -0.71  1.0  0.0000      -1.010  0.0E+00   0.01 |  -0.96   0.96   0.50   3.04 |  -0.38   0.38   0.26
  8 -0.66  1.0  0.0000      -0.148  0.0E+00   0.01 |   0.04  -0.04  -1.50   3.03 |   0.00  -0.00  -0.34
  5 -0.17  1.0  0.0000       0.447  0.0E+00   0.00 |   0.04   0.01  -1.47   2.33 |   0.02   0.02  -0.48
  4 -0.68  1.0  0.0000       0.580  0.0E+00   0.00 |  -0.25   0.19   0.46   1.89 |  -0.05   0.01  -0.45
  2  0.82  1.0  0.0000       1.373  0.0E+00   0.00 |  -0.04   0.05   0.50   2.41 |  -0.01   0.02  -0.47
  6 -0.25  1.0  0.0000       1.387  0.0E+00   0.00 |  -0.55   0.56   0.49   2.13 |  -0.46   0.46   0.42
  1 -0.82  1.0  0.0000       1.495  0.0E+00   0.00 |   0.46  -0.46   0.37   2.28 |   0.46  -0.46   0.49
  7 -0.40  1.0  0.0000       1.543  0.0E+00   0.00 |   0.03  -0.03   2.19   3.23 |   0.09  -0.09   0.45
  3 -0.74  1.0  0.0000       3.150  0.0E+00   0.00 |   0.01  -0.01  -3.25   3.65 |  -0.01   0.01  -0.48
__________________________________________________________________________________________________________
   Proton  wavefunctions
  i     P   Rz   occ          E       d2h    Delta |   JxT    JyT    Jz      J   |   SxT    SyT    Sz
----------------------------------------------------------------------------------------------------------
 40  0.99  1.0  2.0000     -30.740  0.0E+00   0.00 |  -0.50   0.50   0.50   0.52 |  -0.50   0.50   0.50
 39 -0.99  1.0  2.0000     -19.894  0.0E+00   0.02 |  -0.87   0.87   0.50   1.47 |  -0.45   0.45   0.40
 38 -0.98  1.0  1.9998     -17.423  0.0E+00   0.19 |  -0.00   0.00  -1.50   1.53 |   0.00   0.00  -0.50
 37 -0.91  1.0  1.9546     -12.777  0.0E+00   1.52 |   0.31  -0.31   0.50   0.78 |  -0.06   0.06  -0.39
 36  0.88  1.0  1.4334      -8.787  0.0E+00   1.81 |  -1.14   1.14   0.50   2.22 |  -0.41   0.41   0.32
 35  0.97  1.0  0.4974      -6.918  0.0E+00   1.71 |  -0.00   0.00  -1.50   2.50 |  -0.00   0.00  -0.42
 34  0.95  1.0  0.0778      -4.675  0.0E+00   1.36 |  -0.00   0.00   2.50   2.54 |  -0.00   0.00   0.50
 33  0.83  1.0  0.0313      -3.080  0.0E+00   1.24 |  -0.37   0.37   0.50   1.67 |  -0.25   0.25   0.00
 31 -0.20  1.0  0.0017      -1.637  0.0E+00   0.36 |  -0.56   0.56   0.50   2.84 |  -0.45   0.45   0.40
 32  0.75  1.0  0.0039      -0.820  0.0E+00   0.63 |   0.26  -0.26   0.50   1.41 |  -0.37   0.37   0.24
 30  0.66  1.0  0.0001       1.416  0.0E+00   0.14 |  -0.02   0.02  -1.49   2.01 |   0.00  -0.00   0.35
 26  0.41  1.0  0.0000       2.282  0.0E+00   0.00 |  -0.01  -0.02  -1.47   2.50 |  -0.01  -0.01  -0.48
 29 -0.76  1.0  0.0000       2.375  0.0E+00   0.03 |  -0.99   1.00   0.50   2.96 |  -0.37   0.37   0.23
 27 -0.69  1.0  0.0000       2.436  0.0E+00   0.00 |  -0.06   0.09   0.49   1.89 |   0.00   0.03  -0.48
 28 -0.51  1.0  0.0000       2.642  0.0E+00   0.02 |   0.04  -0.04  -1.49   2.80 |   0.00  -0.00  -0.43
 23  0.60  1.0  0.0000       2.706  0.0E+00   0.00 |   0.46  -0.47   0.75   2.39 |   0.46  -0.47   0.49
 21 -0.69  1.0  0.0000       2.848  0.0E+00   0.00 |   0.46  -0.46   0.47   2.18 |   0.50  -0.50   0.50
 24  0.84  1.0  0.0000       2.889  0.0E+00   0.00 |  -0.02   0.04   0.52   2.31 |  -0.01   0.02  -0.47
 25 -0.19  1.0  0.0000       3.643  0.0E+00   0.00 |  -0.49   0.49   0.50   2.17 |  -0.49   0.49   0.48
 22 -0.46  1.0  0.0000       5.759  0.0E+00   0.00 |   0.00  -0.01  -2.95   3.96 |  -0.00   0.00  -0.50
----------------------------------------------------------------------------------------------------------
---------------------------------Quasiparticles---------------------------------
Block 1:  P=+1  neutrons
  N      Eqp       f_n      |   U   V  |   B  P  ov_TR |    JxT    JyT    Jz
________________________________________________________________________________
  1    -23.23      0.00E+00 |    1   0 |   -  -  0.000 |    0.00   0.00   0.50
  2    -15.20      0.00E+00 |    0  16 |   -  -  0.000 |    0.00   0.00   3.28
  3    -13.97      0.00E+00 |    0  19 |   -  -  0.000 |    0.00   0.00  -1.37
  4    -13.54      0.00E+00 |    0   8 |   -  -  0.000 |    0.00   0.00  -0.51
  5    -13.44      0.00E+00 |    0  20 |   -  -  0.000 |    0.00   0.00  -0.50
  6    -13.14      0.00E+00 |    0  14 |   -  -  0.000 |    0.00   0.00  -1.18
  7    -12.64      0.00E+00 |    0  17 |   -  -  0.000 |    0.00   0.00   1.47
  8    -12.46      0.00E+00 |    0  18 |   -  -  0.000 |    0.00   0.00  -0.47
  9    -12.19      0.00E+00 |    9   0 |   -  -  0.000 |    0.00   0.00   0.50
 10    -11.73      0.00E+00 |    0  13 |   -  -  0.000 |    0.00   0.00   1.49
 11    -11.12      0.00E+00 |    0  15 |   -  -  0.000 |    0.00   0.00  -0.50
 12     -9.79      0.00E+00 |   10   7 |   -  -  0.000 |    0.00   0.00   1.42
 13     -9.75      0.00E+00 |   10   7 |   -  -  0.000 |    0.00   0.00  -1.43
 14     -8.29      0.00E+00 |    0   6 |   -  -  0.000 |    0.00   0.00  -0.50
 15     -7.36      0.00E+00 |    0  12 |   -  -  0.000 |    0.00   0.00  -0.50
 16     -5.21      0.00E+00 |   11  11 |   -  -  0.000 |    0.00   0.00   0.46
 17     -5.01      0.00E+00 |   11   5 |   -  -  0.000 |    0.00   0.00  -0.47
 18     -3.47      0.00E+00 |    4   4 |   -  -  0.000 |    0.00   0.00  -2.32
 19     -1.92      0.00E+00 |    2   2 |   -  -  0.000 |    0.00   0.00   0.22
 20     -1.88      0.00E+00 |    3   3 |   -  -  0.000 |    0.00   0.00   0.76
 21      1.88      1.00E+00 |    3   3 |   -  -  0.000 |    0.00   0.00  -0.76
 22      1.92      1.00E+00 |    2   2 |   -  -  0.000 |    0.00   0.00  -0.22
 23      3.47      1.00E+00 |    4   4 |   -  -  0.000 |    0.00   0.00   2.32
 24      5.01      1.00E+00 |    5  11 |   -  -  0.000 |    0.00   0.00   0.47
 25      5.21      1.00E+00 |   11  11 |   -  -  0.000 |    0.00   0.00  -0.46
 26      7.36      1.00E+00 |   12   0 |   -  -  0.000 |    0.00   0.00   0.50
 27      8.29      1.00E+00 |    6   0 |   -  -  0.000 |    0.00   0.00   0.50
 28      9.75      1.00E+00 |    7  10 |   -  -  0.000 |    0.00   0.00   1.43
 29      9.79      1.00E+00 |    7  10 |   -  -  0.000 |    0.00   0.00  -1.42
 30     11.12      1.00E+00 |   15   0 |   -  -  0.000 |    0.00   0.00   0.50
 31     11.73      1.00E+00 |   13   0 |   -  -  0.000 |    0.00   0.00  -1.49
 32     12.19      1.00E+00 |    0   9 |   -  -  0.000 |    0.00   0.00  -0.50
 33     12.46      1.00E+00 |   18   0 |   -  -  0.000 |    0.00   0.00   0.47
 34     12.64      1.00E+00 |   17   0 |   -  -  0.000 |    0.00   0.00  -1.47
 35     13.14      1.00E+00 |   14   0 |   -  -  0.000 |    0.00   0.00   1.18
 36     13.44      1.00E+00 |   20   0 |   -  -  0.000 |    0.00   0.00   0.50
 37     13.54      1.00E+00 |    8   0 |   -  -  0.000 |    0.00   0.00   0.51
 38     13.97      1.00E+00 |   19   0 |   -  -  0.000 |    0.00   0.00   1.37
 39     15.20      1.00E+00 |   16   0 |   -  -  0.000 |    0.00   0.00  -3.28
 40     23.23      1.00E+00 |    0   1 |   -  -  0.000 |    0.00   0.00  -0.50

Block 5:  P=+1   protons
  N      Eqp       f_n      |   U   V  |   B  P  ov_TR |    JxT    JyT    Jz
________________________________________________________________________________
  1    -22.83      0.00E+00 |   21   0 |   -  -  0.000 |    0.00   0.00   0.50
  2    -13.67      0.00E+00 |    0  36 |   -  -  0.000 |    0.00   0.00   2.93
  3    -11.98      0.00E+00 |   29   0 |   -  -  0.000 |    0.00   0.00   0.50
  4    -11.56      0.00E+00 |    0  40 |   -  -  0.000 |    0.00   0.00  -0.50
  5    -10.99      0.00E+00 |    0  34 |   -  -  0.000 |    0.00   0.00  -0.38
  6    -10.93      0.00E+00 |    0  35 |   -  -  0.000 |    0.00   0.00  -0.51
  7    -10.79      0.00E+00 |    0  33 |   -  -  0.000 |    0.00   0.00   1.25
  8    -10.50      0.00E+00 |    0  39 |   -  -  0.000 |    0.00   0.00  -0.51
  9    -10.44      0.00E+00 |    0  38 |   -  -  0.000 |    0.00   0.00  -0.50
 10    -10.17      0.00E+00 |    0  28 |   -  -  0.000 |    0.00   0.00  -0.47
 11     -9.92      0.00E+00 |    0  37 |   -  -  0.000 |    0.00   0.00   1.47
 12     -9.51      0.00E+00 |   30   0 |   -  -  0.000 |    0.00   0.00  -1.49
 13     -9.28      0.00E+00 |    0  27 |   -  -  0.000 |    0.00   0.00   1.39
 14     -7.77      0.00E+00 |    0  26 |   -  -  0.000 |    0.00   0.00  -0.50
 15     -5.88      0.00E+00 |    0  32 |   -  -  0.000 |    0.00   0.00  -0.49
 16     -5.09      0.00E+00 |   31  31 |   -  -  0.000 |    0.00   0.00   0.47
 17     -4.67      0.00E+00 |   25  25 |   -  -  0.000 |    0.00   0.00  -0.48
 18     -3.51      0.00E+00 |   24  24 |   -  -  0.000 |    0.00   0.00  -2.31
 19     -2.00      0.00E+00 |   22  22 |   -  -  0.000 |    0.00   0.00   0.21
 20     -1.98      0.00E+00 |   23  23 |   -  -  0.000 |    0.00   0.00   0.75
 21      1.98      1.00E+00 |   23  23 |   -  -  0.000 |    0.00   0.00  -0.75
 22      2.00      1.00E+00 |   22  22 |   -  -  0.000 |    0.00   0.00  -0.21
 23      3.51      1.00E+00 |   24  24 |   -  -  0.000 |    0.00   0.00   2.31
 24      4.67      1.00E+00 |   25  25 |   -  -  0.000 |    0.00   0.00   0.48
 25      5.09      1.00E+00 |   31  31 |   -  -  0.000 |    0.00   0.00  -0.47
 26      5.88      1.00E+00 |   32   0 |   -  -  0.000 |    0.00   0.00   0.49
 27      7.77      1.00E+00 |   26   0 |   -  -  0.000 |    0.00   0.00   0.50
 28      9.28      1.00E+00 |   27   0 |   -  -  0.000 |    0.00   0.00  -1.39
 29      9.51      1.00E+00 |    0  30 |   -  -  0.000 |    0.00   0.00   1.49
 30      9.92      1.00E+00 |   37   0 |   -  -  0.000 |    0.00   0.00  -1.47
 31     10.17      1.00E+00 |   28   0 |   -  -  0.000 |    0.00   0.00   0.47
 32     10.44      1.00E+00 |   38   0 |   -  -  0.000 |    0.00   0.00   0.50
 33     10.50      1.00E+00 |   39   0 |   -  -  0.000 |    0.00   0.00   0.51
 34     10.79      1.00E+00 |   33   0 |   -  -  0.000 |    0.00   0.00  -1.25
 35     10.93      1.00E+00 |   35   0 |   -  -  0.000 |    0.00   0.00   0.51
 36     10.99      1.00E+00 |   34   0 |   -  -  0.000 |    0.00   0.00   0.38
 37     11.56      1.00E+00 |   40   0 |   -  -  0.000 |    0.00   0.00   0.50
 38     11.98      1.00E+00 |    0  29 |   -  -  0.000 |    0.00   0.00  -0.50
 39     13.67      1.00E+00 |   36   0 |   -  -  0.000 |    0.00   0.00  -2.93
 40     22.83      1.00E+00 |    0  21 |   -  -  0.000 |    0.00   0.00  -0.50

--------------------------------------------------------------------------------
------------------------ Electric Multipole Moments -------------------------
Quantisation Axis             : Z
  With secondary axis ordering: X,Y
  Calculated wrt to COM = (   0.000   0.000   0.000)
______________________________________________________________________________
                   Neutrons        Protons          Charge         Total
______________________________________________________________________________
 Particles           10.0000         10.0000          9.9999         20.0000

Re  Q_{ 1 0}         -0.0237          0.0238          0.0234          0.0001
Constrained                                                           0.0000
Re De_{ 1 0}                                                   0.7676005E-04
Re La_{ 1 0}                                                         -0.4212

Re  Q_{ 2 0}         10.4490         10.9965         10.9893         21.4455
Re  Q_{ 2 2}          0.0000          0.0000          0.0000          0.0000

Re  Q_{ 3 0}         23.1154         26.8858         26.8321         50.0012
Constrained                                                          50.0000
Re De_{ 3 0}                                                   0.1187088E-02
Re La_{ 3 0}                                                          0.0569
Re  Q_{ 3 2}         -0.0000         -0.0000         -0.0000         -0.0000

Re  Q_{ 4 0}         84.3253        103.0031        102.5432        187.3284
Re  Q_{ 4 2}         -0.0000         -0.0001         -0.0001         -0.0001
Re  Q_{ 4 4}          0.0180          0.0204          0.2371          0.0384

Re  Q_{ 5 0}        353.0708        471.9642        466.5977        825.0350
Re  Q_{ 5 2}         -0.0001         -0.0001         -0.0001         -0.0002
Re  Q_{ 5 4}         -0.1079         -0.1802         -0.1259         -0.2881

Re  Q_{ 6 0}       1456.8444       2215.7572       2153.6888       3672.6015
Re  Q_{ 6 2}         -0.0017         -0.0038         -0.0035         -0.0054
Re  Q_{ 6 4}          0.9117          1.7396          5.1201          2.6513
Re  Q_{ 6 6}          0.0001          0.0003          0.0003          0.0004

Re  Q_{ 7 0}       6315.8057      10062.3450       9672.9872      16378.1507
Re  Q_{ 7 2}         -0.0101         -0.0237         -0.0221         -0.0338
Re  Q_{ 7 4}         -1.7152         -4.9696          5.0706         -6.6848
Re  Q_{ 7 6}          0.0003          0.0057          0.0055          0.0060

Re  Q_{ 8 0}      33186.5146      58434.6153      53708.2065      91621.1299
Re  Q_{ 8 2}          0.0485          0.4198          0.4081          0.4683
Re  Q_{ 8 4}          0.2507          8.8716        131.3449          9.1222
Re  Q_{ 8 6}          0.0297          0.1405          0.1471          0.1702
Re  Q_{ 8 8}        -19.7651        -22.2361        -26.9901        -42.0012

Re  Q_{ 9 0}     149089.8079     268502.2329     241906.2217     417592.0408
Re  Q_{ 9 2}         -0.3736         -0.9603         -0.8887         -1.3339
Re  Q_{ 9 4}        482.6409        970.5444       1638.5845       1453.1853
Re  Q_{ 9 6}         -0.0636         -0.1960         -0.1716         -0.2596
Re  Q_{ 9 8}        156.5906         83.8452        172.7697        240.4358

Re  Q_{10 0}     807476.1043    1537289.4404    1261760.3364    2344765.5447
Re  Q_{10 2}         -0.9993          0.3971          0.5318         -0.6022
Re  Q_{10 4}        811.6189       5660.6760       8144.2385       6472.2950
Re  Q_{10 6}          0.1930          0.6361          2.6952          0.8291
Re  Q_{10 8}      -1551.7956       5375.8773       3340.1579       3824.0817
Re  Q_{1010}         -0.2611         -0.4336         -0.6693         -0.6947

 RMS radius           2.8797          2.9193          2.9846          2.8996
 Fourth mom.          3.2210          3.2859          3.3634          3.2539
______________________________________________________________________________
                   Neutrons        Protons          Charge         Total
______________________________________________________________________________


Beta_{ 2 0}       0.20626091      0.21706856      0.21692657      0.42332948
Beta_{ 2 2}       0.00000004      0.00000002      0.00000002      0.00000006

Beta_{ 3 0}       0.14008316      0.16293258      0.16260689      0.30301574
Beta_{ 3 2}      -0.00000002     -0.00000005     -0.00000005     -0.00000007

Beta_{ 4 0}       0.15688625      0.19163605      0.19078042      0.34852231
Beta_{ 4 2}      -0.00000005     -0.00000022     -0.00000021     -0.00000028
Beta_{ 4 4}       0.00003345      0.00003792      0.00044104      0.00007137

Beta_{ 5 0}       0.20166516      0.26957408      0.26650889      0.47123924
Beta_{ 5 2}      -0.00000004     -0.00000007     -0.00000007     -0.00000011
Beta_{ 5 4}      -0.00006165     -0.00010291     -0.00007192     -0.00016456

Beta_{ 6 0}       0.25546082      0.38853783      0.37765401      0.64399865
Beta_{ 6 2}      -0.00000029     -0.00000066     -0.00000062     -0.00000096
Beta_{ 6 4}       0.00015986      0.00030504      0.00089783      0.00046491
Beta_{ 6 6}       0.00000002      0.00000006      0.00000006      0.00000007

Beta_{ 7 0}       0.34000241      0.54169202      0.52073150      0.88169443
Beta_{ 7 2}      -0.00000054     -0.00000127     -0.00000119     -0.00000182
Beta_{ 7 4}      -0.00009234     -0.00026753      0.00027297     -0.00035987
Beta_{ 7 6}       0.00000002      0.00000031      0.00000029      0.00000032

Beta_{ 8 0}       0.54847516      0.96575177      0.88763818      1.51422693
Beta_{ 8 2}       0.00000080      0.00000694      0.00000675      0.00000774
Beta_{ 8 4}       0.00000414      0.00014662      0.00217074      0.00015076
Beta_{ 8 6}       0.00000049      0.00000232      0.00000243      0.00000281
Beta_{ 8 8}      -0.00032666     -0.00036750     -0.00044607     -0.00069416

Beta_{ 9 0}       0.75645895      1.36233939      1.22739528      2.11879834
Beta_{ 9 2}      -0.00000190     -0.00000487     -0.00000451     -0.00000677
Beta_{ 9 4}       0.00244885      0.00492439      0.00831393      0.00737324
Beta_{ 9 6}      -0.00000032     -0.00000099     -0.00000087     -0.00000132
Beta_{ 9 8}       0.00079452      0.00042542      0.00087661      0.00121993

Beta_{10 0}       1.25779302      2.39461195      1.96542453      3.65240497
Beta_{10 2}      -0.00000156      0.00000062      0.00000083     -0.00000094
Beta_{10 4}       0.00126425      0.00881755      0.01268615      0.01008179
Beta_{10 6}       0.00000030      0.00000099      0.00000420      0.00000129
Beta_{10 8}      -0.00241721      0.00837392      0.00520291      0.00595671
Beta_{1010}      -0.00000041     -0.00000068     -0.00000104     -0.00000108


______________________________________________________________________________
                   Neutrons        Protons          Charge         Total
______________________________________________________________________________
Q_{ 1}                0.0237          0.0238          0.0234          0.0001
Q_{ 2}               10.4490         10.9965         10.9893         21.4455
Q_{ 3}               23.1154         26.8858         26.8321         50.0012
Q_{ 4}               84.3253        103.0031        102.5437        187.3284
Q_{ 5}              353.0708        471.9643        466.5978        825.0351
Q_{ 6}             1456.8449       2215.7585       2153.7010       3672.6034
Q_{ 7}             6315.8062      10062.3475       9672.9899      16378.1535
Q_{ 8}            33186.5264      58434.6251      53708.5413      91621.1501
Q_{ 9}           149091.5348     268505.7673     241917.4440     417597.2362
Q_{10}           807479.9023    1537329.0832    1261821.7454    2344789.6468
______________________________________________________________________________
                   Neutrons        Protons          Charge         Total
______________________________________________________________________________
Beta_{   1}       0.00152601      0.00153095      0.00150687      0.00000494
Beta_{   2}       0.20626091      0.21706856      0.21692657      0.42332948
Beta_{   3}       0.14008316      0.16293258      0.16260689      0.30301574
Beta_{   4}       0.15688626      0.19163606      0.19078144      0.34852232
Beta_{   5}       0.20166518      0.26957412      0.26650891      0.47123930
Beta_{   6}       0.25546092      0.38853807      0.37765615      0.64399899
Beta_{   7}       0.34000244      0.54169215      0.52073164      0.88169458
Beta_{   8}       0.54847536      0.96575193      0.88764371      1.51422727
Beta_{   9}       0.75646772      1.36235732      1.22745222      2.11882470
Beta_{  10}       1.25779894      2.39467370      1.96552019      3.65244251
______________________________________________________________________________
 Cart. Moments X              Y              Z
 Cart. N      -16.5650928    -16.5651081     33.1302009
 Cart. P      -17.4330736    -17.4330825     34.8661560
 Cart. T      -33.9981664    -33.9981905     67.9963569
 (Q, gamma)    Q              Gamma
 (Q,g) N       33.1302009      0.0000152
 (Q,g) P       34.8661560      0.0000084
 (Q,g) T       67.9963569      0.0000117
 (iq1, iq2)    iq1            iq2
 iq    N       33.1301958      0.0000102
 iq    P       34.8661531      0.0000059
 iq    T       67.9963489      0.0000161
               X^2            Y^2            Z^2
 X^2_i N       22.1210192     22.1210141     38.6861171
 X^2_i P       22.5966863     22.5966833     40.0297628
 X^2_i T       44.7177055     44.7176974     78.7158799
----------------------------------------------------------------------------
----------------------- Box Size Check -------------------------
 Xmax = (nx+0.5)dx =  9.200 fm,  max(rho(X=Xmax)) =    3.249E-07
 Ymax = (ny+0.5)dx =  9.200 fm,  max(rho(Y=Ymax)) =    3.249E-07
 Zmax = (nz+0.5)dx =  9.200 fm,  max(rho(Z=Zmax)) =    8.642E-05
 Zmin =-(nz+0.5)dx = -9.200fm,  max(rho(Z=Zmin)) =    1.470E-05
---------------------Rotational properties--------------------
                Rigid rotor          (hbar^2/MeV)
              n              p              t 
 I_R X       1.4662554      1.5101249      2.9763803
 I_R Y       1.4662555      1.5101250      2.9763805
 I_R Z       1.0668176      1.0897574      2.1565750

                Belyaev                 (hbar^2/MeV) 
              n              p              t 
 I_B X       0.6134950      0.5876393      1.2011343
 I_B Y       0.6134941      0.5876389      1.2011330
 I_B Z       0.0000175      0.0000270      0.0000445

                Belyaev (collective)    (hbar^2/MeV) 
              n              p              t 
 I_B X       0.6134950      0.5876393      1.2011343
 I_B Y       0.6134941      0.5876389      1.2011330
 I_B Z       0.0000175      0.0000270      0.0000445

                 <J^2> - <J>^2          (hbar^2)
              n              p              t 
 J2_X        1.5718783      1.5791903      3.1510686
 J2_Y        1.5718761      1.5791892      3.1510653
 J2_Z        0.0001141      0.0001700      0.0002841
 J2_t        3.1438685      3.1585495      6.3024180

                 <J^2> - <J>^2 (coll.)  (hbar^2)
              n              p              t 
 J2_X        1.5718783      1.5791903      3.1510686
 J2_Y        1.5718761      1.5791892      3.1510653
 J2_Z        0.0001141      0.0001700      0.0002841
 J2_t        3.1438685      3.1585495      6.3024180
------------------------- Angular Momentum (hbar) --------------------------

               Spwfs(*)    Desired     Omega       E (MeV)      Densit. 
  __________________________________________________________________________
   J_x   |     0.00000     0.00000     0.00000     0.00000     0.00000
   J_y   |     0.00000     0.00000     0.00000     0.00000     0.00000
   J_z   |     0.00000     0.00000     0.00000     0.00000     0.00000
  __________________________________________________________________________
   Size  |     0.00000     0.00000     0.00000                 0.00000
  --------------------------------------------------------------------------
-------------------------- Pairing -------------------------
                          N         P 
 Fermi Level (MeV)    -12.03324487    -7.91399787
 Particles             10.00000000    10.00000000
 Dispersion             1.81096226     1.86649335
 Average gap   v^2      0.65126797     0.69807819
 Average gap   uv       1.49350735     1.55254125
------------------------------------------------------------
--------------------------------------------------------------------------------
 Skyrme Energy                Isospin  1 2 3 4                   Energy [MeV]
--------------------------------------------------------------------------------
E_D_I_I_D_I_I                          0 0                      -1295.226784
E_D_I_I_D_I_I                          1 1                          0.051643
E_D_I_I_D_I_I_D_I_I                    0 0 0                      735.718416
E_D_I_I_D_I_I_D_I_I                    0 1 1                       -0.026230
E_D_I_I_D_Nm_Nm                        0 0                         27.741373
E_D_I_I_D_Nm_Nm                        1 1                         -0.003038
E_D_I_I_Lap_D_I_I                      0 0                         58.139130
E_D_I_I_Lap_D_I_I                      1 1                          0.001409
E_C_I_NmSk_C_I_NmSk                    0 0                         -0.000000
E_C_I_NmSk_C_I_NmSk                    1 1                         -0.000000
E_D_I_I_D_I_I_D_Nm_Nm                  0 0 0                        0.000000
E_D_I_I_D_I_I_D_Nm_Nm                  0 1 1                       -0.000000
E_D_I_I_D_I_I_D_Nm_Nm                  0 0 0                        0.000000
E_D_I_I_D_I_I_D_Nm_Nm                  0 1 1                        0.000000
E_D_I_I_Derm_D_I_I_Derm_D_I_I          0 0 0                        0.000000
E_D_I_I_Derm_D_I_I_Derm_D_I_I          0 1 1                       -0.000000
E_D_I_I_Derm_D_I_I_Derm_D_I_I          0 0 0                       -0.000000
E_D_I_I_Derm_D_I_I_Derm_D_I_I          0 1 1                       -0.000000
E_D_I_I_Derm_D_I_I_D_I_I_Derm_D_I_I    0 0 0 0                      0.000000
E_D_I_I_Derm_D_I_I_D_I_I_Derm_D_I_I    0 0 1 1                     -0.000000
E_D_I_I_Derm_C_I_NxmSxm                0 0                        -10.753095
E_D_I_I_Derm_C_I_NxmSxm                1 1                         -0.000445
E_DP_I_I_DP_I_I                        n n                         -3.552986
E_DP_I_I_DP_I_I                        p p                         -3.825222
E_D_I_I_DP_I_I_DP_I_I                  0 n n                        1.492690
E_D_I_I_DP_I_I_DP_I_I                  0 p p                        1.583485
--------------------------------------------------------------------------------
                 Total Skyrme:                                   -488.659654
--------------------------------------------------------------------------------
                    time-even:                                   -488.659654
                    time-odd :                                      0.000000
                    bilinear :                                  -1227.428014
                    trilinear:                                      0.000000
                 quadrilinear:                                      0.000000
            density-dependent:                                    738.768361
--------------------------------------------------------------------------------
--------------------------------------------------------------------------------
                                     neutron        proton         total
                Kinetic Energy:     162.444941     159.118832     321.563772
                    COM 1-body:      -8.122247      -7.955942     -16.078189
                    COM 2-body:       3.211828       3.159751       6.371579
                            ph:       3.187346       3.131388       6.318734
                            pp:       0.024482       0.028363       0.052845
                 Collective T:                                     -2.440740

                 Rotational  T:                                    -2.440740
                 Rotational  X:                                    -1.219886
                 Rotational  Y:                                    -1.219886
                 Rotational  Z:                                    -0.000968

                 Vibrational T:                                     0.000000
                 Vibrational X:                                    -0.000000
                 Vibrational Y:                                    -0.000000
                 Vibrational Z:                                    -0.000000


                Coulomb Direct:       0.000000      23.426140      23.426140
                      Exchange:       0.000000       0.000000       0.000000

               Pairing (delta):      -2.060167      -2.241688      -4.301855
               Pairing (densi):                                    -4.302034
--------------------------------------------------------------------------------
                  Total energy:                                  -155.817090
                    from spwfs:                                  -155.817059
                   E_fu - E_sp:                                -0.310507E-04
                   (no corr.) :                                  -159.747930
                      Routhian:                                  -157.212190
                         dE   :                                -0.235241E-03
                         dR   :                                -0.200608E-03
--------------------------------------------------------------------------------
 Iteration =   91
 dt    =   0.0248      mu   =   0.8304 gradn =    0.000E+00 D2H  =    4.223E-06
 E     =   -155.817    DE   = -0.49106E-06
 R     =   -157.212    DR   = -0.32199E-06
 R-E   =     -1.395  D(R-E) =  0.16619E-06
 dmun  =  2.1E-05      dmup=  7.9E-05
 RQ10t =       0.0001   dQ = -1.3E-06  L =      -0.4212   dL = -9.3E-06  dev =  7.5E-05
 RQ20t =      21.4445   dQ = -9.9E-04  L =       0.0000   dL =  0.0E+00  dev =  0.0E+00
 RQ22t =       0.0000   dQ = -1.9E-07  L =       0.0000   dL =  0.0E+00  dev =  0.0E+00
 RQ30t =      50.0006   dQ = -5.8E-04  L =       0.0569   dL = -2.9E-07  dev =  6.1E-04
 Jz    =       0.0000   dJZ=  0.0E+00 Om =       0.0000   dO =  0.0E+00  dev =  0.0E+00
--------------------------------------------------------------------------------------
 Iteration =   92
 dt    =   0.0248      mu   =   0.8304 gradn =    0.000E+00 D2H  =    4.032E-06
 E     =   -155.817    DE   = -0.47553E-06
 R     =   -157.212    DR   = -0.35559E-06
 R-E   =     -1.395  D(R-E) =  0.11676E-06
 dmun  =  2.0E-05      dmup=  7.8E-05
 RQ10t =       0.0001   dQ = -2.8E-07  L =      -0.4212   dL = -9.3E-06  dev =  7.5E-05
 RQ20t =      21.4435   dQ = -9.8E-04  L =       0.0000   dL =  0.0E+00  dev =  0.0E+00
 RQ22t =       0.0000   dQ = -1.8E-07  L =       0.0000   dL =  0.0E+00  dev =  0.0E+00
 RQ30t =      50.0001   dQ = -5.1E-04  L =       0.0569   dL = -4.9E-08  dev =  1.0E-04
 Jz    =       0.0000   dJZ=  0.0E+00 Om =       0.0000   dO =  0.0E+00  dev =  0.0E+00
--------------------------------------------------------------------------------------
 Iteration =   93
 dt    =   0.0248      mu   =   0.8304 gradn =    0.000E+00 D2H  =    3.849E-06
 E     =   -155.817    DE   = -0.46209E-06
 R     =   -157.212    DR   = -0.38543E-06
 R-E   =     -1.395  D(R-E) =  0.73203E-07
 dmun  =  1.8E-05      dmup=  7.6E-05
 RQ10t =       0.0001   dQ =  6.2E-07  L =      -0.4212   dL = -9.3E-06  dev =  7.6E-05
 RQ20t =      21.4425   dQ = -9.7E-04  L =       0.0000   dL =  0.0E+00  dev =  0.0E+00
 RQ22t =       0.0000   dQ = -1.7E-07  L =       0.0000   dL =  0.0E+00  dev =  0.0E+00
 RQ30t =      49.9997   dQ = -4.4E-04  L =       0.0569   dL =  1.6E-07  dev =  3.4E-04
 Jz    =       0.0000   dJZ=  0.0E+00 Om =       0.0000   dO =  0.0E+00  dev =  0.0E+00
--------------------------------------------------------------------------------------
 Iteration =   94
 dt    =   0.0248      mu   =   0.8304 gradn =    0.000E+00 D2H  =    3.673E-06
 E     =   -155.817    DE   = -0.44961E-06
 R     =   -157.212    DR   = -0.41098E-06
 R-E   =     -1.395  D(R-E) =  0.34956E-07
 dmun  =  1.6E-05      dmup=  7.4E-05
 RQ10t =       0.0001   dQ =  1.4E-06  L =      -0.4212   dL = -9.5E-06  dev =  7.7E-05
 RQ20t =      21.4416   dQ = -9.6E-04  L =       0.0000   dL =  0.0E+00  dev =  0.0E+00
 RQ22t =       0.0000   dQ = -1.6E-07  L =       0.0000   dL =  0.0E+00  dev =  0.0E+00
 RQ30t =      49.9993   dQ = -3.8E-04  L =       0.0569   dL =  3.4E-07  dev =  7.2E-04
 Jz    =       0.0000   dJZ=  0.0E+00 Om =       0.0000   dO =  0.0E+00  dev =  0.0E+00
--------------------------------------------------------------------------------------
 Iteration =   95
 dt    =   0.0248      mu   =   0.8304 gradn =    0.000E+00 D2H  =    3.503E-06
 E     =   -155.817    DE   = -0.43756E-06
 R     =   -157.212    DR   = -0.43208E-06
 R-E   =     -1.395  D(R-E) =  0.16130E-08
 dmun  =  1.5E-05      dmup=  7.1E-05
 RQ10t =       0.0001   dQ =  2.0E-06  L =      -0.4212   dL = -9.7E-06  dev =  7.9E-05
 RQ20t =      21.4406   dQ = -9.4E-04  L =       0.0000   dL =  0.0E+00  dev =  0.0E+00
 RQ22t =       0.0000   dQ = -1.5E-07  L =       0.0000   dL =  0.0E+00  dev =  0.0E+00
 RQ30t =      49.9990   dQ = -3.2E-04  L =       0.0569   dL =  4.9E-07  dev =  1.0E-03
 Jz    =       0.0000   dJZ=  0.0E+00 Om =       0.0000   dO =  0.0E+00  dev =  0.0E+00
--------------------------------------------------------------------------------------
 Iteration =   96
 dt    =   0.0248      mu   =   0.8304 gradn =    0.000E+00 D2H  =    3.341E-06
 E     =   -155.818    DE   = -0.42531E-06
 R     =   -157.213    DR   = -0.44851E-06
 R-E   =     -1.395  D(R-E) = -0.27214E-07
 dmun  =  1.3E-05      dmup=  6.9E-05
 RQ10t =       0.0001   dQ =  2.5E-06  L =      -0.4212   dL = -1.0E-05  dev =  8.2E-05
 RQ20t =      21.4397   dQ = -9.1E-04  L =       0.0000   dL =  0.0E+00  dev =  0.0E+00
 RQ22t =       0.0000   dQ = -1.5E-07  L =       0.0000   dL =  0.0E+00  dev =  0.0E+00
 RQ30t =      49.9987   dQ = -2.7E-04  L =       0.0569   dL =  6.2E-07  dev =  1.3E-03
 Jz    =       0.0000   dJZ=  0.0E+00 Om =       0.0000   dO =  0.0E+00  dev =  0.0E+00
--------------------------------------------------------------------------------------
 Iteration =   97
 dt    =   0.0248      mu   =   0.8304 gradn =    0.000E+00 D2H  =    3.186E-06
 E     =   -155.818    DE   = -0.41295E-06
 R     =   -157.213    DR   = -0.46058E-06
 R-E   =     -1.395  D(R-E) = -0.51756E-07
 dmun  =  1.2E-05      dmup=  6.7E-05
 RQ10t =       0.0001   dQ =  2.9E-06  L =      -0.4212   dL = -1.0E-05  dev =  8.5E-05
 RQ20t =      21.4388   dQ = -8.9E-04  L =       0.0000   dL =  0.0E+00  dev =  0.0E+00
 RQ22t =       0.0000   dQ = -1.4E-07  L =       0.0000   dL =  0.0E+00  dev =  0.0E+00
 RQ30t =      49.9985   dQ = -2.2E-04  L =       0.0569   dL =  7.2E-07  dev =  1.5E-03
 Jz    =       0.0000   dJZ=  0.0E+00 Om =       0.0000   dO =  0.0E+00  dev =  0.0E+00
--------------------------------------------------------------------------------------
 Iteration =   98
 dt    =   0.0248      mu   =   0.8304 gradn =    0.000E+00 D2H  =    3.037E-06
 E     =   -155.818    DE   = -0.40046E-06
 R     =   -157.213    DR   = -0.46868E-06
 R-E   =     -1.395  D(R-E) = -0.72421E-07
 dmun  =  1.0E-05      dmup=  6.6E-05
 RQ10t =       0.0001   dQ =  3.1E-06  L =      -0.4213   dL = -1.1E-05  dev =  8.8E-05
 RQ20t =      21.4380   dQ = -8.7E-04  L =       0.0000   dL =  0.0E+00  dev =  0.0E+00
 RQ22t =       0.0000   dQ = -1.3E-07  L =       0.0000   dL =  0.0E+00  dev =  0.0E+00
 RQ30t =      49.9983   dQ = -1.7E-04  L =       0.0569   dL =  8.1E-07  dev =  1.7E-03
 Jz    =       0.0000   dJZ=  0.0E+00 Om =       0.0000   dO =  0.0E+00  dev =  0.0E+00
--------------------------------------------------------------------------------------
 Iteration =   99
 dt    =   0.0248      mu   =   0.8304 gradn =    0.000E+00 D2H  =    2.895E-06
 E     =   -155.818    DE   = -0.38820E-06
 R     =   -157.213    DR   = -0.47343E-06
 R-E   =     -1.395  D(R-E) = -0.89464E-07
 dmun  =  8.4E-06      dmup=  6.4E-05
 RQ10t =       0.0001   dQ =  3.2E-06  L =      -0.4213   dL = -1.1E-05  dev =  9.1E-05
 RQ20t =      21.4371   dQ = -8.4E-04  L =       0.0000   dL =  0.0E+00  dev =  0.0E+00
 RQ22t =       0.0000   dQ = -1.2E-07  L =       0.0000   dL =  0.0E+00  dev =  0.0E+00
 RQ30t =      49.9982   dQ = -1.3E-04  L =       0.0569   dL =  8.7E-07  dev =  1.8E-03
 Jz    =       0.0000   dJZ=  0.0E+00 Om =       0.0000   dO =  0.0E+00  dev =  0.0E+00
--------------------------------------------------------------------------------------
--------------------------------------------------------------------------------------
                              Iteration =   100

--------------------- Hartree-Fock basis-------------------------------------------------------------------
__________________________________________________________________________________________________________
   Neutron wavefunctions
  i     P   Rz   occ          E       d2h    Delta |   JxT    JyT    Jz      J   |   SxT    SyT    Sz
----------------------------------------------------------------------------------------------------------
  1  0.99  1.0  1.0000     -35.260  3.6E-08   0.00 |  -0.50   0.50   0.50   0.52 |  -0.50   0.50   0.50
  9 -0.99  1.0  1.0000     -24.222  1.8E-07   0.01 |  -0.87   0.87   0.50   1.46 |  -0.45   0.45   0.40
 10 -0.98  1.0  0.9999     -21.780  4.0E-08   0.14 |  -0.00   0.00  -1.50   1.53 |   0.00   0.00  -0.50
 11 -0.91  1.0  0.9810     -17.045  5.0E-07   1.42 |   0.31  -0.31   0.50   0.78 |  -0.06   0.06  -0.39
  2  0.88  1.0  0.7228     -12.893  8.4E-07   1.72 |  -1.15   1.15   0.50   2.22 |  -0.41   0.41   0.31
  3  0.97  1.0  0.2457     -11.075  1.5E-07   1.62 |  -0.00   0.00  -1.50   2.50 |  -0.00   0.00  -0.42
  4  0.95  1.0  0.0355      -8.813  6.1E-08   1.28 |   0.00  -0.00   2.50   2.54 |  -0.00   0.00   0.50
  5  0.80  1.0  0.0131      -7.152  2.7E-06   1.13 |  -0.61   0.61   0.50   1.65 |  -0.34   0.34   0.17
 12 -0.12  1.0  0.0008      -4.696  2.6E-02   0.40 |  -0.52   0.52   0.50   2.41 |  -0.48   0.48   0.45
  6  0.73  1.0  0.0010      -3.747  2.6E-02   0.44 |   0.53  -0.53   0.50   1.87 |  -0.26   0.26   0.02
  7  0.68  1.0  0.0000      -2.249  3.0E-05   0.10 |   0.00  -0.00  -1.49   1.97 |   0.00  -0.00   0.35
 15 -0.76  1.0  0.0000      -0.913  3.8E-04   0.05 |  -1.08   1.08   0.50   2.99 |  -0.36   0.36   0.23
 13 -0.68  1.0  0.0000      -0.306  9.3E-05   0.01 |  -0.00   0.00  -1.49   2.65 |   0.00  -0.00  -0.42
 18 -0.35  1.0  0.0000       0.429  2.8E-03   0.01 |  -0.03   0.03   0.47   1.79 |  -0.01   0.02  -0.47
 17 -0.14  1.0  0.0000       0.598  6.9E-03   0.01 |   0.04  -0.04  -1.47   2.78 |   0.00  -0.00  -0.42
 14 -0.34  1.0  0.0000       1.104  1.3E-02   0.01 |   0.42  -0.42   1.15   2.66 |   0.40  -0.40   0.49
 20 -0.23  1.0  0.0000       1.400  2.5E-03   0.01 |  -0.66   0.66   0.50   2.16 |  -0.47   0.47   0.43
  8  0.47  1.0  0.0000       1.505  2.8E-03   0.00 |  -0.14   0.15   0.51   2.47 |  -0.03   0.03  -0.44
 19 -0.82  1.0  0.0000       1.927  1.8E-02   0.00 |   0.09  -0.09   1.34   2.87 |   0.17  -0.17   0.45
 16 -0.74  1.0  0.0000       3.162  3.5E-03   0.00 |   0.01  -0.01  -3.26   3.66 |  -0.00   0.00  -0.49
__________________________________________________________________________________________________________
   Proton  wavefunctions
  i     P   Rz   occ          E       d2h    Delta |   JxT    JyT    Jz      J   |   SxT    SyT    Sz
----------------------------------------------------------------------------------------------------------
 21  0.99  1.0  1.0000     -30.741  3.4E-08   0.00 |  -0.50   0.50   0.50   0.52 |  -0.50   0.50   0.50
 29 -0.99  1.0  1.0000     -19.893  2.2E-07   0.02 |  -0.87   0.87   0.50   1.46 |  -0.45   0.45   0.40
 30 -0.98  1.0  0.9999     -17.423  4.3E-08   0.19 |  -0.00   0.00  -1.50   1.53 |   0.00   0.00  -0.50
 31 -0.91  1.0  0.9773     -12.778  6.8E-07   1.52 |   0.30  -0.30   0.50   0.79 |  -0.06   0.06  -0.39
 22  0.86  1.0  0.7163      -8.787  9.9E-07   1.81 |  -1.13   1.13   0.50   2.21 |  -0.41   0.41   0.32
 23  0.97  1.0  0.2488      -6.918  1.9E-07   1.71 |  -0.00   0.00  -1.50   2.50 |  -0.00   0.00  -0.42
 24  0.95  1.0  0.0390      -4.676  6.2E-08   1.36 |   0.00  -0.00   2.50   2.54 |   0.00  -0.00   0.50
 25  0.57  1.0  0.0137      -3.384  1.2E-04   1.04 |  -0.63   0.63   0.50   2.03 |  -0.35   0.35   0.19
 32 -0.03  1.0  0.0025      -2.074  1.2E-04   0.49 |  -0.57   0.57   0.50   2.42 |  -0.49   0.49   0.49
 26  0.82  1.0  0.0025      -0.186  9.2E-06   0.69 |   0.61  -0.61   0.50   1.67 |  -0.23   0.23  -0.03
 27  0.66  1.0  0.0001       1.360  2.1E-04   0.14 |  -0.00   0.00  -1.39   2.00 |   0.04  -0.04   0.34
 37 -0.34  1.0  0.0000       2.001  4.6E-03   0.04 |   0.05  -0.05  -1.47   2.25 |   0.00  -0.00  -0.48
 28  0.24  1.0  0.0000       2.253  9.6E-03   0.06 |   0.05  -0.04   0.47   1.94 |  -0.02   0.02  -0.46
 38 -0.45  1.0  0.0000       2.489  8.2E-02   0.04 |  -0.38   0.39   0.50   2.58 |  -0.14   0.15  -0.21
 39 -0.76  1.0  0.0000       2.580  8.5E-03   0.02 |   0.44  -0.44   0.51   2.27 |   0.47  -0.47   0.48
 33  0.30  1.0  0.0000       2.838  6.3E-02   0.01 |   0.34  -0.35  -1.23   2.99 |   0.07  -0.08  -0.30
 35 -0.38  1.0  0.0000       3.047  9.7E-02   0.03 |  -0.85   0.86   0.51   2.67 |  -0.22   0.23  -0.05
 34  0.74  1.0  0.0000       3.048  4.1E-02   0.02 |   0.10  -0.10   0.30   2.25 |   0.39  -0.39   0.39
 40 -0.18  1.0  0.0000       3.661  2.9E-02   0.02 |  -0.50   0.50   0.50   2.17 |  -0.49   0.49   0.48
 36 -0.45  1.0  0.0000       5.759  1.7E-03   0.00 |   0.00  -0.00  -2.92   3.96 |  -0.00   0.00  -0.50
----------------------------------------------------------------------------------------------------------
--------------------- Canonical    basis-------------------------------------------------------------------
__________________________________________________________________________________________________________
   Neutron wavefunctions
  i     P   Rz   occ          E       d2h    Delta |   JxT    JyT    Jz      J   |   SxT    SyT    Sz
----------------------------------------------------------------------------------------------------------
 20  0.99  1.0  2.0000     -35.260  0.0E+00   0.00 |  -0.50   0.50   0.50   0.52 |  -0.50   0.50   0.50
 19 -0.99  1.0  2.0000     -24.222  0.0E+00   0.01 |  -0.87   0.87   0.50   1.46 |  -0.45   0.45   0.40
 18 -0.98  1.0  1.9999     -21.780  0.0E+00   0.14 |  -0.00   0.00  -1.50   1.53 |   0.00   0.00  -0.50
 17 -0.92  1.0  1.9620     -17.045  0.0E+00   1.42 |   0.31  -0.31   0.50   0.77 |  -0.06   0.06  -0.39
 16  0.89  1.0  1.4457     -12.893  0.0E+00   1.73 |  -1.16   1.16   0.50   2.22 |  -0.41   0.41   0.31
 15  0.97  1.0  0.4915     -11.075  0.0E+00   1.62 |  -0.00   0.00  -1.50   2.50 |  -0.00   0.00  -0.42
 14  0.95  1.0  0.0710      -8.813  0.0E+00   1.28 |   0.00  -0.00   2.50   2.54 |  -0.00   0.00   0.50
 13  0.83  1.0  0.0269      -7.059  0.0E+00   1.18 |  -0.42   0.42   0.50   1.64 |  -0.27   0.27   0.04
 12  0.69  1.0  0.0022      -4.511  0.0E+00   0.51 |   0.21  -0.21   0.50   1.49 |  -0.37   0.37   0.24
 11 -0.16  1.0  0.0007      -3.916  0.0E+00   0.29 |  -0.56   0.56   0.50   2.66 |  -0.41   0.41   0.33
 10  0.65  1.0  0.0001      -2.246  0.0E+00   0.10 |  -0.01   0.01  -1.50   2.01 |   0.00  -0.00   0.34
  9 -0.71  1.0  0.0000      -1.012  0.0E+00   0.01 |  -0.96   0.96   0.50   3.04 |  -0.38   0.38   0.27
  8 -0.65  1.0  0.0000      -0.151  0.0E+00   0.01 |   0.04  -0.04  -1.50   3.02 |   0.00  -0.00  -0.34
  5 -0.14  1.0  0.0000       0.446  0.0E+00   0.00 |   0.05   0.01  -1.47   2.33 |   0.02   0.02  -0.48
  4 -0.66  1.0  0.0000       0.588  0.0E+00   0.00 |  -0.30   0.24   0.45   1.90 |  -0.06   0.01  -0.43
  6 -0.25  1.0  0.0000       1.373  0.0E+00   0.00 |  -0.49   0.49   0.49   2.10 |  -0.46   0.46   0.41
  2  0.82  1.0  0.0000       1.380  0.0E+00   0.00 |  -0.04   0.05   0.50   2.42 |  -0.01   0.02  -0.47
  1 -0.82  1.0  0.0000       1.489  0.0E+00   0.00 |   0.46  -0.46   0.36   2.28 |   0.46  -0.46   0.49
  7 -0.35  1.0  0.0000       1.535  0.0E+00   0.00 |   0.04  -0.04   2.13   3.19 |   0.11  -0.11   0.45
  3 -0.74  1.0  0.0000       3.146  0.0E+00   0.00 |   0.01  -0.01  -3.23   3.65 |  -0.01   0.01  -0.48
__________________________________________________________________________________________________________
   Proton  wavefunctions
  i     P   Rz   occ          E       d2h    Delta |   JxT    JyT    Jz      J   |   SxT    SyT    Sz
----------------------------------------------------------------------------------------------------------
 40  0.99  1.0  2.0000     -30.741  0.0E+00   0.00 |  -0.50   0.50   0.50   0.52 |  -0.50   0.50   0.50
 39 -0.99  1.0  2.0000     -19.893  0.0E+00   0.02 |  -0.87   0.87   0.50   1.47 |  -0.45   0.45   0.40
 38 -0.98  1.0  1.9998     -17.423  0.0E+00   0.19 |  -0.00   0.00  -1.50   1.53 |   0.00   0.00  -0.50
 37 -0.91  1.0  1.9546     -12.778  0.0E+00   1.52 |   0.31  -0.31   0.50   0.78 |  -0.06   0.06  -0.39
 36  0.88  1.0  1.4330      -8.785  0.0E+00   1.82 |  -1.14   1.14   0.50   2.22 |  -0.41   0.41   0.32
 35  0.97  1.0  0.4976      -6.918  0.0E+00   1.71 |  -0.00   0.00  -1.50   2.50 |  -0.00   0.00  -0.42
 34  0.95  1.0  0.0779      -4.675  0.0E+00   1.36 |  -0.00   0.00   2.50   2.54 |  -0.00   0.00   0.50
 33  0.83  1.0  0.0313      -3.080  0.0E+00   1.24 |  -0.37   0.37   0.50   1.67 |  -0.25   0.25   0.00
 31 -0.20  1.0  0.0017      -1.632  0.0E+00   0.36 |  -0.57   0.57   0.50   2.83 |  -0.45   0.45   0.40
 32  0.75  1.0  0.0039      -0.821  0.0E+00   0.63 |   0.26  -0.26   0.50   1.41 |  -0.37   0.37   0.24
 30  0.66  1.0  0.0001       1.417  0.0E+00   0.15 |  -0.01   0.01  -1.49   2.01 |   0.00  -0.00   0.35
 26  0.52  1.0  0.0000       2.292  0.0E+00   0.00 |   0.03  -0.05  -1.48   2.53 |  -0.01  -0.01  -0.48
 29 -0.75  1.0  0.0000       2.361  0.0E+00   0.04 |  -0.97   0.98   0.50   2.96 |  -0.36   0.37   0.23
 27 -0.68  1.0  0.0000       2.422  0.0E+00   0.00 |  -0.04   0.05   0.49   1.88 |  -0.01   0.02  -0.48
 28 -0.54  1.0  0.0000       2.574  0.0E+00   0.02 |   0.02  -0.03  -1.49   2.72 |  -0.00  -0.00  -0.44
 23  0.42  1.0  0.0000       2.651  0.0E+00   0.00 |   0.44  -0.44   0.69   2.34 |   0.47  -0.47   0.50
 21 -0.48  1.0  0.0000       2.891  0.0E+00   0.00 |   0.45  -0.45   0.48   2.19 |   0.50  -0.50   0.50
 24  0.84  1.0  0.0000       2.896  0.0E+00   0.00 |  -0.04   0.05   0.52   2.33 |  -0.01   0.01  -0.48
 25 -0.20  1.0  0.0000       3.658  0.0E+00   0.00 |  -0.54   0.53   0.50   2.18 |  -0.50   0.50   0.49
 22 -0.45  1.0  0.0000       5.757  0.0E+00   0.00 |   0.00  -0.00  -2.94   3.96 |  -0.00   0.00  -0.50
----------------------------------------------------------------------------------------------------------
---------------------------------Quasiparticles---------------------------------
Block 1:  P=+1  neutrons
  N      Eqp       f_n      |   U   V  |   B  P  ov_TR |    JxT    JyT    Jz
________________________________________________________________________________
  1    -23.23      0.00E+00 |    1   0 |   -  -  0.000 |    0.00   0.00   0.50
  2    -15.20      0.00E+00 |    0  16 |   -  -  0.000 |    0.00   0.00   3.26
  3    -13.96      0.00E+00 |    0  19 |   -  -  0.000 |    0.00   0.00  -1.34
  4    -13.54      0.00E+00 |    0   8 |   -  -  0.000 |    0.00   0.00  -0.51
  5    -13.43      0.00E+00 |    0  20 |   -  -  0.000 |    0.00   0.00  -0.50
  6    -13.14      0.00E+00 |    0  14 |   -  -  0.000 |    0.00   0.00  -1.15
  7    -12.63      0.00E+00 |    0  17 |   -  -  0.000 |    0.00   0.00   1.47
  8    -12.46      0.00E+00 |    0  18 |   -  -  0.000 |    0.00   0.00  -0.47
  9    -12.19      0.00E+00 |    9   0 |   -  -  0.000 |    0.00   0.00   0.50
 10    -11.73      0.00E+00 |    0  13 |   -  -  0.000 |    0.00   0.00   1.49
 11    -11.12      0.00E+00 |    0  15 |   -  -  0.000 |    0.00   0.00  -0.50
 12     -9.79      0.00E+00 |   10   7 |   -  -  0.000 |    0.00   0.00   1.42
 13     -9.75      0.00E+00 |   10   7 |   -  -  0.000 |    0.00   0.00  -1.42
 14     -8.30      0.00E+00 |    0   6 |   -  -  0.000 |    0.00   0.00  -0.50
 15     -7.35      0.00E+00 |    0  12 |   -  -  0.000 |    0.00   0.00  -0.50
 16     -5.21      0.00E+00 |   11  11 |   -  -  0.000 |    0.00   0.00   0.47
 17     -5.01      0.00E+00 |   11   5 |   -  -  0.000 |    0.00   0.00  -0.47
 18     -3.47      0.00E+00 |    4   4 |   -  -  0.000 |    0.00   0.00  -2.32
 19     -1.92      0.00E+00 |    2   2 |   -  -  0.000 |    0.00   0.00   0.22
 20     -1.88      0.00E+00 |    3   3 |   -  -  0.000 |    0.00   0.00   0.76
 21      1.88      1.00E+00 |    3   3 |   -  -  0.000 |    0.00   0.00  -0.76
 22      1.92      1.00E+00 |    2   2 |   -  -  0.000 |    0.00   0.00  -0.22
 23      3.47      1.00E+00 |    4   4 |   -  -  0.000 |    0.00   0.00   2.32
 24      5.01      1.00E+00 |    5  11 |   -  -  0.000 |    0.00   0.00   0.47
 25      5.21      1.00E+00 |   11  11 |   -  -  0.000 |    0.00   0.00  -0.47
 26      7.35      1.00E+00 |   12   0 |   -  -  0.000 |    0.00   0.00   0.50
 27      8.30      1.00E+00 |    6   0 |   -  -  0.000 |    0.00   0.00   0.50
 28      9.75      1.00E+00 |    7  10 |   -  -  0.000 |    0.00   0.00   1.42
 29      9.79      1.00E+00 |    7  10 |   -  -  0.000 |    0.00   0.00  -1.42
 30     11.12      1.00E+00 |   15   0 |   -  -  0.000 |    0.00   0.00   0.50
 31     11.73      1.00E+00 |   13   0 |   -  -  0.000 |    0.00   0.00  -1.49
 32     12.19      1.00E+00 |    0   9 |   -  -  0.000 |    0.00   0.00  -0.50
 33     12.46      1.00E+00 |   18   0 |   -  -  0.000 |    0.00   0.00   0.47
 34     12.63      1.00E+00 |   17   0 |   -  -  0.000 |    0.00   0.00  -1.47
 35     13.14      1.00E+00 |   14   0 |   -  -  0.000 |    0.00   0.00   1.15
 36     13.43      1.00E+00 |   20   0 |   -  -  0.000 |    0.00   0.00   0.50
 37     13.54      1.00E+00 |    8   0 |   -  -  0.000 |    0.00   0.00   0.51
 38     13.96      1.00E+00 |   19   0 |   -  -  0.000 |    0.00   0.00   1.34
 39     15.20      1.00E+00 |   16   0 |   -  -  0.000 |    0.00   0.00  -3.26
 40     23.23      1.00E+00 |    0   1 |   -  -  0.000 |    0.00   0.00  -0.50

Block 5:  P=+1   protons
  N      Eqp       f_n      |   U   V  |   B  P  ov_TR |    JxT    JyT    Jz
________________________________________________________________________________
  1    -22.83      0.00E+00 |   21   0 |   -  -  0.000 |    0.00   0.00   0.50
  2    -13.67      0.00E+00 |    0  36 |   -  -  0.000 |    0.00   0.00   2.92
  3    -11.98      0.00E+00 |   29   0 |   -  -  0.000 |    0.00   0.00   0.50
  4    -11.57      0.00E+00 |    0  40 |   -  -  0.000 |    0.00   0.00  -0.50
  5    -10.96      0.00E+00 |    0  34 |   -  -  0.000 |    0.00   0.00  -0.30
  6    -10.96      0.00E+00 |    0  35 |   -  -  0.000 |    0.00   0.00  -0.51
  7    -10.75      0.00E+00 |    0  33 |   -  -  0.000 |    0.00   0.00   1.23
  8    -10.49      0.00E+00 |    0  39 |   -  -  0.000 |    0.00   0.00  -0.51
  9    -10.40      0.00E+00 |    0  38 |   -  -  0.000 |    0.00   0.00  -0.50
 10    -10.17      0.00E+00 |    0  28 |   -  -  0.000 |    0.00   0.00  -0.47
 11     -9.91      0.00E+00 |    0  37 |   -  -  0.000 |    0.00   0.00   1.47
 12     -9.51      0.00E+00 |   30   0 |   -  -  0.000 |    0.00   0.00  -1.50
 13     -9.27      0.00E+00 |    0  27 |   -  -  0.000 |    0.00   0.00   1.39
 14     -7.77      0.00E+00 |    0  26 |   -  -  0.000 |    0.00   0.00  -0.50
 15     -5.88      0.00E+00 |    0  32 |   -  -  0.000 |    0.00   0.00  -0.49
 16     -5.09      0.00E+00 |   31  31 |   -  -  0.000 |    0.00   0.00   0.47
 17     -4.66      0.00E+00 |   25  25 |   -  -  0.000 |    0.00   0.00  -0.48
 18     -3.51      0.00E+00 |   24  24 |   -  -  0.000 |    0.00   0.00  -2.30
 19     -2.00      0.00E+00 |   22  22 |   -  -  0.000 |    0.00   0.00   0.21
 20     -1.98      0.00E+00 |   23  23 |   -  -  0.000 |    0.00   0.00   0.75
 21      1.98      1.00E+00 |   23  23 |   -  -  0.000 |    0.00   0.00  -0.75
 22      2.00      1.00E+00 |   22  22 |   -  -  0.000 |    0.00   0.00  -0.21
 23      3.51      1.00E+00 |   24  24 |   -  -  0.000 |    0.00   0.00   2.30
 24      4.66      1.00E+00 |   25  25 |   -  -  0.000 |    0.00   0.00   0.48
 25      5.09      1.00E+00 |   31  31 |   -  -  0.000 |    0.00   0.00  -0.47
 26      5.88      1.00E+00 |   32   0 |   -  -  0.000 |    0.00   0.00   0.49
 27      7.77      1.00E+00 |   26   0 |   -  -  0.000 |    0.00   0.00   0.50
 28      9.27      1.00E+00 |   27   0 |   -  -  0.000 |    0.00   0.00  -1.39
 29      9.51      1.00E+00 |    0  30 |   -  -  0.000 |    0.00   0.00   1.50
 30      9.91      1.00E+00 |   37   0 |   -  -  0.000 |    0.00   0.00  -1.47
 31     10.17      1.00E+00 |   28   0 |   -  -  0.000 |    0.00   0.00   0.47
 32     10.40      1.00E+00 |   38   0 |   -  -  0.000 |    0.00   0.00   0.50
 33     10.49      1.00E+00 |   39   0 |   -  -  0.000 |    0.00   0.00   0.51
 34     10.75      1.00E+00 |   33   0 |   -  -  0.000 |    0.00   0.00  -1.23
 35     10.96      1.00E+00 |   35   0 |   -  -  0.000 |    0.00   0.00   0.51
 36     10.96      1.00E+00 |   34   0 |   -  -  0.000 |    0.00   0.00   0.30
 37     11.57      1.00E+00 |   40   0 |   -  -  0.000 |    0.00   0.00   0.50
 38     11.98      1.00E+00 |    0  29 |   -  -  0.000 |    0.00   0.00  -0.50
 39     13.67      1.00E+00 |   36   0 |   -  -  0.000 |    0.00   0.00  -2.92
 40     22.83      1.00E+00 |    0  21 |   -  -  0.000 |    0.00   0.00  -0.50

--------------------------------------------------------------------------------
------------------------ Electric Multipole Moments -------------------------
Quantisation Axis             : Z
  With secondary axis ordering: X,Y
  Calculated wrt to COM = (   0.000   0.000   0.000)
______________________________________________________________________________
                   Neutrons        Protons          Charge         Total
______________________________________________________________________________
 Particles           10.0000         10.0000          9.9999         20.0000

Re  Q_{ 1 0}         -0.0236          0.0237          0.0233          0.0001
Constrained                                                           0.0000
Re De_{ 1 0}                                                   0.9396317E-04
Re La_{ 1 0}                                                         -0.4213

Re  Q_{ 2 0}         10.4453         10.9910         10.9839         21.4363
Re  Q_{ 2 2}          0.0000          0.0000          0.0000          0.0000

Re  Q_{ 3 0}         23.1221         26.8760         26.8224         49.9981
Constrained                                                          50.0000
Re De_{ 3 0}                                                   0.1923721E-02
Re La_{ 3 0}                                                          0.0569
Re  Q_{ 3 2}         -0.0000         -0.0000         -0.0000         -0.0000

Re  Q_{ 4 0}         84.3363        102.9001        102.4435        187.2365
Re  Q_{ 4 2}         -0.0000         -0.0001         -0.0001         -0.0001
Re  Q_{ 4 4}          0.0183          0.0210          0.2377          0.0393

Re  Q_{ 5 0}        353.3921        471.5062        466.1593        824.8983
Re  Q_{ 5 2}         -0.0001         -0.0001         -0.0001         -0.0001
Re  Q_{ 5 4}         -0.1094         -0.1823         -0.1283         -0.2917

Re  Q_{ 6 0}       1459.6538       2213.0019       2151.2221       3672.6557
Re  Q_{ 6 2}         -0.0016         -0.0023         -0.0021         -0.0039
Re  Q_{ 6 4}          0.9196          1.6486          5.0458          2.5682
Re  Q_{ 6 6}          0.0001          0.0003          0.0003          0.0004

Re  Q_{ 7 0}       6330.7920      10048.8615       9661.0371      16379.6535
Re  Q_{ 7 2}         -0.0095         -0.0164         -0.0153         -0.0259
Re  Q_{ 7 4}         -1.8061         -5.2649          4.7739         -7.0710
Re  Q_{ 7 6}          0.0002          0.0046          0.0043          0.0048

Re  Q_{ 8 0}      33295.9505      58333.5593      53625.2739      91629.5098
Re  Q_{ 8 2}          0.0438          0.3189          0.3072          0.3627
Re  Q_{ 8 4}          0.1607          1.4937        124.0942          1.6544
Re  Q_{ 8 6}          0.0275          0.1088          0.1121          0.1362
Re  Q_{ 8 8}        -20.2423        -27.1474        -31.3660        -47.3897

Re  Q_{ 9 0}     149650.5577     268086.1824     241588.9132     417736.7401
Re  Q_{ 9 2}         -0.3521         -0.7321         -0.6855         -1.0842
Re  Q_{ 9 4}        465.1368        896.7274       1574.3349       1361.8642
Re  Q_{ 9 6}         -0.0634         -0.1472         -0.1306         -0.2105
Re  Q_{ 9 8}        158.6379         52.3511        147.3780        210.9890

Re  Q_{10 0}     810833.9520    1533015.5022    1258936.0529    2343849.4542
Re  Q_{10 2}         -0.9027         -0.2846         -0.2089         -1.1874
Re  Q_{10 4}        764.6458       7497.9666       9595.1851       8262.6123
Re  Q_{10 6}          0.1968          1.2090          2.5221          1.4059
Re  Q_{10 8}      -1548.2941       6480.5985       4175.6681       4932.3044
Re  Q_{1010}         -0.2311         -0.5420         -0.6829         -0.7732

 RMS radius           2.8797          2.9192          2.9846          2.8995
 Fourth mom.          3.2210          3.2858          3.3633          3.2539
______________________________________________________________________________
                   Neutrons        Protons          Charge         Total
______________________________________________________________________________


Beta_{ 2 0}       0.20618746      0.21696106      0.21681962      0.42314852
Beta_{ 2 2}       0.00000002      0.00000001      0.00000001      0.00000003

Beta_{ 3 0}       0.14012378      0.16287311      0.16254857      0.30299689
Beta_{ 3 2}      -0.00000003     -0.00000004     -0.00000004     -0.00000006

Beta_{ 4 0}       0.15690678      0.19144449      0.19059491      0.34835127
Beta_{ 4 2}      -0.00000006     -0.00000016     -0.00000016     -0.00000022
Beta_{ 4 4}       0.00003406      0.00003906      0.00044221      0.00007312

Beta_{ 5 0}       0.20184864      0.26931248      0.26625848      0.47116113
Beta_{ 5 2}      -0.00000004     -0.00000004     -0.00000004     -0.00000008
Beta_{ 5 4}      -0.00006247     -0.00010411     -0.00007329     -0.00016658

Beta_{ 6 0}       0.25595346      0.38805469      0.37722146      0.64400814
Beta_{ 6 2}      -0.00000028     -0.00000040     -0.00000037     -0.00000068
Beta_{ 6 4}       0.00016126      0.00028909      0.00088479      0.00045034
Beta_{ 6 6}       0.00000002      0.00000005      0.00000005      0.00000007

Beta_{ 7 0}       0.34080918      0.54096616      0.52008818      0.88177533
Beta_{ 7 2}      -0.00000051     -0.00000088     -0.00000083     -0.00000139
Beta_{ 7 4}      -0.00009723     -0.00028343      0.00025700     -0.00038066
Beta_{ 7 6}       0.00000001      0.00000025      0.00000023      0.00000026

Beta_{ 8 0}       0.55028382      0.96408161      0.88626755      1.51436543
Beta_{ 8 2}       0.00000072      0.00000527      0.00000508      0.00000599
Beta_{ 8 4}       0.00000266      0.00002469      0.00205091      0.00002734
Beta_{ 8 6}       0.00000045      0.00000180      0.00000185      0.00000225
Beta_{ 8 8}      -0.00033455     -0.00044867     -0.00051839     -0.00078321

Beta_{ 9 0}       0.75930411      1.36022841      1.22578531      2.11953253
Beta_{ 9 2}      -0.00000179     -0.00000371     -0.00000348     -0.00000550
Beta_{ 9 4}       0.00236003      0.00454986      0.00798794      0.00690989
Beta_{ 9 6}      -0.00000032     -0.00000075     -0.00000066     -0.00000107
Beta_{ 9 8}       0.00080490      0.00026562      0.00074777      0.00107053

Beta_{10 0}       1.26302349      2.38795450      1.96102519      3.65097799
Beta_{10 2}      -0.00000141     -0.00000044     -0.00000033     -0.00000185
Beta_{10 4}       0.00119108      0.01167947      0.01494627      0.01287054
Beta_{10 6}       0.00000031      0.00000188      0.00000393      0.00000219
Beta_{10 8}      -0.00241175      0.01009473      0.00650437      0.00768297
Beta_{1010}      -0.00000036     -0.00000084     -0.00000106     -0.00000120


______________________________________________________________________________
                   Neutrons        Protons          Charge         Total
______________________________________________________________________________
Q_{ 1}                0.0236          0.0237          0.0233          0.0001
Q_{ 2}               10.4453         10.9910         10.9839         21.4363
Q_{ 3}               23.1221         26.8760         26.8224         49.9981
Q_{ 4}               84.3363        102.9001        102.4440        187.2365
Q_{ 5}              353.3921        471.5063        466.1594        824.8984
Q_{ 6}             1459.6544       2213.0031       2151.2339       3672.6575
Q_{ 7}             6330.7925      10048.8643       9661.0395      16379.6566
Q_{ 8}            33295.9628      58333.5720      53625.5795      91629.5343
Q_{ 9}           149652.1716     268089.1921     241599.2622     417741.2864
Q_{10}           810837.6295    1533079.5691    1259023.0311    2343888.9608
______________________________________________________________________________
                   Neutrons        Protons          Charge         Total
______________________________________________________________________________
Beta_{   1}       0.00151717      0.00152321      0.00149922      0.00000604
Beta_{   2}       0.20618746      0.21696106      0.21681962      0.42314852
Beta_{   3}       0.14012378      0.16287311      0.16254857      0.30299689
Beta_{   4}       0.15690679      0.19144450      0.19059594      0.34835129
Beta_{   5}       0.20184866      0.26931252      0.26625850      0.47116118
Beta_{   6}       0.25595356      0.38805490      0.37722354      0.64400846
Beta_{   7}       0.34080921      0.54096630      0.52008831      0.88177550
Beta_{   8}       0.55028402      0.96408182      0.88627260      1.51436583
Beta_{   9}       0.75931230      1.36024368      1.22583782      2.11955559
Beta_{  10}       1.26302921      2.38805430      1.96116067      3.65103953
______________________________________________________________________________
 Cart. Moments X              Y              Z
 Cart. N      -16.5591970    -16.5592059     33.1184029
 Cart. P      -17.4244427    -17.4244461     34.8488888
 Cart. T      -33.9836397    -33.9836520     67.9672917
 (Q, gamma)    Q              Gamma
 (Q,g) N       33.1184029      0.0000089
 (Q,g) P       34.8488888      0.0000032
 (Q,g) T       67.9672917      0.0000060
 (iq1, iq2)    iq1            iq2
 iq    N       33.1183999      0.0000060
 iq    P       34.8488877      0.0000023
 iq    T       67.9672876      0.0000083
               X^2            Y^2            Z^2
 X^2_i N       22.1227379     22.1227350     38.6819379
 X^2_i P       22.5981593     22.5981582     40.0226032
 X^2_i T       44.7208973     44.7208931     78.7045411
----------------------------------------------------------------------------
----------------------- Box Size Check -------------------------
 Xmax = (nx+0.5)dx =  9.200 fm,  max(rho(X=Xmax)) =    3.253E-07
 Ymax = (ny+0.5)dx =  9.200 fm,  max(rho(Y=Ymax)) =    3.253E-07
 Zmax = (nz+0.5)dx =  9.200 fm,  max(rho(Z=Zmax)) =    8.643E-05
 Zmin =-(nz+0.5)dx = -9.200fm,  max(rho(Z=Zmin)) =    1.469E-05
---------------------Rotational properties--------------------
                Rigid rotor          (hbar^2/MeV)
              n              p              t 
 I_R X       1.4661961      1.5099878      2.9761839
 I_R Y       1.4661962      1.5099878      2.9761840
 I_R Z       1.0669006      1.0898285      2.1567290

                Belyaev                 (hbar^2/MeV) 
              n              p              t 
 I_B X       0.6127351      0.5871959      1.1999310
 I_B Y       0.6127346      0.5871957      1.1999303
 I_B Z       0.0000178      0.0000271      0.0000449

                Belyaev (collective)    (hbar^2/MeV) 
              n              p              t 
 I_B X       0.6127351      0.5871959      1.1999310
 I_B Y       0.6127346      0.5871957      1.1999303
 I_B Z       0.0000178      0.0000271      0.0000449

                 <J^2> - <J>^2          (hbar^2)
              n              p              t 
 J2_X        1.5706088      1.5781762      3.1487850
 J2_Y        1.5706076      1.5781757      3.1487833
 J2_Z        0.0001170      0.0001700      0.0002871
 J2_t        3.1413334      3.1565219      6.2978553

                 <J^2> - <J>^2 (coll.)  (hbar^2)
              n              p              t 
 J2_X        1.5706088      1.5781762      3.1487850
 J2_Y        1.5706076      1.5781757      3.1487833
 J2_Z        0.0001170      0.0001700      0.0002871
 J2_t        3.1413334      3.1565219      6.2978553
------------------------- Angular Momentum (hbar) --------------------------

               Spwfs(*)    Desired     Omega       E (MeV)      Densit. 
  __________________________________________________________________________
   J_x   |     0.00000     0.00000     0.00000     0.00000     0.00000
   J_y   |     0.00000     0.00000     0.00000     0.00000     0.00000
   J_z   |     0.00000     0.00000     0.00000     0.00000     0.00000
  __________________________________________________________________________
   Size  |     0.00000     0.00000     0.00000                 0.00000
  --------------------------------------------------------------------------
-------------------------- Pairing -------------------------
                          N         P 
 Fermi Level (MeV)    -12.03310470    -7.91329213
 Particles             10.00000000    10.00000000
 Dispersion             1.81216543     1.86715596
 Average gap   v^2      0.65160842     0.69817644
 Average gap   uv       1.49427600     1.55286292
------------------------------------------------------------
--------------------------------------------------------------------------------
 Skyrme Energy                Isospin  1 2 3 4                   Energy [MeV]
--------------------------------------------------------------------------------
E_D_I_I_D_I_I                          0 0                      -1295.233254
E_D_I_I_D_I_I                          1 1                          0.051610
E_D_I_I_D_I_I_D_I_I                    0 0 0                      735.723374
E_D_I_I_D_I_I_D_I_I                    0 1 1                       -0.026215
E_D_I_I_D_Nm_Nm                        0 0                         27.742259
E_D_I_I_D_Nm_Nm                        1 1                         -0.003037
E_D_I_I_Lap_D_I_I                      0 0                         58.138171
E_D_I_I_Lap_D_I_I                      1 1                          0.001409
E_C_I_NmSk_C_I_NmSk                    0 0                         -0.000000
E_C_I_NmSk_C_I_NmSk                    1 1                         -0.000000
E_D_I_I_D_I_I_D_Nm_Nm                  0 0 0                        0.000000
E_D_I_I_D_I_I_D_Nm_Nm                  0 1 1                       -0.000000
E_D_I_I_D_I_I_D_Nm_Nm                  0 0 0                        0.000000
E_D_I_I_D_I_I_D_Nm_Nm                  0 1 1                        0.000000
E_D_I_I_Derm_D_I_I_Derm_D_I_I          0 0 0                        0.000000
E_D_I_I_Derm_D_I_I_Derm_D_I_I          0 1 1                       -0.000000
E_D_I_I_Derm_D_I_I_Derm_D_I_I          0 0 0                       -0.000000
E_D_I_I_Derm_D_I_I_Derm_D_I_I          0 1 1                       -0.000000
E_D_I_I_Derm_D_I_I_D_I_I_Derm_D_I_I    0 0 0 0                      0.000000
E_D_I_I_Derm_D_I_I_D_I_I_Derm_D_I_I    0 0 1 1                     -0.000000
E_D_I_I_Derm_C_I_NxmSxm                0 0                        -10.755383
E_D_I_I_Derm_C_I_NxmSxm                1 1                         -0.000446
E_DP_I_I_DP_I_I                        n n                         -3.556930
E_DP_I_I_DP_I_I                        p p                         -3.826736
E_D_I_I_DP_I_I_DP_I_I                  0 n n                        1.494216
E_D_I_I_DP_I_I_DP_I_I                  0 p p                        1.584065
--------------------------------------------------------------------------------
                 Total Skyrme:                                   -488.666896
--------------------------------------------------------------------------------
                    time-even:                                   -488.666896
                    time-odd :                                      0.000000
                    bilinear :                                  -1227.442336
                    trilinear:                                      0.000000
                 quadrilinear:                                      0.000000
            density-dependent:                                    738.775440
--------------------------------------------------------------------------------
--------------------------------------------------------------------------------
                                     neutron        proton         total
                Kinetic Energy:     162.447838     159.122565     321.570404
                    COM 1-body:      -8.122392      -7.956128     -16.078520
                    COM 2-body:       3.211976       3.159932       6.371908
                            ph:       3.187466       3.131518       6.318984
                            pp:       0.024510       0.028414       0.052924
                 Collective T:                                     -2.441427

                 Rotational  T:                                    -2.441427
                 Rotational  X:                                    -1.220224
                 Rotational  Y:                                    -1.220224
                 Rotational  Z:                                    -0.000978

                 Vibrational T:                                     0.000000
                 Vibrational X:                                    -0.000000
                 Vibrational Y:                                    -0.000000
                 Vibrational Z:                                    -0.000000


                Coulomb Direct:       0.000000      23.426410      23.426410
                      Exchange:       0.000000       0.000000       0.000000

               Pairing (delta):      -2.062566      -2.242628      -4.305194
               Pairing (densi):                                    -4.305384
--------------------------------------------------------------------------------
                  Total energy:                                  -155.818122
                    from spwfs:                                  -155.818042
                   E_fu - E_sp:                                -0.794618E-04
                   (no corr.) :                                  -159.748603
                      Routhian:                                  -157.213213
                         dE   :                                -0.416917E-03
                         dR   :                                -0.433016E-03
--------------------------------------------------------------------------------
 Iteration =  101
 dt    =   0.0248      mu   =   0.8304 gradn =    0.000E+00 D2H  =    2.630E-06
 E     =   -155.818    DE   = -0.36449E-06
 R     =   -157.213    DR   = -0.47450E-06
 R-E   =     -1.395  D(R-E) = -0.11426E-06
 dmun  =  5.5E-06      dmup=  6.0E-05
 RQ10t =       0.0001   dQ =  2.9E-06  L =      -0.4213   dL = -1.2E-05  dev =  9.7E-05
 RQ20t =      21.4355   dQ = -7.9E-04  L =       0.0000   dL =  0.0E+00  dev =  0.0E+00
 RQ22t =       0.0000   dQ = -1.1E-07  L =       0.0000   dL =  0.0E+00  dev =  0.0E+00
 RQ30t =      49.9980   dQ = -5.6E-05  L =       0.0569   dL =  9.4E-07  dev =  2.0E-03
 Jz    =       0.0000   dJZ=  0.0E+00 Om =       0.0000   dO =  0.0E+00  dev =  0.0E+00
--------------------------------------------------------------------------------------
 Iteration =  102
 dt    =   0.0248      mu   =   0.8304 gradn =    0.000E+00 D2H  =    2.506E-06
 E     =   -155.818    DE   = -0.35338E-06
 R     =   -157.213    DR   = -0.47167E-06
 R-E   =     -1.395  D(R-E) = -0.12251E-06
 dmun  =  4.3E-06      dmup=  5.9E-05
 RQ10t =       0.0001   dQ =  2.6E-06  L =      -0.4213   dL = -1.2E-05  dev =  9.9E-05
 RQ20t =      21.4348   dQ = -7.7E-04  L =       0.0000   dL =  0.0E+00  dev =  0.0E+00
 RQ22t =       0.0000   dQ = -1.1E-07  L =       0.0000   dL =  0.0E+00  dev =  0.0E+00
 RQ30t =      49.9980   dQ = -2.4E-05  L =       0.0569   dL =  9.5E-07  dev =  2.0E-03
 Jz    =       0.0000   dJZ=  0.0E+00 Om =       0.0000   dO =  0.0E+00  dev =  0.0E+00
--------------------------------------------------------------------------------------
 Iteration =  103
 dt    =   0.0248      mu   =   0.8304 gradn =    0.000E+00 D2H  =    2.388E-06
 E     =   -155.818    DE   = -0.34307E-06
 R     =   -157.213    DR   = -0.46713E-06
 R-E   =     -1.395  D(R-E) = -0.12825E-06
 dmun  =  3.3E-06      dmup=  5.7E-05
 RQ10t =       0.0001   dQ =  2.1E-06  L =      -0.4213   dL = -1.2E-05  dev =  1.0E-04
 RQ20t =      21.4340   dQ = -7.4E-04  L =       0.0000   dL =  0.0E+00  dev =  0.0E+00
 RQ22t =       0.0000   dQ = -9.5E-08  L =       0.0000   dL =  0.0E+00  dev =  0.0E+00
 RQ30t =      49.9980   dQ =  5.2E-06  L =       0.0569   dL =  9.5E-07  dev =  2.0E-03
 Jz    =       0.0000   dJZ=  0.0E+00 Om =       0.0000   dO =  0.0E+00  dev =  0.0E+00
--------------------------------------------------------------------------------------
 Iteration =  104
 dt    =   0.0248      mu   =   0.8304 gradn =    0.000E+00 D2H  =    2.276E-06
 E     =   -155.818    DE   = -0.33374E-06
 R     =   -157.214    DR   = -0.46127E-06
 R-E   =     -1.395  D(R-E) = -0.13166E-06
 dmun  =  2.5E-06      dmup=  5.6E-05
 RQ10t =       0.0001   dQ =  1.6E-06  L =      -0.4213   dL = -1.3E-05  dev =  1.0E-04
 RQ20t =      21.4333   dQ = -7.2E-04  L =       0.0000   dL =  0.0E+00  dev =  0.0E+00
 RQ22t =       0.0000   dQ = -9.4E-08  L =       0.0000   dL =  0.0E+00  dev =  0.0E+00
 RQ30t =      49.9980   dQ =  3.0E-05  L =       0.0569   dL =  9.3E-07  dev =  2.0E-03
 Jz    =       0.0000   dJZ=  0.0E+00 Om =       0.0000   dO =  0.0E+00  dev =  0.0E+00
--------------------------------------------------------------------------------------
 Iteration =  105
 dt    =   0.0248      mu   =   0.8304 gradn =    0.000E+00 D2H  =    2.169E-06
 E     =   -155.818    DE   = -0.32554E-06
 R     =   -157.214    DR   = -0.45441E-06
 R-E   =     -1.395  D(R-E) = -0.13294E-06
 dmun  =  1.8E-06      dmup=  5.4E-05
 RQ10t =       0.0001   dQ =  1.1E-06  L =      -0.4213   dL = -1.3E-05  dev =  1.0E-04
 RQ20t =      21.4326   dQ = -7.0E-04  L =       0.0000   dL =  0.0E+00  dev =  0.0E+00
 RQ22t =       0.0000   dQ = -8.9E-08  L =       0.0000   dL =  0.0E+00  dev =  0.0E+00
 RQ30t =      49.9981   dQ =  5.2E-05  L =       0.0569   dL =  9.1E-07  dev =  1.9E-03
 Jz    =       0.0000   dJZ=  0.0E+00 Om =       0.0000   dO =  0.0E+00  dev =  0.0E+00
--------------------------------------------------------------------------------------
 Iteration =  106
 dt    =   0.0248      mu   =   0.8304 gradn =    0.000E+00 D2H  =    2.067E-06
 E     =   -155.818    DE   = -0.31865E-06
 R     =   -157.214    DR   = -0.44687E-06
 R-E   =     -1.395  D(R-E) = -0.13222E-06
 dmun  =  1.4E-06      dmup=  5.3E-05
 RQ10t =       0.0001   dQ =  5.9E-07  L =      -0.4214   dL = -1.3E-05  dev =  1.0E-04
 RQ20t =      21.4319   dQ = -6.8E-04  L =       0.0000   dL =  0.0E+00  dev =  0.0E+00
 RQ22t =       0.0000   dQ = -8.4E-08  L =       0.0000   dL =  0.0E+00  dev =  0.0E+00
 RQ30t =      49.9982   dQ =  7.0E-05  L =       0.0569   dL =  8.7E-07  dev =  1.8E-03
 Jz    =       0.0000   dJZ=  0.0E+00 Om =       0.0000   dO =  0.0E+00  dev =  0.0E+00
--------------------------------------------------------------------------------------
 Iteration =  107
 dt    =   0.0248      mu   =   0.8304 gradn =    0.000E+00 D2H  =    1.970E-06
 E     =   -155.818    DE   = -0.31305E-06
 R     =   -157.214    DR   = -0.43887E-06
 R-E   =     -1.395  D(R-E) = -0.12975E-06
 dmun  =  1.0E-06      dmup=  5.1E-05
 RQ10t =       0.0001   dQ =  6.6E-08  L =      -0.4214   dL = -1.3E-05  dev =  1.0E-04
 RQ20t =      21.4313   dQ = -6.6E-04  L =       0.0000   dL =  0.0E+00  dev =  0.0E+00
 RQ22t =       0.0000   dQ = -8.0E-08  L =       0.0000   dL =  0.0E+00  dev =  0.0E+00
 RQ30t =      49.9982   dQ =  8.3E-05  L =       0.0569   dL =  8.4E-07  dev =  1.8E-03
 Jz    =       0.0000   dJZ=  0.0E+00 Om =       0.0000   dO =  0.0E+00  dev =  0.0E+00
--------------------------------------------------------------------------------------
 Iteration =  108
 dt    =   0.0248      mu   =   0.8304 gradn =    0.000E+00 D2H  =    1.877E-06
 E     =   -155.819    DE   = -0.30854E-06
 R     =   -157.214    DR   = -0.43048E-06
 R-E   =     -1.395  D(R-E) = -0.12580E-06
 dmun  =  7.2E-07      dmup=  5.0E-05
 RQ10t =       0.0001   dQ = -4.2E-07  L =      -0.4214   dL = -1.3E-05  dev =  1.0E-04
 RQ20t =      21.4306   dQ = -6.4E-04  L =       0.0000   dL =  0.0E+00  dev =  0.0E+00
 RQ22t =       0.0000   dQ = -7.5E-08  L =       0.0000   dL =  0.0E+00  dev =  0.0E+00
 RQ30t =      49.9983   dQ =  9.4E-05  L =       0.0569   dL =  7.9E-07  dev =  1.7E-03
 Jz    =       0.0000   dJZ=  0.0E+00 Om =       0.0000   dO =  0.0E+00  dev =  0.0E+00
--------------------------------------------------------------------------------------
 Iteration =  109
 dt    =   0.0248      mu   =   0.8304 gradn =    0.000E+00 D2H  =    1.789E-06
 E     =   -155.819    DE   = -0.30499E-06
 R     =   -157.214    DR   = -0.42180E-06
 R-E   =     -1.395  D(R-E) = -0.12059E-06
 dmun  =  4.6E-07      dmup=  4.9E-05
 RQ10t =       0.0001   dQ = -8.4E-07  L =      -0.4214   dL = -1.3E-05  dev =  1.0E-04
 RQ20t =      21.4300   dQ = -6.2E-04  L =       0.0000   dL =  0.0E+00  dev =  0.0E+00
 RQ22t =       0.0000   dQ = -7.1E-08  L =       0.0000   dL =  0.0E+00  dev =  0.0E+00
 RQ30t =      49.9984   dQ =  1.0E-04  L =       0.0569   dL =  7.4E-07  dev =  1.6E-03
 Jz    =       0.0000   dJZ=  0.0E+00 Om =       0.0000   dO =  0.0E+00  dev =  0.0E+00
--------------------------------------------------------------------------------------
--------------------------------------------------------------------------------------
                              Iteration =   110

--------------------- Hartree-Fock basis-------------------------------------------------------------------
__________________________________________________________________________________________________________
   Neutron wavefunctions
  i     P   Rz   occ          E       d2h    Delta |   JxT    JyT    Jz      J   |   SxT    SyT    Sz
----------------------------------------------------------------------------------------------------------
  1  0.99  1.0  1.0000     -35.261  2.0E-08   0.00 |  -0.50   0.50   0.50   0.52 |  -0.50   0.50   0.50
  9 -0.99  1.0  1.0000     -24.221  8.1E-08   0.01 |  -0.87   0.87   0.50   1.46 |  -0.45   0.45   0.40
 10 -0.98  1.0  0.9999     -21.780  2.7E-08   0.14 |  -0.00   0.00  -1.50   1.53 |   0.00   0.00  -0.50
 11 -0.91  1.0  0.9810     -17.046  1.6E-07   1.42 |   0.31  -0.31   0.50   0.78 |  -0.06   0.06  -0.39
  2  0.88  1.0  0.7226     -12.893  3.1E-07   1.73 |  -1.15   1.15   0.50   2.22 |  -0.41   0.41   0.31
  3  0.97  1.0  0.2458     -11.075  8.9E-08   1.62 |  -0.00   0.00  -1.50   2.50 |  -0.00   0.00  -0.42
  4  0.95  1.0  0.0356      -8.814  3.6E-08   1.28 |   0.00  -0.00   2.50   2.54 |  -0.00   0.00   0.50
  5  0.80  1.0  0.0132      -7.152  2.1E-06   1.13 |  -0.61   0.61   0.50   1.65 |  -0.34   0.34   0.17
 12 -0.08  1.0  0.0009      -4.707  1.6E-02   0.41 |  -0.49   0.49   0.50   2.37 |  -0.47   0.47   0.44
  6  0.70  1.0  0.0010      -3.736  1.6E-02   0.43 |   0.49  -0.49   0.50   1.91 |  -0.27   0.27   0.03
  7  0.68  1.0  0.0000      -2.249  6.2E-06   0.10 |   0.00  -0.00  -1.49   1.97 |   0.00  -0.00   0.35
 15 -0.76  1.0  0.0000      -0.912  1.7E-04   0.05 |  -1.09   1.08   0.50   2.99 |  -0.36   0.36   0.23
 13 -0.68  1.0  0.0000      -0.305  3.4E-05   0.01 |  -0.00   0.00  -1.49   2.65 |   0.00  -0.00  -0.42
 18 -0.33  1.0  0.0000       0.428  1.5E-03   0.01 |  -0.02   0.02   0.47   1.78 |  -0.01   0.02  -0.47
 17 -0.12  1.0  0.0000       0.595  4.7E-03   0.01 |   0.04  -0.04  -1.47   2.78 |   0.00  -0.00  -0.42
 14 -0.31  1.0  0.0000       1.101  9.3E-03   0.01 |   0.43  -0.43   1.13   2.64 |   0.41  -0.41   0.49
 20 -0.23  1.0  0.0000       1.399  1.5E-03   0.01 |  -0.66   0.66   0.50   2.16 |  -0.47   0.47   0.43
  8  0.46  1.0  0.0000       1.507  1.9E-03   0.00 |  -0.15   0.16   0.51   2.46 |  -0.03   0.03  -0.44
 19 -0.81  1.0  0.0000       1.918  1.9E-02   0.00 |   0.08  -0.08   1.31   2.85 |   0.18  -0.18   0.45
 16 -0.74  1.0  0.0000       3.160  3.4E-03   0.00 |   0.01  -0.01  -3.25   3.66 |  -0.01   0.01  -0.49
__________________________________________________________________________________________________________
   Proton  wavefunctions
  i     P   Rz   occ          E       d2h    Delta |   JxT    JyT    Jz      J   |   SxT    SyT    Sz
----------------------------------------------------------------------------------------------------------
 21  0.99  1.0  1.0000     -30.741  2.1E-08   0.00 |  -0.50   0.50   0.50   0.52 |  -0.50   0.50   0.50
 29 -0.99  1.0  1.0000     -19.892  1.1E-07   0.02 |  -0.87   0.87   0.50   1.46 |  -0.45   0.45   0.40
 30 -0.98  1.0  0.9999     -17.424  2.4E-08   0.19 |  -0.00   0.00  -1.50   1.53 |   0.00   0.00  -0.50
 31 -0.91  1.0  0.9773     -12.778  2.5E-07   1.52 |   0.30  -0.30   0.50   0.79 |  -0.06   0.06  -0.39
 22  0.86  1.0  0.7161      -8.786  3.8E-07   1.81 |  -1.13   1.13   0.50   2.21 |  -0.41   0.41   0.32
 23  0.97  1.0  0.2489      -6.918  9.3E-08   1.71 |  -0.00   0.00  -1.50   2.50 |  -0.00   0.00  -0.42
 24  0.95  1.0  0.0390      -4.677  3.4E-08   1.36 |   0.00  -0.00   2.50   2.54 |   0.00  -0.00   0.50
 25  0.57  1.0  0.0137      -3.385  5.4E-05   1.04 |  -0.63   0.63   0.50   2.04 |  -0.35   0.35   0.20
 32 -0.03  1.0  0.0025      -2.075  5.4E-05   0.49 |  -0.57   0.57   0.50   2.41 |  -0.49   0.49   0.49
 26  0.82  1.0  0.0025      -0.186  3.8E-06   0.69 |   0.61  -0.61   0.50   1.67 |  -0.23   0.23  -0.03
 27  0.66  1.0  0.0001       1.359  1.0E-04   0.14 |  -0.00   0.00  -1.39   2.00 |   0.04  -0.04   0.34
 37 -0.32  1.0  0.0000       1.999  3.2E-03   0.04 |   0.06  -0.06  -1.47   2.25 |   0.00  -0.00  -0.48
 28  0.20  1.0  0.0000       2.249  7.0E-03   0.06 |   0.05  -0.04   0.47   1.94 |  -0.02   0.02  -0.46
 38 -0.48  1.0  0.0000       2.461  6.3E-02   0.04 |  -0.45   0.46   0.50   2.63 |  -0.17   0.17  -0.16
 39 -0.74  1.0  0.0000       2.577  7.3E-03   0.02 |   0.44  -0.44   0.50   2.27 |   0.46  -0.46   0.48
 33  0.32  1.0  0.0000       2.820  3.6E-02   0.01 |   0.36  -0.37  -1.21   2.95 |   0.08  -0.08  -0.30
 34  0.74  1.0  0.0000       3.035  2.1E-02   0.02 |   0.08  -0.08   0.26   2.23 |   0.39  -0.39   0.38
 35 -0.31  1.0  0.0000       3.070  7.3E-02   0.03 |  -0.76   0.76   0.51   2.62 |  -0.20   0.21  -0.09
 40 -0.19  1.0  0.0000       3.669  1.8E-02   0.02 |  -0.54   0.54   0.50   2.19 |  -0.49   0.49   0.48
 36 -0.45  1.0  0.0000       5.758  1.4E-03   0.00 |   0.00  -0.00  -2.92   3.96 |  -0.00   0.00  -0.50
----------------------------------------------------------------------------------------------------------
--------------------- Canonical    basis-------------------------------------------------------------------
__________________________________________________________________________________________________________
   Neutron wavefunctions
  i     P   Rz   occ          E       d2h    Delta |   JxT    JyT    Jz      J   |   SxT    SyT    Sz
----------------------------------------------------------------------------------------------------------
 20  0.99  1.0  2.0000     -35.261  0.0E+00   0.00 |  -0.50   0.50   0.50   0.52 |  -0.50   0.50   0.50
 19 -0.99  1.0  2.0000     -24.221  0.0E+00   0.01 |  -0.87   0.87   0.50   1.46 |  -0.45   0.45   0.40
 18 -0.98  1.0  1.9999     -21.780  0.0E+00   0.14 |  -0.00   0.00  -1.50   1.53 |   0.00   0.00  -0.50
 17 -0.92  1.0  1.9620     -17.045  0.0E+00   1.42 |   0.31  -0.31   0.50   0.77 |  -0.06   0.06  -0.39
 16  0.89  1.0  1.4453     -12.893  0.0E+00   1.73 |  -1.16   1.16   0.50   2.22 |  -0.41   0.41   0.31
 15  0.97  1.0  0.4917     -11.075  0.0E+00   1.62 |  -0.00   0.00  -1.50   2.50 |  -0.00   0.00  -0.42
 14  0.95  1.0  0.0711      -8.814  0.0E+00   1.28 |   0.00  -0.00   2.50   2.54 |  -0.00   0.00   0.50
 13  0.83  1.0  0.0270      -7.060  0.0E+00   1.18 |  -0.42   0.42   0.50   1.65 |  -0.27   0.27   0.04
 12  0.68  1.0  0.0023      -4.517  0.0E+00   0.52 |   0.21  -0.21   0.50   1.49 |  -0.37   0.37   0.25
 11 -0.16  1.0  0.0006      -3.907  0.0E+00   0.28 |  -0.55   0.55   0.50   2.65 |  -0.41   0.41   0.32
 10  0.65  1.0  0.0001      -2.246  0.0E+00   0.10 |  -0.01   0.01  -1.50   2.01 |   0.00  -0.00   0.34
  9 -0.71  1.0  0.0000      -1.013  0.0E+00   0.01 |  -0.96   0.96   0.50   3.04 |  -0.38   0.38   0.27
  8 -0.65  1.0  0.0000      -0.152  0.0E+00   0.01 |   0.04  -0.04  -1.50   3.02 |   0.00  -0.00  -0.34
  5 -0.12  1.0  0.0000       0.446  0.0E+00   0.00 |   0.06   0.01  -1.47   2.34 |   0.03   0.02  -0.48
  4 -0.65  1.0  0.0000       0.597  0.0E+00   0.00 |  -0.35   0.28   0.45   1.92 |  -0.07   0.01  -0.42
  6 -0.26  1.0  0.0000       1.359  0.0E+00   0.00 |  -0.43   0.44   0.49   2.07 |  -0.45   0.45   0.40
  2  0.81  1.0  0.0000       1.385  0.0E+00   0.00 |  -0.04   0.05   0.50   2.42 |  -0.01   0.02  -0.47
  1 -0.81  1.0  0.0000       1.485  0.0E+00   0.00 |   0.46  -0.46   0.36   2.28 |   0.46  -0.46   0.49
  7 -0.30  1.0  0.0000       1.526  0.0E+00   0.00 |   0.04  -0.04   2.07   3.16 |   0.12  -0.12   0.46
  3 -0.74  1.0  0.0000       3.141  0.0E+00   0.00 |   0.01  -0.01  -3.21   3.65 |  -0.01   0.01  -0.48
__________________________________________________________________________________________________________
   Proton  wavefunctions
  i     P   Rz   occ          E       d2h    Delta |   JxT    JyT    Jz      J   |   SxT    SyT    Sz
----------------------------------------------------------------------------------------------------------
 40  0.99  1.0  2.0000     -30.741  0.0E+00   0.00 |  -0.50   0.50   0.50   0.52 |  -0.50   0.50   0.50
 39 -0.99  1.0  2.0000     -19.892  0.0E+00   0.02 |  -0.87   0.87   0.50   1.47 |  -0.45   0.45   0.40
 38 -0.98  1.0  1.9998     -17.424  0.0E+00   0.19 |  -0.00   0.00  -1.50   1.53 |   0.00   0.00  -0.50
 37 -0.91  1.0  1.9546     -12.778  0.0E+00   1.52 |   0.31  -0.31   0.50   0.78 |  -0.06   0.06  -0.39
 36  0.88  1.0  1.4328      -8.784  0.0E+00   1.82 |  -1.14   1.14   0.50   2.22 |  -0.41   0.41   0.32
 35  0.97  1.0  0.4978      -6.918  0.0E+00   1.71 |  -0.00   0.00  -1.50   2.50 |  -0.00   0.00  -0.42
 34  0.95  1.0  0.0780      -4.676  0.0E+00   1.36 |   0.00  -0.00   2.50   2.54 |  -0.00   0.00   0.50
 33  0.83  1.0  0.0312      -3.080  0.0E+00   1.24 |  -0.37   0.37   0.50   1.67 |  -0.25   0.25   0.00
 31 -0.20  1.0  0.0017      -1.628  0.0E+00   0.37 |  -0.57   0.57   0.50   2.83 |  -0.45   0.45   0.40
 32  0.75  1.0  0.0039      -0.821  0.0E+00   0.63 |   0.26  -0.26   0.50   1.41 |  -0.37   0.37   0.24
 30  0.66  1.0  0.0001       1.417  0.0E+00   0.15 |  -0.01   0.01  -1.49   2.01 |   0.00  -0.00   0.35
 26  0.60  1.0  0.0000       2.312  0.0E+00   0.00 |   0.07  -0.08  -1.48   2.56 |  -0.00  -0.01  -0.48
 29 -0.75  1.0  0.0000       2.350  0.0E+00   0.04 |  -0.96   0.96   0.50   2.95 |  -0.36   0.37   0.23
 27 -0.66  1.0  0.0000       2.409  0.0E+00   0.00 |  -0.03   0.03   0.49   1.87 |  -0.01   0.02  -0.48
 28 -0.57  1.0  0.0000       2.520  0.0E+00   0.02 |   0.01  -0.02  -1.49   2.65 |   0.00  -0.00  -0.45
 23  0.28  1.0  0.0000       2.624  0.0E+00   0.00 |   0.41  -0.41   0.66   2.32 |   0.48  -0.48   0.49
 24  0.82  1.0  0.0000       2.913  0.0E+00   0.00 |  -0.06   0.06   0.52   2.33 |  -0.01   0.02  -0.47
 21 -0.33  1.0  0.0000       2.916  0.0E+00   0.00 |   0.44  -0.44   0.49   2.20 |   0.50  -0.50   0.50
 25 -0.21  1.0  0.0000       3.661  0.0E+00   0.00 |  -0.56   0.56   0.50   2.19 |  -0.50   0.50   0.49
 22 -0.45  1.0  0.0000       5.756  0.0E+00   0.00 |   0.00  -0.00  -2.94   3.97 |  -0.00   0.00  -0.50
----------------------------------------------------------------------------------------------------------
---------------------------------Quasiparticles---------------------------------
Block 1:  P=+1  neutrons
  N      Eqp       f_n      |   U   V  |   B  P  ov_TR |    JxT    JyT    Jz
________________________________________________________________________________
  1    -23.23      0.00E+00 |    1   0 |   -  -  0.000 |    0.00   0.00   0.50
  2    -15.19      0.00E+00 |    0  16 |   -  -  0.000 |    0.00   0.00   3.25
  3    -13.95      0.00E+00 |    0  19 |   -  -  0.000 |    0.00   0.00  -1.31
  4    -13.54      0.00E+00 |    0   8 |   -  -  0.000 |    0.00   0.00  -0.51
  5    -13.43      0.00E+00 |    0  20 |   -  -  0.000 |    0.00   0.00  -0.50
  6    -13.13      0.00E+00 |    0  14 |   -  -  0.000 |    0.00   0.00  -1.13
  7    -12.63      0.00E+00 |    0  17 |   -  -  0.000 |    0.00   0.00   1.47
  8    -12.46      0.00E+00 |    0  18 |   -  -  0.000 |    0.00   0.00  -0.47
  9    -12.19      0.00E+00 |    9   0 |   -  -  0.000 |    0.00   0.00   0.50
 10    -11.73      0.00E+00 |    0  13 |   -  -  0.000 |    0.00   0.00   1.49
 11    -11.12      0.00E+00 |    0  15 |   -  -  0.000 |    0.00   0.00  -0.50
 12     -9.79      0.00E+00 |   10   7 |   -  -  0.000 |    0.00   0.00   1.41
 13     -9.75      0.00E+00 |   10   7 |   -  -  0.000 |    0.00   0.00  -1.42
 14     -8.31      0.00E+00 |    0   6 |   -  -  0.000 |    0.00   0.00  -0.50
 15     -7.34      0.00E+00 |    0  12 |   -  -  0.000 |    0.00   0.00  -0.50
 16     -5.21      0.00E+00 |   11  11 |   -  -  0.000 |    0.00   0.00   0.47
 17     -5.01      0.00E+00 |   11   5 |   -  -  0.000 |    0.00   0.00  -0.47
 18     -3.47      0.00E+00 |    4   4 |   -  -  0.000 |    0.00   0.00  -2.32
 19     -1.93      0.00E+00 |    2   2 |   -  -  0.000 |    0.00   0.00   0.22
 20     -1.88      0.00E+00 |    3   3 |   -  -  0.000 |    0.00   0.00   0.76
 21      1.88      1.00E+00 |    3   3 |   -  -  0.000 |    0.00   0.00  -0.76
 22      1.93      1.00E+00 |    2   2 |   -  -  0.000 |    0.00   0.00  -0.22
 23      3.47      1.00E+00 |    4   4 |   -  -  0.000 |    0.00   0.00   2.32
 24      5.01      1.00E+00 |    5  11 |   -  -  0.000 |    0.00   0.00   0.47
 25      5.21      1.00E+00 |   11  11 |   -  -  0.000 |    0.00   0.00  -0.47
 26      7.34      1.00E+00 |   12   0 |   -  -  0.000 |    0.00   0.00   0.50
 27      8.31      1.00E+00 |    6   0 |   -  -  0.000 |    0.00   0.00   0.50
 28      9.75      1.00E+00 |    7  10 |   -  -  0.000 |    0.00   0.00   1.42
 29      9.79      1.00E+00 |    7  10 |   -  -  0.000 |    0.00   0.00  -1.41
 30     11.12      1.00E+00 |   15   0 |   -  -  0.000 |    0.00   0.00   0.50
 31     11.73      1.00E+00 |   13   0 |   -  -  0.000 |    0.00   0.00  -1.49
 32     12.19      1.00E+00 |    0   9 |   -  -  0.000 |    0.00   0.00  -0.50
 33     12.46      1.00E+00 |   18   0 |   -  -  0.000 |    0.00   0.00   0.47
 34     12.63      1.00E+00 |   17   0 |   -  -  0.000 |    0.00   0.00  -1.47
 35     13.13      1.00E+00 |   14   0 |   -  -  0.000 |    0.00   0.00   1.13
 36     13.43      1.00E+00 |   20   0 |   -  -  0.000 |    0.00   0.00   0.50
 37     13.54      1.00E+00 |    8   0 |   -  -  0.000 |    0.00   0.00   0.51
 38     13.95      1.00E+00 |   19   0 |   -  -  0.000 |    0.00   0.00   1.31
 39     15.19      1.00E+00 |   16   0 |   -  -  0.000 |    0.00   0.00  -3.25
 40     23.23      1.00E+00 |    0   1 |   -  -  0.000 |    0.00   0.00  -0.50

Block 5:  P=+1   protons
  N      Eqp       f_n      |   U   V  |   B  P  ov_TR |    JxT    JyT    Jz
________________________________________________________________________________
  1    -22.83      0.00E+00 |   21   0 |   -  -  0.000 |    0.00   0.00   0.50
  2    -13.67      0.00E+00 |    0  36 |   -  -  0.000 |    0.00   0.00   2.92
  3    -11.98      0.00E+00 |   29   0 |   -  -  0.000 |    0.00   0.00   0.50
  4    -11.58      0.00E+00 |    0  40 |   -  -  0.000 |    0.00   0.00  -0.50
  5    -10.98      0.00E+00 |    0  35 |   -  -  0.000 |    0.00   0.00  -0.51
  6    -10.95      0.00E+00 |    0  34 |   -  -  0.000 |    0.00   0.00  -0.26
  7    -10.73      0.00E+00 |    0  33 |   -  -  0.000 |    0.00   0.00   1.21
  8    -10.49      0.00E+00 |    0  39 |   -  -  0.000 |    0.00   0.00  -0.50
  9    -10.37      0.00E+00 |    0  38 |   -  -  0.000 |    0.00   0.00  -0.50
 10    -10.16      0.00E+00 |    0  28 |   -  -  0.000 |    0.00   0.00  -0.47
 11     -9.91      0.00E+00 |    0  37 |   -  -  0.000 |    0.00   0.00   1.47
 12     -9.51      0.00E+00 |   30   0 |   -  -  0.000 |    0.00   0.00  -1.50
 13     -9.27      0.00E+00 |    0  27 |   -  -  0.000 |    0.00   0.00   1.39
 14     -7.77      0.00E+00 |    0  26 |   -  -  0.000 |    0.00   0.00  -0.50
 15     -5.87      0.00E+00 |    0  32 |   -  -  0.000 |    0.00   0.00  -0.49
 16     -5.09      0.00E+00 |   31  31 |   -  -  0.000 |    0.00   0.00   0.47
 17     -4.66      0.00E+00 |   25  25 |   -  -  0.000 |    0.00   0.00  -0.48
 18     -3.51      0.00E+00 |   24  24 |   -  -  0.000 |    0.00   0.00  -2.30
 19     -2.00      0.00E+00 |   22  22 |   -  -  0.000 |    0.00   0.00   0.21
 20     -1.98      0.00E+00 |   23  23 |   -  -  0.000 |    0.00   0.00   0.75
 21      1.98      1.00E+00 |   23  23 |   -  -  0.000 |    0.00   0.00  -0.75
 22      2.00      1.00E+00 |   22  22 |   -  -  0.000 |    0.00   0.00  -0.21
 23      3.51      1.00E+00 |   24  24 |   -  -  0.000 |    0.00   0.00   2.30
 24      4.66      1.00E+00 |   25  25 |   -  -  0.000 |    0.00   0.00   0.48
 25      5.09      1.00E+00 |   31  31 |   -  -  0.000 |    0.00   0.00  -0.47
 26      5.87      1.00E+00 |   32   0 |   -  -  0.000 |    0.00   0.00   0.49
 27      7.77      1.00E+00 |   26   0 |   -  -  0.000 |    0.00   0.00   0.50
 28      9.27      1.00E+00 |   27   0 |   -  -  0.000 |    0.00   0.00  -1.39
 29      9.51      1.00E+00 |    0  30 |   -  -  0.000 |    0.00   0.00   1.50
 30      9.91      1.00E+00 |   37   0 |   -  -  0.000 |    0.00   0.00  -1.47
 31     10.16      1.00E+00 |   28   0 |   -  -  0.000 |    0.00   0.00   0.47
 32     10.37      1.00E+00 |   38   0 |   -  -  0.000 |    0.00   0.00   0.50
 33     10.49      1.00E+00 |   39   0 |   -  -  0.000 |    0.00   0.00   0.50
 34     10.73      1.00E+00 |   33   0 |   -  -  0.000 |    0.00   0.00  -1.21
 35     10.95      1.00E+00 |   34   0 |   -  -  0.000 |    0.00   0.00   0.26
 36     10.98      1.00E+00 |   35   0 |   -  -  0.000 |    0.00   0.00   0.51
 37     11.58      1.00E+00 |   40   0 |   -  -  0.000 |    0.00   0.00   0.50
 38     11.98      1.00E+00 |    0  29 |   -  -  0.000 |    0.00   0.00  -0.50
 39     13.67      1.00E+00 |   36   0 |   -  -  0.000 |    0.00   0.00  -2.92
 40     22.83      1.00E+00 |    0  21 |   -  -  0.000 |    0.00   0.00  -0.50

--------------------------------------------------------------------------------
------------------------ Electric Multipole Moments -------------------------
Quantisation Axis             : Z
  With secondary axis ordering: X,Y
  Calculated wrt to COM = (   0.000   0.000   0.000)
______________________________________________________________________________
                   Neutrons        Protons          Charge         Total
______________________________________________________________________________
 Particles           10.0000         10.0000          9.9999         20.0000

Re  Q_{ 1 0}         -0.0235          0.0236          0.0232          0.0001
Constrained                                                           0.0000
Re De_{ 1 0}                                                   0.1024975E-03
Re La_{ 1 0}                                                         -0.4214

Re  Q_{ 2 0}         10.4425         10.9869         10.9798         21.4294
Re  Q_{ 2 2}          0.0000          0.0000          0.0000          0.0000

Re  Q_{ 3 0}         23.1290         26.8696         26.8161         49.9985
Constrained                                                          50.0000
Re De_{ 3 0}                                                   0.1462931E-02
Re La_{ 3 0}                                                          0.0569
Re  Q_{ 3 2}         -0.0000         -0.0000         -0.0000         -0.0000

Re  Q_{ 4 0}         84.3549        102.8294        102.3750        187.1844
Re  Q_{ 4 2}         -0.0000         -0.0001         -0.0001         -0.0001
Re  Q_{ 4 4}          0.0185          0.0215          0.2382          0.0400

Re  Q_{ 5 0}        353.7120        471.2014        465.8683        824.9134
Re  Q_{ 5 2}         -0.0001         -0.0000         -0.0000         -0.0001
Re  Q_{ 5 4}         -0.1093         -0.1846         -0.1308         -0.2939

Re  Q_{ 6 0}       1462.2774       2211.2427       2149.6613       3673.5201
Re  Q_{ 6 2}         -0.0015         -0.0013         -0.0012         -0.0028
Re  Q_{ 6 4}          0.9190          1.6009          5.0072          2.5199
Re  Q_{ 6 6}          0.0002          0.0002          0.0002          0.0004

Re  Q_{ 7 0}       6345.1048      10040.6041       9653.8496      16385.7089
Re  Q_{ 7 2}         -0.0071         -0.0120         -0.0113         -0.0191
Re  Q_{ 7 4}         -1.7650         -5.3086          4.7197         -7.0735
Re  Q_{ 7 6}          0.0035          0.0035          0.0033          0.0070

Re  Q_{ 8 0}      33398.9899      58276.2041      53579.7779      91675.1940
Re  Q_{ 8 2}          0.0600          0.2370          0.2272          0.2970
Re  Q_{ 8 4}         -0.1166         -0.9128        121.6288         -1.0294
Re  Q_{ 8 6}          0.0944          0.0783          0.0807          0.1728
Re  Q_{ 8 8}        -20.6854        -29.2203        -33.0912        -49.9057

Re  Q_{ 9 0}     150173.3376     267859.0588     241428.6700     418032.3964
Re  Q_{ 9 2}         -0.3212         -0.5788         -0.5527         -0.9000
Re  Q_{ 9 4}        471.4877        884.0845       1565.6000       1355.5722
Re  Q_{ 9 6}          0.9780         -0.1424         -0.1293          0.8356
Re  Q_{ 9 8}        156.7539         26.4706        126.2196        183.2245

Re  Q_{10 0}     814009.5821    1530520.4929    1257373.1778    2344530.0750
Re  Q_{10 2}         -3.9456         -0.5637         -0.5539         -4.5093
Re  Q_{10 4}        722.8868       9081.3965      10881.6791       9804.2833
Re  Q_{10 6}         10.4743          0.7483          1.6810         11.2226
Re  Q_{10 8}      -1557.7271       7319.0217       4860.7017       5761.2946
Re  Q_{1010}         -1.7311         -0.3932         -0.4950         -2.1243

 RMS radius           2.8797          2.9192          2.9845          2.8995
 Fourth mom.          3.2211          3.2857          3.3632          3.2539
______________________________________________________________________________
                   Neutrons        Protons          Charge         Total
______________________________________________________________________________


Beta_{ 2 0}       0.20613225      0.21687986      0.21673880      0.42301211
Beta_{ 2 2}       0.00000001      0.00000000      0.00000000      0.00000001

Beta_{ 3 0}       0.14016561      0.16283407      0.16251035      0.30299969
Beta_{ 3 2}      -0.00000003     -0.00000002     -0.00000002     -0.00000005

Beta_{ 4 0}       0.15694139      0.19131292      0.19046756      0.34825431
Beta_{ 4 2}      -0.00000007     -0.00000012     -0.00000011     -0.00000019
Beta_{ 4 4}       0.00003435      0.00004000      0.00044317      0.00007436

Beta_{ 5 0}       0.20203140      0.26913835      0.26609227      0.47116976
Beta_{ 5 2}      -0.00000004     -0.00000002     -0.00000002     -0.00000006
Beta_{ 5 4}      -0.00006241     -0.00010545     -0.00007472     -0.00016786

Beta_{ 6 0}       0.25641352      0.38774621      0.37694777      0.64415973
Beta_{ 6 2}      -0.00000026     -0.00000022     -0.00000021     -0.00000049
Beta_{ 6 4}       0.00016116      0.00028072      0.00087803      0.00044188
Beta_{ 6 6}       0.00000003      0.00000004      0.00000004      0.00000007

Beta_{ 7 0}       0.34157969      0.54052163      0.51970125      0.88210132
Beta_{ 7 2}      -0.00000038     -0.00000065     -0.00000061     -0.00000103
Beta_{ 7 4}      -0.00009501     -0.00028578      0.00025408     -0.00038079
Beta_{ 7 6}       0.00000019      0.00000019      0.00000018      0.00000038

Beta_{ 8 0}       0.55198675      0.96313370      0.88551563      1.51512045
Beta_{ 8 2}       0.00000099      0.00000392      0.00000376      0.00000491
Beta_{ 8 4}      -0.00000193     -0.00001509      0.00201017     -0.00001701
Beta_{ 8 6}       0.00000156      0.00000129      0.00000133      0.00000286
Beta_{ 8 8}      -0.00034187     -0.00048293     -0.00054690     -0.00082479

Beta_{ 9 0}       0.76195662      1.35907602      1.22497226      2.12103264
Beta_{ 9 2}      -0.00000163     -0.00000294     -0.00000280     -0.00000457
Beta_{ 9 4}       0.00239226      0.00448571      0.00794362      0.00687797
Beta_{ 9 6}       0.00000496     -0.00000072     -0.00000066      0.00000424
Beta_{ 9 8}       0.00079535      0.00013431      0.00064042      0.00092965

Beta_{10 0}       1.26797012      2.38406806      1.95859072      3.65203818
Beta_{10 2}      -0.00000615     -0.00000088     -0.00000086     -0.00000702
Beta_{10 4}       0.00112603      0.01414595      0.01695022      0.01527198
Beta_{10 6}       0.00001632      0.00000117      0.00000262      0.00001748
Beta_{10 8}      -0.00242645      0.01140073      0.00757144      0.00897428
Beta_{1010}      -0.00000270     -0.00000061     -0.00000077     -0.00000331


______________________________________________________________________________
                   Neutrons        Protons          Charge         Total
______________________________________________________________________________
Q_{ 1}                0.0235          0.0236          0.0232          0.0001
Q_{ 2}               10.4425         10.9869         10.9798         21.4294
Q_{ 3}               23.1290         26.8696         26.8161         49.9985
Q_{ 4}               84.3549        102.8294        102.3756        187.1844
Q_{ 5}              353.7121        471.2014        465.8684        824.9135
Q_{ 6}             1462.2780       2211.2439       2149.6729       3673.5219
Q_{ 7}             6345.1053      10040.6069       9653.8519      16385.7120
Q_{ 8}            33399.0027      58276.2187      53580.0744      91675.2212
Q_{ 9}           150174.9815     267861.9794     241438.8883     418036.8725
Q_{10}           814013.2051    1530609.3750    1257486.1363    2344585.2311
______________________________________________________________________________
                   Neutrons        Protons          Charge         Total
______________________________________________________________________________
Beta_{   1}       0.00151138      0.00151798      0.00149404      0.00000659
Beta_{   2}       0.20613225      0.21687986      0.21673880      0.42301211
Beta_{   3}       0.14016561      0.16283407      0.16251035      0.30299969
Beta_{   4}       0.15694140      0.19131293      0.19046859      0.34825433
Beta_{   5}       0.20203142      0.26913840      0.26609229      0.47116982
Beta_{   6}       0.25641362      0.38774641      0.37694981      0.64416003
Beta_{   7}       0.34157971      0.54052178      0.51970138      0.88210148
Beta_{   8}       0.55198697      0.96313394      0.88552053      1.51512090
Beta_{   9}       0.76196496      1.35909084      1.22502411      2.12105535
Beta_{  10}       1.26797576      2.38420651      1.95876667      3.65212409
______________________________________________________________________________
 Cart. Moments X              Y              Z
 Cart. N      -16.5547650    -16.5547702     33.1095352
 Cart. P      -17.4179226    -17.4179230     34.8358456
 Cart. T      -33.9726877    -33.9726932     67.9453808
 (Q, gamma)    Q              Gamma
 (Q,g) N       33.1095352      0.0000051
 (Q,g) P       34.8358456      0.0000004
 (Q,g) T       67.9453808      0.0000027
 (iq1, iq2)    iq1            iq2
 iq    N       33.1095335      0.0000034
 iq    P       34.8358455      0.0000003
 iq    T       67.9453790      0.0000037
               X^2            Y^2            Z^2
 X^2_i N       22.1241890     22.1241873     38.6789558
 X^2_i P       22.5993532     22.5993531     40.0172760
 X^2_i T       44.7235423     44.7235404     78.6962318
----------------------------------------------------------------------------
----------------------- Box Size Check -------------------------
 Xmax = (nx+0.5)dx =  9.200 fm,  max(rho(X=Xmax)) =    3.255E-07
 Ymax = (ny+0.5)dx =  9.200 fm,  max(rho(Y=Ymax)) =    3.255E-07
 Zmax = (nz+0.5)dx =  9.200 fm,  max(rho(Z=Zmax)) =    8.648E-05
 Zmin =-(nz+0.5)dx = -9.200fm,  max(rho(Z=Zmin)) =    1.470E-05
---------------------Rotational properties--------------------
                Rigid rotor          (hbar^2/MeV)
              n              p              t 
 I_R X       1.4661592      1.5098882      2.9760474
 I_R Y       1.4661592      1.5098882      2.9760474
 I_R Z       1.0669706      1.0898861      2.1568566

                Belyaev                 (hbar^2/MeV) 
              n              p              t 
 I_B X       0.6121176      0.5868487      1.1989663
 I_B Y       0.6121173      0.5868486      1.1989659
 I_B Z       0.0000181      0.0000272      0.0000453

                Belyaev (collective)    (hbar^2/MeV) 
              n              p              t 
 I_B X       0.6121176      0.5868487      1.1989663
 I_B Y       0.6121173      0.5868486      1.1989659
 I_B Z       0.0000181      0.0000272      0.0000453

                 <J^2> - <J>^2          (hbar^2)
              n              p              t 
 J2_X        1.5699284      1.5773389      3.1472673
 J2_Y        1.5699277      1.5773389      3.1472665
 J2_Z        0.0001195      0.0001704      0.0002899
 J2_t        3.1399756      3.1548482      6.2948237

                 <J^2> - <J>^2 (coll.)  (hbar^2)
              n              p              t 
 J2_X        1.5699284      1.5773389      3.1472673
 J2_Y        1.5699277      1.5773389      3.1472665
 J2_Z        0.0001195      0.0001704      0.0002899
 J2_t        3.1399756      3.1548482      6.2948237
------------------------- Angular Momentum (hbar) --------------------------

               Spwfs(*)    Desired     Omega       E (MeV)      Densit. 
  __________________________________________________________________________
   J_x   |     0.00000     0.00000     0.00000     0.00000     0.00000
   J_y   |     0.00000     0.00000     0.00000     0.00000     0.00000
   J_z   |     0.00000     0.00000     0.00000     0.00000     0.00000
  __________________________________________________________________________
   Size  |     0.00000     0.00000     0.00000                 0.00000
  --------------------------------------------------------------------------
-------------------------- Pairing -------------------------
                          N         P 
 Fermi Level (MeV)    -12.03308343    -7.91275454
 Particles             10.00000000    10.00000000
 Dispersion             1.81325795     1.86768138
 Average gap   v^2      0.65196208     0.69825781
 Average gap   uv       1.49507620     1.55309096
------------------------------------------------------------
--------------------------------------------------------------------------------
 Skyrme Energy                Isospin  1 2 3 4                   Energy [MeV]
--------------------------------------------------------------------------------
E_D_I_I_D_I_I                          0 0                      -1295.233780
E_D_I_I_D_I_I                          1 1                          0.051577
E_D_I_I_D_I_I_D_I_I                    0 0 0                      735.724143
E_D_I_I_D_I_I_D_I_I                    0 1 1                       -0.026199
E_D_I_I_D_Nm_Nm                        0 0                         27.742813
E_D_I_I_D_Nm_Nm                        1 1                         -0.003036
E_D_I_I_Lap_D_I_I                      0 0                         58.137173
E_D_I_I_Lap_D_I_I                      1 1                          0.001408
E_C_I_NmSk_C_I_NmSk                    0 0                         -0.000000
E_C_I_NmSk_C_I_NmSk                    1 1                         -0.000000
E_D_I_I_D_I_I_D_Nm_Nm                  0 0 0                        0.000000
E_D_I_I_D_I_I_D_Nm_Nm                  0 1 1                       -0.000000
E_D_I_I_D_I_I_D_Nm_Nm                  0 0 0                        0.000000
E_D_I_I_D_I_I_D_Nm_Nm                  0 1 1                        0.000000
E_D_I_I_Derm_D_I_I_Derm_D_I_I          0 0 0                        0.000000
E_D_I_I_Derm_D_I_I_Derm_D_I_I          0 1 1                       -0.000000
E_D_I_I_Derm_D_I_I_Derm_D_I_I          0 0 0                       -0.000000
E_D_I_I_Derm_D_I_I_Derm_D_I_I          0 1 1                       -0.000000
E_D_I_I_Derm_D_I_I_D_I_I_Derm_D_I_I    0 0 0 0                      0.000000
E_D_I_I_Derm_D_I_I_D_I_I_Derm_D_I_I    0 0 1 1                     -0.000000
E_D_I_I_Derm_C_I_NxmSxm                0 0                        -10.756955
E_D_I_I_Derm_C_I_NxmSxm                1 1                         -0.000446
E_DP_I_I_DP_I_I                        n n                         -3.560889
E_DP_I_I_DP_I_I                        p p                         -3.827947
E_D_I_I_DP_I_I_DP_I_I                  0 n n                        1.495759
E_D_I_I_DP_I_I_DP_I_I                  0 p p                        1.584529
--------------------------------------------------------------------------------
                 Total Skyrme:                                   -488.671850
--------------------------------------------------------------------------------
                    time-even:                                   -488.671850
                    time-odd :                                      0.000000
                    bilinear :                                  -1227.450082
                    trilinear:                                      0.000000
                 quadrilinear:                                      0.000000
            density-dependent:                                    738.778232
--------------------------------------------------------------------------------
--------------------------------------------------------------------------------
                                     neutron        proton         total
                Kinetic Energy:     162.449744     159.125145     321.574889
                    COM 1-body:      -8.122487      -7.956257     -16.078744
                    COM 2-body:       3.212097       3.160096       6.372192
                            ph:       3.187562       3.131615       6.319177
                            pp:       0.024535       0.028481       0.053016
                 Collective T:                                     -2.442223

                 Rotational  T:                                    -2.442223
                 Rotational  X:                                    -1.220618
                 Rotational  Y:                                    -1.220618
                 Rotational  Z:                                    -0.000988

                 Vibrational T:                                     0.000000
                 Vibrational X:                                    -0.000000
                 Vibrational Y:                                    -0.000000
                 Vibrational Z:                                    -0.000000


                Coulomb Direct:       0.000000      23.426593      23.426593
                      Exchange:       0.000000       0.000000       0.000000

               Pairing (delta):      -2.064986      -2.243385      -4.308371
               Pairing (densi):                                    -4.308548
--------------------------------------------------------------------------------
                  Total energy:                                  -155.819142
                    from spwfs:                                  -155.819100
                   E_fu - E_sp:                                -0.422793E-04
                   (no corr.) :                                  -159.749112
                      Routhian:                                  -157.214429
                         dE   :                                -0.558669E-03
                         dR   :                                -0.576489E-03
--------------------------------------------------------------------------------
 Iteration =  111
 dt    =   0.0248      mu   =   0.8304 gradn =    0.000E+00 D2H  =    1.626E-06
 E     =   -155.819    DE   = -0.30053E-06
 R     =   -157.214    DR   = -0.40447E-06
 R-E   =     -1.395  D(R-E) = -0.10757E-06
 dmun  = -8.0E-08      dmup=  4.7E-05
 RQ10t =       0.0001   dQ = -1.5E-06  L =      -0.4214   dL = -1.2E-05  dev =  1.0E-04
 RQ20t =      21.4288   dQ = -5.9E-04  L =       0.0000   dL =  0.0E+00  dev =  0.0E+00
 RQ22t =       0.0000   dQ = -6.1E-08  L =       0.0000   dL =  0.0E+00  dev =  0.0E+00
 RQ30t =      49.9986   dQ =  1.0E-04  L =       0.0569   dL =  6.4E-07  dev =  1.4E-03
 Jz    =       0.0000   dJZ=  0.0E+00 Om =       0.0000   dO =  0.0E+00  dev =  0.0E+00
--------------------------------------------------------------------------------------
 Iteration =  112
 dt    =   0.0248      mu   =   0.8304 gradn =    0.000E+00 D2H  =    1.550E-06
 E     =   -155.819    DE   = -0.29885E-06
 R     =   -157.215    DR   = -0.39589E-06
 R-E   =     -1.395  D(R-E) = -0.10059E-06
 dmun  = -4.0E-07      dmup=  4.6E-05
 RQ10t =       0.0001   dQ = -1.8E-06  L =      -0.4214   dL = -1.2E-05  dev =  9.9E-05
 RQ20t =      21.4282   dQ = -5.8E-04  L =       0.0000   dL =  0.0E+00  dev =  0.0E+00
 RQ22t =       0.0000   dQ = -6.0E-08  L =       0.0000   dL =  0.0E+00  dev =  0.0E+00
 RQ30t =      49.9987   dQ =  1.0E-04  L =       0.0569   dL =  6.0E-07  dev =  1.3E-03
 Jz    =       0.0000   dJZ=  0.0E+00 Om =       0.0000   dO =  0.0E+00  dev =  0.0E+00
--------------------------------------------------------------------------------------
 Iteration =  113
 dt    =   0.0248      mu   =   0.8304 gradn =    0.000E+00 D2H  =    1.478E-06
 E     =   -155.819    DE   = -0.29750E-06
 R     =   -157.215    DR   = -0.38755E-06
 R-E   =     -1.395  D(R-E) = -0.93528E-07
 dmun  = -7.1E-07      dmup=  4.5E-05
 RQ10t =       0.0001   dQ = -1.9E-06  L =      -0.4214   dL = -1.2E-05  dev =  9.7E-05
 RQ20t =      21.4277   dQ = -5.6E-04  L =       0.0000   dL =  0.0E+00  dev =  0.0E+00
 RQ22t =       0.0000   dQ = -5.6E-08  L =       0.0000   dL =  0.0E+00  dev =  0.0E+00
 RQ30t =      49.9988   dQ =  9.8E-05  L =       0.0569   dL =  5.5E-07  dev =  1.2E-03
 Jz    =       0.0000   dJZ=  0.0E+00 Om =       0.0000   dO =  0.0E+00  dev =  0.0E+00
--------------------------------------------------------------------------------------
 Iteration =  114
 dt    =   0.0248      mu   =   0.8304 gradn =    0.000E+00 D2H  =    1.410E-06
 E     =   -155.819    DE   = -0.29642E-06
 R     =   -157.215    DR   = -0.37957E-06
 R-E   =     -1.395  D(R-E) = -0.86554E-07
 dmun  = -9.9E-07      dmup=  4.4E-05
 RQ10t =       0.0001   dQ = -2.0E-06  L =      -0.4215   dL = -1.2E-05  dev =  9.5E-05
 RQ20t =      21.4271   dQ = -5.5E-04  L =       0.0000   dL =  0.0E+00  dev =  0.0E+00
 RQ22t =       0.0000   dQ = -5.3E-08  L =       0.0000   dL =  0.0E+00  dev =  0.0E+00
 RQ30t =      49.9989   dQ =  9.3E-05  L =       0.0569   dL =  5.1E-07  dev =  1.1E-03
 Jz    =       0.0000   dJZ=  0.0E+00 Om =       0.0000   dO =  0.0E+00  dev =  0.0E+00
--------------------------------------------------------------------------------------
 Iteration =  115
 dt    =   0.0248      mu   =   0.8304 gradn =    0.000E+00 D2H  =    1.344E-06
 E     =   -155.819    DE   = -0.29549E-06
 R     =   -157.215    DR   = -0.37199E-06
 R-E   =     -1.395  D(R-E) = -0.79833E-07
 dmun  = -1.2E-06      dmup=  4.3E-05
 RQ10t =       0.0001   dQ = -2.1E-06  L =      -0.4215   dL = -1.1E-05  dev =  9.3E-05
 RQ20t =      21.4266   dQ = -5.4E-04  L =       0.0000   dL =  0.0E+00  dev =  0.0E+00
 RQ22t =       0.0000   dQ = -5.0E-08  L =       0.0000   dL =  0.0E+00  dev =  0.0E+00
 RQ30t =      49.9990   dQ =  8.6E-05  L =       0.0569   dL =  4.6E-07  dev =  9.8E-04
 Jz    =       0.0000   dJZ=  0.0E+00 Om =       0.0000   dO =  0.0E+00  dev =  0.0E+00
--------------------------------------------------------------------------------------
 Iteration =  116
 dt    =   0.0248      mu   =   0.8304 gradn =    0.000E+00 D2H  =    1.282E-06
 E     =   -155.819    DE   = -0.29457E-06
 R     =   -157.215    DR   = -0.36480E-06
 R-E   =     -1.395  D(R-E) = -0.73497E-07
 dmun  = -1.4E-06      dmup=  4.2E-05
 RQ10t =       0.0001   dQ = -2.2E-06  L =      -0.4215   dL = -1.1E-05  dev =  9.1E-05
 RQ20t =      21.4261   dQ = -5.2E-04  L =       0.0000   dL =  0.0E+00  dev =  0.0E+00
 RQ22t =       0.0000   dQ = -4.7E-08  L =       0.0000   dL =  0.0E+00  dev =  0.0E+00
 RQ30t =      49.9991   dQ =  7.9E-05  L =       0.0569   dL =  4.3E-07  dev =  9.0E-04
 Jz    =       0.0000   dJZ=  0.0E+00 Om =       0.0000   dO =  0.0E+00  dev =  0.0E+00
--------------------------------------------------------------------------------------
 Iteration =  117
 dt    =   0.0248      mu   =   0.8304 gradn =    0.000E+00 D2H  =    1.223E-06
 E     =   -155.819    DE   = -0.29353E-06
 R     =   -157.215    DR   = -0.35795E-06
 R-E   =     -1.395  D(R-E) = -0.67629E-07
 dmun  = -1.6E-06      dmup=  4.1E-05
 RQ10t =       0.0001   dQ = -2.2E-06  L =      -0.4215   dL = -1.1E-05  dev =  8.9E-05
 RQ20t =      21.4256   dQ = -5.1E-04  L =       0.0000   dL =  0.0E+00  dev =  0.0E+00
 RQ22t =       0.0000   dQ = -4.4E-08  L =       0.0000   dL =  0.0E+00  dev =  0.0E+00
 RQ30t =      49.9992   dQ =  7.2E-05  L =       0.0569   dL =  3.9E-07  dev =  8.3E-04
 Jz    =       0.0000   dJZ=  0.0E+00 Om =       0.0000   dO =  0.0E+00  dev =  0.0E+00
--------------------------------------------------------------------------------------
 Iteration =  118
 dt    =   0.0248      mu   =   0.8304 gradn =    0.000E+00 D2H  =    1.166E-06
 E     =   -155.820    DE   = -0.29228E-06
 R     =   -157.215    DR   = -0.35139E-06
 R-E   =     -1.395  D(R-E) = -0.62254E-07
 dmun  = -1.8E-06      dmup=  4.0E-05
 RQ10t =       0.0001   dQ = -2.1E-06  L =      -0.4215   dL = -1.1E-05  dev =  8.7E-05
 RQ20t =      21.4251   dQ = -5.0E-04  L =       0.0000   dL =  0.0E+00  dev =  0.0E+00
 RQ22t =       0.0000   dQ = -4.1E-08  L =       0.0000   dL =  0.0E+00  dev =  0.0E+00
 RQ30t =      49.9992   dQ =  6.5E-05  L =       0.0569   dL =  3.6E-07  dev =  7.6E-04
 Jz    =       0.0000   dJZ=  0.0E+00 Om =       0.0000   dO =  0.0E+00  dev =  0.0E+00
--------------------------------------------------------------------------------------
 Iteration =  119
 dt    =   0.0248      mu   =   0.8304 gradn =    0.000E+00 D2H  =    1.113E-06
 E     =   -155.820    DE   = -0.29081E-06
 R     =   -157.215    DR   = -0.34506E-06
 R-E   =     -1.395  D(R-E) = -0.57340E-07
 dmun  = -1.9E-06      dmup=  3.9E-05
 RQ10t =       0.0001   dQ = -2.1E-06  L =      -0.4215   dL = -1.0E-05  dev =  8.5E-05
 RQ20t =      21.4246   dQ = -4.9E-04  L =       0.0000   dL =  0.0E+00  dev =  0.0E+00
 RQ22t =       0.0000   dQ = -3.9E-08  L =       0.0000   dL =  0.0E+00  dev =  0.0E+00
 RQ30t =      49.9993   dQ =  5.9E-05  L =       0.0569   dL =  3.3E-07  dev =  7.0E-04
 Jz    =       0.0000   dJZ=  0.0E+00 Om =       0.0000   dO =  0.0E+00  dev =  0.0E+00
--------------------------------------------------------------------------------------
--------------------------------------------------------------------------------------
                              Iteration =   120

--------------------- Hartree-Fock basis-------------------------------------------------------------------
__________________________________________________________________________________________________________
   Neutron wavefunctions
  i     P   Rz   occ          E       d2h    Delta |   JxT    JyT    Jz      J   |   SxT    SyT    Sz
----------------------------------------------------------------------------------------------------------
  1  0.99  1.0  1.0000     -35.261  1.1E-08   0.00 |  -0.50   0.50   0.50   0.52 |  -0.50   0.50   0.50
  9 -0.99  1.0  1.0000     -24.221  4.8E-08   0.01 |  -0.87   0.87   0.50   1.46 |  -0.45   0.45   0.40
 10 -0.98  1.0  0.9999     -21.781  1.2E-08   0.14 |  -0.00   0.00  -1.50   1.53 |   0.00   0.00  -0.50
 11 -0.91  1.0  0.9809     -17.046  7.0E-08   1.42 |   0.31  -0.31   0.50   0.78 |  -0.06   0.06  -0.39
  2  0.88  1.0  0.7224     -12.892  1.4E-07   1.73 |  -1.15   1.15   0.50   2.22 |  -0.41   0.41   0.31
  3  0.97  1.0  0.2459     -11.075  4.8E-08   1.62 |  -0.00   0.00  -1.50   2.50 |  -0.00   0.00  -0.42
  4  0.95  1.0  0.0356      -8.815  1.4E-08   1.28 |   0.00  -0.00   2.50   2.54 |  -0.00   0.00   0.50
  5  0.80  1.0  0.0132      -7.153  1.4E-06   1.13 |  -0.61   0.61   0.50   1.65 |  -0.34   0.34   0.17
 12 -0.06  1.0  0.0009      -4.714  9.9E-03   0.42 |  -0.46   0.46   0.50   2.34 |  -0.47   0.47   0.44
  6  0.67  1.0  0.0009      -3.730  9.9E-03   0.42 |   0.46  -0.46   0.50   1.95 |  -0.27   0.27   0.04
  7  0.68  1.0  0.0000      -2.250  1.0E-06   0.10 |   0.00  -0.00  -1.49   1.97 |   0.00  -0.00   0.35
 15 -0.76  1.0  0.0000      -0.911  8.0E-05   0.05 |  -1.09   1.09   0.50   2.99 |  -0.36   0.36   0.23
 13 -0.68  1.0  0.0000      -0.305  1.5E-05   0.01 |  -0.00   0.00  -1.49   2.65 |   0.00  -0.00  -0.42
 18 -0.32  1.0  0.0000       0.427  8.5E-04   0.01 |  -0.01   0.02   0.47   1.78 |  -0.01   0.01  -0.47
 17 -0.10  1.0  0.0000       0.593  3.2E-03   0.01 |   0.04  -0.04  -1.47   2.78 |   0.00  -0.00  -0.42
 14 -0.28  1.0  0.0000       1.099  6.8E-03   0.01 |   0.44  -0.44   1.11   2.63 |   0.41  -0.41   0.49
 20 -0.22  1.0  0.0000       1.398  1.1E-03   0.01 |  -0.65   0.65   0.50   2.16 |  -0.47   0.47   0.43
  8  0.45  1.0  0.0000       1.507  1.4E-03   0.00 |  -0.15   0.16   0.51   2.46 |  -0.03   0.04  -0.43
 19 -0.79  1.0  0.0000       1.910  2.0E-02   0.00 |   0.07  -0.07   1.27   2.82 |   0.19  -0.19   0.45
 16 -0.74  1.0  0.0000       3.158  3.3E-03   0.00 |   0.01  -0.01  -3.23   3.65 |  -0.01   0.01  -0.49
__________________________________________________________________________________________________________
   Proton  wavefunctions
  i     P   Rz   occ          E       d2h    Delta |   JxT    JyT    Jz      J   |   SxT    SyT    Sz
----------------------------------------------------------------------------------------------------------
 21  0.99  1.0  1.0000     -30.741  1.1E-08   0.00 |  -0.50   0.50   0.50   0.52 |  -0.50   0.50   0.50
 29 -0.99  1.0  1.0000     -19.892  6.3E-08   0.02 |  -0.87   0.87   0.50   1.46 |  -0.45   0.45   0.40
 30 -0.98  1.0  0.9999     -17.424  1.3E-08   0.19 |  -0.00   0.00  -1.50   1.53 |   0.00   0.00  -0.50
 31 -0.91  1.0  0.9773     -12.779  1.1E-07   1.52 |   0.30  -0.30   0.50   0.79 |  -0.06   0.06  -0.39
 22  0.86  1.0  0.7160      -8.785  1.8E-07   1.81 |  -1.13   1.13   0.50   2.21 |  -0.41   0.41   0.32
 23  0.97  1.0  0.2490      -6.918  5.4E-08   1.71 |  -0.00   0.00  -1.50   2.50 |  -0.00   0.00  -0.42
 24  0.95  1.0  0.0390      -4.677  1.4E-08   1.36 |   0.00  -0.00   2.50   2.54 |   0.00  -0.00   0.50
 25  0.57  1.0  0.0137      -3.385  2.3E-05   1.04 |  -0.63   0.63   0.50   2.04 |  -0.35   0.35   0.20
 32 -0.02  1.0  0.0025      -2.075  2.4E-05   0.49 |  -0.57   0.57   0.50   2.41 |  -0.49   0.49   0.49
 26  0.82  1.0  0.0025      -0.186  1.8E-06   0.69 |   0.61  -0.61   0.50   1.67 |  -0.23   0.23  -0.03
 27  0.66  1.0  0.0001       1.359  5.3E-05   0.14 |  -0.00   0.00  -1.39   2.00 |   0.04  -0.04   0.34
 37 -0.31  1.0  0.0000       1.997  2.3E-03   0.04 |   0.06  -0.06  -1.47   2.25 |   0.00  -0.00  -0.48
 28  0.17  1.0  0.0000       2.245  5.3E-03   0.06 |   0.05  -0.04   0.47   1.93 |  -0.02   0.02  -0.47
 38 -0.50  1.0  0.0000       2.439  4.8E-02   0.04 |  -0.52   0.52   0.50   2.67 |  -0.19   0.19  -0.12
 39 -0.72  1.0  0.0000       2.574  6.3E-03   0.02 |   0.43  -0.43   0.50   2.28 |   0.46  -0.46   0.47
 33  0.33  1.0  0.0000       2.811  2.1E-02   0.01 |   0.37  -0.38  -1.19   2.92 |   0.08  -0.09  -0.30
 34  0.73  1.0  0.0000       3.029  1.2E-02   0.02 |   0.06  -0.06   0.23   2.22 |   0.39  -0.39   0.37
 35 -0.25  1.0  0.0000       3.089  5.4E-02   0.03 |  -0.67   0.68   0.51   2.58 |  -0.18   0.18  -0.14
 40 -0.19  1.0  0.0000       3.674  1.2E-02   0.02 |  -0.57   0.57   0.50   2.20 |  -0.49   0.49   0.48
 36 -0.44  1.0  0.0000       5.757  1.3E-03   0.00 |  -0.00  -0.00  -2.92   3.96 |  -0.00   0.00  -0.50
----------------------------------------------------------------------------------------------------------
--------------------- Canonical    basis-------------------------------------------------------------------
__________________________________________________________________________________________________________
   Neutron wavefunctions
  i     P   Rz   occ          E       d2h    Delta |   JxT    JyT    Jz      J   |   SxT    SyT    Sz
----------------------------------------------------------------------------------------------------------
 20  0.99  1.0  2.0000     -35.261  0.0E+00   0.00 |  -0.50   0.50   0.50   0.52 |  -0.50   0.50   0.50
 19 -0.99  1.0  2.0000     -24.221  0.0E+00   0.01 |  -0.87   0.87   0.50   1.46 |  -0.45   0.45   0.40
 18 -0.98  1.0  1.9999     -21.781  0.0E+00   0.14 |  -0.00   0.00  -1.50   1.53 |   0.00   0.00  -0.50
 17 -0.92  1.0  1.9619     -17.046  0.0E+00   1.42 |   0.31  -0.31   0.50   0.77 |  -0.06   0.06  -0.39
 16  0.89  1.0  1.4450     -12.892  0.0E+00   1.73 |  -1.16   1.16   0.50   2.22 |  -0.41   0.41   0.31
 15  0.97  1.0  0.4918     -11.075  0.0E+00   1.62 |  -0.00   0.00  -1.50   2.50 |  -0.00   0.00  -0.42
 14  0.95  1.0  0.0713      -8.815  0.0E+00   1.28 |   0.00  -0.00   2.50   2.54 |  -0.00   0.00   0.50
 13  0.83  1.0  0.0270      -7.060  0.0E+00   1.18 |  -0.42   0.42   0.50   1.65 |  -0.27   0.27   0.04
 12  0.68  1.0  0.0024      -4.518  0.0E+00   0.53 |   0.21  -0.21   0.50   1.49 |  -0.37   0.37   0.25
 11 -0.16  1.0  0.0006      -3.904  0.0E+00   0.28 |  -0.55   0.55   0.50   2.65 |  -0.41   0.41   0.32
 10  0.65  1.0  0.0001      -2.246  0.0E+00   0.10 |  -0.01   0.01  -1.50   2.01 |   0.00  -0.00   0.34
  9 -0.71  1.0  0.0000      -1.015  0.0E+00   0.01 |  -0.96   0.96   0.50   3.04 |  -0.38   0.38   0.27
  8 -0.65  1.0  0.0000      -0.154  0.0E+00   0.01 |   0.03  -0.03  -1.50   3.01 |   0.00  -0.00  -0.34
  5 -0.11  1.0  0.0000       0.447  0.0E+00   0.00 |   0.06   0.02  -1.47   2.34 |   0.03   0.03  -0.48
  4 -0.64  1.0  0.0000       0.607  0.0E+00   0.00 |  -0.39   0.31   0.45   1.94 |  -0.07   0.02  -0.41
  6 -0.27  1.0  0.0000       1.348  0.0E+00   0.00 |  -0.40   0.40   0.49   2.06 |  -0.44   0.44   0.38
  2  0.81  1.0  0.0000       1.389  0.0E+00   0.00 |  -0.04   0.05   0.49   2.42 |  -0.01   0.02  -0.47
  1 -0.81  1.0  0.0000       1.483  0.0E+00   0.00 |   0.46  -0.46   0.36   2.29 |   0.46  -0.46   0.48
  7 -0.25  1.0  0.0000       1.517  0.0E+00   0.00 |   0.04  -0.04   2.02   3.12 |   0.14  -0.14   0.46
  3 -0.73  1.0  0.0000       3.137  0.0E+00   0.00 |   0.01  -0.01  -3.20   3.64 |  -0.01   0.01  -0.47
__________________________________________________________________________________________________________
   Proton  wavefunctions
  i     P   Rz   occ          E       d2h    Delta |   JxT    JyT    Jz      J   |   SxT    SyT    Sz
----------------------------------------------------------------------------------------------------------
 40  0.99  1.0  2.0000     -30.741  0.0E+00   0.00 |  -0.50   0.50   0.50   0.52 |  -0.50   0.50   0.50
 39 -0.99  1.0  2.0000     -19.892  0.0E+00   0.02 |  -0.87   0.87   0.50   1.47 |  -0.45   0.45   0.40
 38 -0.98  1.0  1.9998     -17.424  0.0E+00   0.19 |  -0.00   0.00  -1.50   1.53 |   0.00   0.00  -0.50
 37 -0.91  1.0  1.9546     -12.778  0.0E+00   1.52 |   0.31  -0.31   0.50   0.78 |  -0.06   0.06  -0.39
 36  0.88  1.0  1.4326      -8.783  0.0E+00   1.82 |  -1.14   1.14   0.50   2.22 |  -0.41   0.41   0.32
 35  0.97  1.0  0.4979      -6.917  0.0E+00   1.71 |  -0.00   0.00  -1.50   2.50 |  -0.00   0.00  -0.42
 34  0.95  1.0  0.0781      -4.677  0.0E+00   1.36 |   0.00  -0.00   2.50   2.54 |  -0.00   0.00   0.50
 33  0.83  1.0  0.0312      -3.081  0.0E+00   1.24 |  -0.37   0.37   0.50   1.67 |  -0.25   0.25   0.00
 31 -0.20  1.0  0.0017      -1.623  0.0E+00   0.37 |  -0.58   0.58   0.50   2.83 |  -0.45   0.45   0.40
 32  0.75  1.0  0.0039      -0.822  0.0E+00   0.63 |   0.26  -0.26   0.50   1.41 |  -0.37   0.37   0.24
 30  0.66  1.0  0.0001       1.418  0.0E+00   0.15 |  -0.01   0.01  -1.49   2.01 |   0.00  -0.00   0.35
 26  0.67  1.0  0.0000       2.334  0.0E+00   0.00 |   0.09  -0.10  -1.48   2.59 |   0.00  -0.01  -0.48
 29 -0.74  1.0  0.0000       2.341  0.0E+00   0.04 |  -0.95   0.95   0.50   2.95 |  -0.36   0.36   0.23
 27 -0.65  1.0  0.0000       2.398  0.0E+00   0.00 |  -0.01   0.02   0.49   1.86 |  -0.01   0.02  -0.47
 28 -0.60  1.0  0.0000       2.477  0.0E+00   0.02 |   0.01  -0.01  -1.49   2.60 |   0.00  -0.00  -0.46
 23  0.20  1.0  0.0000       2.612  0.0E+00   0.00 |   0.39  -0.39   0.64   2.31 |   0.48  -0.48   0.49
 21 -0.24  1.0  0.0000       2.929  0.0E+00   0.00 |   0.43  -0.43   0.49   2.20 |   0.49  -0.49   0.49
 24  0.80  1.0  0.0000       2.930  0.0E+00   0.00 |  -0.07   0.07   0.52   2.34 |  -0.01   0.02  -0.47
 25 -0.20  1.0  0.0000       3.660  0.0E+00   0.00 |  -0.58   0.58   0.50   2.20 |  -0.49   0.49   0.49
 22 -0.44  1.0  0.0000       5.754  0.0E+00   0.00 |   0.00  -0.00  -2.94   3.97 |  -0.00   0.00  -0.50
----------------------------------------------------------------------------------------------------------
---------------------------------Quasiparticles---------------------------------
Block 1:  P=+1  neutrons
  N      Eqp       f_n      |   U   V  |   B  P  ov_TR |    JxT    JyT    Jz
________________________________________________________________________________
  1    -23.23      0.00E+00 |    1   0 |   -  -  0.000 |    0.00   0.00   0.50
  2    -15.19      0.00E+00 |    0  16 |   -  -  0.000 |    0.00   0.00   3.23
  3    -13.94      0.00E+00 |    0  19 |   -  -  0.000 |    0.00   0.00  -1.27
  4    -13.54      0.00E+00 |    0   8 |   -  -  0.000 |    0.00   0.00  -0.51
  5    -13.43      0.00E+00 |    0  20 |   -  -  0.000 |    0.00   0.00  -0.50
  6    -13.13      0.00E+00 |    0  14 |   -  -  0.000 |    0.00   0.00  -1.11
  7    -12.63      0.00E+00 |    0  17 |   -  -  0.000 |    0.00   0.00   1.47
  8    -12.46      0.00E+00 |    0  18 |   -  -  0.000 |    0.00   0.00  -0.47
  9    -12.19      0.00E+00 |    9   0 |   -  -  0.000 |    0.00   0.00   0.50
 10    -11.73      0.00E+00 |    0  13 |   -  -  0.000 |    0.00   0.00   1.49
 11    -11.12      0.00E+00 |    0  15 |   -  -  0.000 |    0.00   0.00  -0.50
 12     -9.78      0.00E+00 |   10   7 |   -  -  0.000 |    0.00   0.00   1.41
 13     -9.75      0.00E+00 |   10   7 |   -  -  0.000 |    0.00   0.00  -1.41
 14     -8.32      0.00E+00 |    0   6 |   -  -  0.000 |    0.00   0.00  -0.50
 15     -7.33      0.00E+00 |    0  12 |   -  -  0.000 |    0.00   0.00  -0.50
 16     -5.21      0.00E+00 |   11  11 |   -  -  0.000 |    0.00   0.00   0.47
 17     -5.01      0.00E+00 |   11   5 |   -  -  0.000 |    0.00   0.00  -0.47
 18     -3.47      0.00E+00 |    4   4 |   -  -  0.000 |    0.00   0.00  -2.32
 19     -1.93      0.00E+00 |    2   2 |   -  -  0.000 |    0.00   0.00   0.22
 20     -1.89      0.00E+00 |    3   3 |   -  -  0.000 |    0.00   0.00   0.76
 21      1.89      1.00E+00 |    3   3 |   -  -  0.000 |    0.00   0.00  -0.76
 22      1.93      1.00E+00 |    2   2 |   -  -  0.000 |    0.00   0.00  -0.22
 23      3.47      1.00E+00 |    4   4 |   -  -  0.000 |    0.00   0.00   2.32
 24      5.01      1.00E+00 |    5  11 |   -  -  0.000 |    0.00   0.00   0.47
 25      5.21      1.00E+00 |   11  11 |   -  -  0.000 |    0.00   0.00  -0.47
 26      7.33      1.00E+00 |   12   0 |   -  -  0.000 |    0.00   0.00   0.50
 27      8.32      1.00E+00 |    6   0 |   -  -  0.000 |    0.00   0.00   0.50
 28      9.75      1.00E+00 |    7  10 |   -  -  0.000 |    0.00   0.00   1.41
 29      9.78      1.00E+00 |    7  10 |   -  -  0.000 |    0.00   0.00  -1.41
 30     11.12      1.00E+00 |   15   0 |   -  -  0.000 |    0.00   0.00   0.50
 31     11.73      1.00E+00 |   13   0 |   -  -  0.000 |    0.00   0.00  -1.49
 32     12.19      1.00E+00 |    0   9 |   -  -  0.000 |    0.00   0.00  -0.50
 33     12.46      1.00E+00 |   18   0 |   -  -  0.000 |    0.00   0.00   0.47
 34     12.63      1.00E+00 |   17   0 |   -  -  0.000 |    0.00   0.00  -1.47
 35     13.13      1.00E+00 |   14   0 |   -  -  0.000 |    0.00   0.00   1.11
 36     13.43      1.00E+00 |   20   0 |   -  -  0.000 |    0.00   0.00   0.50
 37     13.54      1.00E+00 |    8   0 |   -  -  0.000 |    0.00   0.00   0.51
 38     13.94      1.00E+00 |   19   0 |   -  -  0.000 |    0.00   0.00   1.27
 39     15.19      1.00E+00 |   16   0 |   -  -  0.000 |    0.00   0.00  -3.23
 40     23.23      1.00E+00 |    0   1 |   -  -  0.000 |    0.00   0.00  -0.50

Block 5:  P=+1   protons
  N      Eqp       f_n      |   U   V  |   B  P  ov_TR |    JxT    JyT    Jz
________________________________________________________________________________
  1    -22.83      0.00E+00 |   21   0 |   -  -  0.000 |    0.00   0.00   0.50
  2    -13.67      0.00E+00 |    0  36 |   -  -  0.000 |    0.00   0.00   2.92
  3    -11.98      0.00E+00 |   29   0 |   -  -  0.000 |    0.00   0.00   0.50
  4    -11.59      0.00E+00 |    0  40 |   -  -  0.000 |    0.00   0.00  -0.50
  5    -11.00      0.00E+00 |    0  35 |   -  -  0.000 |    0.00   0.00  -0.51
  6    -10.94      0.00E+00 |    0  34 |   -  -  0.000 |    0.00   0.00  -0.23
  7    -10.72      0.00E+00 |    0  33 |   -  -  0.000 |    0.00   0.00   1.19
  8    -10.49      0.00E+00 |    0  39 |   -  -  0.000 |    0.00   0.00  -0.50
  9    -10.35      0.00E+00 |    0  38 |   -  -  0.000 |    0.00   0.00  -0.50
 10    -10.16      0.00E+00 |    0  28 |   -  -  0.000 |    0.00   0.00  -0.47
 11     -9.91      0.00E+00 |    0  37 |   -  -  0.000 |    0.00   0.00   1.47
 12     -9.51      0.00E+00 |   30   0 |   -  -  0.000 |    0.00   0.00  -1.50
 13     -9.27      0.00E+00 |    0  27 |   -  -  0.000 |    0.00   0.00   1.38
 14     -7.77      0.00E+00 |    0  26 |   -  -  0.000 |    0.00   0.00  -0.50
 15     -5.87      0.00E+00 |    0  32 |   -  -  0.000 |    0.00   0.00  -0.49
 16     -5.09      0.00E+00 |   31  31 |   -  -  0.000 |    0.00   0.00   0.47
 17     -4.66      0.00E+00 |   25  25 |   -  -  0.000 |    0.00   0.00  -0.48
 18     -3.51      0.00E+00 |   24  24 |   -  -  0.000 |    0.00   0.00  -2.30
 19     -2.00      0.00E+00 |   22  22 |   -  -  0.000 |    0.00   0.00   0.21
 20     -1.98      0.00E+00 |   23  23 |   -  -  0.000 |    0.00   0.00   0.75
 21      1.98      1.00E+00 |   23  23 |   -  -  0.000 |    0.00   0.00  -0.75
 22      2.00      1.00E+00 |   22  22 |   -  -  0.000 |    0.00   0.00  -0.21
 23      3.51      1.00E+00 |   24  24 |   -  -  0.000 |    0.00   0.00   2.30
 24      4.66      1.00E+00 |   25  25 |   -  -  0.000 |    0.00   0.00   0.48
 25      5.09      1.00E+00 |   31  31 |   -  -  0.000 |    0.00   0.00  -0.47
 26      5.87      1.00E+00 |   32   0 |   -  -  0.000 |    0.00   0.00   0.49
 27      7.77      1.00E+00 |   26   0 |   -  -  0.000 |    0.00   0.00   0.50
 28      9.27      1.00E+00 |   27   0 |   -  -  0.000 |    0.00   0.00  -1.38
 29      9.51      1.00E+00 |    0  30 |   -  -  0.000 |    0.00   0.00   1.50
 30      9.91      1.00E+00 |   37   0 |   -  -  0.000 |    0.00   0.00  -1.47
 31     10.16      1.00E+00 |   28   0 |   -  -  0.000 |    0.00   0.00   0.47
 32     10.35      1.00E+00 |   38   0 |   -  -  0.000 |    0.00   0.00   0.50
 33     10.49      1.00E+00 |   39   0 |   -  -  0.000 |    0.00   0.00   0.50
 34     10.72      1.00E+00 |   33   0 |   -  -  0.000 |    0.00   0.00  -1.19
 35     10.94      1.00E+00 |   34   0 |   -  -  0.000 |    0.00   0.00   0.23
 36     11.00      1.00E+00 |   35   0 |   -  -  0.000 |    0.00   0.00   0.51
 37     11.59      1.00E+00 |   40   0 |   -  -  0.000 |    0.00   0.00   0.50
 38     11.98      1.00E+00 |    0  29 |   -  -  0.000 |    0.00   0.00  -0.50
 39     13.67      1.00E+00 |   36   0 |   -  -  0.000 |    0.00   0.00  -2.92
 40     22.83      1.00E+00 |    0  21 |   -  -  0.000 |    0.00   0.00  -0.50

--------------------------------------------------------------------------------
------------------------ Electric Multipole Moments -------------------------
Quantisation Axis             : Z
  With secondary axis ordering: X,Y
  Calculated wrt to COM = (   0.000   0.000   0.000)
______________________________________________________________________________
                   Neutrons        Protons          Charge         Total
______________________________________________________________________________
 Particles           10.0000         10.0000          9.9999         20.0000

Re  Q_{ 1 0}         -0.0235          0.0235          0.0232          0.0001
Constrained                                                           0.0000
Re De_{ 1 0}                                                   0.8251419E-04
Re La_{ 1 0}                                                         -0.4215

Re  Q_{ 2 0}         10.4403         10.9838         10.9767         21.4241
Re  Q_{ 2 2}          0.0000         -0.0000         -0.0000          0.0000

Re  Q_{ 3 0}         23.1344         26.8650         26.8117         49.9993
Constrained                                                          50.0000
Re De_{ 3 0}                                                   0.6523025E-03
Re La_{ 3 0}                                                          0.0569
Re  Q_{ 3 2}         -0.0000         -0.0000         -0.0000         -0.0000

Re  Q_{ 4 0}         84.3667        102.7748        102.3224        187.1416
Re  Q_{ 4 2}         -0.0000         -0.0000         -0.0000         -0.0001
Re  Q_{ 4 4}          0.0186          0.0219          0.2386          0.0405

Re  Q_{ 5 0}        353.9414        470.9655        465.6438        824.9069
Re  Q_{ 5 2}         -0.0001         -0.0000         -0.0000         -0.0001
Re  Q_{ 5 4}         -0.1098         -0.1865         -0.1328         -0.2964

Re  Q_{ 6 0}       1464.1569       2209.7600       2148.3468       3673.9169
Re  Q_{ 6 2}         -0.0015         -0.0006         -0.0006         -0.0021
Re  Q_{ 6 4}          0.9216          1.5683          4.9801          2.4898
Re  Q_{ 6 6}          0.0001          0.0001          0.0002          0.0002

Re  Q_{ 7 0}       6355.1107      10033.4589       9647.5964      16388.5696
Re  Q_{ 7 2}         -0.0083         -0.0093         -0.0087         -0.0176
Re  Q_{ 7 4}         -1.8031         -5.3313          4.6915         -7.1345
Re  Q_{ 7 6}          0.0001          0.0027          0.0025          0.0028

Re  Q_{ 8 0}      33471.0673      58224.8341      53538.8846      91695.9013
Re  Q_{ 8 2}          0.0396          0.1782          0.1702          0.2177
Re  Q_{ 8 4}          0.0963         -2.8462        119.6122         -2.7499
Re  Q_{ 8 6}          0.0248          0.0552          0.0570          0.0801
Re  Q_{ 8 8}        -21.0680        -30.0194        -33.8356        -51.0874

Re  Q_{ 9 0}     150541.4457     267632.0304     241258.6116     418173.4761
Re  Q_{ 9 2}         -0.3236         -0.4715         -0.4608         -0.7951
Re  Q_{ 9 4}        470.4930        864.0770       1548.9180       1334.5699
Re  Q_{ 9 6}         -0.0608         -0.1548         -0.1452         -0.2156
Re  Q_{ 9 8}        157.1577         14.0236        116.2862        171.1813

Re  Q_{10 0}     816203.2086    1528493.5148    1256081.0428    2344696.7234
Re  Q_{10 2}         -0.7347         -0.6828         -0.7159         -1.4175
Re  Q_{10 4}        702.7633       9925.1845      11577.7307      10627.9478
Re  Q_{10 6}          0.0917          0.2537          0.9349          0.3455
Re  Q_{10 8}      -1532.7745       7871.6859       5313.9882       6338.9114
Re  Q_{1010}         -0.2067         -0.2101         -0.2820         -0.4168

 RMS radius           2.8797          2.9191          2.9845          2.8995
 Fourth mom.          3.2211          3.2856          3.3631          3.2538
______________________________________________________________________________
                   Neutrons        Protons          Charge         Total
______________________________________________________________________________


Beta_{ 2 0}       0.20608894      0.21681842      0.21667768      0.42290736
Beta_{ 2 2}       0.00000001     -0.00000000     -0.00000000      0.00000000

Beta_{ 3 0}       0.14019834      0.16280626      0.16248321      0.30300460
Beta_{ 3 2}      -0.00000003     -0.00000001     -0.00000001     -0.00000004

Beta_{ 4 0}       0.15696333      0.19121137      0.19036959      0.34817470
Beta_{ 4 2}      -0.00000007     -0.00000009     -0.00000009     -0.00000016
Beta_{ 4 4}       0.00003460      0.00004069      0.00044388      0.00007529

Beta_{ 5 0}       0.20216244      0.26900364      0.26596399      0.47116608
Beta_{ 5 2}      -0.00000004     -0.00000000     -0.00000001     -0.00000004
Beta_{ 5 4}      -0.00006272     -0.00010655     -0.00007586     -0.00016927

Beta_{ 6 0}       0.25674309      0.38748622      0.37671728      0.64422931
Beta_{ 6 2}      -0.00000027     -0.00000010     -0.00000010     -0.00000037
Beta_{ 6 4}       0.00016160      0.00027500      0.00087328      0.00043660
Beta_{ 6 6}       0.00000002      0.00000003      0.00000003      0.00000004

Beta_{ 7 0}       0.34211834      0.54013698      0.51936462      0.88225532
Beta_{ 7 2}      -0.00000045     -0.00000050     -0.00000047     -0.00000095
Beta_{ 7 4}      -0.00009707     -0.00028700      0.00025256     -0.00038407
Beta_{ 7 6}       0.00000001      0.00000015      0.00000013      0.00000015

Beta_{ 8 0}       0.55317798      0.96228470      0.88483979      1.51546269
Beta_{ 8 2}       0.00000065      0.00000294      0.00000281      0.00000360
Beta_{ 8 4}       0.00000159     -0.00004704      0.00197684     -0.00004545
Beta_{ 8 6}       0.00000041      0.00000091      0.00000094      0.00000132
Beta_{ 8 8}      -0.00034819     -0.00049613     -0.00055920     -0.00084432

Beta_{ 9 0}       0.76382434      1.35792412      1.22410941      2.12174846
Beta_{ 9 2}      -0.00000164     -0.00000239     -0.00000234     -0.00000403
Beta_{ 9 4}       0.00238721      0.00438419      0.00785897      0.00677140
Beta_{ 9 6}      -0.00000031     -0.00000079     -0.00000074     -0.00000109
Beta_{ 9 8}       0.00079739      0.00007115      0.00059002      0.00086855

Beta_{10 0}       1.27138709      2.38091067      1.95657798      3.65229776
Beta_{10 2}      -0.00000114     -0.00000106     -0.00000112     -0.00000221
Beta_{10 4}       0.00109468      0.01546031      0.01803445      0.01655499
Beta_{10 6}       0.00000014      0.00000040      0.00000146      0.00000054
Beta_{10 8}      -0.00238758      0.01226160      0.00827752      0.00987402
Beta_{1010}      -0.00000032     -0.00000033     -0.00000044     -0.00000065


______________________________________________________________________________
                   Neutrons        Protons          Charge         Total
______________________________________________________________________________
Q_{ 1}                0.0235          0.0235          0.0232          0.0001
Q_{ 2}               10.4403         10.9838         10.9767         21.4241
Q_{ 3}               23.1344         26.8650         26.8117         49.9993
Q_{ 4}               84.3667        102.7748        102.3229        187.1416
Q_{ 5}              353.9415        470.9656        465.6438        824.9070
Q_{ 6}             1464.1575       2209.7611       2148.3584       3673.9186
Q_{ 7}             6355.1112      10033.4617       9647.5987      16388.5727
Q_{ 8}            33471.0805      58224.8497      53539.1733      91695.9299
Q_{ 9}           150543.0802     267634.8209     241268.6118     418177.8053
Q_{10}           816206.6921    1528598.4987    1256210.2334    2344762.0337
______________________________________________________________________________
                   Neutrons        Protons          Charge         Total
______________________________________________________________________________
Beta_{   1}       0.00150817      0.00151348      0.00148960      0.00000531
Beta_{   2}       0.20608894      0.21681842      0.21667768      0.42290736
Beta_{   3}       0.14019834      0.16280626      0.16248321      0.30300460
Beta_{   4}       0.15696333      0.19121138      0.19037063      0.34817472
Beta_{   5}       0.20216246      0.26900368      0.26596402      0.47116614
Beta_{   6}       0.25674319      0.38748641      0.37671931      0.64422960
Beta_{   7}       0.34211837      0.54013713      0.51936474      0.88225549
Beta_{   8}       0.55317820      0.96228496      0.88484456      1.51546316
Beta_{   9}       0.76383264      1.35793827      1.22416015      2.12177042
Beta_{  10}       1.27139252      2.38107420      1.95677922      3.65239950
______________________________________________________________________________
 Cart. Moments X              Y              Z
 Cart. N      -16.5512873    -16.5512903     33.1025776
 Cart. P      -17.4129891    -17.4129879     34.8259770
 Cart. T      -33.9642764    -33.9642781     67.9285545
 (Q, gamma)    Q              Gamma
 (Q,g) N       33.1025776      0.0000030
 (Q,g) P       34.8259770     -0.0000012
 (Q,g) T       67.9285545      0.0000009
 (iq1, iq2)    iq1            iq2
 iq    N       33.1025766      0.0000020
 iq    P       34.8259774     -0.0000008
 iq    T       67.9285539      0.0000012
               X^2            Y^2            Z^2
 X^2_i N       22.1253523     22.1253513     38.6766406
 X^2_i P       22.6002704     22.6002708     40.0132591
 X^2_i T       44.7256228     44.7256222     78.6898997
----------------------------------------------------------------------------
----------------------- Box Size Check -------------------------
 Xmax = (nx+0.5)dx =  9.200 fm,  max(rho(X=Xmax)) =    3.258E-07
 Ymax = (ny+0.5)dx =  9.200 fm,  max(rho(Y=Ymax)) =    3.258E-07
 Zmax = (nz+0.5)dx =  9.200 fm,  max(rho(Z=Zmax)) =    8.650E-05
 Zmin =-(nz+0.5)dx = -9.200fm,  max(rho(Z=Zmin)) =    1.470E-05
---------------------Rotational properties--------------------
                Rigid rotor          (hbar^2/MeV)
              n              p              t 
 I_R X       1.4661314      1.5098134      2.9759449
 I_R Y       1.4661315      1.5098134      2.9759449
 I_R Z       1.0670267      1.0899303      2.1569570

                Belyaev                 (hbar^2/MeV) 
              n              p              t 
 I_B X       0.6116141      0.5865776      1.1981917
 I_B Y       0.6116140      0.5865776      1.1981916
 I_B Z       0.0000184      0.0000273      0.0000457

                Belyaev (collective)    (hbar^2/MeV) 
              n              p              t 
 I_B X       0.6116141      0.5865776      1.1981917
 I_B Y       0.6116140      0.5865776      1.1981916
 I_B Z       0.0000184      0.0000273      0.0000457

                 <J^2> - <J>^2          (hbar^2)
              n              p              t 
 J2_X        1.5696073      1.5766930      3.1463003
 J2_Y        1.5696069      1.5766931      3.1463000
 J2_Z        0.0001213      0.0001711      0.0002924
 J2_t        3.1393355      3.1535572      6.2928927

                 <J^2> - <J>^2 (coll.)  (hbar^2)
              n              p              t 
 J2_X        1.5696073      1.5766930      3.1463003
 J2_Y        1.5696069      1.5766931      3.1463000
 J2_Z        0.0001213      0.0001711      0.0002924
 J2_t        3.1393355      3.1535572      6.2928927
------------------------- Angular Momentum (hbar) --------------------------

               Spwfs(*)    Desired     Omega       E (MeV)      Densit. 
  __________________________________________________________________________
   J_x   |     0.00000     0.00000     0.00000     0.00000     0.00000
   J_y   |     0.00000     0.00000     0.00000     0.00000     0.00000
   J_z   |     0.00000     0.00000     0.00000     0.00000     0.00000
  __________________________________________________________________________
   Size  |     0.00000     0.00000     0.00000                 0.00000
  --------------------------------------------------------------------------
-------------------------- Pairing -------------------------
                          N         P 
 Fermi Level (MeV)    -12.03309558    -7.91232669
 Particles             10.00000000    10.00000000
 Dispersion             1.81422500     1.86810245
 Average gap   v^2      0.65229667     0.69832529
 Average gap   uv       1.49584668     1.55326140
------------------------------------------------------------
--------------------------------------------------------------------------------
 Skyrme Energy                Isospin  1 2 3 4                   Energy [MeV]
--------------------------------------------------------------------------------
E_D_I_I_D_I_I                          0 0                      -1295.232711
E_D_I_I_D_I_I                          1 1                          0.051550
E_D_I_I_D_I_I_D_I_I                    0 0 0                      735.723668
E_D_I_I_D_I_I_D_I_I                    0 1 1                       -0.026186
E_D_I_I_D_Nm_Nm                        0 0                         27.743207
E_D_I_I_D_Nm_Nm                        1 1                         -0.003034
E_D_I_I_Lap_D_I_I                      0 0                         58.136318
E_D_I_I_Lap_D_I_I                      1 1                          0.001407
E_C_I_NmSk_C_I_NmSk                    0 0                         -0.000000
E_C_I_NmSk_C_I_NmSk                    1 1                         -0.000000
E_D_I_I_D_I_I_D_Nm_Nm                  0 0 0                        0.000000
E_D_I_I_D_I_I_D_Nm_Nm                  0 1 1                       -0.000000
E_D_I_I_D_I_I_D_Nm_Nm                  0 0 0                        0.000000
E_D_I_I_D_I_I_D_Nm_Nm                  0 1 1                        0.000000
E_D_I_I_Derm_D_I_I_Derm_D_I_I          0 0 0                        0.000000
E_D_I_I_Derm_D_I_I_Derm_D_I_I          0 1 1                       -0.000000
E_D_I_I_Derm_D_I_I_Derm_D_I_I          0 0 0                       -0.000000
E_D_I_I_Derm_D_I_I_Derm_D_I_I          0 1 1                       -0.000000
E_D_I_I_Derm_D_I_I_D_I_I_Derm_D_I_I    0 0 0 0                      0.000000
E_D_I_I_Derm_D_I_I_D_I_I_Derm_D_I_I    0 0 1 1                     -0.000000
E_D_I_I_Derm_C_I_NxmSxm                0 0                        -10.758084
E_D_I_I_Derm_C_I_NxmSxm                1 1                         -0.000446
E_DP_I_I_DP_I_I                        n n                         -3.564576
E_DP_I_I_DP_I_I                        p p                         -3.828940
E_D_I_I_DP_I_I_DP_I_I                  0 n n                        1.497206
E_D_I_I_DP_I_I_DP_I_I                  0 p p                        1.584911
--------------------------------------------------------------------------------
                 Total Skyrme:                                   -488.675710
--------------------------------------------------------------------------------
                    time-even:                                   -488.675710
                    time-odd :                                      0.000000
                    bilinear :                                  -1227.455309
                    trilinear:                                      0.000000
                 quadrilinear:                                      0.000000
            density-dependent:                                    738.779599
--------------------------------------------------------------------------------
--------------------------------------------------------------------------------
                                     neutron        proton         total
                Kinetic Energy:     162.451235     159.127093     321.578329
                    COM 1-body:      -8.122562      -7.956355     -16.078916
                    COM 2-body:       3.212196       3.160244       6.372441
                            ph:       3.187639       3.131688       6.319327
                            pp:       0.024558       0.028556       0.053114
                 Collective T:                                     -2.443059

                 Rotational  T:                                    -2.443059
                 Rotational  X:                                    -1.221031
                 Rotational  Y:                                    -1.221031
                 Rotational  Z:                                    -0.000996

                 Vibrational T:                                     0.000000
                 Vibrational X:                                    -0.000000
                 Vibrational Y:                                    -0.000000
                 Vibrational Z:                                    -0.000000


                Coulomb Direct:       0.000000      23.426726      23.426726
                      Exchange:       0.000000       0.000000       0.000000

               Pairing (delta):      -2.067240      -2.244001      -4.311240
               Pairing (densi):                                    -4.311399
--------------------------------------------------------------------------------
                  Total energy:                                  -155.820190
                    from spwfs:                                  -155.820173
                   E_fu - E_sp:                                -0.168029E-04
                   (no corr.) :                                  -159.749571
                      Routhian:                                  -157.215598
                         dE   :                                -0.632860E-03
                         dR   :                                -0.641097E-03
--------------------------------------------------------------------------------
 Iteration =  121
 dt    =   0.0248      mu   =   0.8303 gradn =    0.000E+00 D2H  =    1.013E-06
 E     =   -155.820    DE   = -0.28729E-06
 R     =   -157.216    DR   = -0.33314E-06
 R-E   =     -1.395  D(R-E) = -0.48829E-07
 dmun  = -2.2E-06      dmup=  3.8E-05
 RQ10t =       0.0001   dQ = -2.0E-06  L =      -0.4215   dL = -9.9E-06  dev =  8.1E-05
 RQ20t =      21.4236   dQ = -4.7E-04  L =       0.0000   dL =  0.0E+00  dev =  0.0E+00
 RQ22t =       0.0000   dQ = -3.4E-08  L =       0.0000   dL =  0.0E+00  dev =  0.0E+00
 RQ30t =      49.9994   dQ =  4.7E-05  L =       0.0569   dL =  2.9E-07  dev =  6.1E-04
 Jz    =       0.0000   dJZ=  0.0E+00 Om =       0.0000   dO =  0.0E+00  dev =  0.0E+00
--------------------------------------------------------------------------------------
 Iteration =  122
 dt    =   0.0248      mu   =   0.8303 gradn =    0.000E+00 D2H  =    9.663E-07
 E     =   -155.820    DE   = -0.28523E-06
 R     =   -157.216    DR   = -0.32748E-06
 R-E   =     -1.395  D(R-E) = -0.45184E-07
 dmun  = -2.4E-06      dmup=  3.7E-05
 RQ10t =       0.0001   dQ = -1.9E-06  L =      -0.4215   dL = -9.7E-06  dev =  7.9E-05
 RQ20t =      21.4232   dQ = -4.6E-04  L =       0.0000   dL =  0.0E+00  dev =  0.0E+00
 RQ22t =       0.0000   dQ = -3.2E-08  L =       0.0000   dL =  0.0E+00  dev =  0.0E+00
 RQ30t =      49.9994   dQ =  4.2E-05  L =       0.0569   dL =  2.7E-07  dev =  5.6E-04
 Jz    =       0.0000   dJZ=  0.0E+00 Om =       0.0000   dO =  0.0E+00  dev =  0.0E+00
--------------------------------------------------------------------------------------
 Iteration =  123
 dt    =   0.0248      mu   =   0.8303 gradn =    0.000E+00 D2H  =    9.219E-07
 E     =   -155.820    DE   = -0.28296E-06
 R     =   -157.216    DR   = -0.32202E-06
 R-E   =     -1.395  D(R-E) = -0.41942E-07
 dmun  = -2.6E-06      dmup=  3.6E-05
 RQ10t =       0.0001   dQ = -1.9E-06  L =      -0.4215   dL = -9.4E-06  dev =  7.7E-05
 RQ20t =      21.4227   dQ = -4.5E-04  L =       0.0000   dL =  0.0E+00  dev =  0.0E+00
 RQ22t =       0.0000   dQ = -2.9E-08  L =       0.0000   dL =  0.0E+00  dev =  0.0E+00
 RQ30t =      49.9995   dQ =  3.7E-05  L =       0.0569   dL =  2.5E-07  dev =  5.3E-04
 Jz    =       0.0000   dJZ=  0.0E+00 Om =       0.0000   dO =  0.0E+00  dev =  0.0E+00
--------------------------------------------------------------------------------------
 Iteration =  124
 dt    =   0.0248      mu   =   0.8303 gradn =    0.000E+00 D2H  =    8.797E-07
 E     =   -155.820    DE   = -0.28043E-06
 R     =   -157.216    DR   = -0.31668E-06
 R-E   =     -1.395  D(R-E) = -0.39087E-07
 dmun  = -2.7E-06      dmup=  3.5E-05
 RQ10t =       0.0001   dQ = -1.8E-06  L =      -0.4216   dL = -9.2E-06  dev =  7.5E-05
 RQ20t =      21.4223   dQ = -4.4E-04  L =       0.0000   dL =  0.0E+00  dev =  0.0E+00
 RQ22t =       0.0000   dQ = -2.7E-08  L =       0.0000   dL =  0.0E+00  dev =  0.0E+00
 RQ30t =      49.9995   dQ =  3.3E-05  L =       0.0569   dL =  2.3E-07  dev =  4.9E-04
 Jz    =       0.0000   dJZ=  0.0E+00 Om =       0.0000   dO =  0.0E+00  dev =  0.0E+00
--------------------------------------------------------------------------------------
 Iteration =  125
 dt    =   0.0248      mu   =   0.8303 gradn =    0.000E+00 D2H  =    8.393E-07
 E     =   -155.820    DE   = -0.27760E-06
 R     =   -157.216    DR   = -0.31141E-06
 R-E   =     -1.395  D(R-E) = -0.36591E-07
 dmun  = -2.8E-06      dmup=  3.4E-05
 RQ10t =       0.0001   dQ = -1.7E-06  L =      -0.4216   dL = -9.0E-06  dev =  7.3E-05
 RQ20t =      21.4219   dQ = -4.3E-04  L =       0.0000   dL =  0.0E+00  dev =  0.0E+00
 RQ22t =       0.0000   dQ = -2.6E-08  L =       0.0000   dL =  0.0E+00  dev =  0.0E+00
 RQ30t =      49.9995   dQ =  3.0E-05  L =       0.0569   dL =  2.2E-07  dev =  4.6E-04
 Jz    =       0.0000   dJZ=  0.0E+00 Om =       0.0000   dO =  0.0E+00  dev =  0.0E+00
--------------------------------------------------------------------------------------
 Iteration =  126
 dt    =   0.0248      mu   =   0.8303 gradn =    0.000E+00 D2H  =    8.009E-07
 E     =   -155.820    DE   = -0.27479E-06
 R     =   -157.216    DR   = -0.30637E-06
 R-E   =     -1.395  D(R-E) = -0.34324E-07
 dmun  = -3.0E-06      dmup=  3.4E-05
 RQ10t =       0.0001   dQ = -1.6E-06  L =      -0.4216   dL = -8.8E-06  dev =  7.2E-05
 RQ20t =      21.4214   dQ = -4.2E-04  L =       0.0000   dL =  0.0E+00  dev =  0.0E+00
 RQ22t =       0.0000   dQ = -2.4E-08  L =       0.0000   dL =  0.0E+00  dev =  0.0E+00
 RQ30t =      49.9996   dQ =  2.5E-05  L =       0.0569   dL =  2.1E-07  dev =  4.4E-04
 Jz    =       0.0000   dJZ=  0.0E+00 Om =       0.0000   dO =  0.0E+00  dev =  0.0E+00
--------------------------------------------------------------------------------------
 Iteration =  127
 dt    =   0.0248      mu   =   0.8303 gradn =    0.000E+00 D2H  =    7.642E-07
 E     =   -155.820    DE   = -0.27170E-06
 R     =   -157.216    DR   = -0.30140E-06
 R-E   =     -1.395  D(R-E) = -0.32407E-07
 dmun  = -3.1E-06      dmup=  3.3E-05
 RQ10t =       0.0001   dQ = -1.6E-06  L =      -0.4216   dL = -8.6E-06  dev =  7.0E-05
 RQ20t =      21.4210   dQ = -4.1E-04  L =       0.0000   dL =  0.0E+00  dev =  0.0E+00
 RQ22t =       0.0000   dQ = -2.2E-08  L =       0.0000   dL =  0.0E+00  dev =  0.0E+00
 RQ30t =      49.9996   dQ =  2.2E-05  L =       0.0569   dL =  2.0E-07  dev =  4.2E-04
 Jz    =       0.0000   dJZ=  0.0E+00 Om =       0.0000   dO =  0.0E+00  dev =  0.0E+00
--------------------------------------------------------------------------------------
 Iteration =  128
 dt    =   0.0248      mu   =   0.8303 gradn =    0.000E+00 D2H  =    7.292E-07
 E     =   -155.821    DE   = -0.26844E-06
 R     =   -157.216    DR   = -0.29653E-06
 R-E   =     -1.395  D(R-E) = -0.30747E-07
 dmun  = -3.2E-06      dmup=  3.2E-05
 RQ10t =       0.0001   dQ = -1.5E-06  L =      -0.4216   dL = -8.4E-06  dev =  6.9E-05
 RQ20t =      21.4206   dQ = -4.0E-04  L =       0.0000   dL =  0.0E+00  dev =  0.0E+00
 RQ22t =       0.0000   dQ = -2.0E-08  L =       0.0000   dL =  0.0E+00  dev =  0.0E+00
 RQ30t =      49.9996   dQ =  1.9E-05  L =       0.0569   dL =  1.9E-07  dev =  4.0E-04
 Jz    =       0.0000   dJZ=  0.0E+00 Om =       0.0000   dO =  0.0E+00  dev =  0.0E+00
--------------------------------------------------------------------------------------
 Iteration =  129
 dt    =   0.0248      mu   =   0.8303 gradn =    0.000E+00 D2H  =    6.958E-07
 E     =   -155.821    DE   = -0.26503E-06
 R     =   -157.216    DR   = -0.29174E-06
 R-E   =     -1.395  D(R-E) = -0.29323E-07
 dmun  = -3.2E-06      dmup=  3.1E-05
 RQ10t =       0.0001   dQ = -1.5E-06  L =      -0.4216   dL = -8.2E-06  dev =  6.7E-05
 RQ20t =      21.4202   dQ = -3.9E-04  L =       0.0000   dL =  0.0E+00  dev =  0.0E+00
 RQ22t =      -0.0000   dQ = -1.9E-08  L =       0.0000   dL =  0.0E+00  dev =  0.0E+00
 RQ30t =      49.9996   dQ =  1.6E-05  L =       0.0569   dL =  1.8E-07  dev =  3.8E-04
 Jz    =       0.0000   dJZ=  0.0E+00 Om =       0.0000   dO =  0.0E+00  dev =  0.0E+00
--------------------------------------------------------------------------------------
--------------------------------------------------------------------------------------
                              Iteration =   130

--------------------- Hartree-Fock basis-------------------------------------------------------------------
__________________________________________________________________________________________________________
   Neutron wavefunctions
  i     P   Rz   occ          E       d2h    Delta |   JxT    JyT    Jz      J   |   SxT    SyT    Sz
----------------------------------------------------------------------------------------------------------
  1  0.99  1.0  1.0000     -35.262  7.8E-09   0.00 |  -0.50   0.50   0.50   0.52 |  -0.50   0.50   0.50
  9 -0.99  1.0  1.0000     -24.221  3.1E-08   0.01 |  -0.87   0.87   0.50   1.46 |  -0.45   0.45   0.40
 10 -0.98  1.0  0.9999     -21.781  7.9E-09   0.14 |  -0.00   0.00  -1.50   1.53 |   0.00   0.00  -0.50
 11 -0.91  1.0  0.9809     -17.047  3.9E-08   1.43 |   0.31  -0.31   0.50   0.78 |  -0.06   0.06  -0.39
  2  0.88  1.0  0.7223     -12.892  8.2E-08   1.73 |  -1.15   1.15   0.50   2.22 |  -0.41   0.41   0.31
  3  0.97  1.0  0.2460     -11.075  2.9E-08   1.62 |  -0.00   0.00  -1.50   2.50 |  -0.00   0.00  -0.42
  4  0.95  1.0  0.0357      -8.815  8.0E-09   1.29 |   0.00  -0.00   2.50   2.54 |  -0.00   0.00   0.50
  5  0.80  1.0  0.0132      -7.153  8.4E-07   1.13 |  -0.61   0.61   0.50   1.65 |  -0.34   0.34   0.17
 12 -0.03  1.0  0.0010      -4.717  6.0E-03   0.43 |  -0.44   0.44   0.50   2.31 |  -0.46   0.46   0.43
  6  0.65  1.0  0.0009      -3.726  6.0E-03   0.42 |   0.44  -0.44   0.50   1.98 |  -0.27   0.27   0.05
  7  0.68  1.0  0.0000      -2.250  1.4E-07   0.10 |   0.00  -0.00  -1.49   1.97 |   0.00  -0.00   0.35
 15 -0.76  1.0  0.0000      -0.911  3.7E-05   0.05 |  -1.09   1.09   0.50   3.00 |  -0.36   0.36   0.23
 13 -0.68  1.0  0.0000      -0.305  8.7E-06   0.01 |  -0.01   0.01  -1.49   2.65 |   0.00  -0.00  -0.42
 18 -0.32  1.0  0.0000       0.427  4.7E-04   0.01 |  -0.01   0.01   0.47   1.78 |  -0.01   0.01  -0.47
 17 -0.09  1.0  0.0000       0.592  2.3E-03   0.01 |   0.04  -0.04  -1.47   2.78 |   0.00  -0.00  -0.42
 14 -0.25  1.0  0.0000       1.098  4.9E-03   0.01 |   0.44  -0.44   1.09   2.62 |   0.41  -0.41   0.49
 20 -0.22  1.0  0.0000       1.398  8.8E-04   0.01 |  -0.65   0.65   0.50   2.15 |  -0.47   0.46   0.43
  8  0.44  1.0  0.0000       1.508  1.1E-03   0.00 |  -0.16   0.17   0.51   2.46 |  -0.03   0.04  -0.43
 19 -0.77  1.0  0.0000       1.901  2.1E-02   0.00 |   0.07  -0.07   1.22   2.79 |   0.20  -0.20   0.45
 16 -0.74  1.0  0.0000       3.156  3.3E-03   0.00 |   0.01  -0.01  -3.21   3.65 |  -0.01   0.01  -0.49
__________________________________________________________________________________________________________
   Proton  wavefunctions
  i     P   Rz   occ          E       d2h    Delta |   JxT    JyT    Jz      J   |   SxT    SyT    Sz
----------------------------------------------------------------------------------------------------------
 21  0.99  1.0  1.0000     -30.741  7.6E-09   0.00 |  -0.50   0.50   0.50   0.52 |  -0.50   0.50   0.50
 29 -0.99  1.0  1.0000     -19.891  4.0E-08   0.02 |  -0.87   0.87   0.50   1.46 |  -0.45   0.45   0.40
 30 -0.98  1.0  0.9999     -17.425  7.8E-09   0.19 |  -0.00   0.00  -1.50   1.53 |   0.00   0.00  -0.50
 31 -0.91  1.0  0.9773     -12.779  6.4E-08   1.52 |   0.30  -0.30   0.50   0.79 |  -0.06   0.06  -0.39
 22  0.86  1.0  0.7160      -8.785  1.1E-07   1.81 |  -1.13   1.13   0.50   2.21 |  -0.41   0.41   0.32
 23  0.97  1.0  0.2490      -6.918  3.3E-08   1.71 |  -0.00   0.00  -1.50   2.50 |  -0.00   0.00  -0.42
 24  0.95  1.0  0.0391      -4.678  7.8E-09   1.36 |   0.00  -0.00   2.50   2.54 |   0.00  -0.00   0.50
 25  0.56  1.0  0.0137      -3.385  9.4E-06   1.04 |  -0.63   0.63   0.50   2.04 |  -0.35   0.35   0.20
 32 -0.02  1.0  0.0025      -2.075  1.0E-05   0.49 |  -0.57   0.57   0.50   2.41 |  -0.49   0.49   0.49
 26  0.82  1.0  0.0025      -0.186  9.7E-07   0.69 |   0.61  -0.61   0.50   1.67 |  -0.23   0.23  -0.03
 27  0.66  1.0  0.0001       1.359  3.0E-05   0.14 |  -0.00   0.00  -1.39   2.00 |   0.05  -0.05   0.34
 37 -0.29  1.0  0.0000       1.996  1.6E-03   0.04 |   0.06  -0.06  -1.47   2.25 |   0.00  -0.00  -0.48
 28  0.15  1.0  0.0000       2.243  4.1E-03   0.06 |   0.05  -0.05   0.47   1.92 |  -0.02   0.02  -0.47
 38 -0.52  1.0  0.0000       2.423  3.5E-02   0.04 |  -0.57   0.58   0.50   2.70 |  -0.21   0.21  -0.09
 39 -0.70  1.0  0.0000       2.572  5.4E-03   0.02 |   0.43  -0.43   0.49   2.28 |   0.46  -0.46   0.47
 33  0.33  1.0  0.0000       2.807  1.3E-02   0.01 |   0.38  -0.39  -1.18   2.89 |   0.08  -0.09  -0.29
 34  0.72  1.0  0.0000       3.026  7.7E-03   0.02 |   0.04  -0.04   0.21   2.22 |   0.39  -0.39   0.36
 35 -0.20  1.0  0.0000       3.104  4.0E-02   0.03 |  -0.60   0.60   0.51   2.54 |  -0.16   0.17  -0.17
 40 -0.20  1.0  0.0000       3.679  8.2E-03   0.02 |  -0.59   0.59   0.50   2.22 |  -0.49   0.49   0.48
 36 -0.44  1.0  0.0000       5.756  1.3E-03   0.00 |  -0.00   0.00  -2.91   3.96 |  -0.00   0.00  -0.50
----------------------------------------------------------------------------------------------------------
--------------------- Canonical    basis-------------------------------------------------------------------
__________________________________________________________________________________________________________
   Neutron wavefunctions
  i     P   Rz   occ          E       d2h    Delta |   JxT    JyT    Jz      J   |   SxT    SyT    Sz
----------------------------------------------------------------------------------------------------------
 20  0.99  1.0  2.0000     -35.262  0.0E+00   0.00 |  -0.50   0.50   0.50   0.52 |  -0.50   0.50   0.50
 19 -0.99  1.0  2.0000     -24.221  0.0E+00   0.01 |  -0.87   0.87   0.50   1.46 |  -0.45   0.45   0.40
 18 -0.98  1.0  1.9999     -21.781  0.0E+00   0.14 |  -0.00   0.00  -1.50   1.53 |   0.00   0.00  -0.50
 17 -0.92  1.0  1.9619     -17.046  0.0E+00   1.42 |   0.31  -0.31   0.50   0.77 |  -0.06   0.06  -0.39
 16  0.89  1.0  1.4447     -12.892  0.0E+00   1.73 |  -1.16   1.16   0.50   2.22 |  -0.41   0.41   0.31
 15  0.97  1.0  0.4920     -11.075  0.0E+00   1.62 |  -0.00   0.00  -1.50   2.50 |  -0.00   0.00  -0.42
 14  0.95  1.0  0.0714      -8.815  0.0E+00   1.29 |   0.00  -0.00   2.50   2.54 |  -0.00   0.00   0.50
 13  0.82  1.0  0.0270      -7.060  0.0E+00   1.18 |  -0.42   0.42   0.50   1.65 |  -0.27   0.27   0.04
 12  0.69  1.0  0.0025      -4.517  0.0E+00   0.54 |   0.21  -0.21   0.50   1.48 |  -0.37   0.37   0.25
 11 -0.16  1.0  0.0006      -3.903  0.0E+00   0.27 |  -0.56   0.56   0.50   2.65 |  -0.41   0.41   0.32
 10  0.65  1.0  0.0001      -2.247  0.0E+00   0.10 |  -0.01   0.01  -1.50   2.01 |   0.00  -0.00   0.34
  9 -0.71  1.0  0.0000      -1.016  0.0E+00   0.01 |  -0.95   0.95   0.50   3.04 |  -0.38   0.38   0.27
  8 -0.65  1.0  0.0000      -0.155  0.0E+00   0.01 |   0.03  -0.03  -1.50   3.01 |   0.00  -0.00  -0.34
  5 -0.09  1.0  0.0000       0.448  0.0E+00   0.00 |   0.07   0.02  -1.47   2.34 |   0.03   0.03  -0.48
  4 -0.63  1.0  0.0000       0.614  0.0E+00   0.00 |  -0.42   0.33   0.45   1.95 |  -0.08   0.02  -0.40
  6 -0.27  1.0  0.0000       1.340  0.0E+00   0.00 |  -0.37   0.38   0.49   2.05 |  -0.44   0.44   0.37
  2  0.81  1.0  0.0000       1.392  0.0E+00   0.00 |  -0.04   0.05   0.49   2.42 |  -0.01   0.02  -0.47
  1 -0.82  1.0  0.0000       1.481  0.0E+00   0.00 |   0.46  -0.46   0.35   2.29 |   0.46  -0.46   0.48
  7 -0.20  1.0  0.0000       1.507  0.0E+00   0.00 |   0.04  -0.04   1.96   3.09 |   0.15  -0.15   0.46
  3 -0.73  1.0  0.0000       3.132  0.0E+00   0.00 |   0.02  -0.02  -3.17   3.64 |  -0.01   0.01  -0.47
__________________________________________________________________________________________________________
   Proton  wavefunctions
  i     P   Rz   occ          E       d2h    Delta |   JxT    JyT    Jz      J   |   SxT    SyT    Sz
----------------------------------------------------------------------------------------------------------
 40  0.99  1.0  2.0000     -30.741  0.0E+00   0.00 |  -0.50   0.50   0.50   0.52 |  -0.50   0.50   0.50
 39 -0.99  1.0  2.0000     -19.891  0.0E+00   0.02 |  -0.87   0.87   0.50   1.47 |  -0.45   0.45   0.40
 38 -0.98  1.0  1.9998     -17.425  0.0E+00   0.19 |  -0.00   0.00  -1.50   1.53 |   0.00   0.00  -0.50
 37 -0.91  1.0  1.9546     -12.779  0.0E+00   1.52 |   0.31  -0.31   0.50   0.78 |  -0.06   0.06  -0.39
 36  0.88  1.0  1.4324      -8.783  0.0E+00   1.82 |  -1.14   1.14   0.50   2.22 |  -0.41   0.41   0.32
 35  0.97  1.0  0.4980      -6.917  0.0E+00   1.71 |  -0.00   0.00  -1.50   2.50 |  -0.00   0.00  -0.42
 34  0.95  1.0  0.0782      -4.677  0.0E+00   1.36 |   0.00  -0.00   2.50   2.54 |  -0.00   0.00   0.50
 33  0.83  1.0  0.0312      -3.081  0.0E+00   1.24 |  -0.37   0.37   0.50   1.67 |  -0.25   0.25   0.00
 31 -0.20  1.0  0.0017      -1.619  0.0E+00   0.37 |  -0.58   0.58   0.50   2.83 |  -0.45   0.45   0.40
 32  0.75  1.0  0.0039      -0.822  0.0E+00   0.63 |   0.26  -0.26   0.50   1.41 |  -0.37   0.37   0.24
 30  0.66  1.0  0.0001       1.418  0.0E+00   0.15 |  -0.01   0.01  -1.49   2.02 |   0.00  -0.00   0.35
 29 -0.74  1.0  0.0000       2.335  0.0E+00   0.04 |  -0.94   0.94   0.50   2.95 |  -0.36   0.36   0.23
 26  0.71  1.0  0.0000       2.353  0.0E+00   0.00 |   0.12  -0.13  -1.47   2.61 |   0.00  -0.01  -0.47
 27 -0.63  1.0  0.0000       2.388  0.0E+00   0.00 |  -0.00   0.01   0.49   1.85 |  -0.01   0.02  -0.47
 28 -0.62  1.0  0.0000       2.444  0.0E+00   0.02 |   0.01  -0.01  -1.49   2.56 |   0.00  -0.00  -0.46
 23  0.15  1.0  0.0000       2.609  0.0E+00   0.00 |   0.37  -0.37   0.63   2.30 |   0.48  -0.48   0.49
 21 -0.19  1.0  0.0000       2.935  0.0E+00   0.00 |   0.42  -0.42   0.49   2.20 |   0.49  -0.49   0.49
 24  0.78  1.0  0.0000       2.944  0.0E+00   0.00 |  -0.08   0.08   0.52   2.35 |  -0.02   0.02  -0.47
 25 -0.20  1.0  0.0000       3.658  0.0E+00   0.00 |  -0.59   0.59   0.50   2.20 |  -0.49   0.49   0.48
 22 -0.44  1.0  0.0000       5.753  0.0E+00   0.00 |  -0.00   0.00  -2.94   3.97 |  -0.00   0.00  -0.50
----------------------------------------------------------------------------------------------------------
---------------------------------Quasiparticles---------------------------------
Block 1:  P=+1  neutrons
  N      Eqp       f_n      |   U   V  |   B  P  ov_TR |    JxT    JyT    Jz
________________________________________________________________________________
  1    -23.23      0.00E+00 |    1   0 |   -  -  0.000 |    0.00   0.00   0.50
  2    -15.19      0.00E+00 |    0  16 |   -  -  0.000 |    0.00   0.00   3.21
  3    -13.93      0.00E+00 |    0  19 |   -  -  0.000 |    0.00   0.00  -1.22
  4    -13.54      0.00E+00 |    0   8 |   -  -  0.000 |    0.00   0.00  -0.51
  5    -13.43      0.00E+00 |    0  20 |   -  -  0.000 |    0.00   0.00  -0.50
  6    -13.13      0.00E+00 |    0  14 |   -  -  0.000 |    0.00   0.00  -1.09
  7    -12.63      0.00E+00 |    0  17 |   -  -  0.000 |    0.00   0.00   1.47
  8    -12.46      0.00E+00 |    0  18 |   -  -  0.000 |    0.00   0.00  -0.47
  9    -12.19      0.00E+00 |    9   0 |   -  -  0.000 |    0.00   0.00   0.50
 10    -11.73      0.00E+00 |    0  13 |   -  -  0.000 |    0.00   0.00   1.49
 11    -11.12      0.00E+00 |    0  15 |   -  -  0.000 |    0.00   0.00  -0.50
 12     -9.78      0.00E+00 |   10   7 |   -  -  0.000 |    0.00   0.00   1.40
 13     -9.75      0.00E+00 |   10   7 |   -  -  0.000 |    0.00   0.00  -1.41
 14     -8.32      0.00E+00 |    0   6 |   -  -  0.000 |    0.00   0.00  -0.50
 15     -7.33      0.00E+00 |    0  12 |   -  -  0.000 |    0.00   0.00  -0.50
 16     -5.21      0.00E+00 |   11  11 |   -  -  0.000 |    0.00   0.00   0.47
 17     -5.01      0.00E+00 |   11   5 |   -  -  0.000 |    0.00   0.00  -0.47
 18     -3.47      0.00E+00 |    4   4 |   -  -  0.000 |    0.00   0.00  -2.32
 19     -1.93      0.00E+00 |    2   2 |   -  -  0.000 |    0.00   0.00   0.22
 20     -1.89      0.00E+00 |    3   3 |   -  -  0.000 |    0.00   0.00   0.76
 21      1.89      1.00E+00 |    3   3 |   -  -  0.000 |    0.00   0.00  -0.76
 22      1.93      1.00E+00 |    2   2 |   -  -  0.000 |    0.00   0.00  -0.22
 23      3.47      1.00E+00 |    4   4 |   -  -  0.000 |    0.00   0.00   2.32
 24      5.01      1.00E+00 |    5  11 |   -  -  0.000 |    0.00   0.00   0.47
 25      5.21      1.00E+00 |   11  11 |   -  -  0.000 |    0.00   0.00  -0.47
 26      7.33      1.00E+00 |   12   0 |   -  -  0.000 |    0.00   0.00   0.50
 27      8.32      1.00E+00 |    6   0 |   -  -  0.000 |    0.00   0.00   0.50
 28      9.75      1.00E+00 |    7  10 |   -  -  0.000 |    0.00   0.00   1.41
 29      9.78      1.00E+00 |    7  10 |   -  -  0.000 |    0.00   0.00  -1.40
 30     11.12      1.00E+00 |   15   0 |   -  -  0.000 |    0.00   0.00   0.50
 31     11.73      1.00E+00 |   13   0 |   -  -  0.000 |    0.00   0.00  -1.49
 32     12.19      1.00E+00 |    0   9 |   -  -  0.000 |    0.00   0.00  -0.50
 33     12.46      1.00E+00 |   18   0 |   -  -  0.000 |    0.00   0.00   0.47
 34     12.63      1.00E+00 |   17   0 |   -  -  0.000 |    0.00   0.00  -1.47
 35     13.13      1.00E+00 |   14   0 |   -  -  0.000 |    0.00   0.00   1.09
 36     13.43      1.00E+00 |   20   0 |   -  -  0.000 |    0.00   0.00   0.50
 37     13.54      1.00E+00 |    8   0 |   -  -  0.000 |    0.00   0.00   0.51
 38     13.93      1.00E+00 |   19   0 |   -  -  0.000 |    0.00   0.00   1.22
 39     15.19      1.00E+00 |   16   0 |   -  -  0.000 |    0.00   0.00  -3.21
 40     23.23      1.00E+00 |    0   1 |   -  -  0.000 |    0.00   0.00  -0.50

Block 5:  P=+1   protons
  N      Eqp       f_n      |   U   V  |   B  P  ov_TR |    JxT    JyT    Jz
________________________________________________________________________________
  1    -22.83      0.00E+00 |   21   0 |   -  -  0.000 |    0.00   0.00   0.50
  2    -13.67      0.00E+00 |    0  36 |   -  -  0.000 |    0.00   0.00   2.91
  3    -11.98      0.00E+00 |   29   0 |   -  -  0.000 |    0.00   0.00   0.50
  4    -11.59      0.00E+00 |    0  40 |   -  -  0.000 |    0.00   0.00  -0.50
  5    -11.02      0.00E+00 |    0  35 |   -  -  0.000 |    0.00   0.00  -0.51
  6    -10.94      0.00E+00 |    0  34 |   -  -  0.000 |    0.00   0.00  -0.21
  7    -10.72      0.00E+00 |    0  33 |   -  -  0.000 |    0.00   0.00   1.18
  8    -10.48      0.00E+00 |    0  39 |   -  -  0.000 |    0.00   0.00  -0.49
  9    -10.34      0.00E+00 |    0  38 |   -  -  0.000 |    0.00   0.00  -0.50
 10    -10.16      0.00E+00 |    0  28 |   -  -  0.000 |    0.00   0.00  -0.47
 11     -9.91      0.00E+00 |    0  37 |   -  -  0.000 |    0.00   0.00   1.47
 12     -9.51      0.00E+00 |   30   0 |   -  -  0.000 |    0.00   0.00  -1.50
 13     -9.27      0.00E+00 |    0  27 |   -  -  0.000 |    0.00   0.00   1.38
 14     -7.77      0.00E+00 |    0  26 |   -  -  0.000 |    0.00   0.00  -0.50
 15     -5.87      0.00E+00 |    0  32 |   -  -  0.000 |    0.00   0.00  -0.49
 16     -5.09      0.00E+00 |   31  31 |   -  -  0.000 |    0.00   0.00   0.47
 17     -4.66      0.00E+00 |   25  25 |   -  -  0.000 |    0.00   0.00  -0.48
 18     -3.51      0.00E+00 |   24  24 |   -  -  0.000 |    0.00   0.00  -2.30
 19     -2.00      0.00E+00 |   22  22 |   -  -  0.000 |    0.00   0.00   0.21
 20     -1.98      0.00E+00 |   23  23 |   -  -  0.000 |    0.00   0.00   0.75
 21      1.98      1.00E+00 |   23  23 |   -  -  0.000 |    0.00   0.00  -0.75
 22      2.00      1.00E+00 |   22  22 |   -  -  0.000 |    0.00   0.00  -0.21
 23      3.51      1.00E+00 |   24  24 |   -  -  0.000 |    0.00   0.00   2.30
 24      4.66      1.00E+00 |   25  25 |   -  -  0.000 |    0.00   0.00   0.48
 25      5.09      1.00E+00 |   31  31 |   -  -  0.000 |    0.00   0.00  -0.47
 26      5.87      1.00E+00 |   32   0 |   -  -  0.000 |    0.00   0.00   0.49
 27      7.77      1.00E+00 |   26   0 |   -  -  0.000 |    0.00   0.00   0.50
 28      9.27      1.00E+00 |   27   0 |   -  -  0.000 |    0.00   0.00  -1.38
 29      9.51      1.00E+00 |    0  30 |   -  -  0.000 |    0.00   0.00   1.50
 30      9.91      1.00E+00 |   37   0 |   -  -  0.000 |    0.00   0.00  -1.47
 31     10.16      1.00E+00 |   28   0 |   -  -  0.000 |    0.00   0.00   0.47
 32     10.34      1.00E+00 |   38   0 |   -  -  0.000 |    0.00   0.00   0.50
 33     10.48      1.00E+00 |   39   0 |   -  -  0.000 |    0.00   0.00   0.49
 34     10.72      1.00E+00 |   33   0 |   -  -  0.000 |    0.00   0.00  -1.18
 35     10.94      1.00E+00 |   34   0 |   -  -  0.000 |    0.00   0.00   0.21
 36     11.02      1.00E+00 |   35   0 |   -  -  0.000 |    0.00   0.00   0.51
 37     11.59      1.00E+00 |   40   0 |   -  -  0.000 |    0.00   0.00   0.50
 38     11.98      1.00E+00 |    0  29 |   -  -  0.000 |    0.00   0.00  -0.50
 39     13.67      1.00E+00 |   36   0 |   -  -  0.000 |    0.00   0.00  -2.91
 40     22.83      1.00E+00 |    0  21 |   -  -  0.000 |    0.00   0.00  -0.50

--------------------------------------------------------------------------------
------------------------ Electric Multipole Moments -------------------------
Quantisation Axis             : Z
  With secondary axis ordering: X,Y
  Calculated wrt to COM = (   0.000   0.000   0.000)
______________________________________________________________________________
                   Neutrons        Protons          Charge         Total
______________________________________________________________________________
 Particles           10.0000         10.0000          9.9999         20.0000

Re  Q_{ 1 0}         -0.0234          0.0235          0.0231          0.0001
Constrained                                                           0.0000
Re De_{ 1 0}                                                   0.6559719E-04
Re La_{ 1 0}                                                         -0.4216

Re  Q_{ 2 0}         10.4385         10.9814         10.9742         21.4199
Re  Q_{ 2 2}          0.0000         -0.0000         -0.0000         -0.0000

Re  Q_{ 3 0}         23.1384         26.8612         26.8080         49.9996
Constrained                                                          50.0000
Re De_{ 3 0}                                                   0.3663679E-03
Re La_{ 3 0}                                                          0.0569
Re  Q_{ 3 2}         -0.0000         -0.0000         -0.0000         -0.0000

Re  Q_{ 4 0}         84.3724        102.7282        102.2775        187.1006
Re  Q_{ 4 2}         -0.0000         -0.0000         -0.0000         -0.0001
Re  Q_{ 4 4}          0.0187          0.0222          0.2389          0.0409

Re  Q_{ 5 0}        354.1016        470.7585        465.4468        824.8601
Re  Q_{ 5 2}         -0.0000          0.0000          0.0000         -0.0000
Re  Q_{ 5 4}         -0.1100         -0.1887         -0.1350         -0.2987

Re  Q_{ 6 0}       1465.4738       2208.3789       2147.1157       3673.8527
Re  Q_{ 6 2}         -0.0015         -0.0001         -0.0001         -0.0017
Re  Q_{ 6 4}          0.9219          1.5521          4.9668          2.4740
Re  Q_{ 6 6}          0.0001          0.0001          0.0001          0.0002

Re  Q_{ 7 0}       6362.0968      10026.7386       9641.6723      16388.8354
Re  Q_{ 7 2}         -0.0078         -0.0075         -0.0070         -0.0152
Re  Q_{ 7 4}         -1.8001         -5.3456          4.6740         -7.1457
Re  Q_{ 7 6}          0.0000          0.0023          0.0020          0.0023

Re  Q_{ 8 0}      33521.7714      58176.4439      53500.0814      91698.2153
Re  Q_{ 8 2}          0.0397          0.1404          0.1336          0.1801
Re  Q_{ 8 4}          0.1155         -3.7098        118.6331         -3.5942
Re  Q_{ 8 6}          0.0248          0.0396          0.0409          0.0644
Re  Q_{ 8 8}        -21.5928        -30.2149        -34.0761        -51.8077

Re  Q_{ 9 0}     150801.1935     267412.8509     241089.9824     418214.0444
Re  Q_{ 9 2}         -0.3146         -0.3914         -0.3917         -0.7060
Re  Q_{ 9 4}        471.8305        853.8125       1540.3946       1325.6430
Re  Q_{ 9 6}         -0.0624         -0.1672         -0.1580         -0.2296
Re  Q_{ 9 8}        157.6956          5.1337        109.2933        162.8293

Re  Q_{10 0}     817719.6683    1526752.9636    1254955.8490    2344472.6319
Re  Q_{10 2}         -0.6561         -0.7236         -0.7918         -1.3797
Re  Q_{10 4}        681.3605      10469.2327      12030.4315      11150.5932
Re  Q_{10 6}          0.1104          0.0437          0.5416          0.1541
Re  Q_{10 8}      -1495.4216       8246.8410       5631.1624       6751.4194
Re  Q_{1010}         -0.2135         -0.0327         -0.0870         -0.2462

 RMS radius           2.8797          2.9191          2.9844          2.8995
 Fourth mom.          3.2212          3.2855          3.3631          3.2538
______________________________________________________________________________
                   Neutrons        Protons          Charge         Total
______________________________________________________________________________


Beta_{ 2 0}       0.20605397      0.21676974      0.21662929      0.42282370
Beta_{ 2 2}       0.00000000     -0.00000001     -0.00000000     -0.00000000

Beta_{ 3 0}       0.14022295      0.16278338      0.16246093      0.30300633
Beta_{ 3 2}      -0.00000003     -0.00000001     -0.00000001     -0.00000004

Beta_{ 4 0}       0.15697384      0.19112468      0.19028609      0.34809852
Beta_{ 4 2}      -0.00000007     -0.00000007     -0.00000007     -0.00000014
Beta_{ 4 4}       0.00003482      0.00004132      0.00044453      0.00007614

Beta_{ 5 0}       0.20225390      0.26888543      0.26585147      0.47113933
Beta_{ 5 2}      -0.00000003      0.00000001      0.00000001     -0.00000002
Beta_{ 5 4}      -0.00006286     -0.00010776     -0.00007710     -0.00017061

Beta_{ 6 0}       0.25697402      0.38724403      0.37650139      0.64421805
Beta_{ 6 2}      -0.00000027     -0.00000002     -0.00000002     -0.00000029
Beta_{ 6 4}       0.00016166      0.00027217      0.00087094      0.00043382
Beta_{ 6 6}       0.00000002      0.00000002      0.00000002      0.00000003

Beta_{ 7 0}       0.34249443      0.53977520      0.51904571      0.88226963
Beta_{ 7 2}      -0.00000042     -0.00000040     -0.00000038     -0.00000082
Beta_{ 7 4}      -0.00009691     -0.00028777      0.00025162     -0.00038468
Beta_{ 7 6}       0.00000000      0.00000012      0.00000011      0.00000012

Beta_{ 8 0}       0.55401597      0.96148496      0.88419848      1.51550093
Beta_{ 8 2}       0.00000066      0.00000232      0.00000221      0.00000298
Beta_{ 8 4}       0.00000191     -0.00006131      0.00196066     -0.00005940
Beta_{ 8 6}       0.00000041      0.00000065      0.00000068      0.00000106
Beta_{ 8 8}      -0.00035687     -0.00049936     -0.00056318     -0.00085623

Beta_{ 9 0}       0.76514226      1.35681203      1.22325381      2.12195430
Beta_{ 9 2}      -0.00000160     -0.00000199     -0.00000199     -0.00000358
Beta_{ 9 4}       0.00239400      0.00433211      0.00781573      0.00672611
Beta_{ 9 6}      -0.00000032     -0.00000085     -0.00000080     -0.00000117
Beta_{ 9 8}       0.00080012      0.00002605      0.00055454      0.00082617

Beta_{10 0}       1.27374926      2.37819944      1.95482529      3.65194870
Beta_{10 2}      -0.00000102     -0.00000113     -0.00000123     -0.00000215
Beta_{10 4}       0.00106134      0.01630776      0.01873962      0.01736911
Beta_{10 6}       0.00000017      0.00000007      0.00000084      0.00000024
Beta_{10 8}      -0.00232940      0.01284598      0.00877157      0.01051658
Beta_{1010}      -0.00000033     -0.00000005     -0.00000014     -0.00000038


______________________________________________________________________________
                   Neutrons        Protons          Charge         Total
______________________________________________________________________________
Q_{ 1}                0.0234          0.0235          0.0231          0.0001
Q_{ 2}               10.4385         10.9814         10.9742         21.4199
Q_{ 3}               23.1384         26.8612         26.8080         49.9996
Q_{ 4}               84.3724        102.7282        102.2780        187.1006
Q_{ 5}              354.1016        470.7586        465.4468        824.8602
Q_{ 6}             1465.4744       2208.3800       2147.1271       3673.8544
Q_{ 7}             6362.0973      10026.7414       9641.6746      16388.8385
Q_{ 8}            33521.7853      58176.4598      53500.3662      91698.2447
Q_{ 9}           150802.8347     267415.5771     241099.8737     418218.3098
Q_{10}           817722.9709    1526869.2944    1255096.4367    2344545.1066
______________________________________________________________________________
                   Neutrons        Protons          Charge         Total
______________________________________________________________________________
Beta_{   1}       0.00150612      0.00151034      0.00148650      0.00000422
Beta_{   2}       0.20605397      0.21676974      0.21662929      0.42282370
Beta_{   3}       0.14022295      0.16278338      0.16246093      0.30300633
Beta_{   4}       0.15697385      0.19112469      0.19028712      0.34809854
Beta_{   5}       0.20225392      0.26888547      0.26585149      0.47113939
Beta_{   6}       0.25697412      0.38724422      0.37650341      0.64421834
Beta_{   7}       0.34249445      0.53977535      0.51904583      0.88226979
Beta_{   8}       0.55401620      0.96148522      0.88420319      1.51550141
Beta_{   9}       0.76515059      1.35682586      1.22330400      2.12197594
Beta_{  10}       1.27375440      2.37838065      1.95504428      3.65206159
______________________________________________________________________________
 Cart. Moments X              Y              Z
 Cart. N      -16.5484796    -16.5484814     33.0969609
 Cart. P      -17.4090797    -17.4090777     34.8181574
 Cart. T      -33.9575592    -33.9575590     67.9151183
 (Q, gamma)    Q              Gamma
 (Q,g) N       33.0969609      0.0000018
 (Q,g) P       34.8181574     -0.0000019
 (Q,g) T       67.9151183     -0.0000001
 (iq1, iq2)    iq1            iq2
 iq    N       33.0969603      0.0000012
 iq    P       34.8181580     -0.0000013
 iq    T       67.9151183     -0.0000001
               X^2            Y^2            Z^2
 X^2_i N       22.1262916     22.1262910     38.6747718
 X^2_i P       22.6009901     22.6009908     40.0100691
 X^2_i T       44.7272817     44.7272818     78.6848409
----------------------------------------------------------------------------
----------------------- Box Size Check -------------------------
 Xmax = (nx+0.5)dx =  9.200 fm,  max(rho(X=Xmax)) =    3.260E-07
 Ymax = (ny+0.5)dx =  9.200 fm,  max(rho(Y=Ymax)) =    3.260E-07
 Zmax = (nz+0.5)dx =  9.200 fm,  max(rho(Z=Zmax)) =    8.648E-05
 Zmin =-(nz+0.5)dx = -9.200fm,  max(rho(Z=Zmin)) =    1.469E-05
---------------------Rotational properties--------------------
                Rigid rotor          (hbar^2/MeV)
              n              p              t 
 I_R X       1.4661090      1.5097539      2.9758629
 I_R Y       1.4661091      1.5097539      2.9758629
 I_R Z       1.0670720      1.0899650      2.1570370

                Belyaev                 (hbar^2/MeV) 
              n              p              t 
 I_B X       0.6112076      0.5863568      1.1975644
 I_B Y       0.6112075      0.5863569      1.1975644
 I_B Z       0.0000186      0.0000274      0.0000460

                Belyaev (collective)    (hbar^2/MeV) 
              n              p              t 
 I_B X       0.6112076      0.5863568      1.1975644
 I_B Y       0.6112075      0.5863569      1.1975644
 I_B Z       0.0000186      0.0000274      0.0000460

                 <J^2> - <J>^2          (hbar^2)
              n              p              t 
 J2_X        1.5694794      1.5761798      3.1456592
 J2_Y        1.5694793      1.5761801      3.1456594
 J2_Z        0.0001227      0.0001718      0.0002945
 J2_t        3.1390814      3.1525317      6.2916131

                 <J^2> - <J>^2 (coll.)  (hbar^2)
              n              p              t 
 J2_X        1.5694794      1.5761798      3.1456592
 J2_Y        1.5694793      1.5761801      3.1456594
 J2_Z        0.0001227      0.0001718      0.0002945
 J2_t        3.1390814      3.1525317      6.2916131
------------------------- Angular Momentum (hbar) --------------------------

               Spwfs(*)    Desired     Omega       E (MeV)      Densit. 
  __________________________________________________________________________
   J_x   |     0.00000     0.00000     0.00000     0.00000     0.00000
   J_y   |     0.00000     0.00000     0.00000     0.00000     0.00000
   J_z   |     0.00000     0.00000     0.00000     0.00000     0.00000
  __________________________________________________________________________
   Size  |     0.00000     0.00000     0.00000                 0.00000
  --------------------------------------------------------------------------
-------------------------- Pairing -------------------------
                          N         P 
 Fermi Level (MeV)    -12.03312401    -7.91198615
 Particles             10.00000000    10.00000000
 Dispersion             1.81504894     1.86845261
 Average gap   v^2      0.65259185     0.69838437
 Average gap   uv       1.49653647     1.55339986
------------------------------------------------------------
--------------------------------------------------------------------------------
 Skyrme Energy                Isospin  1 2 3 4                   Energy [MeV]
--------------------------------------------------------------------------------
E_D_I_I_D_I_I                          0 0                      -1295.231012
E_D_I_I_D_I_I                          1 1                          0.051527
E_D_I_I_D_I_I_D_I_I                    0 0 0                      735.722631
E_D_I_I_D_I_I_D_I_I                    0 1 1                       -0.026175
E_D_I_I_D_Nm_Nm                        0 0                         27.743491
E_D_I_I_D_Nm_Nm                        1 1                         -0.003033
E_D_I_I_Lap_D_I_I                      0 0                         58.135595
E_D_I_I_Lap_D_I_I                      1 1                          0.001407
E_C_I_NmSk_C_I_NmSk                    0 0                         -0.000000
E_C_I_NmSk_C_I_NmSk                    1 1                         -0.000000
E_D_I_I_D_I_I_D_Nm_Nm                  0 0 0                        0.000000
E_D_I_I_D_I_I_D_Nm_Nm                  0 1 1                       -0.000000
E_D_I_I_D_I_I_D_Nm_Nm                  0 0 0                        0.000000
E_D_I_I_D_I_I_D_Nm_Nm                  0 1 1                        0.000000
E_D_I_I_Derm_D_I_I_Derm_D_I_I          0 0 0                        0.000000
E_D_I_I_Derm_D_I_I_Derm_D_I_I          0 1 1                       -0.000000
E_D_I_I_Derm_D_I_I_Derm_D_I_I          0 0 0                       -0.000000
E_D_I_I_Derm_D_I_I_Derm_D_I_I          0 1 1                       -0.000000
E_D_I_I_Derm_D_I_I_D_I_I_Derm_D_I_I    0 0 0 0                      0.000000
E_D_I_I_Derm_D_I_I_D_I_I_Derm_D_I_I    0 0 1 1                     -0.000000
E_D_I_I_Derm_C_I_NxmSxm                0 0                        -10.758922
E_D_I_I_Derm_C_I_NxmSxm                1 1                         -0.000446
E_DP_I_I_DP_I_I                        n n                         -3.567799
E_DP_I_I_DP_I_I                        p p                         -3.829786
E_D_I_I_DP_I_I_DP_I_I                  0 n n                        1.498476
E_D_I_I_DP_I_I_DP_I_I                  0 p p                        1.585239
--------------------------------------------------------------------------------
                 Total Skyrme:                                   -488.678807
--------------------------------------------------------------------------------
                    time-even:                                   -488.678807
                    time-odd :                                      0.000000
                    bilinear :                                  -1227.458977
                    trilinear:                                      0.000000
                 quadrilinear:                                      0.000000
            density-dependent:                                    738.780171
--------------------------------------------------------------------------------
--------------------------------------------------------------------------------
                                     neutron        proton         total
                Kinetic Energy:     162.452404     159.128626     321.581030
                    COM 1-body:      -8.122620      -7.956431     -16.079051
                    COM 2-body:       3.212278       3.160376       6.372653
                            ph:       3.187700       3.131744       6.319445
                            pp:       0.024577       0.028631       0.053209
                 Collective T:                                     -2.443848

                 Rotational  T:                                    -2.443848
                 Rotational  X:                                    -1.221422
                 Rotational  Y:                                    -1.221422
                 Rotational  Z:                                    -0.001003

                 Vibrational T:                                     0.000000
                 Vibrational X:                                    -0.000000
                 Vibrational Y:                                    -0.000000
                 Vibrational Z:                                    -0.000000


                Coulomb Direct:       0.000000      23.426828      23.426828
                      Exchange:       0.000000       0.000000       0.000000

               Pairing (delta):      -2.069212      -2.244523      -4.313734
               Pairing (densi):                                    -4.313871
--------------------------------------------------------------------------------
                  Total energy:                                  -155.821195
                    from spwfs:                                  -155.821188
                   E_fu - E_sp:                                -0.711037E-05
                   (no corr.) :                                  -159.750001
                      Routhian:                                  -157.216661
                         dE   :                                -0.616488E-03
                         dR   :                                -0.620869E-03
--------------------------------------------------------------------------------
 Iteration =  131
 dt    =   0.0248      mu   =   0.8303 gradn =    0.000E+00 D2H  =    6.336E-07
 E     =   -155.821    DE   = -0.25778E-06
 R     =   -157.217    DR   = -0.28236E-06
 R-E   =     -1.395  D(R-E) = -0.27110E-07
 dmun  = -3.3E-06      dmup=  3.0E-05
 RQ10t =       0.0001   dQ = -1.4E-06  L =      -0.4216   dL = -7.9E-06  dev =  6.4E-05
 RQ20t =      21.4195   dQ = -3.8E-04  L =       0.0000   dL =  0.0E+00  dev =  0.0E+00
 RQ22t =      -0.0000   dQ = -1.6E-08  L =       0.0000   dL =  0.0E+00  dev =  0.0E+00
 RQ30t =      49.9996   dQ =  1.2E-05  L =       0.0569   dL =  1.7E-07  dev =  3.5E-04
 Jz    =       0.0000   dJZ=  0.0E+00 Om =       0.0000   dO =  0.0E+00  dev =  0.0E+00
--------------------------------------------------------------------------------------
 Iteration =  132
 dt    =   0.0248      mu   =   0.8303 gradn =    0.000E+00 D2H  =    6.046E-07
 E     =   -155.821    DE   = -0.25398E-06
 R     =   -157.217    DR   = -0.27778E-06
 R-E   =     -1.395  D(R-E) = -0.26293E-07
 dmun  = -3.3E-06      dmup=  2.9E-05
 RQ10t =       0.0001   dQ = -1.3E-06  L =      -0.4216   dL = -7.7E-06  dev =  6.3E-05
 RQ20t =      21.4191   dQ = -3.7E-04  L =       0.0000   dL =  0.0E+00  dev =  0.0E+00
 RQ22t =      -0.0000   dQ = -1.4E-08  L =       0.0000   dL =  0.0E+00  dev =  0.0E+00
 RQ30t =      49.9997   dQ =  9.6E-06  L =       0.0569   dL =  1.6E-07  dev =  3.4E-04
 Jz    =       0.0000   dJZ=  0.0E+00 Om =       0.0000   dO =  0.0E+00  dev =  0.0E+00
--------------------------------------------------------------------------------------
 Iteration =  133
 dt    =   0.0248      mu   =   0.8303 gradn =    0.000E+00 D2H  =    5.769E-07
 E     =   -155.821    DE   = -0.25000E-06
 R     =   -157.217    DR   = -0.27317E-06
 R-E   =     -1.395  D(R-E) = -0.25613E-07
 dmun  = -3.3E-06      dmup=  2.8E-05
 RQ10t =       0.0001   dQ = -1.3E-06  L =      -0.4216   dL = -7.6E-06  dev =  6.2E-05
 RQ20t =      21.4188   dQ = -3.6E-04  L =       0.0000   dL =  0.0E+00  dev =  0.0E+00
 RQ22t =      -0.0000   dQ = -1.3E-08  L =       0.0000   dL =  0.0E+00  dev =  0.0E+00
 RQ30t =      49.9997   dQ =  8.7E-06  L =       0.0569   dL =  1.6E-07  dev =  3.4E-04
 Jz    =       0.0000   dJZ=  0.0E+00 Om =       0.0000   dO =  0.0E+00  dev =  0.0E+00
--------------------------------------------------------------------------------------
 Iteration =  134
 dt    =   0.0248      mu   =   0.8303 gradn =    0.000E+00 D2H  =    5.505E-07
 E     =   -155.821    DE   = -0.24612E-06
 R     =   -157.217    DR   = -0.26870E-06
 R-E   =     -1.395  D(R-E) = -0.24989E-07
 dmun  = -3.4E-06      dmup=  2.8E-05
 RQ10t =       0.0001   dQ = -1.2E-06  L =      -0.4216   dL = -7.4E-06  dev =  6.0E-05
 RQ20t =      21.4184   dQ = -3.5E-04  L =       0.0000   dL =  0.0E+00  dev =  0.0E+00
 RQ22t =      -0.0000   dQ = -1.2E-08  L =       0.0000   dL =  0.0E+00  dev =  0.0E+00
 RQ30t =      49.9997   dQ =  7.1E-06  L =       0.0569   dL =  1.6E-07  dev =  3.3E-04
 Jz    =       0.0000   dJZ=  0.0E+00 Om =       0.0000   dO =  0.0E+00  dev =  0.0E+00
--------------------------------------------------------------------------------------
 Iteration =  135
 dt    =   0.0248      mu   =   0.8303 gradn =    0.000E+00 D2H  =    5.254E-07
 E     =   -155.821    DE   = -0.24214E-06
 R     =   -157.217    DR   = -0.26426E-06
 R-E   =     -1.395  D(R-E) = -0.24494E-07
 dmun  = -3.4E-06      dmup=  2.7E-05
 RQ10t =       0.0001   dQ = -1.2E-06  L =      -0.4216   dL = -7.3E-06  dev =  5.9E-05
 RQ20t =      21.4181   dQ = -3.4E-04  L =       0.0000   dL =  0.0E+00  dev =  0.0E+00
 RQ22t =      -0.0000   dQ = -1.1E-08  L =       0.0000   dL =  0.0E+00  dev =  0.0E+00
 RQ30t =      49.9997   dQ =  5.9E-06  L =       0.0569   dL =  1.5E-07  dev =  3.2E-04
 Jz    =       0.0000   dJZ=  0.0E+00 Om =       0.0000   dO =  0.0E+00  dev =  0.0E+00
--------------------------------------------------------------------------------------
 Iteration =  136
 dt    =   0.0248      mu   =   0.8303 gradn =    0.000E+00 D2H  =    5.013E-07
 E     =   -155.821    DE   = -0.23810E-06
 R     =   -157.217    DR   = -0.25988E-06
 R-E   =     -1.395  D(R-E) = -0.24103E-07
 dmun  = -3.4E-06      dmup=  2.6E-05
 RQ10t =       0.0001   dQ = -1.1E-06  L =      -0.4217   dL = -7.1E-06  dev =  5.8E-05
 RQ20t =      21.4177   dQ = -3.4E-04  L =       0.0000   dL =  0.0E+00  dev =  0.0E+00
 RQ22t =      -0.0000   dQ = -9.4E-09  L =       0.0000   dL =  0.0E+00  dev =  0.0E+00
 RQ30t =      49.9997   dQ =  4.8E-06  L =       0.0569   dL =  1.5E-07  dev =  3.2E-04
 Jz    =       0.0000   dJZ=  0.0E+00 Om =       0.0000   dO =  0.0E+00  dev =  0.0E+00
--------------------------------------------------------------------------------------
 Iteration =  137
 dt    =   0.0248      mu   =   0.8303 gradn =    0.000E+00 D2H  =    4.784E-07
 E     =   -155.821    DE   = -0.23401E-06
 R     =   -157.217    DR   = -0.25552E-06
 R-E   =     -1.395  D(R-E) = -0.23794E-07
 dmun  = -3.4E-06      dmup=  2.6E-05
 RQ10t =       0.0001   dQ = -1.1E-06  L =      -0.4217   dL = -7.0E-06  dev =  5.7E-05
 RQ20t =      21.4174   dQ = -3.3E-04  L =       0.0000   dL =  0.0E+00  dev =  0.0E+00
 RQ22t =      -0.0000   dQ = -8.3E-09  L =       0.0000   dL =  0.0E+00  dev =  0.0E+00
 RQ30t =      49.9997   dQ =  4.0E-06  L =       0.0569   dL =  1.5E-07  dev =  3.1E-04
 Jz    =       0.0000   dJZ=  0.0E+00 Om =       0.0000   dO =  0.0E+00  dev =  0.0E+00
--------------------------------------------------------------------------------------
 Iteration =  138
 dt    =   0.0248      mu   =   0.8303 gradn =    0.000E+00 D2H  =    4.566E-07
 E     =   -155.821    DE   = -0.22986E-06
 R     =   -157.217    DR   = -0.25117E-06
 R-E   =     -1.395  D(R-E) = -0.23562E-07
 dmun  = -3.4E-06      dmup=  2.5E-05
 RQ10t =       0.0001   dQ = -1.1E-06  L =      -0.4217   dL = -6.9E-06  dev =  5.6E-05
 RQ20t =      21.4171   dQ = -3.2E-04  L =       0.0000   dL =  0.0E+00  dev =  0.0E+00
 RQ22t =      -0.0000   dQ = -7.2E-09  L =       0.0000   dL =  0.0E+00  dev =  0.0E+00
 RQ30t =      49.9997   dQ =  3.6E-06  L =       0.0569   dL =  1.5E-07  dev =  3.1E-04
 Jz    =       0.0000   dJZ=  0.0E+00 Om =       0.0000   dO =  0.0E+00  dev =  0.0E+00
--------------------------------------------------------------------------------------
 Iteration =  139
 dt    =   0.0248      mu   =   0.8303 gradn =    0.000E+00 D2H  =    4.357E-07
 E     =   -155.822    DE   = -0.22576E-06
 R     =   -157.217    DR   = -0.24690E-06
 R-E   =     -1.396  D(R-E) = -0.23350E-07
 dmun  = -3.3E-06      dmup=  2.5E-05
 RQ10t =       0.0001   dQ = -1.0E-06  L =      -0.4217   dL = -6.7E-06  dev =  5.5E-05
 RQ20t =      21.4167   dQ = -3.2E-04  L =       0.0000   dL =  0.0E+00  dev =  0.0E+00
 RQ22t =      -0.0000   dQ = -6.2E-09  L =       0.0000   dL =  0.0E+00  dev =  0.0E+00
 RQ30t =      49.9997   dQ =  3.0E-06  L =       0.0569   dL =  1.5E-07  dev =  3.1E-04
 Jz    =       0.0000   dJZ=  0.0E+00 Om =       0.0000   dO =  0.0E+00  dev =  0.0E+00
--------------------------------------------------------------------------------------
--------------------------------------------------------------------------------------
                              Iteration =   140

--------------------- Hartree-Fock basis-------------------------------------------------------------------
__________________________________________________________________________________________________________
   Neutron wavefunctions
  i     P   Rz   occ          E       d2h    Delta |   JxT    JyT    Jz      J   |   SxT    SyT    Sz
----------------------------------------------------------------------------------------------------------
  1  0.99  1.0  1.0000     -35.262  4.9E-09   0.00 |  -0.50   0.50   0.50   0.52 |  -0.50   0.50   0.50
  9 -0.99  1.0  1.0000     -24.221  2.0E-08   0.01 |  -0.87   0.87   0.50   1.46 |  -0.45   0.45   0.40
 10 -0.98  1.0  0.9999     -21.781  5.2E-09   0.14 |  -0.00   0.00  -1.50   1.53 |   0.00   0.00  -0.50
 11 -0.91  1.0  0.9809     -17.047  2.4E-08   1.43 |   0.31  -0.31   0.50   0.78 |  -0.06   0.06  -0.39
  2  0.88  1.0  0.7222     -12.892  5.1E-08   1.73 |  -1.15   1.15   0.50   2.22 |  -0.41   0.41   0.31
  3  0.97  1.0  0.2460     -11.075  1.9E-08   1.63 |  -0.00   0.00  -1.50   2.50 |  -0.00   0.00  -0.42
  4  0.95  1.0  0.0357      -8.815  5.4E-09   1.29 |   0.00  -0.00   2.50   2.54 |  -0.00   0.00   0.50
  5  0.80  1.0  0.0132      -7.153  5.2E-07   1.14 |  -0.61   0.61   0.50   1.65 |  -0.34   0.34   0.17
 12 -0.02  1.0  0.0010      -4.719  3.6E-03   0.44 |  -0.42   0.42   0.50   2.29 |  -0.46   0.46   0.42
  6  0.63  1.0  0.0009      -3.723  3.6E-03   0.41 |   0.42  -0.42   0.50   2.00 |  -0.28   0.28   0.05
  7  0.68  1.0  0.0000      -2.250  5.1E-08   0.10 |   0.00  -0.00  -1.49   1.97 |   0.00  -0.00   0.35
 15 -0.76  1.0  0.0000      -0.910  1.7E-05   0.05 |  -1.09   1.09   0.50   3.00 |  -0.36   0.36   0.23
 13 -0.68  1.0  0.0000      -0.305  5.6E-06   0.01 |  -0.01   0.01  -1.49   2.65 |   0.00  -0.00  -0.42
 18 -0.31  1.0  0.0000       0.427  2.6E-04   0.01 |  -0.01   0.01   0.47   1.78 |  -0.01   0.01  -0.47
 17 -0.08  1.0  0.0000       0.591  1.6E-03   0.01 |   0.04  -0.04  -1.47   2.78 |   0.00  -0.00  -0.42
 14 -0.23  1.0  0.0000       1.097  3.6E-03   0.01 |   0.45  -0.45   1.08   2.61 |   0.42  -0.42   0.49
 20 -0.22  1.0  0.0000       1.397  7.7E-04   0.01 |  -0.65   0.65   0.50   2.15 |  -0.46   0.46   0.43
  8  0.43  1.0  0.0000       1.509  9.0E-04   0.00 |  -0.16   0.17   0.51   2.46 |  -0.03   0.04  -0.43
 19 -0.75  1.0  0.0000       1.891  2.2E-02   0.00 |   0.06  -0.06   1.17   2.76 |   0.21  -0.21   0.45
 16 -0.74  1.0  0.0000       3.154  3.3E-03   0.00 |   0.01  -0.01  -3.20   3.65 |  -0.01   0.01  -0.48
__________________________________________________________________________________________________________
   Proton  wavefunctions
  i     P   Rz   occ          E       d2h    Delta |   JxT    JyT    Jz      J   |   SxT    SyT    Sz
----------------------------------------------------------------------------------------------------------
 21  0.99  1.0  1.0000     -30.741  4.6E-09   0.00 |  -0.50   0.50   0.50   0.52 |  -0.50   0.50   0.50
 29 -0.99  1.0  1.0000     -19.891  2.6E-08   0.02 |  -0.87   0.87   0.50   1.46 |  -0.45   0.45   0.40
 30 -0.98  1.0  0.9999     -17.425  5.2E-09   0.19 |  -0.00   0.00  -1.50   1.53 |   0.00   0.00  -0.50
 31 -0.91  1.0  0.9773     -12.779  4.0E-08   1.52 |   0.30  -0.30   0.50   0.79 |  -0.06   0.06  -0.39
 22  0.86  1.0  0.7159      -8.784  6.7E-08   1.81 |  -1.13   1.13   0.50   2.21 |  -0.41   0.41   0.32
 23  0.97  1.0  0.2491      -6.918  2.1E-08   1.71 |  -0.00   0.00  -1.50   2.50 |  -0.00   0.00  -0.42
 24  0.95  1.0  0.0391      -4.678  5.2E-09   1.36 |   0.00  -0.00   2.50   2.54 |   0.00  -0.00   0.50
 25  0.56  1.0  0.0136      -3.385  3.6E-06   1.04 |  -0.63   0.63   0.50   2.04 |  -0.35   0.35   0.20
 32 -0.02  1.0  0.0025      -2.075  4.1E-06   0.49 |  -0.57   0.57   0.50   2.41 |  -0.49   0.49   0.49
 26  0.82  1.0  0.0025      -0.186  5.6E-07   0.69 |   0.61  -0.61   0.50   1.67 |  -0.23   0.23  -0.03
 27  0.66  1.0  0.0001       1.358  1.8E-05   0.14 |   0.00  -0.00  -1.39   2.00 |   0.05  -0.05   0.34
 37 -0.28  1.0  0.0000       1.996  1.1E-03   0.04 |   0.07  -0.07  -1.47   2.25 |   0.00  -0.00  -0.48
 28  0.13  1.0  0.0000       2.241  3.3E-03   0.06 |   0.05  -0.05   0.47   1.91 |  -0.02   0.02  -0.47
 38 -0.54  1.0  0.0000       2.412  2.6E-02   0.05 |  -0.62   0.62   0.50   2.72 |  -0.22   0.22  -0.05
 39 -0.69  1.0  0.0000       2.570  4.6E-03   0.02 |   0.43  -0.43   0.49   2.29 |   0.46  -0.46   0.47
 33  0.32  1.0  0.0000       2.806  8.2E-03   0.01 |   0.38  -0.39  -1.17   2.87 |   0.09  -0.09  -0.29
 34  0.71  1.0  0.0000       3.025  4.9E-03   0.02 |   0.04  -0.03   0.20   2.21 |   0.39  -0.39   0.36
 35 -0.16  1.0  0.0000       3.115  2.9E-02   0.02 |  -0.53   0.54   0.51   2.51 |  -0.15   0.15  -0.20
 40 -0.20  1.0  0.0000       3.682  5.8E-03   0.02 |  -0.61   0.61   0.50   2.23 |  -0.49   0.49   0.48
 36 -0.43  1.0  0.0000       5.756  1.4E-03   0.00 |  -0.00   0.00  -2.91   3.96 |  -0.00   0.00  -0.50
----------------------------------------------------------------------------------------------------------
--------------------- Canonical    basis-------------------------------------------------------------------
__________________________________________________________________________________________________________
   Neutron wavefunctions
  i     P   Rz   occ          E       d2h    Delta |   JxT    JyT    Jz      J   |   SxT    SyT    Sz
----------------------------------------------------------------------------------------------------------
 20  0.99  1.0  2.0000     -35.262  0.0E+00   0.00 |  -0.50   0.50   0.50   0.52 |  -0.50   0.50   0.50
 19 -0.99  1.0  2.0000     -24.221  0.0E+00   0.01 |  -0.87   0.87   0.50   1.46 |  -0.45   0.45   0.40
 18 -0.98  1.0  1.9999     -21.781  0.0E+00   0.14 |  -0.00   0.00  -1.50   1.53 |   0.00   0.00  -0.50
 17 -0.92  1.0  1.9619     -17.047  0.0E+00   1.43 |   0.31  -0.31   0.50   0.77 |  -0.06   0.06  -0.39
 16  0.89  1.0  1.4444     -12.891  0.0E+00   1.73 |  -1.16   1.16   0.50   2.22 |  -0.41   0.41   0.31
 15  0.97  1.0  0.4921     -11.075  0.0E+00   1.63 |  -0.00   0.00  -1.50   2.50 |  -0.00   0.00  -0.42
 14  0.95  1.0  0.0714      -8.815  0.0E+00   1.29 |   0.00  -0.00   2.50   2.54 |  -0.00   0.00   0.50
 13  0.82  1.0  0.0271      -7.060  0.0E+00   1.18 |  -0.42   0.42   0.50   1.65 |  -0.27   0.27   0.04
 12  0.69  1.0  0.0026      -4.516  0.0E+00   0.55 |   0.21  -0.21   0.50   1.48 |  -0.37   0.37   0.25
 11 -0.16  1.0  0.0006      -3.903  0.0E+00   0.27 |  -0.56   0.56   0.50   2.66 |  -0.41   0.41   0.32
 10  0.65  1.0  0.0001      -2.247  0.0E+00   0.10 |  -0.01   0.01  -1.50   2.01 |   0.00  -0.00   0.34
  9 -0.71  1.0  0.0000      -1.017  0.0E+00   0.01 |  -0.95   0.95   0.50   3.04 |  -0.38   0.38   0.27
  8 -0.65  1.0  0.0000      -0.156  0.0E+00   0.01 |   0.03  -0.03  -1.50   3.01 |   0.00  -0.00  -0.34
  5 -0.08  1.0  0.0000       0.449  0.0E+00   0.00 |   0.07   0.02  -1.47   2.35 |   0.03   0.03  -0.48
  4 -0.62  1.0  0.0000       0.619  0.0E+00   0.00 |  -0.43   0.34   0.45   1.95 |  -0.09   0.02  -0.39
  6 -0.28  1.0  0.0000       1.334  0.0E+00   0.00 |  -0.35   0.36   0.49   2.04 |  -0.43   0.43   0.36
  2  0.81  1.0  0.0000       1.395  0.0E+00   0.00 |  -0.04   0.05   0.49   2.42 |  -0.01   0.02  -0.47
  1 -0.82  1.0  0.0000       1.481  0.0E+00   0.00 |   0.46  -0.46   0.35   2.29 |   0.46  -0.46   0.48
  7 -0.16  1.0  0.0000       1.497  0.0E+00   0.00 |   0.04  -0.04   1.91   3.05 |   0.16  -0.16   0.46
  3 -0.73  1.0  0.0000       3.127  0.0E+00   0.00 |   0.02  -0.02  -3.15   3.63 |  -0.02   0.02  -0.47
__________________________________________________________________________________________________________
   Proton  wavefunctions
  i     P   Rz   occ          E       d2h    Delta |   JxT    JyT    Jz      J   |   SxT    SyT    Sz
----------------------------------------------------------------------------------------------------------
 40  0.99  1.0  2.0000     -30.741  0.0E+00   0.00 |  -0.50   0.50   0.50   0.52 |  -0.50   0.50   0.50
 39 -0.99  1.0  2.0000     -19.891  0.0E+00   0.02 |  -0.87   0.87   0.50   1.47 |  -0.45   0.45   0.40
 38 -0.98  1.0  1.9998     -17.425  0.0E+00   0.19 |  -0.00   0.00  -1.50   1.53 |   0.00   0.00  -0.50
 37 -0.91  1.0  1.9546     -12.779  0.0E+00   1.52 |   0.31  -0.31   0.50   0.78 |  -0.06   0.06  -0.39
 36  0.88  1.0  1.4323      -8.782  0.0E+00   1.82 |  -1.14   1.14   0.50   2.22 |  -0.41   0.41   0.32
 35  0.97  1.0  0.4981      -6.917  0.0E+00   1.71 |  -0.00   0.00  -1.50   2.50 |  -0.00   0.00  -0.42
 34  0.95  1.0  0.0782      -4.678  0.0E+00   1.36 |   0.00  -0.00   2.50   2.54 |  -0.00   0.00   0.50
 33  0.83  1.0  0.0312      -3.081  0.0E+00   1.24 |  -0.37   0.37   0.50   1.67 |  -0.25   0.25   0.00
 31 -0.21  1.0  0.0017      -1.615  0.0E+00   0.37 |  -0.58   0.58   0.50   2.83 |  -0.45   0.45   0.40
 32  0.75  1.0  0.0039      -0.822  0.0E+00   0.63 |   0.26  -0.26   0.50   1.41 |  -0.37   0.37   0.24
 30  0.66  1.0  0.0001       1.418  0.0E+00   0.15 |  -0.00   0.00  -1.49   2.02 |   0.00  -0.00   0.35
 29 -0.74  1.0  0.0000       2.331  0.0E+00   0.04 |  -0.94   0.94   0.50   2.95 |  -0.36   0.37   0.23
 26  0.74  1.0  0.0000       2.370  0.0E+00   0.00 |   0.14  -0.15  -1.47   2.63 |   0.01  -0.01  -0.47
 27 -0.62  1.0  0.0000       2.380  0.0E+00   0.00 |   0.01  -0.00   0.49   1.84 |  -0.01   0.01  -0.47
 28 -0.64  1.0  0.0000       2.419  0.0E+00   0.02 |   0.01  -0.01  -1.49   2.52 |   0.00  -0.00  -0.46
 23  0.13  1.0  0.0000       2.608  0.0E+00   0.00 |   0.35  -0.35   0.62   2.29 |   0.47  -0.47   0.49
 21 -0.17  1.0  0.0000       2.938  0.0E+00   0.00 |   0.42  -0.41   0.48   2.20 |   0.49  -0.49   0.49
 24  0.77  1.0  0.0000       2.955  0.0E+00   0.00 |  -0.09   0.09   0.52   2.35 |  -0.02   0.02  -0.46
 25 -0.20  1.0  0.0000       3.656  0.0E+00   0.00 |  -0.59   0.59   0.50   2.21 |  -0.49   0.49   0.48
 22 -0.43  1.0  0.0000       5.751  0.0E+00   0.00 |  -0.00   0.00  -2.93   3.97 |  -0.00   0.00  -0.50
----------------------------------------------------------------------------------------------------------
---------------------------------Quasiparticles---------------------------------
Block 1:  P=+1  neutrons
  N      Eqp       f_n      |   U   V  |   B  P  ov_TR |    JxT    JyT    Jz
________________________________________________________________________________
  1    -23.23      0.00E+00 |    1   0 |   -  -  0.000 |    0.00   0.00   0.50
  2    -15.19      0.00E+00 |    0  16 |   -  -  0.000 |    0.00   0.00   3.20
  3    -13.92      0.00E+00 |    0  19 |   -  -  0.000 |    0.00   0.00  -1.17
  4    -13.54      0.00E+00 |    0   8 |   -  -  0.000 |    0.00   0.00  -0.51
  5    -13.43      0.00E+00 |    0  20 |   -  -  0.000 |    0.00   0.00  -0.50
  6    -13.13      0.00E+00 |    0  14 |   -  -  0.000 |    0.00   0.00  -1.08
  7    -12.62      0.00E+00 |    0  17 |   -  -  0.000 |    0.00   0.00   1.47
  8    -12.46      0.00E+00 |    0  18 |   -  -  0.000 |    0.00   0.00  -0.47
  9    -12.19      0.00E+00 |    9   0 |   -  -  0.000 |    0.00   0.00   0.50
 10    -11.73      0.00E+00 |    0  13 |   -  -  0.000 |    0.00   0.00   1.49
 11    -11.12      0.00E+00 |    0  15 |   -  -  0.000 |    0.00   0.00  -0.50
 12     -9.78      0.00E+00 |   10   7 |   -  -  0.000 |    0.00   0.00   1.40
 13     -9.75      0.00E+00 |   10   7 |   -  -  0.000 |    0.00   0.00  -1.41
 14     -8.33      0.00E+00 |    0   6 |   -  -  0.000 |    0.00   0.00  -0.50
 15     -7.33      0.00E+00 |    0  12 |   -  -  0.000 |    0.00   0.00  -0.50
 16     -5.22      0.00E+00 |   11  11 |   -  -  0.000 |    0.00   0.00   0.47
 17     -5.01      0.00E+00 |   11   5 |   -  -  0.000 |    0.00   0.00  -0.47
 18     -3.47      0.00E+00 |    4   4 |   -  -  0.000 |    0.00   0.00  -2.32
 19     -1.93      0.00E+00 |    2   2 |   -  -  0.000 |    0.00   0.00   0.22
 20     -1.89      0.00E+00 |    3   3 |   -  -  0.000 |    0.00   0.00   0.76
 21      1.89      1.00E+00 |    3   3 |   -  -  0.000 |    0.00   0.00  -0.76
 22      1.93      1.00E+00 |    2   2 |   -  -  0.000 |    0.00   0.00  -0.22
 23      3.47      1.00E+00 |    4   4 |   -  -  0.000 |    0.00   0.00   2.32
 24      5.01      1.00E+00 |    5  11 |   -  -  0.000 |    0.00   0.00   0.47
 25      5.22      1.00E+00 |   11  11 |   -  -  0.000 |    0.00   0.00  -0.47
 26      7.33      1.00E+00 |   12   0 |   -  -  0.000 |    0.00   0.00   0.50
 27      8.33      1.00E+00 |    6   0 |   -  -  0.000 |    0.00   0.00   0.50
 28      9.75      1.00E+00 |    7  10 |   -  -  0.000 |    0.00   0.00   1.41
 29      9.78      1.00E+00 |    7  10 |   -  -  0.000 |    0.00   0.00  -1.40
 30     11.12      1.00E+00 |   15   0 |   -  -  0.000 |    0.00   0.00   0.50
 31     11.73      1.00E+00 |   13   0 |   -  -  0.000 |    0.00   0.00  -1.49
 32     12.19      1.00E+00 |    0   9 |   -  -  0.000 |    0.00   0.00  -0.50
 33     12.46      1.00E+00 |   18   0 |   -  -  0.000 |    0.00   0.00   0.47
 34     12.62      1.00E+00 |   17   0 |   -  -  0.000 |    0.00   0.00  -1.47
 35     13.13      1.00E+00 |   14   0 |   -  -  0.000 |    0.00   0.00   1.08
 36     13.43      1.00E+00 |   20   0 |   -  -  0.000 |    0.00   0.00   0.50
 37     13.54      1.00E+00 |    8   0 |   -  -  0.000 |    0.00   0.00   0.51
 38     13.92      1.00E+00 |   19   0 |   -  -  0.000 |    0.00   0.00   1.17
 39     15.19      1.00E+00 |   16   0 |   -  -  0.000 |    0.00   0.00  -3.20
 40     23.23      1.00E+00 |    0   1 |   -  -  0.000 |    0.00   0.00  -0.50

Block 5:  P=+1   protons
  N      Eqp       f_n      |   U   V  |   B  P  ov_TR |    JxT    JyT    Jz
________________________________________________________________________________
  1    -22.83      0.00E+00 |   21   0 |   -  -  0.000 |    0.00   0.00   0.50
  2    -13.67      0.00E+00 |    0  36 |   -  -  0.000 |    0.00   0.00   2.91
  3    -11.98      0.00E+00 |   29   0 |   -  -  0.000 |    0.00   0.00   0.50
  4    -11.59      0.00E+00 |    0  40 |   -  -  0.000 |    0.00   0.00  -0.50
  5    -11.03      0.00E+00 |    0  35 |   -  -  0.000 |    0.00   0.00  -0.51
  6    -10.94      0.00E+00 |    0  34 |   -  -  0.000 |    0.00   0.00  -0.20
  7    -10.72      0.00E+00 |    0  33 |   -  -  0.000 |    0.00   0.00   1.17
  8    -10.48      0.00E+00 |    0  39 |   -  -  0.000 |    0.00   0.00  -0.49
  9    -10.32      0.00E+00 |    0  38 |   -  -  0.000 |    0.00   0.00  -0.50
 10    -10.15      0.00E+00 |    0  28 |   -  -  0.000 |    0.00   0.00  -0.47
 11     -9.91      0.00E+00 |    0  37 |   -  -  0.000 |    0.00   0.00   1.47
 12     -9.52      0.00E+00 |   30   0 |   -  -  0.000 |    0.00   0.00  -1.50
 13     -9.27      0.00E+00 |    0  27 |   -  -  0.000 |    0.00   0.00   1.38
 14     -7.77      0.00E+00 |    0  26 |   -  -  0.000 |    0.00   0.00  -0.50
 15     -5.87      0.00E+00 |    0  32 |   -  -  0.000 |    0.00   0.00  -0.49
 16     -5.10      0.00E+00 |   31  31 |   -  -  0.000 |    0.00   0.00   0.47
 17     -4.66      0.00E+00 |   25  25 |   -  -  0.000 |    0.00   0.00  -0.48
 18     -3.51      0.00E+00 |   24  24 |   -  -  0.000 |    0.00   0.00  -2.30
 19     -2.00      0.00E+00 |   22  22 |   -  -  0.000 |    0.00   0.00   0.21
 20     -1.98      0.00E+00 |   23  23 |   -  -  0.000 |    0.00   0.00   0.75
 21      1.98      1.00E+00 |   23  23 |   -  -  0.000 |    0.00   0.00  -0.75
 22      2.00      1.00E+00 |   22  22 |   -  -  0.000 |    0.00   0.00  -0.21
 23      3.51      1.00E+00 |   24  24 |   -  -  0.000 |    0.00   0.00   2.30
 24      4.66      1.00E+00 |   25  25 |   -  -  0.000 |    0.00   0.00   0.48
 25      5.10      1.00E+00 |   31  31 |   -  -  0.000 |    0.00   0.00  -0.47
 26      5.87      1.00E+00 |   32   0 |   -  -  0.000 |    0.00   0.00   0.49
 27      7.77      1.00E+00 |   26   0 |   -  -  0.000 |    0.00   0.00   0.50
 28      9.27      1.00E+00 |   27   0 |   -  -  0.000 |    0.00   0.00  -1.38
 29      9.52      1.00E+00 |    0  30 |   -  -  0.000 |    0.00   0.00   1.50
 30      9.91      1.00E+00 |   37   0 |   -  -  0.000 |    0.00   0.00  -1.47
 31     10.15      1.00E+00 |   28   0 |   -  -  0.000 |    0.00   0.00   0.47
 32     10.32      1.00E+00 |   38   0 |   -  -  0.000 |    0.00   0.00   0.50
 33     10.48      1.00E+00 |   39   0 |   -  -  0.000 |    0.00   0.00   0.49
 34     10.72      1.00E+00 |   33   0 |   -  -  0.000 |    0.00   0.00  -1.17
 35     10.94      1.00E+00 |   34   0 |   -  -  0.000 |    0.00   0.00   0.20
 36     11.03      1.00E+00 |   35   0 |   -  -  0.000 |    0.00   0.00   0.51
 37     11.59      1.00E+00 |   40   0 |   -  -  0.000 |    0.00   0.00   0.50
 38     11.98      1.00E+00 |    0  29 |   -  -  0.000 |    0.00   0.00  -0.50
 39     13.67      1.00E+00 |   36   0 |   -  -  0.000 |    0.00   0.00  -2.91
 40     22.83      1.00E+00 |    0  21 |   -  -  0.000 |    0.00   0.00  -0.50

--------------------------------------------------------------------------------
------------------------ Electric Multipole Moments -------------------------
Quantisation Axis             : Z
  With secondary axis ordering: X,Y
  Calculated wrt to COM = (   0.000   0.000   0.000)
______________________________________________________________________________
                   Neutrons        Protons          Charge         Total
______________________________________________________________________________
 Particles           10.0000         10.0000          9.9999         20.0000

Re  Q_{ 1 0}         -0.0234          0.0235          0.0231          0.0001
Constrained                                                           0.0000
Re De_{ 1 0}                                                   0.5383551E-04
Re La_{ 1 0}                                                         -0.4217

Re  Q_{ 2 0}         10.4371         10.9794         10.9723         21.4164
Re  Q_{ 2 2}          0.0000         -0.0000         -0.0000         -0.0000

Re  Q_{ 3 0}         23.1416         26.8581         26.8050         49.9997
Constrained                                                          50.0000
Re De_{ 3 0}                                                   0.3054408E-03
Re La_{ 3 0}                                                          0.0569
Re  Q_{ 3 2}         -0.0000         -0.0000         -0.0000         -0.0000

Re  Q_{ 4 0}         84.3746        102.6884        102.2392        187.0630
Re  Q_{ 4 2}         -0.0000         -0.0000         -0.0000         -0.0001
Re  Q_{ 4 4}          0.0188          0.0225          0.2392          0.0413

Re  Q_{ 5 0}        354.2163        470.5801        465.2770        824.7964
Re  Q_{ 5 2}         -0.0000          0.0000          0.0000          0.0000
Re  Q_{ 5 4}         -0.1104         -0.1904         -0.1368         -0.3008

Re  Q_{ 6 0}       1466.4142       2207.1338       2146.0020       3673.5480
Re  Q_{ 6 2}         -0.0015          0.0002          0.0002         -0.0013
Re  Q_{ 6 4}          0.9231          1.5413          4.9578          2.4644
Re  Q_{ 6 6}          0.0001          0.0000          0.0000          0.0001

Re  Q_{ 7 0}       6367.0390      10020.6071       9636.2364      16387.6460
Re  Q_{ 7 2}         -0.0073         -0.0061         -0.0057         -0.0134
Re  Q_{ 7 4}         -1.8116         -5.3494          4.6704         -7.1611
Re  Q_{ 7 6}         -0.0001          0.0022          0.0019          0.0021

Re  Q_{ 8 0}      33557.7608      58131.9206      53464.1376      91689.6814
Re  Q_{ 8 2}          0.0413          0.1198          0.1135          0.1611
Re  Q_{ 8 4}          0.1386         -4.0681        118.1421         -3.9295
Re  Q_{ 8 6}          0.0254          0.0299          0.0309          0.0554
Re  Q_{ 8 8}        -21.8975        -30.0887        -34.0423        -51.9862

Re  Q_{ 9 0}     150986.7122     267203.6202     240925.5412     418190.3324
Re  Q_{ 9 2}         -0.3087         -0.3272         -0.3356         -0.6358
Re  Q_{ 9 4}        471.7595        847.2514       1534.5810       1319.0109
Re  Q_{ 9 6}         -0.0662         -0.1760         -0.1661         -0.2422
Re  Q_{ 9 8}        158.8244         -0.2338        105.3363        158.5906

Re  Q_{10 0}     818781.4733    1525218.2689    1253945.9448    2343999.7423
Re  Q_{10 2}         -0.5679         -0.7260         -0.8222         -1.2939
Re  Q_{10 4}        668.8406      10831.6093      12335.7467      11500.4499
Re  Q_{10 6}          0.1450          0.1411          0.4779          0.2862
Re  Q_{10 8}      -1477.3887       8561.3585       5897.0609       7083.9698
Re  Q_{1010}         -0.2287          0.1275          0.0852         -0.1012

 RMS radius           2.8797          2.9191          2.9844          2.8995
 Fourth mom.          3.2212          3.2855          3.3630          3.2538
______________________________________________________________________________
                   Neutrons        Protons          Charge         Total
______________________________________________________________________________


Beta_{ 2 0}       0.20602567      0.21673061      0.21659041      0.42275628
Beta_{ 2 2}       0.00000000     -0.00000001     -0.00000001     -0.00000000

Beta_{ 3 0}       0.14024210      0.16276460      0.16244267      0.30300670
Beta_{ 3 2}      -0.00000003     -0.00000000     -0.00000000     -0.00000003

Beta_{ 4 0}       0.15697794      0.19105066      0.19021486      0.34802860
Beta_{ 4 2}      -0.00000006     -0.00000006     -0.00000005     -0.00000012
Beta_{ 4 4}       0.00003499      0.00004180      0.00044503      0.00007679

Beta_{ 5 0}       0.20231941      0.26878351      0.26575449      0.47110291
Beta_{ 5 2}      -0.00000002      0.00000003      0.00000002      0.00000001
Beta_{ 5 4}      -0.00006308     -0.00010874     -0.00007811     -0.00017182

Beta_{ 6 0}       0.25713892      0.38702570      0.37630610      0.64416461
Beta_{ 6 2}      -0.00000026      0.00000003      0.00000003     -0.00000023
Beta_{ 6 4}       0.00016187      0.00027027      0.00086936      0.00043214
Beta_{ 6 6}       0.00000002      0.00000001      0.00000001      0.00000002

Beta_{ 7 0}       0.34276048      0.53944512      0.51875307      0.88220560
Beta_{ 7 2}      -0.00000039     -0.00000033     -0.00000031     -0.00000072
Beta_{ 7 4}      -0.00009753     -0.00028798      0.00025142     -0.00038551
Beta_{ 7 6}      -0.00000001      0.00000012      0.00000010      0.00000011

Beta_{ 8 0}       0.55461077      0.96074912      0.88360444      1.51535989
Beta_{ 8 2}       0.00000068      0.00000198      0.00000188      0.00000266
Beta_{ 8 4}       0.00000229     -0.00006723      0.00195254     -0.00006494
Beta_{ 8 6}       0.00000042      0.00000049      0.00000051      0.00000092
Beta_{ 8 8}      -0.00036190     -0.00049728     -0.00056262     -0.00085918

Beta_{ 9 0}       0.76608356      1.35575043      1.22241946      2.12183398
Beta_{ 9 2}      -0.00000157     -0.00000166     -0.00000170     -0.00000323
Beta_{ 9 4}       0.00239364      0.00429882      0.00778623      0.00669246
Beta_{ 9 6}      -0.00000034     -0.00000089     -0.00000084     -0.00000123
Beta_{ 9 8}       0.00080585     -0.00000119      0.00053446      0.00080466

Beta_{10 0}       1.27540322      2.37580887      1.95325217      3.65121209
Beta_{10 2}      -0.00000088     -0.00000113     -0.00000128     -0.00000202
Beta_{10 4}       0.00104184      0.01687223      0.01921520      0.01791407
Beta_{10 6}       0.00000023      0.00000022      0.00000074      0.00000045
Beta_{10 8}      -0.00230131      0.01333590      0.00918576      0.01103459
Beta_{1010}      -0.00000036      0.00000020      0.00000013     -0.00000016


______________________________________________________________________________
                   Neutrons        Protons          Charge         Total
______________________________________________________________________________
Q_{ 1}                0.0234          0.0235          0.0231          0.0001
Q_{ 2}               10.4371         10.9794         10.9723         21.4164
Q_{ 3}               23.1416         26.8581         26.8050         49.9997
Q_{ 4}               84.3746        102.6884        102.2398        187.0630
Q_{ 5}              354.2163        470.5802        465.2770        824.7965
Q_{ 6}             1466.4148       2207.1348       2146.0134       3673.5496
Q_{ 7}             6367.0395      10020.6099       9636.2386      16387.6492
Q_{ 8}            33557.7751      58131.9364      53464.4204      91689.7110
Q_{ 9}           150988.3533     267206.3066     240935.3616     418194.5528
Q_{10}           818784.6854    1525343.2431    1254095.0221    2344077.5750
______________________________________________________________________________
                   Neutrons        Protons          Charge         Total
______________________________________________________________________________
Beta_{   1}       0.00150452      0.00150798      0.00148418      0.00000346
Beta_{   2}       0.20602567      0.21673061      0.21659041      0.42275628
Beta_{   3}       0.14024210      0.16276460      0.16244267      0.30300670
Beta_{   4}       0.15697795      0.19105067      0.19021591      0.34802862
Beta_{   5}       0.20231943      0.26878355      0.26575451      0.47110298
Beta_{   6}       0.25713902      0.38702588      0.37630811      0.64416490
Beta_{   7}       0.34276051      0.53944527      0.51875319      0.88220577
Beta_{   8}       0.55461100      0.96074938      0.88360911      1.51536038
Beta_{   9}       0.76609188      1.35576406      1.22246929      2.12185540
Beta_{  10}       1.27540822      2.37600354      1.95348439      3.65133333
______________________________________________________________________________
 Cart. Moments X              Y              Z
 Cart. N      -16.5462070    -16.5462083     33.0924154
 Cart. P      -17.4059374    -17.4059351     34.8118724
 Cart. T      -33.9521444    -33.9521434     67.9042878
 (Q, gamma)    Q              Gamma
 (Q,g) N       33.0924154      0.0000013
 (Q,g) P       34.8118724     -0.0000022
 (Q,g) T       67.9042878     -0.0000005
 (iq1, iq2)    iq1            iq2
 iq    N       33.0924149      0.0000009
 iq    P       34.8118732     -0.0000015
 iq    T       67.9042881     -0.0000006
               X^2            Y^2            Z^2
 X^2_i N       22.1270496     22.1270491     38.6732570
 X^2_i P       22.6015662     22.6015670     40.0075028
 X^2_i T       44.7286158     44.7286161     78.6807598
----------------------------------------------------------------------------
----------------------- Box Size Check -------------------------
 Xmax = (nx+0.5)dx =  9.200 fm,  max(rho(X=Xmax)) =    3.262E-07
 Ymax = (ny+0.5)dx =  9.200 fm,  max(rho(Y=Ymax)) =    3.262E-07
 Zmax = (nz+0.5)dx =  9.200 fm,  max(rho(Z=Zmax)) =    8.646E-05
 Zmin =-(nz+0.5)dx = -9.200fm,  max(rho(Z=Zmin)) =    1.468E-05
---------------------Rotational properties--------------------
                Rigid rotor          (hbar^2/MeV)
              n              p              t 
 I_R X       1.4660908      1.5097059      2.9757967
 I_R Y       1.4660908      1.5097059      2.9757967
 I_R Z       1.0671086      1.0899928      2.1571014

                Belyaev                 (hbar^2/MeV) 
              n              p              t 
 I_B X       0.6108816      0.5861777      1.1970593
 I_B Y       0.6108816      0.5861778      1.1970594
 I_B Z       0.0000187      0.0000275      0.0000462

                Belyaev (collective)    (hbar^2/MeV) 
              n              p              t 
 I_B X       0.6108816      0.5861777      1.1970593
 I_B Y       0.6108816      0.5861778      1.1970594
 I_B Z       0.0000187      0.0000275      0.0000462

                 <J^2> - <J>^2          (hbar^2)
              n              p              t 
 J2_X        1.5694460      1.5757681      3.1452141
 J2_Y        1.5694460      1.5757684      3.1452144
 J2_Z        0.0001237      0.0001724      0.0002962
 J2_t        3.1390158      3.1517089      6.2907247

                 <J^2> - <J>^2 (coll.)  (hbar^2)
              n              p              t 
 J2_X        1.5694460      1.5757681      3.1452141
 J2_Y        1.5694460      1.5757684      3.1452144
 J2_Z        0.0001237      0.0001724      0.0002962
 J2_t        3.1390158      3.1517089      6.2907247
------------------------- Angular Momentum (hbar) --------------------------

               Spwfs(*)    Desired     Omega       E (MeV)      Densit. 
  __________________________________________________________________________
   J_x   |     0.00000     0.00000     0.00000     0.00000     0.00000
   J_y   |     0.00000     0.00000     0.00000     0.00000     0.00000
   J_z   |     0.00000     0.00000     0.00000     0.00000     0.00000
  __________________________________________________________________________
   Size  |     0.00000     0.00000     0.00000                 0.00000
  --------------------------------------------------------------------------
-------------------------- Pairing -------------------------
                          N         P 
 Fermi Level (MeV)    -12.03315728    -7.91171795
 Particles             10.00000000    10.00000000
 Dispersion             1.81573374     1.86874143
 Average gap   v^2      0.65284164     0.69843531
 Average gap   uv       1.49712618     1.55351209
------------------------------------------------------------
--------------------------------------------------------------------------------
 Skyrme Energy                Isospin  1 2 3 4                   Energy [MeV]
--------------------------------------------------------------------------------
E_D_I_I_D_I_I                          0 0                      -1295.229222
E_D_I_I_D_I_I                          1 1                          0.051509
E_D_I_I_D_I_I_D_I_I                    0 0 0                      735.721464
E_D_I_I_D_I_I_D_I_I                    0 1 1                       -0.026166
E_D_I_I_D_Nm_Nm                        0 0                         27.743704
E_D_I_I_D_Nm_Nm                        1 1                         -0.003032
E_D_I_I_Lap_D_I_I                      0 0                         58.134991
E_D_I_I_Lap_D_I_I                      1 1                          0.001407
E_C_I_NmSk_C_I_NmSk                    0 0                         -0.000000
E_C_I_NmSk_C_I_NmSk                    1 1                         -0.000000
E_D_I_I_D_I_I_D_Nm_Nm                  0 0 0                        0.000000
E_D_I_I_D_I_I_D_Nm_Nm                  0 1 1                       -0.000000
E_D_I_I_D_I_I_D_Nm_Nm                  0 0 0                        0.000000
E_D_I_I_D_I_I_D_Nm_Nm                  0 1 1                        0.000000
E_D_I_I_Derm_D_I_I_Derm_D_I_I          0 0 0                        0.000000
E_D_I_I_Derm_D_I_I_Derm_D_I_I          0 1 1                       -0.000000
E_D_I_I_Derm_D_I_I_Derm_D_I_I          0 0 0                       -0.000000
E_D_I_I_Derm_D_I_I_Derm_D_I_I          0 1 1                       -0.000000
E_D_I_I_Derm_D_I_I_D_I_I_Derm_D_I_I    0 0 0 0                      0.000000
E_D_I_I_Derm_D_I_I_D_I_I_Derm_D_I_I    0 0 1 1                     -0.000000
E_D_I_I_Derm_C_I_NxmSxm                0 0                        -10.759551
E_D_I_I_Derm_C_I_NxmSxm                1 1                         -0.000445
E_DP_I_I_DP_I_I                        n n                         -3.570516
E_DP_I_I_DP_I_I                        p p                         -3.830497
E_D_I_I_DP_I_I_DP_I_I                  0 n n                        1.499549
E_D_I_I_DP_I_I_DP_I_I                  0 p p                        1.585515
--------------------------------------------------------------------------------
                 Total Skyrme:                                   -488.681292
--------------------------------------------------------------------------------
                    time-even:                                   -488.681292
                    time-odd :                                      0.000000
                    bilinear :                                  -1227.461654
                    trilinear:                                      0.000000
                 quadrilinear:                                      0.000000
            density-dependent:                                    738.780362
--------------------------------------------------------------------------------
--------------------------------------------------------------------------------
                                     neutron        proton         total
                Kinetic Energy:     162.453328     159.129840     321.583168
                    COM 1-body:      -8.122666      -7.956492     -16.079158
                    COM 2-body:       3.212343       3.160489       6.372832
                            ph:       3.187750       3.131789       6.319539
                            pp:       0.024593       0.028700       0.053294
                 Collective T:                                     -2.444538

                 Rotational  T:                                    -2.444538
                 Rotational  X:                                    -1.221764
                 Rotational  Y:                                    -1.221764
                 Rotational  Z:                                    -0.001009

                 Vibrational T:                                     0.000000
                 Vibrational X:                                    -0.000000
                 Vibrational Y:                                    -0.000000
                 Vibrational Z:                                    -0.000000


                Coulomb Direct:       0.000000      23.426907      23.426907
                      Exchange:       0.000000       0.000000       0.000000

               Pairing (delta):      -2.070874      -2.244961      -4.315836
               Pairing (densi):                                    -4.315950
--------------------------------------------------------------------------------
                  Total energy:                                  -155.822080
                    from spwfs:                                  -155.822075
                   E_fu - E_sp:                                -0.467606E-05
                   (no corr.) :                                  -159.750374
                      Routhian:                                  -157.217584
                         dE   :                                -0.546099E-03
                         dR   :                                -0.549712E-03
--------------------------------------------------------------------------------
 Iteration =  141
 dt    =   0.0248      mu   =   0.8303 gradn =    0.000E+00 D2H  =    3.969E-07
 E     =   -155.822    DE   = -0.21745E-06
 R     =   -157.218    DR   = -0.23840E-06
 R-E   =     -1.396  D(R-E) = -0.23084E-07
 dmun  = -3.2E-06      dmup=  2.3E-05
 RQ10t =       0.0001   dQ = -9.8E-07  L =      -0.4217   dL = -6.5E-06  dev =  5.3E-05
 RQ20t =      21.4161   dQ = -3.0E-04  L =       0.0000   dL =  0.0E+00  dev =  0.0E+00
 RQ22t =      -0.0000   dQ = -4.4E-09  L =       0.0000   dL =  0.0E+00  dev =  0.0E+00
 RQ30t =      49.9997   dQ =  2.1E-06  L =       0.0569   dL =  1.4E-07  dev =  3.0E-04
 Jz    =       0.0000   dJZ=  0.0E+00 Om =       0.0000   dO =  0.0E+00  dev =  0.0E+00
--------------------------------------------------------------------------------------
 Iteration =  142
 dt    =   0.0248      mu   =   0.8303 gradn =    0.000E+00 D2H  =    3.788E-07
 E     =   -155.822    DE   = -0.21325E-06
 R     =   -157.218    DR   = -0.23417E-06
 R-E   =     -1.396  D(R-E) = -0.23020E-07
 dmun  = -3.2E-06      dmup=  2.3E-05
 RQ10t =       0.0001   dQ = -9.6E-07  L =      -0.4217   dL = -6.4E-06  dev =  5.2E-05
 RQ20t =      21.4158   dQ = -3.0E-04  L =       0.0000   dL =  0.0E+00  dev =  0.0E+00
 RQ22t =      -0.0000   dQ = -3.5E-09  L =       0.0000   dL =  0.0E+00  dev =  0.0E+00
 RQ30t =      49.9997   dQ =  1.9E-06  L =       0.0570   dL =  1.4E-07  dev =  3.0E-04
 Jz    =       0.0000   dJZ=  0.0E+00 Om =       0.0000   dO =  0.0E+00  dev =  0.0E+00
--------------------------------------------------------------------------------------
 Iteration =  143
 dt    =   0.0248      mu   =   0.8303 gradn =    0.000E+00 D2H  =    3.615E-07
 E     =   -155.822    DE   = -0.20904E-06
 R     =   -157.218    DR   = -0.22996E-06
 R-E   =     -1.396  D(R-E) = -0.22978E-07
 dmun  = -3.2E-06      dmup=  2.2E-05
 RQ10t =       0.0001   dQ = -9.4E-07  L =      -0.4217   dL = -6.3E-06  dev =  5.1E-05
 RQ20t =      21.4156   dQ = -2.9E-04  L =       0.0000   dL =  0.0E+00  dev =  0.0E+00
 RQ22t =      -0.0000   dQ = -2.6E-09  L =       0.0000   dL =  0.0E+00  dev =  0.0E+00
 RQ30t =      49.9997   dQ =  1.8E-06  L =       0.0570   dL =  1.4E-07  dev =  3.0E-04
 Jz    =       0.0000   dJZ=  0.0E+00 Om =       0.0000   dO =  0.0E+00  dev =  0.0E+00
--------------------------------------------------------------------------------------
 Iteration =  144
 dt    =   0.0248      mu   =   0.8303 gradn =    0.000E+00 D2H  =    3.450E-07
 E     =   -155.822    DE   = -0.20485E-06
 R     =   -157.218    DR   = -0.22577E-06
 R-E   =     -1.396  D(R-E) = -0.22944E-07
 dmun  = -3.1E-06      dmup=  2.2E-05
 RQ10t =       0.0001   dQ = -9.3E-07  L =      -0.4217   dL = -6.2E-06  dev =  5.0E-05
 RQ20t =      21.4153   dQ = -2.8E-04  L =       0.0000   dL =  0.0E+00  dev =  0.0E+00
 RQ22t =      -0.0000   dQ = -1.8E-09  L =       0.0000   dL =  0.0E+00  dev =  0.0E+00
 RQ30t =      49.9997   dQ =  1.8E-06  L =       0.0570   dL =  1.4E-07  dev =  3.0E-04
 Jz    =       0.0000   dJZ=  0.0E+00 Om =       0.0000   dO =  0.0E+00  dev =  0.0E+00
--------------------------------------------------------------------------------------
 Iteration =  145
 dt    =   0.0248      mu   =   0.8303 gradn =    0.000E+00 D2H  =    3.293E-07
 E     =   -155.822    DE   = -0.20068E-06
 R     =   -157.218    DR   = -0.22160E-06
 R-E   =     -1.396  D(R-E) = -0.22909E-07
 dmun  = -3.1E-06      dmup=  2.1E-05
 RQ10t =       0.0000   dQ = -9.2E-07  L =      -0.4217   dL = -6.0E-06  dev =  4.9E-05
 RQ20t =      21.4150   dQ = -2.8E-04  L =       0.0000   dL =  0.0E+00  dev =  0.0E+00
 RQ22t =      -0.0000   dQ = -1.0E-09  L =       0.0000   dL =  0.0E+00  dev =  0.0E+00
 RQ30t =      49.9997   dQ =  1.8E-06  L =       0.0570   dL =  1.4E-07  dev =  3.0E-04
 Jz    =       0.0000   dJZ=  0.0E+00 Om =       0.0000   dO =  0.0E+00  dev =  0.0E+00
--------------------------------------------------------------------------------------
 Iteration =  146
 dt    =   0.0248      mu   =   0.8303 gradn =    0.000E+00 D2H  =    3.143E-07
 E     =   -155.822    DE   = -0.19654E-06
 R     =   -157.218    DR   = -0.21748E-06
 R-E   =     -1.396  D(R-E) = -0.22884E-07
 dmun  = -3.0E-06      dmup=  2.1E-05
 RQ10t =       0.0000   dQ = -9.0E-07  L =      -0.4217   dL = -5.9E-06  dev =  4.8E-05
 RQ20t =      21.4147   dQ = -2.7E-04  L =       0.0000   dL =  0.0E+00  dev =  0.0E+00
 RQ22t =      -0.0000   dQ = -2.9E-10  L =       0.0000   dL =  0.0E+00  dev =  0.0E+00
 RQ30t =      49.9997   dQ =  1.7E-06  L =       0.0570   dL =  1.4E-07  dev =  2.9E-04
 Jz    =       0.0000   dJZ=  0.0E+00 Om =       0.0000   dO =  0.0E+00  dev =  0.0E+00
--------------------------------------------------------------------------------------
 Iteration =  147
 dt    =   0.0248      mu   =   0.8303 gradn =    0.000E+00 D2H  =    3.000E-07
 E     =   -155.822    DE   = -0.19240E-06
 R     =   -157.218    DR   = -0.21334E-06
 R-E   =     -1.396  D(R-E) = -0.22848E-07
 dmun  = -3.0E-06      dmup=  2.0E-05
 RQ10t =       0.0000   dQ = -8.9E-07  L =      -0.4217   dL = -5.8E-06  dev =  4.7E-05
 RQ20t =      21.4145   dQ = -2.7E-04  L =       0.0000   dL =  0.0E+00  dev =  0.0E+00
 RQ22t =      -0.0000   dQ =  4.3E-10  L =       0.0000   dL =  0.0E+00  dev =  0.0E+00
 RQ30t =      49.9997   dQ =  2.2E-06  L =       0.0570   dL =  1.4E-07  dev =  2.9E-04
 Jz    =       0.0000   dJZ=  0.0E+00 Om =       0.0000   dO =  0.0E+00  dev =  0.0E+00
--------------------------------------------------------------------------------------
 Iteration =  148
 dt    =   0.0248      mu   =   0.8303 gradn =    0.000E+00 D2H  =    2.863E-07
 E     =   -155.822    DE   = -0.18840E-06
 R     =   -157.218    DR   = -0.20929E-06
 R-E   =     -1.396  D(R-E) = -0.22763E-07
 dmun  = -2.9E-06      dmup=  2.0E-05
 RQ10t =       0.0000   dQ = -8.8E-07  L =      -0.4217   dL = -5.7E-06  dev =  4.6E-05
 RQ20t =      21.4142   dQ = -2.6E-04  L =       0.0000   dL =  0.0E+00  dev =  0.0E+00
 RQ22t =      -0.0000   dQ =  1.1E-09  L =       0.0000   dL =  0.0E+00  dev =  0.0E+00
 RQ30t =      49.9997   dQ =  2.1E-06  L =       0.0570   dL =  1.4E-07  dev =  2.9E-04
 Jz    =       0.0000   dJZ=  0.0E+00 Om =       0.0000   dO =  0.0E+00  dev =  0.0E+00
--------------------------------------------------------------------------------------
 Iteration =  149
 dt    =   0.0248      mu   =   0.8303 gradn =    0.000E+00 D2H  =    2.733E-07
 E     =   -155.822    DE   = -0.18442E-06
 R     =   -157.218    DR   = -0.20529E-06
 R-E   =     -1.396  D(R-E) = -0.22707E-07
 dmun  = -2.9E-06      dmup=  1.9E-05
 RQ10t =       0.0000   dQ = -8.8E-07  L =      -0.4217   dL = -5.6E-06  dev =  4.6E-05
 RQ20t =      21.4139   dQ = -2.5E-04  L =       0.0000   dL =  0.0E+00  dev =  0.0E+00
 RQ22t =      -0.0000   dQ =  1.8E-09  L =       0.0000   dL =  0.0E+00  dev =  0.0E+00
 RQ30t =      49.9997   dQ =  1.9E-06  L =       0.0570   dL =  1.4E-07  dev =  2.9E-04
 Jz    =       0.0000   dJZ=  0.0E+00 Om =       0.0000   dO =  0.0E+00  dev =  0.0E+00
--------------------------------------------------------------------------------------
--------------------------------------------------------------------------------------
                              Iteration =   150

--------------------- Hartree-Fock basis-------------------------------------------------------------------
__________________________________________________________________________________________________________
   Neutron wavefunctions
  i     P   Rz   occ          E       d2h    Delta |   JxT    JyT    Jz      J   |   SxT    SyT    Sz
----------------------------------------------------------------------------------------------------------
  1  0.99  1.0  1.0000     -35.262  3.2E-09   0.00 |  -0.50   0.50   0.50   0.52 |  -0.50   0.50   0.50
  9 -0.99  1.0  1.0000     -24.221  1.3E-08   0.01 |  -0.87   0.87   0.50   1.46 |  -0.45   0.45   0.40
 10 -0.98  1.0  0.9999     -21.781  3.4E-09   0.14 |  -0.00   0.00  -1.50   1.53 |   0.00   0.00  -0.50
 11 -0.91  1.0  0.9809     -17.047  1.5E-08   1.43 |   0.31  -0.31   0.50   0.78 |  -0.06   0.06  -0.39
  2  0.88  1.0  0.7221     -12.891  3.2E-08   1.73 |  -1.15   1.15   0.50   2.22 |  -0.41   0.41   0.31
  3  0.97  1.0  0.2461     -11.075  1.3E-08   1.63 |  -0.00   0.00  -1.50   2.50 |  -0.00   0.00  -0.42
  4  0.95  1.0  0.0358      -8.816  3.5E-09   1.29 |   0.00  -0.00   2.50   2.54 |  -0.00   0.00   0.50
  5  0.80  1.0  0.0132      -7.153  3.2E-07   1.14 |  -0.61   0.61   0.50   1.65 |  -0.34   0.34   0.17
 12 -0.00  1.0  0.0011      -4.721  2.2E-03   0.45 |  -0.40   0.40   0.50   2.28 |  -0.46   0.46   0.42
  6  0.62  1.0  0.0009      -3.722  2.2E-03   0.41 |   0.41  -0.41   0.50   2.02 |  -0.28   0.28   0.06
  7  0.68  1.0  0.0000      -2.251  6.0E-08   0.10 |   0.00  -0.00  -1.49   1.97 |   0.00  -0.00   0.35
 15 -0.76  1.0  0.0000      -0.910  7.6E-06   0.05 |  -1.09   1.09   0.50   3.00 |  -0.36   0.36   0.23
 13 -0.68  1.0  0.0000      -0.305  3.8E-06   0.01 |  -0.01   0.01  -1.49   2.64 |   0.00  -0.00  -0.42
 18 -0.31  1.0  0.0000       0.427  1.5E-04   0.01 |  -0.00   0.01   0.47   1.78 |  -0.01   0.01  -0.47
 17 -0.07  1.0  0.0000       0.590  1.2E-03   0.01 |   0.04  -0.04  -1.47   2.79 |   0.00  -0.00  -0.42
 14 -0.21  1.0  0.0000       1.096  2.7E-03   0.01 |   0.45  -0.45   1.06   2.60 |   0.42  -0.42   0.49
 20 -0.21  1.0  0.0000       1.397  7.0E-04   0.01 |  -0.64   0.64   0.50   2.15 |  -0.46   0.46   0.43
  8  0.42  1.0  0.0000       1.509  7.8E-04   0.00 |  -0.17   0.18   0.51   2.46 |  -0.03   0.04  -0.43
 19 -0.73  1.0  0.0000       1.882  2.2E-02   0.00 |   0.05  -0.05   1.12   2.73 |   0.22  -0.22   0.45
 16 -0.74  1.0  0.0000       3.152  3.3E-03   0.00 |   0.01  -0.01  -3.18   3.64 |  -0.01   0.01  -0.48
__________________________________________________________________________________________________________
   Proton  wavefunctions
  i     P   Rz   occ          E       d2h    Delta |   JxT    JyT    Jz      J   |   SxT    SyT    Sz
----------------------------------------------------------------------------------------------------------
 21  0.99  1.0  1.0000     -30.741  3.0E-09   0.00 |  -0.50   0.50   0.50   0.52 |  -0.50   0.50   0.50
 29 -0.99  1.0  1.0000     -19.891  1.7E-08   0.02 |  -0.87   0.87   0.50   1.46 |  -0.45   0.45   0.40
 30 -0.98  1.0  0.9999     -17.425  3.3E-09   0.19 |  -0.00   0.00  -1.50   1.53 |   0.00   0.00  -0.50
 31 -0.91  1.0  0.9773     -12.779  2.5E-08   1.52 |   0.30  -0.30   0.50   0.79 |  -0.06   0.06  -0.39
 22  0.86  1.0  0.7158      -8.784  4.3E-08   1.81 |  -1.13   1.13   0.50   2.21 |  -0.41   0.41   0.32
 23  0.97  1.0  0.2491      -6.917  1.4E-08   1.71 |  -0.00   0.00  -1.50   2.50 |  -0.00   0.00  -0.42
 24  0.95  1.0  0.0391      -4.678  3.4E-09   1.36 |   0.00  -0.00   2.50   2.54 |   0.00  -0.00   0.50
 25  0.56  1.0  0.0136      -3.385  1.3E-06   1.04 |  -0.63   0.63   0.50   2.04 |  -0.35   0.35   0.20
 32 -0.02  1.0  0.0025      -2.075  1.6E-06   0.49 |  -0.57   0.57   0.50   2.41 |  -0.49   0.49   0.49
 26  0.82  1.0  0.0025      -0.186  3.4E-07   0.69 |   0.61  -0.61   0.50   1.67 |  -0.23   0.23  -0.03
 27  0.66  1.0  0.0001       1.358  1.1E-05   0.14 |   0.00  -0.00  -1.39   2.00 |   0.05  -0.05   0.34
 37 -0.27  1.0  0.0000       1.995  8.2E-04   0.04 |   0.07  -0.07  -1.47   2.25 |   0.00  -0.00  -0.48
 28  0.11  1.0  0.0000       2.240  2.8E-03   0.06 |   0.05  -0.05   0.47   1.91 |  -0.02   0.02  -0.47
 38 -0.55  1.0  0.0000       2.404  1.9E-02   0.05 |  -0.66   0.66   0.50   2.75 |  -0.23   0.24  -0.03
 39 -0.67  1.0  0.0000       2.568  4.0E-03   0.02 |   0.43  -0.43   0.48   2.29 |   0.46  -0.46   0.46
 33  0.32  1.0  0.0000       2.806  5.5E-03   0.01 |   0.38  -0.39  -1.16   2.86 |   0.09  -0.09  -0.29
 34  0.70  1.0  0.0000       3.024  3.2E-03   0.02 |   0.03  -0.03   0.19   2.21 |   0.38  -0.39   0.35
 35 -0.13  1.0  0.0000       3.123  2.1E-02   0.02 |  -0.48   0.48   0.51   2.49 |  -0.14   0.14  -0.23
 40 -0.21  1.0  0.0000       3.684  4.2E-03   0.03 |  -0.63   0.63   0.50   2.23 |  -0.49   0.49   0.48
 36 -0.43  1.0  0.0000       5.755  1.5E-03   0.00 |  -0.01   0.00  -2.91   3.96 |  -0.00   0.00  -0.50
----------------------------------------------------------------------------------------------------------
--------------------- Canonical    basis-------------------------------------------------------------------
__________________________________________________________________________________________________________
   Neutron wavefunctions
  i     P   Rz   occ          E       d2h    Delta |   JxT    JyT    Jz      J   |   SxT    SyT    Sz
----------------------------------------------------------------------------------------------------------
 20  0.99  1.0  2.0000     -35.262  0.0E+00   0.00 |  -0.50   0.50   0.50   0.52 |  -0.50   0.50   0.50
 19 -0.99  1.0  2.0000     -24.221  0.0E+00   0.01 |  -0.87   0.87   0.50   1.46 |  -0.45   0.45   0.40
 18 -0.98  1.0  1.9999     -21.781  0.0E+00   0.14 |  -0.00   0.00  -1.50   1.53 |   0.00   0.00  -0.50
 17 -0.92  1.0  1.9619     -17.047  0.0E+00   1.43 |   0.31  -0.31   0.50   0.77 |  -0.06   0.06  -0.39
 16  0.89  1.0  1.4442     -12.891  0.0E+00   1.73 |  -1.16   1.16   0.50   2.22 |  -0.41   0.41   0.31
 15  0.97  1.0  0.4922     -11.075  0.0E+00   1.63 |  -0.00   0.00  -1.50   2.50 |  -0.00   0.00  -0.42
 14  0.95  1.0  0.0715      -8.816  0.0E+00   1.29 |   0.00  -0.00   2.50   2.54 |  -0.00   0.00   0.50
 13  0.82  1.0  0.0271      -7.059  0.0E+00   1.18 |  -0.42   0.42   0.50   1.66 |  -0.27   0.27   0.04
 12  0.69  1.0  0.0026      -4.515  0.0E+00   0.55 |   0.21  -0.21   0.50   1.47 |  -0.37   0.37   0.25
 11 -0.17  1.0  0.0006      -3.903  0.0E+00   0.27 |  -0.56   0.56   0.50   2.66 |  -0.41   0.41   0.32
 10  0.65  1.0  0.0001      -2.247  0.0E+00   0.10 |  -0.01   0.01  -1.50   2.01 |   0.00  -0.00   0.34
  9 -0.71  1.0  0.0000      -1.018  0.0E+00   0.01 |  -0.95   0.95   0.50   3.04 |  -0.38   0.38   0.27
  8 -0.65  1.0  0.0000      -0.157  0.0E+00   0.01 |   0.03  -0.03  -1.50   3.01 |   0.00  -0.00  -0.34
  5 -0.08  1.0  0.0000       0.450  0.0E+00   0.00 |   0.07   0.02  -1.47   2.35 |   0.04   0.03  -0.48
  4 -0.62  1.0  0.0000       0.623  0.0E+00   0.00 |  -0.45   0.35   0.45   1.96 |  -0.09   0.02  -0.38
  6 -0.28  1.0  0.0000       1.331  0.0E+00   0.00 |  -0.34   0.35   0.49   2.04 |  -0.43   0.43   0.36
  2  0.80  1.0  0.0000       1.398  0.0E+00   0.00 |  -0.04   0.05   0.49   2.42 |  -0.01   0.02  -0.47
  1 -0.83  1.0  0.0000       1.482  0.0E+00   0.00 |   0.46  -0.46   0.34   2.29 |   0.46  -0.46   0.48
  7 -0.11  1.0  0.0000       1.485  0.0E+00   0.00 |   0.04  -0.04   1.85   3.02 |   0.18  -0.18   0.46
  3 -0.73  1.0  0.0000       3.122  0.0E+00   0.00 |   0.02  -0.02  -3.13   3.62 |  -0.02   0.02  -0.46
__________________________________________________________________________________________________________
   Proton  wavefunctions
  i     P   Rz   occ          E       d2h    Delta |   JxT    JyT    Jz      J   |   SxT    SyT    Sz
----------------------------------------------------------------------------------------------------------
 40  0.99  1.0  2.0000     -30.741  0.0E+00   0.00 |  -0.50   0.50   0.50   0.52 |  -0.50   0.50   0.50
 39 -0.99  1.0  2.0000     -19.891  0.0E+00   0.02 |  -0.87   0.87   0.50   1.47 |  -0.45   0.45   0.40
 38 -0.98  1.0  1.9998     -17.425  0.0E+00   0.19 |  -0.00   0.00  -1.50   1.53 |   0.00   0.00  -0.50
 37 -0.91  1.0  1.9546     -12.779  0.0E+00   1.52 |   0.31  -0.31   0.50   0.78 |  -0.06   0.06  -0.39
 36  0.88  1.0  1.4321      -8.782  0.0E+00   1.82 |  -1.14   1.14   0.50   2.22 |  -0.41   0.41   0.32
 35  0.97  1.0  0.4982      -6.917  0.0E+00   1.71 |  -0.00   0.00  -1.50   2.50 |  -0.00   0.00  -0.42
 34  0.95  1.0  0.0782      -4.678  0.0E+00   1.36 |   0.00  -0.00   2.50   2.54 |  -0.00   0.00   0.50
 33  0.83  1.0  0.0312      -3.081  0.0E+00   1.24 |  -0.37   0.37   0.50   1.67 |  -0.25   0.25   0.00
 31 -0.21  1.0  0.0017      -1.612  0.0E+00   0.37 |  -0.58   0.58   0.50   2.83 |  -0.45   0.45   0.40
 32  0.75  1.0  0.0039      -0.822  0.0E+00   0.63 |   0.26  -0.26   0.50   1.41 |  -0.37   0.37   0.24
 30  0.65  1.0  0.0001       1.418  0.0E+00   0.15 |  -0.00   0.00  -1.49   2.02 |   0.00  -0.00   0.35
 29 -0.74  1.0  0.0000       2.329  0.0E+00   0.04 |  -0.93   0.94   0.50   2.95 |  -0.37   0.37   0.23
 27 -0.61  1.0  0.0000       2.374  0.0E+00   0.00 |   0.02  -0.01   0.49   1.84 |  -0.01   0.01  -0.47
 26  0.77  1.0  0.0000       2.383  0.0E+00   0.00 |   0.16  -0.17  -1.46   2.64 |   0.01  -0.01  -0.47
 28 -0.65  1.0  0.0000       2.401  0.0E+00   0.01 |   0.00  -0.01  -1.49   2.50 |   0.00  -0.00  -0.46
 23  0.13  1.0  0.0000       2.610  0.0E+00   0.00 |   0.34  -0.34   0.61   2.29 |   0.47  -0.47   0.48
 21 -0.16  1.0  0.0000       2.939  0.0E+00   0.00 |   0.41  -0.41   0.48   2.20 |   0.49  -0.49   0.49
 24  0.75  1.0  0.0000       2.964  0.0E+00   0.00 |  -0.09   0.09   0.52   2.35 |  -0.02   0.02  -0.46
 25 -0.20  1.0  0.0000       3.654  0.0E+00   0.00 |  -0.60   0.60   0.50   2.21 |  -0.49   0.49   0.47
 22 -0.43  1.0  0.0000       5.750  0.0E+00   0.00 |  -0.01   0.00  -2.93   3.97 |  -0.00   0.00  -0.50
----------------------------------------------------------------------------------------------------------
---------------------------------Quasiparticles---------------------------------
Block 1:  P=+1  neutrons
  N      Eqp       f_n      |   U   V  |   B  P  ov_TR |    JxT    JyT    Jz
________________________________________________________________________________
  1    -23.23      0.00E+00 |    1   0 |   -  -  0.000 |    0.00   0.00   0.50
  2    -15.19      0.00E+00 |    0  16 |   -  -  0.000 |    0.00   0.00   3.18
  3    -13.91      0.00E+00 |    0  19 |   -  -  0.000 |    0.00   0.00  -1.12
  4    -13.54      0.00E+00 |    0   8 |   -  -  0.000 |    0.00   0.00  -0.51
  5    -13.43      0.00E+00 |    0  20 |   -  -  0.000 |    0.00   0.00  -0.50
  6    -13.13      0.00E+00 |    0  14 |   -  -  0.000 |    0.00   0.00  -1.06
  7    -12.62      0.00E+00 |    0  17 |   -  -  0.000 |    0.00   0.00   1.47
  8    -12.46      0.00E+00 |    0  18 |   -  -  0.000 |    0.00   0.00  -0.47
  9    -12.19      0.00E+00 |    9   0 |   -  -  0.000 |    0.00   0.00   0.50
 10    -11.73      0.00E+00 |    0  13 |   -  -  0.000 |    0.00   0.00   1.49
 11    -11.12      0.00E+00 |    0  15 |   -  -  0.000 |    0.00   0.00  -0.50
 12     -9.78      0.00E+00 |   10   7 |   -  -  0.000 |    0.00   0.00   1.40
 13     -9.75      0.00E+00 |   10   7 |   -  -  0.000 |    0.00   0.00  -1.41
 14     -8.33      0.00E+00 |    0   6 |   -  -  0.000 |    0.00   0.00  -0.50
 15     -7.33      0.00E+00 |    0  12 |   -  -  0.000 |    0.00   0.00  -0.50
 16     -5.22      0.00E+00 |   11  11 |   -  -  0.000 |    0.00   0.00   0.47
 17     -5.01      0.00E+00 |   11   5 |   -  -  0.000 |    0.00   0.00  -0.47
 18     -3.47      0.00E+00 |    4   4 |   -  -  0.000 |    0.00   0.00  -2.32
 19     -1.93      0.00E+00 |    2   2 |   -  -  0.000 |    0.00   0.00   0.22
 20     -1.89      0.00E+00 |    3   3 |   -  -  0.000 |    0.00   0.00   0.76
 21      1.89      1.00E+00 |    3   3 |   -  -  0.000 |    0.00   0.00  -0.76
 22      1.93      1.00E+00 |    2   2 |   -  -  0.000 |    0.00   0.00  -0.22
 23      3.47      1.00E+00 |    4   4 |   -  -  0.000 |    0.00   0.00   2.32
 24      5.01      1.00E+00 |    5  11 |   -  -  0.000 |    0.00   0.00   0.47
 25      5.22      1.00E+00 |   11  11 |   -  -  0.000 |    0.00   0.00  -0.47
 26      7.33      1.00E+00 |   12   0 |   -  -  0.000 |    0.00   0.00   0.50
 27      8.33      1.00E+00 |    6   0 |   -  -  0.000 |    0.00   0.00   0.50
 28      9.75      1.00E+00 |    7  10 |   -  -  0.000 |    0.00   0.00   1.41
 29      9.78      1.00E+00 |    7  10 |   -  -  0.000 |    0.00   0.00  -1.40
 30     11.12      1.00E+00 |   15   0 |   -  -  0.000 |    0.00   0.00   0.50
 31     11.73      1.00E+00 |   13   0 |   -  -  0.000 |    0.00   0.00  -1.49
 32     12.19      1.00E+00 |    0   9 |   -  -  0.000 |    0.00   0.00  -0.50
 33     12.46      1.00E+00 |   18   0 |   -  -  0.000 |    0.00   0.00   0.47
 34     12.62      1.00E+00 |   17   0 |   -  -  0.000 |    0.00   0.00  -1.47
 35     13.13      1.00E+00 |   14   0 |   -  -  0.000 |    0.00   0.00   1.06
 36     13.43      1.00E+00 |   20   0 |   -  -  0.000 |    0.00   0.00   0.50
 37     13.54      1.00E+00 |    8   0 |   -  -  0.000 |    0.00   0.00   0.51
 38     13.91      1.00E+00 |   19   0 |   -  -  0.000 |    0.00   0.00   1.12
 39     15.19      1.00E+00 |   16   0 |   -  -  0.000 |    0.00   0.00  -3.18
 40     23.23      1.00E+00 |    0   1 |   -  -  0.000 |    0.00   0.00  -0.50

Block 5:  P=+1   protons
  N      Eqp       f_n      |   U   V  |   B  P  ov_TR |    JxT    JyT    Jz
________________________________________________________________________________
  1    -22.83      0.00E+00 |   21   0 |   -  -  0.000 |    0.00   0.00   0.50
  2    -13.67      0.00E+00 |    0  36 |   -  -  0.000 |    0.00   0.00   2.91
  3    -11.98      0.00E+00 |   29   0 |   -  -  0.000 |    0.00   0.00   0.50
  4    -11.60      0.00E+00 |    0  40 |   -  -  0.000 |    0.00   0.00  -0.50
  5    -11.03      0.00E+00 |    0  35 |   -  -  0.000 |    0.00   0.00  -0.51
  6    -10.94      0.00E+00 |    0  34 |   -  -  0.000 |    0.00   0.00  -0.19
  7    -10.72      0.00E+00 |    0  33 |   -  -  0.000 |    0.00   0.00   1.16
  8    -10.48      0.00E+00 |    0  39 |   -  -  0.000 |    0.00   0.00  -0.48
  9    -10.32      0.00E+00 |    0  38 |   -  -  0.000 |    0.00   0.00  -0.50
 10    -10.15      0.00E+00 |    0  28 |   -  -  0.000 |    0.00   0.00  -0.47
 11     -9.91      0.00E+00 |    0  37 |   -  -  0.000 |    0.00   0.00   1.47
 12     -9.52      0.00E+00 |   30   0 |   -  -  0.000 |    0.00   0.00  -1.50
 13     -9.27      0.00E+00 |    0  27 |   -  -  0.000 |    0.00   0.00   1.38
 14     -7.77      0.00E+00 |    0  26 |   -  -  0.000 |    0.00   0.00  -0.50
 15     -5.87      0.00E+00 |    0  32 |   -  -  0.000 |    0.00   0.00  -0.49
 16     -5.10      0.00E+00 |   31  31 |   -  -  0.000 |    0.00   0.00   0.47
 17     -4.66      0.00E+00 |   25  25 |   -  -  0.000 |    0.00   0.00  -0.48
 18     -3.51      0.00E+00 |   24  24 |   -  -  0.000 |    0.00   0.00  -2.30
 19     -2.00      0.00E+00 |   22  22 |   -  -  0.000 |    0.00   0.00   0.21
 20     -1.98      0.00E+00 |   23  23 |   -  -  0.000 |    0.00   0.00   0.75
 21      1.98      1.00E+00 |   23  23 |   -  -  0.000 |    0.00   0.00  -0.75
 22      2.00      1.00E+00 |   22  22 |   -  -  0.000 |    0.00   0.00  -0.21
 23      3.51      1.00E+00 |   24  24 |   -  -  0.000 |    0.00   0.00   2.30
 24      4.66      1.00E+00 |   25  25 |   -  -  0.000 |    0.00   0.00   0.48
 25      5.10      1.00E+00 |   31  31 |   -  -  0.000 |    0.00   0.00  -0.47
 26      5.87      1.00E+00 |   32   0 |   -  -  0.000 |    0.00   0.00   0.49
 27      7.77      1.00E+00 |   26   0 |   -  -  0.000 |    0.00   0.00   0.50
 28      9.27      1.00E+00 |   27   0 |   -  -  0.000 |    0.00   0.00  -1.38
 29      9.52      1.00E+00 |    0  30 |   -  -  0.000 |    0.00   0.00   1.50
 30      9.91      1.00E+00 |   37   0 |   -  -  0.000 |    0.00   0.00  -1.47
 31     10.15      1.00E+00 |   28   0 |   -  -  0.000 |    0.00   0.00   0.47
 32     10.32      1.00E+00 |   38   0 |   -  -  0.000 |    0.00   0.00   0.50
 33     10.48      1.00E+00 |   39   0 |   -  -  0.000 |    0.00   0.00   0.48
 34     10.72      1.00E+00 |   33   0 |   -  -  0.000 |    0.00   0.00  -1.16
 35     10.94      1.00E+00 |   34   0 |   -  -  0.000 |    0.00   0.00   0.19
 36     11.03      1.00E+00 |   35   0 |   -  -  0.000 |    0.00   0.00   0.51
 37     11.60      1.00E+00 |   40   0 |   -  -  0.000 |    0.00   0.00   0.50
 38     11.98      1.00E+00 |    0  29 |   -  -  0.000 |    0.00   0.00  -0.50
 39     13.67      1.00E+00 |   36   0 |   -  -  0.000 |    0.00   0.00  -2.91
 40     22.83      1.00E+00 |    0  21 |   -  -  0.000 |    0.00   0.00  -0.50

--------------------------------------------------------------------------------
------------------------ Electric Multipole Moments -------------------------
Quantisation Axis             : Z
  With secondary axis ordering: X,Y
  Calculated wrt to COM = (   0.000   0.000   0.000)
______________________________________________________________________________
                   Neutrons        Protons          Charge         Total
______________________________________________________________________________
 Particles           10.0000         10.0000          9.9999         20.0000

Re  Q_{ 1 0}         -0.0234          0.0234          0.0231          0.0000
Constrained                                                           0.0000
Re De_{ 1 0}                                                   0.4468480E-04
Re La_{ 1 0}                                                         -0.4217

Re  Q_{ 2 0}         10.4359         10.9778         10.9707         21.4137
Re  Q_{ 2 2}          0.0000         -0.0000         -0.0000         -0.0000

Re  Q_{ 3 0}         23.1440         26.8557         26.8026         49.9997
Constrained                                                          50.0000
Re De_{ 3 0}                                                   0.2856455E-03
Re La_{ 3 0}                                                          0.0570
Re  Q_{ 3 2}         -0.0000          0.0000          0.0000         -0.0000

Re  Q_{ 4 0}         84.3748        102.6560        102.2080        187.0307
Re  Q_{ 4 2}         -0.0000         -0.0000         -0.0000         -0.0001
Re  Q_{ 4 4}          0.0189          0.0227          0.2394          0.0416

Re  Q_{ 5 0}        354.2988        470.4359        465.1399        824.7347
Re  Q_{ 5 2}         -0.0000          0.0001          0.0001          0.0001
Re  Q_{ 5 4}         -0.1108         -0.1920         -0.1384         -0.3027

Re  Q_{ 6 0}       1467.0938       2206.1003       2145.0769       3673.1940
Re  Q_{ 6 2}         -0.0015          0.0004          0.0004         -0.0011
Re  Q_{ 6 4}          0.9246          1.5357          4.9534          2.4602
Re  Q_{ 6 6}          0.0001         -0.0000         -0.0000          0.0001

Re  Q_{ 7 0}       6370.5868      10015.5077       9631.7080      16386.0945
Re  Q_{ 7 2}         -0.0067         -0.0051         -0.0048         -0.0118
Re  Q_{ 7 4}         -1.8096         -5.3550          4.6679         -7.1645
Re  Q_{ 7 6}         -0.0003          0.0025          0.0021          0.0022

Re  Q_{ 8 0}      33583.9945      58094.9186      53434.2830      91678.9131
Re  Q_{ 8 2}          0.0445          0.1130          0.1067          0.1576
Re  Q_{ 8 4}         -0.0133         -4.2467        117.8092         -4.2600
Re  Q_{ 8 6}          0.0268          0.0245          0.0252          0.0513
Re  Q_{ 8 8}        -22.2415        -29.8358        -33.9157        -52.0773

Re  Q_{ 9 0}     151121.1447     267027.0115     240786.0515     418148.1562
Re  Q_{ 9 2}         -0.3058         -0.2722         -0.2870         -0.5780
Re  Q_{ 9 4}        472.2697        843.0732       1530.0701       1315.3429
Re  Q_{ 9 6}         -0.0723         -0.1843         -0.1722         -0.2565
Re  Q_{ 9 8}        160.9826         -3.3393        102.6993        157.6434

Re  Q_{10 0}     819513.8404    1523955.2011    1253115.5041    2343469.0415
Re  Q_{10 2}         -0.4665         -0.6901         -0.8159         -1.1566
Re  Q_{10 4}        690.3892      11086.8620      12547.7545      11777.2512
Re  Q_{10 6}          0.1967          0.4717          0.6606          0.6684
Re  Q_{10 8}      -1490.5951       8836.7642       6113.9121       7346.1690
Re  Q_{1010}         -0.2521          0.2939          0.2578          0.0418

 RMS radius           2.8797          2.9191          2.9844          2.8995
 Fourth mom.          3.2212          3.2855          3.3630          3.2538
______________________________________________________________________________
                   Neutrons        Protons          Charge         Total
______________________________________________________________________________


Beta_{ 2 0}       0.20600262      0.21669932      0.21655934      0.42270195
Beta_{ 2 2}       0.00000000     -0.00000001     -0.00000001     -0.00000000

Beta_{ 3 0}       0.14025679      0.16275003      0.16242853      0.30300682
Beta_{ 3 2}      -0.00000003      0.00000000      0.00000000     -0.00000003

Beta_{ 4 0}       0.15697828      0.19099026      0.19015679      0.34796854
Beta_{ 4 2}      -0.00000006     -0.00000005     -0.00000005     -0.00000011
Beta_{ 4 4}       0.00003515      0.00004223      0.00044547      0.00007738

Beta_{ 5 0}       0.20236655      0.26870117      0.26567619      0.47106772
Beta_{ 5 2}      -0.00000001      0.00000004      0.00000004      0.00000003
Beta_{ 5 4}      -0.00006327     -0.00010965     -0.00007903     -0.00017292

Beta_{ 6 0}       0.25725808      0.38684447      0.37614389      0.64410255
Beta_{ 6 2}      -0.00000026      0.00000008      0.00000007     -0.00000019
Beta_{ 6 4}       0.00016213      0.00026928      0.00086860      0.00043141
Beta_{ 6 6}       0.00000002     -0.00000000     -0.00000000      0.00000002

Beta_{ 7 0}       0.34295147      0.53917060      0.51850929      0.88212208
Beta_{ 7 2}      -0.00000036     -0.00000028     -0.00000026     -0.00000064
Beta_{ 7 4}      -0.00009742     -0.00028828      0.00025129     -0.00038569
Beta_{ 7 6}      -0.00000001      0.00000013      0.00000012      0.00000012

Beta_{ 8 0}       0.55504433      0.96013759      0.88311103      1.51518192
Beta_{ 8 2}       0.00000074      0.00000187      0.00000176      0.00000260
Beta_{ 8 4}      -0.00000022     -0.00007019      0.00194704     -0.00007040
Beta_{ 8 6}       0.00000044      0.00000041      0.00000042      0.00000085
Beta_{ 8 8}      -0.00036759     -0.00049310     -0.00056053     -0.00086068

Beta_{ 9 0}       0.76676565      1.35485434      1.22171171      2.12161999
Beta_{ 9 2}      -0.00000155     -0.00000138     -0.00000146     -0.00000293
Beta_{ 9 4}       0.00239622      0.00427762      0.00776334      0.00667385
Beta_{ 9 6}      -0.00000037     -0.00000093     -0.00000087     -0.00000130
Beta_{ 9 8}       0.00081680     -0.00001694      0.00052108      0.00079986

Beta_{10 0}       1.27654401      2.37384141      1.95195861      3.65038542
Beta_{10 2}      -0.00000073     -0.00000108     -0.00000127     -0.00000180
Beta_{10 4}       0.00107541      0.01726983      0.01954544      0.01834524
Beta_{10 6}       0.00000031      0.00000073      0.00000103      0.00000104
Beta_{10 8}      -0.00232188      0.01376489      0.00952355      0.01144301
Beta_{1010}      -0.00000039      0.00000046      0.00000040      0.00000007


______________________________________________________________________________
                   Neutrons        Protons          Charge         Total
______________________________________________________________________________
Q_{ 1}                0.0234          0.0234          0.0231          0.0000
Q_{ 2}               10.4359         10.9778         10.9707         21.4137
Q_{ 3}               23.1440         26.8557         26.8026         49.9997
Q_{ 4}               84.3748        102.6560        102.2086        187.0308
Q_{ 5}              354.2988        470.4360        465.1399        824.7348
Q_{ 6}             1467.0944       2206.1013       2145.0884       3673.1957
Q_{ 7}             6370.5873      10015.5106       9631.7103      16386.0977
Q_{ 8}            33584.0092      58094.9342      53434.5643      91678.9429
Q_{ 9}           151122.7921     267029.6733     240795.8179     418152.3532
Q_{10}           819517.1332    1524087.0936    1253270.9678    2343551.2557
______________________________________________________________________________
                   Neutrons        Protons          Charge         Total
______________________________________________________________________________
Beta_{   1}       0.00150340      0.00150628      0.00148251      0.00000287
Beta_{   2}       0.20600262      0.21669932      0.21655934      0.42270195
Beta_{   3}       0.14025679      0.16275003      0.16242853      0.30300682
Beta_{   4}       0.15697828      0.19099027      0.19015784      0.34796856
Beta_{   5}       0.20236657      0.26870121      0.26567622      0.47106778
Beta_{   6}       0.25725818      0.38684466      0.37614590      0.64410284
Beta_{   7}       0.34295150      0.53917076      0.51850941      0.88212224
Beta_{   8}       0.55504458      0.96013784      0.88311568      1.51518241
Beta_{   9}       0.76677401      1.35486785      1.22176127      2.12164128
Beta_{  10}       1.27654914      2.37404686      1.95220077      3.65051349
______________________________________________________________________________
 Cart. Moments X              Y              Z
 Cart. N      -16.5443560    -16.5443573     33.0887133
 Cart. P      -17.4034250    -17.4034226     34.8068476
 Cart. T      -33.9477810    -33.9477799     67.8955609
 (Q, gamma)    Q              Gamma
 (Q,g) N       33.0887133      0.0000013
 (Q,g) P       34.8068476     -0.0000022
 (Q,g) T       67.8955609     -0.0000005
 (iq1, iq2)    iq1            iq2
 iq    N       33.0887129      0.0000009
 iq    P       34.8068484     -0.0000016
 iq    T       67.8955613     -0.0000007
               X^2            Y^2            Z^2
 X^2_i N       22.1276619     22.1276614     38.6720183
 X^2_i P       22.6020291     22.6020299     40.0054533
 X^2_i T       44.7296910     44.7296913     78.6774716
----------------------------------------------------------------------------
----------------------- Box Size Check -------------------------
 Xmax = (nx+0.5)dx =  9.200 fm,  max(rho(X=Xmax)) =    3.263E-07
 Ymax = (ny+0.5)dx =  9.200 fm,  max(rho(Y=Ymax)) =    3.263E-07
 Zmax = (nz+0.5)dx =  9.200 fm,  max(rho(Z=Zmax)) =    8.643E-05
 Zmin =-(nz+0.5)dx = -9.200fm,  max(rho(Z=Zmin)) =    1.467E-05
---------------------Rotational properties--------------------
                Rigid rotor          (hbar^2/MeV)
              n              p              t 
 I_R X       1.4660757      1.5096676      2.9757433
 I_R Y       1.4660757      1.5096676      2.9757433
 I_R Z       1.0671381      1.0900151      2.1571532

                Belyaev                 (hbar^2/MeV) 
              n              p              t 
 I_B X       0.6106215      0.5860326      1.1966540
 I_B Y       0.6106215      0.5860326      1.1966541
 I_B Z       0.0000188      0.0000276      0.0000464

                Belyaev (collective)    (hbar^2/MeV) 
              n              p              t 
 I_B X       0.6106215      0.5860326      1.1966540
 I_B Y       0.6106215      0.5860326      1.1966541
 I_B Z       0.0000188      0.0000276      0.0000464

                 <J^2> - <J>^2          (hbar^2)
              n              p              t 
 J2_X        1.5694543      1.5754354      3.1448897
 J2_Y        1.5694543      1.5754358      3.1448901
 J2_Z        0.0001245      0.0001730      0.0002975
 J2_t        3.1390331      3.1510442      6.2900774

                 <J^2> - <J>^2 (coll.)  (hbar^2)
              n              p              t 
 J2_X        1.5694543      1.5754354      3.1448897
 J2_Y        1.5694543      1.5754358      3.1448901
 J2_Z        0.0001245      0.0001730      0.0002975
 J2_t        3.1390331      3.1510442      6.2900774
------------------------- Angular Momentum (hbar) --------------------------

               Spwfs(*)    Desired     Omega       E (MeV)      Densit. 
  __________________________________________________________________________
   J_x   |     0.00000     0.00000     0.00000     0.00000     0.00000
   J_y   |     0.00000     0.00000     0.00000     0.00000     0.00000
   J_z   |     0.00000     0.00000     0.00000     0.00000     0.00000
  __________________________________________________________________________
   Size  |     0.00000     0.00000     0.00000                 0.00000
  --------------------------------------------------------------------------
-------------------------- Pairing -------------------------
                          N         P 
 Fermi Level (MeV)    -12.03318784    -7.91150847
 Particles             10.00000000    10.00000000
 Dispersion             1.81629367     1.86897923
 Average gap   v^2      0.65304783     0.69847861
 Average gap   uv       1.49761642     1.55360298
------------------------------------------------------------
--------------------------------------------------------------------------------
 Skyrme Energy                Isospin  1 2 3 4                   Energy [MeV]
--------------------------------------------------------------------------------
E_D_I_I_D_I_I                          0 0                      -1295.227513
E_D_I_I_D_I_I                          1 1                          0.051494
E_D_I_I_D_I_I_D_I_I                    0 0 0                      735.720317
E_D_I_I_D_I_I_D_I_I                    0 1 1                       -0.026158
E_D_I_I_D_Nm_Nm                        0 0                         27.743865
E_D_I_I_D_Nm_Nm                        1 1                         -0.003032
E_D_I_I_Lap_D_I_I                      0 0                         58.134491
E_D_I_I_Lap_D_I_I                      1 1                          0.001406
E_C_I_NmSk_C_I_NmSk                    0 0                         -0.000000
E_C_I_NmSk_C_I_NmSk                    1 1                         -0.000000
E_D_I_I_D_I_I_D_Nm_Nm                  0 0 0                        0.000000
E_D_I_I_D_I_I_D_Nm_Nm                  0 1 1                       -0.000000
E_D_I_I_D_I_I_D_Nm_Nm                  0 0 0                        0.000000
E_D_I_I_D_I_I_D_Nm_Nm                  0 1 1                        0.000000
E_D_I_I_Derm_D_I_I_Derm_D_I_I          0 0 0                        0.000000
E_D_I_I_Derm_D_I_I_Derm_D_I_I          0 1 1                       -0.000000
E_D_I_I_Derm_D_I_I_Derm_D_I_I          0 0 0                       -0.000000
E_D_I_I_Derm_D_I_I_Derm_D_I_I          0 1 1                       -0.000000
E_D_I_I_Derm_D_I_I_D_I_I_Derm_D_I_I    0 0 0 0                      0.000000
E_D_I_I_Derm_D_I_I_D_I_I_Derm_D_I_I    0 0 1 1                     -0.000000
E_D_I_I_Derm_C_I_NxmSxm                0 0                        -10.760028
E_D_I_I_Derm_C_I_NxmSxm                1 1                         -0.000445
E_DP_I_I_DP_I_I                        n n                         -3.572754
E_DP_I_I_DP_I_I                        p p                         -3.831092
E_D_I_I_DP_I_I_DP_I_I                  0 n n                        1.500434
E_D_I_I_DP_I_I_DP_I_I                  0 p p                        1.585747
--------------------------------------------------------------------------------
                 Total Skyrme:                                   -488.683268
--------------------------------------------------------------------------------
                    time-even:                                   -488.683268
                    time-odd :                                      0.000000
                    bilinear :                                  -1227.463607
                    trilinear:                                      0.000000
                 quadrilinear:                                      0.000000
            density-dependent:                                    738.780339
--------------------------------------------------------------------------------
--------------------------------------------------------------------------------
                                     neutron        proton         total
                Kinetic Energy:     162.454059     159.130799     321.584858
                    COM 1-body:      -8.122703      -7.956540     -16.079243
                    COM 2-body:       3.212395       3.160584       6.372980
                            ph:       3.187790       3.131823       6.319613
                            pp:       0.024606       0.028761       0.053367
                 Collective T:                                     -2.445118

                 Rotational  T:                                    -2.445118
                 Rotational  X:                                    -1.222052
                 Rotational  Y:                                    -1.222052
                 Rotational  Z:                                    -0.001014

                 Vibrational T:                                     0.000000
                 Vibrational X:                                    -0.000000
                 Vibrational Y:                                    -0.000000
                 Vibrational Z:                                    -0.000000


                Coulomb Direct:       0.000000      23.426969      23.426969
                      Exchange:       0.000000       0.000000       0.000000

               Pairing (delta):      -2.072244      -2.245328      -4.317572
               Pairing (densi):                                    -4.317666
--------------------------------------------------------------------------------
                  Total energy:                                  -155.822823
                    from spwfs:                                  -155.822819
                   E_fu - E_sp:                                -0.351646E-05
                   (no corr.) :                                  -159.750684
                      Routhian:                                  -157.218363
                         dE   :                                -0.460973E-03
                         dR   :                                -0.464500E-03
--------------------------------------------------------------------------------
 Iteration =  151
 dt    =   0.0248      mu   =   0.8303 gradn =    0.000E+00 D2H  =    2.490E-07
 E     =   -155.823    DE   = -0.17658E-06
 R     =   -157.218    DR   = -0.19732E-06
 R-E   =     -1.396  D(R-E) = -0.22506E-07
 dmun  = -2.8E-06      dmup=  1.8E-05
 RQ10t =       0.0000   dQ = -8.6E-07  L =      -0.4217   dL = -5.4E-06  dev =  4.4E-05
 RQ20t =      21.4134   dQ = -2.4E-04  L =       0.0000   dL =  0.0E+00  dev =  0.0E+00
 RQ22t =      -0.0000   dQ =  3.1E-09  L =       0.0000   dL =  0.0E+00  dev =  0.0E+00
 RQ30t =      49.9997   dQ =  2.4E-06  L =       0.0570   dL =  1.3E-07  dev =  2.8E-04
 Jz    =       0.0000   dJZ=  0.0E+00 Om =       0.0000   dO =  0.0E+00  dev =  0.0E+00
--------------------------------------------------------------------------------------
 Iteration =  152
 dt    =   0.0248      mu   =   0.8303 gradn =    0.000E+00 D2H  =    2.377E-07
 E     =   -155.823    DE   = -0.17271E-06
 R     =   -157.218    DR   = -0.19339E-06
 R-E   =     -1.396  D(R-E) = -0.22411E-07
 dmun  = -2.7E-06      dmup=  1.8E-05
 RQ10t =       0.0000   dQ = -8.5E-07  L =      -0.4218   dL = -5.3E-06  dev =  4.3E-05
 RQ20t =      21.4132   dQ = -2.4E-04  L =       0.0000   dL =  0.0E+00  dev =  0.0E+00
 RQ22t =      -0.0000   dQ =  3.7E-09  L =       0.0000   dL =  0.0E+00  dev =  0.0E+00
 RQ30t =      49.9997   dQ =  2.6E-06  L =       0.0570   dL =  1.3E-07  dev =  2.8E-04
 Jz    =       0.0000   dJZ=  0.0E+00 Om =       0.0000   dO =  0.0E+00  dev =  0.0E+00
--------------------------------------------------------------------------------------
 Iteration =  153
 dt    =   0.0248      mu   =   0.8303 gradn =    0.000E+00 D2H  =    2.270E-07
 E     =   -155.823    DE   = -0.16895E-06
 R     =   -157.218    DR   = -0.18953E-06
 R-E   =     -1.396  D(R-E) = -0.22279E-07
 dmun  = -2.6E-06      dmup=  1.7E-05
 RQ10t =       0.0000   dQ = -8.4E-07  L =      -0.4218   dL = -5.2E-06  dev =  4.2E-05
 RQ20t =      21.4130   dQ = -2.3E-04  L =       0.0000   dL =  0.0E+00  dev =  0.0E+00
 RQ22t =      -0.0000   dQ =  4.2E-09  L =       0.0000   dL =  0.0E+00  dev =  0.0E+00
 RQ30t =      49.9997   dQ =  2.7E-06  L =       0.0570   dL =  1.3E-07  dev =  2.8E-04
 Jz    =       0.0000   dJZ=  0.0E+00 Om =       0.0000   dO =  0.0E+00  dev =  0.0E+00
--------------------------------------------------------------------------------------
 Iteration =  154
 dt    =   0.0248      mu   =   0.8303 gradn =    0.000E+00 D2H  =    2.167E-07
 E     =   -155.823    DE   = -0.16520E-06
 R     =   -157.218    DR   = -0.18567E-06
 R-E   =     -1.396  D(R-E) = -0.22138E-07
 dmun  = -2.6E-06      dmup=  1.7E-05
 RQ10t =       0.0000   dQ = -8.3E-07  L =      -0.4218   dL = -5.1E-06  dev =  4.1E-05
 RQ20t =      21.4127   dQ = -2.3E-04  L =       0.0000   dL =  0.0E+00  dev =  0.0E+00
 RQ22t =      -0.0000   dQ =  4.8E-09  L =       0.0000   dL =  0.0E+00  dev =  0.0E+00
 RQ30t =      49.9997   dQ =  2.8E-06  L =       0.0570   dL =  1.3E-07  dev =  2.8E-04
 Jz    =       0.0000   dJZ=  0.0E+00 Om =       0.0000   dO =  0.0E+00  dev =  0.0E+00
--------------------------------------------------------------------------------------
 Iteration =  155
 dt    =   0.0248      mu   =   0.8303 gradn =    0.000E+00 D2H  =    2.069E-07
 E     =   -155.823    DE   = -0.16152E-06
 R     =   -157.219    DR   = -0.18188E-06
 R-E   =     -1.396  D(R-E) = -0.21983E-07
 dmun  = -2.5E-06      dmup=  1.7E-05
 RQ10t =       0.0000   dQ = -8.2E-07  L =      -0.4218   dL = -5.0E-06  dev =  4.0E-05
 RQ20t =      21.4125   dQ = -2.2E-04  L =       0.0000   dL =  0.0E+00  dev =  0.0E+00
 RQ22t =      -0.0000   dQ =  5.3E-09  L =       0.0000   dL =  0.0E+00  dev =  0.0E+00
 RQ30t =      49.9997   dQ =  2.9E-06  L =       0.0570   dL =  1.3E-07  dev =  2.7E-04
 Jz    =       0.0000   dJZ=  0.0E+00 Om =       0.0000   dO =  0.0E+00  dev =  0.0E+00
--------------------------------------------------------------------------------------
 Iteration =  156
 dt    =   0.0248      mu   =   0.8303 gradn =    0.000E+00 D2H  =    1.975E-07
 E     =   -155.823    DE   = -0.15790E-06
 R     =   -157.219    DR   = -0.17812E-06
 R-E   =     -1.396  D(R-E) = -0.21819E-07
 dmun  = -2.5E-06      dmup=  1.6E-05
 RQ10t =       0.0000   dQ = -8.1E-07  L =      -0.4218   dL = -4.9E-06  dev =  4.0E-05
 RQ20t =      21.4123   dQ = -2.2E-04  L =       0.0000   dL =  0.0E+00  dev =  0.0E+00
 RQ22t =      -0.0000   dQ =  5.9E-09  L =       0.0000   dL =  0.0E+00  dev =  0.0E+00
 RQ30t =      49.9997   dQ =  3.0E-06  L =       0.0570   dL =  1.3E-07  dev =  2.7E-04
 Jz    =       0.0000   dJZ=  0.0E+00 Om =       0.0000   dO =  0.0E+00  dev =  0.0E+00
--------------------------------------------------------------------------------------
 Iteration =  157
 dt    =   0.0248      mu   =   0.8303 gradn =    0.000E+00 D2H  =    1.886E-07
 E     =   -155.823    DE   = -0.15432E-06
 R     =   -157.219    DR   = -0.17441E-06
 R-E   =     -1.396  D(R-E) = -0.21644E-07
 dmun  = -2.4E-06      dmup=  1.6E-05
 RQ10t =       0.0000   dQ = -8.0E-07  L =      -0.4218   dL = -4.8E-06  dev =  3.9E-05
 RQ20t =      21.4121   dQ = -2.1E-04  L =       0.0000   dL =  0.0E+00  dev =  0.0E+00
 RQ22t =      -0.0000   dQ =  6.4E-09  L =       0.0000   dL =  0.0E+00  dev =  0.0E+00
 RQ30t =      49.9997   dQ =  3.2E-06  L =       0.0570   dL =  1.3E-07  dev =  2.7E-04
 Jz    =       0.0000   dJZ=  0.0E+00 Om =       0.0000   dO =  0.0E+00  dev =  0.0E+00
--------------------------------------------------------------------------------------
 Iteration =  158
 dt    =   0.0248      mu   =   0.8303 gradn =    0.000E+00 D2H  =    1.801E-07
 E     =   -155.823    DE   = -0.15081E-06
 R     =   -157.219    DR   = -0.17074E-06
 R-E   =     -1.396  D(R-E) = -0.21457E-07
 dmun  = -2.4E-06      dmup=  1.5E-05
 RQ10t =       0.0000   dQ = -8.0E-07  L =      -0.4218   dL = -4.7E-06  dev =  3.8E-05
 RQ20t =      21.4119   dQ = -2.1E-04  L =       0.0000   dL =  0.0E+00  dev =  0.0E+00
 RQ22t =      -0.0000   dQ =  6.9E-09  L =       0.0000   dL =  0.0E+00  dev =  0.0E+00
 RQ30t =      49.9997   dQ =  3.3E-06  L =       0.0570   dL =  1.2E-07  dev =  2.6E-04
 Jz    =       0.0000   dJZ=  0.0E+00 Om =       0.0000   dO =  0.0E+00  dev =  0.0E+00
--------------------------------------------------------------------------------------
 Iteration =  159
 dt    =   0.0248      mu   =   0.8303 gradn =    0.000E+00 D2H  =    1.719E-07
 E     =   -155.823    DE   = -0.14736E-06
 R     =   -157.219    DR   = -0.16712E-06
 R-E   =     -1.396  D(R-E) = -0.21255E-07
 dmun  = -2.3E-06      dmup=  1.5E-05
 RQ10t =       0.0000   dQ = -7.9E-07  L =      -0.4218   dL = -4.6E-06  dev =  3.7E-05
 RQ20t =      21.4117   dQ = -2.0E-04  L =       0.0000   dL =  0.0E+00  dev =  0.0E+00
 RQ22t =      -0.0000   dQ =  7.3E-09  L =       0.0000   dL =  0.0E+00  dev =  0.0E+00
 RQ30t =      49.9997   dQ =  3.4E-06  L =       0.0570   dL =  1.2E-07  dev =  2.6E-04
 Jz    =       0.0000   dJZ=  0.0E+00 Om =       0.0000   dO =  0.0E+00  dev =  0.0E+00
--------------------------------------------------------------------------------------
--------------------------------------------------------------------------------------
                              Iteration =   160

--------------------- Hartree-Fock basis-------------------------------------------------------------------
__________________________________________________________________________________________________________
   Neutron wavefunctions
  i     P   Rz   occ          E       d2h    Delta |   JxT    JyT    Jz      J   |   SxT    SyT    Sz
----------------------------------------------------------------------------------------------------------
  1  0.99  1.0  1.0000     -35.262  2.1E-09   0.00 |  -0.50   0.50   0.50   0.52 |  -0.50   0.50   0.50
  9 -0.99  1.0  1.0000     -24.221  8.5E-09   0.01 |  -0.87   0.87   0.50   1.46 |  -0.45   0.45   0.40
 10 -0.98  1.0  0.9999     -21.782  2.1E-09   0.14 |  -0.00   0.00  -1.50   1.53 |   0.00   0.00  -0.50
 11 -0.91  1.0  0.9809     -17.047  9.6E-09   1.43 |   0.31  -0.31   0.50   0.78 |  -0.06   0.06  -0.39
  2  0.88  1.0  0.7220     -12.891  2.0E-08   1.73 |  -1.15   1.15   0.50   2.22 |  -0.41   0.41   0.31
  3  0.97  1.0  0.2461     -11.075  8.3E-09   1.63 |  -0.00   0.00  -1.50   2.50 |  -0.00   0.00  -0.42
  4  0.95  1.0  0.0358      -8.816  2.2E-09   1.29 |   0.00  -0.00   2.50   2.54 |  -0.00   0.00   0.50
  5  0.80  1.0  0.0132      -7.153  2.0E-07   1.14 |  -0.61   0.61   0.50   1.65 |  -0.34   0.34   0.17
 12  0.01  1.0  0.0011      -4.722  1.3E-03   0.45 |  -0.39   0.39   0.50   2.27 |  -0.46   0.46   0.42
  6  0.61  1.0  0.0009      -3.721  1.3E-03   0.41 |   0.40  -0.40   0.50   2.03 |  -0.28   0.28   0.06
  7  0.68  1.0  0.0000      -2.251  6.0E-08   0.10 |   0.00  -0.00  -1.49   1.97 |   0.00  -0.00   0.35
 15 -0.76  1.0  0.0000      -0.910  3.4E-06   0.05 |  -1.09   1.09   0.50   3.00 |  -0.36   0.36   0.23
 13 -0.68  1.0  0.0000      -0.305  2.7E-06   0.01 |  -0.01   0.01  -1.49   2.64 |   0.00  -0.00  -0.42
 18 -0.30  1.0  0.0000       0.426  8.3E-05   0.01 |  -0.00   0.00   0.47   1.78 |  -0.01   0.01  -0.47
 17 -0.06  1.0  0.0000       0.590  8.8E-04   0.01 |   0.04  -0.04  -1.46   2.79 |   0.00  -0.00  -0.42
 14 -0.20  1.0  0.0000       1.096  2.0E-03   0.01 |   0.45  -0.45   1.05   2.60 |   0.42  -0.42   0.49
 20 -0.21  1.0  0.0000       1.397  6.5E-04   0.01 |  -0.64   0.64   0.50   2.15 |  -0.46   0.46   0.42
  8  0.42  1.0  0.0000       1.510  7.0E-04   0.00 |  -0.17   0.18   0.51   2.46 |  -0.03   0.04  -0.43
 19 -0.70  1.0  0.0000       1.872  2.3E-02   0.00 |   0.05  -0.05   1.06   2.70 |   0.23  -0.23   0.44
 16 -0.74  1.0  0.0000       3.151  3.4E-03   0.00 |   0.01  -0.01  -3.16   3.64 |  -0.01   0.01  -0.48
__________________________________________________________________________________________________________
   Proton  wavefunctions
  i     P   Rz   occ          E       d2h    Delta |   JxT    JyT    Jz      J   |   SxT    SyT    Sz
----------------------------------------------------------------------------------------------------------
 21  0.99  1.0  1.0000     -30.742  1.9E-09   0.00 |  -0.50   0.50   0.50   0.52 |  -0.50   0.50   0.50
 29 -0.99  1.0  1.0000     -19.891  1.1E-08   0.02 |  -0.87   0.87   0.50   1.46 |  -0.45   0.45   0.40
 30 -0.98  1.0  0.9999     -17.425  2.1E-09   0.19 |  -0.00   0.00  -1.50   1.53 |   0.00   0.00  -0.50
 31 -0.91  1.0  0.9773     -12.780  1.6E-08   1.52 |   0.30  -0.30   0.50   0.79 |  -0.06   0.06  -0.39
 22  0.86  1.0  0.7158      -8.783  2.7E-08   1.81 |  -1.13   1.13   0.50   2.21 |  -0.41   0.41   0.32
 23  0.97  1.0  0.2491      -6.917  8.8E-09   1.71 |  -0.00   0.00  -1.50   2.50 |  -0.00   0.00  -0.42
 24  0.95  1.0  0.0391      -4.679  2.1E-09   1.36 |   0.00  -0.00   2.50   2.54 |   0.00  -0.00   0.50
 25  0.56  1.0  0.0136      -3.385  4.5E-07   1.03 |  -0.63   0.63   0.50   2.04 |  -0.35   0.35   0.20
 32 -0.02  1.0  0.0025      -2.075  6.0E-07   0.49 |  -0.57   0.57   0.50   2.41 |  -0.49   0.49   0.49
 26  0.82  1.0  0.0025      -0.186  2.0E-07   0.69 |   0.61  -0.61   0.50   1.67 |  -0.23   0.23  -0.03
 27  0.66  1.0  0.0001       1.358  7.5E-06   0.14 |   0.00  -0.00  -1.39   2.00 |   0.05  -0.05   0.34
 37 -0.26  1.0  0.0000       1.995  5.9E-04   0.04 |   0.07  -0.07  -1.47   2.25 |   0.00  -0.00  -0.48
 28  0.10  1.0  0.0000       2.239  2.4E-03   0.06 |   0.05  -0.05   0.47   1.90 |  -0.01   0.02  -0.47
 38 -0.57  1.0  0.0000       2.398  1.4E-02   0.05 |  -0.69   0.69   0.50   2.76 |  -0.25   0.25  -0.01
 39 -0.66  1.0  0.0000       2.567  3.5E-03   0.02 |   0.42  -0.42   0.48   2.30 |   0.45  -0.45   0.46
 33  0.31  1.0  0.0000       2.806  3.9E-03   0.01 |   0.39  -0.39  -1.16   2.85 |   0.09  -0.09  -0.28
 34  0.69  1.0  0.0000       3.023  2.2E-03   0.02 |   0.02  -0.02   0.18   2.21 |   0.38  -0.38   0.35
 35 -0.10  1.0  0.0000       3.128  1.5E-02   0.02 |  -0.44   0.44   0.51   2.47 |  -0.13   0.13  -0.25
 40 -0.21  1.0  0.0000       3.685  3.1E-03   0.03 |  -0.64   0.64   0.50   2.24 |  -0.49   0.49   0.48
 36 -0.43  1.0  0.0000       5.754  1.7E-03   0.00 |  -0.01   0.01  -2.90   3.97 |  -0.00   0.00  -0.50
----------------------------------------------------------------------------------------------------------
--------------------- Canonical    basis-------------------------------------------------------------------
__________________________________________________________________________________________________________
   Neutron wavefunctions
  i     P   Rz   occ          E       d2h    Delta |   JxT    JyT    Jz      J   |   SxT    SyT    Sz
----------------------------------------------------------------------------------------------------------
 20  0.99  1.0  2.0000     -35.262  0.0E+00   0.00 |  -0.50   0.50   0.50   0.52 |  -0.50   0.50   0.50
 19 -0.99  1.0  2.0000     -24.221  0.0E+00   0.01 |  -0.87   0.87   0.50   1.46 |  -0.45   0.45   0.40
 18 -0.98  1.0  1.9999     -21.782  0.0E+00   0.14 |  -0.00   0.00  -1.50   1.53 |   0.00   0.00  -0.50
 17 -0.92  1.0  1.9618     -17.047  0.0E+00   1.43 |   0.31  -0.31   0.50   0.77 |  -0.06   0.06  -0.39
 16  0.89  1.0  1.4441     -12.891  0.0E+00   1.73 |  -1.16   1.16   0.50   2.22 |  -0.41   0.41   0.31
 15  0.97  1.0  0.4922     -11.075  0.0E+00   1.63 |  -0.00   0.00  -1.50   2.50 |  -0.00   0.00  -0.42
 14  0.95  1.0  0.0716      -8.816  0.0E+00   1.29 |   0.00  -0.00   2.50   2.54 |  -0.00   0.00   0.50
 13  0.82  1.0  0.0271      -7.059  0.0E+00   1.18 |  -0.42   0.42   0.50   1.66 |  -0.27   0.27   0.04
 12  0.70  1.0  0.0027      -4.514  0.0E+00   0.55 |   0.21  -0.21   0.50   1.47 |  -0.37   0.37   0.25
 11 -0.17  1.0  0.0005      -3.904  0.0E+00   0.27 |  -0.57   0.57   0.50   2.66 |  -0.41   0.41   0.32
 10  0.65  1.0  0.0001      -2.247  0.0E+00   0.10 |  -0.01   0.01  -1.50   2.01 |   0.00  -0.00   0.34
  9 -0.71  1.0  0.0000      -1.019  0.0E+00   0.01 |  -0.95   0.95   0.50   3.04 |  -0.38   0.38   0.27
  8 -0.65  1.0  0.0000      -0.157  0.0E+00   0.01 |   0.02  -0.02  -1.50   3.01 |   0.00  -0.00  -0.34
  5 -0.07  1.0  0.0000       0.451  0.0E+00   0.00 |   0.07   0.03  -1.47   2.35 |   0.04   0.03  -0.48
  4 -0.62  1.0  0.0000       0.626  0.0E+00   0.00 |  -0.46   0.36   0.45   1.96 |  -0.09   0.03  -0.38
  6 -0.29  1.0  0.0000       1.329  0.0E+00   0.00 |  -0.34   0.34   0.48   2.04 |  -0.43   0.43   0.35
  2  0.80  1.0  0.0000       1.400  0.0E+00   0.00 |  -0.04   0.05   0.49   2.42 |  -0.01   0.02  -0.47
  7 -0.06  1.0  0.0000       1.472  0.0E+00   0.00 |   0.04  -0.04   1.79   2.99 |   0.19  -0.19   0.46
  1 -0.84  1.0  0.0000       1.484  0.0E+00   0.00 |   0.46  -0.46   0.33   2.29 |   0.46  -0.46   0.47
  3 -0.73  1.0  0.0000       3.117  0.0E+00   0.00 |   0.02  -0.02  -3.10   3.62 |  -0.02   0.02  -0.46
__________________________________________________________________________________________________________
   Proton  wavefunctions
  i     P   Rz   occ          E       d2h    Delta |   JxT    JyT    Jz      J   |   SxT    SyT    Sz
----------------------------------------------------------------------------------------------------------
 40  0.99  1.0  2.0000     -30.742  0.0E+00   0.00 |  -0.50   0.50   0.50   0.52 |  -0.50   0.50   0.50
 39 -0.99  1.0  2.0000     -19.891  0.0E+00   0.02 |  -0.87   0.87   0.50   1.47 |  -0.45   0.45   0.40
 38 -0.98  1.0  1.9998     -17.425  0.0E+00   0.19 |  -0.00   0.00  -1.50   1.53 |   0.00   0.00  -0.50
 37 -0.91  1.0  1.9546     -12.779  0.0E+00   1.52 |   0.31  -0.31   0.50   0.78 |  -0.06   0.06  -0.39
 36  0.88  1.0  1.4321      -8.782  0.0E+00   1.82 |  -1.14   1.14   0.50   2.22 |  -0.41   0.41   0.32
 35  0.97  1.0  0.4982      -6.917  0.0E+00   1.71 |  -0.00   0.00  -1.50   2.50 |  -0.00   0.00  -0.42
 34  0.95  1.0  0.0783      -4.678  0.0E+00   1.36 |   0.00  -0.00   2.50   2.54 |  -0.00   0.00   0.50
 33  0.83  1.0  0.0312      -3.082  0.0E+00   1.24 |  -0.37   0.37   0.50   1.67 |  -0.25   0.25   0.00
 31 -0.21  1.0  0.0017      -1.609  0.0E+00   0.37 |  -0.58   0.58   0.50   2.83 |  -0.45   0.45   0.40
 32  0.75  1.0  0.0039      -0.821  0.0E+00   0.63 |   0.26  -0.26   0.50   1.41 |  -0.37   0.37   0.24
 30  0.65  1.0  0.0001       1.418  0.0E+00   0.15 |  -0.00   0.00  -1.49   2.02 |   0.00  -0.00   0.35
 29 -0.74  1.0  0.0000       2.327  0.0E+00   0.04 |  -0.93   0.93   0.50   2.95 |  -0.37   0.37   0.23
 27 -0.61  1.0  0.0000       2.370  0.0E+00   0.00 |   0.02  -0.02   0.49   1.83 |  -0.01   0.01  -0.47
 28 -0.66  1.0  0.0000       2.387  0.0E+00   0.01 |   0.00  -0.00  -1.48   2.48 |   0.00  -0.00  -0.46
 26  0.78  1.0  0.0000       2.392  0.0E+00   0.00 |   0.18  -0.19  -1.45   2.65 |   0.01  -0.01  -0.46
 23  0.12  1.0  0.0000       2.611  0.0E+00   0.00 |   0.32  -0.32   0.60   2.28 |   0.47  -0.47   0.48
 21 -0.16  1.0  0.0000       2.939  0.0E+00   0.00 |   0.40  -0.40   0.48   2.20 |   0.49  -0.49   0.49
 24  0.74  1.0  0.0000       2.971  0.0E+00   0.00 |  -0.09   0.10   0.52   2.36 |  -0.02   0.02  -0.46
 25 -0.19  1.0  0.0000       3.652  0.0E+00   0.00 |  -0.60   0.60   0.50   2.22 |  -0.49   0.49   0.47
 22 -0.43  1.0  0.0000       5.748  0.0E+00   0.00 |  -0.01   0.01  -2.92   3.97 |  -0.00   0.00  -0.50
----------------------------------------------------------------------------------------------------------
---------------------------------Quasiparticles---------------------------------
Block 1:  P=+1  neutrons
  N      Eqp       f_n      |   U   V  |   B  P  ov_TR |    JxT    JyT    Jz
________________________________________________________________________________
  1    -23.23      0.00E+00 |    1   0 |   -  -  0.000 |    0.00   0.00   0.50
  2    -15.18      0.00E+00 |    0  16 |   -  -  0.000 |    0.00   0.00   3.16
  3    -13.91      0.00E+00 |    0  19 |   -  -  0.000 |    0.00   0.00  -1.06
  4    -13.54      0.00E+00 |    0   8 |   -  -  0.000 |    0.00   0.00  -0.51
  5    -13.43      0.00E+00 |    0  20 |   -  -  0.000 |    0.00   0.00  -0.50
  6    -13.13      0.00E+00 |    0  14 |   -  -  0.000 |    0.00   0.00  -1.05
  7    -12.62      0.00E+00 |    0  17 |   -  -  0.000 |    0.00   0.00   1.46
  8    -12.46      0.00E+00 |    0  18 |   -  -  0.000 |    0.00   0.00  -0.47
  9    -12.19      0.00E+00 |    9   0 |   -  -  0.000 |    0.00   0.00   0.50
 10    -11.73      0.00E+00 |    0  13 |   -  -  0.000 |    0.00   0.00   1.49
 11    -11.12      0.00E+00 |    0  15 |   -  -  0.000 |    0.00   0.00  -0.50
 12     -9.78      0.00E+00 |   10   7 |   -  -  0.000 |    0.00   0.00   1.40
 13     -9.75      0.00E+00 |   10   7 |   -  -  0.000 |    0.00   0.00  -1.41
 14     -8.33      0.00E+00 |    0   6 |   -  -  0.000 |    0.00   0.00  -0.50
 15     -7.33      0.00E+00 |    0  12 |   -  -  0.000 |    0.00   0.00  -0.50
 16     -5.22      0.00E+00 |   11  11 |   -  -  0.000 |    0.00   0.00   0.47
 17     -5.01      0.00E+00 |   11   5 |   -  -  0.000 |    0.00   0.00  -0.47
 18     -3.47      0.00E+00 |    4   4 |   -  -  0.000 |    0.00   0.00  -2.32
 19     -1.93      0.00E+00 |    2   2 |   -  -  0.000 |    0.00   0.00   0.22
 20     -1.89      0.00E+00 |    3   3 |   -  -  0.000 |    0.00   0.00   0.76
 21      1.89      1.00E+00 |    3   3 |   -  -  0.000 |    0.00   0.00  -0.76
 22      1.93      1.00E+00 |    2   2 |   -  -  0.000 |    0.00   0.00  -0.22
 23      3.47      1.00E+00 |    4   4 |   -  -  0.000 |    0.00   0.00   2.32
 24      5.01      1.00E+00 |    5  11 |   -  -  0.000 |    0.00   0.00   0.47
 25      5.22      1.00E+00 |   11  11 |   -  -  0.000 |    0.00   0.00  -0.47
 26      7.33      1.00E+00 |   12   0 |   -  -  0.000 |    0.00   0.00   0.50
 27      8.33      1.00E+00 |    6   0 |   -  -  0.000 |    0.00   0.00   0.50
 28      9.75      1.00E+00 |    7  10 |   -  -  0.000 |    0.00   0.00   1.41
 29      9.78      1.00E+00 |    7  10 |   -  -  0.000 |    0.00   0.00  -1.40
 30     11.12      1.00E+00 |   15   0 |   -  -  0.000 |    0.00   0.00   0.50
 31     11.73      1.00E+00 |   13   0 |   -  -  0.000 |    0.00   0.00  -1.49
 32     12.19      1.00E+00 |    0   9 |   -  -  0.000 |    0.00   0.00  -0.50
 33     12.46      1.00E+00 |   18   0 |   -  -  0.000 |    0.00   0.00   0.47
 34     12.62      1.00E+00 |   17   0 |   -  -  0.000 |    0.00   0.00  -1.46
 35     13.13      1.00E+00 |   14   0 |   -  -  0.000 |    0.00   0.00   1.05
 36     13.43      1.00E+00 |   20   0 |   -  -  0.000 |    0.00   0.00   0.50
 37     13.54      1.00E+00 |    8   0 |   -  -  0.000 |    0.00   0.00   0.51
 38     13.91      1.00E+00 |   19   0 |   -  -  0.000 |    0.00   0.00   1.06
 39     15.18      1.00E+00 |   16   0 |   -  -  0.000 |    0.00   0.00  -3.16
 40     23.23      1.00E+00 |    0   1 |   -  -  0.000 |    0.00   0.00  -0.50

Block 5:  P=+1   protons
  N      Eqp       f_n      |   U   V  |   B  P  ov_TR |    JxT    JyT    Jz
________________________________________________________________________________
  1    -22.83      0.00E+00 |   21   0 |   -  -  0.000 |    0.00   0.00   0.50
  2    -13.67      0.00E+00 |    0  36 |   -  -  0.000 |    0.00   0.00   2.90
  3    -11.98      0.00E+00 |   29   0 |   -  -  0.000 |    0.00   0.00   0.50
  4    -11.60      0.00E+00 |    0  40 |   -  -  0.000 |    0.00   0.00  -0.50
  5    -11.04      0.00E+00 |    0  35 |   -  -  0.000 |    0.00   0.00  -0.51
  6    -10.93      0.00E+00 |    0  34 |   -  -  0.000 |    0.00   0.00  -0.18
  7    -10.72      0.00E+00 |    0  33 |   -  -  0.000 |    0.00   0.00   1.16
  8    -10.48      0.00E+00 |    0  39 |   -  -  0.000 |    0.00   0.00  -0.48
  9    -10.31      0.00E+00 |    0  38 |   -  -  0.000 |    0.00   0.00  -0.50
 10    -10.15      0.00E+00 |    0  28 |   -  -  0.000 |    0.00   0.00  -0.47
 11     -9.91      0.00E+00 |    0  37 |   -  -  0.000 |    0.00   0.00   1.47
 12     -9.52      0.00E+00 |   30   0 |   -  -  0.000 |    0.00   0.00  -1.50
 13     -9.27      0.00E+00 |    0  27 |   -  -  0.000 |    0.00   0.00   1.38
 14     -7.77      0.00E+00 |    0  26 |   -  -  0.000 |    0.00   0.00  -0.50
 15     -5.87      0.00E+00 |    0  32 |   -  -  0.000 |    0.00   0.00  -0.49
 16     -5.10      0.00E+00 |   31  31 |   -  -  0.000 |    0.00   0.00   0.47
 17     -4.66      0.00E+00 |   25  25 |   -  -  0.000 |    0.00   0.00  -0.48
 18     -3.51      0.00E+00 |   24  24 |   -  -  0.000 |    0.00   0.00  -2.30
 19     -2.00      0.00E+00 |   22  22 |   -  -  0.000 |    0.00   0.00   0.21
 20     -1.98      0.00E+00 |   23  23 |   -  -  0.000 |    0.00   0.00   0.75
 21      1.98      1.00E+00 |   23  23 |   -  -  0.000 |    0.00   0.00  -0.75
 22      2.00      1.00E+00 |   22  22 |   -  -  0.000 |    0.00   0.00  -0.21
 23      3.51      1.00E+00 |   24  24 |   -  -  0.000 |    0.00   0.00   2.30
 24      4.66      1.00E+00 |   25  25 |   -  -  0.000 |    0.00   0.00   0.48
 25      5.10      1.00E+00 |   31  31 |   -  -  0.000 |    0.00   0.00  -0.47
 26      5.87      1.00E+00 |   32   0 |   -  -  0.000 |    0.00   0.00   0.49
 27      7.77      1.00E+00 |   26   0 |   -  -  0.000 |    0.00   0.00   0.50
 28      9.27      1.00E+00 |   27   0 |   -  -  0.000 |    0.00   0.00  -1.38
 29      9.52      1.00E+00 |    0  30 |   -  -  0.000 |    0.00   0.00   1.50
 30      9.91      1.00E+00 |   37   0 |   -  -  0.000 |    0.00   0.00  -1.47
 31     10.15      1.00E+00 |   28   0 |   -  -  0.000 |    0.00   0.00   0.47
 32     10.31      1.00E+00 |   38   0 |   -  -  0.000 |    0.00   0.00   0.50
 33     10.48      1.00E+00 |   39   0 |   -  -  0.000 |    0.00   0.00   0.48
 34     10.72      1.00E+00 |   33   0 |   -  -  0.000 |    0.00   0.00  -1.16
 35     10.93      1.00E+00 |   34   0 |   -  -  0.000 |    0.00   0.00   0.18
 36     11.04      1.00E+00 |   35   0 |   -  -  0.000 |    0.00   0.00   0.51
 37     11.60      1.00E+00 |   40   0 |   -  -  0.000 |    0.00   0.00   0.50
 38     11.98      1.00E+00 |    0  29 |   -  -  0.000 |    0.00   0.00  -0.50
 39     13.67      1.00E+00 |   36   0 |   -  -  0.000 |    0.00   0.00  -2.90
 40     22.83      1.00E+00 |    0  21 |   -  -  0.000 |    0.00   0.00  -0.50

--------------------------------------------------------------------------------
------------------------ Electric Multipole Moments -------------------------
Quantisation Axis             : Z
  With secondary axis ordering: X,Y
  Calculated wrt to COM = (   0.000   0.000   0.000)
______________________________________________________________________________
                   Neutrons        Protons          Charge         Total
______________________________________________________________________________
 Particles           10.0000         10.0000          9.9999         20.0000

Re  Q_{ 1 0}         -0.0234          0.0234          0.0230          0.0000
Constrained                                                           0.0000
Re De_{ 1 0}                                                   0.3651402E-04
Re La_{ 1 0}                                                         -0.4218

Re  Q_{ 2 0}         10.4350         10.9765         10.9694         21.4115
Re  Q_{ 2 2}          0.0000         -0.0000         -0.0000         -0.0000

Re  Q_{ 3 0}         23.1459         26.8539         26.8009         49.9997
Constrained                                                          50.0000
Re De_{ 3 0}                                                   0.2557971E-03
Re La_{ 3 0}                                                          0.0570
Re  Q_{ 3 2}         -0.0000          0.0000          0.0000         -0.0000

Re  Q_{ 4 0}         84.3738        102.6301        102.1831        187.0039
Re  Q_{ 4 2}         -0.0000         -0.0000         -0.0000         -0.0001
Re  Q_{ 4 4}          0.0190          0.0229          0.2396          0.0419

Re  Q_{ 5 0}        354.3581        470.3219        465.0315        824.6801
Re  Q_{ 5 2}          0.0000          0.0001          0.0001          0.0001
Re  Q_{ 5 4}         -0.1111         -0.1933         -0.1397         -0.3044

Re  Q_{ 6 0}       1467.5857       2205.2662       2144.3302       3672.8519
Re  Q_{ 6 2}         -0.0015          0.0006          0.0006         -0.0009
Re  Q_{ 6 4}          0.9257          1.5336          4.9519          2.4594
Re  Q_{ 6 6}          0.0001         -0.0001         -0.0001          0.0001

Re  Q_{ 7 0}       6373.1400      10011.3790       9628.0419      16384.5190
Re  Q_{ 7 2}         -0.0061         -0.0044         -0.0041         -0.0105
Re  Q_{ 7 4}         -1.8147         -5.3515          4.6729         -7.1662
Re  Q_{ 7 6}         -0.0005          0.0030          0.0027          0.0026

Re  Q_{ 8 0}      33602.8393      58064.8544      53409.9989      91667.6936
Re  Q_{ 8 2}          0.0497          0.1181          0.1112          0.1678
Re  Q_{ 8 4}         -0.0427         -4.3875        117.5790         -4.4302
Re  Q_{ 8 6}          0.0290          0.0219          0.0223          0.0510
Re  Q_{ 8 8}        -22.4122        -29.6378        -33.8094        -52.0500

Re  Q_{ 9 0}     151219.0052     266884.8844     240672.7331     418103.8895
Re  Q_{ 9 2}         -0.3061         -0.2220         -0.2426         -0.5282
Re  Q_{ 9 4}        472.6550        836.2310       1524.0323       1308.8859
Re  Q_{ 9 6}         -0.0811         -0.1955         -0.1796         -0.2766
Re  Q_{ 9 8}        161.6093         -8.7714         98.5667        152.8379

Re  Q_{10 0}     820054.9427    1522993.5688    1252484.3241    2343048.5115
Re  Q_{10 2}         -0.3440         -0.6091         -0.7731         -0.9531
Re  Q_{10 4}        683.8508      11229.8747      12669.7185      11913.7256
Re  Q_{10 6}          0.2681          0.9563          1.0112          1.2244
Re  Q_{10 8}      -1484.9631       8997.4456       6247.8461       7512.4825
Re  Q_{1010}         -0.2878          0.4919          0.4561          0.2041

 RMS radius           2.8797          2.9191          2.9844          2.8994
 Fourth mom.          3.2212          3.2854          3.3630          3.2538
______________________________________________________________________________
                   Neutrons        Protons          Charge         Total
______________________________________________________________________________


Beta_{ 2 0}       0.20598392      0.21667442      0.21653460      0.42265834
Beta_{ 2 2}       0.00000000     -0.00000001     -0.00000001     -0.00000000

Beta_{ 3 0}       0.14026805      0.16273895      0.16241780      0.30300700
Beta_{ 3 2}      -0.00000004      0.00000001      0.00000001     -0.00000003

Beta_{ 4 0}       0.15697649      0.19094203      0.19011042      0.34791852
Beta_{ 4 2}      -0.00000006     -0.00000005     -0.00000005     -0.00000011
Beta_{ 4 4}       0.00003528      0.00004260      0.00044585      0.00007788

Beta_{ 5 0}       0.20240045      0.26863605      0.26561430      0.47103650
Beta_{ 5 2}       0.00000001      0.00000006      0.00000006      0.00000007
Beta_{ 5 4}      -0.00006345     -0.00011040     -0.00007981     -0.00017385

Beta_{ 6 0}       0.25734433      0.38669822      0.37601296      0.64404255
Beta_{ 6 2}      -0.00000026      0.00000011      0.00000011     -0.00000015
Beta_{ 6 4}       0.00016233      0.00026892      0.00086834      0.00043126
Beta_{ 6 6}       0.00000002     -0.00000001     -0.00000001      0.00000001

Beta_{ 7 0}       0.34308892      0.53894834      0.51831193      0.88203726
Beta_{ 7 2}      -0.00000033     -0.00000024     -0.00000022     -0.00000057
Beta_{ 7 4}      -0.00009769     -0.00028809      0.00025156     -0.00038578
Beta_{ 7 6}      -0.00000003      0.00000016      0.00000014      0.00000014

Beta_{ 8 0}       0.55535578      0.95964071      0.88270969      1.51499650
Beta_{ 8 2}       0.00000082      0.00000195      0.00000184      0.00000277
Beta_{ 8 4}      -0.00000071     -0.00007251      0.00194323     -0.00007322
Beta_{ 8 6}       0.00000048      0.00000036      0.00000037      0.00000084
Beta_{ 8 8}      -0.00037041     -0.00048983     -0.00055877     -0.00086023

Beta_{ 9 0}       0.76726218      1.35413321      1.22113675      2.12139539
Beta_{ 9 2}      -0.00000155     -0.00000113     -0.00000123     -0.00000268
Beta_{ 9 4}       0.00239818      0.00424291      0.00773271      0.00664109
Beta_{ 9 6}      -0.00000041     -0.00000099     -0.00000091     -0.00000140
Beta_{ 9 8}       0.00081998     -0.00004450      0.00050011      0.00077548

Beta_{10 0}       1.27738688      2.37234349      1.95097543      3.64973037
Beta_{10 2}      -0.00000054     -0.00000095     -0.00000120     -0.00000148
Beta_{10 4}       0.00106522      0.01749260      0.01973542      0.01855783
Beta_{10 6}       0.00000042      0.00000149      0.00000158      0.00000191
Beta_{10 8}      -0.00231310      0.01401518      0.00973217      0.01170208
Beta_{1010}      -0.00000045      0.00000077      0.00000071      0.00000032


______________________________________________________________________________
                   Neutrons        Protons          Charge         Total
______________________________________________________________________________
Q_{ 1}                0.0234          0.0234          0.0230          0.0000
Q_{ 2}               10.4350         10.9765         10.9694         21.4115
Q_{ 3}               23.1459         26.8539         26.8009         49.9997
Q_{ 4}               84.3738        102.6301        102.1836        187.0039
Q_{ 5}              354.3582        470.3220        465.0316        824.6802
Q_{ 6}             1467.5862       2205.2673       2144.3417       3672.8536
Q_{ 7}             6373.1405      10011.3819       9628.0442      16384.5222
Q_{ 8}            33602.8542      58064.8698      53410.2791      91667.7234
Q_{ 9}           151220.6552     266887.5048     240682.4240     418108.0429
Q_{10}           820058.2019    1523129.5214    1252643.6432    2343133.1749
______________________________________________________________________________
                   Neutrons        Protons          Charge         Total
______________________________________________________________________________
Beta_{   1}       0.00150268      0.00150503      0.00148129      0.00000235
Beta_{   2}       0.20598392      0.21667442      0.21653460      0.42265834
Beta_{   3}       0.14026805      0.16273895      0.16241780      0.30300700
Beta_{   4}       0.15697650      0.19094204      0.19011147      0.34791853
Beta_{   5}       0.20240047      0.26863609      0.26561433      0.47103656
Beta_{   6}       0.25734443      0.38669841      0.37601496      0.64404284
Beta_{   7}       0.34308895      0.53894849      0.51831205      0.88203743
Beta_{   8}       0.55535603      0.95964097      0.88271432      1.51499699
Beta_{   9}       0.76727055      1.35414651      1.22118592      2.12141646
Beta_{  10}       1.27739196      2.37255526      1.95122360      3.64986225
______________________________________________________________________________
 Cart. Moments X              Y              Z
 Cart. N      -16.5428537    -16.5428554     33.0857091
 Cart. P      -17.4014250    -17.4014228     34.8028478
 Cart. T      -33.9442788    -33.9442782     67.8885569
 (Q, gamma)    Q              Gamma
 (Q,g) N       33.0857091      0.0000017
 (Q,g) P       34.8028478     -0.0000022
 (Q,g) T       67.8885569     -0.0000003
 (iq1, iq2)    iq1            iq2
 iq    N       33.0857085      0.0000011
 iq    P       34.8028486     -0.0000015
 iq    T       67.8885571     -0.0000004
               X^2            Y^2            Z^2
 X^2_i N       22.1281538     22.1281532     38.6710081
 X^2_i P       22.6024007     22.6024014     40.0038250
 X^2_i T       44.7305545     44.7305547     78.6748330
----------------------------------------------------------------------------
----------------------- Box Size Check -------------------------
 Xmax = (nx+0.5)dx =  9.200 fm,  max(rho(X=Xmax)) =    3.264E-07
 Ymax = (ny+0.5)dx =  9.200 fm,  max(rho(Y=Ymax)) =    3.264E-07
 Zmax = (nz+0.5)dx =  9.200 fm,  max(rho(Z=Zmax)) =    8.640E-05
 Zmin =-(nz+0.5)dx = -9.200fm,  max(rho(Z=Zmin)) =    1.466E-05
---------------------Rotational properties--------------------
                Rigid rotor          (hbar^2/MeV)
              n              p              t 
 I_R X       1.4660632      1.5096373      2.9757005
 I_R Y       1.4660632      1.5096373      2.9757005
 I_R Z       1.0671618      1.0900331      2.1571949

                Belyaev                 (hbar^2/MeV) 
              n              p              t 
 I_B X       0.6104150      0.5859156      1.1963306
 I_B Y       0.6104150      0.5859157      1.1963307
 I_B Z       0.0000189      0.0000277      0.0000466

                Belyaev (collective)    (hbar^2/MeV) 
              n              p              t 
 I_B X       0.6104150      0.5859156      1.1963306
 I_B Y       0.6104150      0.5859157      1.1963307
 I_B Z       0.0000189      0.0000277      0.0000466

                 <J^2> - <J>^2          (hbar^2)
              n              p              t 
 J2_X        1.5694791      1.5751673      3.1446465
 J2_Y        1.5694792      1.5751677      3.1446469
 J2_Z        0.0001251      0.0001735      0.0002986
 J2_t        3.1390834      3.1505086      6.2895920

                 <J^2> - <J>^2 (coll.)  (hbar^2)
              n              p              t 
 J2_X        1.5694791      1.5751673      3.1446465
 J2_Y        1.5694792      1.5751677      3.1446469
 J2_Z        0.0001251      0.0001735      0.0002986
 J2_t        3.1390834      3.1505086      6.2895920
------------------------- Angular Momentum (hbar) --------------------------

               Spwfs(*)    Desired     Omega       E (MeV)      Densit. 
  __________________________________________________________________________
   J_x   |     0.00000     0.00000     0.00000     0.00000     0.00000
   J_y   |     0.00000     0.00000     0.00000     0.00000     0.00000
   J_z   |     0.00000     0.00000     0.00000     0.00000     0.00000
  __________________________________________________________________________
   Size  |     0.00000     0.00000     0.00000                 0.00000
  --------------------------------------------------------------------------
-------------------------- Pairing -------------------------
                          N         P 
 Fermi Level (MeV)    -12.03321296    -7.91134488
 Particles             10.00000000    10.00000000
 Dispersion             1.81674554     1.86917356
 Average gap   v^2      0.65321500     0.69851487
 Average gap   uv       1.49801607     1.55367633
------------------------------------------------------------
--------------------------------------------------------------------------------
 Skyrme Energy                Isospin  1 2 3 4                   Energy [MeV]
--------------------------------------------------------------------------------
E_D_I_I_D_I_I                          0 0                      -1295.225994
E_D_I_I_D_I_I                          1 1                          0.051483
E_D_I_I_D_I_I_D_I_I                    0 0 0                      735.719283
E_D_I_I_D_I_I_D_I_I                    0 1 1                       -0.026152
E_D_I_I_D_Nm_Nm                        0 0                         27.743988
E_D_I_I_D_Nm_Nm                        1 1                         -0.003031
E_D_I_I_Lap_D_I_I                      0 0                         58.134083
E_D_I_I_Lap_D_I_I                      1 1                          0.001406
E_C_I_NmSk_C_I_NmSk                    0 0                         -0.000000
E_C_I_NmSk_C_I_NmSk                    1 1                         -0.000000
E_D_I_I_D_I_I_D_Nm_Nm                  0 0 0                        0.000000
E_D_I_I_D_I_I_D_Nm_Nm                  0 1 1                       -0.000000
E_D_I_I_D_I_I_D_Nm_Nm                  0 0 0                        0.000000
E_D_I_I_D_I_I_D_Nm_Nm                  0 1 1                        0.000000
E_D_I_I_Derm_D_I_I_Derm_D_I_I          0 0 0                        0.000000
E_D_I_I_Derm_D_I_I_Derm_D_I_I          0 1 1                       -0.000000
E_D_I_I_Derm_D_I_I_Derm_D_I_I          0 0 0                       -0.000000
E_D_I_I_Derm_D_I_I_Derm_D_I_I          0 1 1                       -0.000000
E_D_I_I_Derm_D_I_I_D_I_I_Derm_D_I_I    0 0 0 0                      0.000000
E_D_I_I_Derm_D_I_I_D_I_I_Derm_D_I_I    0 0 1 1                     -0.000000
E_D_I_I_Derm_C_I_NxmSxm                0 0                        -10.760392
E_D_I_I_Derm_C_I_NxmSxm                1 1                         -0.000445
E_DP_I_I_DP_I_I                        n n                         -3.574566
E_DP_I_I_DP_I_I                        p p                         -3.831584
E_D_I_I_DP_I_I_DP_I_I                  0 n n                        1.501151
E_D_I_I_DP_I_I_DP_I_I                  0 p p                        1.585939
--------------------------------------------------------------------------------
                 Total Skyrme:                                   -488.684832
--------------------------------------------------------------------------------
                    time-even:                                   -488.684832
                    time-odd :                                      0.000000
                    bilinear :                                  -1227.465052
                    trilinear:                                      0.000000
                 quadrilinear:                                      0.000000
            density-dependent:                                    738.780220
--------------------------------------------------------------------------------
--------------------------------------------------------------------------------
                                     neutron        proton         total
                Kinetic Energy:     162.454639     159.131552     321.586192
                    COM 1-body:      -8.122732      -7.956578     -16.079310
                    COM 2-body:       3.212437       3.160662       6.373099
                            ph:       3.187821       3.131851       6.319672
                            pp:       0.024615       0.028812       0.053427
                 Collective T:                                     -2.445594

                 Rotational  T:                                    -2.445594
                 Rotational  X:                                    -1.222288
                 Rotational  Y:                                    -1.222288
                 Rotational  Z:                                    -0.001018

                 Vibrational T:                                     0.000000
                 Vibrational X:                                    -0.000000
                 Vibrational Y:                                    -0.000000
                 Vibrational Z:                                    -0.000000


                Coulomb Direct:       0.000000      23.427017      23.427017
                      Exchange:       0.000000       0.000000       0.000000

               Pairing (delta):      -2.073353      -2.245631      -4.318984
               Pairing (densi):                                    -4.319060
--------------------------------------------------------------------------------
                  Total energy:                                  -155.823428
                    from spwfs:                                  -155.823425
                   E_fu - E_sp:                                -0.331861E-05
                   (no corr.) :                                  -159.750933
                      Routhian:                                  -157.219002
                         dE   :                                -0.378424E-03
                         dR   :                                -0.381703E-03
--------------------------------------------------------------------------------
 Iteration =  161
 dt    =   0.0248      mu   =   0.8303 gradn =    0.000E+00 D2H  =    1.568E-07
 E     =   -155.823    DE   = -0.14069E-06
 R     =   -157.219    DR   = -0.16007E-06
 R-E   =     -1.396  D(R-E) = -0.20815E-07
 dmun  = -2.2E-06      dmup=  1.4E-05
 RQ10t =       0.0000   dQ = -7.7E-07  L =      -0.4218   dL = -4.4E-06  dev =  3.6E-05
 RQ20t =      21.4113   dQ = -1.9E-04  L =       0.0000   dL =  0.0E+00  dev =  0.0E+00
 RQ22t =      -0.0000   dQ =  8.3E-09  L =       0.0000   dL =  0.0E+00  dev =  0.0E+00
 RQ30t =      49.9997   dQ =  3.5E-06  L =       0.0570   dL =  1.2E-07  dev =  2.5E-04
 Jz    =       0.0000   dJZ=  0.0E+00 Om =       0.0000   dO =  0.0E+00  dev =  0.0E+00
--------------------------------------------------------------------------------------
 Iteration =  162
 dt    =   0.0248      mu   =   0.8303 gradn =    0.000E+00 D2H  =    1.497E-07
 E     =   -155.823    DE   = -0.13743E-06
 R     =   -157.219    DR   = -0.15661E-06
 R-E   =     -1.396  D(R-E) = -0.20581E-07
 dmun  = -2.2E-06      dmup=  1.4E-05
 RQ10t =       0.0000   dQ = -7.6E-07  L =      -0.4218   dL = -4.3E-06  dev =  3.5E-05
 RQ20t =      21.4111   dQ = -1.9E-04  L =       0.0000   dL =  0.0E+00  dev =  0.0E+00
 RQ22t =      -0.0000   dQ =  8.7E-09  L =       0.0000   dL =  0.0E+00  dev =  0.0E+00
 RQ30t =      49.9998   dQ =  3.6E-06  L =       0.0570   dL =  1.2E-07  dev =  2.5E-04
 Jz    =       0.0000   dJZ=  0.0E+00 Om =       0.0000   dO =  0.0E+00  dev =  0.0E+00
--------------------------------------------------------------------------------------
 Iteration =  163
 dt    =   0.0248      mu   =   0.8303 gradn =    0.000E+00 D2H  =    1.430E-07
 E     =   -155.823    DE   = -0.13425E-06
 R     =   -157.219    DR   = -0.15322E-06
 R-E   =     -1.396  D(R-E) = -0.20339E-07
 dmun  = -2.1E-06      dmup=  1.4E-05
 RQ10t =       0.0000   dQ = -7.5E-07  L =      -0.4218   dL = -4.2E-06  dev =  3.4E-05
 RQ20t =      21.4109   dQ = -1.9E-04  L =       0.0000   dL =  0.0E+00  dev =  0.0E+00
 RQ22t =      -0.0000   dQ =  9.1E-09  L =       0.0000   dL =  0.0E+00  dev =  0.0E+00
 RQ30t =      49.9998   dQ =  3.7E-06  L =       0.0570   dL =  1.2E-07  dev =  2.4E-04
 Jz    =       0.0000   dJZ=  0.0E+00 Om =       0.0000   dO =  0.0E+00  dev =  0.0E+00
--------------------------------------------------------------------------------------
 Iteration =  164
 dt    =   0.0248      mu   =   0.8303 gradn =    0.000E+00 D2H  =    1.366E-07
 E     =   -155.824    DE   = -0.13113E-06
 R     =   -157.219    DR   = -0.14988E-06
 R-E   =     -1.396  D(R-E) = -0.20090E-07
 dmun  = -2.1E-06      dmup=  1.3E-05
 RQ10t =       0.0000   dQ = -7.4E-07  L =      -0.4218   dL = -4.1E-06  dev =  3.3E-05
 RQ20t =      21.4107   dQ = -1.8E-04  L =       0.0000   dL =  0.0E+00  dev =  0.0E+00
 RQ22t =      -0.0000   dQ =  9.6E-09  L =       0.0000   dL =  0.0E+00  dev =  0.0E+00
 RQ30t =      49.9998   dQ =  3.7E-06  L =       0.0570   dL =  1.1E-07  dev =  2.4E-04
 Jz    =       0.0000   dJZ=  0.0E+00 Om =       0.0000   dO =  0.0E+00  dev =  0.0E+00
--------------------------------------------------------------------------------------
 Iteration =  165
 dt    =   0.0248      mu   =   0.8303 gradn =    0.000E+00 D2H  =    1.305E-07
 E     =   -155.824    DE   = -0.12807E-06
 R     =   -157.219    DR   = -0.14659E-06
 R-E   =     -1.396  D(R-E) = -0.19833E-07
 dmun  = -2.0E-06      dmup=  1.3E-05
 RQ10t =       0.0000   dQ = -7.3E-07  L =      -0.4218   dL = -4.0E-06  dev =  3.3E-05
 RQ20t =      21.4105   dQ = -1.8E-04  L =       0.0000   dL =  0.0E+00  dev =  0.0E+00
 RQ22t =      -0.0000   dQ =  1.0E-08  L =       0.0000   dL =  0.0E+00  dev =  0.0E+00
 RQ30t =      49.9998   dQ =  3.8E-06  L =       0.0570   dL =  1.1E-07  dev =  2.4E-04
 Jz    =       0.0000   dJZ=  0.0E+00 Om =       0.0000   dO =  0.0E+00  dev =  0.0E+00
--------------------------------------------------------------------------------------
 Iteration =  166
 dt    =   0.0248      mu   =   0.8303 gradn =    0.000E+00 D2H  =    1.247E-07
 E     =   -155.824    DE   = -0.12509E-06
 R     =   -157.219    DR   = -0.14338E-06
 R-E   =     -1.396  D(R-E) = -0.19566E-07
 dmun  = -2.0E-06      dmup=  1.3E-05
 RQ10t =       0.0000   dQ = -7.2E-07  L =      -0.4218   dL = -3.9E-06  dev =  3.2E-05
 RQ20t =      21.4104   dQ = -1.7E-04  L =       0.0000   dL =  0.0E+00  dev =  0.0E+00
 RQ22t =      -0.0000   dQ =  1.0E-08  L =       0.0000   dL =  0.0E+00  dev =  0.0E+00
 RQ30t =      49.9998   dQ =  3.8E-06  L =       0.0570   dL =  1.1E-07  dev =  2.3E-04
 Jz    =       0.0000   dJZ=  0.0E+00 Om =       0.0000   dO =  0.0E+00  dev =  0.0E+00
--------------------------------------------------------------------------------------
 Iteration =  167
 dt    =   0.0248      mu   =   0.8302 gradn =    0.000E+00 D2H  =    1.191E-07
 E     =   -155.824    DE   = -0.12220E-06
 R     =   -157.219    DR   = -0.14024E-06
 R-E   =     -1.396  D(R-E) = -0.19297E-07
 dmun  = -1.8E-06      dmup=  1.2E-05
 RQ10t =       0.0000   dQ = -7.1E-07  L =      -0.4218   dL = -3.9E-06  dev =  3.1E-05
 RQ20t =      21.4102   dQ = -1.7E-04  L =       0.0000   dL =  0.0E+00  dev =  0.0E+00
 RQ22t =      -0.0000   dQ =  1.1E-08  L =       0.0000   dL =  0.0E+00  dev =  0.0E+00
 RQ30t =      49.9998   dQ =  3.8E-06  L =       0.0570   dL =  1.1E-07  dev =  2.3E-04
 Jz    =       0.0000   dJZ=  0.0E+00 Om =       0.0000   dO =  0.0E+00  dev =  0.0E+00
--------------------------------------------------------------------------------------
 Iteration =  168
 dt    =   0.0248      mu   =   0.8302 gradn =    0.000E+00 D2H  =    1.138E-07
 E     =   -155.824    DE   = -0.11928E-06
 R     =   -157.219    DR   = -0.13709E-06
 R-E   =     -1.396  D(R-E) = -0.19033E-07
 dmun  = -1.9E-06      dmup=  1.2E-05
 RQ10t =       0.0000   dQ = -6.9E-07  L =      -0.4218   dL = -3.8E-06  dev =  3.1E-05
 RQ20t =      21.4100   dQ = -1.7E-04  L =       0.0000   dL =  0.0E+00  dev =  0.0E+00
 RQ22t =       0.0000   dQ =  1.1E-08  L =       0.0000   dL =  0.0E+00  dev =  0.0E+00
 RQ30t =      49.9998   dQ =  3.9E-06  L =       0.0570   dL =  1.1E-07  dev =  2.3E-04
 Jz    =       0.0000   dJZ=  0.0E+00 Om =       0.0000   dO =  0.0E+00  dev =  0.0E+00
--------------------------------------------------------------------------------------
 Iteration =  169
 dt    =   0.0248      mu   =   0.8302 gradn =    0.000E+00 D2H  =    1.088E-07
 E     =   -155.824    DE   = -0.11648E-06
 R     =   -157.219    DR   = -0.13402E-06
 R-E   =     -1.396  D(R-E) = -0.18745E-07
 dmun  = -1.8E-06      dmup=  1.2E-05
 RQ10t =       0.0000   dQ = -6.8E-07  L =      -0.4218   dL = -3.7E-06  dev =  3.0E-05
 RQ20t =      21.4099   dQ = -1.6E-04  L =       0.0000   dL =  0.0E+00  dev =  0.0E+00
 RQ22t =       0.0000   dQ =  1.2E-08  L =       0.0000   dL =  0.0E+00  dev =  0.0E+00
 RQ30t =      49.9998   dQ =  3.9E-06  L =       0.0570   dL =  1.1E-07  dev =  2.2E-04
 Jz    =       0.0000   dJZ=  0.0E+00 Om =       0.0000   dO =  0.0E+00  dev =  0.0E+00
--------------------------------------------------------------------------------------
--------------------------------------------------------------------------------------
                              Iteration =   170

--------------------- Hartree-Fock basis-------------------------------------------------------------------
__________________________________________________________________________________________________________
   Neutron wavefunctions
  i     P   Rz   occ          E       d2h    Delta |   JxT    JyT    Jz      J   |   SxT    SyT    Sz
----------------------------------------------------------------------------------------------------------
  1  0.99  1.0  1.0000     -35.263  1.3E-09   0.00 |  -0.50   0.50   0.50   0.52 |  -0.50   0.50   0.50
  9 -0.99  1.0  1.0000     -24.221  5.4E-09   0.01 |  -0.87   0.87   0.50   1.46 |  -0.45   0.45   0.40
 10 -0.98  1.0  0.9999     -21.782  1.4E-09   0.14 |  -0.00   0.00  -1.50   1.53 |   0.00   0.00  -0.50
 11 -0.91  1.0  0.9809     -17.047  5.9E-09   1.43 |   0.31  -0.31   0.50   0.78 |  -0.06   0.06  -0.39
  2  0.88  1.0  0.7219     -12.891  1.2E-08   1.73 |  -1.15   1.15   0.50   2.22 |  -0.41   0.41   0.31
  3  0.97  1.0  0.2461     -11.075  5.2E-09   1.63 |  -0.00   0.00  -1.50   2.50 |  -0.00   0.00  -0.42
  4  0.95  1.0  0.0358      -8.816  1.4E-09   1.29 |   0.00  -0.00   2.50   2.54 |  -0.00   0.00   0.50
  5  0.80  1.0  0.0132      -7.154  1.2E-07   1.14 |  -0.61   0.61   0.50   1.65 |  -0.34   0.34   0.17
 12  0.02  1.0  0.0011      -4.722  8.0E-04   0.45 |  -0.38   0.38   0.50   2.26 |  -0.46   0.46   0.41
  6  0.60  1.0  0.0009      -3.720  8.0E-04   0.40 |   0.39  -0.39   0.50   2.04 |  -0.28   0.28   0.06
  7  0.68  1.0  0.0000      -2.251  4.9E-08   0.10 |   0.00  -0.00  -1.49   1.97 |   0.00  -0.00   0.35
 15 -0.76  1.0  0.0000      -0.909  1.5E-06   0.05 |  -1.09   1.09   0.50   3.00 |  -0.36   0.36   0.23
 13 -0.68  1.0  0.0000      -0.305  1.9E-06   0.01 |  -0.01   0.01  -1.49   2.64 |   0.00  -0.00  -0.42
 18 -0.30  1.0  0.0000       0.426  4.7E-05   0.01 |  -0.00   0.00   0.47   1.78 |  -0.01   0.01  -0.47
 17 -0.06  1.0  0.0000       0.590  6.6E-04   0.01 |   0.04  -0.04  -1.46   2.79 |   0.00  -0.00  -0.42
 14 -0.18  1.0  0.0000       1.096  1.5E-03   0.01 |   0.45  -0.45   1.05   2.59 |   0.42  -0.42   0.49
 20 -0.21  1.0  0.0000       1.396  6.1E-04   0.01 |  -0.64   0.64   0.50   2.15 |  -0.46   0.46   0.42
  8  0.42  1.0  0.0000       1.510  6.4E-04   0.00 |  -0.17   0.18   0.51   2.46 |  -0.04   0.04  -0.42
 19 -0.68  1.0  0.0000       1.862  2.3E-02   0.00 |   0.04  -0.04   1.01   2.67 |   0.24  -0.24   0.44
 16 -0.74  1.0  0.0000       3.149  3.5E-03   0.00 |   0.01  -0.01  -3.14   3.63 |  -0.01   0.01  -0.48
__________________________________________________________________________________________________________
   Proton  wavefunctions
  i     P   Rz   occ          E       d2h    Delta |   JxT    JyT    Jz      J   |   SxT    SyT    Sz
----------------------------------------------------------------------------------------------------------
 21  0.99  1.0  1.0000     -30.742  1.2E-09   0.00 |  -0.50   0.50   0.50   0.52 |  -0.50   0.50   0.50
 29 -0.99  1.0  1.0000     -19.890  6.7E-09   0.02 |  -0.87   0.87   0.50   1.46 |  -0.45   0.45   0.40
 30 -0.98  1.0  0.9999     -17.425  1.3E-09   0.19 |  -0.00   0.00  -1.50   1.53 |   0.00   0.00  -0.50
 31 -0.91  1.0  0.9773     -12.780  9.6E-09   1.52 |   0.30  -0.30   0.50   0.79 |  -0.06   0.06  -0.39
 22  0.86  1.0  0.7158      -8.783  1.6E-08   1.81 |  -1.13   1.13   0.50   2.21 |  -0.41   0.41   0.32
 23  0.97  1.0  0.2491      -6.917  5.6E-09   1.71 |  -0.00   0.00  -1.50   2.50 |  -0.00   0.00  -0.42
 24  0.95  1.0  0.0391      -4.679  1.3E-09   1.36 |   0.00  -0.00   2.50   2.54 |   0.00  -0.00   0.50
 25  0.56  1.0  0.0136      -3.385  1.4E-07   1.03 |  -0.63   0.63   0.50   2.04 |  -0.35   0.35   0.20
 32 -0.02  1.0  0.0025      -2.075  2.2E-07   0.49 |  -0.57   0.57   0.50   2.41 |  -0.49   0.49   0.49
 26  0.82  1.0  0.0025      -0.186  1.2E-07   0.69 |   0.61  -0.61   0.50   1.67 |  -0.23   0.23  -0.03
 27  0.66  1.0  0.0001       1.358  5.2E-06   0.14 |   0.00  -0.00  -1.39   2.00 |   0.05  -0.05   0.34
 37 -0.26  1.0  0.0000       1.994  4.3E-04   0.04 |   0.07  -0.07  -1.47   2.25 |   0.00  -0.00  -0.48
 28  0.09  1.0  0.0000       2.238  2.1E-03   0.06 |   0.05  -0.05   0.47   1.90 |  -0.01   0.01  -0.47
 38 -0.58  1.0  0.0000       2.395  1.0E-02   0.05 |  -0.72   0.72   0.50   2.78 |  -0.26   0.26   0.01
 39 -0.64  1.0  0.0000       2.566  3.0E-03   0.02 |   0.42  -0.42   0.47   2.30 |   0.45  -0.45   0.46
 33  0.30  1.0  0.0000       2.807  3.0E-03   0.01 |   0.39  -0.39  -1.15   2.84 |   0.09  -0.10  -0.28
 34  0.68  1.0  0.0000       3.023  1.5E-03   0.02 |   0.02  -0.02   0.18   2.21 |   0.38  -0.38   0.35
 35 -0.07  1.0  0.0000       3.132  1.1E-02   0.02 |  -0.40   0.40   0.51   2.45 |  -0.12   0.12  -0.26
 40 -0.21  1.0  0.0000       3.686  2.3E-03   0.03 |  -0.65   0.65   0.50   2.25 |  -0.49   0.49   0.48
 36 -0.43  1.0  0.0000       5.753  2.1E-03   0.00 |  -0.01   0.01  -2.90   3.97 |  -0.00   0.00  -0.50
----------------------------------------------------------------------------------------------------------
--------------------- Canonical    basis-------------------------------------------------------------------
__________________________________________________________________________________________________________
   Neutron wavefunctions
  i     P   Rz   occ          E       d2h    Delta |   JxT    JyT    Jz      J   |   SxT    SyT    Sz
----------------------------------------------------------------------------------------------------------
 20  0.99  1.0  2.0000     -35.263  0.0E+00   0.00 |  -0.50   0.50   0.50   0.52 |  -0.50   0.50   0.50
 19 -0.99  1.0  2.0000     -24.221  0.0E+00   0.01 |  -0.87   0.87   0.50   1.46 |  -0.45   0.45   0.40
 18 -0.98  1.0  1.9999     -21.782  0.0E+00   0.14 |  -0.00   0.00  -1.50   1.53 |   0.00   0.00  -0.50
 17 -0.92  1.0  1.9618     -17.047  0.0E+00   1.43 |   0.31  -0.31   0.50   0.77 |  -0.06   0.06  -0.39
 16  0.89  1.0  1.4439     -12.891  0.0E+00   1.73 |  -1.16   1.16   0.50   2.22 |  -0.41   0.41   0.31
 15  0.97  1.0  0.4923     -11.075  0.0E+00   1.63 |  -0.00   0.00  -1.50   2.50 |  -0.00   0.00  -0.42
 14  0.95  1.0  0.0716      -8.816  0.0E+00   1.29 |   0.00  -0.00   2.50   2.54 |  -0.00   0.00   0.50
 13  0.82  1.0  0.0271      -7.058  0.0E+00   1.18 |  -0.42   0.42   0.50   1.66 |  -0.27   0.27   0.04
 12  0.70  1.0  0.0027      -4.513  0.0E+00   0.56 |   0.21  -0.21   0.50   1.47 |  -0.37   0.37   0.25
 11 -0.17  1.0  0.0005      -3.905  0.0E+00   0.27 |  -0.57   0.57   0.50   2.66 |  -0.41   0.41   0.33
 10  0.65  1.0  0.0001      -2.247  0.0E+00   0.10 |  -0.01   0.01  -1.50   2.01 |   0.00  -0.00   0.34
  9 -0.71  1.0  0.0000      -1.019  0.0E+00   0.01 |  -0.95   0.95   0.50   3.04 |  -0.38   0.38   0.27
  8 -0.65  1.0  0.0000      -0.158  0.0E+00   0.01 |   0.02  -0.02  -1.50   3.01 |   0.00  -0.00  -0.34
  5 -0.07  1.0  0.0000       0.452  0.0E+00   0.00 |   0.07   0.03  -1.46   2.35 |   0.04   0.03  -0.48
  4 -0.61  1.0  0.0000       0.627  0.0E+00   0.00 |  -0.47   0.36   0.45   1.96 |  -0.10   0.03  -0.38
  6 -0.29  1.0  0.0000       1.329  0.0E+00   0.00 |  -0.33   0.34   0.48   2.04 |  -0.42   0.42   0.35
  2  0.80  1.0  0.0000       1.402  0.0E+00   0.00 |  -0.04   0.06   0.48   2.42 |  -0.01   0.02  -0.47
  7 -0.01  1.0  0.0000       1.457  0.0E+00   0.00 |   0.04  -0.04   1.74   2.95 |   0.20  -0.20   0.45
  1 -0.84  1.0  0.0000       1.487  0.0E+00   0.00 |   0.46  -0.46   0.33   2.29 |   0.46  -0.46   0.47
  3 -0.72  1.0  0.0000       3.112  0.0E+00   0.00 |   0.02  -0.03  -3.08   3.61 |  -0.02   0.02  -0.46
__________________________________________________________________________________________________________
   Proton  wavefunctions
  i     P   Rz   occ          E       d2h    Delta |   JxT    JyT    Jz      J   |   SxT    SyT    Sz
----------------------------------------------------------------------------------------------------------
 40  0.99  1.0  2.0000     -30.742  0.0E+00   0.00 |  -0.50   0.50   0.50   0.52 |  -0.50   0.50   0.50
 39 -0.99  1.0  2.0000     -19.890  0.0E+00   0.02 |  -0.87   0.87   0.50   1.47 |  -0.45   0.45   0.40
 38 -0.98  1.0  1.9998     -17.425  0.0E+00   0.19 |  -0.00   0.00  -1.50   1.53 |   0.00   0.00  -0.50
 37 -0.91  1.0  1.9546     -12.779  0.0E+00   1.52 |   0.31  -0.31   0.50   0.78 |  -0.06   0.06  -0.39
 36  0.88  1.0  1.4320      -8.781  0.0E+00   1.82 |  -1.14   1.14   0.50   2.22 |  -0.41   0.41   0.32
 35  0.97  1.0  0.4983      -6.917  0.0E+00   1.71 |  -0.00   0.00  -1.50   2.50 |  -0.00   0.00  -0.42
 34  0.95  1.0  0.0783      -4.678  0.0E+00   1.36 |   0.00  -0.00   2.50   2.54 |  -0.00   0.00   0.50
 33  0.83  1.0  0.0312      -3.082  0.0E+00   1.24 |  -0.37   0.37   0.50   1.67 |  -0.25   0.25   0.00
 31 -0.21  1.0  0.0017      -1.607  0.0E+00   0.37 |  -0.59   0.59   0.50   2.83 |  -0.45   0.45   0.40
 32  0.75  1.0  0.0039      -0.821  0.0E+00   0.63 |   0.26  -0.26   0.50   1.41 |  -0.37   0.37   0.24
 30  0.65  1.0  0.0001       1.418  0.0E+00   0.15 |  -0.00   0.00  -1.49   2.02 |   0.00  -0.00   0.35
 29 -0.74  1.0  0.0000       2.326  0.0E+00   0.04 |  -0.93   0.94   0.50   2.95 |  -0.37   0.37   0.23
 27 -0.60  1.0  0.0000       2.366  0.0E+00   0.00 |   0.03  -0.03   0.49   1.83 |  -0.01   0.01  -0.47
 28 -0.67  1.0  0.0000       2.376  0.0E+00   0.01 |   0.00  -0.00  -1.48   2.47 |   0.00  -0.01  -0.46
 26  0.79  1.0  0.0000       2.400  0.0E+00   0.00 |   0.20  -0.20  -1.45   2.65 |   0.01  -0.02  -0.46
 23  0.12  1.0  0.0000       2.613  0.0E+00   0.00 |   0.31  -0.31   0.59   2.28 |   0.47  -0.47   0.47
 21 -0.17  1.0  0.0000       2.939  0.0E+00   0.00 |   0.40  -0.40   0.47   2.20 |   0.49  -0.49   0.48
 24  0.74  1.0  0.0000       2.977  0.0E+00   0.00 |  -0.10   0.10   0.52   2.36 |  -0.02   0.02  -0.46
 25 -0.19  1.0  0.0000       3.650  0.0E+00   0.00 |  -0.60   0.61   0.50   2.22 |  -0.48   0.48   0.47
 22 -0.42  1.0  0.0000       5.746  0.0E+00   0.00 |  -0.01   0.01  -2.92   3.97 |  -0.00   0.00  -0.50
----------------------------------------------------------------------------------------------------------
---------------------------------Quasiparticles---------------------------------
Block 1:  P=+1  neutrons
  N      Eqp       f_n      |   U   V  |   B  P  ov_TR |    JxT    JyT    Jz
________________________________________________________________________________
  1    -23.23      0.00E+00 |    1   0 |   -  -  0.000 |    0.00   0.00   0.50
  2    -15.18      0.00E+00 |    0  16 |   -  -  0.000 |    0.00   0.00   3.14
  3    -13.90      0.00E+00 |    0  19 |   -  -  0.000 |    0.00   0.00  -1.01
  4    -13.54      0.00E+00 |    0   8 |   -  -  0.000 |    0.00   0.00  -0.51
  5    -13.43      0.00E+00 |    0  20 |   -  -  0.000 |    0.00   0.00  -0.50
  6    -13.13      0.00E+00 |    0  14 |   -  -  0.000 |    0.00   0.00  -1.05
  7    -12.62      0.00E+00 |    0  17 |   -  -  0.000 |    0.00   0.00   1.46
  8    -12.46      0.00E+00 |    0  18 |   -  -  0.000 |    0.00   0.00  -0.47
  9    -12.19      0.00E+00 |    9   0 |   -  -  0.000 |    0.00   0.00   0.50
 10    -11.73      0.00E+00 |    0  13 |   -  -  0.000 |    0.00   0.00   1.49
 11    -11.12      0.00E+00 |    0  15 |   -  -  0.000 |    0.00   0.00  -0.50
 12     -9.78      0.00E+00 |   10   7 |   -  -  0.000 |    0.00   0.00   1.40
 13     -9.75      0.00E+00 |   10   7 |   -  -  0.000 |    0.00   0.00  -1.40
 14     -8.33      0.00E+00 |    0   6 |   -  -  0.000 |    0.00   0.00  -0.50
 15     -7.33      0.00E+00 |    0  12 |   -  -  0.000 |    0.00   0.00  -0.50
 16     -5.22      0.00E+00 |   11  11 |   -  -  0.000 |    0.00   0.00   0.47
 17     -5.01      0.00E+00 |   11   5 |   -  -  0.000 |    0.00   0.00  -0.47
 18     -3.47      0.00E+00 |    4   4 |   -  -  0.000 |    0.00   0.00  -2.32
 19     -1.93      0.00E+00 |    2   2 |   -  -  0.000 |    0.00   0.00   0.22
 20     -1.89      0.00E+00 |    3   3 |   -  -  0.000 |    0.00   0.00   0.76
 21      1.89      1.00E+00 |    3   3 |   -  -  0.000 |    0.00   0.00  -0.76
 22      1.93      1.00E+00 |    2   2 |   -  -  0.000 |    0.00   0.00  -0.22
 23      3.47      1.00E+00 |    4   4 |   -  -  0.000 |    0.00   0.00   2.32
 24      5.01      1.00E+00 |    5  11 |   -  -  0.000 |    0.00   0.00   0.47
 25      5.22      1.00E+00 |   11  11 |   -  -  0.000 |    0.00   0.00  -0.47
 26      7.33      1.00E+00 |   12   0 |   -  -  0.000 |    0.00   0.00   0.50
 27      8.33      1.00E+00 |    6   0 |   -  -  0.000 |    0.00   0.00   0.50
 28      9.75      1.00E+00 |    7  10 |   -  -  0.000 |    0.00   0.00   1.40
 29      9.78      1.00E+00 |    7  10 |   -  -  0.000 |    0.00   0.00  -1.40
 30     11.12      1.00E+00 |   15   0 |   -  -  0.000 |    0.00   0.00   0.50
 31     11.73      1.00E+00 |   13   0 |   -  -  0.000 |    0.00   0.00  -1.49
 32     12.19      1.00E+00 |    0   9 |   -  -  0.000 |    0.00   0.00  -0.50
 33     12.46      1.00E+00 |   18   0 |   -  -  0.000 |    0.00   0.00   0.47
 34     12.62      1.00E+00 |   17   0 |   -  -  0.000 |    0.00   0.00  -1.46
 35     13.13      1.00E+00 |   14   0 |   -  -  0.000 |    0.00   0.00   1.05
 36     13.43      1.00E+00 |   20   0 |   -  -  0.000 |    0.00   0.00   0.50
 37     13.54      1.00E+00 |    8   0 |   -  -  0.000 |    0.00   0.00   0.51
 38     13.90      1.00E+00 |   19   0 |   -  -  0.000 |    0.00   0.00   1.01
 39     15.18      1.00E+00 |   16   0 |   -  -  0.000 |    0.00   0.00  -3.14
 40     23.23      1.00E+00 |    0   1 |   -  -  0.000 |    0.00   0.00  -0.50

Block 5:  P=+1   protons
  N      Eqp       f_n      |   U   V  |   B  P  ov_TR |    JxT    JyT    Jz
________________________________________________________________________________
  1    -22.83      0.00E+00 |   21   0 |   -  -  0.000 |    0.00   0.00   0.50
  2    -13.66      0.00E+00 |    0  36 |   -  -  0.000 |    0.00   0.00   2.90
  3    -11.98      0.00E+00 |   29   0 |   -  -  0.000 |    0.00   0.00   0.50
  4    -11.60      0.00E+00 |    0  40 |   -  -  0.000 |    0.00   0.00  -0.50
  5    -11.04      0.00E+00 |    0  35 |   -  -  0.000 |    0.00   0.00  -0.51
  6    -10.93      0.00E+00 |    0  34 |   -  -  0.000 |    0.00   0.00  -0.18
  7    -10.72      0.00E+00 |    0  33 |   -  -  0.000 |    0.00   0.00   1.15
  8    -10.48      0.00E+00 |    0  39 |   -  -  0.000 |    0.00   0.00  -0.47
  9    -10.31      0.00E+00 |    0  38 |   -  -  0.000 |    0.00   0.00  -0.50
 10    -10.15      0.00E+00 |    0  28 |   -  -  0.000 |    0.00   0.00  -0.47
 11     -9.91      0.00E+00 |    0  37 |   -  -  0.000 |    0.00   0.00   1.47
 12     -9.52      0.00E+00 |   30   0 |   -  -  0.000 |    0.00   0.00  -1.50
 13     -9.27      0.00E+00 |    0  27 |   -  -  0.000 |    0.00   0.00   1.38
 14     -7.77      0.00E+00 |    0  26 |   -  -  0.000 |    0.00   0.00  -0.50
 15     -5.87      0.00E+00 |    0  32 |   -  -  0.000 |    0.00   0.00  -0.49
 16     -5.10      0.00E+00 |   31  31 |   -  -  0.000 |    0.00   0.00   0.47
 17     -4.66      0.00E+00 |   25  25 |   -  -  0.000 |    0.00   0.00  -0.48
 18     -3.51      0.00E+00 |   24  24 |   -  -  0.000 |    0.00   0.00  -2.30
 19     -2.00      0.00E+00 |   22  22 |   -  -  0.000 |    0.00   0.00   0.21
 20     -1.98      0.00E+00 |   23  23 |   -  -  0.000 |    0.00   0.00   0.75
 21      1.98      1.00E+00 |   23  23 |   -  -  0.000 |    0.00   0.00  -0.75
 22      2.00      1.00E+00 |   22  22 |   -  -  0.000 |    0.00   0.00  -0.21
 23      3.51      1.00E+00 |   24  24 |   -  -  0.000 |    0.00   0.00   2.30
 24      4.66      1.00E+00 |   25  25 |   -  -  0.000 |    0.00   0.00   0.48
 25      5.10      1.00E+00 |   31  31 |   -  -  0.000 |    0.00   0.00  -0.47
 26      5.87      1.00E+00 |   32   0 |   -  -  0.000 |    0.00   0.00   0.49
 27      7.77      1.00E+00 |   26   0 |   -  -  0.000 |    0.00   0.00   0.50
 28      9.27      1.00E+00 |   27   0 |   -  -  0.000 |    0.00   0.00  -1.38
 29      9.52      1.00E+00 |    0  30 |   -  -  0.000 |    0.00   0.00   1.50
 30      9.91      1.00E+00 |   37   0 |   -  -  0.000 |    0.00   0.00  -1.47
 31     10.15      1.00E+00 |   28   0 |   -  -  0.000 |    0.00   0.00   0.47
 32     10.31      1.00E+00 |   38   0 |   -  -  0.000 |    0.00   0.00   0.50
 33     10.48      1.00E+00 |   39   0 |   -  -  0.000 |    0.00   0.00   0.47
 34     10.72      1.00E+00 |   33   0 |   -  -  0.000 |    0.00   0.00  -1.15
 35     10.93      1.00E+00 |   34   0 |   -  -  0.000 |    0.00   0.00   0.18
 36     11.04      1.00E+00 |   35   0 |   -  -  0.000 |    0.00   0.00   0.51
 37     11.60      1.00E+00 |   40   0 |   -  -  0.000 |    0.00   0.00   0.50
 38     11.98      1.00E+00 |    0  29 |   -  -  0.000 |    0.00   0.00  -0.50
 39     13.66      1.00E+00 |   36   0 |   -  -  0.000 |    0.00   0.00  -2.90
 40     22.83      1.00E+00 |    0  21 |   -  -  0.000 |    0.00   0.00  -0.50

--------------------------------------------------------------------------------
------------------------ Electric Multipole Moments -------------------------
Quantisation Axis             : Z
  With secondary axis ordering: X,Y
  Calculated wrt to COM = (   0.000   0.000   0.000)
______________________________________________________________________________
                   Neutrons        Protons          Charge         Total
______________________________________________________________________________
 Particles           10.0000         10.0000          9.9999         20.0000

Re  Q_{ 1 0}         -0.0234          0.0234          0.0230          0.0000
Constrained                                                           0.0000
Re De_{ 1 0}                                                   0.2929139E-04
Re La_{ 1 0}                                                         -0.4218

Re  Q_{ 2 0}         10.4342         10.9755         10.9684         21.4097
Re  Q_{ 2 2}          0.0000         -0.0000         -0.0000          0.0000

Re  Q_{ 3 0}         23.1473         26.8525         26.7995         49.9998
Constrained                                                          50.0000
Re De_{ 3 0}                                                   0.2182707E-03
Re La_{ 3 0}                                                          0.0570
Re  Q_{ 3 2}         -0.0000          0.0000          0.0000         -0.0000

Re  Q_{ 4 0}         84.3724        102.6094        102.1633        186.9818
Re  Q_{ 4 2}         -0.0000         -0.0000         -0.0000         -0.0001
Re  Q_{ 4 4}          0.0190          0.0231          0.2398          0.0421

Re  Q_{ 5 0}        354.4012        470.2322        464.9463        824.6334
Re  Q_{ 5 2}          0.0001          0.0001          0.0001          0.0002
Re  Q_{ 5 4}         -0.1114         -0.1945         -0.1410         -0.3059

Re  Q_{ 6 0}       1467.9453       2204.5994       2143.7330       3672.5448
Re  Q_{ 6 2}         -0.0015          0.0009          0.0008         -0.0007
Re  Q_{ 6 4}          0.9267          1.5334          4.9521          2.4601
Re  Q_{ 6 6}          0.0002         -0.0002         -0.0001         -0.0000

Re  Q_{ 7 0}       6374.9939      10008.0775       9625.1097      16383.0714
Re  Q_{ 7 2}         -0.0055         -0.0039         -0.0036         -0.0094
Re  Q_{ 7 4}         -1.8172         -5.3492          4.6772         -7.1663
Re  Q_{ 7 6}         -0.0007          0.0040          0.0036          0.0033

Re  Q_{ 8 0}      33616.6020      58040.8227      53390.5925      91657.4248
Re  Q_{ 8 2}          0.0574          0.1346          0.1270          0.1921
Re  Q_{ 8 4}         -0.0689         -4.4516        117.4376         -4.5205
Re  Q_{ 8 6}          0.0324          0.0211          0.0215          0.0535
Re  Q_{ 8 8}        -22.5665        -29.4376        -33.6965        -52.0041

Re  Q_{ 9 0}     151290.9525     266770.5525     240581.1916     418061.5050
Re  Q_{ 9 2}         -0.3102         -0.1728         -0.1997         -0.4830
Re  Q_{ 9 4}        473.0100        830.3912       1518.8743       1303.4011
Re  Q_{ 9 6}         -0.0936         -0.2143         -0.1928         -0.3079
Re  Q_{ 9 8}        162.2154        -13.5334         95.0004        148.6819

Re  Q_{10 0}     820446.2408    1522231.8493    1251984.0190    2342678.0901
Re  Q_{10 2}         -0.1918         -0.4633         -0.6827         -0.6550
Re  Q_{10 4}        679.3194      11330.1739      12755.5750      12009.4934
Re  Q_{10 6}          0.3650          1.5416          1.4787          1.9067
Re  Q_{10 8}      -1479.9260       9129.2469       6357.0652       7649.3209
Re  Q_{1010}         -0.3384          0.7554          0.7124          0.4171

 RMS radius           2.8797          2.9190          2.9844          2.8994
 Fourth mom.          3.2212          3.2854          3.3629          3.2538
______________________________________________________________________________
                   Neutrons        Protons          Charge         Total
______________________________________________________________________________


Beta_{ 2 0}       0.20596888      0.21665468      0.21651500      0.42262356
Beta_{ 2 2}       0.00000001     -0.00000001     -0.00000001      0.00000000

Beta_{ 3 0}       0.14027673      0.16273050      0.16240961      0.30300723
Beta_{ 3 2}      -0.00000004      0.00000001      0.00000001     -0.00000003

Beta_{ 4 0}       0.15697379      0.19090369      0.19007358      0.34787748
Beta_{ 4 2}      -0.00000006     -0.00000005     -0.00000005     -0.00000011
Beta_{ 4 4}       0.00003540      0.00004291      0.00044617      0.00007831

Beta_{ 5 0}       0.20242506      0.26858479      0.26556559      0.47100985
Beta_{ 5 2}       0.00000003      0.00000008      0.00000008      0.00000011
Beta_{ 5 4}      -0.00006362     -0.00011109     -0.00008052     -0.00017471

Beta_{ 6 0}       0.25740740      0.38658130      0.37590824      0.64398869
Beta_{ 6 2}      -0.00000027      0.00000015      0.00000014     -0.00000011
Beta_{ 6 4}       0.00016250      0.00026888      0.00086835      0.00043138
Beta_{ 6 6}       0.00000003     -0.00000003     -0.00000002     -0.00000000

Beta_{ 7 0}       0.34318872      0.53877061      0.51815408      0.88195933
Beta_{ 7 2}      -0.00000029     -0.00000021     -0.00000019     -0.00000051
Beta_{ 7 4}      -0.00009782     -0.00028796      0.00025179     -0.00038579
Beta_{ 7 6}      -0.00000004      0.00000022      0.00000019      0.00000018

Beta_{ 8 0}       0.55558324      0.95924354      0.88238896      1.51482678
Beta_{ 8 2}       0.00000095      0.00000222      0.00000210      0.00000317
Beta_{ 8 4}      -0.00000114     -0.00007357      0.00194090     -0.00007471
Beta_{ 8 6}       0.00000054      0.00000035      0.00000035      0.00000088
Beta_{ 8 8}      -0.00037296     -0.00048652     -0.00055690     -0.00085947

Beta_{ 9 0}       0.76762723      1.35355311      1.22067228      2.12118033
Beta_{ 9 2}      -0.00000157     -0.00000088     -0.00000101     -0.00000245
Beta_{ 9 4}       0.00239998      0.00421328      0.00770654      0.00661326
Beta_{ 9 6}      -0.00000048     -0.00000109     -0.00000098     -0.00000156
Beta_{ 9 8}       0.00082306     -0.00006867      0.00048202      0.00075439

Beta_{10 0}       1.27799640      2.37115697      1.95019611      3.64915337
Beta_{10 2}      -0.00000030     -0.00000072     -0.00000106     -0.00000102
Beta_{10 4}       0.00105817      0.01764884      0.01986916      0.01870700
Beta_{10 6}       0.00000057      0.00000240      0.00000230      0.00000297
Beta_{10 8}      -0.00230526      0.01422049      0.00990230      0.01191523
Beta_{1010}      -0.00000053      0.00000118      0.00000111      0.00000065


______________________________________________________________________________
                   Neutrons        Protons          Charge         Total
______________________________________________________________________________
Q_{ 1}                0.0234          0.0234          0.0230          0.0000
Q_{ 2}               10.4342         10.9755         10.9684         21.4097
Q_{ 3}               23.1473         26.8525         26.7995         49.9998
Q_{ 4}               84.3724        102.6095        102.1638        186.9818
Q_{ 5}              354.4013        470.2323        464.9463        824.6335
Q_{ 6}             1467.9459       2204.6005       2143.7445       3672.5464
Q_{ 7}             6374.9944      10008.0804       9625.1120      16383.0746
Q_{ 8}            33616.6172      58040.8380      53390.8721      91657.4545
Q_{ 9}           151292.6052     266773.1380     240590.8181     418065.6215
Q_{10}           820449.4727    1522370.9256    1252146.2446    2342764.6305
______________________________________________________________________________
                   Neutrons        Protons          Charge         Total
______________________________________________________________________________
Beta_{   1}       0.00150221      0.00150409      0.00148038      0.00000188
Beta_{   2}       0.20596888      0.21665468      0.21651500      0.42262356
Beta_{   3}       0.14027673      0.16273050      0.16240961      0.30300723
Beta_{   4}       0.15697380      0.19090370      0.19007462      0.34787750
Beta_{   5}       0.20242508      0.26858483      0.26556562      0.47100991
Beta_{   6}       0.25740750      0.38658148      0.37591025      0.64398898
Beta_{   7}       0.34318875      0.53877076      0.51815420      0.88195950
Beta_{   8}       0.55558349      0.95924379      0.88239358      1.51482727
Beta_{   9}       0.76763561      1.35356623      1.22072113      2.12120122
Beta_{  10}       1.27800143      2.37137361      1.95044881      3.64928817
______________________________________________________________________________
 Cart. Moments X              Y              Z
 Cart. N      -16.5416456    -16.5416479     33.0832935
 Cart. P      -17.3998397    -17.3998375     34.7996771
 Cart. T      -33.9414852    -33.9414854     67.8829706
 (Q, gamma)    Q              Gamma
 (Q,g) N       33.0832935      0.0000024
 (Q,g) P       34.7996771     -0.0000021
 (Q,g) T       67.8829706      0.0000001
 (iq1, iq2)    iq1            iq2
 iq    N       33.0832927      0.0000016
 iq    P       34.7996779     -0.0000015
 iq    T       67.8829705      0.0000001
               X^2            Y^2            Z^2
 X^2_i N       22.1285462     22.1285454     38.6701925
 X^2_i P       22.6026965     22.6026973     40.0025355
 X^2_i T       44.7312427     44.7312426     78.6727280
----------------------------------------------------------------------------
----------------------- Box Size Check -------------------------
 Xmax = (nx+0.5)dx =  9.200 fm,  max(rho(X=Xmax)) =    3.264E-07
 Ymax = (ny+0.5)dx =  9.200 fm,  max(rho(Y=Ymax)) =    3.264E-07
 Zmax = (nz+0.5)dx =  9.200 fm,  max(rho(Z=Zmax)) =    8.637E-05
 Zmin =-(nz+0.5)dx = -9.200fm,  max(rho(Z=Zmin)) =    1.465E-05
---------------------Rotational properties--------------------
                Rigid rotor          (hbar^2/MeV)
              n              p              t 
 I_R X       1.4660530      1.5096134      2.9756663
 I_R Y       1.4660530      1.5096134      2.9756664
 I_R Z       1.0671807      1.0900473      2.1572281

                Belyaev                 (hbar^2/MeV) 
              n              p              t 
 I_B X       0.6102520      0.5858221      1.1960741
 I_B Y       0.6102521      0.5858221      1.1960742
 I_B Z       0.0000189      0.0000277      0.0000467

                Belyaev (collective)    (hbar^2/MeV) 
              n              p              t 
 I_B X       0.6102520      0.5858221      1.1960741
 I_B Y       0.6102521      0.5858221      1.1960742
 I_B Z       0.0000189      0.0000277      0.0000467

                 <J^2> - <J>^2          (hbar^2)
              n              p              t 
 J2_X        1.5695086      1.5749528      3.1444613
 J2_Y        1.5695087      1.5749531      3.1444618
 J2_Z        0.0001255      0.0001740      0.0002995
 J2_t        3.1391428      3.1500798      6.2892226

                 <J^2> - <J>^2 (coll.)  (hbar^2)
              n              p              t 
 J2_X        1.5695086      1.5749528      3.1444613
 J2_Y        1.5695087      1.5749531      3.1444618
 J2_Z        0.0001255      0.0001740      0.0002995
 J2_t        3.1391428      3.1500798      6.2892226
------------------------- Angular Momentum (hbar) --------------------------

               Spwfs(*)    Desired     Omega       E (MeV)      Densit. 
  __________________________________________________________________________
   J_x   |     0.00000     0.00000     0.00000     0.00000     0.00000
   J_y   |     0.00000     0.00000     0.00000     0.00000     0.00000
   J_z   |     0.00000     0.00000     0.00000     0.00000     0.00000
  __________________________________________________________________________
   Size  |     0.00000     0.00000     0.00000                 0.00000
  --------------------------------------------------------------------------
-------------------------- Pairing -------------------------
                          N         P 
 Fermi Level (MeV)    -12.03323291    -7.91121736
 Particles             10.00000000    10.00000000
 Dispersion             1.81710640     1.86933072
 Average gap   v^2      0.65334883     0.69854468
 Average gap   uv       1.49833745     1.55373497
------------------------------------------------------------
--------------------------------------------------------------------------------
 Skyrme Energy                Isospin  1 2 3 4                   Energy [MeV]
--------------------------------------------------------------------------------
E_D_I_I_D_I_I                          0 0                      -1295.224712
E_D_I_I_D_I_I                          1 1                          0.051474
E_D_I_I_D_I_I_D_I_I                    0 0 0                      735.718401
E_D_I_I_D_I_I_D_I_I                    0 1 1                       -0.026148
E_D_I_I_D_Nm_Nm                        0 0                         27.744082
E_D_I_I_D_Nm_Nm                        1 1                         -0.003031
E_D_I_I_Lap_D_I_I                      0 0                         58.133756
E_D_I_I_Lap_D_I_I                      1 1                          0.001406
E_C_I_NmSk_C_I_NmSk                    0 0                         -0.000000
E_C_I_NmSk_C_I_NmSk                    1 1                         -0.000000
E_D_I_I_D_I_I_D_Nm_Nm                  0 0 0                        0.000000
E_D_I_I_D_I_I_D_Nm_Nm                  0 1 1                       -0.000000
E_D_I_I_D_I_I_D_Nm_Nm                  0 0 0                        0.000000
E_D_I_I_D_I_I_D_Nm_Nm                  0 1 1                        0.000000
E_D_I_I_Derm_D_I_I_Derm_D_I_I          0 0 0                        0.000000
E_D_I_I_Derm_D_I_I_Derm_D_I_I          0 1 1                       -0.000000
E_D_I_I_Derm_D_I_I_Derm_D_I_I          0 0 0                       -0.000000
E_D_I_I_Derm_D_I_I_Derm_D_I_I          0 1 1                       -0.000000
E_D_I_I_Derm_D_I_I_D_I_I_Derm_D_I_I    0 0 0 0                      0.000000
E_D_I_I_Derm_D_I_I_D_I_I_Derm_D_I_I    0 0 1 1                     -0.000000
E_D_I_I_Derm_C_I_NxmSxm                0 0                        -10.760672
E_D_I_I_Derm_C_I_NxmSxm                1 1                         -0.000445
E_DP_I_I_DP_I_I                        n n                         -3.576015
E_DP_I_I_DP_I_I                        p p                         -3.831985
E_D_I_I_DP_I_I_DP_I_I                  0 n n                        1.501726
E_D_I_I_DP_I_I_DP_I_I                  0 p p                        1.586095
--------------------------------------------------------------------------------
                 Total Skyrme:                                   -488.686067
--------------------------------------------------------------------------------
                    time-even:                                   -488.686067
                    time-odd :                                      0.000000
                    bilinear :                                  -1227.466142
                    trilinear:                                      0.000000
                 quadrilinear:                                      0.000000
            density-dependent:                                    738.780074
--------------------------------------------------------------------------------
--------------------------------------------------------------------------------
                                     neutron        proton         total
                Kinetic Energy:     162.455099     159.132146     321.587245
                    COM 1-body:      -8.122755      -7.956607     -16.079362
                    COM 2-body:       3.212469       3.160726       6.373195
                            ph:       3.187846       3.131872       6.319718
                            pp:       0.024623       0.028854       0.053477
                 Collective T:                                     -2.445977

                 Rotational  T:                                    -2.445977
                 Rotational  X:                                    -1.222478
                 Rotational  Y:                                    -1.222478
                 Rotational  Z:                                    -0.001021

                 Vibrational T:                                     0.000000
                 Vibrational X:                                    -0.000000
                 Vibrational Y:                                    -0.000000
                 Vibrational Z:                                    -0.000000


                Coulomb Direct:       0.000000      23.427053      23.427053
                      Exchange:       0.000000       0.000000       0.000000

               Pairing (delta):      -2.074241      -2.245878      -4.320118
               Pairing (densi):                                    -4.320179
--------------------------------------------------------------------------------
                  Total energy:                                  -155.823913
                    from spwfs:                                  -155.823910
                   E_fu - E_sp:                                -0.362966E-05
                   (no corr.) :                                  -159.751131
                      Routhian:                                  -157.219518
                         dE   :                                -0.305369E-03
                         dR   :                                -0.308244E-03
--------------------------------------------------------------------------------
 Iteration =  171
 dt    =   0.0248      mu   =   0.8302 gradn =    0.000E+00 D2H  =    9.933E-08
 E     =   -155.824    DE   = -0.11105E-06
 R     =   -157.220    DR   = -0.12807E-06
 R-E   =     -1.396  D(R-E) = -0.18166E-07
 dmun  = -1.8E-06      dmup=  1.1E-05
 RQ10t =       0.0000   dQ = -6.6E-07  L =      -0.4218   dL = -3.5E-06  dev =  2.9E-05
 RQ20t =      21.4096   dQ = -1.5E-04  L =       0.0000   dL =  0.0E+00  dev =  0.0E+00
 RQ22t =       0.0000   dQ =  1.2E-08  L =       0.0000   dL =  0.0E+00  dev =  0.0E+00
 RQ30t =      49.9998   dQ =  3.8E-06  L =       0.0570   dL =  1.0E-07  dev =  2.1E-04
 Jz    =       0.0000   dJZ=  0.0E+00 Om =       0.0000   dO =  0.0E+00  dev =  0.0E+00
--------------------------------------------------------------------------------------
 Iteration =  172
 dt    =   0.0248      mu   =   0.8302 gradn =    0.000E+00 D2H  =    9.494E-08
 E     =   -155.824    DE   = -0.10841E-06
 R     =   -157.220    DR   = -0.12517E-06
 R-E   =     -1.396  D(R-E) = -0.17880E-07
 dmun  = -1.7E-06      dmup=  1.1E-05
 RQ10t =       0.0000   dQ = -6.5E-07  L =      -0.4218   dL = -3.4E-06  dev =  2.8E-05
 RQ20t =      21.4094   dQ = -1.5E-04  L =       0.0000   dL =  0.0E+00  dev =  0.0E+00
 RQ22t =       0.0000   dQ =  1.3E-08  L =       0.0000   dL =  0.0E+00  dev =  0.0E+00
 RQ30t =      49.9998   dQ =  3.8E-06  L =       0.0570   dL =  1.0E-07  dev =  2.1E-04
 Jz    =       0.0000   dJZ=  0.0E+00 Om =       0.0000   dO =  0.0E+00  dev =  0.0E+00
--------------------------------------------------------------------------------------
 Iteration =  173
 dt    =   0.0248      mu   =   0.8302 gradn =    0.000E+00 D2H  =    9.075E-08
 E     =   -155.824    DE   = -0.10583E-06
 R     =   -157.220    DR   = -0.12233E-06
 R-E   =     -1.396  D(R-E) = -0.17594E-07
 dmun  = -1.7E-06      dmup=  1.1E-05
 RQ10t =       0.0000   dQ = -6.4E-07  L =      -0.4218   dL = -3.4E-06  dev =  2.7E-05
 RQ20t =      21.4093   dQ = -1.5E-04  L =       0.0000   dL =  0.0E+00  dev =  0.0E+00
 RQ22t =       0.0000   dQ =  1.3E-08  L =       0.0000   dL =  0.0E+00  dev =  0.0E+00
 RQ30t =      49.9998   dQ =  3.8E-06  L =       0.0570   dL =  9.8E-08  dev =  2.1E-04
 Jz    =       0.0000   dJZ=  0.0E+00 Om =       0.0000   dO =  0.0E+00  dev =  0.0E+00
--------------------------------------------------------------------------------------
 Iteration =  174
 dt    =   0.0248      mu   =   0.8302 gradn =    0.000E+00 D2H  =    8.676E-08
 E     =   -155.824    DE   = -0.10332E-06
 R     =   -157.220    DR   = -0.11954E-06
 R-E   =     -1.396  D(R-E) = -0.17296E-07
 dmun  = -1.6E-06      dmup=  1.0E-05
 RQ10t =       0.0000   dQ = -6.3E-07  L =      -0.4218   dL = -3.3E-06  dev =  2.7E-05
 RQ20t =      21.4091   dQ = -1.4E-04  L =       0.0000   dL =  0.0E+00  dev =  0.0E+00
 RQ22t =       0.0000   dQ =  1.0E-08  L =       0.0000   dL =  0.0E+00  dev =  0.0E+00
 RQ30t =      49.9998   dQ =  3.9E-06  L =       0.0570   dL =  9.6E-08  dev =  2.0E-04
 Jz    =       0.0000   dJZ=  0.0E+00 Om =       0.0000   dO =  0.0E+00  dev =  0.0E+00
--------------------------------------------------------------------------------------
 Iteration =  175
 dt    =   0.0248      mu   =   0.8302 gradn =    0.000E+00 D2H  =    8.295E-08
 E     =   -155.824    DE   = -0.10089E-06
 R     =   -157.220    DR   = -0.11685E-06
 R-E   =     -1.396  D(R-E) = -0.16999E-07
 dmun  = -1.6E-06      dmup=  1.0E-05
 RQ10t =       0.0000   dQ = -6.2E-07  L =      -0.4218   dL = -3.2E-06  dev =  2.6E-05
 RQ20t =      21.4090   dQ = -1.4E-04  L =       0.0000   dL =  0.0E+00  dev =  0.0E+00
 RQ22t =       0.0000   dQ =  1.4E-08  L =       0.0000   dL =  0.0E+00  dev =  0.0E+00
 RQ30t =      49.9998   dQ =  3.6E-06  L =       0.0570   dL =  9.4E-08  dev =  2.0E-04
 Jz    =       0.0000   dJZ=  0.0E+00 Om =       0.0000   dO =  0.0E+00  dev =  0.0E+00
--------------------------------------------------------------------------------------
 Iteration =  176
 dt    =   0.0248      mu   =   0.8302 gradn =    0.000E+00 D2H  =    7.932E-08
 E     =   -155.824    DE   = -0.98462E-07
 R     =   -157.220    DR   = -0.11417E-06
 R-E   =     -1.396  D(R-E) = -0.16729E-07
 dmun  = -1.6E-06      dmup=  9.8E-06
 RQ10t =       0.0000   dQ = -6.0E-07  L =      -0.4219   dL = -3.1E-06  dev =  2.6E-05
 RQ20t =      21.4088   dQ = -1.4E-04  L =       0.0000   dL =  0.0E+00  dev =  0.0E+00
 RQ22t =       0.0000   dQ =  1.4E-08  L =       0.0000   dL =  0.0E+00  dev =  0.0E+00
 RQ30t =      49.9998   dQ =  3.7E-06  L =       0.0570   dL =  9.3E-08  dev =  2.0E-04
 Jz    =       0.0000   dJZ=  0.0E+00 Om =       0.0000   dO =  0.0E+00  dev =  0.0E+00
--------------------------------------------------------------------------------------
 Iteration =  177
 dt    =   0.0248      mu   =   0.8302 gradn =    0.000E+00 D2H  =    7.585E-08
 E     =   -155.824    DE   = -0.96100E-07
 R     =   -157.220    DR   = -0.11155E-06
 R-E   =     -1.396  D(R-E) = -0.16447E-07
 dmun  = -1.5E-06      dmup=  9.5E-06
 RQ10t =       0.0000   dQ = -5.9E-07  L =      -0.4219   dL = -3.1E-06  dev =  2.5E-05
 RQ20t =      21.4087   dQ = -1.3E-04  L =       0.0000   dL =  0.0E+00  dev =  0.0E+00
 RQ22t =       0.0000   dQ =  1.5E-08  L =       0.0000   dL =  0.0E+00  dev =  0.0E+00
 RQ30t =      49.9998   dQ =  3.7E-06  L =       0.0570   dL =  9.1E-08  dev =  1.9E-04
 Jz    =       0.0000   dJZ=  0.0E+00 Om =       0.0000   dO =  0.0E+00  dev =  0.0E+00
--------------------------------------------------------------------------------------
 Iteration =  178
 dt    =   0.0248      mu   =   0.8302 gradn =    0.000E+00 D2H  =    7.255E-08
 E     =   -155.824    DE   = -0.93795E-07
 R     =   -157.220    DR   = -0.10897E-06
 R-E   =     -1.396  D(R-E) = -0.16150E-07
 dmun  = -1.5E-06      dmup=  9.3E-06
 RQ10t =       0.0000   dQ = -5.8E-07  L =      -0.4219   dL = -3.0E-06  dev =  2.4E-05
 RQ20t =      21.4086   dQ = -1.3E-04  L =       0.0000   dL =  0.0E+00  dev =  0.0E+00
 RQ22t =       0.0000   dQ =  1.8E-08  L =       0.0000   dL =  0.0E+00  dev =  0.0E+00
 RQ30t =      49.9998   dQ =  3.9E-06  L =       0.0570   dL =  8.9E-08  dev =  1.9E-04
 Jz    =       0.0000   dJZ=  0.0E+00 Om =       0.0000   dO =  0.0E+00  dev =  0.0E+00
--------------------------------------------------------------------------------------
 Iteration =  179
 dt    =   0.0248      mu   =   0.8302 gradn =    0.000E+00 D2H  =    6.940E-08
 E     =   -155.824    DE   = -0.91640E-07
 R     =   -157.220    DR   = -0.10653E-06
 R-E   =     -1.396  D(R-E) = -0.15842E-07
 dmun  = -1.5E-06      dmup=  9.1E-06
 RQ10t =       0.0000   dQ = -5.7E-07  L =      -0.4219   dL = -2.9E-06  dev =  2.4E-05
 RQ20t =      21.4084   dQ = -1.3E-04  L =       0.0000   dL =  0.0E+00  dev =  0.0E+00
 RQ22t =       0.0000   dQ =  1.5E-08  L =       0.0000   dL =  0.0E+00  dev =  0.0E+00
 RQ30t =      49.9998   dQ =  3.3E-06  L =       0.0570   dL =  8.7E-08  dev =  1.8E-04
 Jz    =       0.0000   dJZ=  0.0E+00 Om =       0.0000   dO =  0.0E+00  dev =  0.0E+00
--------------------------------------------------------------------------------------
--------------------------------------------------------------------------------------
                              Iteration =   180

--------------------- Hartree-Fock basis-------------------------------------------------------------------
__________________________________________________________________________________________________________
   Neutron wavefunctions
  i     P   Rz   occ          E       d2h    Delta |   JxT    JyT    Jz      J   |   SxT    SyT    Sz
----------------------------------------------------------------------------------------------------------
  1  0.99  1.0  1.0000     -35.263  8.5E-10   0.00 |  -0.50   0.50   0.50   0.52 |  -0.50   0.50   0.50
  9 -0.99  1.0  1.0000     -24.221  3.4E-09   0.01 |  -0.87   0.87   0.50   1.46 |  -0.45   0.45   0.40
 10 -0.98  1.0  0.9999     -21.782  8.2E-10   0.14 |  -0.00   0.00  -1.50   1.53 |   0.00   0.00  -0.50
 11 -0.91  1.0  0.9809     -17.048  3.6E-09   1.43 |   0.31  -0.31   0.50   0.78 |  -0.06   0.06  -0.39
  2  0.88  1.0  0.7219     -12.891  7.5E-09   1.73 |  -1.15   1.15   0.50   2.22 |  -0.41   0.41   0.31
  3  0.97  1.0  0.2462     -11.075  3.3E-09   1.63 |  -0.00   0.00  -1.50   2.50 |  -0.00   0.00  -0.42
  4  0.95  1.0  0.0358      -8.816  8.3E-10   1.29 |   0.00  -0.00   2.50   2.54 |  -0.00   0.00   0.50
  5  0.80  1.0  0.0132      -7.154  7.4E-08   1.14 |  -0.61   0.61   0.50   1.65 |  -0.34   0.34   0.17
 12  0.02  1.0  0.0011      -4.722  4.8E-04   0.46 |  -0.37   0.37   0.50   2.25 |  -0.46   0.46   0.41
  6  0.59  1.0  0.0009      -3.720  4.8E-04   0.40 |   0.38  -0.38   0.50   2.05 |  -0.28   0.28   0.07
  7  0.68  1.0  0.0000      -2.251  3.6E-08   0.10 |   0.00  -0.00  -1.49   1.97 |   0.00  -0.00   0.35
 15 -0.76  1.0  0.0000      -0.909  6.8E-07   0.05 |  -1.09   1.09   0.50   3.00 |  -0.36   0.36   0.23
 13 -0.68  1.0  0.0000      -0.305  1.4E-06   0.01 |  -0.01   0.01  -1.49   2.64 |   0.00  -0.00  -0.42
 18 -0.30  1.0  0.0000       0.426  2.6E-05   0.01 |  -0.00   0.00   0.47   1.78 |  -0.01   0.01  -0.47
 17 -0.06  1.0  0.0000       0.589  5.0E-04   0.01 |   0.04  -0.04  -1.46   2.79 |   0.00  -0.00  -0.42
 14 -0.17  1.0  0.0000       1.096  1.1E-03   0.01 |   0.45  -0.45   1.04   2.59 |   0.42  -0.42   0.49
 20 -0.21  1.0  0.0000       1.396  5.8E-04   0.01 |  -0.63   0.64   0.50   2.15 |  -0.46   0.46   0.42
  8  0.41  1.0  0.0000       1.510  5.9E-04   0.00 |  -0.18   0.19   0.51   2.46 |  -0.04   0.04  -0.42
 19 -0.65  1.0  0.0000       1.852  2.3E-02   0.00 |   0.04  -0.04   0.95   2.64 |   0.25  -0.25   0.43
 16 -0.74  1.0  0.0000       3.147  3.7E-03   0.00 |   0.01  -0.01  -3.11   3.63 |  -0.01   0.01  -0.48
__________________________________________________________________________________________________________
   Proton  wavefunctions
  i     P   Rz   occ          E       d2h    Delta |   JxT    JyT    Jz      J   |   SxT    SyT    Sz
----------------------------------------------------------------------------------------------------------
 21  0.99  1.0  1.0000     -30.742  7.4E-10   0.00 |  -0.50   0.50   0.50   0.52 |  -0.50   0.50   0.50
 29 -0.99  1.0  1.0000     -19.890  4.1E-09   0.02 |  -0.87   0.87   0.50   1.46 |  -0.45   0.45   0.40
 30 -0.98  1.0  0.9999     -17.425  8.0E-10   0.19 |  -0.00   0.00  -1.50   1.53 |   0.00   0.00  -0.50
 31 -0.91  1.0  0.9773     -12.780  5.8E-09   1.52 |   0.30  -0.30   0.50   0.79 |  -0.06   0.06  -0.39
 22  0.86  1.0  0.7157      -8.783  1.0E-08   1.81 |  -1.13   1.13   0.50   2.21 |  -0.41   0.41   0.32
 23  0.97  1.0  0.2491      -6.917  3.4E-09   1.71 |  -0.00   0.00  -1.50   2.50 |  -0.00   0.00  -0.42
 24  0.95  1.0  0.0392      -4.679  7.9E-10   1.36 |   0.00  -0.00   2.50   2.54 |   0.00  -0.00   0.50
 25  0.56  1.0  0.0136      -3.385  3.9E-08   1.03 |  -0.63   0.63   0.50   2.04 |  -0.35   0.35   0.20
 32 -0.02  1.0  0.0025      -2.075  8.9E-08   0.49 |  -0.57   0.57   0.50   2.41 |  -0.49   0.49   0.49
 26  0.82  1.0  0.0025      -0.186  7.6E-08   0.69 |   0.61  -0.61   0.50   1.67 |  -0.23   0.23  -0.03
 27  0.66  1.0  0.0001       1.358  3.6E-06   0.14 |   0.00  -0.00  -1.39   2.00 |   0.05  -0.05   0.34
 37 -0.25  1.0  0.0000       1.994  3.1E-04   0.04 |   0.08  -0.08  -1.47   2.25 |   0.00  -0.00  -0.48
 28  0.08  1.0  0.0000       2.237  1.9E-03   0.06 |   0.05  -0.05   0.47   1.89 |  -0.01   0.01  -0.47
 38 -0.58  1.0  0.0000       2.392  7.5E-03   0.05 |  -0.74   0.74   0.50   2.79 |  -0.26   0.26   0.03
 39 -0.63  1.0  0.0000       2.564  2.6E-03   0.02 |   0.42  -0.42   0.47   2.30 |   0.45  -0.45   0.45
 33  0.29  1.0  0.0000       2.808  2.4E-03   0.01 |   0.39  -0.39  -1.14   2.83 |   0.09  -0.10  -0.28
 34  0.67  1.0  0.0000       3.023  1.0E-03   0.02 |   0.02  -0.02   0.18   2.21 |   0.38  -0.38   0.34
 35 -0.05  1.0  0.0000       3.134  7.5E-03   0.02 |  -0.37   0.37   0.51   2.44 |  -0.11   0.11  -0.28
 40 -0.22  1.0  0.0000       3.687  1.7E-03   0.03 |  -0.66   0.66   0.50   2.25 |  -0.49   0.49   0.48
 36 -0.42  1.0  0.0000       5.752  2.7E-03   0.00 |  -0.01   0.01  -2.89   3.97 |  -0.00   0.00  -0.50
----------------------------------------------------------------------------------------------------------
--------------------- Canonical    basis-------------------------------------------------------------------
__________________________________________________________________________________________________________
   Neutron wavefunctions
  i     P   Rz   occ          E       d2h    Delta |   JxT    JyT    Jz      J   |   SxT    SyT    Sz
----------------------------------------------------------------------------------------------------------
 20  0.99  1.0  2.0000     -35.263  0.0E+00   0.00 |  -0.50   0.50   0.50   0.52 |  -0.50   0.50   0.50
 19 -0.99  1.0  2.0000     -24.220  0.0E+00   0.01 |  -0.87   0.87   0.50   1.46 |  -0.45   0.45   0.40
 18 -0.98  1.0  1.9999     -21.782  0.0E+00   0.14 |  -0.00   0.00  -1.50   1.53 |   0.00   0.00  -0.50
 17 -0.92  1.0  1.9618     -17.047  0.0E+00   1.43 |   0.31  -0.31   0.50   0.77 |  -0.06   0.06  -0.39
 16  0.89  1.0  1.4438     -12.891  0.0E+00   1.73 |  -1.16   1.16   0.50   2.22 |  -0.41   0.41   0.31
 15  0.97  1.0  0.4923     -11.075  0.0E+00   1.63 |  -0.00   0.00  -1.50   2.50 |  -0.00   0.00  -0.42
 14  0.95  1.0  0.0716      -8.816  0.0E+00   1.29 |   0.00  -0.00   2.50   2.54 |  -0.00   0.00   0.50
 13  0.82  1.0  0.0272      -7.058  0.0E+00   1.18 |  -0.42   0.42   0.50   1.66 |  -0.27   0.27   0.04
 12  0.70  1.0  0.0027      -4.512  0.0E+00   0.56 |   0.22  -0.22   0.50   1.46 |  -0.37   0.37   0.25
 11 -0.17  1.0  0.0005      -3.905  0.0E+00   0.26 |  -0.57   0.57   0.50   2.66 |  -0.41   0.41   0.33
 10  0.65  1.0  0.0001      -2.247  0.0E+00   0.10 |  -0.01   0.01  -1.50   2.01 |   0.00  -0.00   0.34
  9 -0.71  1.0  0.0000      -1.020  0.0E+00   0.01 |  -0.95   0.95   0.50   3.04 |  -0.38   0.38   0.27
  8 -0.65  1.0  0.0000      -0.158  0.0E+00   0.01 |   0.02  -0.02  -1.49   3.01 |   0.00  -0.00  -0.34
  5 -0.07  1.0  0.0000       0.453  0.0E+00   0.00 |   0.07   0.03  -1.46   2.35 |   0.04   0.04  -0.48
  4 -0.61  1.0  0.0000       0.629  0.0E+00   0.00 |  -0.47   0.36   0.45   1.97 |  -0.10   0.02  -0.38
  6 -0.29  1.0  0.0000       1.329  0.0E+00   0.00 |  -0.33   0.34   0.48   2.04 |  -0.42   0.42   0.34
  2  0.80  1.0  0.0000       1.404  0.0E+00   0.00 |  -0.04   0.06   0.48   2.42 |  -0.01   0.02  -0.47
  7  0.03  1.0  0.0000       1.442  0.0E+00   0.00 |   0.04  -0.04   1.68   2.92 |   0.22  -0.22   0.45
  1 -0.85  1.0  0.0000       1.491  0.0E+00   0.00 |   0.45  -0.45   0.32   2.29 |   0.46  -0.46   0.47
  3 -0.72  1.0  0.0000       3.107  0.0E+00   0.00 |   0.02  -0.03  -3.05   3.61 |  -0.02   0.02  -0.45
__________________________________________________________________________________________________________
   Proton  wavefunctions
  i     P   Rz   occ          E       d2h    Delta |   JxT    JyT    Jz      J   |   SxT    SyT    Sz
----------------------------------------------------------------------------------------------------------
 40  0.99  1.0  2.0000     -30.742  0.0E+00   0.00 |  -0.50   0.50   0.50   0.52 |  -0.50   0.50   0.50
 39 -0.99  1.0  2.0000     -19.890  0.0E+00   0.02 |  -0.87   0.87   0.50   1.47 |  -0.45   0.45   0.40
 38 -0.98  1.0  1.9998     -17.425  0.0E+00   0.19 |  -0.00   0.00  -1.50   1.53 |   0.00   0.00  -0.50
 37 -0.91  1.0  1.9546     -12.780  0.0E+00   1.52 |   0.31  -0.31   0.50   0.78 |  -0.06   0.06  -0.39
 36  0.88  1.0  1.4319      -8.781  0.0E+00   1.82 |  -1.14   1.14   0.50   2.22 |  -0.41   0.41   0.32
 35  0.97  1.0  0.4983      -6.917  0.0E+00   1.71 |  -0.00   0.00  -1.50   2.50 |  -0.00   0.00  -0.42
 34  0.95  1.0  0.0783      -4.678  0.0E+00   1.36 |   0.00  -0.00   2.50   2.54 |  -0.00   0.00   0.50
 33  0.83  1.0  0.0313      -3.082  0.0E+00   1.24 |  -0.37   0.37   0.50   1.67 |  -0.25   0.25   0.00
 31 -0.21  1.0  0.0017      -1.605  0.0E+00   0.37 |  -0.59   0.59   0.50   2.82 |  -0.45   0.45   0.40
 32  0.75  1.0  0.0039      -0.821  0.0E+00   0.63 |   0.26  -0.26   0.50   1.41 |  -0.37   0.37   0.24
 30  0.65  1.0  0.0001       1.419  0.0E+00   0.15 |  -0.00   0.00  -1.49   2.02 |   0.00  -0.00   0.35
 29 -0.74  1.0  0.0000       2.325  0.0E+00   0.04 |  -0.94   0.94   0.50   2.95 |  -0.37   0.37   0.24
 27 -0.60  1.0  0.0000       2.363  0.0E+00   0.00 |   0.03  -0.03   0.49   1.83 |  -0.01   0.01  -0.47
 28 -0.67  1.0  0.0000       2.369  0.0E+00   0.01 |   0.00  -0.00  -1.48   2.46 |   0.00  -0.01  -0.46
 26  0.80  1.0  0.0000       2.405  0.0E+00   0.00 |   0.21  -0.21  -1.44   2.66 |   0.01  -0.02  -0.46
 23  0.13  1.0  0.0000       2.615  0.0E+00   0.00 |   0.30  -0.30   0.59   2.28 |   0.47  -0.47   0.47
 21 -0.17  1.0  0.0000       2.939  0.0E+00   0.00 |   0.40  -0.39   0.47   2.20 |   0.49  -0.49   0.48
 24  0.73  1.0  0.0000       2.982  0.0E+00   0.00 |  -0.10   0.10   0.52   2.36 |  -0.02   0.02  -0.46
 25 -0.19  1.0  0.0000       3.649  0.0E+00   0.00 |  -0.61   0.61   0.50   2.22 |  -0.48   0.48   0.47
 22 -0.42  1.0  0.0000       5.743  0.0E+00   0.00 |  -0.01   0.01  -2.91   3.97 |  -0.00   0.00  -0.50
----------------------------------------------------------------------------------------------------------
---------------------------------Quasiparticles---------------------------------
Block 1:  P=+1  neutrons
  N      Eqp       f_n      |   U   V  |   B  P  ov_TR |    JxT    JyT    Jz
________________________________________________________________________________
  1    -23.23      0.00E+00 |    1   0 |   -  -  0.000 |    0.00   0.00   0.50
  2    -15.18      0.00E+00 |    0  16 |   -  -  0.000 |    0.00   0.00   3.11
  3    -13.89      0.00E+00 |    0  19 |   -  -  0.000 |    0.00   0.00  -0.95
  4    -13.54      0.00E+00 |    0   8 |   -  -  0.000 |    0.00   0.00  -0.51
  5    -13.43      0.00E+00 |    0  20 |   -  -  0.000 |    0.00   0.00  -0.50
  6    -13.13      0.00E+00 |    0  14 |   -  -  0.000 |    0.00   0.00  -1.04
  7    -12.62      0.00E+00 |    0  17 |   -  -  0.000 |    0.00   0.00   1.46
  8    -12.46      0.00E+00 |    0  18 |   -  -  0.000 |    0.00   0.00  -0.47
  9    -12.19      0.00E+00 |    9   0 |   -  -  0.000 |    0.00   0.00   0.50
 10    -11.73      0.00E+00 |    0  13 |   -  -  0.000 |    0.00   0.00   1.49
 11    -11.12      0.00E+00 |    0  15 |   -  -  0.000 |    0.00   0.00  -0.50
 12     -9.78      0.00E+00 |   10   7 |   -  -  0.000 |    0.00   0.00   1.40
 13     -9.75      0.00E+00 |   10   7 |   -  -  0.000 |    0.00   0.00  -1.40
 14     -8.33      0.00E+00 |    0   6 |   -  -  0.000 |    0.00   0.00  -0.50
 15     -7.33      0.00E+00 |    0  12 |   -  -  0.000 |    0.00   0.00  -0.50
 16     -5.22      0.00E+00 |   11  11 |   -  -  0.000 |    0.00   0.00   0.47
 17     -5.01      0.00E+00 |   11   5 |   -  -  0.000 |    0.00   0.00  -0.47
 18     -3.47      0.00E+00 |    4   4 |   -  -  0.000 |    0.00   0.00  -2.32
 19     -1.93      0.00E+00 |    2   2 |   -  -  0.000 |    0.00   0.00   0.22
 20     -1.89      0.00E+00 |    3   3 |   -  -  0.000 |    0.00   0.00   0.76
 21      1.89      1.00E+00 |    3   3 |   -  -  0.000 |    0.00   0.00  -0.76
 22      1.93      1.00E+00 |    2   2 |   -  -  0.000 |    0.00   0.00  -0.22
 23      3.47      1.00E+00 |    4   4 |   -  -  0.000 |    0.00   0.00   2.32
 24      5.01      1.00E+00 |    5  11 |   -  -  0.000 |    0.00   0.00   0.47
 25      5.22      1.00E+00 |   11  11 |   -  -  0.000 |    0.00   0.00  -0.47
 26      7.33      1.00E+00 |   12   0 |   -  -  0.000 |    0.00   0.00   0.50
 27      8.33      1.00E+00 |    6   0 |   -  -  0.000 |    0.00   0.00   0.50
 28      9.75      1.00E+00 |    7  10 |   -  -  0.000 |    0.00   0.00   1.40
 29      9.78      1.00E+00 |    7  10 |   -  -  0.000 |    0.00   0.00  -1.40
 30     11.12      1.00E+00 |   15   0 |   -  -  0.000 |    0.00   0.00   0.50
 31     11.73      1.00E+00 |   13   0 |   -  -  0.000 |    0.00   0.00  -1.49
 32     12.19      1.00E+00 |    0   9 |   -  -  0.000 |    0.00   0.00  -0.50
 33     12.46      1.00E+00 |   18   0 |   -  -  0.000 |    0.00   0.00   0.47
 34     12.62      1.00E+00 |   17   0 |   -  -  0.000 |    0.00   0.00  -1.46
 35     13.13      1.00E+00 |   14   0 |   -  -  0.000 |    0.00   0.00   1.04
 36     13.43      1.00E+00 |   20   0 |   -  -  0.000 |    0.00   0.00   0.50
 37     13.54      1.00E+00 |    8   0 |   -  -  0.000 |    0.00   0.00   0.51
 38     13.89      1.00E+00 |   19   0 |   -  -  0.000 |    0.00   0.00   0.95
 39     15.18      1.00E+00 |   16   0 |   -  -  0.000 |    0.00   0.00  -3.11
 40     23.23      1.00E+00 |    0   1 |   -  -  0.000 |    0.00   0.00  -0.50

Block 5:  P=+1   protons
  N      Eqp       f_n      |   U   V  |   B  P  ov_TR |    JxT    JyT    Jz
________________________________________________________________________________
  1    -22.83      0.00E+00 |   21   0 |   -  -  0.000 |    0.00   0.00   0.50
  2    -13.66      0.00E+00 |    0  36 |   -  -  0.000 |    0.00   0.00   2.89
  3    -11.98      0.00E+00 |   29   0 |   -  -  0.000 |    0.00   0.00   0.50
  4    -11.60      0.00E+00 |    0  40 |   -  -  0.000 |    0.00   0.00  -0.50
  5    -11.05      0.00E+00 |    0  35 |   -  -  0.000 |    0.00   0.00  -0.51
  6    -10.93      0.00E+00 |    0  34 |   -  -  0.000 |    0.00   0.00  -0.18
  7    -10.72      0.00E+00 |    0  33 |   -  -  0.000 |    0.00   0.00   1.14
  8    -10.48      0.00E+00 |    0  39 |   -  -  0.000 |    0.00   0.00  -0.47
  9    -10.30      0.00E+00 |    0  38 |   -  -  0.000 |    0.00   0.00  -0.50
 10    -10.15      0.00E+00 |    0  28 |   -  -  0.000 |    0.00   0.00  -0.47
 11     -9.91      0.00E+00 |    0  37 |   -  -  0.000 |    0.00   0.00   1.47
 12     -9.52      0.00E+00 |   30   0 |   -  -  0.000 |    0.00   0.00  -1.50
 13     -9.27      0.00E+00 |    0  27 |   -  -  0.000 |    0.00   0.00   1.38
 14     -7.77      0.00E+00 |    0  26 |   -  -  0.000 |    0.00   0.00  -0.50
 15     -5.87      0.00E+00 |    0  32 |   -  -  0.000 |    0.00   0.00  -0.49
 16     -5.10      0.00E+00 |   31  31 |   -  -  0.000 |    0.00   0.00   0.47
 17     -4.66      0.00E+00 |   25  25 |   -  -  0.000 |    0.00   0.00  -0.48
 18     -3.51      0.00E+00 |   24  24 |   -  -  0.000 |    0.00   0.00  -2.30
 19     -2.00      0.00E+00 |   22  22 |   -  -  0.000 |    0.00   0.00   0.21
 20     -1.98      0.00E+00 |   23  23 |   -  -  0.000 |    0.00   0.00   0.75
 21      1.98      1.00E+00 |   23  23 |   -  -  0.000 |    0.00   0.00  -0.75
 22      2.00      1.00E+00 |   22  22 |   -  -  0.000 |    0.00   0.00  -0.21
 23      3.51      1.00E+00 |   24  24 |   -  -  0.000 |    0.00   0.00   2.30
 24      4.66      1.00E+00 |   25  25 |   -  -  0.000 |    0.00   0.00   0.48
 25      5.10      1.00E+00 |   31  31 |   -  -  0.000 |    0.00   0.00  -0.47
 26      5.87      1.00E+00 |   32   0 |   -  -  0.000 |    0.00   0.00   0.49
 27      7.77      1.00E+00 |   26   0 |   -  -  0.000 |    0.00   0.00   0.50
 28      9.27      1.00E+00 |   27   0 |   -  -  0.000 |    0.00   0.00  -1.38
 29      9.52      1.00E+00 |    0  30 |   -  -  0.000 |    0.00   0.00   1.50
 30      9.91      1.00E+00 |   37   0 |   -  -  0.000 |    0.00   0.00  -1.47
 31     10.15      1.00E+00 |   28   0 |   -  -  0.000 |    0.00   0.00   0.47
 32     10.30      1.00E+00 |   38   0 |   -  -  0.000 |    0.00   0.00   0.50
 33     10.48      1.00E+00 |   39   0 |   -  -  0.000 |    0.00   0.00   0.47
 34     10.72      1.00E+00 |   33   0 |   -  -  0.000 |    0.00   0.00  -1.14
 35     10.93      1.00E+00 |   34   0 |   -  -  0.000 |    0.00   0.00   0.18
 36     11.05      1.00E+00 |   35   0 |   -  -  0.000 |    0.00   0.00   0.51
 37     11.60      1.00E+00 |   40   0 |   -  -  0.000 |    0.00   0.00   0.50
 38     11.98      1.00E+00 |    0  29 |   -  -  0.000 |    0.00   0.00  -0.50
 39     13.66      1.00E+00 |   36   0 |   -  -  0.000 |    0.00   0.00  -2.89
 40     22.83      1.00E+00 |    0  21 |   -  -  0.000 |    0.00   0.00  -0.50

--------------------------------------------------------------------------------
------------------------ Electric Multipole Moments -------------------------
Quantisation Axis             : Z
  With secondary axis ordering: X,Y
  Calculated wrt to COM = (   0.000   0.000   0.000)
______________________________________________________________________________
                   Neutrons        Protons          Charge         Total
______________________________________________________________________________
 Particles           10.0000         10.0000          9.9999         20.0000

Re  Q_{ 1 0}         -0.0234          0.0234          0.0230          0.0000
Constrained                                                           0.0000
Re De_{ 1 0}                                                   0.2320025E-04
Re La_{ 1 0}                                                         -0.4219

Re  Q_{ 2 0}         10.4336         10.9747         10.9677         21.4083
Re  Q_{ 2 2}          0.0000         -0.0000         -0.0000          0.0000

Re  Q_{ 3 0}         23.1484         26.8514         26.7985         49.9998
Constrained                                                          50.0000
Re De_{ 3 0}                                                   0.1811878E-03
Re La_{ 3 0}                                                          0.0570
Re  Q_{ 3 2}         -0.0000          0.0000          0.0000         -0.0000

Re  Q_{ 4 0}         84.3708        102.5931        102.1476        186.9639
Re  Q_{ 4 2}         -0.0000         -0.0000         -0.0000         -0.0001
Re  Q_{ 4 4}          0.0191          0.0232          0.2400          0.0423

Re  Q_{ 5 0}        354.4328        470.1614        464.8790        824.5942
Re  Q_{ 5 2}          0.0001          0.0002          0.0002          0.0003
Re  Q_{ 5 4}         -0.1117         -0.1956         -0.1421         -0.3072

Re  Q_{ 6 0}       1468.2109       2204.0658       2143.2550       3672.2767
Re  Q_{ 6 2}         -0.0016          0.0011          0.0011         -0.0004
Re  Q_{ 6 4}          0.9275          1.5350          4.9537          2.4624
Re  Q_{ 6 6}          0.0002         -0.0003         -0.0002         -0.0001

Re  Q_{ 7 0}       6376.3540      10005.4283       9622.7566      16381.7823
Re  Q_{ 7 2}         -0.0047         -0.0037         -0.0034         -0.0084
Re  Q_{ 7 4}         -1.8191         -5.3457          4.6826         -7.1648
Re  Q_{ 7 6}         -0.0011          0.0054          0.0049          0.0043

Re  Q_{ 8 0}      33626.7416      58021.6573      53375.1122      91648.3989
Re  Q_{ 8 2}          0.0684          0.1643          0.1556          0.2327
Re  Q_{ 8 4}         -0.1018         -4.5410        117.2974         -4.6428
Re  Q_{ 8 6}          0.0371          0.0213          0.0219          0.0584
Re  Q_{ 8 8}        -22.7064        -29.2730        -33.6111        -51.9794

Re  Q_{ 9 0}     151344.3055     266680.2196     240508.5234     418024.5250
Re  Q_{ 9 2}         -0.3185         -0.1201         -0.1551         -0.4386
Re  Q_{ 9 4}        473.2946        823.7851       1513.1363       1297.0797
Re  Q_{ 9 6}         -0.1108         -0.2475         -0.2173         -0.3583
Re  Q_{ 9 8}        162.8096        -18.4058         91.2704        144.4038

Re  Q_{10 0}     820731.6798    1521643.4934    1251599.8442    2342375.1732
Re  Q_{10 2}          0.0020         -0.2160         -0.5205         -0.2140
Re  Q_{10 4}        675.7809      11394.5445      12810.4639      12070.3254
Re  Q_{10 6}          0.4951          2.2130          2.0482          2.7081
Re  Q_{10 8}      -1475.4639       9227.8439       6436.8632       7752.3800
Re  Q_{1010}         -0.4083          1.1348          1.0721          0.7265

 RMS radius           2.8797          2.9190          2.9844          2.8994
 Fourth mom.          3.2212          3.2854          3.3629          3.2538
______________________________________________________________________________
                   Neutrons        Protons          Charge         Total
______________________________________________________________________________


Beta_{ 2 0}       0.20595689      0.21663909      0.21649951      0.42259598
Beta_{ 2 2}       0.00000001     -0.00000001     -0.00000001      0.00000000

Beta_{ 3 0}       0.14028346      0.16272399      0.16240333      0.30300745
Beta_{ 3 2}      -0.00000005      0.00000002      0.00000002     -0.00000003

Beta_{ 4 0}       0.15697090      0.19087326      0.19004434      0.34784416
Beta_{ 4 2}      -0.00000005     -0.00000006     -0.00000006     -0.00000011
Beta_{ 4 4}       0.00003550      0.00004320      0.00044646      0.00007870

Beta_{ 5 0}       0.20244310      0.26854434      0.26552718      0.47098745
Beta_{ 5 2}       0.00000006      0.00000012      0.00000012      0.00000017
Beta_{ 5 4}      -0.00006379     -0.00011170     -0.00008116     -0.00017549

Beta_{ 6 0}       0.25745397      0.38648772      0.37582441      0.64394169
Beta_{ 6 2}      -0.00000028      0.00000020      0.00000019     -0.00000008
Beta_{ 6 4}       0.00016264      0.00026916      0.00086864      0.00043179
Beta_{ 6 6}       0.00000003     -0.00000005     -0.00000004     -0.00000001

Beta_{ 7 0}       0.34326194      0.53862799      0.51802741      0.88188993
Beta_{ 7 2}      -0.00000025     -0.00000020     -0.00000018     -0.00000045
Beta_{ 7 4}      -0.00009793     -0.00028778      0.00025208     -0.00038571
Beta_{ 7 6}      -0.00000006      0.00000029      0.00000026      0.00000023

Beta_{ 8 0}       0.55575082      0.95892679      0.88213311      1.51467761
Beta_{ 8 2}       0.00000113      0.00000272      0.00000257      0.00000385
Beta_{ 8 4}      -0.00000168     -0.00007505      0.00193858     -0.00007673
Beta_{ 8 6}       0.00000061      0.00000035      0.00000036      0.00000097
Beta_{ 8 8}      -0.00037527     -0.00048380     -0.00055549     -0.00085907

Beta_{ 9 0}       0.76789793      1.35309477      1.22030358      2.12099270
Beta_{ 9 2}      -0.00000162     -0.00000061     -0.00000079     -0.00000223
Beta_{ 9 4}       0.00240142      0.00417976      0.00767742      0.00658118
Beta_{ 9 6}      -0.00000056     -0.00000126     -0.00000110     -0.00000182
Beta_{ 9 8}       0.00082607     -0.00009339      0.00046309      0.00073268

Beta_{10 0}       1.27844102      2.37024050      1.94959769      3.64868152
Beta_{10 2}       0.00000000     -0.00000034     -0.00000081     -0.00000033
Beta_{10 4}       0.00105265      0.01774911      0.01995466      0.01880176
Beta_{10 6}       0.00000077      0.00000345      0.00000319      0.00000422
Beta_{10 8}      -0.00229831      0.01437407      0.01002660      0.01207576
Beta_{1010}      -0.00000064      0.00000177      0.00000167      0.00000113


______________________________________________________________________________
                   Neutrons        Protons          Charge         Total
______________________________________________________________________________
Q_{ 1}                0.0234          0.0234          0.0230          0.0000
Q_{ 2}               10.4336         10.9747         10.9677         21.4083
Q_{ 3}               23.1484         26.8514         26.7985         49.9998
Q_{ 4}               84.3708        102.5931        102.1481        186.9639
Q_{ 5}              354.4329        470.1615        464.8790        824.5943
Q_{ 6}             1468.2115       2204.0669       2143.2664       3672.2784
Q_{ 7}             6376.3546      10005.4311       9622.7589      16381.7854
Q_{ 8}            33626.7569      58021.6724      53375.3911      91648.4286
Q_{ 9}           151345.9607     266682.7655     240518.0776     418028.5996
Q_{10}           820734.8888    1521784.7740    1251764.0562    2342463.0277
______________________________________________________________________________
                   Neutrons        Protons          Charge         Total
______________________________________________________________________________
Beta_{   1}       0.00150191      0.00150340      0.00147970      0.00000149
Beta_{   2}       0.20595689      0.21663909      0.21649951      0.42259598
Beta_{   3}       0.14028346      0.16272399      0.16240333      0.30300745
Beta_{   4}       0.15697091      0.19087327      0.19004538      0.34784418
Beta_{   5}       0.20244312      0.26854439      0.26552721      0.47098751
Beta_{   6}       0.25745407      0.38648791      0.37582642      0.64394198
Beta_{   7}       0.34326197      0.53862814      0.51802753      0.88189010
Beta_{   8}       0.55575107      0.95892704      0.88213772      1.51467810
Beta_{   9}       0.76790633      1.35310769      1.22035205      2.12101338
Beta_{  10}       1.27844602      2.37046057      1.94985348      3.64881837
______________________________________________________________________________
 Cart. Moments X              Y              Z
 Cart. N      -16.5406824    -16.5406857     33.0813681
 Cart. P      -17.3985875    -17.3985854     34.7971729
 Cart. T      -33.9392699    -33.9392711     67.8785410
 (Q, gamma)    Q              Gamma
 (Q,g) N       33.0813681      0.0000034
 (Q,g) P       34.7971729     -0.0000020
 (Q,g) T       67.8785410      0.0000006
 (iq1, iq2)    iq1            iq2
 iq    N       33.0813670      0.0000023
 iq    P       34.7971736     -0.0000014
 iq    T       67.8785406      0.0000008
               X^2            Y^2            Z^2
 X^2_i N       22.1288570     22.1288559     38.6695405
 X^2_i P       22.6029304     22.6029311     40.0015172
 X^2_i T       44.7317874     44.7317869     78.6710576
----------------------------------------------------------------------------
----------------------- Box Size Check -------------------------
 Xmax = (nx+0.5)dx =  9.200 fm,  max(rho(X=Xmax)) =    3.265E-07
 Ymax = (ny+0.5)dx =  9.200 fm,  max(rho(Y=Ymax)) =    3.264E-07
 Zmax = (nz+0.5)dx =  9.200 fm,  max(rho(Z=Zmax)) =    8.635E-05
 Zmin =-(nz+0.5)dx = -9.200fm,  max(rho(Z=Zmin)) =    1.464E-05
---------------------Rotational properties--------------------
                Rigid rotor          (hbar^2/MeV)
              n              p              t 
 I_R X       1.4660447      1.5095945      2.9756392
 I_R Y       1.4660448      1.5095944      2.9756392
 I_R Z       1.0671957      1.0900586      2.1572543

                Belyaev                 (hbar^2/MeV) 
              n              p              t 
 I_B X       0.6101240      0.5857477      1.1958718
 I_B Y       0.6101241      0.5857478      1.1958719
 I_B Z       0.0000190      0.0000278      0.0000468

                Belyaev (collective)    (hbar^2/MeV) 
              n              p              t 
 I_B X       0.6101240      0.5857477      1.1958718
 I_B Y       0.6101241      0.5857478      1.1958719
 I_B Z       0.0000190      0.0000278      0.0000468

                 <J^2> - <J>^2          (hbar^2)
              n              p              t 
 J2_X        1.5695374      1.5747821      3.1443196
 J2_Y        1.5695375      1.5747825      3.1443200
 J2_Z        0.0001258      0.0001743      0.0003001
 J2_t        3.1392008      3.1497389      6.2889397

                 <J^2> - <J>^2 (coll.)  (hbar^2)
              n              p              t 
 J2_X        1.5695374      1.5747821      3.1443196
 J2_Y        1.5695375      1.5747825      3.1443200
 J2_Z        0.0001258      0.0001743      0.0003001
 J2_t        3.1392008      3.1497389      6.2889397
------------------------- Angular Momentum (hbar) --------------------------

               Spwfs(*)    Desired     Omega       E (MeV)      Densit. 
  __________________________________________________________________________
   J_x   |     0.00000     0.00000     0.00000     0.00000     0.00000
   J_y   |     0.00000     0.00000     0.00000     0.00000     0.00000
   J_z   |     0.00000     0.00000     0.00000     0.00000     0.00000
  __________________________________________________________________________
   Size  |     0.00000     0.00000     0.00000                 0.00000
  --------------------------------------------------------------------------
-------------------------- Pairing -------------------------
                          N         P 
 Fermi Level (MeV)    -12.03324875    -7.91111811
 Particles             10.00000000    10.00000000
 Dispersion             1.81739225     1.86945664
 Average gap   v^2      0.65345503     0.69856887
 Average gap   uv       1.49859343     1.55378145
------------------------------------------------------------
--------------------------------------------------------------------------------
 Skyrme Energy                Isospin  1 2 3 4                   Energy [MeV]
--------------------------------------------------------------------------------
E_D_I_I_D_I_I                          0 0                      -1295.223668
E_D_I_I_D_I_I                          1 1                          0.051467
E_D_I_I_D_I_I_D_I_I                    0 0 0                      735.717679
E_D_I_I_D_I_I_D_I_I                    0 1 1                       -0.026144
E_D_I_I_D_Nm_Nm                        0 0                         27.744155
E_D_I_I_D_Nm_Nm                        1 1                         -0.003030
E_D_I_I_Lap_D_I_I                      0 0                         58.133496
E_D_I_I_Lap_D_I_I                      1 1                          0.001406
E_C_I_NmSk_C_I_NmSk                    0 0                         -0.000000
E_C_I_NmSk_C_I_NmSk                    1 1                         -0.000000
E_D_I_I_D_I_I_D_Nm_Nm                  0 0 0                        0.000000
E_D_I_I_D_I_I_D_Nm_Nm                  0 1 1                       -0.000000
E_D_I_I_D_I_I_D_Nm_Nm                  0 0 0                        0.000000
E_D_I_I_D_I_I_D_Nm_Nm                  0 1 1                        0.000000
E_D_I_I_Derm_D_I_I_Derm_D_I_I          0 0 0                        0.000000
E_D_I_I_Derm_D_I_I_Derm_D_I_I          0 1 1                       -0.000000
E_D_I_I_Derm_D_I_I_Derm_D_I_I          0 0 0                       -0.000000
E_D_I_I_Derm_D_I_I_Derm_D_I_I          0 1 1                       -0.000000
E_D_I_I_Derm_D_I_I_D_I_I_Derm_D_I_I    0 0 0 0                      0.000000
E_D_I_I_Derm_D_I_I_D_I_I_Derm_D_I_I    0 0 1 1                     -0.000000
E_D_I_I_Derm_C_I_NxmSxm                0 0                        -10.760888
E_D_I_I_Derm_C_I_NxmSxm                1 1                         -0.000444
E_DP_I_I_DP_I_I                        n n                         -3.577165
E_DP_I_I_DP_I_I                        p p                         -3.832308
E_D_I_I_DP_I_I_DP_I_I                  0 n n                        1.502182
E_D_I_I_DP_I_I_DP_I_I                  0 p p                        1.586222
--------------------------------------------------------------------------------
                 Total Skyrme:                                   -488.687041
--------------------------------------------------------------------------------
                    time-even:                                   -488.687041
                    time-odd :                                      0.000000
                    bilinear :                                  -1227.466979
                    trilinear:                                      0.000000
                 quadrilinear:                                      0.000000
            density-dependent:                                    738.779938
--------------------------------------------------------------------------------
--------------------------------------------------------------------------------
                                     neutron        proton         total
                Kinetic Energy:     162.455461     159.132615     321.588076
                    COM 1-body:      -8.122773      -7.956631     -16.079404
                    COM 2-body:       3.212495       3.160776       6.373271
                            ph:       3.187866       3.131888       6.319754
                            pp:       0.024628       0.028888       0.053516
                 Collective T:                                     -2.446283

                 Rotational  T:                                    -2.446283
                 Rotational  X:                                    -1.222630
                 Rotational  Y:                                    -1.222630
                 Rotational  Z:                                    -0.001023

                 Vibrational T:                                     0.000000
                 Vibrational X:                                    -0.000000
                 Vibrational Y:                                    -0.000000
                 Vibrational Z:                                    -0.000000


                Coulomb Direct:       0.000000      23.427082      23.427082
                      Exchange:       0.000000       0.000000       0.000000

               Pairing (delta):      -2.074945      -2.246076      -4.321021
               Pairing (densi):                                    -4.321069
--------------------------------------------------------------------------------
                  Total energy:                                  -155.824298
                    from spwfs:                                  -155.824295
                   E_fu - E_sp:                                -0.377418E-05
                   (no corr.) :                                  -159.751287
                      Routhian:                                  -157.219929
                         dE   :                                -0.243572E-03
                         dR   :                                -0.246002E-03
--------------------------------------------------------------------------------
 Iteration =  181
 dt    =   0.0248      mu   =   0.8302 gradn =    0.000E+00 D2H  =    6.354E-08
 E     =   -155.824    DE   = -0.87170E-07
 R     =   -157.220    DR   = -0.10160E-06
 R-E   =     -1.396  D(R-E) = -0.15341E-07
 dmun  = -1.4E-06      dmup=  8.6E-06
 RQ10t =       0.0000   dQ = -5.4E-07  L =      -0.4219   dL = -2.8E-06  dev =  2.3E-05
 RQ20t =      21.4082   dQ = -1.2E-04  L =       0.0000   dL =  0.0E+00  dev =  0.0E+00
 RQ22t =       0.0000   dQ =  1.6E-08  L =       0.0000   dL =  0.0E+00  dev =  0.0E+00
 RQ30t =      49.9998   dQ =  3.7E-06  L =       0.0570   dL =  8.4E-08  dev =  1.8E-04
 Jz    =       0.0000   dJZ=  0.0E+00 Om =       0.0000   dO =  0.0E+00  dev =  0.0E+00
--------------------------------------------------------------------------------------
 Iteration =  182
 dt    =   0.0248      mu   =   0.8302 gradn =    0.000E+00 D2H  =    6.080E-08
 E     =   -155.824    DE   = -0.85053E-07
 R     =   -157.220    DR   = -0.99214E-07
 R-E   =     -1.396  D(R-E) = -0.15049E-07
 dmun  = -1.4E-06      dmup=  8.4E-06
 RQ10t =       0.0000   dQ = -5.2E-07  L =      -0.4219   dL = -2.7E-06  dev =  2.2E-05
 RQ20t =      21.4081   dQ = -1.2E-04  L =       0.0000   dL =  0.0E+00  dev =  0.0E+00
 RQ22t =       0.0000   dQ =  1.6E-08  L =       0.0000   dL =  0.0E+00  dev =  0.0E+00
 RQ30t =      49.9998   dQ =  3.7E-06  L =       0.0570   dL =  8.2E-08  dev =  1.7E-04
 Jz    =       0.0000   dJZ=  0.0E+00 Om =       0.0000   dO =  0.0E+00  dev =  0.0E+00
--------------------------------------------------------------------------------------
 Iteration =  183
 dt    =   0.0248      mu   =   0.8302 gradn =    0.000E+00 D2H  =    5.819E-08
 E     =   -155.824    DE   = -0.83013E-07
 R     =   -157.220    DR   = -0.96897E-07
 R-E   =     -1.396  D(R-E) = -0.14753E-07
 dmun  = -1.3E-06      dmup=  8.2E-06
 RQ10t =       0.0000   dQ = -5.1E-07  L =      -0.4219   dL = -2.7E-06  dev =  2.2E-05
 RQ20t =      21.4080   dQ = -1.2E-04  L =       0.0000   dL =  0.0E+00  dev =  0.0E+00
 RQ22t =       0.0000   dQ =  1.7E-08  L =       0.0000   dL =  0.0E+00  dev =  0.0E+00
 RQ30t =      49.9998   dQ =  3.6E-06  L =       0.0570   dL =  8.1E-08  dev =  1.7E-04
 Jz    =       0.0000   dJZ=  0.0E+00 Om =       0.0000   dO =  0.0E+00  dev =  0.0E+00
--------------------------------------------------------------------------------------
 Iteration =  184
 dt    =   0.0248      mu   =   0.8302 gradn =    0.000E+00 D2H  =    5.571E-08
 E     =   -155.824    DE   = -0.81011E-07
 R     =   -157.220    DR   = -0.94631E-07
 R-E   =     -1.396  D(R-E) = -0.14468E-07
 dmun  = -1.3E-06      dmup=  8.0E-06
 RQ10t =       0.0000   dQ = -5.1E-07  L =      -0.4219   dL = -2.6E-06  dev =  2.1E-05
 RQ20t =      21.4078   dQ = -1.1E-04  L =       0.0000   dL =  0.0E+00  dev =  0.0E+00
 RQ22t =       0.0000   dQ =  1.7E-08  L =       0.0000   dL =  0.0E+00  dev =  0.0E+00
 RQ30t =      49.9998   dQ =  3.5E-06  L =       0.0570   dL =  7.9E-08  dev =  1.7E-04
 Jz    =       0.0000   dJZ=  0.0E+00 Om =       0.0000   dO =  0.0E+00  dev =  0.0E+00
--------------------------------------------------------------------------------------
 Iteration =  185
 dt    =   0.0248      mu   =   0.8302 gradn =    0.000E+00 D2H  =    5.333E-08
 E     =   -155.824    DE   = -0.79045E-07
 R     =   -157.220    DR   = -0.92410E-07
 R-E   =     -1.396  D(R-E) = -0.14193E-07
 dmun  = -1.3E-06      dmup=  7.8E-06
 RQ10t =       0.0000   dQ = -5.0E-07  L =      -0.4219   dL = -2.5E-06  dev =  2.1E-05
 RQ20t =      21.4077   dQ = -1.1E-04  L =       0.0000   dL =  0.0E+00  dev =  0.0E+00
 RQ22t =       0.0000   dQ =  1.7E-08  L =       0.0000   dL =  0.0E+00  dev =  0.0E+00
 RQ30t =      49.9998   dQ =  3.4E-06  L =       0.0570   dL =  7.7E-08  dev =  1.6E-04
 Jz    =       0.0000   dJZ=  0.0E+00 Om =       0.0000   dO =  0.0E+00  dev =  0.0E+00
--------------------------------------------------------------------------------------
 Iteration =  186
 dt    =   0.0248      mu   =   0.8302 gradn =    0.000E+00 D2H  =    5.106E-08
 E     =   -155.824    DE   = -0.77120E-07
 R     =   -157.220    DR   = -0.90236E-07
 R-E   =     -1.396  D(R-E) = -0.13924E-07
 dmun  = -1.3E-06      dmup=  7.6E-06
 RQ10t =       0.0000   dQ = -4.9E-07  L =      -0.4219   dL = -2.5E-06  dev =  2.0E-05
 RQ20t =      21.4076   dQ = -1.1E-04  L =       0.0000   dL =  0.0E+00  dev =  0.0E+00
 RQ22t =       0.0000   dQ =  1.8E-08  L =       0.0000   dL =  0.0E+00  dev =  0.0E+00
 RQ30t =      49.9998   dQ =  3.4E-06  L =       0.0570   dL =  7.6E-08  dev =  1.6E-04
 Jz    =       0.0000   dJZ=  0.0E+00 Om =       0.0000   dO =  0.0E+00  dev =  0.0E+00
--------------------------------------------------------------------------------------
 Iteration =  187
 dt    =   0.0248      mu   =   0.8302 gradn =    0.000E+00 D2H  =    4.890E-08
 E     =   -155.824    DE   = -0.75239E-07
 R     =   -157.220    DR   = -0.88109E-07
 R-E   =     -1.396  D(R-E) = -0.13658E-07
 dmun  = -1.2E-06      dmup=  7.4E-06
 RQ10t =       0.0000   dQ = -4.8E-07  L =      -0.4219   dL = -2.4E-06  dev =  2.0E-05
 RQ20t =      21.4075   dQ = -1.1E-04  L =       0.0000   dL =  0.0E+00  dev =  0.0E+00
 RQ22t =       0.0000   dQ =  1.8E-08  L =       0.0000   dL =  0.0E+00  dev =  0.0E+00
 RQ30t =      49.9998   dQ =  3.4E-06  L =       0.0570   dL =  7.4E-08  dev =  1.6E-04
 Jz    =       0.0000   dJZ=  0.0E+00 Om =       0.0000   dO =  0.0E+00  dev =  0.0E+00
--------------------------------------------------------------------------------------
 Iteration =  188
 dt    =   0.0248      mu   =   0.8302 gradn =    0.000E+00 D2H  =    4.684E-08
 E     =   -155.824    DE   = -0.73405E-07
 R     =   -157.220    DR   = -0.86028E-07
 R-E   =     -1.396  D(R-E) = -0.13394E-07
 dmun  = -1.2E-06      dmup=  7.2E-06
 RQ10t =       0.0000   dQ = -4.7E-07  L =      -0.4219   dL = -2.4E-06  dev =  1.9E-05
 RQ20t =      21.4074   dQ = -1.0E-04  L =       0.0000   dL =  0.0E+00  dev =  0.0E+00
 RQ22t =       0.0000   dQ =  1.9E-08  L =       0.0000   dL =  0.0E+00  dev =  0.0E+00
 RQ30t =      49.9998   dQ =  3.3E-06  L =       0.0570   dL =  7.3E-08  dev =  1.5E-04
 Jz    =       0.0000   dJZ=  0.0E+00 Om =       0.0000   dO =  0.0E+00  dev =  0.0E+00
--------------------------------------------------------------------------------------
 Iteration =  189
 dt    =   0.0248      mu   =   0.8302 gradn =    0.000E+00 D2H  =    4.488E-08
 E     =   -155.824    DE   = -0.71706E-07
 R     =   -157.220    DR   = -0.84065E-07
 R-E   =     -1.396  D(R-E) = -0.13112E-07
 dmun  = -1.2E-06      dmup=  7.1E-06
 RQ10t =       0.0000   dQ = -4.7E-07  L =      -0.4219   dL = -2.3E-06  dev =  1.9E-05
 RQ20t =      21.4073   dQ = -1.0E-04  L =       0.0000   dL =  0.0E+00  dev =  0.0E+00
 RQ22t =       0.0000   dQ =  1.9E-08  L =       0.0000   dL =  0.0E+00  dev =  0.0E+00
 RQ30t =      49.9998   dQ =  3.0E-06  L =       0.0570   dL =  7.1E-08  dev =  1.5E-04
 Jz    =       0.0000   dJZ=  0.0E+00 Om =       0.0000   dO =  0.0E+00  dev =  0.0E+00
--------------------------------------------------------------------------------------
--------------------------------------------------------------------------------------
                              Iteration =   190

--------------------- Hartree-Fock basis-------------------------------------------------------------------
__________________________________________________________________________________________________________
   Neutron wavefunctions
  i     P   Rz   occ          E       d2h    Delta |   JxT    JyT    Jz      J   |   SxT    SyT    Sz
----------------------------------------------------------------------------------------------------------
  1  0.99  1.0  1.0000     -35.263  5.3E-10   0.00 |  -0.50   0.50   0.50   0.52 |  -0.50   0.50   0.50
  9 -0.99  1.0  1.0000     -24.221  2.1E-09   0.01 |  -0.87   0.87   0.50   1.46 |  -0.45   0.45   0.40
 10 -0.98  1.0  0.9999     -21.782  5.1E-10   0.14 |  -0.00   0.00  -1.50   1.53 |   0.00   0.00  -0.50
 11 -0.91  1.0  0.9809     -17.048  2.1E-09   1.43 |   0.31  -0.31   0.50   0.78 |  -0.06   0.06  -0.39
  2  0.88  1.0  0.7218     -12.891  4.5E-09   1.73 |  -1.15   1.15   0.50   2.22 |  -0.41   0.41   0.31
  3  0.97  1.0  0.2462     -11.075  2.0E-09   1.63 |  -0.00   0.00  -1.50   2.50 |  -0.00   0.00  -0.42
  4  0.95  1.0  0.0358      -8.816  5.1E-10   1.29 |   0.00  -0.00   2.50   2.54 |  -0.00   0.00   0.50
  5  0.80  1.0  0.0132      -7.154  4.5E-08   1.14 |  -0.61   0.61   0.50   1.65 |  -0.34   0.34   0.17
 12  0.03  1.0  0.0011      -4.723  2.9E-04   0.46 |  -0.37   0.37   0.50   2.24 |  -0.45   0.45   0.41
  6  0.59  1.0  0.0009      -3.720  2.9E-04   0.40 |   0.37  -0.37   0.50   2.05 |  -0.28   0.28   0.07
  7  0.68  1.0  0.0000      -2.251  2.4E-08   0.10 |   0.00  -0.00  -1.49   1.97 |   0.00  -0.00   0.35
 15 -0.76  1.0  0.0000      -0.909  3.0E-07   0.05 |  -1.09   1.09   0.50   3.00 |  -0.36   0.36   0.23
 13 -0.68  1.0  0.0000      -0.305  9.7E-07   0.01 |  -0.01   0.01  -1.49   2.64 |   0.00  -0.00  -0.42
 18 -0.30  1.0  0.0000       0.426  1.5E-05   0.01 |   0.00   0.00   0.47   1.78 |  -0.01   0.01  -0.47
 17 -0.05  1.0  0.0000       0.589  3.9E-04   0.01 |   0.04  -0.04  -1.46   2.79 |   0.00  -0.00  -0.42
 14 -0.16  1.0  0.0000       1.096  8.1E-04   0.01 |   0.45  -0.45   1.03   2.58 |   0.42  -0.42   0.49
 20 -0.21  1.0  0.0000       1.396  5.4E-04   0.01 |  -0.63   0.63   0.50   2.15 |  -0.46   0.46   0.42
  8  0.41  1.0  0.0000       1.510  5.5E-04   0.00 |  -0.18   0.19   0.51   2.46 |  -0.04   0.04  -0.42
 19 -0.63  1.0  0.0000       1.842  2.3E-02   0.00 |   0.03  -0.03   0.89   2.61 |   0.26  -0.26   0.43
 16 -0.74  1.0  0.0000       3.146  4.2E-03   0.00 |   0.01  -0.02  -3.09   3.62 |  -0.01   0.01  -0.47
__________________________________________________________________________________________________________
   Proton  wavefunctions
  i     P   Rz   occ          E       d2h    Delta |   JxT    JyT    Jz      J   |   SxT    SyT    Sz
----------------------------------------------------------------------------------------------------------
 21  0.99  1.0  1.0000     -30.742  4.5E-10   0.00 |  -0.50   0.50   0.50   0.52 |  -0.50   0.50   0.50
 29 -0.99  1.0  1.0000     -19.890  2.5E-09   0.02 |  -0.87   0.87   0.50   1.46 |  -0.45   0.45   0.40
 30 -0.98  1.0  0.9999     -17.425  4.9E-10   0.19 |  -0.00   0.00  -1.50   1.53 |   0.00   0.00  -0.50
 31 -0.91  1.0  0.9773     -12.780  3.5E-09   1.52 |   0.30  -0.30   0.50   0.79 |  -0.06   0.06  -0.39
 22  0.86  1.0  0.7157      -8.783  6.0E-09   1.81 |  -1.13   1.13   0.50   2.21 |  -0.41   0.41   0.32
 23  0.97  1.0  0.2492      -6.917  2.1E-09   1.71 |  -0.00   0.00  -1.50   2.50 |  -0.00   0.00  -0.42
 24  0.95  1.0  0.0392      -4.679  4.8E-10   1.36 |   0.00  -0.00   2.50   2.54 |   0.00  -0.00   0.50
 25  0.56  1.0  0.0136      -3.385  1.1E-08   1.03 |  -0.63   0.63   0.50   2.04 |  -0.35   0.35   0.20
 32 -0.02  1.0  0.0025      -2.075  4.1E-08   0.49 |  -0.57   0.57   0.50   2.41 |  -0.49   0.49   0.49
 26  0.82  1.0  0.0025      -0.186  4.6E-08   0.69 |   0.61  -0.61   0.50   1.67 |  -0.23   0.23  -0.03
 27  0.66  1.0  0.0001       1.358  2.6E-06   0.14 |   0.00  -0.00  -1.39   2.00 |   0.05  -0.05   0.34
 37 -0.25  1.0  0.0000       1.994  2.3E-04   0.04 |   0.08  -0.08  -1.47   2.25 |   0.00  -0.00  -0.48
 28  0.07  1.0  0.0000       2.236  1.7E-03   0.06 |   0.05  -0.05   0.47   1.89 |  -0.01   0.01  -0.47
 38 -0.59  1.0  0.0000       2.391  5.7E-03   0.05 |  -0.76   0.76   0.50   2.80 |  -0.27   0.27   0.04
 39 -0.62  1.0  0.0000       2.563  2.2E-03   0.02 |   0.42  -0.42   0.46   2.31 |   0.45  -0.45   0.45
 33  0.29  1.0  0.0000       2.808  2.0E-03   0.01 |   0.39  -0.39  -1.14   2.82 |   0.09  -0.10  -0.28
 34  0.67  1.0  0.0000       3.023  7.4E-04   0.02 |   0.02  -0.02   0.17   2.21 |   0.38  -0.38   0.34
 35 -0.04  1.0  0.0000       3.136  5.3E-03   0.02 |  -0.34   0.34   0.51   2.42 |  -0.10   0.11  -0.29
 40 -0.22  1.0  0.0000       3.688  1.3E-03   0.03 |  -0.67   0.67   0.50   2.25 |  -0.49   0.49   0.48
 36 -0.42  1.0  0.0000       5.751  3.6E-03   0.00 |  -0.02   0.01  -2.88   3.97 |  -0.00   0.00  -0.50
----------------------------------------------------------------------------------------------------------
--------------------- Canonical    basis-------------------------------------------------------------------
__________________________________________________________________________________________________________
   Neutron wavefunctions
  i     P   Rz   occ          E       d2h    Delta |   JxT    JyT    Jz      J   |   SxT    SyT    Sz
----------------------------------------------------------------------------------------------------------
 20  0.99  1.0  2.0000     -35.263  0.0E+00   0.00 |  -0.50   0.50   0.50   0.52 |  -0.50   0.50   0.50
 19 -0.99  1.0  2.0000     -24.220  0.0E+00   0.01 |  -0.87   0.87   0.50   1.46 |  -0.45   0.45   0.40
 18 -0.98  1.0  1.9999     -21.782  0.0E+00   0.14 |  -0.00   0.00  -1.50   1.53 |   0.00   0.00  -0.50
 17 -0.92  1.0  1.9618     -17.047  0.0E+00   1.43 |   0.31  -0.31   0.50   0.77 |  -0.06   0.06  -0.39
 16  0.89  1.0  1.4437     -12.891  0.0E+00   1.73 |  -1.16   1.16   0.50   2.22 |  -0.41   0.41   0.31
 15  0.97  1.0  0.4924     -11.074  0.0E+00   1.63 |  -0.00   0.00  -1.50   2.50 |  -0.00   0.00  -0.42
 14  0.95  1.0  0.0717      -8.816  0.0E+00   1.29 |   0.00  -0.00   2.50   2.54 |  -0.00   0.00   0.50
 13  0.82  1.0  0.0272      -7.057  0.0E+00   1.18 |  -0.42   0.42   0.50   1.66 |  -0.27   0.27   0.04
 12  0.70  1.0  0.0028      -4.511  0.0E+00   0.56 |   0.22  -0.22   0.50   1.46 |  -0.37   0.37   0.25
 11 -0.18  1.0  0.0005      -3.906  0.0E+00   0.26 |  -0.58   0.58   0.50   2.66 |  -0.41   0.41   0.33
 10  0.65  1.0  0.0001      -2.247  0.0E+00   0.10 |  -0.01   0.01  -1.50   2.01 |   0.00  -0.00   0.34
  9 -0.71  1.0  0.0000      -1.020  0.0E+00   0.01 |  -0.95   0.95   0.50   3.04 |  -0.38   0.38   0.27
  8 -0.65  1.0  0.0000      -0.158  0.0E+00   0.01 |   0.02  -0.02  -1.49   3.01 |   0.00  -0.00  -0.34
  5 -0.06  1.0  0.0000       0.454  0.0E+00   0.00 |   0.07   0.04  -1.46   2.34 |   0.04   0.04  -0.48
  4 -0.61  1.0  0.0000       0.630  0.0E+00   0.00 |  -0.48   0.36   0.45   1.97 |  -0.10   0.02  -0.37
  6 -0.29  1.0  0.0000       1.330  0.0E+00   0.00 |  -0.33   0.33   0.47   2.04 |  -0.42   0.42   0.34
  2  0.80  1.0  0.0000       1.406  0.0E+00   0.00 |  -0.04   0.06   0.48   2.42 |  -0.01   0.02  -0.47
  7  0.07  1.0  0.0000       1.426  0.0E+00   0.00 |   0.04  -0.05   1.63   2.89 |   0.23  -0.23   0.45
  1 -0.85  1.0  0.0000       1.495  0.0E+00   0.00 |   0.45  -0.45   0.31   2.29 |   0.46  -0.46   0.46
  3 -0.72  1.0  0.0000       3.101  0.0E+00   0.00 |   0.02  -0.03  -3.02   3.60 |  -0.03   0.03  -0.45
__________________________________________________________________________________________________________
   Proton  wavefunctions
  i     P   Rz   occ          E       d2h    Delta |   JxT    JyT    Jz      J   |   SxT    SyT    Sz
----------------------------------------------------------------------------------------------------------
 40  0.99  1.0  2.0000     -30.742  0.0E+00   0.00 |  -0.50   0.50   0.50   0.52 |  -0.50   0.50   0.50
 39 -0.99  1.0  2.0000     -19.890  0.0E+00   0.02 |  -0.87   0.87   0.50   1.47 |  -0.45   0.45   0.40
 38 -0.98  1.0  1.9998     -17.425  0.0E+00   0.19 |  -0.00   0.00  -1.50   1.53 |   0.00   0.00  -0.50
 37 -0.91  1.0  1.9546     -12.780  0.0E+00   1.52 |   0.31  -0.31   0.50   0.78 |  -0.06   0.06  -0.39
 36  0.88  1.0  1.4319      -8.781  0.0E+00   1.82 |  -1.14   1.14   0.50   2.22 |  -0.41   0.41   0.32
 35  0.97  1.0  0.4984      -6.917  0.0E+00   1.71 |  -0.00   0.00  -1.50   2.50 |  -0.00   0.00  -0.42
 34  0.95  1.0  0.0783      -4.679  0.0E+00   1.36 |   0.00  -0.00   2.50   2.54 |  -0.00   0.00   0.50
 33  0.83  1.0  0.0313      -3.082  0.0E+00   1.24 |  -0.37   0.37   0.50   1.67 |  -0.25   0.25   0.00
 31 -0.21  1.0  0.0017      -1.604  0.0E+00   0.37 |  -0.59   0.59   0.50   2.82 |  -0.45   0.45   0.40
 32  0.75  1.0  0.0039      -0.821  0.0E+00   0.63 |   0.26  -0.26   0.50   1.41 |  -0.37   0.37   0.24
 30  0.65  1.0  0.0001       1.419  0.0E+00   0.15 |  -0.00   0.00  -1.49   2.02 |   0.00  -0.00   0.35
 29 -0.74  1.0  0.0000       2.324  0.0E+00   0.04 |  -0.94   0.94   0.50   2.95 |  -0.37   0.37   0.24
 27 -0.59  1.0  0.0000       2.361  0.0E+00   0.00 |   0.04  -0.03   0.49   1.83 |  -0.01   0.01  -0.47
 28 -0.67  1.0  0.0000       2.363  0.0E+00   0.01 |   0.00  -0.00  -1.48   2.46 |   0.00  -0.01  -0.46
 26  0.81  1.0  0.0000       2.409  0.0E+00   0.00 |   0.22  -0.22  -1.44   2.66 |   0.02  -0.02  -0.46
 23  0.13  1.0  0.0000       2.617  0.0E+00   0.00 |   0.29  -0.29   0.58   2.28 |   0.47  -0.47   0.47
 21 -0.17  1.0  0.0000       2.938  0.0E+00   0.00 |   0.40  -0.39   0.47   2.20 |   0.49  -0.49   0.48
 24  0.72  1.0  0.0000       2.986  0.0E+00   0.00 |  -0.10   0.10   0.52   2.37 |  -0.02   0.02  -0.45
 25 -0.19  1.0  0.0000       3.647  0.0E+00   0.00 |  -0.61   0.61   0.50   2.22 |  -0.48   0.48   0.46
 22 -0.42  1.0  0.0000       5.740  0.0E+00   0.00 |  -0.02   0.01  -2.90   3.96 |  -0.00   0.00  -0.50
----------------------------------------------------------------------------------------------------------
---------------------------------Quasiparticles---------------------------------
Block 1:  P=+1  neutrons
  N      Eqp       f_n      |   U   V  |   B  P  ov_TR |    JxT    JyT    Jz
________________________________________________________________________________
  1    -23.23      0.00E+00 |    1   0 |   -  -  0.000 |    0.00   0.00   0.50
  2    -15.18      0.00E+00 |    0  16 |   -  -  0.000 |    0.00   0.00   3.09
  3    -13.88      0.00E+00 |    0  19 |   -  -  0.000 |    0.00   0.00  -0.89
  4    -13.54      0.00E+00 |    0   8 |   -  -  0.000 |    0.00   0.00  -0.51
  5    -13.43      0.00E+00 |    0  20 |   -  -  0.000 |    0.00   0.00  -0.50
  6    -13.13      0.00E+00 |    0  14 |   -  -  0.000 |    0.00   0.00  -1.03
  7    -12.62      0.00E+00 |    0  17 |   -  -  0.000 |    0.00   0.00   1.46
  8    -12.46      0.00E+00 |    0  18 |   -  -  0.000 |    0.00   0.00  -0.47
  9    -12.19      0.00E+00 |    9   0 |   -  -  0.000 |    0.00   0.00   0.50
 10    -11.73      0.00E+00 |    0  13 |   -  -  0.000 |    0.00   0.00   1.49
 11    -11.12      0.00E+00 |    0  15 |   -  -  0.000 |    0.00   0.00  -0.50
 12     -9.78      0.00E+00 |   10   7 |   -  -  0.000 |    0.00   0.00   1.40
 13     -9.75      0.00E+00 |   10   7 |   -  -  0.000 |    0.00   0.00  -1.40
 14     -8.33      0.00E+00 |    0   6 |   -  -  0.000 |    0.00   0.00  -0.50
 15     -7.33      0.00E+00 |    0  12 |   -  -  0.000 |    0.00   0.00  -0.50
 16     -5.22      0.00E+00 |   11  11 |   -  -  0.000 |    0.00   0.00   0.47
 17     -5.01      0.00E+00 |   11   5 |   -  -  0.000 |    0.00   0.00  -0.47
 18     -3.47      0.00E+00 |    4   4 |   -  -  0.000 |    0.00   0.00  -2.32
 19     -1.93      0.00E+00 |    2   2 |   -  -  0.000 |    0.00   0.00   0.22
 20     -1.89      0.00E+00 |    3   3 |   -  -  0.000 |    0.00   0.00   0.76
 21      1.89      1.00E+00 |    3   3 |   -  -  0.000 |    0.00   0.00  -0.76
 22      1.93      1.00E+00 |    2   2 |   -  -  0.000 |    0.00   0.00  -0.22
 23      3.47      1.00E+00 |    4   4 |   -  -  0.000 |    0.00   0.00   2.32
 24      5.01      1.00E+00 |    5  11 |   -  -  0.000 |    0.00   0.00   0.47
 25      5.22      1.00E+00 |   11  11 |   -  -  0.000 |    0.00   0.00  -0.47
 26      7.33      1.00E+00 |   12   0 |   -  -  0.000 |    0.00   0.00   0.50
 27      8.33      1.00E+00 |    6   0 |   -  -  0.000 |    0.00   0.00   0.50
 28      9.75      1.00E+00 |    7  10 |   -  -  0.000 |    0.00   0.00   1.40
 29      9.78      1.00E+00 |    7  10 |   -  -  0.000 |    0.00   0.00  -1.40
 30     11.12      1.00E+00 |   15   0 |   -  -  0.000 |    0.00   0.00   0.50
 31     11.73      1.00E+00 |   13   0 |   -  -  0.000 |    0.00   0.00  -1.49
 32     12.19      1.00E+00 |    0   9 |   -  -  0.000 |    0.00   0.00  -0.50
 33     12.46      1.00E+00 |   18   0 |   -  -  0.000 |    0.00   0.00   0.47
 34     12.62      1.00E+00 |   17   0 |   -  -  0.000 |    0.00   0.00  -1.46
 35     13.13      1.00E+00 |   14   0 |   -  -  0.000 |    0.00   0.00   1.03
 36     13.43      1.00E+00 |   20   0 |   -  -  0.000 |    0.00   0.00   0.50
 37     13.54      1.00E+00 |    8   0 |   -  -  0.000 |    0.00   0.00   0.51
 38     13.88      1.00E+00 |   19   0 |   -  -  0.000 |    0.00   0.00   0.89
 39     15.18      1.00E+00 |   16   0 |   -  -  0.000 |    0.00   0.00  -3.09
 40     23.23      1.00E+00 |    0   1 |   -  -  0.000 |    0.00   0.00  -0.50

Block 5:  P=+1   protons
  N      Eqp       f_n      |   U   V  |   B  P  ov_TR |    JxT    JyT    Jz
________________________________________________________________________________
  1    -22.83      0.00E+00 |   21   0 |   -  -  0.000 |    0.00   0.00   0.50
  2    -13.66      0.00E+00 |    0  36 |   -  -  0.000 |    0.00   0.00   2.88
  3    -11.98      0.00E+00 |   29   0 |   -  -  0.000 |    0.00   0.00   0.50
  4    -11.60      0.00E+00 |    0  40 |   -  -  0.000 |    0.00   0.00  -0.50
  5    -11.05      0.00E+00 |    0  35 |   -  -  0.000 |    0.00   0.00  -0.51
  6    -10.93      0.00E+00 |    0  34 |   -  -  0.000 |    0.00   0.00  -0.17
  7    -10.72      0.00E+00 |    0  33 |   -  -  0.000 |    0.00   0.00   1.14
  8    -10.47      0.00E+00 |    0  39 |   -  -  0.000 |    0.00   0.00  -0.46
  9    -10.30      0.00E+00 |    0  38 |   -  -  0.000 |    0.00   0.00  -0.50
 10    -10.15      0.00E+00 |    0  28 |   -  -  0.000 |    0.00   0.00  -0.47
 11     -9.91      0.00E+00 |    0  37 |   -  -  0.000 |    0.00   0.00   1.47
 12     -9.52      0.00E+00 |   30   0 |   -  -  0.000 |    0.00   0.00  -1.50
 13     -9.27      0.00E+00 |    0  27 |   -  -  0.000 |    0.00   0.00   1.38
 14     -7.77      0.00E+00 |    0  26 |   -  -  0.000 |    0.00   0.00  -0.50
 15     -5.87      0.00E+00 |    0  32 |   -  -  0.000 |    0.00   0.00  -0.49
 16     -5.10      0.00E+00 |   31  31 |   -  -  0.000 |    0.00   0.00   0.47
 17     -4.66      0.00E+00 |   25  25 |   -  -  0.000 |    0.00   0.00  -0.48
 18     -3.51      0.00E+00 |   24  24 |   -  -  0.000 |    0.00   0.00  -2.30
 19     -2.00      0.00E+00 |   22  22 |   -  -  0.000 |    0.00   0.00   0.21
 20     -1.98      0.00E+00 |   23  23 |   -  -  0.000 |    0.00   0.00   0.75
 21      1.98      1.00E+00 |   23  23 |   -  -  0.000 |    0.00   0.00  -0.75
 22      2.00      1.00E+00 |   22  22 |   -  -  0.000 |    0.00   0.00  -0.21
 23      3.51      1.00E+00 |   24  24 |   -  -  0.000 |    0.00   0.00   2.30
 24      4.66      1.00E+00 |   25  25 |   -  -  0.000 |    0.00   0.00   0.48
 25      5.10      1.00E+00 |   31  31 |   -  -  0.000 |    0.00   0.00  -0.47
 26      5.87      1.00E+00 |   32   0 |   -  -  0.000 |    0.00   0.00   0.49
 27      7.77      1.00E+00 |   26   0 |   -  -  0.000 |    0.00   0.00   0.50
 28      9.27      1.00E+00 |   27   0 |   -  -  0.000 |    0.00   0.00  -1.38
 29      9.52      1.00E+00 |    0  30 |   -  -  0.000 |    0.00   0.00   1.50
 30      9.91      1.00E+00 |   37   0 |   -  -  0.000 |    0.00   0.00  -1.47
 31     10.15      1.00E+00 |   28   0 |   -  -  0.000 |    0.00   0.00   0.47
 32     10.30      1.00E+00 |   38   0 |   -  -  0.000 |    0.00   0.00   0.50
 33     10.47      1.00E+00 |   39   0 |   -  -  0.000 |    0.00   0.00   0.46
 34     10.72      1.00E+00 |   33   0 |   -  -  0.000 |    0.00   0.00  -1.14
 35     10.93      1.00E+00 |   34   0 |   -  -  0.000 |    0.00   0.00   0.17
 36     11.05      1.00E+00 |   35   0 |   -  -  0.000 |    0.00   0.00   0.51
 37     11.60      1.00E+00 |   40   0 |   -  -  0.000 |    0.00   0.00   0.50
 38     11.98      1.00E+00 |    0  29 |   -  -  0.000 |    0.00   0.00  -0.50
 39     13.66      1.00E+00 |   36   0 |   -  -  0.000 |    0.00   0.00  -2.88
 40     22.83      1.00E+00 |    0  21 |   -  -  0.000 |    0.00   0.00  -0.50

--------------------------------------------------------------------------------
------------------------ Electric Multipole Moments -------------------------
Quantisation Axis             : Z
  With secondary axis ordering: X,Y
  Calculated wrt to COM = (   0.000   0.000   0.000)
______________________________________________________________________________
                   Neutrons        Protons          Charge         Total
______________________________________________________________________________
 Particles           10.0000         10.0000          9.9999         20.0000

Re  Q_{ 1 0}         -0.0234          0.0234          0.0230          0.0000
Constrained                                                           0.0000
Re De_{ 1 0}                                                   0.1826571E-04
Re La_{ 1 0}                                                         -0.4219

Re  Q_{ 2 0}         10.4331         10.9741         10.9670         21.4072
Re  Q_{ 2 2}          0.0000         -0.0000         -0.0000          0.0000

Re  Q_{ 3 0}         23.1493         26.8506         26.7977         49.9999
Constrained                                                          50.0000
Re De_{ 3 0}                                                   0.1471278E-03
Re La_{ 3 0}                                                          0.0570
Re  Q_{ 3 2}         -0.0000          0.0000          0.0000         -0.0000

Re  Q_{ 4 0}         84.3693        102.5801        102.1351        186.9494
Re  Q_{ 4 2}         -0.0000         -0.0000         -0.0000         -0.0001
Re  Q_{ 4 4}          0.0191          0.0234          0.2401          0.0425

Re  Q_{ 5 0}        354.4561        470.1056        464.8260        824.5617
Re  Q_{ 5 2}          0.0002          0.0003          0.0003          0.0005
Re  Q_{ 5 4}         -0.1120         -0.1967         -0.1432         -0.3086

Re  Q_{ 6 0}       1468.4084       2203.6409       2142.8741       3672.0493
Re  Q_{ 6 2}         -0.0016          0.0015          0.0014         -0.0002
Re  Q_{ 6 4}          0.9281          1.5367          4.9556          2.4649
Re  Q_{ 6 6}          0.0002         -0.0004         -0.0003         -0.0002

Re  Q_{ 7 0}       6377.3583      10003.3209       9620.8841      16380.6792
Re  Q_{ 7 2}         -0.0038         -0.0037         -0.0033         -0.0075
Re  Q_{ 7 4}         -1.8203         -5.3452          4.6850         -7.1655
Re  Q_{ 7 6}         -0.0016          0.0075          0.0067          0.0059

Re  Q_{ 8 0}      33634.2501      58006.4368      53362.8293      91640.6869
Re  Q_{ 8 2}          0.0837          0.2107          0.2004          0.2944
Re  Q_{ 8 4}         -0.1392         -4.5024        117.2759         -4.6416
Re  Q_{ 8 6}          0.0437          0.0225          0.0237          0.0662
Re  Q_{ 8 8}        -22.8329        -29.1033        -33.5149        -51.9362

Re  Q_{ 9 0}     151384.1020     266606.5394     240449.0676     417990.6414
Re  Q_{ 9 2}         -0.3317         -0.0605         -0.1061         -0.3923
Re  Q_{ 9 4}        473.5469        819.5771       1509.4364       1293.1240
Re  Q_{ 9 6}         -0.1342         -0.2985         -0.2563         -0.4327
Re  Q_{ 9 8}        163.3919        -22.0955         88.6000        141.2963

Re  Q_{10 0}     820940.6650    1521159.1732    1251280.0434    2342099.8382
Re  Q_{10 2}          0.2529          0.1630         -0.2676          0.4159
Re  Q_{10 4}        673.3630      11451.0706      12859.1364      12124.4335
Re  Q_{10 6}          0.6681          2.9665          2.7234          3.6347
Re  Q_{10 8}      -1471.3564       9322.5754       6514.6123       7851.2190
Re  Q_{1010}         -0.5036          1.6569          1.5642          1.1533

 RMS radius           2.8797          2.9190          2.9844          2.8994
 Fourth mom.          3.2212          3.2854          3.3629          3.2538
______________________________________________________________________________
                   Neutrons        Protons          Charge         Total
______________________________________________________________________________


Beta_{ 2 0}       0.20594739      0.21662682      0.21648733      0.42257421
Beta_{ 2 2}       0.00000001     -0.00000001     -0.00000001      0.00000001

Beta_{ 3 0}       0.14028869      0.16271897      0.16239847      0.30300766
Beta_{ 3 2}      -0.00000006      0.00000003      0.00000003     -0.00000003

Beta_{ 4 0}       0.15696812      0.19084915      0.19002117      0.34781726
Beta_{ 4 2}      -0.00000005     -0.00000008     -0.00000008     -0.00000013
Beta_{ 4 4}       0.00003560      0.00004345      0.00044672      0.00007905

Beta_{ 5 0}       0.20245640      0.26851248      0.26549691      0.47096888
Beta_{ 5 2}       0.00000009      0.00000017      0.00000016      0.00000026
Beta_{ 5 4}      -0.00006395     -0.00011233     -0.00008180     -0.00017628

Beta_{ 6 0}       0.25748860      0.38641321      0.37575762      0.64390182
Beta_{ 6 2}      -0.00000029      0.00000026      0.00000025     -0.00000003
Beta_{ 6 4}       0.00016275      0.00026947      0.00086897      0.00043222
Beta_{ 6 6}       0.00000004     -0.00000007     -0.00000006     -0.00000003

Beta_{ 7 0}       0.34331601      0.53851454      0.51792660      0.88183055
Beta_{ 7 2}      -0.00000020     -0.00000020     -0.00000018     -0.00000041
Beta_{ 7 4}      -0.00009799     -0.00028775      0.00025221     -0.00038574
Beta_{ 7 6}      -0.00000008      0.00000040      0.00000036      0.00000032

Beta_{ 8 0}       0.55587491      0.95867524      0.88193011      1.51455015
Beta_{ 8 2}       0.00000138      0.00000348      0.00000331      0.00000487
Beta_{ 8 4}      -0.00000230     -0.00007441      0.00193822     -0.00007671
Beta_{ 8 6}       0.00000072      0.00000037      0.00000039      0.00000109
Beta_{ 8 8}      -0.00037736     -0.00048099     -0.00055390     -0.00085835

Beta_{ 9 0}       0.76809985      1.35272093      1.22000191      2.12082078
Beta_{ 9 2}      -0.00000168     -0.00000031     -0.00000054     -0.00000199
Beta_{ 9 4}       0.00240270      0.00415841      0.00765865      0.00656111
Beta_{ 9 6}      -0.00000068     -0.00000151     -0.00000130     -0.00000220
Beta_{ 9 8}       0.00082903     -0.00011211      0.00044954      0.00071692

Beta_{10 0}       1.27876656      2.36948608      1.94909954      3.64825264
Beta_{10 2}       0.00000039      0.00000025     -0.00000042      0.00000065
Beta_{10 4}       0.00104889      0.01783716      0.02003048      0.01888604
Beta_{10 6}       0.00000104      0.00000462      0.00000424      0.00000566
Beta_{10 8}      -0.00229191      0.01452163      0.01014771      0.01222972
Beta_{1010}      -0.00000078      0.00000258      0.00000244      0.00000180


______________________________________________________________________________
                   Neutrons        Protons          Charge         Total
______________________________________________________________________________
Q_{ 1}                0.0234          0.0234          0.0230          0.0000
Q_{ 2}               10.4331         10.9741         10.9670         21.4072
Q_{ 3}               23.1493         26.8506         26.7977         49.9999
Q_{ 4}               84.3693        102.5801        102.1357        186.9494
Q_{ 5}              354.4561        470.1057        464.8261        824.5618
Q_{ 6}             1468.4090       2203.6420       2142.8855       3672.0510
Q_{ 7}             6377.3588      10003.3238       9620.8864      16380.6824
Q_{ 8}            33634.2656      58006.4517      53363.1081      91640.7165
Q_{ 9}           151385.7596     266609.0607     240458.5757     417994.6896
Q_{10}           820943.8544    1521302.5028    1251446.1003    2342188.9204
______________________________________________________________________________
                   Neutrons        Protons          Charge         Total
______________________________________________________________________________
Beta_{   1}       0.00150171      0.00150288      0.00147919      0.00000117
Beta_{   2}       0.20594739      0.21662682      0.21648733      0.42257421
Beta_{   3}       0.14028869      0.16271897      0.16239847      0.30300766
Beta_{   4}       0.15696813      0.19084915      0.19002222      0.34781728
Beta_{   5}       0.20245642      0.26851252      0.26549694      0.47096894
Beta_{   6}       0.25748870      0.38641340      0.37575963      0.64390211
Beta_{   7}       0.34331604      0.53851470      0.51792673      0.88183072
Beta_{   8}       0.55587517      0.95867549      0.88193472      1.51455064
Beta_{   9}       0.76810826      1.35273372      1.22005015      2.12084132
Beta_{  10}       1.27877152      2.36970934      1.94935820      3.64839140
______________________________________________________________________________
 Cart. Moments X              Y              Z
 Cart. N      -16.5399190    -16.5399237     33.0798427
 Cart. P      -17.3976019    -17.3975998     34.7952016
 Cart. T      -33.9375208    -33.9375235     67.8750443
 (Q, gamma)    Q              Gamma
 (Q,g) N       33.0798427      0.0000048
 (Q,g) P       34.7952016     -0.0000020
 (Q,g) T       67.8750443      0.0000013
 (iq1, iq2)    iq1            iq2
 iq    N       33.0798411      0.0000032
 iq    P       34.7952023     -0.0000014
 iq    T       67.8750435      0.0000018
               X^2            Y^2            Z^2
 X^2_i N       22.1291022     22.1291006     38.6690228
 X^2_i P       22.6031142     22.6031149     40.0007153
 X^2_i T       44.7322164     44.7322155     78.6697381
----------------------------------------------------------------------------
----------------------- Box Size Check -------------------------
 Xmax = (nx+0.5)dx =  9.200 fm,  max(rho(X=Xmax)) =    3.265E-07
 Ymax = (ny+0.5)dx =  9.200 fm,  max(rho(Y=Ymax)) =    3.264E-07
 Zmax = (nz+0.5)dx =  9.200 fm,  max(rho(Z=Zmax)) =    8.633E-05
 Zmin =-(nz+0.5)dx = -9.200fm,  max(rho(Z=Zmin)) =    1.464E-05
---------------------Rotational properties--------------------
                Rigid rotor          (hbar^2/MeV)
              n              p              t 
 I_R X       1.4660382      1.5095796      2.9756177
 I_R Y       1.4660382      1.5095795      2.9756177
 I_R Z       1.0672075      1.0900675      2.1572750

                Belyaev                 (hbar^2/MeV) 
              n              p              t 
 I_B X       0.6100238      0.5856890      1.1957128
 I_B Y       0.6100238      0.5856891      1.1957129
 I_B Z       0.0000190      0.0000278      0.0000469

                Belyaev (collective)    (hbar^2/MeV) 
              n              p              t 
 I_B X       0.6100238      0.5856890      1.1957128
 I_B Y       0.6100238      0.5856891      1.1957129
 I_B Z       0.0000190      0.0000278      0.0000469

                 <J^2> - <J>^2          (hbar^2)
              n              p              t 
 J2_X        1.5695633      1.5746472      3.1442105
 J2_Y        1.5695634      1.5746475      3.1442109
 J2_Z        0.0001261      0.0001746      0.0003007
 J2_t        3.1392527      3.1494693      6.2887220

                 <J^2> - <J>^2 (coll.)  (hbar^2)
              n              p              t 
 J2_X        1.5695633      1.5746472      3.1442105
 J2_Y        1.5695634      1.5746475      3.1442109
 J2_Z        0.0001261      0.0001746      0.0003007
 J2_t        3.1392527      3.1494693      6.2887220
------------------------- Angular Momentum (hbar) --------------------------

               Spwfs(*)    Desired     Omega       E (MeV)      Densit. 
  __________________________________________________________________________
   J_x   |     0.00000     0.00000     0.00000     0.00000     0.00000
   J_y   |     0.00000     0.00000     0.00000     0.00000     0.00000
   J_z   |     0.00000     0.00000     0.00000     0.00000     0.00000
  __________________________________________________________________________
   Size  |     0.00000     0.00000     0.00000                 0.00000
  --------------------------------------------------------------------------
-------------------------- Pairing -------------------------
                          N         P 
 Fermi Level (MeV)    -12.03326129    -7.91104103
 Particles             10.00000000    10.00000000
 Dispersion             1.81761759     1.86955688
 Average gap   v^2      0.65353882     0.69858832
 Average gap   uv       1.49879611     1.55381808
------------------------------------------------------------
--------------------------------------------------------------------------------
 Skyrme Energy                Isospin  1 2 3 4                   Energy [MeV]
--------------------------------------------------------------------------------
E_D_I_I_D_I_I                          0 0                      -1295.222825
E_D_I_I_D_I_I                          1 1                          0.051461
E_D_I_I_D_I_I_D_I_I                    0 0 0                      735.717093
E_D_I_I_D_I_I_D_I_I                    0 1 1                       -0.026141
E_D_I_I_D_Nm_Nm                        0 0                         27.744212
E_D_I_I_D_Nm_Nm                        1 1                         -0.003030
E_D_I_I_Lap_D_I_I                      0 0                         58.133291
E_D_I_I_Lap_D_I_I                      1 1                          0.001405
E_C_I_NmSk_C_I_NmSk                    0 0                         -0.000000
E_C_I_NmSk_C_I_NmSk                    1 1                         -0.000000
E_D_I_I_D_I_I_D_Nm_Nm                  0 0 0                        0.000000
E_D_I_I_D_I_I_D_Nm_Nm                  0 1 1                       -0.000000
E_D_I_I_D_I_I_D_Nm_Nm                  0 0 0                        0.000000
E_D_I_I_D_I_I_D_Nm_Nm                  0 1 1                        0.000000
E_D_I_I_Derm_D_I_I_Derm_D_I_I          0 0 0                        0.000000
E_D_I_I_Derm_D_I_I_Derm_D_I_I          0 1 1                       -0.000000
E_D_I_I_Derm_D_I_I_Derm_D_I_I          0 0 0                       -0.000000
E_D_I_I_Derm_D_I_I_Derm_D_I_I          0 1 1                       -0.000000
E_D_I_I_Derm_D_I_I_D_I_I_Derm_D_I_I    0 0 0 0                      0.000000
E_D_I_I_Derm_D_I_I_D_I_I_Derm_D_I_I    0 0 1 1                     -0.000000
E_D_I_I_Derm_C_I_NxmSxm                0 0                        -10.761055
E_D_I_I_Derm_C_I_NxmSxm                1 1                         -0.000444
E_DP_I_I_DP_I_I                        n n                         -3.578072
E_DP_I_I_DP_I_I                        p p                         -3.832566
E_D_I_I_DP_I_I_DP_I_I                  0 n n                        1.502541
E_D_I_I_DP_I_I_DP_I_I                  0 p p                        1.586323
--------------------------------------------------------------------------------
                 Total Skyrme:                                   -488.687807
--------------------------------------------------------------------------------
                    time-even:                                   -488.687807
                    time-odd :                                      0.000000
                    bilinear :                                  -1227.467623
                    trilinear:                                      0.000000
                 quadrilinear:                                      0.000000
            density-dependent:                                    738.779816
--------------------------------------------------------------------------------
--------------------------------------------------------------------------------
                                     neutron        proton         total
                Kinetic Energy:     162.455745     159.132985     321.588730
                    COM 1-body:      -8.122787      -7.956649     -16.079437
                    COM 2-body:       3.212514       3.160816       6.373331
                            ph:       3.187882       3.131901       6.319783
                            pp:       0.024633       0.028915       0.053548
                 Collective T:                                     -2.446525

                 Rotational  T:                                    -2.446525
                 Rotational  X:                                    -1.222750
                 Rotational  Y:                                    -1.222750
                 Rotational  Z:                                    -0.001025

                 Vibrational T:                                     0.000000
                 Vibrational X:                                    -0.000000
                 Vibrational Y:                                    -0.000000
                 Vibrational Z:                                    -0.000000


                Coulomb Direct:       0.000000      23.427105      23.427105
                      Exchange:       0.000000       0.000000       0.000000

               Pairing (delta):      -2.075500      -2.246235      -4.321735
               Pairing (densi):                                    -4.321773
--------------------------------------------------------------------------------
                  Total energy:                                  -155.824602
                    from spwfs:                                  -155.824599
                   E_fu - E_sp:                                -0.393596E-05
                   (no corr.) :                                  -159.751409
                      Routhian:                                  -157.220255
                         dE   :                                -0.192961E-03
                         dR   :                                -0.194967E-03
--------------------------------------------------------------------------------
 Iteration =  191
 dt    =   0.0248      mu   =   0.8302 gradn =    0.000E+00 D2H  =    4.121E-08
 E     =   -155.825    DE   = -0.68144E-07
 R     =   -157.220    DR   = -0.80077E-07
 R-E   =     -1.396  D(R-E) = -0.12650E-07
 dmun  = -1.1E-06      dmup=  6.7E-06
 RQ10t =       0.0000   dQ = -4.3E-07  L =      -0.4219   dL = -2.2E-06  dev =  1.8E-05
 RQ20t =      21.4071   dQ = -9.7E-05  L =       0.0000   dL =  0.0E+00  dev =  0.0E+00
 RQ22t =       0.0000   dQ =  2.0E-08  L =       0.0000   dL =  0.0E+00  dev =  0.0E+00
 RQ30t =      49.9999   dQ =  3.4E-06  L =       0.0570   dL =  6.8E-08  dev =  1.4E-04
 Jz    =       0.0000   dJZ=  0.0E+00 Om =       0.0000   dO =  0.0E+00  dev =  0.0E+00
--------------------------------------------------------------------------------------
 Iteration =  192
 dt    =   0.0248      mu   =   0.8302 gradn =    0.000E+00 D2H  =    3.951E-08
 E     =   -155.825    DE   = -0.66457E-07
 R     =   -157.220    DR   = -0.78135E-07
 R-E   =     -1.396  D(R-E) = -0.12378E-07
 dmun  = -1.1E-06      dmup=  6.5E-06
 RQ10t =       0.0000   dQ = -4.2E-07  L =      -0.4219   dL = -2.1E-06  dev =  1.7E-05
 RQ20t =      21.4070   dQ = -9.4E-05  L =       0.0000   dL =  0.0E+00  dev =  0.0E+00
 RQ22t =       0.0000   dQ =  2.0E-08  L =       0.0000   dL =  0.0E+00  dev =  0.0E+00
 RQ30t =      49.9999   dQ =  3.4E-06  L =       0.0570   dL =  6.7E-08  dev =  1.4E-04
 Jz    =       0.0000   dJZ=  0.0E+00 Om =       0.0000   dO =  0.0E+00  dev =  0.0E+00
--------------------------------------------------------------------------------------
 Iteration =  193
 dt    =   0.0248      mu   =   0.8302 gradn =    0.000E+00 D2H  =    3.788E-08
 E     =   -155.825    DE   = -0.64849E-07
 R     =   -157.220    DR   = -0.76257E-07
 R-E   =     -1.396  D(R-E) = -0.12091E-07
 dmun  = -1.1E-06      dmup=  6.3E-06
 RQ10t =       0.0000   dQ = -4.1E-07  L =      -0.4219   dL = -2.1E-06  dev =  1.7E-05
 RQ20t =      21.4069   dQ = -9.2E-05  L =       0.0000   dL =  0.0E+00  dev =  0.0E+00
 RQ22t =       0.0000   dQ =  2.0E-08  L =       0.0000   dL =  0.0E+00  dev =  0.0E+00
 RQ30t =      49.9999   dQ =  3.3E-06  L =       0.0570   dL =  6.5E-08  dev =  1.4E-04
 Jz    =       0.0000   dJZ=  0.0E+00 Om =       0.0000   dO =  0.0E+00  dev =  0.0E+00
--------------------------------------------------------------------------------------
 Iteration =  194
 dt    =   0.0248      mu   =   0.8302 gradn =    0.000E+00 D2H  =    3.632E-08
 E     =   -155.825    DE   = -0.63298E-07
 R     =   -157.220    DR   = -0.74449E-07
 R-E   =     -1.396  D(R-E) = -0.11817E-07
 dmun  = -1.0E-06      dmup=  6.2E-06
 RQ10t =       0.0000   dQ = -4.0E-07  L =      -0.4219   dL = -2.0E-06  dev =  1.7E-05
 RQ20t =      21.4068   dQ = -9.0E-05  L =       0.0000   dL =  0.0E+00  dev =  0.0E+00
 RQ22t =       0.0000   dQ =  2.1E-08  L =       0.0000   dL =  0.0E+00  dev =  0.0E+00
 RQ30t =      49.9999   dQ =  3.0E-06  L =       0.0570   dL =  6.4E-08  dev =  1.3E-04
 Jz    =       0.0000   dJZ=  0.0E+00 Om =       0.0000   dO =  0.0E+00  dev =  0.0E+00
--------------------------------------------------------------------------------------
 Iteration =  195
 dt    =   0.0248      mu   =   0.8302 gradn =    0.000E+00 D2H  =    3.484E-08
 E     =   -155.825    DE   = -0.61739E-07
 R     =   -157.220    DR   = -0.72662E-07
 R-E   =     -1.396  D(R-E) = -0.11574E-07
 dmun  = -1.0E-06      dmup=  6.0E-06
 RQ10t =       0.0000   dQ = -4.0E-07  L =      -0.4219   dL = -2.0E-06  dev =  1.6E-05
 RQ20t =      21.4068   dQ = -8.8E-05  L =       0.0000   dL =  0.0E+00  dev =  0.0E+00
 RQ22t =       0.0000   dQ =  2.1E-08  L =       0.0000   dL =  0.0E+00  dev =  0.0E+00
 RQ30t =      49.9999   dQ =  3.0E-06  L =       0.0570   dL =  6.2E-08  dev =  1.3E-04
 Jz    =       0.0000   dJZ=  0.0E+00 Om =       0.0000   dO =  0.0E+00  dev =  0.0E+00
--------------------------------------------------------------------------------------
 Iteration =  196
 dt    =   0.0248      mu   =   0.8302 gradn =    0.000E+00 D2H  =    3.342E-08
 E     =   -155.825    DE   = -0.60217E-07
 R     =   -157.220    DR   = -0.70918E-07
 R-E   =     -1.396  D(R-E) = -0.11335E-07
 dmun  = -1.0E-06      dmup=  5.9E-06
 RQ10t =       0.0000   dQ = -3.9E-07  L =      -0.4219   dL = -1.9E-06  dev =  1.6E-05
 RQ20t =      21.4067   dQ = -8.5E-05  L =       0.0000   dL =  0.0E+00  dev =  0.0E+00
 RQ22t =       0.0000   dQ =  2.2E-08  L =       0.0000   dL =  0.0E+00  dev =  0.0E+00
 RQ30t =      49.9999   dQ =  2.9E-06  L =       0.0570   dL =  6.1E-08  dev =  1.3E-04
 Jz    =       0.0000   dJZ=  0.0E+00 Om =       0.0000   dO =  0.0E+00  dev =  0.0E+00
--------------------------------------------------------------------------------------
 Iteration =  197
 dt    =   0.0248      mu   =   0.8302 gradn =    0.000E+00 D2H  =    3.207E-08
 E     =   -155.825    DE   = -0.58730E-07
 R     =   -157.220    DR   = -0.69211E-07
 R-E   =     -1.396  D(R-E) = -0.11102E-07
 dmun  = -9.7E-07      dmup=  5.7E-06
 RQ10t =       0.0000   dQ = -3.8E-07  L =      -0.4219   dL = -1.9E-06  dev =  1.5E-05
 RQ20t =      21.4066   dQ = -8.3E-05  L =       0.0000   dL =  0.0E+00  dev =  0.0E+00
 RQ22t =       0.0000   dQ =  2.2E-08  L =       0.0000   dL =  0.0E+00  dev =  0.0E+00
 RQ30t =      49.9999   dQ =  2.9E-06  L =       0.0570   dL =  5.9E-08  dev =  1.3E-04
 Jz    =       0.0000   dJZ=  0.0E+00 Om =       0.0000   dO =  0.0E+00  dev =  0.0E+00
--------------------------------------------------------------------------------------
 Iteration =  198
 dt    =   0.0248      mu   =   0.8302 gradn =    0.000E+00 D2H  =    3.078E-08
 E     =   -155.825    DE   = -0.57276E-07
 R     =   -157.220    DR   = -0.67542E-07
 R-E   =     -1.396  D(R-E) = -0.10870E-07
 dmun  = -9.5E-07      dmup=  5.6E-06
 RQ10t =       0.0000   dQ = -3.7E-07  L =      -0.4219   dL = -1.9E-06  dev =  1.5E-05
 RQ20t =      21.4065   dQ = -8.1E-05  L =       0.0000   dL =  0.0E+00  dev =  0.0E+00
 RQ22t =       0.0000   dQ =  2.2E-08  L =       0.0000   dL =  0.0E+00  dev =  0.0E+00
 RQ30t =      49.9999   dQ =  2.9E-06  L =       0.0570   dL =  5.8E-08  dev =  1.2E-04
 Jz    =       0.0000   dJZ=  0.0E+00 Om =       0.0000   dO =  0.0E+00  dev =  0.0E+00
--------------------------------------------------------------------------------------
 Iteration =  199
 dt    =   0.0248      mu   =   0.8302 gradn =    0.000E+00 D2H  =    2.954E-08
 E     =   -155.825    DE   = -0.55861E-07
 R     =   -157.220    DR   = -0.65910E-07
 R-E   =     -1.396  D(R-E) = -0.10639E-07
 dmun  = -9.3E-07      dmup=  5.4E-06
 RQ10t =       0.0000   dQ = -3.6E-07  L =      -0.4219   dL = -1.8E-06  dev =  1.5E-05
 RQ20t =      21.4064   dQ = -7.9E-05  L =       0.0000   dL =  0.0E+00  dev =  0.0E+00
 RQ22t =       0.0000   dQ =  2.3E-08  L =       0.0000   dL =  0.0E+00  dev =  0.0E+00
 RQ30t =      49.9999   dQ =  2.9E-06  L =       0.0570   dL =  5.7E-08  dev =  1.2E-04
 Jz    =       0.0000   dJZ=  0.0E+00 Om =       0.0000   dO =  0.0E+00  dev =  0.0E+00
--------------------------------------------------------------------------------------
--------------------------------------------------------------------------------------
                        FINAL Iteration =   200

--------------------- Hartree-Fock basis-------------------------------------------------------------------
__________________________________________________________________________________________________________
   Neutron wavefunctions
  i     P   Rz   occ          E       d2h    Delta |   JxT    JyT    Jz      J   |   SxT    SyT    Sz
----------------------------------------------------------------------------------------------------------
  1  0.99  1.0  1.0000     -35.263  3.5E-10   0.00 |  -0.50   0.50   0.50   0.52 |  -0.50   0.50   0.50
  9 -0.99  1.0  1.0000     -24.220  1.2E-09   0.01 |  -0.87   0.87   0.50   1.46 |  -0.45   0.45   0.40
 10 -0.98  1.0  0.9999     -21.782  3.1E-10   0.14 |  -0.00   0.00  -1.50   1.53 |   0.00  -0.00  -0.50
 11 -0.91  1.0  0.9809     -17.048  1.3E-09   1.43 |   0.31  -0.31   0.50   0.78 |  -0.06   0.06  -0.39
  2  0.88  1.0  0.7218     -12.891  2.8E-09   1.73 |  -1.15   1.15   0.50   2.22 |  -0.41   0.41   0.31
  3  0.97  1.0  0.2462     -11.075  1.2E-09   1.63 |  -0.00   0.00  -1.50   2.50 |  -0.00   0.00  -0.42
  4  0.95  1.0  0.0358      -8.816  3.1E-10   1.29 |   0.00  -0.00   2.50   2.54 |  -0.00   0.00   0.50
  5  0.80  1.0  0.0132      -7.154  2.8E-08   1.14 |  -0.61   0.61   0.50   1.65 |  -0.34   0.34   0.17
 12  0.03  1.0  0.0011      -4.723  1.7E-04   0.46 |  -0.36   0.36   0.50   2.24 |  -0.45   0.45   0.41
  6  0.58  1.0  0.0009      -3.719  1.7E-04   0.40 |   0.37  -0.37   0.50   2.06 |  -0.28   0.28   0.07
  7  0.68  1.0  0.0000      -2.251  1.6E-08   0.10 |   0.00  -0.00  -1.49   1.97 |   0.00  -0.00   0.35
 15 -0.76  1.0  0.0000      -0.909  1.3E-07   0.05 |  -1.09   1.09   0.50   3.00 |  -0.36   0.36   0.23
 13 -0.68  1.0  0.0000      -0.305  6.8E-07   0.01 |  -0.01   0.01  -1.49   2.64 |   0.00  -0.00  -0.42
 18 -0.30  1.0  0.0000       0.426  8.4E-06   0.01 |   0.00   0.00   0.47   1.78 |  -0.01   0.01  -0.47
 17 -0.05  1.0  0.0000       0.589  3.0E-04   0.01 |   0.04  -0.04  -1.46   2.79 |   0.00  -0.00  -0.42
 14 -0.15  1.0  0.0000       1.095  6.1E-04   0.01 |   0.45  -0.45   1.03   2.58 |   0.42  -0.42   0.49
 20 -0.20  1.0  0.0000       1.395  5.1E-04   0.01 |  -0.63   0.63   0.50   2.16 |  -0.46   0.46   0.42
  8  0.41  1.0  0.0000       1.511  5.2E-04   0.00 |  -0.18   0.19   0.51   2.46 |  -0.04   0.04  -0.42
 19 -0.60  1.0  0.0000       1.832  2.3E-02   0.00 |   0.02  -0.02   0.83   2.58 |   0.27  -0.27   0.42
 16 -0.74  1.0  0.0000       3.144  5.1E-03   0.00 |   0.01  -0.02  -3.07   3.62 |  -0.01   0.02  -0.47
__________________________________________________________________________________________________________
   Proton  wavefunctions
  i     P   Rz   occ          E       d2h    Delta |   JxT    JyT    Jz      J   |   SxT    SyT    Sz
----------------------------------------------------------------------------------------------------------
 21  0.99  1.0  1.0000     -30.742  2.7E-10   0.00 |  -0.50   0.50   0.50   0.52 |  -0.50   0.50   0.50
 29 -0.99  1.0  1.0000     -19.890  1.5E-09   0.02 |  -0.87   0.87   0.50   1.46 |  -0.45   0.45   0.40
 30 -0.98  1.0  0.9999     -17.425  2.9E-10   0.19 |  -0.00   0.00  -1.50   1.53 |   0.00   0.00  -0.50
 31 -0.91  1.0  0.9773     -12.780  2.1E-09   1.52 |   0.30  -0.30   0.50   0.79 |  -0.06   0.06  -0.39
 22  0.86  1.0  0.7157      -8.783  3.6E-09   1.81 |  -1.13   1.13   0.50   2.21 |  -0.41   0.41   0.32
 23  0.97  1.0  0.2492      -6.917  1.3E-09   1.71 |  -0.00   0.00  -1.50   2.50 |  -0.00   0.00  -0.42
 24  0.95  1.0  0.0392      -4.679  2.8E-10   1.36 |   0.00  -0.00   2.50   2.54 |   0.00  -0.00   0.50
 25  0.56  1.0  0.0136      -3.385  6.0E-09   1.03 |  -0.63   0.63   0.50   2.04 |  -0.35   0.35   0.20
 32 -0.02  1.0  0.0025      -2.075  2.4E-08   0.49 |  -0.57   0.57   0.50   2.41 |  -0.49   0.49   0.49
 26  0.82  1.0  0.0025      -0.186  2.8E-08   0.69 |   0.61  -0.61   0.50   1.67 |  -0.23   0.23  -0.03
 27  0.66  1.0  0.0001       1.358  1.8E-06   0.14 |   0.00  -0.00  -1.39   2.00 |   0.05  -0.05   0.34
 37 -0.24  1.0  0.0000       1.994  1.7E-04   0.04 |   0.08  -0.08  -1.47   2.25 |   0.00  -0.01  -0.48
 28  0.06  1.0  0.0000       2.235  1.6E-03   0.06 |   0.05  -0.05   0.47   1.88 |  -0.01   0.01  -0.47
 38 -0.59  1.0  0.0000       2.390  4.3E-03   0.05 |  -0.77   0.78   0.50   2.81 |  -0.27   0.28   0.05
 39 -0.61  1.0  0.0000       2.563  1.9E-03   0.02 |   0.42  -0.42   0.46   2.31 |   0.45  -0.45   0.45
 33  0.28  1.0  0.0000       2.809  1.7E-03   0.01 |   0.39  -0.39  -1.13   2.82 |   0.10  -0.10  -0.27
 34  0.66  1.0  0.0000       3.023  5.4E-04   0.02 |   0.02  -0.02   0.17   2.21 |   0.38  -0.38   0.34
 35 -0.02  1.0  0.0000       3.137  3.8E-03   0.02 |  -0.32   0.32   0.51   2.41 |  -0.10   0.10  -0.30
 40 -0.22  1.0  0.0000       3.688  9.9E-04   0.03 |  -0.68   0.68   0.50   2.26 |  -0.49   0.49   0.48
 36 -0.41  1.0  0.0000       5.749  5.0E-03   0.00 |  -0.02   0.02  -2.87   3.97 |  -0.00   0.00  -0.50
----------------------------------------------------------------------------------------------------------
--------------------- Canonical    basis-------------------------------------------------------------------
__________________________________________________________________________________________________________
   Neutron wavefunctions
  i     P   Rz   occ          E       d2h    Delta |   JxT    JyT    Jz      J   |   SxT    SyT    Sz
----------------------------------------------------------------------------------------------------------
 20  0.99  1.0  2.0000     -35.263  0.0E+00   0.00 |  -0.50   0.50   0.50   0.52 |  -0.50   0.50   0.50
 19 -0.99  1.0  2.0000     -24.220  0.0E+00   0.01 |  -0.87   0.87   0.50   1.46 |  -0.45   0.45   0.40
 18 -0.98  1.0  1.9999     -21.782  0.0E+00   0.14 |  -0.00   0.00  -1.50   1.53 |   0.00  -0.00  -0.50
 17 -0.92  1.0  1.9618     -17.047  0.0E+00   1.43 |   0.31  -0.31   0.50   0.77 |  -0.06   0.06  -0.39
 16  0.89  1.0  1.4437     -12.891  0.0E+00   1.73 |  -1.16   1.16   0.50   2.22 |  -0.41   0.41   0.31
 15  0.97  1.0  0.4924     -11.074  0.0E+00   1.63 |  -0.00   0.00  -1.50   2.50 |  -0.00   0.00  -0.42
 14  0.95  1.0  0.0717      -8.816  0.0E+00   1.29 |   0.00  -0.00   2.50   2.54 |  -0.00   0.00   0.50
 13  0.82  1.0  0.0272      -7.057  0.0E+00   1.18 |  -0.42   0.42   0.50   1.66 |  -0.27   0.27   0.04
 12  0.71  1.0  0.0028      -4.510  0.0E+00   0.56 |   0.22  -0.22   0.50   1.46 |  -0.37   0.37   0.25
 11 -0.18  1.0  0.0005      -3.906  0.0E+00   0.26 |  -0.58   0.58   0.50   2.66 |  -0.41   0.41   0.33
 10  0.65  1.0  0.0001      -2.248  0.0E+00   0.10 |  -0.01   0.01  -1.50   2.01 |   0.00  -0.00   0.34
  9 -0.71  1.0  0.0000      -1.020  0.0E+00   0.01 |  -0.95   0.95   0.50   3.04 |  -0.38   0.38   0.27
  8 -0.65  1.0  0.0000      -0.158  0.0E+00   0.01 |   0.02  -0.02  -1.49   3.01 |   0.00  -0.00  -0.34
  5 -0.06  1.0  0.0000       0.456  0.0E+00   0.00 |   0.07   0.04  -1.46   2.34 |   0.05   0.04  -0.48
  4 -0.61  1.0  0.0000       0.631  0.0E+00   0.00 |  -0.48   0.36   0.45   1.97 |  -0.10   0.02  -0.37
  6 -0.30  1.0  0.0000       1.331  0.0E+00   0.00 |  -0.32   0.34   0.47   2.05 |  -0.42   0.42   0.34
  2  0.80  1.0  0.0000       1.408  0.0E+00   0.00 |  -0.04   0.06   0.48   2.42 |  -0.01   0.02  -0.47
  7  0.12  1.0  0.0000       1.409  0.0E+00   0.00 |   0.04  -0.05   1.58   2.86 |   0.24  -0.24   0.45
  1 -0.86  1.0  0.0000       1.501  0.0E+00   0.00 |   0.44  -0.44   0.30   2.29 |   0.45  -0.46   0.45
  3 -0.71  1.0  0.0000       3.095  0.0E+00   0.00 |   0.02  -0.04  -2.99   3.59 |  -0.03   0.03  -0.44
__________________________________________________________________________________________________________
   Proton  wavefunctions
  i     P   Rz   occ          E       d2h    Delta |   JxT    JyT    Jz      J   |   SxT    SyT    Sz
----------------------------------------------------------------------------------------------------------
 40  0.99  1.0  2.0000     -30.742  0.0E+00   0.00 |  -0.50   0.50   0.50   0.52 |  -0.50   0.50   0.50
 39 -0.99  1.0  2.0000     -19.890  0.0E+00   0.02 |  -0.87   0.87   0.50   1.47 |  -0.45   0.45   0.40
 38 -0.98  1.0  1.9998     -17.425  0.0E+00   0.19 |  -0.00   0.00  -1.50   1.53 |   0.00   0.00  -0.50
 37 -0.91  1.0  1.9546     -12.780  0.0E+00   1.52 |   0.31  -0.31   0.50   0.78 |  -0.06   0.06  -0.39
 36  0.88  1.0  1.4318      -8.781  0.0E+00   1.82 |  -1.14   1.14   0.50   2.22 |  -0.41   0.41   0.32
 35  0.97  1.0  0.4984      -6.917  0.0E+00   1.71 |  -0.00   0.00  -1.50   2.50 |  -0.00   0.00  -0.42
 34  0.95  1.0  0.0783      -4.679  0.0E+00   1.36 |   0.00  -0.00   2.50   2.54 |  -0.00   0.00   0.50
 33  0.83  1.0  0.0313      -3.082  0.0E+00   1.24 |  -0.38   0.38   0.50   1.67 |  -0.25   0.25   0.00
 31 -0.21  1.0  0.0017      -1.603  0.0E+00   0.37 |  -0.59   0.59   0.50   2.82 |  -0.45   0.45   0.40
 32  0.75  1.0  0.0039      -0.821  0.0E+00   0.63 |   0.26  -0.26   0.50   1.41 |  -0.37   0.37   0.24
 30  0.65  1.0  0.0001       1.419  0.0E+00   0.15 |  -0.00   0.00  -1.49   2.02 |   0.00  -0.00   0.35
 29 -0.74  1.0  0.0000       2.324  0.0E+00   0.04 |  -0.94   0.94   0.50   2.95 |  -0.37   0.37   0.24
 28 -0.68  1.0  0.0000       2.359  0.0E+00   0.01 |   0.00  -0.00  -1.48   2.45 |   0.01  -0.01  -0.46
 27 -0.59  1.0  0.0000       2.360  0.0E+00   0.00 |   0.04  -0.04   0.49   1.82 |  -0.01   0.01  -0.47
 26  0.81  1.0  0.0000       2.412  0.0E+00   0.00 |   0.23  -0.23  -1.43   2.67 |   0.02  -0.02  -0.45
 23  0.13  1.0  0.0000       2.618  0.0E+00   0.00 |   0.28  -0.29   0.58   2.28 |   0.46  -0.46   0.47
 21 -0.17  1.0  0.0000       2.938  0.0E+00   0.00 |   0.39  -0.39   0.46   2.20 |   0.49  -0.49   0.48
 24  0.72  1.0  0.0000       2.991  0.0E+00   0.00 |  -0.10   0.11   0.51   2.37 |  -0.02   0.02  -0.45
 25 -0.19  1.0  0.0000       3.645  0.0E+00   0.00 |  -0.61   0.61   0.50   2.22 |  -0.48   0.48   0.46
 22 -0.41  1.0  0.0000       5.736  0.0E+00   0.00 |  -0.02   0.01  -2.89   3.96 |  -0.00   0.00  -0.50
----------------------------------------------------------------------------------------------------------
---------------------------------Quasiparticles---------------------------------
Block 1:  P=+1  neutrons
  N      Eqp       f_n      |   U   V  |   B  P  ov_TR |    JxT    JyT    Jz
________________________________________________________________________________
  1    -23.23      0.00E+00 |    1   0 |   -  -  0.000 |    0.00   0.00   0.50
  2    -15.18      0.00E+00 |    0  16 |   -  -  0.000 |    0.00   0.00   3.07
  3    -13.87      0.00E+00 |    0  19 |   -  -  0.000 |    0.00   0.00  -0.83
  4    -13.54      0.00E+00 |    0   8 |   -  -  0.000 |    0.00   0.00  -0.51
  5    -13.43      0.00E+00 |    0  20 |   -  -  0.000 |    0.00   0.00  -0.50
  6    -13.13      0.00E+00 |    0  14 |   -  -  0.000 |    0.00   0.00  -1.03
  7    -12.62      0.00E+00 |    0  17 |   -  -  0.000 |    0.00   0.00   1.46
  8    -12.46      0.00E+00 |    0  18 |   -  -  0.000 |    0.00   0.00  -0.47
  9    -12.19      0.00E+00 |    9   0 |   -  -  0.000 |    0.00   0.00   0.50
 10    -11.73      0.00E+00 |    0  13 |   -  -  0.000 |    0.00   0.00   1.49
 11    -11.12      0.00E+00 |    0  15 |   -  -  0.000 |    0.00   0.00  -0.50
 12     -9.78      0.00E+00 |   10   7 |   -  -  0.000 |    0.00   0.00   1.40
 13     -9.75      0.00E+00 |   10   7 |   -  -  0.000 |    0.00   0.00  -1.40
 14     -8.33      0.00E+00 |    0   6 |   -  -  0.000 |    0.00   0.00  -0.50
 15     -7.33      0.00E+00 |    0  12 |   -  -  0.000 |    0.00   0.00  -0.50
 16     -5.22      0.00E+00 |   11  11 |   -  -  0.000 |    0.00   0.00   0.47
 17     -5.01      0.00E+00 |   11   5 |   -  -  0.000 |    0.00   0.00  -0.47
 18     -3.47      0.00E+00 |    4   4 |   -  -  0.000 |    0.00   0.00  -2.32
 19     -1.93      0.00E+00 |    2   2 |   -  -  0.000 |    0.00   0.00   0.22
 20     -1.89      0.00E+00 |    3   3 |   -  -  0.000 |    0.00   0.00   0.76
 21      1.89      1.00E+00 |    3   3 |   -  -  0.000 |    0.00   0.00  -0.76
 22      1.93      1.00E+00 |    2   2 |   -  -  0.000 |    0.00   0.00  -0.22
 23      3.47      1.00E+00 |    4   4 |   -  -  0.000 |    0.00   0.00   2.32
 24      5.01      1.00E+00 |    5  11 |   -  -  0.000 |    0.00   0.00   0.47
 25      5.22      1.00E+00 |   11  11 |   -  -  0.000 |    0.00   0.00  -0.47
 26      7.33      1.00E+00 |   12   0 |   -  -  0.000 |    0.00   0.00   0.50
 27      8.33      1.00E+00 |    6   0 |   -  -  0.000 |    0.00   0.00   0.50
 28      9.75      1.00E+00 |    7  10 |   -  -  0.000 |    0.00   0.00   1.40
 29      9.78      1.00E+00 |    7  10 |   -  -  0.000 |    0.00   0.00  -1.40
 30     11.12      1.00E+00 |   15   0 |   -  -  0.000 |    0.00   0.00   0.50
 31     11.73      1.00E+00 |   13   0 |   -  -  0.000 |    0.00   0.00  -1.49
 32     12.19      1.00E+00 |    0   9 |   -  -  0.000 |    0.00   0.00  -0.50
 33     12.46      1.00E+00 |   18   0 |   -  -  0.000 |    0.00   0.00   0.47
 34     12.62      1.00E+00 |   17   0 |   -  -  0.000 |    0.00   0.00  -1.46
 35     13.13      1.00E+00 |   14   0 |   -  -  0.000 |    0.00   0.00   1.03
 36     13.43      1.00E+00 |   20   0 |   -  -  0.000 |    0.00   0.00   0.50
 37     13.54      1.00E+00 |    8   0 |   -  -  0.000 |    0.00   0.00   0.51
 38     13.87      1.00E+00 |   19   0 |   -  -  0.000 |    0.00   0.00   0.83
 39     15.18      1.00E+00 |   16   0 |   -  -  0.000 |    0.00   0.00  -3.07
 40     23.23      1.00E+00 |    0   1 |   -  -  0.000 |    0.00   0.00  -0.50

Block 5:  P=+1   protons
  N      Eqp       f_n      |   U   V  |   B  P  ov_TR |    JxT    JyT    Jz
________________________________________________________________________________
  1    -22.83      0.00E+00 |   21   0 |   -  -  0.000 |    0.00   0.00   0.50
  2    -13.66      0.00E+00 |    0  36 |   -  -  0.000 |    0.00   0.00   2.87
  3    -11.98      0.00E+00 |   29   0 |   -  -  0.000 |    0.00   0.00   0.50
  4    -11.60      0.00E+00 |    0  40 |   -  -  0.000 |    0.00   0.00  -0.50
  5    -11.05      0.00E+00 |    0  35 |   -  -  0.000 |    0.00   0.00  -0.51
  6    -10.93      0.00E+00 |    0  34 |   -  -  0.000 |    0.00   0.00  -0.17
  7    -10.72      0.00E+00 |    0  33 |   -  -  0.000 |    0.00   0.00   1.13
  8    -10.47      0.00E+00 |    0  39 |   -  -  0.000 |    0.00   0.00  -0.46
  9    -10.30      0.00E+00 |    0  38 |   -  -  0.000 |    0.00   0.00  -0.50
 10    -10.15      0.00E+00 |    0  28 |   -  -  0.000 |    0.00   0.00  -0.47
 11     -9.91      0.00E+00 |    0  37 |   -  -  0.000 |    0.00   0.00   1.47
 12     -9.52      0.00E+00 |   30   0 |   -  -  0.000 |    0.00   0.00  -1.50
 13     -9.27      0.00E+00 |    0  27 |   -  -  0.000 |    0.00   0.00   1.38
 14     -7.77      0.00E+00 |    0  26 |   -  -  0.000 |    0.00   0.00  -0.50
 15     -5.87      0.00E+00 |    0  32 |   -  -  0.000 |    0.00   0.00  -0.49
 16     -5.10      0.00E+00 |   31  31 |   -  -  0.000 |    0.00   0.00   0.47
 17     -4.66      0.00E+00 |   25  25 |   -  -  0.000 |    0.00   0.00  -0.48
 18     -3.51      0.00E+00 |   24  24 |   -  -  0.000 |    0.00   0.00  -2.30
 19     -2.00      0.00E+00 |   22  22 |   -  -  0.000 |    0.00   0.00   0.21
 20     -1.98      0.00E+00 |   23  23 |   -  -  0.000 |    0.00   0.00   0.75
 21      1.98      1.00E+00 |   23  23 |   -  -  0.000 |    0.00   0.00  -0.75
 22      2.00      1.00E+00 |   22  22 |   -  -  0.000 |    0.00   0.00  -0.21
 23      3.51      1.00E+00 |   24  24 |   -  -  0.000 |    0.00   0.00   2.30
 24      4.66      1.00E+00 |   25  25 |   -  -  0.000 |    0.00   0.00   0.48
 25      5.10      1.00E+00 |   31  31 |   -  -  0.000 |    0.00   0.00  -0.47
 26      5.87      1.00E+00 |   32   0 |   -  -  0.000 |    0.00   0.00   0.49
 27      7.77      1.00E+00 |   26   0 |   -  -  0.000 |    0.00   0.00   0.50
 28      9.27      1.00E+00 |   27   0 |   -  -  0.000 |    0.00   0.00  -1.38
 29      9.52      1.00E+00 |    0  30 |   -  -  0.000 |    0.00   0.00   1.50
 30      9.91      1.00E+00 |   37   0 |   -  -  0.000 |    0.00   0.00  -1.47
 31     10.15      1.00E+00 |   28   0 |   -  -  0.000 |    0.00   0.00   0.47
 32     10.30      1.00E+00 |   38   0 |   -  -  0.000 |    0.00   0.00   0.50
 33     10.47      1.00E+00 |   39   0 |   -  -  0.000 |    0.00   0.00   0.46
 34     10.72      1.00E+00 |   33   0 |   -  -  0.000 |    0.00   0.00  -1.13
 35     10.93      1.00E+00 |   34   0 |   -  -  0.000 |    0.00   0.00   0.17
 36     11.05      1.00E+00 |   35   0 |   -  -  0.000 |    0.00   0.00   0.51
 37     11.60      1.00E+00 |   40   0 |   -  -  0.000 |    0.00   0.00   0.50
 38     11.98      1.00E+00 |    0  29 |   -  -  0.000 |    0.00   0.00  -0.50
 39     13.66      1.00E+00 |   36   0 |   -  -  0.000 |    0.00   0.00  -2.87
 40     22.83      1.00E+00 |    0  21 |   -  -  0.000 |    0.00   0.00  -0.50

--------------------------------------------------------------------------------
------------------------ Electric Multipole Moments -------------------------
Quantisation Axis             : Z
  With secondary axis ordering: X,Y
  Calculated wrt to COM = (   0.000   0.000   0.000)
______________________________________________________________________________
                   Neutrons        Protons          Charge         Total
______________________________________________________________________________
 Particles           10.0000         10.0000          9.9999         20.0000

Re  Q_{ 1 0}         -0.0234          0.0234          0.0230          0.0000
Constrained                                                           0.0000
Re De_{ 1 0}                                                   0.1433761E-04
Re La_{ 1 0}                                                         -0.4219

Re  Q_{ 2 0}         10.4327         10.9736         10.9666         21.4063
Re  Q_{ 2 2}          0.0000         -0.0000         -0.0000          0.0000

Re  Q_{ 3 0}         23.1500         26.8499         26.7971         49.9999
Constrained                                                          50.0000
Re De_{ 3 0}                                                   0.1165599E-03
Re La_{ 3 0}                                                          0.0570
Re  Q_{ 3 2}         -0.0000          0.0000          0.0000         -0.0000

Re  Q_{ 4 0}         84.3680        102.5699        102.1252        186.9378
Re  Q_{ 4 2}         -0.0000         -0.0001         -0.0001         -0.0001
Re  Q_{ 4 4}          0.0192          0.0235          0.2402          0.0427

Re  Q_{ 5 0}        354.4733        470.0616        464.7842        824.5349
Re  Q_{ 5 2}          0.0002          0.0004          0.0004          0.0007
Re  Q_{ 5 4}         -0.1122         -0.1977         -0.1443         -0.3100

Re  Q_{ 6 0}       1468.5568       2203.3023       2142.5704       3671.8590
Re  Q_{ 6 2}         -0.0017          0.0020          0.0019          0.0002
Re  Q_{ 6 4}          0.9282          1.5392          4.9581          2.4675
Re  Q_{ 6 6}          0.0003         -0.0006         -0.0005         -0.0003

Re  Q_{ 7 0}       6378.1090      10001.6394       9619.3900      16379.7484
Re  Q_{ 7 2}         -0.0027         -0.0040         -0.0034         -0.0067
Re  Q_{ 7 4}         -1.8249         -5.3457          4.6861         -7.1707
Re  Q_{ 7 6}         -0.0022          0.0104          0.0094          0.0082

Re  Q_{ 8 0}      33639.7871      57994.4031      53353.1252      91634.1903
Re  Q_{ 8 2}          0.1047          0.2799          0.2673          0.3846
Re  Q_{ 8 4}         -0.1210         -4.4293        117.2989         -4.5502
Re  Q_{ 8 6}          0.0527          0.0247          0.0269          0.0774
Re  Q_{ 8 8}        -23.0591        -28.9540        -33.4386        -52.0131

Re  Q_{ 9 0}     151413.2182     266547.6390     240401.3258     417960.8572
Re  Q_{ 9 2}         -0.3509          0.0127         -0.0477         -0.3382
Re  Q_{ 9 4}        474.5122        816.0472       1506.3967       1290.5594
Re  Q_{ 9 6}         -0.1656         -0.3770         -0.3178         -0.5426
Re  Q_{ 9 8}        163.3753        -25.3391         86.2668        138.0362

Re  Q_{10 0}     821100.9646    1520772.4511    1251024.3001    2341873.4157
Re  Q_{10 2}          0.5819          0.7460          0.1269          1.3279
Re  Q_{10 4}        664.5339      11495.1496      12896.7157      12159.6835
Re  Q_{10 6}          0.8973          3.8339          3.5393          4.7312
Re  Q_{10 8}      -1456.4824       9403.9276       6581.8020       7947.4452
Re  Q_{1010}         -0.6321          2.3965          2.2565          1.7644

 RMS radius           2.8797          2.9190          2.9844          2.8994
 Fourth mom.          3.2212          3.2854          3.3629          3.2538
______________________________________________________________________________
                   Neutrons        Protons          Charge         Total
______________________________________________________________________________


Beta_{ 2 0}       0.20593991      0.21661719      0.21647776      0.42255709
Beta_{ 2 2}       0.00000002     -0.00000001     -0.00000001      0.00000001

Beta_{ 3 0}       0.14029278      0.16271506      0.16239471      0.30300784
Beta_{ 3 2}      -0.00000007      0.00000005      0.00000005     -0.00000003

Beta_{ 4 0}       0.15696561      0.19083006      0.19000283      0.34779567
Beta_{ 4 2}      -0.00000005     -0.00000010     -0.00000010     -0.00000015
Beta_{ 4 4}       0.00003569      0.00004368      0.00044696      0.00007938

Beta_{ 5 0}       0.20246624      0.26848735      0.26547305      0.47095359
Beta_{ 5 2}       0.00000014      0.00000024      0.00000023      0.00000037
Beta_{ 5 4}      -0.00006411     -0.00011293     -0.00008242     -0.00017704

Beta_{ 6 0}       0.25751462      0.38635383      0.37570436      0.64386845
Beta_{ 6 2}      -0.00000031      0.00000034      0.00000033      0.00000004
Beta_{ 6 4}       0.00016277      0.00026991      0.00086941      0.00043267
Beta_{ 6 6}       0.00000005     -0.00000010     -0.00000009     -0.00000005

Beta_{ 7 0}       0.34335642      0.53842402      0.51784617      0.88178044
Beta_{ 7 2}      -0.00000014     -0.00000022     -0.00000018     -0.00000036
Beta_{ 7 4}      -0.00009824     -0.00028778      0.00025227     -0.00038602
Beta_{ 7 6}      -0.00000012      0.00000056      0.00000051      0.00000044

Beta_{ 8 0}       0.55596642      0.95847636      0.88176973      1.51444278
Beta_{ 8 2}       0.00000173      0.00000463      0.00000442      0.00000636
Beta_{ 8 4}      -0.00000200     -0.00007320      0.00193861     -0.00007520
Beta_{ 8 6}       0.00000087      0.00000041      0.00000044      0.00000128
Beta_{ 8 8}      -0.00038110     -0.00047852     -0.00055264     -0.00085962

Beta_{ 9 0}       0.76824758      1.35242208      1.21975967      2.12066966
Beta_{ 9 2}      -0.00000178      0.00000006     -0.00000024     -0.00000172
Beta_{ 9 4}       0.00240760      0.00414050      0.00764323      0.00654810
Beta_{ 9 6}      -0.00000084     -0.00000191     -0.00000161     -0.00000275
Beta_{ 9 8}       0.00082894     -0.00012857      0.00043770      0.00070037

Beta_{10 0}       1.27901625      2.36888369      1.94870117      3.64789994
Beta_{10 2}       0.00000091      0.00000116      0.00000020      0.00000207
Beta_{10 4}       0.00103513      0.01790582      0.02008901      0.01894095
Beta_{10 6}       0.00000140      0.00000597      0.00000551      0.00000737
Beta_{10 8}      -0.00226874      0.01464835      0.01025237      0.01237961
Beta_{1010}      -0.00000098      0.00000373      0.00000351      0.00000275


______________________________________________________________________________
                   Neutrons        Protons          Charge         Total
______________________________________________________________________________
Q_{ 1}                0.0234          0.0234          0.0230          0.0000
Q_{ 2}               10.4327         10.9736         10.9666         21.4063
Q_{ 3}               23.1500         26.8499         26.7971         49.9999
Q_{ 4}               84.3680        102.5699        102.1258        186.9378
Q_{ 5}              354.4734        470.0617        464.7843        824.5350
Q_{ 6}             1468.5574       2203.3033       2142.5818       3671.8607
Q_{ 7}             6378.1095      10001.6423       9619.3923      16379.7515
Q_{ 8}            33639.8029      57994.4179      53353.4040      91634.2200
Q_{ 9}           151414.8815     266550.1397     240410.7959     417964.8877
Q_{10}           821104.0860    1520917.4838    1251191.8679    2341963.5212
______________________________________________________________________________
                   Neutrons        Protons          Charge         Total
______________________________________________________________________________
Beta_{   1}       0.00150158      0.00150250      0.00147882      0.00000092
Beta_{   2}       0.20593991      0.21661719      0.21647776      0.42255709
Beta_{   3}       0.14029278      0.16271506      0.16239471      0.30300784
Beta_{   4}       0.15696562      0.19083007      0.19000389      0.34779569
Beta_{   5}       0.20246626      0.26848740      0.26547308      0.47095366
Beta_{   6}       0.25751472      0.38635402      0.37570637      0.64386874
Beta_{   7}       0.34335645      0.53842418      0.51784629      0.88178061
Beta_{   8}       0.55596668      0.95847661      0.88177434      1.51444327
Beta_{   9}       0.76825602      1.35243477      1.21980772      2.12069011
Beta_{  10}       1.27902112      2.36910960      1.94896219      3.64804030
______________________________________________________________________________
 Cart. Moments X              Y              Z
 Cart. N      -16.5393169    -16.5393235     33.0786404
 Cart. P      -17.3968282    -17.3968260     34.7936542
 Cart. T      -33.9361451    -33.9361494     67.8722946
 (Q, gamma)    Q              Gamma
 (Q,g) N       33.0786404      0.0000065
 (Q,g) P       34.7936542     -0.0000021
 (Q,g) T       67.8722946      0.0000021
 (iq1, iq2)    iq1            iq2
 iq    N       33.0786382      0.0000044
 iq    P       34.7936549     -0.0000015
 iq    T       67.8722931      0.0000029
               X^2            Y^2            Z^2
 X^2_i N       22.1292948     22.1292927     38.6686139
 X^2_i P       22.6032577     22.6032585     40.0000852
 X^2_i T       44.7325526     44.7325511     78.6686991
----------------------------------------------------------------------------
----------------------- Box Size Check -------------------------
 Xmax = (nx+0.5)dx =  9.200 fm,  max(rho(X=Xmax)) =    3.265E-07
 Ymax = (ny+0.5)dx =  9.200 fm,  max(rho(Y=Ymax)) =    3.264E-07
 Zmax = (nz+0.5)dx =  9.200 fm,  max(rho(Z=Zmax)) =    8.632E-05
 Zmin =-(nz+0.5)dx = -9.200fm,  max(rho(Z=Zmin)) =    1.463E-05
---------------------Rotational properties--------------------
                Rigid rotor          (hbar^2/MeV)
              n              p              t 
 I_R X       1.4660329      1.5095678      2.9756008
 I_R Y       1.4660330      1.5095678      2.9756008
 I_R Z       1.0672168      1.0900744      2.1572912

                Belyaev                 (hbar^2/MeV) 
              n              p              t 
 I_B X       0.6099455      0.5856429      1.1955884
 I_B Y       0.6099455      0.5856429      1.1955885
 I_B Z       0.0000190      0.0000279      0.0000469

                Belyaev (collective)    (hbar^2/MeV) 
              n              p              t 
 I_B X       0.6099455      0.5856429      1.1955884
 I_B Y       0.6099455      0.5856429      1.1955885
 I_B Z       0.0000190      0.0000279      0.0000469

                 <J^2> - <J>^2          (hbar^2)
              n              p              t 
 J2_X        1.5695854      1.5745411      3.1441265
 J2_Y        1.5695855      1.5745413      3.1441269
 J2_Z        0.0001263      0.0001748      0.0003011
 J2_t        3.1392972      3.1492572      6.2885545

                 <J^2> - <J>^2 (coll.)  (hbar^2)
              n              p              t 
 J2_X        1.5695854      1.5745411      3.1441265
 J2_Y        1.5695855      1.5745413      3.1441269
 J2_Z        0.0001263      0.0001748      0.0003011
 J2_t        3.1392972      3.1492572      6.2885545
------------------------- Angular Momentum (hbar) --------------------------

               Spwfs(*)    Desired     Omega       E (MeV)      Densit. 
  __________________________________________________________________________
   J_x   |     0.00000     0.00000     0.00000     0.00000     0.00000
   J_y   |     0.00000     0.00000     0.00000     0.00000     0.00000
   J_z   |     0.00000     0.00000     0.00000     0.00000     0.00000
  __________________________________________________________________________
   Size  |     0.00000     0.00000     0.00000                 0.00000
  --------------------------------------------------------------------------
-------------------------- Pairing -------------------------
                          N         P 
 Fermi Level (MeV)    -12.03327132    -7.91098132
 Particles             10.00000000    10.00000000
 Dispersion             1.81779440     1.86963616
 Average gap   v^2      0.65360464     0.69860387
 Average gap   uv       1.49895587     1.55384678
------------------------------------------------------------
--------------------------------------------------------------------------------
 Skyrme Energy                Isospin  1 2 3 4                   Energy [MeV]
--------------------------------------------------------------------------------
E_D_I_I_D_I_I                          0 0                      -1295.222163
E_D_I_I_D_I_I                          1 1                          0.051457
E_D_I_I_D_I_I_D_I_I                    0 0 0                      735.716630
E_D_I_I_D_I_I_D_I_I                    0 1 1                       -0.026139
E_D_I_I_D_Nm_Nm                        0 0                         27.744256
E_D_I_I_D_Nm_Nm                        1 1                         -0.003030
E_D_I_I_Lap_D_I_I                      0 0                         58.133130
E_D_I_I_Lap_D_I_I                      1 1                          0.001405
E_C_I_NmSk_C_I_NmSk                    0 0                         -0.000000
E_C_I_NmSk_C_I_NmSk                    1 1                         -0.000000
E_D_I_I_D_I_I_D_Nm_Nm                  0 0 0                        0.000000
E_D_I_I_D_I_I_D_Nm_Nm                  0 1 1                       -0.000000
E_D_I_I_D_I_I_D_Nm_Nm                  0 0 0                        0.000000
E_D_I_I_D_I_I_D_Nm_Nm                  0 1 1                        0.000000
E_D_I_I_Derm_D_I_I_Derm_D_I_I          0 0 0                        0.000000
E_D_I_I_Derm_D_I_I_Derm_D_I_I          0 1 1                       -0.000000
E_D_I_I_Derm_D_I_I_Derm_D_I_I          0 0 0                       -0.000000
E_D_I_I_Derm_D_I_I_Derm_D_I_I          0 1 1                       -0.000000
E_D_I_I_Derm_D_I_I_D_I_I_Derm_D_I_I    0 0 0 0                      0.000000
E_D_I_I_Derm_D_I_I_D_I_I_Derm_D_I_I    0 0 1 1                     -0.000000
E_D_I_I_Derm_C_I_NxmSxm                0 0                        -10.761185
E_D_I_I_Derm_C_I_NxmSxm                1 1                         -0.000444
E_DP_I_I_DP_I_I                        n n                         -3.578784
E_DP_I_I_DP_I_I                        p p                         -3.832771
E_D_I_I_DP_I_I_DP_I_I                  0 n n                        1.502824
E_D_I_I_DP_I_I_DP_I_I                  0 p p                        1.586404
--------------------------------------------------------------------------------
                 Total Skyrme:                                   -488.688409
--------------------------------------------------------------------------------
                    time-even:                                   -488.688409
                    time-odd :                                      0.000000
                    bilinear :                                  -1227.468128
                    trilinear:                                      0.000000
                 quadrilinear:                                      0.000000
            density-dependent:                                    738.779719
--------------------------------------------------------------------------------
--------------------------------------------------------------------------------
                                     neutron        proton         total
                Kinetic Energy:     162.455967     159.133278     321.589245
                    COM 1-body:      -8.122798      -7.956664     -16.079462
                    COM 2-body:       3.212530       3.160848       6.373378
                            ph:       3.187894       3.131911       6.319805
                            pp:       0.024636       0.028937       0.053573
                 Collective T:                                     -2.446715

                 Rotational  T:                                    -2.446715
                 Rotational  X:                                    -1.222845
                 Rotational  Y:                                    -1.222845
                 Rotational  Z:                                    -0.001026

                 Vibrational T:                                     0.000000
                 Vibrational X:                                    -0.000000
                 Vibrational Y:                                    -0.000000
                 Vibrational Z:                                    -0.000000


                Coulomb Direct:       0.000000      23.427123      23.427123
                      Exchange:       0.000000       0.000000       0.000000

               Pairing (delta):      -2.075936      -2.246361      -4.322297
               Pairing (densi):                                    -4.322327
--------------------------------------------------------------------------------
                  Total energy:                                  -155.824841
                    from spwfs:                                  -155.824838
                   E_fu - E_sp:                                -0.324839E-05
                   (no corr.) :                                  -159.751504
                      Routhian:                                  -157.220512
                         dE   :                                -0.151938E-03
                         dR   :                                -0.153559E-03
--------------------------------------------------------------------------------
id Timer name                                # of calls      time (s)  % total
__ ________________________________________  __________  ____________  _______
   TOTAL                                              -       65.1980  100.00%
 1 Tantalus                                           1       65.1980  100.00%
     (internal)                                       -        6.1259    9.40%
 2   HF-basis Derivatives                           201        7.1115   10.91%
 4   Spwf evolution                                 200       14.0984   21.62%
       (internal)                                     -        2.2674    3.48%
 5     Orthonormalization                           200        1.9521    2.99%
13     Sp. Hamiltonian                             8462        9.8789   15.15%
 5   Orthonormalization                               1        0.0109    0.02%
 6   Density calculations                           201       15.8875   24.37%
       (internal)                                     -        0.2346    0.36%
 3     Canonical basis Derivatives                  201       11.1094   17.04%
 7     Density: pp                                  201        0.7844    1.20%
 8     Density: ph                                  201        1.2043    1.85%
 9     Density: derivatives                         201        0.9241    1.42%
15     Can. basis construction                      201        1.6305    2.50%
10   Field calculations                             201        3.5249    5.41%
       (internal)                                     -        2.2617    3.47%
14     Coulomb solver                               201        1.2631    1.94%
11   Energy calculations                            201        3.4398    5.28%
       (internal)                                     -        0.5828    0.89%
16     Moments of inertia                            21        2.0744    3.18%
17     Centre-of-mass correction                    201        0.7826    1.20%
18       COM one-body                               201        0.0000    0.00%
19       COM two-body                                21        0.7825    1.20%
12   Pairing solver                                 201        1.7374    2.66%
20   Pairing gaps                                   200        3.0993    4.75%
21   Multipole moments                              201        0.4829    0.74%
22   Feas. Proj. step                               200        2.3473    3.60%
       (internal)                                     -        0.4076    0.63%
 5     Orthonormalization                           200        1.9397    2.98%
23   Spwf angular momentum                          221        7.1881   11.03%
24   Charge density folding                         201        0.1441    0.22%
__ ________________________________________  __________  ____________  _______
