

         ___________________________________________________________
        |                                                          |
        | MOCCa v2.0 =                                             |
        |                                                          |
        |  #######   ##   #    # #####   ##   #      #    #  ####  |
        |     #     #  #  ##   #   #    #  #  #      #    # #      |
        |     #    #    # # #  #   #   #    # #      #    #  ####  |
        |     #    ###### #  # #   #   ###### #      #    #      # |
        |     #    #    # #   ##   #   #    # #      #    # #    # |
        |     #    #    # #    #   #   #    # ######  ####   ####  |
        |                                                          |
        |  Copyright  P.-H. Heenen, M. Bender & W. Ryssens         |
        |                                                          |
        |----------------------------------------------------------|
        | Runtype = Single-mode                                    |
        |-------------- Version Information -----------------------|
        |                                                          |
        | commit a66ee383522d7c98f006961c54009982b6879d5b          |
        | Author: Wouter@Orome <wouter.ryssens@gmail.com>          |
        | Date:   Wed Feb 9 16:59:07 2022 +0100                    |
        |                                                          |
        |-------------- Symmetry Information ----------------------|
        |                                                          |
        | S.p. generators        = Rz,T,P,STy                      |
        | Axis reduction  X Y Z  =  1 1 1                          |
        | SYM_CODE               = 0 1 001 000 10 000 010 111      |
        | TRANS_CODE             = 0 1 001 000 10 000 010 111      |
        |-------------- Environment Information -------------------|
        |-------------- Compilation Information -------------------|
        | Compiled with:                                           |
        | GNU Fortran (Ubuntu 9.3.0-17ubuntu1~20.04) 9.3.0         |
        | Compilation flags reported:                              |
        | -O3 -Jmod -Wall -Wno-uninitialized                       |
        |__________________________________________________________|

------------------------------General Information ------------------------------
 Mesh parameters
   nx =    18 ny =    18 nz =    18 mv =  5832
   dx =         0.7000000000 (fm  ) 
   dv =  2.74 (fm^3) 
 Nucleus
    N =  126.00000  Z =   82.00000
 Wavefunctions
  nwt =   120
  nwn =    70
  nwp =    50
  Nilsson initialization with hom = (  0.200  0.200  0.200)
 Inverse temperature Beta =   -1.000000000
 IO information
  inputfilename  =init                            
  outputfilename =tant.wf                         
 Checkpointiter =         0
 Filename for other output (not written if empty): 
    BXL output     = Pb208.                                  
    DEN file       =                                         
    POT file       =                                         
    SPHF file      =                                         
    SPCAN file     =                                         
    TO file        =                                         
    BLOCK file     =                                         
 Convergence required
  Energy convergence           <  1.0E-11
  Multipole moment convergence <  1.0E-05
  Dispersion convergence       <  1.0E-05
  S.p. gradient convergenc     <  1.0E+00
  Fermi energy convergence     <  1.0E-03
  Angular momentum convergence <  1.0E-03
--------------------------------------------------------------------------------
 Evolution strategy: HEAVYBALL           
   maxiter =  200 printiter =    10
   Estimate (dt,mu) linear subproblem  : YES
   Estimate (dt,mu) pairing subproblem : YES
   Safety HFB-gradient                 :  0.1000
 Diagonalise the s.p. hamiltonian: YES
--------------------------------------------------------------------------------
 SCF iteration strategy: 
       Potential preconditioning
   Preconfactor=  1.0000
--------------------------------------------------------------------------------
 Pairing treatment: Hartree-Fock (HF)                                           
   Cutoff parameters  =      Symmetric Fermi
     dE (n,p) =  5.00 5.00 MeV 
     mu (n,p) =  0.50 0.50 MeV 
   Initialisation:
   -> guessed initial gaps Delta
   Gas-treatment:  Normal
------------------------------- Multipole Moments-------------------------------
Maximum l considered =  10 (mass)   3 (magnetic) 
Quantisation Axis for the multipole moments:  Z
  With secondary axis ordering             :  X,Y
  Total permutation                        : (Z,X,Y)
Correction of spherical harmonics with COM: NOT ACTIVE
Cutoff parameters
  CutoffType =  0
  radd       =  0.40E+01
  acut       =  0.40E+00
  cutfac     =  0.10E+02
----------------------------- Cranking information -----------------------------
 Cranking frequencies:   
    Omega_X =           0.000
    Omega_Y =           0.000
    Omega_Z =           0.000
    => read from STDIN 
 Cranking target values: 
    J_X     =           0.000
    J_Y     =           0.000
    J_Z     =           0.000
 Cranking types:   0  0  0
 Cranking on the basis of SUMMED SPWF ANGULAR MOMENTUM
--------------------------------------------------------------------------------
 Parameterization name     BSk27                         
 Functional name           BXL.FUNC            
 - - - - - - - - - - - - - - - - - - - - - - - - - - - - - - - -
 Parameters
    t0   -1837.061
    x0       0.460
    t1     376.186
    x1      -0.386
    t2     -60.308
    x2       1.260
    t3   11521.672
    x3       0.640
    t4       0.000
    t5       0.000
    x4       0.000
    x5       0.000
   wso     114.631
 sigma       0.300
  beta       0.000
 gamma       0.000
   CT0       0.000
   CT1       0.000
 CSDS0       0.000
 CSDS1       0.000
  wsoq     114.631
    Vn   -1250.000
    Vp   -1250.000
 alpha       1.000
sigmap       1.000
 - - - - - - - - - - - - - - - - - - - - - - - - - - - - - - - -
 Coulomb Treatment =  2
   Only Direct contribution included.
   Discretisation of laplacian:   5-point stencil.
   Protonsize  =    0.895   0.000
   Neutronsize =    0.387   0.467
   Proton form factor  = One Gaussian
   Neutron form factor = Difference of two Gaussians
   Folding not included self-consistently.
   Nucleon radii corrected for HO basis size.
 - - - - - - - - - - - - - - - - - - - - - - - - - - - - - - - -
 Center-of-mass options
   One-body: self-consistent
   Two-body: perturbative
     -> Attention: only calculated every  10 iterations.
 - - - - - - - - - - - - - - - - - - - - - - - - - - - - - - - -
 Rotational & vibrational correction 
    Not included.
 - - - - - - - - - - - - - - - - - - - - - - - - - - - - - - - -
 Elementary Constants
 e^2            =  1.43996446 (sqrt(MeV fm)) 
 hbar^2/(2*mn)  = 20.72126890 (MeV fm^2)
 hbar^2/(2*mp)  = 20.74983164 (MeV fm^2)
 Numerical details 
   epsilon = ***********
 - - - - - - - - - - -
 EDF coupling constants 
  __________________________________________________________________________
                                        Particle-hole terms
  Term                                   Isospin     # #G      Value 
  __________________________________________________________________________
  E_D_I_I_D_I_I                         | 0 0     |  1  1|     -688.897824
  E_D_I_I_D_I_I                         | 1 1     |  2  2|      440.925548
  E_D_I_I_D_I_I_D_I_I                   | 0 0 0   |  3  1|      720.104517
  E_D_I_I_D_I_I_D_I_I                   | 0 1 1   |  4  2|     -547.424056
  E_D_I_I_D_Nm_Nm                       | 0 0     |  5  1|       32.694254
  E_D_I_I_D_Nm_Nm                       | 1 1     |  6  2|      -18.633943
  E_D_I_I_Lap_D_I_I                     | 0 0     |  7  1|      -62.361229
  E_D_I_I_Lap_D_I_I                     | 1 1     |  8  2|        0.709066
  E_C_I_NmSk_C_I_NmSk                   | 0 0     |  9  1|       -0.000000
  E_C_I_NmSk_C_I_NmSk                   | 1 1     | 10  2|       -0.000000
  E_D_I_I_D_I_I_D_Nm_Nm                 | 0 0 0   | 11  1|        0.000000
  E_D_I_I_D_I_I_D_Nm_Nm                 | 0 1 1   | 12  2|       -0.000000
  E_D_I_I_D_I_I_D_Nm_Nm                 | 0 0 0   | 13  3|        0.000000
  E_D_I_I_D_I_I_D_Nm_Nm                 | 0 1 1   | 14  4|        0.000000
  E_D_I_I_Derm_D_I_I_Derm_D_I_I         | 0 0 0   | 15  1|        0.000000
  E_D_I_I_Derm_D_I_I_Derm_D_I_I         | 0 1 1   | 16  2|       -0.000000
  E_D_I_I_Derm_D_I_I_Derm_D_I_I         | 0 0 0   | 17  3|       -0.000000
  E_D_I_I_Derm_D_I_I_Derm_D_I_I         | 0 1 1   | 18  4|       -0.000000
  E_D_I_I_Derm_D_I_I_D_I_I_Derm_D_I_I   | 0 0 0 0 | 19  1|        0.000000
  E_D_I_I_Derm_D_I_I_D_I_I_Derm_D_I_I   | 0 0 1 1 | 20  2|       -0.000000
  E_D_I_I_Derm_C_I_NxmSxm               | 0 0     | 21  1|      -85.973110
  E_D_I_I_Derm_C_I_NxmSxm               | 1 1     | 22  2|      -28.657703
  __________________________________________________________________________
                                        Pairing terms
  __________________________________________________________________________
  E_DP_I_I_DP_I_I                       | n n     | 23  1|     -312.500000
  E_DP_I_I_DP_I_I                       | p p     | 24  2|     -312.500000
  E_D_I_I_DP_I_I_DP_I_I                 | 0 n n   | 25  1|     1953.125044
  E_D_I_I_DP_I_I_DP_I_I                 | 0 p p   | 26  2|     1953.125044
  __________________________________________________________________________
--------------------- Hartree-Fock basis-------------------------------------------------------------------
__________________________________________________________________________________________________________
   Neutron wavefunctions
  i     P   Rz   occ          E       d2h    Delta |   JxT    JyT    Jz      J   |   SxT    SyT    Sz
----------------------------------------------------------------------------------------------------------
  1  1.00  1.0  2.0000     -37.927  0.0E+00   0.00 |  -0.50   0.50   0.50   0.50 |  -0.50   0.50   0.50
 35 -1.00  1.0  2.0000     -30.391  0.0E+00   0.00 |  -0.00   1.50   0.00   1.50 |  -0.00   0.50   0.00
 36 -1.00  1.0  2.0000     -30.391  0.0E+00   0.00 |  -1.00  -0.50  -1.00   1.50 |  -0.33  -0.17  -0.33
 37 -1.00  1.0  2.0000     -28.852  0.0E+00   0.00 |   0.50  -0.50   0.50   0.50 |  -0.17   0.17  -0.17
  2  1.00  1.0  2.0000     -23.070  0.0E+00   0.00 |  -0.13   0.59   1.66   2.50 |  -0.03   0.12   0.33
  3  1.00  1.0  2.0000     -23.070  0.0E+00   0.00 |  -1.07   0.25   1.15   2.50 |  -0.21   0.05   0.23
  4  1.00  1.0  2.0000     -23.070  0.0E+00   0.00 |  -0.30   0.66  -1.30   2.50 |  -0.06   0.13  -0.26
  5  1.00  1.0  2.0000     -20.752  0.0E+00   0.00 |  -0.50   0.50   0.50   0.50 |  -0.50   0.50   0.50
  6  1.00  1.0  2.0000     -20.506  0.0E+00   0.00 |   0.25   0.21  -1.46   1.50 |  -0.05  -0.04   0.29
  7  1.00  1.0  2.0000     -20.506  0.0E+00   0.00 |   0.75  -1.21   0.46   1.50 |  -0.15   0.24  -0.09
 38 -1.00  1.0  2.0000     -15.964  0.0E+00   0.00 |   0.02   2.70   0.28   3.50 |   0.00   0.39   0.04
 39 -1.00  1.0  2.0000     -15.964  0.0E+00   0.00 |  -0.45   2.01   1.19   3.50 |  -0.06   0.29   0.17
 40 -1.00  1.0  2.0000     -15.964  0.0E+00   0.00 |  -0.75  -1.40  -1.16   3.50 |  -0.11  -0.20  -0.17
 41 -1.00  1.0  2.0000     -15.964  0.0E+00   0.00 |  -0.82  -1.31  -2.32   3.50 |  -0.12  -0.19  -0.33
 42 -1.00  1.0  2.0000     -12.786  0.0E+00   0.00 |  -1.00  -0.50  -1.00   1.50 |  -0.33  -0.17  -0.33
 43 -1.00  1.0  2.0000     -12.786  0.0E+00   0.00 |  -0.00   1.50   0.00   1.50 |  -0.00   0.50   0.00
 44 -1.00  1.0  2.0000     -12.375  0.0E+00   0.00 |   1.89  -1.04   0.55   2.50 |  -0.27   0.15  -0.08
 45 -1.00  1.0  2.0000     -12.375  0.0E+00   0.00 |  -0.23  -0.80  -1.39   2.50 |   0.03   0.11   0.20
 46 -1.00  1.0  2.0000     -12.375  0.0E+00   0.00 |  -0.17   0.33   2.33   2.50 |   0.02  -0.05  -0.33
 47 -1.00  1.0  2.0000     -11.247  0.0E+00   0.00 |   0.50  -0.50   0.50   0.50 |  -0.17   0.17  -0.17
  8  1.00  1.0  2.0000      -9.074  0.0E+00   0.00 |  -0.81   3.42   0.82   4.50 |  -0.09   0.38   0.09
  9  1.00  1.0  2.0000      -9.074  0.0E+00   0.00 |   2.16  -1.09  -0.39   4.50 |   0.24  -0.12  -0.04
 10  1.00  1.0  2.0000      -9.074  0.0E+00   0.00 |  -1.51   1.49  -1.49   4.50 |  -0.17   0.17  -0.17
 11  1.00  1.0  2.0000      -9.074  0.0E+00   0.00 |   0.79  -0.30   3.95   4.50 |   0.09  -0.03   0.44
 12  1.00  1.0  2.0000      -9.074  0.0E+00   0.00 |  -3.13  -1.02  -0.39   4.50 |  -0.35  -0.11  -0.04
 13  1.00  1.0  2.0000      -5.034  0.0E+00   0.00 |  -0.50   1.12   1.86   2.50 |  -0.10   0.22   0.37
 14  1.00  1.0  2.0000      -5.034  0.0E+00   0.00 |  -0.43  -1.11  -1.12   2.50 |  -0.09  -0.22  -0.22
 15  1.00  1.0  2.0000      -5.034  0.0E+00   0.00 |  -0.57   1.50   0.77   2.50 |  -0.11   0.30   0.15
 16  1.00  1.0  2.0000      -4.460  0.0E+00   0.00 |  -1.05  -2.38  -0.01   3.50 |   0.12   0.26   0.00
 17  1.00  1.0  2.0000      -4.460  0.0E+00   0.00 |   0.48  -2.24   0.43   3.50 |  -0.05   0.25  -0.05
 18  1.00  1.0  2.0000      -4.460  0.0E+00   0.00 |   1.27   0.77  -2.43   3.50 |  -0.14  -0.09   0.27
 19  1.00  1.0  2.0000      -4.460  0.0E+00   0.00 |   1.31   1.86   0.01   3.50 |  -0.15  -0.21  -0.00
 20  1.00  1.0  2.0000      -2.717  0.0E+00   0.00 |  -0.50   0.50   0.50   0.50 |  -0.50   0.50   0.50
 21  1.00  1.0  2.0000      -2.471  0.0E+00   0.00 |  -0.50  -1.00  -1.00   1.50 |   0.10   0.20   0.20
 22  1.00  1.0  2.0000      -2.471  0.0E+00   0.00 |   1.50   0.00   0.00   1.50 |  -0.30  -0.00  -0.00
 48 -1.00  1.0  2.0000      -2.400  0.0E+00   0.00 |  -1.07   4.23   0.94   5.50 |  -0.10   0.38   0.09
 49 -1.00  1.0  2.0000      -2.400  0.0E+00   0.00 |  -0.55  -0.97  -4.52   5.50 |  -0.05  -0.09  -0.41
 50 -1.00  1.0  2.0000      -2.400  0.0E+00   0.00 |  -1.15   2.98  -1.06   5.50 |  -0.10   0.27  -0.10
 51 -1.00  1.0  2.0000      -2.400  0.0E+00   0.00 |  -0.70  -1.89   0.55   5.50 |  -0.06  -0.17   0.05
 52 -1.00  1.0  2.0000      -2.400  0.0E+00   0.00 |  -2.34  -1.38  -0.23   5.50 |  -0.21  -0.13  -0.02
 53 -1.00  1.0  2.0000      -2.400  0.0E+00   0.00 |   2.81   0.03   1.33   5.50 |   0.26   0.00   0.12
 54 -1.00  1.0  2.0000       2.502  0.0E+00   0.00 |   1.73   1.06  -1.52   3.50 |   0.25   0.15  -0.22
 55 -1.00  1.0  2.0000       2.502  0.0E+00   0.00 |  -0.59   0.24  -1.83   3.50 |  -0.08   0.03  -0.26
 56 -1.00  1.0  2.0000       2.502  0.0E+00   0.00 |  -2.19  -1.10  -0.02   3.50 |  -0.31  -0.16  -0.00
 57 -1.00  1.0  2.0000       2.502  0.0E+00   0.00 |  -0.95   1.80   1.36   3.50 |  -0.14   0.26   0.19
 58 -1.00  1.0  2.0000       3.240  0.0E+00   0.00 |  -0.49  -2.49  -2.16   4.50 |   0.04   0.23   0.20
 59 -1.00  1.0  2.0000       3.240  0.0E+00   0.00 |   2.27  -1.36   0.17   4.50 |  -0.21   0.12  -0.02
 60 -1.00  1.0  2.0000       3.240  0.0E+00   0.00 |   0.14   0.70   3.65   4.50 |  -0.01  -0.06  -0.33
 61 -1.00  1.0  2.0000       3.240  0.0E+00   0.00 |   0.45   1.82  -0.65   4.50 |  -0.04  -0.17   0.06
 62 -1.00  1.0  2.0000       3.240  0.0E+00   0.00 |   0.13  -1.17   1.48   4.50 |  -0.01   0.11  -0.13
 23  1.00  1.0  2.0000       4.060  0.0E+00   0.00 |   1.54  -0.17   3.26   6.50 |   0.12  -0.01   0.25
 24  1.00  1.0  2.0000       4.060  0.0E+00   0.00 |   0.65  -1.50   2.47   6.50 |   0.05  -0.12   0.19
 25  1.00  1.0  2.0000       4.060  0.0E+00   0.00 |  -1.23  -3.09   0.83   6.50 |  -0.09  -0.24   0.06
 26  1.00  1.0  2.0000       4.060  0.0E+00   0.00 |  -2.61   1.13  -0.94   6.50 |  -0.20   0.09  -0.07
 27  1.00  1.0  2.0000       4.060  0.0E+00   0.00 |  -0.36   5.16   1.24   6.50 |  -0.03   0.40   0.10
 28  1.00  1.0  2.0000       4.060  0.0E+00   0.00 |   0.14   2.63   0.52   6.50 |   0.01   0.20   0.04
 29  1.00  1.0  2.0000       4.060  0.0E+00   0.00 |  -1.63  -0.64  -3.89   6.50 |  -0.13  -0.05  -0.30
 63 -1.00  1.0  2.0000       5.681  0.0E+00   0.00 |  -0.00   1.50   0.00   1.50 |   0.00   0.50  -0.00
 64 -1.00  1.0  2.0000       5.681  0.0E+00   0.00 |  -1.00  -0.50  -1.00   1.50 |  -0.33  -0.17  -0.33
 65 -1.00  1.0  2.0000       6.091  0.0E+00   0.00 |  -0.76  -2.03  -0.66   2.50 |   0.11   0.29   0.09
 66 -1.00  1.0  2.0000       6.091  0.0E+00   0.00 |   1.84  -0.47   1.10   2.50 |  -0.26   0.07  -0.16
 67 -1.00  1.0  2.0000       6.091  0.0E+00   0.00 |   0.42   0.99   1.06   2.50 |  -0.06  -0.14  -0.15
 68 -1.00  1.0  2.0000       7.219  0.0E+00   0.00 |   0.50  -0.50   0.50   0.50 |  -0.17   0.17  -0.17
 30  1.00  1.0  0.0000       9.823  0.0E+00   0.00 |  -1.62  -1.27  -1.07   4.50 |  -0.18  -0.14  -0.12
 31  1.00  1.0  0.0000       9.823  0.0E+00   0.00 |   1.32   1.34   1.25   4.50 |   0.15   0.15   0.14
 32  1.00  1.0  0.0000       9.823  0.0E+00   0.00 |  -0.56   0.24   3.83   4.50 |  -0.06   0.03   0.43
 33  1.00  1.0  0.0000       9.823  0.0E+00   0.00 |  -1.17  -1.76  -2.34   4.50 |  -0.13  -0.20  -0.26
 34 -1.00  1.0  0.0000       9.823  0.0E+00   0.00 |  -0.47   3.95   0.84   4.50 |  -0.05   0.44   0.09
 69 -1.00  1.0  0.0000      10.304  0.0E+00   0.00 |  -4.25  -1.98  -1.53   7.50 |  -0.28  -0.13  -0.10
 70  1.00  1.0  0.0000      10.304  0.0E+00   0.00 |   3.08   1.94  -1.67   7.50 |   0.21   0.13  -0.11
__________________________________________________________________________________________________________
   Proton  wavefunctions
  i     P   Rz   occ          E       d2h    Delta |   JxT    JyT    Jz      J   |   SxT    SyT    Sz
----------------------------------------------------------------------------------------------------------
 71  1.00  1.0  2.0000     -37.364  0.0E+00   0.00 |  -0.50   0.50   0.50   0.50 |  -0.50   0.50   0.50
 97 -1.00  1.0  2.0000     -29.477  0.0E+00   0.00 |  -0.00   1.50   0.00   1.50 |  -0.00   0.50   0.00
 98 -1.00  1.0  2.0000     -29.477  0.0E+00   0.00 |  -1.00  -0.50  -1.00   1.50 |  -0.33  -0.17  -0.33
 99 -1.00  1.0  2.0000     -27.867  0.0E+00   0.00 |   0.50  -0.50   0.50   0.50 |  -0.17   0.17  -0.17
 72  1.00  1.0  2.0000     -21.911  0.0E+00   0.00 |   0.42   0.06   2.00   2.50 |   0.08   0.01   0.40
 73  1.00  1.0  2.0000     -21.911  0.0E+00   0.00 |  -1.14   1.43   0.85   2.50 |  -0.23   0.29   0.17
 74  1.00  1.0  2.0000     -21.911  0.0E+00   0.00 |  -0.78   0.01  -1.35   2.50 |  -0.16   0.00  -0.27
 75  1.00  1.0  2.0000     -19.228  0.0E+00   0.00 |  -0.25  -0.31  -1.45   1.50 |   0.05   0.06   0.29
 76  1.00  1.0  2.0000     -19.228  0.0E+00   0.00 |   1.25  -0.69   0.45   1.50 |  -0.25   0.14  -0.09
 77  1.00  1.0  2.0000     -18.906  0.0E+00   0.00 |  -0.50   0.50   0.50   0.50 |  -0.50   0.50   0.50
100 -1.00  1.0  2.0000     -14.668  0.0E+00   0.00 |  -0.31   0.19  -2.99   3.50 |  -0.04   0.03  -0.43
101 -1.00  1.0  2.0000     -14.668  0.0E+00   0.00 |   0.59  -0.72   2.24   3.50 |   0.08  -0.10   0.32
102 -1.00  1.0  2.0000     -14.668  0.0E+00   0.00 |  -2.47  -0.93  -1.06   3.50 |  -0.35  -0.13  -0.15
103 -1.00  1.0  2.0000     -14.668  0.0E+00   0.00 |   0.19   3.46  -0.19   3.50 |   0.03   0.49  -0.03
104 -1.00  1.0  2.0000     -10.911  0.0E+00   0.00 |   0.55  -0.48   2.27   2.50 |  -0.08   0.07  -0.32
105 -1.00  1.0  2.0000     -10.911  0.0E+00   0.00 |   0.01   0.95  -1.20   2.50 |  -0.00  -0.14   0.17
106 -1.00  1.0  2.0000     -10.911  0.0E+00   0.00 |   0.94  -1.97   0.43   2.50 |  -0.13   0.28  -0.06
107 -1.00  1.0  2.0000     -10.375  0.0E+00   0.00 |  -1.37   0.50   0.37   1.50 |  -0.46   0.17   0.12
108 -1.00  1.0  2.0000     -10.375  0.0E+00   0.00 |   0.37   0.50  -1.37   1.50 |   0.12   0.17  -0.46
109 -1.00  1.0  2.0000      -8.765  0.0E+00   0.00 |   0.50  -0.50   0.50   0.50 |  -0.17   0.17  -0.17
 78  1.00  1.0  2.0000      -7.746  0.0E+00   0.00 |   1.81   1.37   1.21   4.50 |   0.20   0.15   0.13
 79  1.00  1.0  2.0000      -7.746  0.0E+00   0.00 |  -0.04   0.33   4.10   4.50 |  -0.00   0.04   0.46
 80  1.00  1.0  2.0000      -7.746  0.0E+00   0.00 |   0.35   4.16  -0.05   4.50 |   0.04   0.46  -0.01
 81  1.00  1.0  2.0000      -7.746  0.0E+00   0.00 |  -2.39  -2.27  -0.68   4.50 |  -0.27  -0.25  -0.08
 82  1.00  1.0  2.0000      -7.746  0.0E+00   0.00 |  -2.24  -1.09  -2.08   4.50 |  -0.25  -0.12  -0.23
 83  1.00  1.0  2.0000      -2.917  0.0E+00   0.00 |  -0.99  -2.57  -0.86   3.50 |   0.11   0.29   0.10
 84  1.00  1.0  2.0000      -2.917  0.0E+00   0.00 |   2.98  -0.43   0.88   3.50 |  -0.33   0.05  -0.10
 85  1.00  1.0  2.0000      -2.917  0.0E+00   0.00 |  -0.65  -1.07  -2.72   3.50 |   0.07   0.12   0.30
 86  1.00  1.0  2.0000      -2.917  0.0E+00   0.00 |   0.66   2.07   0.70   3.50 |  -0.07  -0.23  -0.08
 87  1.00  1.0  2.0000      -2.165  0.0E+00   0.00 |  -0.46  -1.29  -0.89   2.50 |  -0.09  -0.26  -0.18
 88  1.00  1.0  2.0000      -2.165  0.0E+00   0.00 |  -0.71   0.47   2.18   2.50 |  -0.14   0.09   0.44
 89  1.00  1.0  2.0000      -2.165  0.0E+00   0.00 |  -0.33   2.32   0.22   2.50 |  -0.07   0.46   0.04
110 -1.00  1.0  2.0000      -1.147  0.0E+00   0.00 |  -1.61  -1.13  -3.40   5.50 |  -0.15  -0.10  -0.31
111 -1.00  1.0  2.0000      -1.147  0.0E+00   0.00 |   0.27   1.75   2.85   5.50 |   0.02   0.16   0.26
112 -1.00  1.0  2.0000      -1.147  0.0E+00   0.00 |  -1.43  -0.87  -2.74   5.50 |  -0.13  -0.08  -0.25
113 -1.00  1.0  2.0000      -1.147  0.0E+00   0.00 |  -1.37   3.29   1.55   5.50 |  -0.12   0.30   0.14
114 -1.00  1.0  2.0000      -1.147  0.0E+00   0.00 |  -2.08  -0.89  -1.24   5.50 |  -0.19  -0.08  -0.11
115 -1.00  1.0  2.0000      -1.147  0.0E+00   0.00 |   3.22   0.85  -0.02   5.50 |   0.29   0.08  -0.00
 90  1.00  1.0  2.0000       0.518  0.0E+00   0.00 |  -0.50  -1.00  -1.00   1.50 |   0.10   0.20   0.20
 91  1.00  1.0  2.0000       0.518  0.0E+00   0.00 |   1.50   0.00   0.00   1.50 |  -0.30  -0.00  -0.00
 92  1.00  1.0  2.0000       0.840  0.0E+00   0.00 |  -0.50   0.50   0.50   0.50 |  -0.50   0.50   0.50
116 -1.00  1.0  0.0000       4.756  0.0E+00   0.00 |  -0.00  -1.51  -2.67   4.50 |   0.00   0.14   0.24
117 -1.00  1.0  0.0000       4.756  0.0E+00   0.00 |  -0.57   0.93   2.51   4.50 |   0.05  -0.08  -0.23
118 -1.00  1.0  0.0000       4.756  0.0E+00   0.00 |  -1.00   1.54  -0.39   4.50 |   0.09  -0.14   0.04
119 -1.00  1.0  0.0000       4.756  0.0E+00   0.00 |   1.88  -2.49   0.78   4.50 |  -0.17   0.23  -0.07
120 -1.00  1.0  0.0000       4.756  0.0E+00   0.00 |   2.19  -0.98   2.27   4.50 |  -0.20   0.09  -0.21
 93  1.00  1.0  0.0000       5.131  0.0E+00   0.00 |  -3.63   2.24   1.22   6.50 |  -0.28   0.17   0.09
 94  1.00  1.0  0.0000       5.131  0.0E+00   0.00 |  -0.22   2.42   2.10   6.50 |  -0.02   0.19   0.16
 95  1.00  1.0  0.0000       5.131  0.0E+00   0.00 |  -1.39  -3.75  -1.93   6.50 |  -0.11  -0.29  -0.15
 96 -1.00  1.0  0.0000       5.131  0.0E+00   0.00 |  -0.06   2.44   3.62   6.50 |  -0.00   0.19   0.28
----------------------------------------------------------------------------------------------------------
------------------------ Electric Multipole Moments -------------------------
Quantisation Axis             : Z
  With secondary axis ordering: X,Y
  Calculated wrt to COM = (   0.000   0.000   0.000)
______________________________________________________________________________
                   Neutrons        Protons          Charge         Total
______________________________________________________________________________
 Particles          126.0000         82.0000         82.0000        208.0000

Re  Q_{ 2 0}          0.0000         -0.0000         -0.0000          0.0000
Re  Q_{ 2 2}          0.0000          0.0000          0.0000          0.0000

Re  Q_{ 4 0}         -0.0027         -0.0001          1.2516         -0.0028
Re  Q_{ 4 2}         -0.0000          0.0000          0.0000          0.0000
Re  Q_{ 4 4}         -0.0016         -0.0000          0.7480         -0.0017

Re  Q_{ 6 0}         -0.1007         -0.0031         -0.5924         -0.1038
Re  Q_{ 6 2}          0.0000          0.0000          0.0000          0.0000
Re  Q_{ 6 4}          0.1884          0.0058          1.1083          0.1942
Re  Q_{ 6 6}          0.0000          0.0000          0.0000          0.0000

Re  Q_{ 8 0}        -60.8628         -1.9201         69.7986        -62.7829
Re  Q_{ 8 2}          0.0000         -0.0000         -0.0000         -0.0000
Re  Q_{ 8 4}        -22.8875         -0.7221         26.2478        -23.6096
Re  Q_{ 8 6}          0.0000          0.0000          0.0000          0.0000
Re  Q_{ 8 8}        -34.8719         -1.1002         39.9918        -35.9721

Re  Q_{10 0}      -2513.4000        -82.3634       2284.4430      -2595.7634
Re  Q_{10 2}          0.0000         -0.0000         -0.0000          0.0000
Re  Q_{10 4}       2532.6601         82.9945      -2301.9485       2615.6546
Re  Q_{10 6}          0.0000          0.0000         -0.0000          0.0000
Re  Q_{10 8}       3014.4685         98.7833      -2739.8668       3113.2517
Re  Q_{1010}          0.0000         -0.0000         -0.0000          0.0000

 RMS radius           5.3235          4.8575          4.9148          5.1448
 Fourth mom.          5.7234          5.2280          5.2992          5.5437
______________________________________________________________________________
                   Neutrons        Protons          Charge         Total
______________________________________________________________________________

Beta_{ 2 0}       0.00000000     -0.00000000     -0.00000000      0.00000000
Beta_{ 2 2}       0.00000000      0.00000000      0.00000000      0.00000000

Beta_{ 4 0}      -0.00000002     -0.00000000      0.00000986     -0.00000002
Beta_{ 4 2}      -0.00000000      0.00000000      0.00000000      0.00000000
Beta_{ 4 4}      -0.00000001     -0.00000000      0.00000589     -0.00000001

Beta_{ 6 0}      -0.00000002     -0.00000000     -0.00000009     -0.00000002
Beta_{ 6 2}       0.00000000      0.00000000      0.00000000      0.00000000
Beta_{ 6 4}       0.00000003      0.00000000      0.00000017      0.00000003
Beta_{ 6 6}       0.00000000      0.00000000      0.00000000      0.00000000

Beta_{ 8 0}      -0.00000019     -0.00000001      0.00000022     -0.00000019
Beta_{ 8 2}       0.00000000     -0.00000000     -0.00000000     -0.00000000
Beta_{ 8 4}      -0.00000007     -0.00000000      0.00000008     -0.00000007
Beta_{ 8 6}       0.00000000      0.00000000      0.00000000      0.00000000
Beta_{ 8 8}      -0.00000011     -0.00000000      0.00000012     -0.00000011

Beta_{10 0}      -0.00000015     -0.00000001      0.00000014     -0.00000016
Beta_{10 2}       0.00000000     -0.00000000     -0.00000000      0.00000000
Beta_{10 4}       0.00000015      0.00000001     -0.00000014      0.00000016
Beta_{10 6}       0.00000000      0.00000000     -0.00000000      0.00000000
Beta_{10 8}       0.00000018      0.00000001     -0.00000017      0.00000019
Beta_{1010}       0.00000000     -0.00000000     -0.00000000      0.00000000


______________________________________________________________________________
                   Neutrons        Protons          Charge         Total
______________________________________________________________________________
Q_{ 2}                0.0000          0.0000          0.0000          0.0000
Q_{ 4}                0.0035          0.0001          1.6387          0.0036
Q_{ 6}                0.2848          0.0088          1.6755          0.2936
Q_{ 8}               84.7588          2.6740         97.2030         87.4328
Q_{10}             6109.0060        200.1903       5552.5088       6309.1963
______________________________________________________________________________
                   Neutrons        Protons          Charge         Total
______________________________________________________________________________
Beta_{   2}       0.00000000      0.00000000      0.00000000      0.00000000
Beta_{   4}       0.00000003      0.00000000      0.00001291      0.00000003
Beta_{   6}       0.00000004      0.00000000      0.00000026      0.00000005
Beta_{   8}       0.00000026      0.00000001      0.00000030      0.00000027
Beta_{  10}       0.00000037      0.00000001      0.00000034      0.00000038
______________________________________________________________________________
 Cart. Moments X              Y              Z
 Cart. N       -0.0000000     -0.0000000      0.0000000
 Cart. P        0.0000000     -0.0000000     -0.0000000
 Cart. T       -0.0000000     -0.0000000      0.0000000
 (Q, gamma)    Q              Gamma
 (Q,g) N        0.0000000      0.0000000
 (Q,g) P        0.0000000      0.0000000
 (Q,g) T        0.0000000      0.0000000
 (iq1, iq2)    iq1            iq2
 iq    N        0.0000000      0.0000000
 iq    P        0.0000000      0.0000000
 iq    T        0.0000000      0.0000000
               X^2            Y^2            Z^2
 X^2_i N     1190.2496924   1190.2496924   1190.2496924
 X^2_i P      644.9291824    644.9291824    644.9291824
 X^2_i T     1835.1788748   1835.1788748   1835.1788748
----------------------------------------------------------------------------
----------------------- Box Size Check -------------------------
 Xmax = (nx+0.5)dx = 12.250 fm,  max(rho(X=Xmax)) =    4.396E-08
 Ymax = (ny+0.5)dx = 12.250 fm,  max(rho(Y=Ymax)) =    4.396E-08
 Zmax = (nz+0.5)dx = 12.250 fm,  max(rho(Z=Zmax)) =    4.396E-08
---------------------Rotational properties--------------------
                Rigid rotor          (hbar^2/MeV)
              n              p              t 
 I_R X      57.4014910     31.1026308     88.5041218
 I_R Y      57.4014910     31.1026308     88.5041218
 I_R Z      57.4014910     31.1026308     88.5041218

                Belyaev                 (hbar^2/MeV) 
              n              p              t 
 I_B X       0.0000000      0.0000000      0.0000000
 I_B Y       0.0000000      0.0000000      0.0000000
 I_B Z       0.0000000      0.0000000      0.0000000

                Belyaev (collective)    (hbar^2/MeV) 
              n              p              t 
 I_B X       0.0000000      0.0000000      0.0000000
 I_B Y       0.0000000      0.0000000      0.0000000
 I_B Z       0.0000000      0.0000000      0.0000000

                 <J^2> - <J>^2          (hbar^2)
              n              p              t 
 J2_X        0.0000000      0.0000000      0.0000000
 J2_Y        0.0000000      0.0000000      0.0000000
 J2_Z        0.0000000      0.0000000      0.0000000
 J2_t        0.0000000      0.0000000      0.0000000

                 <J^2> - <J>^2 (coll.)  (hbar^2)
              n              p              t 
 J2_X        0.0000000      0.0000000      0.0000000
 J2_Y        0.0000000      0.0000000      0.0000000
 J2_Z        0.0000000      0.0000000      0.0000000
 J2_t        0.0000000      0.0000000      0.0000000
------------------------- Angular Momentum (hbar) --------------------------

               Spwfs(*)    Desired     Omega       E (MeV)      Densit. 
  __________________________________________________________________________
   J_x   |     0.00000     0.00000     0.00000     0.00000     0.00000
   J_y   |     0.00000     0.00000     0.00000     0.00000     0.00000
   J_z   |     0.00000     0.00000     0.00000     0.00000     0.00000
  __________________________________________________________________________
   Size  |     0.00000     0.00000     0.00000                 0.00000
  --------------------------------------------------------------------------
--------------------------------------------------------------------------------
 Skyrme Energy                Isospin  1 2 3 4                   Energy [MeV]
--------------------------------------------------------------------------------
E_D_I_I_D_I_I                          0 0                     -21316.123162
E_D_I_I_D_I_I                          1 1                        402.006305
E_D_I_I_D_I_I_D_I_I                    0 0 0                    13165.178993
E_D_I_I_D_I_I_D_I_I                    0 1 1                     -249.440976
E_D_I_I_D_Nm_Nm                        0 0                       1126.257767
E_D_I_I_D_Nm_Nm                        1 1                        -20.539531
E_D_I_I_Lap_D_I_I                      0 0                        291.376061
E_D_I_I_Lap_D_I_I                      1 1                         -0.217484
E_C_I_NmSk_C_I_NmSk                    0 0                         -0.000000
E_C_I_NmSk_C_I_NmSk                    1 1                         -0.000000
E_D_I_I_D_I_I_D_Nm_Nm                  0 0 0                        0.000000
E_D_I_I_D_I_I_D_Nm_Nm                  0 1 1                       -0.000000
E_D_I_I_D_I_I_D_Nm_Nm                  0 0 0                        0.000000
E_D_I_I_D_I_I_D_Nm_Nm                  0 1 1                        0.000000
E_D_I_I_Derm_D_I_I_Derm_D_I_I          0 0 0                        0.000000
E_D_I_I_Derm_D_I_I_Derm_D_I_I          0 1 1                       -0.000000
E_D_I_I_Derm_D_I_I_Derm_D_I_I          0 0 0                       -0.000000
E_D_I_I_Derm_D_I_I_Derm_D_I_I          0 1 1                       -0.000000
E_D_I_I_Derm_D_I_I_D_I_I_Derm_D_I_I    0 0 0 0                      0.000000
E_D_I_I_Derm_D_I_I_D_I_I_Derm_D_I_I    0 0 1 1                     -0.000000
E_D_I_I_Derm_C_I_NxmSxm                0 0                       -107.107555
E_D_I_I_Derm_C_I_NxmSxm                1 1                         -0.759873
E_DP_I_I_DP_I_I                        n n                         -0.000000
E_DP_I_I_DP_I_I                        p p                         -0.000000
E_D_I_I_DP_I_I_DP_I_I                  0 n n                        0.000000
E_D_I_I_DP_I_I_DP_I_I                  0 p p                        0.000000
--------------------------------------------------------------------------------
                 Total Skyrme:                                  -6709.369455
--------------------------------------------------------------------------------
                    time-even:                                  -6709.369455
                    time-odd :                                      0.000000
                    bilinear :                                 -19625.107471
                    trilinear:                                      0.000000
                 quadrilinear:                                      0.000000
            density-dependent:                                  12915.738017
--------------------------------------------------------------------------------
--------------------------------------------------------------------------------
                                     neutron        proton         total
                Kinetic Energy:    2786.913464    1656.404475    4443.317938
                    COM 1-body:     -13.398622      -7.963483     -21.362105
                    COM 2-body:       9.744453       5.471095      15.215548
                            ph:       9.744453       5.471095      15.215548
                            pp:       0.000000       0.000000       0.000000

                Coulomb Direct:       0.000000     926.336344     926.336344
                  Dir. (point):       0.000000     931.267045     931.267045
                      Exchange:       0.000000       0.000000       0.000000
                  Exc. (point):       0.000000       0.000000       0.000000

               Pairing (delta):       0.000000       0.000000       0.000000
               Pairing (densi):                                     0.000000
--------------------------------------------------------------------------------
                  Total energy:                                 -1345.861730
                    from spwfs:                                  -546.490235
                   E_fu - E_sp:                                -0.799371E+03
                      Routhian:                                 -1345.861730
                         dE   :                                -0.134586E+04
                         dR   :                                -0.134586E+04
--------------------------------------------------------------------------------
--------------------------------------------------------------------------------------
 Iteration =    1
 dt    =   0.0090      mu   =   0.0000 gradn =    0.000E+00 D2H  =    1.084E+02
 E     =  -1382.048    DE   = -0.26183E-01
 R     =  -1382.048    DR   = -0.26183E-01
 R-E   =      0.000  D(R-E) =  0.00000E+00
 dmun  =  0.0E+00      dmup=  0.0E+00
 RQ20t =      -0.0000   dQ = -2.1E-08  L =       0.0000   dL =  0.0E+00  dev =  0.0E+00
 RQ22t =      -0.0000   dQ = -3.6E-10  L =       0.0000   dL =  0.0E+00  dev =  0.0E+00
 Jz    =       0.0000   dJZ=  0.0E+00 Om =       0.0000   dO =  0.0E+00  dev =  0.0E+00
--------------------------------------------------------------------------------------
 Iteration =    2
 dt    =   0.0172      mu   =   0.9253 gradn =    0.000E+00 D2H  =    9.224E+01
 E     =  -1461.652    DE   = -0.54462E-01
 R     =  -1461.652    DR   = -0.54462E-01
 R-E   =      0.000  D(R-E) =  0.00000E+00
 dmun  =  0.0E+00      dmup=  0.0E+00
 RQ20t =      -0.0000   dQ = -7.9E-08  L =       0.0000   dL =  0.0E+00  dev =  0.0E+00
 RQ22t =      -0.0000   dQ = -2.0E-09  L =       0.0000   dL =  0.0E+00  dev =  0.0E+00
 Jz    =       0.0000   dJZ=  0.0E+00 Om =       0.0000   dO =  0.0E+00  dev =  0.0E+00
--------------------------------------------------------------------------------------
 Iteration =    3
 dt    =   0.0171      mu   =   0.9144 gradn =    0.000E+00 D2H  =    5.789E+01
 E     =  -1535.816    DE   = -0.48289E-01
 R     =  -1535.816    DR   = -0.48289E-01
 R-E   =      0.000  D(R-E) =  0.00000E+00
 dmun  =  0.0E+00      dmup=  0.0E+00
 RQ20t =      -0.0000   dQ = -1.8E-07  L =       0.0000   dL =  0.0E+00  dev =  0.0E+00
 RQ22t =       0.0000   dQ =  1.5E-08  L =       0.0000   dL =  0.0E+00  dev =  0.0E+00
 Jz    =       0.0000   dJZ=  0.0E+00 Om =       0.0000   dO =  0.0E+00  dev =  0.0E+00
--------------------------------------------------------------------------------------
 Iteration =    4
 dt    =   0.0165      mu   =   0.8524 gradn =    0.000E+00 D2H  =    2.827E+01
 E     =  -1573.846    DE   = -0.24164E-01
 R     =  -1573.846    DR   = -0.24164E-01
 R-E   =      0.000  D(R-E) =  0.00000E+00
 dmun  =  0.0E+00      dmup=  0.0E+00
 RQ20t =      -0.0000   dQ = -3.1E-07  L =       0.0000   dL =  0.0E+00  dev =  0.0E+00
 RQ22t =       0.0000   dQ =  6.1E-08  L =       0.0000   dL =  0.0E+00  dev =  0.0E+00
 Jz    =       0.0000   dJZ=  0.0E+00 Om =       0.0000   dO =  0.0E+00  dev =  0.0E+00
--------------------------------------------------------------------------------------
 Iteration =    5
 dt    =   0.0161      mu   =   0.8107 gradn =    0.000E+00 D2H  =    1.459E+01
 E     =  -1581.182    DE   = -0.46397E-02
 R     =  -1581.182    DR   = -0.46397E-02
 R-E   =      0.000  D(R-E) =  0.00000E+00
 dmun  =  0.0E+00      dmup=  0.0E+00
 RQ20t =      -0.0000   dQ = -3.8E-07  L =       0.0000   dL =  0.0E+00  dev =  0.0E+00
 RQ22t =       0.0000   dQ =  9.9E-08  L =       0.0000   dL =  0.0E+00  dev =  0.0E+00
 Jz    =       0.0000   dJZ=  0.0E+00 Om =       0.0000   dO =  0.0E+00  dev =  0.0E+00
--------------------------------------------------------------------------------------
 Iteration =    6
 dt    =   0.0160      mu   =   0.7950 gradn =    0.000E+00 D2H  =    1.218E+01
 E     =  -1576.415    DE   =  0.30240E-02
 R     =  -1576.415    DR   =  0.30240E-02
 R-E   =      0.000  D(R-E) =  0.00000E+00
 dmun  =  0.0E+00      dmup=  0.0E+00
 RQ20t =      -0.0000   dQ = -3.9E-07  L =       0.0000   dL =  0.0E+00  dev =  0.0E+00
 RQ22t =       0.0000   dQ =  1.1E-07  L =       0.0000   dL =  0.0E+00  dev =  0.0E+00
 Jz    =       0.0000   dJZ=  0.0E+00 Om =       0.0000   dO =  0.0E+00  dev =  0.0E+00
--------------------------------------------------------------------------------------
 Iteration =    7
 dt    =   0.0159      mu   =   0.7883 gradn =    0.000E+00 D2H  =    1.358E+01
 E     =  -1573.498    DE   =  0.18533E-02
 R     =  -1573.498    DR   =  0.18533E-02
 R-E   =      0.000  D(R-E) =  0.00000E+00
 dmun  =  0.0E+00      dmup=  0.0E+00
 RQ20t =      -0.0000   dQ = -3.6E-07  L =       0.0000   dL =  0.0E+00  dev =  0.0E+00
 RQ22t =       0.0000   dQ =  7.4E-08  L =       0.0000   dL =  0.0E+00  dev =  0.0E+00
 Jz    =       0.0000   dJZ=  0.0E+00 Om =       0.0000   dO =  0.0E+00  dev =  0.0E+00
--------------------------------------------------------------------------------------
 Iteration =    8
 dt    =   0.0159      mu   =   0.7868 gradn =    0.000E+00 D2H  =    1.449E+01
 E     =  -1577.854    DE   = -0.27602E-02
 R     =  -1577.854    DR   = -0.27602E-02
 R-E   =      0.000  D(R-E) =  0.00000E+00
 dmun  =  0.0E+00      dmup=  0.0E+00
 RQ20t =      -0.0000   dQ = -3.4E-07  L =       0.0000   dL =  0.0E+00  dev =  0.0E+00
 RQ22t =       0.0000   dQ =  2.4E-08  L =       0.0000   dL =  0.0E+00  dev =  0.0E+00
 Jz    =       0.0000   dJZ=  0.0E+00 Om =       0.0000   dO =  0.0E+00  dev =  0.0E+00
--------------------------------------------------------------------------------------
 Iteration =    9
 dt    =   0.0160      mu   =   0.7884 gradn =    0.000E+00 D2H  =    1.347E+01
 E     =  -1588.364    DE   = -0.66168E-02
 R     =  -1588.364    DR   = -0.66168E-02
 R-E   =      0.000  D(R-E) =  0.00000E+00
 dmun  =  0.0E+00      dmup=  0.0E+00
 RQ20t =      -0.0000   dQ = -3.7E-07  L =       0.0000   dL =  0.0E+00  dev =  0.0E+00
 RQ22t =       0.0000   dQ = -2.4E-08  L =       0.0000   dL =  0.0E+00  dev =  0.0E+00
 Jz    =       0.0000   dJZ=  0.0E+00 Om =       0.0000   dO =  0.0E+00  dev =  0.0E+00
--------------------------------------------------------------------------------------
--------------------------------------------------------------------------------------
                              Iteration =    10

--------------------- Hartree-Fock basis-------------------------------------------------------------------
__________________________________________________________________________________________________________
   Neutron wavefunctions
  i     P   Rz   occ          E       d2h    Delta |   JxT    JyT    Jz      J   |   SxT    SyT    Sz
----------------------------------------------------------------------------------------------------------
  1  1.00  1.0  2.0000     -48.285  8.2E+00   0.00 |  -0.50   0.50   0.50   0.50 |  -0.50   0.50   0.50
 36 -1.00  1.0  2.0000     -44.047  8.7E+00   0.00 |  -1.00  -0.50  -1.00   1.50 |  -0.33  -0.17  -0.33
 35 -1.00  1.0  2.0000     -44.047  8.7E+00   0.00 |  -0.00   1.50  -0.00   1.50 |  -0.00   0.50  -0.00
 37 -1.00  1.0  2.0000     -43.993  5.8E+00   0.00 |   0.50  -0.50   0.50   0.50 |  -0.17   0.17  -0.17
  4  1.00  1.0  2.0000     -38.469  9.5E+00   0.00 |  -0.30   0.66  -1.30   2.50 |  -0.06   0.13  -0.26
  2  1.00  1.0  2.0000     -38.469  9.5E+00   0.00 |  -0.13   0.59   1.66   2.50 |  -0.03   0.12   0.33
  3  1.00  1.0  2.0000     -38.469  9.5E+00   0.00 |  -1.07   0.25   1.15   2.50 |  -0.21   0.05   0.23
  6  1.00  1.0  2.0000     -37.614  4.8E+00   0.00 |   0.25   0.21  -1.46   1.50 |  -0.05  -0.04   0.29
  7  1.00  1.0  2.0000     -37.614  4.8E+00   0.00 |   0.75  -1.21   0.46   1.50 |  -0.15   0.24  -0.09
  5  1.00  1.0  2.0000     -34.397  1.6E+01   0.00 |  -0.50   0.50   0.50   0.50 |  -0.50   0.50   0.50
 39 -1.00  1.0  2.0000     -32.032  9.8E+00   0.00 |  -0.45   2.01   1.19   3.50 |  -0.06   0.29   0.17
 41 -1.00  1.0  2.0000     -32.032  9.8E+00   0.00 |  -0.82  -1.31  -2.32   3.50 |  -0.12  -0.19  -0.33
 40 -1.00  1.0  2.0000     -32.032  9.8E+00   0.00 |  -0.75  -1.40  -1.16   3.50 |  -0.11  -0.20  -0.17
 38 -1.00  1.0  2.0000     -32.032  9.8E+00   0.00 |   0.02   2.70   0.28   3.50 |   0.00   0.39   0.04
 45 -1.00  1.0  2.0000     -29.821  3.4E+00   0.00 |  -0.23  -0.80  -1.39   2.50 |   0.03   0.11   0.20
 46 -1.00  1.0  2.0000     -29.821  3.4E+00   0.00 |  -0.17   0.33   2.33   2.50 |   0.02  -0.05  -0.33
 44 -1.00  1.0  2.0000     -29.821  3.4E+00   0.00 |   1.89  -1.04   0.55   2.50 |  -0.27   0.15  -0.08
 42 -1.00  1.0  2.0000     -26.650  1.4E+01   0.00 |  -1.00  -0.50  -1.00   1.50 |  -0.33  -0.17  -0.33
 43 -1.00  1.0  2.0000     -26.650  1.4E+01   0.00 |  -0.00   1.50  -0.00   1.50 |  -0.00   0.50  -0.00
 47 -1.00  1.0  2.0000     -25.934  8.2E+00   0.00 |   0.50  -0.50   0.50   0.50 |  -0.17   0.17  -0.17
  9  1.00  1.0  2.0000     -25.011  9.4E+00   0.00 |   2.16  -1.09  -0.39   4.50 |   0.24  -0.12  -0.04
 10  1.00  1.0  2.0000     -25.011  9.4E+00   0.00 |  -1.51   1.49  -1.49   4.50 |  -0.17   0.17  -0.17
 12  1.00  1.0  2.0000     -25.011  9.4E+00   0.00 |  -3.13  -1.02  -0.39   4.50 |  -0.35  -0.11  -0.04
  8  1.00  1.0  2.0000     -25.011  9.4E+00   0.00 |  -0.81   3.42   0.82   4.50 |  -0.09   0.38   0.09
 11  1.00  1.0  2.0000     -25.011  9.4E+00   0.00 |   0.79  -0.30   3.95   4.50 |   0.09  -0.03   0.44
 17  1.00  1.0  2.0000     -20.963  2.0E+00   0.00 |   0.48  -2.24   0.43   3.50 |  -0.05   0.25  -0.05
 19  1.00  1.0  2.0000     -20.963  2.0E+00   0.00 |   1.31   1.86   0.01   3.50 |  -0.15  -0.21  -0.00
 16  1.00  1.0  2.0000     -20.963  2.0E+00   0.00 |  -1.05  -2.38  -0.01   3.50 |   0.12   0.26   0.00
 18  1.00  1.0  2.0000     -20.963  2.0E+00   0.00 |   1.27   0.77  -2.43   3.50 |  -0.14  -0.09   0.27
 13  1.00  1.0  2.0000     -18.865  1.2E+01   0.00 |  -0.50   1.12   1.86   2.50 |  -0.10   0.22   0.37
 15  1.00  1.0  2.0000     -18.865  1.2E+01   0.00 |  -0.57   1.50   0.77   2.50 |  -0.11   0.30   0.15
 14  1.00  1.0  2.0000     -18.865  1.2E+01   0.00 |  -0.43  -1.11  -1.12   2.50 |  -0.09  -0.22  -0.22
 51 -1.00  1.0  2.0000     -17.568  8.4E+00   0.00 |  -0.70  -1.89   0.55   5.50 |  -0.06  -0.17   0.05
 48 -1.00  1.0  2.0000     -17.568  8.4E+00   0.00 |  -1.07   4.23   0.94   5.50 |  -0.10   0.38   0.09
 49 -1.00  1.0  2.0000     -17.568  8.4E+00   0.00 |  -0.55  -0.97  -4.52   5.50 |  -0.05  -0.09  -0.41
 50 -1.00  1.0  2.0000     -17.568  8.4E+00   0.00 |  -1.15   2.98  -1.06   5.50 |  -0.10   0.27  -0.10
 52 -1.00  1.0  2.0000     -17.568  8.4E+00   0.00 |  -2.34  -1.38  -0.23   5.50 |  -0.21  -0.13  -0.02
 53 -1.00  1.0  2.0000     -17.568  8.4E+00   0.00 |   2.81   0.03   1.33   5.50 |   0.26   0.00   0.12
 21  1.00  1.0  2.0000     -17.285  4.9E+00   0.00 |  -0.50  -1.00  -1.00   1.50 |   0.10   0.20   0.20
 22  1.00  1.0  2.0000     -17.285  4.9E+00   0.00 |   1.50   0.00   0.00   1.50 |  -0.30   0.00   0.00
 20  1.00  1.0  2.0000     -16.424  1.3E+01   0.00 |  -0.50   0.50   0.50   0.50 |  -0.50   0.50   0.50
 59 -1.00  1.0  2.0000     -11.354  9.9E-01   0.00 |   2.27  -1.36   0.17   4.50 |  -0.21   0.12  -0.02
 62 -1.00  1.0  2.0000     -11.354  9.9E-01   0.00 |   0.13  -1.17   1.48   4.50 |  -0.01   0.11  -0.13
 60 -1.00  1.0  2.0000     -11.354  9.9E-01   0.00 |   0.14   0.70   3.65   4.50 |  -0.01  -0.06  -0.33
 58 -1.00  1.0  2.0000     -11.354  9.9E-01   0.00 |  -0.49  -2.49  -2.16   4.50 |   0.04   0.23   0.20
 61 -1.00  1.0  2.0000     -11.354  9.9E-01   0.00 |   0.45   1.82  -0.65   4.50 |  -0.04  -0.17   0.06
 55 -1.00  1.0  2.0000     -10.896  1.2E+01   0.00 |  -0.59   0.24  -1.83   3.50 |  -0.08   0.03  -0.26
 56 -1.00  1.0  2.0000     -10.896  1.2E+01   0.00 |  -2.19  -1.10  -0.02   3.50 |  -0.31  -0.16  -0.00
 57 -1.00  1.0  2.0000     -10.896  1.2E+01   0.00 |  -0.95   1.80   1.36   3.50 |  -0.14   0.26   0.19
 54 -1.00  1.0  2.0000     -10.896  1.2E+01   0.00 |   1.73   1.06  -1.52   3.50 |   0.25   0.15  -0.22
 24  1.00  1.0  2.0000      -9.787  7.2E+00   0.00 |   0.65  -1.50   2.47   6.50 |   0.05  -0.12   0.19
 28  1.00  1.0  2.0000      -9.787  7.2E+00   0.00 |   0.14   2.63   0.52   6.50 |   0.01   0.20   0.04
 27  1.00  1.0  2.0000      -9.787  7.2E+00   0.00 |  -0.36   5.16   1.24   6.50 |  -0.03   0.40   0.10
 26  1.00  1.0  2.0000      -9.787  7.2E+00   0.00 |  -2.61   1.13  -0.94   6.50 |  -0.20   0.09  -0.07
 23  1.00  1.0  2.0000      -9.787  7.2E+00   0.00 |   1.54  -0.17   3.26   6.50 |   0.12  -0.01   0.25
 29  1.00  1.0  2.0000      -9.787  7.2E+00   0.00 |  -1.63  -0.64  -3.89   6.50 |  -0.13  -0.05  -0.30
 25  1.00  1.0  2.0000      -9.787  7.2E+00   0.00 |  -1.23  -3.09   0.83   6.50 |  -0.09  -0.24   0.06
 66 -1.00  1.0  2.0000      -8.482  3.1E+00   0.00 |   1.84  -0.47   1.10   2.50 |  -0.26   0.07  -0.16
 65 -1.00  1.0  2.0000      -8.482  3.1E+00   0.00 |  -0.76  -2.03  -0.66   2.50 |   0.11   0.29   0.09
 67 -1.00  1.0  2.0000      -8.482  3.1E+00   0.00 |   0.42   0.99   1.06   2.50 |  -0.06  -0.14  -0.15
 64 -1.00  1.0  2.0000      -7.793  1.3E+01   0.00 |  -1.00  -0.50  -1.00   1.50 |  -0.33  -0.17  -0.33
 63 -1.00  1.0  2.0000      -7.793  1.3E+01   0.00 |  -0.00   1.50  -0.00   1.50 |  -0.00   0.50  -0.00
 68 -1.00  1.0  2.0000      -7.134  8.2E+00   0.00 |   0.50  -0.50   0.50   0.50 |  -0.17   0.17  -0.17
 30  1.00  1.0  0.0000      -2.829  1.1E+01   0.00 |  -1.62  -1.27  -1.07   4.50 |  -0.18  -0.14  -0.12
 33  1.00  1.0  0.0000      -2.828  1.1E+01   0.00 |  -1.17  -1.76  -2.34   4.50 |  -0.13  -0.20  -0.26
 32  1.00  1.0  0.0000      -2.828  1.1E+01   0.00 |  -0.56   0.24   3.83   4.50 |  -0.06   0.03   0.43
 31  1.00  1.0  0.0000      -2.828  1.1E+01   0.00 |   1.32   1.34   1.25   4.50 |   0.15   0.15   0.14
 34 -1.00  1.0  0.0000      -2.828  1.1E+01   0.00 |  -0.47   3.95   0.84   4.50 |  -0.05   0.44   0.09
 69 -1.00  1.0  0.0000      -1.710  6.1E+00   0.00 |  -4.25  -1.98  -1.53   7.50 |  -0.28  -0.13  -0.10
 70  1.00  1.0  0.0000      -1.710  6.1E+00   0.00 |   3.08   1.94  -1.67   7.50 |   0.21   0.13  -0.11
__________________________________________________________________________________________________________
   Proton  wavefunctions
  i     P   Rz   occ          E       d2h    Delta |   JxT    JyT    Jz      J   |   SxT    SyT    Sz
----------------------------------------------------------------------------------------------------------
 71  1.00  1.0  2.0000     -42.593  4.1E+00   0.00 |  -0.50   0.50   0.50   0.50 |  -0.50   0.50   0.50
 99 -1.00  1.0  2.0000     -37.239  5.2E+00   0.00 |   0.50  -0.50   0.50   0.50 |  -0.17   0.17  -0.17
 97 -1.00  1.0  2.0000     -37.150  5.9E+00   0.00 |  -0.00   1.50  -0.00   1.50 |  -0.00   0.50   0.00
 98 -1.00  1.0  2.0000     -37.150  5.9E+00   0.00 |  -1.00  -0.50  -1.00   1.50 |  -0.33  -0.17  -0.33
 74  1.00  1.0  2.0000     -30.689  8.1E+00   0.00 |  -0.78   0.01  -1.35   2.50 |  -0.16   0.00  -0.27
 72  1.00  1.0  2.0000     -30.689  8.1E+00   0.00 |   0.42   0.06   2.00   2.50 |   0.08   0.01   0.40
 73  1.00  1.0  2.0000     -30.689  8.1E+00   0.00 |  -1.14   1.43   0.85   2.50 |  -0.23   0.29   0.17
 75  1.00  1.0  2.0000     -30.041  8.4E+00   0.00 |  -0.25  -0.31  -1.45   1.50 |   0.05   0.06   0.29
 76  1.00  1.0  2.0000     -30.041  8.4E+00   0.00 |   1.25  -0.69   0.45   1.50 |  -0.25   0.14  -0.09
 77  1.00  1.0  2.0000     -27.135  1.7E+01   0.00 |  -0.50   0.50   0.50   0.50 |  -0.50   0.50   0.50
101 -1.00  1.0  2.0000     -23.535  1.1E+01   0.00 |   0.59  -0.72   2.24   3.50 |   0.08  -0.10   0.32
100 -1.00  1.0  2.0000     -23.534  1.1E+01   0.00 |  -0.31   0.19  -2.99   3.50 |  -0.04   0.03  -0.43
102 -1.00  1.0  2.0000     -23.534  1.1E+01   0.00 |  -2.47  -0.93  -1.06   3.50 |  -0.35  -0.13  -0.15
103 -1.00  1.0  2.0000     -23.534  1.1E+01   0.00 |   0.19   3.46  -0.19   3.50 |   0.03   0.49  -0.03
105 -1.00  1.0  2.0000     -21.570  1.2E+01   0.00 |   0.01   0.95  -1.20   2.50 |  -0.00  -0.14   0.17
104 -1.00  1.0  2.0000     -21.570  1.2E+01   0.00 |   0.55  -0.48   2.27   2.50 |  -0.08   0.07  -0.32
106 -1.00  1.0  2.0000     -21.570  1.2E+01   0.00 |   0.94  -1.97   0.43   2.50 |  -0.13   0.28  -0.06
108 -1.00  1.0  2.0000     -18.315  2.6E+01   0.00 |   0.37   0.50  -1.37   1.50 |   0.12   0.17  -0.46
107 -1.00  1.0  2.0000     -18.315  2.6E+01   0.00 |  -1.37   0.50   0.37   1.50 |  -0.46   0.17   0.12
109 -1.00  1.0  2.0000     -17.761  2.6E+01   0.00 |   0.50  -0.50   0.50   0.50 |  -0.17   0.17  -0.17
 78  1.00  1.0  2.0000     -15.938  1.3E+01   0.00 |   1.81   1.37   1.21   4.50 |   0.20   0.15   0.13
 79  1.00  1.0  2.0000     -15.938  1.3E+01   0.00 |  -0.04   0.33   4.10   4.50 |  -0.00   0.04   0.46
 80  1.00  1.0  2.0000     -15.938  1.3E+01   0.00 |   0.35   4.16  -0.05   4.50 |   0.04   0.46  -0.01
 81  1.00  1.0  2.0000     -15.938  1.3E+01   0.00 |  -2.39  -2.27  -0.68   4.50 |  -0.27  -0.25  -0.08
 82  1.00  1.0  2.0000     -15.938  1.3E+01   0.00 |  -2.24  -1.09  -2.08   4.50 |  -0.25  -0.12  -0.23
 86  1.00  1.0  2.0000     -12.189  1.5E+01   0.00 |   0.66   2.07   0.70   3.50 |  -0.07  -0.23  -0.08
 83  1.00  1.0  2.0000     -12.189  1.5E+01   0.00 |  -0.99  -2.57  -0.86   3.50 |   0.11   0.29   0.10
 84  1.00  1.0  2.0000     -12.189  1.5E+01   0.00 |   2.98  -0.43   0.88   3.50 |  -0.33   0.05  -0.10
 85  1.00  1.0  2.0000     -12.189  1.5E+01   0.00 |  -0.65  -1.07  -2.72   3.50 |   0.07   0.12   0.30
 88  1.00  1.0  2.0000      -9.782  3.0E+01   0.00 |  -0.71   0.47   2.18   2.50 |  -0.14   0.09   0.44
 89  1.00  1.0  2.0000      -9.782  3.0E+01   0.00 |  -0.33   2.32   0.22   2.50 |  -0.07   0.46   0.04
 87  1.00  1.0  2.0000      -9.782  3.0E+01   0.00 |  -0.46  -1.29  -0.89   2.50 |  -0.09  -0.26  -0.18
 90  1.00  1.0  2.0000      -8.546  3.0E+01   0.00 |  -0.50  -1.00  -1.00   1.50 |   0.10   0.20   0.20
 91  1.00  1.0  2.0000      -8.546  3.0E+01   0.00 |   1.50   0.00   0.00   1.50 |  -0.30  -0.00  -0.00
110 -1.00  1.0  2.0000      -8.065  1.5E+01   0.00 |  -1.61  -1.13  -3.40   5.50 |  -0.15  -0.10  -0.31
112 -1.00  1.0  2.0000      -8.065  1.5E+01   0.00 |  -1.43  -0.87  -2.74   5.50 |  -0.13  -0.08  -0.25
114 -1.00  1.0  2.0000      -8.065  1.5E+01   0.00 |  -2.08  -0.89  -1.24   5.50 |  -0.19  -0.08  -0.11
113 -1.00  1.0  2.0000      -8.065  1.5E+01   0.00 |  -1.37   3.29   1.55   5.50 |  -0.12   0.30   0.14
115 -1.00  1.0  2.0000      -8.065  1.5E+01   0.00 |   3.22   0.85  -0.02   5.50 |   0.29   0.08  -0.00
111 -1.00  1.0  2.0000      -8.065  1.5E+01   0.00 |   0.27   1.75   2.85   5.50 |   0.02   0.16   0.26
 92  1.00  1.0  2.0000      -7.826  4.3E+01   0.00 |  -0.50   0.50   0.50   0.50 |  -0.50   0.50   0.50
119 -1.00  1.0  0.0000      -2.267  1.6E+01   0.00 |   1.88  -2.49   0.78   4.50 |  -0.17   0.23  -0.07
120 -1.00  1.0  0.0000      -2.267  1.6E+01   0.00 |   2.19  -0.98   2.27   4.50 |  -0.20   0.09  -0.21
117 -1.00  1.0  0.0000      -2.267  1.6E+01   0.00 |  -0.57   0.93   2.51   4.50 |   0.05  -0.08  -0.23
116 -1.00  1.0  0.0000      -2.267  1.6E+01   0.00 |  -0.00  -1.51  -2.67   4.50 |   0.00   0.14   0.24
118 -1.00  1.0  0.0000      -2.267  1.6E+01   0.00 |  -1.00   1.54  -0.39   4.50 |   0.09  -0.14   0.04
 93  1.00  1.0  0.0000       0.038  1.4E+01   0.00 |  -3.63   2.24   1.22   6.50 |  -0.28   0.17   0.09
 94  1.00  1.0  0.0000       0.038  1.4E+01   0.00 |  -0.22   2.42   2.10   6.50 |  -0.02   0.19   0.16
 96 -1.00  1.0  0.0000       0.038  1.4E+01   0.00 |  -0.06   2.44   3.62   6.50 |  -0.00   0.19   0.28
 95  1.00  1.0  0.0000       0.038  1.4E+01   0.00 |  -1.39  -3.75  -1.93   6.50 |  -0.11  -0.29  -0.15
----------------------------------------------------------------------------------------------------------
------------------------ Electric Multipole Moments -------------------------
Quantisation Axis             : Z
  With secondary axis ordering: X,Y
  Calculated wrt to COM = (   0.000   0.000   0.000)
______________________________________________________________________________
                   Neutrons        Protons          Charge         Total
______________________________________________________________________________
 Particles          126.0000         82.0000         82.0000        208.0000

Re  Q_{ 2 0}         -0.0000         -0.0000         -0.0000         -0.0000
Re  Q_{ 2 2}         -0.0000          0.0000          0.0000          0.0000

Re  Q_{ 4 0}          1.1077          0.0302          1.4461          1.1379
Re  Q_{ 4 2}          0.0000          0.0000          0.0000          0.0000
Re  Q_{ 4 4}          0.6620          0.0181          0.8642          0.6801

Re  Q_{ 6 0}         31.1599         -1.1173          3.5686         30.0426
Re  Q_{ 6 2}          0.0005          0.0005          0.0005          0.0010
Re  Q_{ 6 4}        -58.2955          2.0896         -6.6769        -56.2060
Re  Q_{ 6 6}         -0.0006         -0.0002         -0.0002         -0.0008

Re  Q_{ 8 0}      12738.5819       -395.4556       2201.2035      12343.1263
Re  Q_{ 8 2}          0.0034          0.0009          0.0010          0.0043
Re  Q_{ 8 4}       4790.3484       -148.6957        827.7799       4641.6527
Re  Q_{ 8 6}          0.0138          0.0162          0.0164          0.0300
Re  Q_{ 8 8}       7298.7075       -226.5537       1261.2274       7072.1538

Re  Q_{10 0}     281604.3348      -8599.6308      61001.9881     273004.7041
Re  Q_{10 2}          0.1519          0.0247          0.0221          0.1767
Re  Q_{10 4}    -283761.6342       8665.1542     -61469.8441    -275096.4800
Re  Q_{10 6}         -0.1017         -0.2638         -0.2718         -0.3655
Re  Q_{10 8}    -337743.9337      10314.4010     -73162.9396    -327429.5327
Re  Q_{1010}         -0.1990         -0.6341         -0.6499         -0.8330

 RMS radius           5.4924          5.4780          5.5289          5.4867
 Fourth mom.          5.8313          5.7641          5.8365          5.8051
______________________________________________________________________________
                   Neutrons        Protons          Charge         Total
______________________________________________________________________________

Beta_{ 2 0}      -0.00000000     -0.00000000     -0.00000000     -0.00000000
Beta_{ 2 2}      -0.00000000      0.00000000      0.00000000      0.00000000

Beta_{ 4 0}       0.00000873      0.00000024      0.00001140      0.00000897
Beta_{ 4 2}       0.00000000      0.00000000      0.00000000      0.00000000
Beta_{ 4 4}       0.00000522      0.00000014      0.00000681      0.00000536

Beta_{ 6 0}       0.00000486     -0.00000017      0.00000056      0.00000468
Beta_{ 6 2}       0.00000000      0.00000000      0.00000000      0.00000000
Beta_{ 6 4}      -0.00000909      0.00000033     -0.00000104     -0.00000876
Beta_{ 6 6}      -0.00000000     -0.00000000     -0.00000000     -0.00000000

Beta_{ 8 0}       0.00003928     -0.00000122      0.00000679      0.00003806
Beta_{ 8 2}       0.00000000      0.00000000      0.00000000      0.00000000
Beta_{ 8 4}       0.00001477     -0.00000046      0.00000255      0.00001431
Beta_{ 8 6}       0.00000000      0.00000000      0.00000000      0.00000000
Beta_{ 8 8}       0.00002251     -0.00000070      0.00000389      0.00002181

Beta_{10 0}       0.00001718     -0.00000052      0.00000372      0.00001665
Beta_{10 2}       0.00000000      0.00000000      0.00000000      0.00000000
Beta_{10 4}      -0.00001731      0.00000053     -0.00000375     -0.00001678
Beta_{10 6}      -0.00000000     -0.00000000     -0.00000000     -0.00000000
Beta_{10 8}      -0.00002060      0.00000063     -0.00000446     -0.00001997
Beta_{1010}      -0.00000000     -0.00000000     -0.00000000     -0.00000000


______________________________________________________________________________
                   Neutrons        Protons          Charge         Total
______________________________________________________________________________
Q_{ 2}                0.0000          0.0000          0.0000          0.0000
Q_{ 4}                1.4504          0.0395          1.8934          1.4899
Q_{ 6}               88.1344          3.1592         10.0944         84.9752
Q_{ 8}            17740.0284        550.6897       3065.4730      17189.3387
Q_{10}           684459.1010      20902.0855     148269.8806     663557.0155
______________________________________________________________________________
                   Neutrons        Protons          Charge         Total
______________________________________________________________________________
Beta_{   2}       0.00000000      0.00000000      0.00000000      0.00000000
Beta_{   4}       0.00001143      0.00000031      0.00001492      0.00001174
Beta_{   6}       0.00001374      0.00000049      0.00000157      0.00001325
Beta_{   8}       0.00005471      0.00000170      0.00000945      0.00005301
Beta_{  10}       0.00004175      0.00000128      0.00000904      0.00004048
______________________________________________________________________________
 Cart. Moments X              Y              Z
 Cart. N        0.0000002      0.0000027     -0.0000029
 Cart. P        0.0000055      0.0000007     -0.0000063
 Cart. T        0.0000057      0.0000034     -0.0000092
 (Q, gamma)    Q              Gamma
 (Q,g) N        0.0000032   -152.8925776
 (Q,g) P        0.0000069    156.1187295
 (Q,g) T        0.0000093    171.8892343
 (iq1, iq2)    iq1            iq2
 iq    N       -0.0000020     -0.0000017
 iq    P       -0.0000079      0.0000032
 iq    T       -0.0000099      0.0000015
               X^2            Y^2            Z^2
 X^2_i N     1267.0028563   1267.0028571   1267.0028553
 X^2_i P      820.2346182    820.2346166    820.2346143
 X^2_i T     2087.2374745   2087.2374737   2087.2374695
----------------------------------------------------------------------------
----------------------- Box Size Check -------------------------
 Xmax = (nx+0.5)dx = 12.250 fm,  max(rho(X=Xmax)) =    3.085E-06
 Ymax = (ny+0.5)dx = 12.250 fm,  max(rho(Y=Ymax)) =    3.085E-06
 Zmax = (nz+0.5)dx = 12.250 fm,  max(rho(Z=Zmax)) =    3.085E-06
---------------------Rotational properties--------------------
                Rigid rotor          (hbar^2/MeV)
              n              p              t 
 I_R X      61.1030220     39.5569856    100.6600076
 I_R Y      61.1030219     39.5569856    100.6600076
 I_R Z      61.1030220     39.5569857    100.6600077

                Belyaev                 (hbar^2/MeV) 
              n              p              t 
 I_B X       0.0000000      0.0000000      0.0000000
 I_B Y       0.0000000      0.0000000      0.0000000
 I_B Z       0.0000000      0.0000000      0.0000000

                Belyaev (collective)    (hbar^2/MeV) 
              n              p              t 
 I_B X       0.0000000      0.0000000      0.0000000
 I_B Y       0.0000000      0.0000000      0.0000000
 I_B Z       0.0000000      0.0000000      0.0000000

                 <J^2> - <J>^2          (hbar^2)
              n              p              t 
 J2_X        0.0000000      0.0000000      0.0000000
 J2_Y        0.0000000      0.0000000      0.0000000
 J2_Z        0.0000000      0.0000000      0.0000000
 J2_t        0.0000001      0.0000000      0.0000001

                 <J^2> - <J>^2 (coll.)  (hbar^2)
              n              p              t 
 J2_X        0.0000000      0.0000000      0.0000000
 J2_Y        0.0000000      0.0000000      0.0000000
 J2_Z        0.0000000      0.0000000      0.0000000
 J2_t        0.0000000      0.0000000      0.0000000
------------------------- Angular Momentum (hbar) --------------------------

               Spwfs(*)    Desired     Omega       E (MeV)      Densit. 
  __________________________________________________________________________
   J_x   |     0.00000     0.00000     0.00000     0.00000     0.00000
   J_y   |     0.00000     0.00000     0.00000     0.00000     0.00000
   J_z   |     0.00000     0.00000     0.00000     0.00000     0.00000
  __________________________________________________________________________
   Size  |     0.00000     0.00000     0.00000                 0.00000
  --------------------------------------------------------------------------
--------------------------------------------------------------------------------
 Skyrme Energy                Isospin  1 2 3 4                   Energy [MeV]
--------------------------------------------------------------------------------
E_D_I_I_D_I_I                          0 0                     -18063.741355
E_D_I_I_D_I_I                          1 1                        499.429585
E_D_I_I_D_I_I_D_I_I                    0 0 0                    10416.894106
E_D_I_I_D_I_I_D_I_I                    0 1 1                     -342.745563
E_D_I_I_D_Nm_Nm                        0 0                        807.124060
E_D_I_I_D_Nm_Nm                        1 1                        -33.220114
E_D_I_I_Lap_D_I_I                      0 0                        327.478593
E_D_I_I_Lap_D_I_I                      1 1                         -0.116135
E_C_I_NmSk_C_I_NmSk                    0 0                         -0.000000
E_C_I_NmSk_C_I_NmSk                    1 1                         -0.000000
E_D_I_I_D_I_I_D_Nm_Nm                  0 0 0                        0.000000
E_D_I_I_D_I_I_D_Nm_Nm                  0 1 1                       -0.000000
E_D_I_I_D_I_I_D_Nm_Nm                  0 0 0                        0.000000
E_D_I_I_D_I_I_D_Nm_Nm                  0 1 1                        0.000000
E_D_I_I_Derm_D_I_I_Derm_D_I_I          0 0 0                        0.000000
E_D_I_I_Derm_D_I_I_Derm_D_I_I          0 1 1                       -0.000000
E_D_I_I_Derm_D_I_I_Derm_D_I_I          0 0 0                       -0.000000
E_D_I_I_Derm_D_I_I_Derm_D_I_I          0 1 1                       -0.000000
E_D_I_I_Derm_D_I_I_D_I_I_Derm_D_I_I    0 0 0 0                      0.000000
E_D_I_I_Derm_D_I_I_D_I_I_Derm_D_I_I    0 0 1 1                     -0.000000
E_D_I_I_Derm_C_I_NxmSxm                0 0                       -106.871617
E_D_I_I_Derm_C_I_NxmSxm                1 1                         -1.205876
E_DP_I_I_DP_I_I                        n n                         -0.000000
E_DP_I_I_DP_I_I                        p p                         -0.000000
E_D_I_I_DP_I_I_DP_I_I                  0 n n                        0.000000
E_D_I_I_DP_I_I_DP_I_I                  0 p p                        0.000000
--------------------------------------------------------------------------------
                 Total Skyrme:                                  -6496.974314
--------------------------------------------------------------------------------
                    time-even:                                  -6496.974314
                    time-odd :                                      0.000000
                    bilinear :                                 -16571.122858
                    trilinear:                                      0.000000
                 quadrilinear:                                      0.000000
            density-dependent:                                  10074.148544
--------------------------------------------------------------------------------
--------------------------------------------------------------------------------
                                     neutron        proton         total
                Kinetic Energy:    2696.289548    1387.580513    4083.870061
                    COM 1-body:     -12.962931      -6.671060     -19.633991
                    COM 2-body:       9.143925       4.183493      13.327418
                            ph:       9.143925       4.183493      13.327418
                            pp:       0.000000       0.000000       0.000000

                Coulomb Direct:       0.000000     816.423649     816.423649
                  Dir. (point):       0.000000     819.835854     819.835854
                      Exchange:       0.000000       0.000000       0.000000
                  Exc. (point):       0.000000       0.000000       0.000000

               Pairing (delta):       0.000000       0.000000       0.000000
               Pairing (densi):                                     0.000000
--------------------------------------------------------------------------------
                  Total energy:                                 -1602.987177
                    from spwfs:                                 -1584.583025
                   E_fu - E_sp:                                -0.184042E+02
                      Routhian:                                 -1602.987177
                         dE   :                                -0.146236E+02
                         dR   :                                -0.146236E+02
--------------------------------------------------------------------------------
 Iteration =   11
 dt    =   0.0161      mu   =   0.7952 gradn =    0.000E+00 D2H  =    7.656E+00
 E     =  -1614.280    DE   = -0.69959E-02
 R     =  -1614.280    DR   = -0.69959E-02
 R-E   =      0.000  D(R-E) =  0.00000E+00
 dmun  =  0.0E+00      dmup=  0.0E+00
 RQ20t =      -0.0000   dQ = -5.6E-07  L =       0.0000   dL =  0.0E+00  dev =  0.0E+00
 RQ22t =       0.0000   dQ = -8.6E-08  L =       0.0000   dL =  0.0E+00  dev =  0.0E+00
 Jz    =       0.0000   dJZ=  0.0E+00 Om =       0.0000   dO =  0.0E+00  dev =  0.0E+00
--------------------------------------------------------------------------------------
 Iteration =   12
 dt    =   0.0162      mu   =   0.7987 gradn =    0.000E+00 D2H  =    4.826E+00
 E     =  -1622.204    DE   = -0.48844E-02
 R     =  -1622.204    DR   = -0.48844E-02
 R-E   =      0.000  D(R-E) =  0.00000E+00
 dmun  =  0.0E+00      dmup=  0.0E+00
 RQ20t =      -0.0000   dQ = -6.9E-07  L =       0.0000   dL =  0.0E+00  dev =  0.0E+00
 RQ22t =       0.0000   dQ = -1.0E-07  L =       0.0000   dL =  0.0E+00  dev =  0.0E+00
 Jz    =       0.0000   dJZ=  0.0E+00 Om =       0.0000   dO =  0.0E+00  dev =  0.0E+00
--------------------------------------------------------------------------------------
 Iteration =   13
 dt    =   0.0163      mu   =   0.8045 gradn =    0.000E+00 D2H  =    2.913E+00
 E     =  -1626.641    DE   = -0.27279E-02
 R     =  -1626.641    DR   = -0.27279E-02
 R-E   =      0.000  D(R-E) =  0.00000E+00
 dmun  =  0.0E+00      dmup=  0.0E+00
 RQ20t =      -0.0000   dQ = -8.1E-07  L =       0.0000   dL =  0.0E+00  dev =  0.0E+00
 RQ22t =      -0.0000   dQ = -1.2E-07  L =       0.0000   dL =  0.0E+00  dev =  0.0E+00
 Jz    =       0.0000   dJZ=  0.0E+00 Om =       0.0000   dO =  0.0E+00  dev =  0.0E+00
--------------------------------------------------------------------------------------
 Iteration =   14
 dt    =   0.0163      mu   =   0.8112 gradn =    0.000E+00 D2H  =    1.961E+00
 E     =  -1628.527    DE   = -0.11576E-02
 R     =  -1628.527    DR   = -0.11576E-02
 R-E   =      0.000  D(R-E) =  0.00000E+00
 dmun  =  0.0E+00      dmup=  0.0E+00
 RQ20t =      -0.0000   dQ = -9.2E-07  L =       0.0000   dL =  0.0E+00  dev =  0.0E+00
 RQ22t =      -0.0000   dQ = -1.5E-07  L =       0.0000   dL =  0.0E+00  dev =  0.0E+00
 Jz    =       0.0000   dJZ=  0.0E+00 Om =       0.0000   dO =  0.0E+00  dev =  0.0E+00
--------------------------------------------------------------------------------------
 Iteration =   15
 dt    =   0.0164      mu   =   0.8138 gradn =    0.000E+00 D2H  =    1.717E+00
 E     =  -1629.080    DE   = -0.33972E-03
 R     =  -1629.080    DR   = -0.33972E-03
 R-E   =      0.000  D(R-E) =  0.00000E+00
 dmun  =  0.0E+00      dmup=  0.0E+00
 RQ20t =      -0.0000   dQ = -9.9E-07  L =       0.0000   dL =  0.0E+00  dev =  0.0E+00
 RQ22t =      -0.0000   dQ = -1.7E-07  L =       0.0000   dL =  0.0E+00  dev =  0.0E+00
 Jz    =       0.0000   dJZ=  0.0E+00 Om =       0.0000   dO =  0.0E+00  dev =  0.0E+00
--------------------------------------------------------------------------------------
 Iteration =   16
 dt    =   0.0164      mu   =   0.8151 gradn =    0.000E+00 D2H  =    1.824E+00
 E     =  -1629.316    DE   = -0.14470E-03
 R     =  -1629.316    DR   = -0.14470E-03
 R-E   =      0.000  D(R-E) =  0.00000E+00
 dmun  =  0.0E+00      dmup=  0.0E+00
 RQ20t =      -0.0000   dQ = -1.0E-06  L =       0.0000   dL =  0.0E+00  dev =  0.0E+00
 RQ22t =      -0.0000   dQ = -1.9E-07  L =       0.0000   dL =  0.0E+00  dev =  0.0E+00
 Jz    =       0.0000   dJZ=  0.0E+00 Om =       0.0000   dO =  0.0E+00  dev =  0.0E+00
--------------------------------------------------------------------------------------
 Iteration =   17
 dt    =   0.0164      mu   =   0.8179 gradn =    0.000E+00 D2H  =    1.945E+00
 E     =  -1629.761    DE   = -0.27303E-03
 R     =  -1629.761    DR   = -0.27303E-03
 R-E   =      0.000  D(R-E) =  0.00000E+00
 dmun  =  0.0E+00      dmup=  0.0E+00
 RQ20t =      -0.0000   dQ = -9.9E-07  L =       0.0000   dL =  0.0E+00  dev =  0.0E+00
 RQ22t =      -0.0000   dQ = -2.0E-07  L =       0.0000   dL =  0.0E+00  dev =  0.0E+00
 Jz    =       0.0000   dJZ=  0.0E+00 Om =       0.0000   dO =  0.0E+00  dev =  0.0E+00
--------------------------------------------------------------------------------------
 Iteration =   18
 dt    =   0.0164      mu   =   0.8169 gradn =    0.000E+00 D2H  =    1.901E+00
 E     =  -1630.487    DE   = -0.44515E-03
 R     =  -1630.487    DR   = -0.44515E-03
 R-E   =      0.000  D(R-E) =  0.00000E+00
 dmun  =  0.0E+00      dmup=  0.0E+00
 RQ20t =      -0.0000   dQ = -8.9E-07  L =       0.0000   dL =  0.0E+00  dev =  0.0E+00
 RQ22t =      -0.0000   dQ = -2.0E-07  L =       0.0000   dL =  0.0E+00  dev =  0.0E+00
 Jz    =       0.0000   dJZ=  0.0E+00 Om =       0.0000   dO =  0.0E+00  dev =  0.0E+00
--------------------------------------------------------------------------------------
 Iteration =   19
 dt    =   0.0164      mu   =   0.8134 gradn =    0.000E+00 D2H  =    1.693E+00
 E     =  -1631.344    DE   = -0.52546E-03
 R     =  -1631.344    DR   = -0.52546E-03
 R-E   =      0.000  D(R-E) =  0.00000E+00
 dmun  =  0.0E+00      dmup=  0.0E+00
 RQ20t =      -0.0000   dQ = -7.1E-07  L =       0.0000   dL =  0.0E+00  dev =  0.0E+00
 RQ22t =      -0.0000   dQ = -1.9E-07  L =       0.0000   dL =  0.0E+00  dev =  0.0E+00
 Jz    =       0.0000   dJZ=  0.0E+00 Om =       0.0000   dO =  0.0E+00  dev =  0.0E+00
--------------------------------------------------------------------------------------
--------------------------------------------------------------------------------------
                              Iteration =    20

--------------------- Hartree-Fock basis-------------------------------------------------------------------
__________________________________________________________________________________________________________
   Neutron wavefunctions
  i     P   Rz   occ          E       d2h    Delta |   JxT    JyT    Jz      J   |   SxT    SyT    Sz
----------------------------------------------------------------------------------------------------------
  1  1.00  1.0  2.0000     -50.109  1.9E+00   0.00 |  -0.50   0.50   0.50   0.50 |  -0.50   0.50   0.50
 36 -1.00  1.0  2.0000     -45.171  2.2E+00   0.00 |  -1.00  -0.50  -1.00   1.50 |  -0.33  -0.17  -0.33
 35 -1.00  1.0  2.0000     -45.171  2.2E+00   0.00 |  -0.00   1.50  -0.00   1.50 |  -0.00   0.50  -0.00
 37 -1.00  1.0  2.0000     -44.656  1.4E+00   0.00 |   0.50  -0.50   0.50   0.50 |  -0.17   0.17  -0.17
  3  1.00  1.0  2.0000     -39.231  2.1E+00   0.00 |  -1.07   0.25   1.15   2.50 |  -0.21   0.05   0.23
  2  1.00  1.0  2.0000     -39.231  2.1E+00   0.00 |  -0.13   0.59   1.66   2.50 |  -0.03   0.12   0.33
  4  1.00  1.0  2.0000     -39.231  2.1E+00   0.00 |  -0.30   0.66  -1.30   2.50 |  -0.06   0.13  -0.26
  6  1.00  1.0  2.0000     -37.963  8.0E-01   0.00 |   0.25   0.21  -1.46   1.50 |  -0.05  -0.04   0.29
  7  1.00  1.0  2.0000     -37.963  8.0E-01   0.00 |   0.75  -1.21   0.46   1.50 |  -0.15   0.24  -0.09
  5  1.00  1.0  2.0000     -35.971  4.4E+00   0.00 |  -0.50   0.50   0.50   0.50 |  -0.50   0.50   0.50
 38 -1.00  1.0  2.0000     -32.534  2.0E+00   0.00 |   0.02   2.70   0.28   3.50 |   0.00   0.39   0.04
 41 -1.00  1.0  2.0000     -32.534  2.0E+00   0.00 |  -0.82  -1.31  -2.32   3.50 |  -0.12  -0.19  -0.33
 40 -1.00  1.0  2.0000     -32.534  2.0E+00   0.00 |  -0.75  -1.40  -1.16   3.50 |  -0.11  -0.20  -0.17
 39 -1.00  1.0  2.0000     -32.534  2.0E+00   0.00 |  -0.45   2.01   1.19   3.50 |  -0.06   0.29   0.17
 44 -1.00  1.0  2.0000     -30.133  3.9E-01   0.00 |   1.89  -1.04   0.55   2.50 |  -0.27   0.15  -0.08
 46 -1.00  1.0  2.0000     -30.133  3.9E-01   0.00 |  -0.17   0.33   2.33   2.50 |   0.02  -0.05  -0.33
 45 -1.00  1.0  2.0000     -30.133  3.9E-01   0.00 |  -0.23  -0.80  -1.39   2.50 |   0.03   0.11   0.20
 42 -1.00  1.0  2.0000     -27.919  4.0E+00   0.00 |  -1.00  -0.50  -1.00   1.50 |  -0.33  -0.17  -0.33
 43 -1.00  1.0  2.0000     -27.919  4.0E+00   0.00 |  -0.00   1.50  -0.00   1.50 |   0.00   0.50  -0.00
 47 -1.00  1.0  2.0000     -26.836  2.3E+00   0.00 |   0.50  -0.50   0.50   0.50 |  -0.17   0.17  -0.17
 11  1.00  1.0  2.0000     -25.282  1.7E+00   0.00 |   0.79  -0.30   3.95   4.50 |   0.09  -0.03   0.44
  8  1.00  1.0  2.0000     -25.282  1.7E+00   0.00 |  -0.81   3.42   0.82   4.50 |  -0.09   0.38   0.09
 12  1.00  1.0  2.0000     -25.282  1.7E+00   0.00 |  -3.13  -1.02  -0.39   4.50 |  -0.35  -0.11  -0.04
  9  1.00  1.0  2.0000     -25.282  1.7E+00   0.00 |   2.16  -1.09  -0.39   4.50 |   0.24  -0.12  -0.04
 10  1.00  1.0  2.0000     -25.282  1.7E+00   0.00 |  -1.51   1.49  -1.49   4.50 |  -0.17   0.17  -0.17
 18  1.00  1.0  2.0000     -21.404  2.1E-01   0.00 |   1.27   0.77  -2.43   3.50 |  -0.14  -0.09   0.27
 17  1.00  1.0  2.0000     -21.404  2.1E-01   0.00 |   0.48  -2.24   0.43   3.50 |  -0.05   0.25  -0.05
 16  1.00  1.0  2.0000     -21.404  2.1E-01   0.00 |  -1.05  -2.38  -0.01   3.50 |   0.12   0.26   0.00
 19  1.00  1.0  2.0000     -21.404  2.1E-01   0.00 |   1.31   1.86   0.01   3.50 |  -0.15  -0.21  -0.00
 13  1.00  1.0  2.0000     -19.816  3.1E+00   0.00 |  -0.50   1.12   1.86   2.50 |  -0.10   0.22   0.37
 15  1.00  1.0  2.0000     -19.816  3.1E+00   0.00 |  -0.57   1.50   0.77   2.50 |  -0.11   0.30   0.15
 14  1.00  1.0  2.0000     -19.816  3.1E+00   0.00 |  -0.43  -1.11  -1.12   2.50 |  -0.09  -0.22  -0.22
 22  1.00  1.0  2.0000     -17.861  1.1E+00   0.00 |   1.50   0.00   0.00   1.50 |  -0.30  -0.00  -0.00
 21  1.00  1.0  2.0000     -17.861  1.1E+00   0.00 |  -0.50  -1.00  -1.00   1.50 |   0.10   0.20   0.20
 20  1.00  1.0  2.0000     -17.642  3.3E+00   0.00 |  -0.50   0.50   0.50   0.50 |  -0.50   0.50   0.50
 49 -1.00  1.0  2.0000     -17.626  1.4E+00   0.00 |  -0.55  -0.97  -4.52   5.50 |  -0.05  -0.09  -0.41
 52 -1.00  1.0  2.0000     -17.626  1.4E+00   0.00 |  -2.34  -1.38  -0.23   5.50 |  -0.21  -0.13  -0.02
 48 -1.00  1.0  2.0000     -17.626  1.4E+00   0.00 |  -1.07   4.23   0.94   5.50 |  -0.10   0.38   0.09
 51 -1.00  1.0  2.0000     -17.626  1.4E+00   0.00 |  -0.70  -1.89   0.55   5.50 |  -0.06  -0.17   0.05
 53 -1.00  1.0  2.0000     -17.626  1.4E+00   0.00 |   2.81   0.03   1.33   5.50 |   0.26   0.00   0.12
 50 -1.00  1.0  2.0000     -17.626  1.4E+00   0.00 |  -1.15   2.98  -1.06   5.50 |  -0.10   0.27  -0.10
 60 -1.00  1.0  2.0000     -12.035  2.1E-01   0.00 |   0.14   0.70   3.65   4.50 |  -0.01  -0.06  -0.33
 61 -1.00  1.0  2.0000     -12.035  2.1E-01   0.00 |   0.45   1.82  -0.65   4.50 |  -0.04  -0.17   0.06
 58 -1.00  1.0  2.0000     -12.035  2.1E-01   0.00 |  -0.49  -2.49  -2.16   4.50 |   0.04   0.23   0.20
 62 -1.00  1.0  2.0000     -12.035  2.1E-01   0.00 |   0.13  -1.17   1.48   4.50 |  -0.01   0.11  -0.13
 59 -1.00  1.0  2.0000     -12.035  2.1E-01   0.00 |   2.27  -1.36   0.17   4.50 |  -0.21   0.12  -0.02
 55 -1.00  1.0  2.0000     -11.719  2.3E+00   0.00 |  -0.59   0.24  -1.83   3.50 |  -0.08   0.03  -0.26
 56 -1.00  1.0  2.0000     -11.719  2.3E+00   0.00 |  -2.19  -1.10  -0.02   3.50 |  -0.31  -0.16  -0.00
 57 -1.00  1.0  2.0000     -11.718  2.3E+00   0.00 |  -0.95   1.80   1.36   3.50 |  -0.14   0.26   0.19
 54 -1.00  1.0  2.0000     -11.718  2.3E+00   0.00 |   1.73   1.06  -1.52   3.50 |   0.25   0.15  -0.22
 24  1.00  1.0  2.0000      -9.679  1.2E+00   0.00 |   0.65  -1.50   2.47   6.50 |   0.05  -0.12   0.19
 28  1.00  1.0  2.0000      -9.679  1.2E+00   0.00 |   0.14   2.63   0.52   6.50 |   0.01   0.20   0.04
 23  1.00  1.0  2.0000      -9.679  1.2E+00   0.00 |   1.54  -0.17   3.26   6.50 |   0.12  -0.01   0.25
 25  1.00  1.0  2.0000      -9.679  1.2E+00   0.00 |  -1.23  -3.09   0.83   6.50 |  -0.09  -0.24   0.06
 29  1.00  1.0  2.0000      -9.679  1.2E+00   0.00 |  -1.63  -0.64  -3.89   6.50 |  -0.13  -0.05  -0.30
 27  1.00  1.0  2.0000      -9.679  1.2E+00   0.00 |  -0.36   5.16   1.24   6.50 |  -0.03   0.40   0.10
 26  1.00  1.0  2.0000      -9.679  1.2E+00   0.00 |  -2.61   1.13  -0.94   6.50 |  -0.20   0.09  -0.07
 64 -1.00  1.0  2.0000      -9.060  2.5E+00   0.00 |  -1.00  -0.50  -1.00   1.50 |  -0.33  -0.17  -0.33
 63 -1.00  1.0  2.0000      -9.060  2.5E+00   0.00 |  -0.00   1.50  -0.00   1.50 |  -0.00   0.50  -0.00
 66 -1.00  1.0  2.0000      -8.968  5.4E-01   0.00 |   1.84  -0.47   1.10   2.50 |  -0.26   0.07  -0.16
 65 -1.00  1.0  2.0000      -8.967  5.4E-01   0.00 |  -0.76  -2.03  -0.66   2.50 |   0.11   0.29   0.09
 67 -1.00  1.0  2.0000      -8.967  5.4E-01   0.00 |   0.42   0.99   1.06   2.50 |  -0.06  -0.14  -0.15
 68 -1.00  1.0  2.0000      -7.995  1.4E+00   0.00 |   0.50  -0.50   0.50   0.50 |  -0.17   0.17  -0.17
 30  1.00  1.0  0.0000      -3.748  1.6E+00   0.00 |  -1.61  -1.27  -1.07   4.50 |  -0.18  -0.14  -0.12
 33  1.00  1.0  0.0000      -3.747  1.6E+00   0.00 |  -1.17  -1.76  -2.34   4.50 |  -0.13  -0.20  -0.26
 32  1.00  1.0  0.0000      -3.747  1.6E+00   0.00 |  -0.56   0.24   3.83   4.50 |  -0.06   0.03   0.43
 34 -1.00  1.0  0.0000      -3.745  1.6E+00   0.00 |  -0.47   3.95   0.84   4.50 |  -0.05   0.44   0.09
 31  1.00  1.0  0.0000      -3.745  1.6E+00   0.00 |   1.32   1.34   1.25   4.50 |   0.15   0.15   0.14
 70  1.00  1.0  0.0000      -1.524  1.1E+00   0.00 |   3.08   1.94  -1.67   7.50 |   0.21   0.13  -0.11
 69 -1.00  1.0  0.0000      -1.524  1.1E+00   0.00 |  -4.25  -1.98  -1.53   7.50 |  -0.28  -0.13  -0.10
__________________________________________________________________________________________________________
   Proton  wavefunctions
  i     P   Rz   occ          E       d2h    Delta |   JxT    JyT    Jz      J   |   SxT    SyT    Sz
----------------------------------------------------------------------------------------------------------
 71  1.00  1.0  2.0000     -39.594  1.5E-01   0.00 |  -0.50   0.50   0.50   0.50 |  -0.50   0.50   0.50
 97 -1.00  1.0  2.0000     -35.370  2.8E-01   0.00 |  -0.00   1.50  -0.00   1.50 |   0.00   0.50  -0.00
 98 -1.00  1.0  2.0000     -35.370  2.8E-01   0.00 |  -1.00  -0.50  -1.00   1.50 |  -0.33  -0.17  -0.33
 99 -1.00  1.0  2.0000     -34.737  2.0E-01   0.00 |   0.50  -0.50   0.50   0.50 |  -0.17   0.17  -0.17
 74  1.00  1.0  2.0000     -29.973  2.8E-01   0.00 |  -0.78   0.01  -1.35   2.50 |  -0.16   0.00  -0.27
 72  1.00  1.0  2.0000     -29.973  2.8E-01   0.00 |   0.42   0.06   2.00   2.50 |   0.08   0.01   0.40
 73  1.00  1.0  2.0000     -29.973  2.8E-01   0.00 |  -1.14   1.43   0.85   2.50 |  -0.23   0.29   0.17
 76  1.00  1.0  2.0000     -28.508  3.9E-01   0.00 |   1.25  -0.69   0.45   1.50 |  -0.25   0.14  -0.09
 75  1.00  1.0  2.0000     -28.508  3.9E-01   0.00 |  -0.25  -0.31  -1.45   1.50 |   0.05   0.06   0.29
 77  1.00  1.0  2.0000     -25.654  5.1E-01   0.00 |  -0.50   0.50   0.50   0.50 |  -0.50   0.50   0.50
101 -1.00  1.0  2.0000     -23.739  5.2E-01   0.00 |   0.59  -0.72   2.24   3.50 |   0.08  -0.10   0.32
100 -1.00  1.0  2.0000     -23.739  5.2E-01   0.00 |  -0.31   0.19  -2.99   3.50 |  -0.04   0.03  -0.43
102 -1.00  1.0  2.0000     -23.739  5.2E-01   0.00 |  -2.47  -0.93  -1.06   3.50 |  -0.35  -0.13  -0.15
103 -1.00  1.0  2.0000     -23.739  5.2E-01   0.00 |   0.19   3.46  -0.19   3.50 |   0.03   0.49  -0.03
105 -1.00  1.0  2.0000     -21.102  9.9E-01   0.00 |   0.01   0.95  -1.20   2.50 |  -0.00  -0.14   0.17
104 -1.00  1.0  2.0000     -21.102  9.9E-01   0.00 |   0.55  -0.48   2.27   2.50 |  -0.08   0.07  -0.32
106 -1.00  1.0  2.0000     -21.102  9.9E-01   0.00 |   0.94  -1.97   0.43   2.50 |  -0.13   0.28  -0.06
108 -1.00  1.0  2.0000     -18.184  1.4E+00   0.00 |   0.37   0.50  -1.37   1.50 |   0.12   0.17  -0.46
107 -1.00  1.0  2.0000     -18.184  1.4E+00   0.00 |  -1.37   0.50   0.37   1.50 |  -0.46   0.17   0.12
109 -1.00  1.0  2.0000     -17.146  1.3E+00   0.00 |   0.50  -0.50   0.50   0.50 |  -0.17   0.17  -0.17
 78  1.00  1.0  2.0000     -16.884  1.0E+00   0.00 |   1.81   1.37   1.21   4.50 |   0.20   0.15   0.13
 81  1.00  1.0  2.0000     -16.884  1.0E+00   0.00 |  -2.39  -2.27  -0.68   4.50 |  -0.27  -0.25  -0.08
 82  1.00  1.0  2.0000     -16.884  1.0E+00   0.00 |  -2.24  -1.09  -2.08   4.50 |  -0.25  -0.12  -0.23
 79  1.00  1.0  2.0000     -16.884  1.0E+00   0.00 |  -0.04   0.33   4.10   4.50 |  -0.00   0.04   0.46
 80  1.00  1.0  2.0000     -16.884  1.0E+00   0.00 |   0.35   4.16  -0.05   4.50 |   0.04   0.46  -0.01
 86  1.00  1.0  2.0000     -12.805  1.8E+00   0.00 |   0.66   2.07   0.70   3.50 |  -0.07  -0.23  -0.08
 83  1.00  1.0  2.0000     -12.805  1.8E+00   0.00 |  -0.99  -2.57  -0.86   3.50 |   0.11   0.29   0.10
 84  1.00  1.0  2.0000     -12.805  1.8E+00   0.00 |   2.98  -0.43   0.88   3.50 |  -0.33   0.05  -0.10
 85  1.00  1.0  2.0000     -12.805  1.8E+00   0.00 |  -0.65  -1.07  -2.72   3.50 |   0.07   0.12   0.30
 87  1.00  1.0  2.0000     -10.469  2.0E+00   0.00 |  -0.46  -1.29  -0.89   2.50 |  -0.09  -0.26  -0.18
 89  1.00  1.0  2.0000     -10.469  2.0E+00   0.00 |  -0.33   2.32   0.22   2.50 |  -0.07   0.46   0.04
 88  1.00  1.0  2.0000     -10.469  2.0E+00   0.00 |  -0.71   0.47   2.18   2.50 |  -0.14   0.09   0.44
111 -1.00  1.0  2.0000      -9.549  1.4E+00   0.00 |   0.27   1.75   2.85   5.50 |   0.02   0.16   0.26
112 -1.00  1.0  2.0000      -9.548  1.4E+00   0.00 |  -1.43  -0.87  -2.74   5.50 |  -0.13  -0.08  -0.25
115 -1.00  1.0  2.0000      -9.548  1.4E+00   0.00 |   3.22   0.85  -0.02   5.50 |   0.29   0.08  -0.00
114 -1.00  1.0  2.0000      -9.548  1.4E+00   0.00 |  -2.08  -0.89  -1.24   5.50 |  -0.19  -0.08  -0.11
113 -1.00  1.0  2.0000      -9.548  1.4E+00   0.00 |  -1.37   3.29   1.55   5.50 |  -0.12   0.30   0.14
110 -1.00  1.0  2.0000      -9.548  1.4E+00   0.00 |  -1.61  -1.13  -3.40   5.50 |  -0.15  -0.10  -0.31
 90  1.00  1.0  2.0000      -8.687  2.5E+00   0.00 |  -0.50  -1.00  -1.00   1.50 |   0.10   0.20   0.20
 91  1.00  1.0  2.0000      -8.687  2.5E+00   0.00 |   1.50   0.00   0.00   1.50 |  -0.30  -0.00  -0.00
 92  1.00  1.0  2.0000      -7.791  2.0E+00   0.00 |  -0.50   0.50   0.50   0.50 |  -0.50   0.50   0.50
118 -1.00  1.0  0.0000      -3.897  2.3E+00   0.00 |  -1.00   1.54  -0.39   4.50 |   0.09  -0.14   0.04
117 -1.00  1.0  0.0000      -3.897  2.3E+00   0.00 |  -0.57   0.93   2.51   4.50 |   0.05  -0.08  -0.23
116 -1.00  1.0  0.0000      -3.897  2.3E+00   0.00 |  -0.00  -1.51  -2.67   4.50 |   0.00   0.14   0.24
120 -1.00  1.0  0.0000      -3.897  2.3E+00   0.00 |   2.19  -0.98   2.27   4.50 |  -0.20   0.09  -0.21
119 -1.00  1.0  0.0000      -3.897  2.3E+00   0.00 |   1.88  -2.49   0.78   4.50 |  -0.17   0.23  -0.07
 95  1.00  1.0  0.0000      -1.813  1.5E+00   0.00 |  -1.39  -3.75  -1.93   6.50 |  -0.11  -0.29  -0.15
 96 -1.00  1.0  0.0000      -1.813  1.5E+00   0.00 |  -0.06   2.44   3.62   6.50 |  -0.00   0.19   0.28
 94  1.00  1.0  0.0000      -1.813  1.5E+00   0.00 |  -0.22   2.42   2.10   6.50 |  -0.02   0.19   0.16
 93  1.00  1.0  0.0000      -1.813  1.5E+00   0.00 |  -3.63   2.24   1.22   6.50 |  -0.28   0.17   0.09
----------------------------------------------------------------------------------------------------------
------------------------ Electric Multipole Moments -------------------------
Quantisation Axis             : Z
  With secondary axis ordering: X,Y
  Calculated wrt to COM = (   0.000   0.000   0.000)
______________________________________________________________________________
                   Neutrons        Protons          Charge         Total
______________________________________________________________________________
 Particles          126.0000         82.0000         82.0001        208.0000

Re  Q_{ 2 0}         -0.0000         -0.0000         -0.0000         -0.0000
Re  Q_{ 2 2}         -0.0000         -0.0000         -0.0000         -0.0000

Re  Q_{ 4 0}         12.3256         -0.3088          1.8590         12.0168
Re  Q_{ 4 2}          0.0000          0.0000          0.0000          0.0000
Re  Q_{ 4 4}          7.3660         -0.1845          1.1110          7.1815

Re  Q_{ 6 0}        257.4819         -9.4118         13.3345        248.0701
Re  Q_{ 6 2}          0.0094          0.0012          0.0012          0.0106
Re  Q_{ 6 4}       -481.7144         17.6055        -24.9490       -464.1090
Re  Q_{ 6 6}         -0.0119         -0.0018         -0.0018         -0.0137

Re  Q_{ 8 0}      66352.3751      -2835.8390       3347.8792      63516.5362
Re  Q_{ 8 2}          0.2154          0.0228          0.0273          0.2382
Re  Q_{ 8 4}      24951.7901      -1066.4344       1258.9580      23885.3557
Re  Q_{ 8 6}          0.1656          0.0161          0.0180          0.1816
Re  Q_{ 8 8}      38017.0078      -1624.8652       1918.1593      36392.1426

Re  Q_{10 0}     580805.8250      -9121.9264     -69801.9054     571683.8986
Re  Q_{10 2}         -6.2617         -1.9097         -1.6065         -8.1714
Re  Q_{10 4}    -585261.6648       9190.3176      70335.7792    -576071.3472
Re  Q_{10 6}         14.2058          0.2390          0.2539         14.4448
Re  Q_{10 8}    -696607.5851      10938.6381      83716.1067    -685668.9469
Re  Q_{1010}          9.0461         -2.1437         -1.9298          6.9023

 RMS radius           5.6277          5.4455          5.4967          5.5566
 Fourth mom.          5.9943          5.7731          5.8429          5.9100
______________________________________________________________________________
                   Neutrons        Protons          Charge         Total
______________________________________________________________________________

Beta_{ 2 0}      -0.00000000     -0.00000000     -0.00000000     -0.00000000
Beta_{ 2 2}      -0.00000000     -0.00000000     -0.00000000     -0.00000000

Beta_{ 4 0}       0.00009713     -0.00000243      0.00001465      0.00009470
Beta_{ 4 2}       0.00000000      0.00000000      0.00000000      0.00000000
Beta_{ 4 4}       0.00005805     -0.00000145      0.00000876      0.00005659

Beta_{ 6 0}       0.00004014     -0.00000147      0.00000208      0.00003867
Beta_{ 6 2}       0.00000000      0.00000000      0.00000000      0.00000000
Beta_{ 6 4}      -0.00007509      0.00000274     -0.00000389     -0.00007235
Beta_{ 6 6}      -0.00000000     -0.00000000     -0.00000000     -0.00000000

Beta_{ 8 0}       0.00020461     -0.00000874      0.00001032      0.00019587
Beta_{ 8 2}       0.00000000      0.00000000      0.00000000      0.00000000
Beta_{ 8 4}       0.00007694     -0.00000329      0.00000388      0.00007366
Beta_{ 8 6}       0.00000000      0.00000000      0.00000000      0.00000000
Beta_{ 8 8}       0.00011723     -0.00000501      0.00000592      0.00011222

Beta_{10 0}       0.00003543     -0.00000056     -0.00000426      0.00003487
Beta_{10 2}      -0.00000000     -0.00000000     -0.00000000     -0.00000000
Beta_{10 4}      -0.00003570      0.00000056      0.00000429     -0.00003514
Beta_{10 6}       0.00000000      0.00000000      0.00000000      0.00000000
Beta_{10 8}      -0.00004249      0.00000067      0.00000511     -0.00004183
Beta_{1010}       0.00000000     -0.00000000     -0.00000000      0.00000000


______________________________________________________________________________
                   Neutrons        Protons          Charge         Total
______________________________________________________________________________
Q_{ 2}                0.0000          0.0000          0.0000          0.0000
Q_{ 4}               16.1380          0.4043          2.4341         15.7337
Q_{ 6}              728.2819         26.6174         37.7189        701.6645
Q_{ 8}            92403.5016       3949.2937       4662.2865      88454.2079
Q_{10}          1411708.9271      22168.4696     169656.4844    1389540.4580
______________________________________________________________________________
                   Neutrons        Protons          Charge         Total
______________________________________________________________________________
Beta_{   2}       0.00000000      0.00000000      0.00000000      0.00000000
Beta_{   4}       0.00012717      0.00000319      0.00001918      0.00012399
Beta_{   6}       0.00011353      0.00000415      0.00000588      0.00010938
Beta_{   8}       0.00028495      0.00001218      0.00001438      0.00027277
Beta_{  10}       0.00008612      0.00000135      0.00001035      0.00008476
______________________________________________________________________________
 Cart. Moments X              Y              Z
 Cart. N        0.0000081      0.0000164     -0.0000245
 Cart. P        0.0000042      0.0000061     -0.0000103
 Cart. T        0.0000123      0.0000225     -0.0000347
 (Q, gamma)    Q              Gamma
 (Q,g) N        0.0000249   -168.9117427
 (Q,g) P        0.0000103   -173.9635842
 (Q,g) T        0.0000352   -170.3908724
 (iq1, iq2)    iq1            iq2
 iq    N       -0.0000217     -0.0000055
 iq    P       -0.0000096     -0.0000013
 iq    T       -0.0000313     -0.0000068
               X^2            Y^2            Z^2
 X^2_i N     1330.1940399   1330.1940427   1330.1940290
 X^2_i P      810.5255043    810.5255050    810.5254995
 X^2_i T     2140.7195442   2140.7195476   2140.7195286
----------------------------------------------------------------------------
----------------------- Box Size Check -------------------------
 Xmax = (nx+0.5)dx = 12.250 fm,  max(rho(X=Xmax)) =    1.237E-05
 Ymax = (ny+0.5)dx = 12.250 fm,  max(rho(Y=Ymax)) =    1.237E-05
 Zmax = (nz+0.5)dx = 12.250 fm,  max(rho(Z=Zmax)) =    1.237E-05
---------------------Rotational properties--------------------
                Rigid rotor          (hbar^2/MeV)
              n              p              t 
 I_R X      64.1505068     39.0887497    103.2392566
 I_R Y      64.1505068     39.0887497    103.2392565
 I_R Z      64.1505071     39.0887499    103.2392570

                Belyaev                 (hbar^2/MeV) 
              n              p              t 
 I_B X       0.0000002      0.0000000      0.0000002
 I_B Y       0.0000002      0.0000000      0.0000002
 I_B Z       0.0000002      0.0000000      0.0000002

                Belyaev (collective)    (hbar^2/MeV) 
              n              p              t 
 I_B X       0.0000000      0.0000000      0.0000000
 I_B Y       0.0000000      0.0000000      0.0000000
 I_B Z       0.0000000      0.0000000      0.0000000

                 <J^2> - <J>^2          (hbar^2)
              n              p              t 
 J2_X        0.0000008      0.0000000      0.0000008
 J2_Y        0.0000007      0.0000000      0.0000007
 J2_Z        0.0000008      0.0000000      0.0000008
 J2_t        0.0000023      0.0000000      0.0000023

                 <J^2> - <J>^2 (coll.)  (hbar^2)
              n              p              t 
 J2_X        0.0000000      0.0000000      0.0000000
 J2_Y        0.0000000      0.0000000      0.0000000
 J2_Z        0.0000000      0.0000000      0.0000000
 J2_t        0.0000000      0.0000000      0.0000000
------------------------- Angular Momentum (hbar) --------------------------

               Spwfs(*)    Desired     Omega       E (MeV)      Densit. 
  __________________________________________________________________________
   J_x   |     0.00000     0.00000     0.00000     0.00000     0.00000
   J_y   |     0.00000     0.00000     0.00000     0.00000     0.00000
   J_z   |     0.00000     0.00000     0.00000     0.00000     0.00000
  __________________________________________________________________________
   Size  |     0.00000     0.00000     0.00000                 0.00000
  --------------------------------------------------------------------------
--------------------------------------------------------------------------------
 Skyrme Energy                Isospin  1 2 3 4                   Energy [MeV]
--------------------------------------------------------------------------------
E_D_I_I_D_I_I                          0 0                     -17094.727229
E_D_I_I_D_I_I                          1 1                        394.348108
E_D_I_I_D_I_I_D_I_I                    0 0 0                     9735.378600
E_D_I_I_D_I_I_D_I_I                    0 1 1                     -257.664390
E_D_I_I_D_Nm_Nm                        0 0                        743.984695
E_D_I_I_D_Nm_Nm                        1 1                        -23.755356
E_D_I_I_Lap_D_I_I                      0 0                        261.157170
E_D_I_I_Lap_D_I_I                      1 1                         -0.091886
E_C_I_NmSk_C_I_NmSk                    0 0                         -0.000000
E_C_I_NmSk_C_I_NmSk                    1 1                         -0.000000
E_D_I_I_D_I_I_D_Nm_Nm                  0 0 0                        0.000000
E_D_I_I_D_I_I_D_Nm_Nm                  0 1 1                       -0.000000
E_D_I_I_D_I_I_D_Nm_Nm                  0 0 0                        0.000000
E_D_I_I_D_I_I_D_Nm_Nm                  0 1 1                        0.000000
E_D_I_I_Derm_D_I_I_Derm_D_I_I          0 0 0                        0.000000
E_D_I_I_Derm_D_I_I_Derm_D_I_I          0 1 1                       -0.000000
E_D_I_I_Derm_D_I_I_Derm_D_I_I          0 0 0                       -0.000000
E_D_I_I_Derm_D_I_I_Derm_D_I_I          0 1 1                       -0.000000
E_D_I_I_Derm_D_I_I_D_I_I_Derm_D_I_I    0 0 0 0                      0.000000
E_D_I_I_Derm_D_I_I_D_I_I_Derm_D_I_I    0 0 1 1                     -0.000000
E_D_I_I_Derm_C_I_NxmSxm                0 0                        -90.931778
E_D_I_I_Derm_C_I_NxmSxm                1 1                         -0.757453
E_DP_I_I_DP_I_I                        n n                         -0.000000
E_DP_I_I_DP_I_I                        p p                         -0.000000
E_D_I_I_DP_I_I_DP_I_I                  0 n n                        0.000000
E_D_I_I_DP_I_I_DP_I_I                  0 p p                        0.000000
--------------------------------------------------------------------------------
                 Total Skyrme:                                  -6333.059518
--------------------------------------------------------------------------------
                    time-even:                                  -6333.059518
                    time-odd :                                      0.000000
                    bilinear :                                 -15810.773728
                    trilinear:                                      0.000000
                 quadrilinear:                                      0.000000
            density-dependent:                                   9477.714211
--------------------------------------------------------------------------------
--------------------------------------------------------------------------------
                                     neutron        proton         total
                Kinetic Energy:    2530.958541    1352.498332    3883.456873
                    COM 1-body:     -12.168070      -6.502396     -18.670466
                    COM 2-body:       8.535524       4.122020      12.657544
                            ph:       8.535524       4.122020      12.657544
                            pp:       0.000000       0.000000       0.000000

                Coulomb Direct:       0.000000     822.785807     822.785807
                  Dir. (point):       0.000000     826.222356     826.222356
                      Exchange:       0.000000       0.000000       0.000000
                  Exc. (point):       0.000000       0.000000       0.000000

               Pairing (delta):       0.000000       0.000000       0.000000
               Pairing (densi):                                     0.000000
--------------------------------------------------------------------------------
                  Total energy:                                 -1632.829759
                    from spwfs:                                 -1631.858875
                   E_fu - E_sp:                                -0.970884E+00
                      Routhian:                                 -1632.829759
                         dE   :                                -0.148605E+01
                         dR   :                                -0.148605E+01
--------------------------------------------------------------------------------
 Iteration =   21
 dt    =   0.0163      mu   =   0.8037 gradn =    0.000E+00 D2H  =    1.075E+00
 E     =  -1633.495    DE   = -0.40700E-03
 R     =  -1633.495    DR   = -0.40700E-03
 R-E   =      0.000  D(R-E) =  0.00000E+00
 dmun  =  0.0E+00      dmup=  0.0E+00
 RQ20t =      -0.0000   dQ = -2.1E-07  L =       0.0000   dL =  0.0E+00  dev =  0.0E+00
 RQ22t =      -0.0000   dQ = -1.4E-07  L =       0.0000   dL =  0.0E+00  dev =  0.0E+00
 Jz    =       0.0000   dJZ=  0.0E+00 Om =       0.0000   dO =  0.0E+00  dev =  0.0E+00
--------------------------------------------------------------------------------------
 Iteration =   22
 dt    =   0.0163      mu   =   0.7992 gradn =    0.000E+00 D2H  =    8.058E-01
 E     =  -1633.978    DE   = -0.29615E-03
 R     =  -1633.978    DR   = -0.29615E-03
 R-E   =      0.000  D(R-E) =  0.00000E+00
 dmun  =  0.0E+00      dmup=  0.0E+00
 RQ20t =      -0.0000   dQ =  7.3E-08  L =       0.0000   dL =  0.0E+00  dev =  0.0E+00
 RQ22t =      -0.0000   dQ = -9.9E-08  L =       0.0000   dL =  0.0E+00  dev =  0.0E+00
 Jz    =       0.0000   dJZ=  0.0E+00 Om =       0.0000   dO =  0.0E+00  dev =  0.0E+00
--------------------------------------------------------------------------------------
 Iteration =   23
 dt    =   0.0162      mu   =   0.7976 gradn =    0.000E+00 D2H  =    6.120E-01
 E     =  -1634.316    DE   = -0.20636E-03
 R     =  -1634.316    DR   = -0.20636E-03
 R-E   =      0.000  D(R-E) =  0.00000E+00
 dmun  =  0.0E+00      dmup=  0.0E+00
 RQ20t =      -0.0000   dQ =  3.4E-07  L =       0.0000   dL =  0.0E+00  dev =  0.0E+00
 RQ22t =      -0.0000   dQ = -5.6E-08  L =       0.0000   dL =  0.0E+00  dev =  0.0E+00
 Jz    =       0.0000   dJZ=  0.0E+00 Om =       0.0000   dO =  0.0E+00  dev =  0.0E+00
--------------------------------------------------------------------------------------
 Iteration =   24
 dt    =   0.0162      mu   =   0.7975 gradn =    0.000E+00 D2H  =    4.856E-01
 E     =  -1634.564    DE   = -0.15210E-03
 R     =  -1634.564    DR   = -0.15210E-03
 R-E   =      0.000  D(R-E) =  0.00000E+00
 dmun  =  0.0E+00      dmup=  0.0E+00
 RQ20t =      -0.0000   dQ =  5.6E-07  L =       0.0000   dL =  0.0E+00  dev =  0.0E+00
 RQ22t =      -0.0000   dQ = -1.2E-08  L =       0.0000   dL =  0.0E+00  dev =  0.0E+00
 Jz    =       0.0000   dJZ=  0.0E+00 Om =       0.0000   dO =  0.0E+00  dev =  0.0E+00
--------------------------------------------------------------------------------------
 Iteration =   25
 dt    =   0.0162      mu   =   0.7977 gradn =    0.000E+00 D2H  =    4.011E-01
 E     =  -1634.772    DE   = -0.12703E-03
 R     =  -1634.772    DR   = -0.12703E-03
 R-E   =      0.000  D(R-E) =  0.00000E+00
 dmun  =  0.0E+00      dmup=  0.0E+00
 RQ20t =      -0.0000   dQ =  7.3E-07  L =       0.0000   dL =  0.0E+00  dev =  0.0E+00
 RQ22t =      -0.0000   dQ =  2.9E-08  L =       0.0000   dL =  0.0E+00  dev =  0.0E+00
 Jz    =       0.0000   dJZ=  0.0E+00 Om =       0.0000   dO =  0.0E+00  dev =  0.0E+00
--------------------------------------------------------------------------------------
 Iteration =   26
 dt    =   0.0162      mu   =   0.7981 gradn =    0.000E+00 D2H  =    3.351E-01
 E     =  -1634.963    DE   = -0.11663E-03
 R     =  -1634.963    DR   = -0.11663E-03
 R-E   =      0.000  D(R-E) =  0.00000E+00
 dmun  =  0.0E+00      dmup=  0.0E+00
 RQ20t =      -0.0000   dQ =  8.3E-07  L =       0.0000   dL =  0.0E+00  dev =  0.0E+00
 RQ22t =      -0.0000   dQ =  6.6E-08  L =       0.0000   dL =  0.0E+00  dev =  0.0E+00
 Jz    =       0.0000   dJZ=  0.0E+00 Om =       0.0000   dO =  0.0E+00  dev =  0.0E+00
--------------------------------------------------------------------------------------
 Iteration =   27
 dt    =   0.0162      mu   =   0.7985 gradn =    0.000E+00 D2H  =    2.751E-01
 E     =  -1635.141    DE   = -0.10906E-03
 R     =  -1635.141    DR   = -0.10906E-03
 R-E   =      0.000  D(R-E) =  0.00000E+00
 dmun  =  0.0E+00      dmup=  0.0E+00
 RQ20t =      -0.0000   dQ =  8.5E-07  L =       0.0000   dL =  0.0E+00  dev =  0.0E+00
 RQ22t =      -0.0000   dQ =  9.9E-08  L =       0.0000   dL =  0.0E+00  dev =  0.0E+00
 Jz    =       0.0000   dJZ=  0.0E+00 Om =       0.0000   dO =  0.0E+00  dev =  0.0E+00
--------------------------------------------------------------------------------------
 Iteration =   28
 dt    =   0.0162      mu   =   0.7990 gradn =    0.000E+00 D2H  =    2.184E-01
 E     =  -1635.302    DE   = -0.98680E-04
 R     =  -1635.302    DR   = -0.98680E-04
 R-E   =      0.000  D(R-E) =  0.00000E+00
 dmun  =  0.0E+00      dmup=  0.0E+00
 RQ20t =      -0.0000   dQ =  8.2E-07  L =       0.0000   dL =  0.0E+00  dev =  0.0E+00
 RQ22t =      -0.0000   dQ =  1.3E-07  L =       0.0000   dL =  0.0E+00  dev =  0.0E+00
 Jz    =       0.0000   dJZ=  0.0E+00 Om =       0.0000   dO =  0.0E+00  dev =  0.0E+00
--------------------------------------------------------------------------------------
 Iteration =   29
 dt    =   0.0162      mu   =   0.7994 gradn =    0.000E+00 D2H  =    1.673E-01
 E     =  -1635.441    DE   = -0.84751E-04
 R     =  -1635.441    DR   = -0.84751E-04
 R-E   =      0.000  D(R-E) =  0.00000E+00
 dmun  =  0.0E+00      dmup=  0.0E+00
 RQ20t =      -0.0000   dQ =  7.3E-07  L =       0.0000   dL =  0.0E+00  dev =  0.0E+00
 RQ22t =      -0.0000   dQ =  1.6E-07  L =       0.0000   dL =  0.0E+00  dev =  0.0E+00
 Jz    =       0.0000   dJZ=  0.0E+00 Om =       0.0000   dO =  0.0E+00  dev =  0.0E+00
--------------------------------------------------------------------------------------
--------------------------------------------------------------------------------------
                              Iteration =    30

--------------------- Hartree-Fock basis-------------------------------------------------------------------
__________________________________________________________________________________________________________
   Neutron wavefunctions
  i     P   Rz   occ          E       d2h    Delta |   JxT    JyT    Jz      J   |   SxT    SyT    Sz
----------------------------------------------------------------------------------------------------------
  1  1.00  1.0  2.0000     -49.773  1.4E-02   0.00 |  -0.50   0.50   0.50   0.50 |  -0.50   0.50   0.50
 36 -1.00  1.0  2.0000     -44.980  4.3E-02   0.00 |  -1.00  -0.50  -1.00   1.50 |  -0.33  -0.17  -0.33
 35 -1.00  1.0  2.0000     -44.980  4.3E-02   0.00 |  -0.00   1.50   0.00   1.50 |   0.00   0.50  -0.00
 37 -1.00  1.0  2.0000     -44.431  3.0E-02   0.00 |   0.50  -0.50   0.50   0.50 |  -0.17   0.17  -0.17
  3  1.00  1.0  2.0000     -39.122  1.0E-01   0.00 |  -1.07   0.25   1.15   2.50 |  -0.21   0.05   0.23
  2  1.00  1.0  2.0000     -39.122  1.0E-01   0.00 |  -0.13   0.59   1.66   2.50 |  -0.03   0.12   0.33
  4  1.00  1.0  2.0000     -39.122  1.0E-01   0.00 |  -0.30   0.66  -1.30   2.50 |  -0.06   0.13  -0.26
  6  1.00  1.0  2.0000     -37.800  4.6E-02   0.00 |   0.25   0.21  -1.46   1.50 |  -0.05  -0.04   0.29
  7  1.00  1.0  2.0000     -37.800  4.6E-02   0.00 |   0.75  -1.21   0.46   1.50 |  -0.15   0.24  -0.09
  5  1.00  1.0  2.0000     -35.574  1.3E-01   0.00 |  -0.50   0.50   0.50   0.50 |  -0.50   0.50   0.50
 38 -1.00  1.0  2.0000     -32.495  1.3E-01   0.00 |   0.02   2.70   0.28   3.50 |   0.00   0.39   0.04
 41 -1.00  1.0  2.0000     -32.495  1.3E-01   0.00 |  -0.82  -1.31  -2.32   3.50 |  -0.12  -0.19  -0.33
 40 -1.00  1.0  2.0000     -32.495  1.3E-01   0.00 |  -0.75  -1.40  -1.16   3.50 |  -0.11  -0.20  -0.17
 39 -1.00  1.0  2.0000     -32.495  1.3E-01   0.00 |  -0.45   2.01   1.19   3.50 |  -0.06   0.29   0.17
 44 -1.00  1.0  2.0000     -30.015  3.8E-02   0.00 |   1.89  -1.04   0.55   2.50 |  -0.27   0.15  -0.08
 46 -1.00  1.0  2.0000     -30.015  3.8E-02   0.00 |  -0.17   0.33   2.33   2.50 |   0.02  -0.05  -0.33
 45 -1.00  1.0  2.0000     -30.015  3.8E-02   0.00 |  -0.23  -0.80  -1.39   2.50 |   0.03   0.11   0.20
 43 -1.00  1.0  2.0000     -27.661  1.4E-01   0.00 |  -0.00   1.50  -0.00   1.50 |   0.00   0.50  -0.00
 42 -1.00  1.0  2.0000     -27.661  1.4E-01   0.00 |  -1.00  -0.50  -1.00   1.50 |  -0.33  -0.17  -0.33
 47 -1.00  1.0  2.0000     -26.566  7.4E-02   0.00 |   0.50  -0.50   0.50   0.50 |  -0.17   0.17  -0.17
  9  1.00  1.0  2.0000     -25.311  1.3E-01   0.00 |   2.16  -1.09  -0.39   4.50 |   0.24  -0.12  -0.04
 11  1.00  1.0  2.0000     -25.311  1.3E-01   0.00 |   0.79  -0.30   3.95   4.50 |   0.09  -0.03   0.44
 12  1.00  1.0  2.0000     -25.311  1.3E-01   0.00 |  -3.13  -1.02  -0.39   4.50 |  -0.35  -0.11  -0.04
 10  1.00  1.0  2.0000     -25.310  1.3E-01   0.00 |  -1.51   1.49  -1.49   4.50 |  -0.17   0.17  -0.17
  8  1.00  1.0  2.0000     -25.310  1.3E-01   0.00 |  -0.81   3.42   0.82   4.50 |  -0.09   0.38   0.09
 18  1.00  1.0  2.0000     -21.321  2.7E-02   0.00 |   1.27   0.77  -2.43   3.50 |  -0.14  -0.09   0.27
 16  1.00  1.0  2.0000     -21.321  2.7E-02   0.00 |  -1.05  -2.38  -0.01   3.50 |   0.12   0.26   0.00
 17  1.00  1.0  2.0000     -21.321  2.7E-02   0.00 |   0.48  -2.24   0.43   3.50 |  -0.05   0.25  -0.05
 19  1.00  1.0  2.0000     -21.321  2.7E-02   0.00 |   1.31   1.86   0.01   3.50 |  -0.15  -0.21  -0.00
 14  1.00  1.0  2.0000     -19.683  1.6E-01   0.00 |  -0.43  -1.11  -1.12   2.50 |  -0.09  -0.22  -0.22
 15  1.00  1.0  2.0000     -19.683  1.6E-01   0.00 |  -0.57   1.50   0.77   2.50 |  -0.11   0.30   0.15
 13  1.00  1.0  2.0000     -19.683  1.6E-01   0.00 |  -0.50   1.12   1.86   2.50 |  -0.10   0.22   0.37
 49 -1.00  1.0  2.0000     -17.721  1.3E-01   0.00 |  -0.55  -0.97  -4.52   5.50 |  -0.05  -0.09  -0.41
 52 -1.00  1.0  2.0000     -17.721  1.3E-01   0.00 |  -2.34  -1.38  -0.23   5.50 |  -0.21  -0.13  -0.02
 48 -1.00  1.0  2.0000     -17.721  1.3E-01   0.00 |  -1.07   4.23   0.94   5.50 |  -0.10   0.38   0.09
 51 -1.00  1.0  2.0000     -17.721  1.4E-01   0.00 |  -0.70  -1.89   0.55   5.50 |  -0.06  -0.17   0.05
 53 -1.00  1.0  2.0000     -17.721  1.4E-01   0.00 |   2.81   0.03   1.33   5.50 |   0.26   0.00   0.12
 50 -1.00  1.0  2.0000     -17.721  1.4E-01   0.00 |  -1.15   2.98  -1.06   5.50 |  -0.10   0.27  -0.10
 21  1.00  1.0  2.0000     -17.712  5.0E-02   0.00 |  -0.50  -1.00  -1.00   1.50 |   0.10   0.20   0.20
 22  1.00  1.0  2.0000     -17.712  5.0E-02   0.00 |   1.50   0.00   0.00   1.50 |  -0.30   0.00   0.00
 20  1.00  1.0  2.0000     -17.388  1.6E-01   0.00 |  -0.50   0.50   0.50   0.50 |  -0.50   0.50   0.50
 61 -1.00  1.0  2.0000     -11.981  1.2E-02   0.00 |   0.45   1.82  -0.65   4.50 |  -0.04  -0.17   0.06
 58 -1.00  1.0  2.0000     -11.981  1.2E-02   0.00 |  -0.49  -2.49  -2.16   4.50 |   0.04   0.23   0.20
 59 -1.00  1.0  2.0000     -11.981  1.2E-02   0.00 |   2.27  -1.36   0.17   4.50 |  -0.21   0.12  -0.02
 62 -1.00  1.0  2.0000     -11.981  1.2E-02   0.00 |   0.13  -1.17   1.48   4.50 |  -0.01   0.11  -0.13
 60 -1.00  1.0  2.0000     -11.981  1.3E-02   0.00 |   0.14   0.70   3.65   4.50 |  -0.01  -0.06  -0.33
 55 -1.00  1.0  2.0000     -11.661  1.5E-01   0.00 |  -0.59   0.24  -1.83   3.50 |  -0.08   0.03  -0.26
 56 -1.00  1.0  2.0000     -11.660  1.5E-01   0.00 |  -2.19  -1.10  -0.02   3.50 |  -0.31  -0.16  -0.00
 57 -1.00  1.0  2.0000     -11.660  1.5E-01   0.00 |  -0.95   1.80   1.36   3.50 |  -0.14   0.26   0.19
 54 -1.00  1.0  2.0000     -11.660  1.5E-01   0.00 |   1.73   1.06  -1.52   3.50 |   0.25   0.15  -0.22
 29  1.00  1.0  2.0000      -9.837  1.4E-01   0.00 |  -1.63  -0.64  -3.89   6.50 |  -0.13  -0.05  -0.30
 25  1.00  1.0  2.0000      -9.837  1.4E-01   0.00 |  -1.23  -3.09   0.83   6.50 |  -0.09  -0.24   0.06
 28  1.00  1.0  2.0000      -9.837  1.5E-01   0.00 |   0.14   2.63   0.52   6.50 |   0.01   0.20   0.04
 24  1.00  1.0  2.0000      -9.837  1.5E-01   0.00 |   0.65  -1.50   2.47   6.50 |   0.05  -0.12   0.19
 23  1.00  1.0  2.0000      -9.836  1.4E-01   0.00 |   1.54  -0.17   3.26   6.50 |   0.12  -0.01   0.25
 27  1.00  1.0  2.0000      -9.836  1.5E-01   0.00 |  -0.36   5.16   1.24   6.50 |  -0.03   0.40   0.10
 26  1.00  1.0  2.0000      -9.836  1.4E-01   0.00 |  -2.61   1.13  -0.94   6.50 |  -0.20   0.09  -0.07
 66 -1.00  1.0  2.0000      -8.912  3.1E-02   0.00 |   1.84  -0.47   1.10   2.50 |  -0.26   0.07  -0.16
 65 -1.00  1.0  2.0000      -8.912  3.1E-02   0.00 |  -0.76  -2.03  -0.66   2.50 |   0.11   0.29   0.09
 67 -1.00  1.0  2.0000      -8.912  3.1E-02   0.00 |   0.42   0.99   1.06   2.50 |  -0.06  -0.14  -0.15
 64 -1.00  1.0  2.0000      -8.875  1.5E-01   0.00 |  -1.00  -0.50  -1.00   1.50 |  -0.33  -0.17  -0.33
 63 -1.00  1.0  2.0000      -8.875  1.5E-01   0.00 |  -0.00   1.50  -0.00   1.50 |   0.00   0.50  -0.00
 68 -1.00  1.0  2.0000      -7.853  7.7E-02   0.00 |   0.50  -0.50   0.50   0.50 |  -0.17   0.17  -0.17
 30  1.00  1.0  0.0000      -3.707  9.6E-02   0.00 |  -1.61  -1.27  -1.07   4.50 |  -0.18  -0.14  -0.12
 32  1.00  1.0  0.0000      -3.705  9.6E-02   0.00 |  -0.56   0.24   3.83   4.50 |  -0.06   0.03   0.43
 33  1.00  1.0  0.0000      -3.705  1.0E-01   0.00 |  -1.17  -1.76  -2.34   4.50 |  -0.13  -0.20  -0.26
 34 -1.00  1.0  0.0000      -3.704  9.4E-02   0.00 |  -0.47   3.95   0.84   4.50 |  -0.05   0.44   0.09
 31  1.00  1.0  0.0000      -3.703  9.6E-02   0.00 |   1.32   1.34   1.25   4.50 |   0.15   0.15   0.14
 70  1.00  1.0  0.0000      -1.736  1.4E-01   0.00 |   3.08   1.94  -1.67   7.50 |   0.21   0.13  -0.11
 69 -1.00  1.0  0.0000      -1.736  1.4E-01   0.00 |  -4.25  -1.98  -1.53   7.50 |  -0.28  -0.13  -0.10
__________________________________________________________________________________________________________
   Proton  wavefunctions
  i     P   Rz   occ          E       d2h    Delta |   JxT    JyT    Jz      J   |   SxT    SyT    Sz
----------------------------------------------------------------------------------------------------------
 71  1.00  1.0  2.0000     -40.509  2.1E-01   0.00 |  -0.50   0.50   0.50   0.50 |  -0.50   0.50   0.50
 98 -1.00  1.0  2.0000     -35.976  7.8E-02   0.00 |  -1.00  -0.50  -1.00   1.50 |  -0.33  -0.17  -0.33
 97 -1.00  1.0  2.0000     -35.976  7.8E-02   0.00 |   0.00   1.50  -0.00   1.50 |   0.00   0.50  -0.00
 99 -1.00  1.0  2.0000     -35.450  9.0E-02   0.00 |   0.50  -0.50   0.50   0.50 |  -0.17   0.17  -0.17
 74  1.00  1.0  2.0000     -30.303  3.8E-02   0.00 |  -0.78   0.01  -1.35   2.50 |  -0.16   0.00  -0.27
 72  1.00  1.0  2.0000     -30.303  3.8E-02   0.00 |   0.42   0.06   2.00   2.50 |   0.08   0.01   0.40
 73  1.00  1.0  2.0000     -30.303  3.8E-02   0.00 |  -1.14   1.43   0.85   2.50 |  -0.23   0.29   0.17
 75  1.00  1.0  2.0000     -29.010  8.8E-02   0.00 |  -0.25  -0.31  -1.45   1.50 |   0.05   0.06   0.29
 76  1.00  1.0  2.0000     -29.010  8.8E-02   0.00 |   1.25  -0.69   0.45   1.50 |  -0.25   0.14  -0.09
 77  1.00  1.0  2.0000     -26.337  2.7E-01   0.00 |  -0.50   0.50   0.50   0.50 |  -0.50   0.50   0.50
101 -1.00  1.0  2.0000     -23.826  5.9E-02   0.00 |   0.59  -0.72   2.24   3.50 |   0.08  -0.10   0.32
100 -1.00  1.0  2.0000     -23.826  5.9E-02   0.00 |  -0.31   0.19  -2.99   3.50 |  -0.04   0.03  -0.43
102 -1.00  1.0  2.0000     -23.826  5.9E-02   0.00 |  -2.47  -0.93  -1.06   3.50 |  -0.35  -0.13  -0.15
103 -1.00  1.0  2.0000     -23.826  5.9E-02   0.00 |   0.19   3.46  -0.19   3.50 |   0.03   0.49  -0.03
105 -1.00  1.0  2.0000     -21.404  1.5E-01   0.00 |   0.01   0.95  -1.20   2.50 |  -0.00  -0.14   0.17
104 -1.00  1.0  2.0000     -21.404  1.5E-01   0.00 |   0.55  -0.48   2.27   2.50 |  -0.08   0.07  -0.32
106 -1.00  1.0  2.0000     -21.404  1.5E-01   0.00 |   0.94  -1.97   0.43   2.50 |  -0.13   0.28  -0.06
108 -1.00  1.0  2.0000     -18.575  1.7E-01   0.00 |   0.37   0.50  -1.37   1.50 |   0.12   0.17  -0.46
107 -1.00  1.0  2.0000     -18.575  1.7E-01   0.00 |  -1.37   0.50   0.37   1.50 |  -0.46   0.17   0.12
109 -1.00  1.0  2.0000     -17.581  2.2E-01   0.00 |   0.50  -0.50   0.50   0.50 |  -0.17   0.17  -0.17
 78  1.00  1.0  2.0000     -16.760  1.3E-01   0.00 |   1.81   1.37   1.21   4.50 |   0.20   0.15   0.13
 81  1.00  1.0  2.0000     -16.760  1.3E-01   0.00 |  -2.39  -2.27  -0.68   4.50 |  -0.27  -0.25  -0.08
 82  1.00  1.0  2.0000     -16.760  1.3E-01   0.00 |  -2.24  -1.09  -2.08   4.50 |  -0.25  -0.12  -0.23
 79  1.00  1.0  2.0000     -16.760  1.3E-01   0.00 |  -0.04   0.33   4.10   4.50 |  -0.00   0.04   0.46
 80  1.00  1.0  2.0000     -16.760  1.3E-01   0.00 |   0.35   4.16  -0.05   4.50 |   0.04   0.46  -0.01
 86  1.00  1.0  2.0000     -12.902  2.3E-01   0.00 |   0.66   2.07   0.70   3.50 |  -0.07  -0.23  -0.08
 83  1.00  1.0  2.0000     -12.902  2.3E-01   0.00 |  -0.99  -2.57  -0.86   3.50 |   0.11   0.29   0.10
 84  1.00  1.0  2.0000     -12.902  2.3E-01   0.00 |   2.98  -0.43   0.88   3.50 |  -0.33   0.05  -0.10
 85  1.00  1.0  2.0000     -12.901  2.3E-01   0.00 |  -0.65  -1.07  -2.72   3.50 |   0.07   0.12   0.30
 87  1.00  1.0  2.0000     -10.627  2.1E-01   0.00 |  -0.46  -1.29  -0.89   2.50 |  -0.09  -0.26  -0.18
 89  1.00  1.0  2.0000     -10.627  2.2E-01   0.00 |  -0.33   2.32   0.22   2.50 |  -0.07   0.46   0.04
 88  1.00  1.0  2.0000     -10.627  2.2E-01   0.00 |  -0.71   0.47   2.18   2.50 |  -0.14   0.09   0.44
111 -1.00  1.0  2.0000      -9.248  2.4E-01   0.00 |   0.27   1.75   2.85   5.50 |   0.02   0.16   0.26
114 -1.00  1.0  2.0000      -9.248  2.4E-01   0.00 |  -2.08  -0.89  -1.24   5.50 |  -0.19  -0.08  -0.11
115 -1.00  1.0  2.0000      -9.248  2.4E-01   0.00 |   3.22   0.85  -0.02   5.50 |   0.29   0.08  -0.00
112 -1.00  1.0  2.0000      -9.248  2.4E-01   0.00 |  -1.43  -0.87  -2.74   5.50 |  -0.13  -0.08  -0.25
113 -1.00  1.0  2.0000      -9.248  2.4E-01   0.00 |  -1.37   3.29   1.55   5.50 |  -0.12   0.30   0.14
110 -1.00  1.0  2.0000      -9.247  2.4E-01   0.00 |  -1.61  -1.13  -3.40   5.50 |  -0.15  -0.10  -0.31
 90  1.00  1.0  2.0000      -8.888  3.3E-01   0.00 |  -0.50  -1.00  -1.00   1.50 |   0.10   0.20   0.20
 91  1.00  1.0  2.0000      -8.888  3.3E-01   0.00 |   1.50   0.00   0.00   1.50 |  -0.30   0.00   0.00
 92  1.00  1.0  2.0000      -8.099  3.1E-01   0.00 |  -0.50   0.50   0.50   0.50 |  -0.50   0.50   0.50
116 -1.00  1.0  0.0000      -3.774  3.0E-01   0.00 |  -0.00  -1.51  -2.67   4.50 |   0.00   0.14   0.24
117 -1.00  1.0  0.0000      -3.774  3.0E-01   0.00 |  -0.57   0.93   2.51   4.50 |   0.05  -0.08  -0.23
118 -1.00  1.0  0.0000      -3.774  3.0E-01   0.00 |  -1.00   1.54  -0.39   4.50 |   0.09  -0.14   0.04
120 -1.00  1.0  0.0000      -3.774  3.0E-01   0.00 |   2.19  -0.98   2.27   4.50 |  -0.20   0.09  -0.21
119 -1.00  1.0  0.0000      -3.774  3.0E-01   0.00 |   1.88  -2.49   0.78   4.50 |  -0.17   0.23  -0.07
 95  1.00  1.0  0.0000      -1.371  3.4E-01   0.00 |  -1.39  -3.75  -1.93   6.50 |  -0.11  -0.29  -0.15
 96 -1.00  1.0  0.0000      -1.371  3.4E-01   0.00 |  -0.06   2.44   3.62   6.50 |  -0.00   0.19   0.28
 94  1.00  1.0  0.0000      -1.371  3.4E-01   0.00 |  -0.22   2.42   2.10   6.50 |  -0.02   0.19   0.16
 93  1.00  1.0  0.0000      -1.371  3.4E-01   0.00 |  -3.63   2.24   1.22   6.50 |  -0.28   0.17   0.09
----------------------------------------------------------------------------------------------------------
------------------------ Electric Multipole Moments -------------------------
Quantisation Axis             : Z
  With secondary axis ordering: X,Y
  Calculated wrt to COM = (   0.000   0.000   0.000)
______________________________________________________________________________
                   Neutrons        Protons          Charge         Total
______________________________________________________________________________
 Particles          126.0000         82.0000         82.0001        208.0000

Re  Q_{ 2 0}         -0.0000         -0.0000         -0.0000         -0.0000
Re  Q_{ 2 2}         -0.0000         -0.0000         -0.0000         -0.0000

Re  Q_{ 4 0}         17.8849         -1.0251          0.9193         16.8598
Re  Q_{ 4 2}          0.0000          0.0000          0.0000          0.0000
Re  Q_{ 4 4}         10.6883         -0.6126          0.5494         10.0758

Re  Q_{ 6 0}        278.9326        -15.1847         -0.5929        263.7478
Re  Q_{ 6 2}         -0.0002          0.0002          0.0002          0.0000
Re  Q_{ 6 4}       -521.8367         28.4075          1.1086       -493.4292
Re  Q_{ 6 6}          0.0000         -0.0006         -0.0006         -0.0005

Re  Q_{ 8 0}      58295.0666      -4869.1937       -956.6889      53425.8729
Re  Q_{ 8 2}          0.1280          0.0034          0.0044          0.1315
Re  Q_{ 8 4}      21921.9544      -1831.0711       -359.7681      20090.8833
Re  Q_{ 8 6}          0.0799          0.0058          0.0074          0.0857
Re  Q_{ 8 8}      33400.7268      -2789.8660       -548.1560      30610.8609

Re  Q_{10 0}    1792405.8533    -127015.2695      31805.4530    1665390.5837
Re  Q_{10 2}          1.0210          0.2360          0.1954          1.2571
Re  Q_{10 4}   -1806137.8957     127988.7770     -32049.5868   -1678149.1186
Re  Q_{10 6}          8.7746          0.9900          0.8473          9.7647
Re  Q_{10 8}   -2149737.7481     152336.5169     -38147.2682   -1997401.2311
Re  Q_{1010}          2.0845          1.2774          0.9512          3.3619

 RMS radius           5.5933          5.4608          5.5119          5.5414
 Fourth mom.          5.9574          5.7834          5.8537          5.8906
______________________________________________________________________________
                   Neutrons        Protons          Charge         Total
______________________________________________________________________________

Beta_{ 2 0}      -0.00000000     -0.00000000     -0.00000000     -0.00000000
Beta_{ 2 2}      -0.00000000     -0.00000000     -0.00000000     -0.00000000

Beta_{ 4 0}       0.00014094     -0.00000808      0.00000724      0.00013286
Beta_{ 4 2}       0.00000000      0.00000000      0.00000000      0.00000000
Beta_{ 4 4}       0.00008423     -0.00000483      0.00000433      0.00007940

Beta_{ 6 0}       0.00004348     -0.00000237     -0.00000009      0.00004111
Beta_{ 6 2}      -0.00000000      0.00000000      0.00000000      0.00000000
Beta_{ 6 4}      -0.00008135      0.00000443      0.00000017     -0.00007692
Beta_{ 6 6}       0.00000000     -0.00000000     -0.00000000     -0.00000000

Beta_{ 8 0}       0.00017976     -0.00001502     -0.00000295      0.00016475
Beta_{ 8 2}       0.00000000      0.00000000      0.00000000      0.00000000
Beta_{ 8 4}       0.00006760     -0.00000565     -0.00000111      0.00006195
Beta_{ 8 6}       0.00000000      0.00000000      0.00000000      0.00000000
Beta_{ 8 8}       0.00010300     -0.00000860     -0.00000169      0.00009439

Beta_{10 0}       0.00010934     -0.00000775      0.00000194      0.00010159
Beta_{10 2}       0.00000000      0.00000000      0.00000000      0.00000000
Beta_{10 4}      -0.00011018      0.00000781     -0.00000196     -0.00010237
Beta_{10 6}       0.00000000      0.00000000      0.00000000      0.00000000
Beta_{10 8}      -0.00013114      0.00000929     -0.00000233     -0.00012184
Beta_{1010}       0.00000000      0.00000000      0.00000000      0.00000000


______________________________________________________________________________
                   Neutrons        Protons          Charge         Total
______________________________________________________________________________
Q_{ 2}                0.0000          0.0000          0.0000          0.0000
Q_{ 4}               23.4169          1.3421          1.2036         22.0747
Q_{ 6}              788.9426         42.9482          1.6761        745.9944
Q_{ 8}            81182.9789       6780.9582       1332.3175      74402.0207
Q_{10}          4356573.3909     308719.8756      77306.9662    4047853.5153
______________________________________________________________________________
                   Neutrons        Protons          Charge         Total
______________________________________________________________________________
Beta_{   2}       0.00000000      0.00000000      0.00000000      0.00000000
Beta_{   4}       0.00018453      0.00001058      0.00000949      0.00017396
Beta_{   6}       0.00012299      0.00000670      0.00000026      0.00011629
Beta_{   8}       0.00025034      0.00002091      0.00000411      0.00022943
Beta_{  10}       0.00026575      0.00001883      0.00000472      0.00024692
______________________________________________________________________________
 Cart. Moments X              Y              Z
 Cart. N        0.0000009      0.0000074     -0.0000083
 Cart. P        0.0000043      0.0000052     -0.0000095
 Cart. T        0.0000052      0.0000126     -0.0000178
 (Q, gamma)    Q              Gamma
 (Q,g) N        0.0000091   -155.8481763
 (Q,g) P        0.0000095   -176.9357903
 (Q,g) T        0.0000183   -166.5896190
 (iq1, iq2)    iq1            iq2
 iq    N       -0.0000062     -0.0000043
 iq    P       -0.0000092     -0.0000006
 iq    T       -0.0000153     -0.0000049
               X^2            Y^2            Z^2
 X^2_i N     1313.9631519   1313.9631540   1313.9631488
 X^2_i P      815.0985475    815.0985478    815.0985429
 X^2_i T     2129.0616994   2129.0617018   2129.0616917
----------------------------------------------------------------------------
----------------------- Box Size Check -------------------------
 Xmax = (nx+0.5)dx = 12.250 fm,  max(rho(X=Xmax)) =    1.232E-05
 Ymax = (ny+0.5)dx = 12.250 fm,  max(rho(Y=Ymax)) =    1.232E-05
 Zmax = (nz+0.5)dx = 12.250 fm,  max(rho(Z=Zmax)) =    1.232E-05
---------------------Rotational properties--------------------
                Rigid rotor          (hbar^2/MeV)
              n              p              t 
 I_R X      63.3677493     39.3092913    102.6770405
 I_R Y      63.3677492     39.3092913    102.6770405
 I_R Z      63.3677493     39.3092914    102.6770407

                Belyaev                 (hbar^2/MeV) 
              n              p              t 
 I_B X       0.0000002      0.0000000      0.0000003
 I_B Y       0.0000002      0.0000000      0.0000002
 I_B Z       0.0000003      0.0000000      0.0000003

                Belyaev (collective)    (hbar^2/MeV) 
              n              p              t 
 I_B X       0.0000000      0.0000000      0.0000000
 I_B Y       0.0000000      0.0000000      0.0000000
 I_B Z       0.0000000      0.0000000      0.0000000

                 <J^2> - <J>^2          (hbar^2)
              n              p              t 
 J2_X        0.0000009      0.0000000      0.0000009
 J2_Y        0.0000006      0.0000000      0.0000007
 J2_Z        0.0000010      0.0000000      0.0000010
 J2_t        0.0000025      0.0000001      0.0000026

                 <J^2> - <J>^2 (coll.)  (hbar^2)
              n              p              t 
 J2_X        0.0000000      0.0000000      0.0000000
 J2_Y        0.0000000      0.0000000      0.0000000
 J2_Z        0.0000000      0.0000000      0.0000000
 J2_t        0.0000000      0.0000000      0.0000000
------------------------- Angular Momentum (hbar) --------------------------

               Spwfs(*)    Desired     Omega       E (MeV)      Densit. 
  __________________________________________________________________________
   J_x   |     0.00000     0.00000     0.00000     0.00000     0.00000
   J_y   |     0.00000     0.00000     0.00000     0.00000     0.00000
   J_z   |     0.00000     0.00000     0.00000     0.00000     0.00000
  __________________________________________________________________________
   Size  |     0.00000     0.00000     0.00000                 0.00000
  --------------------------------------------------------------------------
--------------------------------------------------------------------------------
 Skyrme Energy                Isospin  1 2 3 4                   Energy [MeV]
--------------------------------------------------------------------------------
E_D_I_I_D_I_I                          0 0                     -17261.082712
E_D_I_I_D_I_I                          1 1                        420.787470
E_D_I_I_D_I_I_D_I_I                    0 0 0                     9849.878658
E_D_I_I_D_I_I_D_I_I                    0 1 1                     -279.579644
E_D_I_I_D_Nm_Nm                        0 0                        753.770161
E_D_I_I_D_Nm_Nm                        1 1                        -26.255620
E_D_I_I_Lap_D_I_I                      0 0                        269.487012
E_D_I_I_Lap_D_I_I                      1 1                         -0.096925
E_C_I_NmSk_C_I_NmSk                    0 0                         -0.000000
E_C_I_NmSk_C_I_NmSk                    1 1                         -0.000000
E_D_I_I_D_I_I_D_Nm_Nm                  0 0 0                        0.000000
E_D_I_I_D_I_I_D_Nm_Nm                  0 1 1                       -0.000000
E_D_I_I_D_I_I_D_Nm_Nm                  0 0 0                        0.000000
E_D_I_I_D_I_I_D_Nm_Nm                  0 1 1                        0.000000
E_D_I_I_Derm_D_I_I_Derm_D_I_I          0 0 0                        0.000000
E_D_I_I_Derm_D_I_I_Derm_D_I_I          0 1 1                       -0.000000
E_D_I_I_Derm_D_I_I_Derm_D_I_I          0 0 0                       -0.000000
E_D_I_I_Derm_D_I_I_Derm_D_I_I          0 1 1                       -0.000000
E_D_I_I_Derm_D_I_I_D_I_I_Derm_D_I_I    0 0 0 0                      0.000000
E_D_I_I_Derm_D_I_I_D_I_I_Derm_D_I_I    0 0 1 1                     -0.000000
E_D_I_I_Derm_C_I_NxmSxm                0 0                        -91.878647
E_D_I_I_Derm_C_I_NxmSxm                1 1                         -0.841145
E_DP_I_I_DP_I_I                        n n                         -0.000000
E_DP_I_I_DP_I_I                        p p                         -0.000000
E_D_I_I_DP_I_I_DP_I_I                  0 n n                        0.000000
E_D_I_I_DP_I_I_DP_I_I                  0 p p                        0.000000
--------------------------------------------------------------------------------
                 Total Skyrme:                                  -6365.811392
--------------------------------------------------------------------------------
                    time-even:                                  -6365.811392
                    time-odd :                                      0.000000
                    bilinear :                                 -15936.110406
                    trilinear:                                      0.000000
                 quadrilinear:                                      0.000000
            density-dependent:                                   9570.299013
--------------------------------------------------------------------------------
--------------------------------------------------------------------------------
                                     neutron        proton         total
                Kinetic Energy:    2567.821671    1348.367548    3916.189219
                    COM 1-body:     -12.345296      -6.482536     -18.827833
                    COM 2-body:       8.725027       4.151510      12.876537
                            ph:       8.725027       4.151510      12.876537
                            pp:       0.000000       0.000000       0.000000

                Coulomb Direct:       0.000000     820.238196     820.238196
                  Dir. (point):       0.000000     823.632296     823.632296
                      Exchange:       0.000000       0.000000       0.000000
                  Exc. (point):       0.000000       0.000000       0.000000

               Pairing (delta):       0.000000       0.000000       0.000000
               Pairing (densi):                                     0.000000
--------------------------------------------------------------------------------
                  Total energy:                                 -1635.335273
                    from spwfs:                                 -1632.443532
                   E_fu - E_sp:                                -0.289174E+01
                      Routhian:                                 -1635.335273
                         dE   :                                 0.105767E+00
                         dR   :                                 0.105767E+00
--------------------------------------------------------------------------------
 Iteration =   31
 dt    =   0.0162      mu   =   0.7997 gradn =    0.000E+00 D2H  =    9.381E-02
 E     =  -1635.425    DE   = -0.54739E-04
 R     =  -1635.425    DR   = -0.54739E-04
 R-E   =      0.000  D(R-E) =  0.00000E+00
 dmun  =  0.0E+00      dmup=  0.0E+00
 RQ20t =      -0.0000   dQ =  4.9E-07  L =       0.0000   dL =  0.0E+00  dev =  0.0E+00
 RQ22t =      -0.0000   dQ =  2.1E-07  L =       0.0000   dL =  0.0E+00  dev =  0.0E+00
 Jz    =       0.0000   dJZ=  0.0E+00 Om =       0.0000   dO =  0.0E+00  dev =  0.0E+00
--------------------------------------------------------------------------------------
 Iteration =   32
 dt    =   0.0162      mu   =   0.7996 gradn =    0.000E+00 D2H  =    7.277E-02
 E     =  -1635.495    DE   = -0.43081E-04
 R     =  -1635.495    DR   = -0.43081E-04
 R-E   =      0.000  D(R-E) =  0.00000E+00
 dmun  =  0.0E+00      dmup=  0.0E+00
 RQ20t =      -0.0000   dQ =  3.6E-07  L =       0.0000   dL =  0.0E+00  dev =  0.0E+00
 RQ22t =      -0.0000   dQ =  2.2E-07  L =       0.0000   dL =  0.0E+00  dev =  0.0E+00
 Jz    =       0.0000   dJZ=  0.0E+00 Om =       0.0000   dO =  0.0E+00  dev =  0.0E+00
--------------------------------------------------------------------------------------
 Iteration =   33
 dt    =   0.0162      mu   =   0.7993 gradn =    0.000E+00 D2H  =    5.932E-02
 E     =  -1635.552    DE   = -0.34632E-04
 R     =  -1635.552    DR   = -0.34632E-04
 R-E   =      0.000  D(R-E) =  0.00000E+00
 dmun  =  0.0E+00      dmup=  0.0E+00
 RQ20t =      -0.0000   dQ =  2.4E-07  L =       0.0000   dL =  0.0E+00  dev =  0.0E+00
 RQ22t =      -0.0000   dQ =  2.2E-07  L =       0.0000   dL =  0.0E+00  dev =  0.0E+00
 Jz    =       0.0000   dJZ=  0.0E+00 Om =       0.0000   dO =  0.0E+00  dev =  0.0E+00
--------------------------------------------------------------------------------------
 Iteration =   34
 dt    =   0.0162      mu   =   0.7990 gradn =    0.000E+00 D2H  =    5.024E-02
 E     =  -1635.599    DE   = -0.28581E-04
 R     =  -1635.599    DR   = -0.28581E-04
 R-E   =      0.000  D(R-E) =  0.00000E+00
 dmun  =  0.0E+00      dmup=  0.0E+00
 RQ20t =      -0.0000   dQ =  1.5E-07  L =       0.0000   dL =  0.0E+00  dev =  0.0E+00
 RQ22t =      -0.0000   dQ =  2.2E-07  L =       0.0000   dL =  0.0E+00  dev =  0.0E+00
 Jz    =       0.0000   dJZ=  0.0E+00 Om =       0.0000   dO =  0.0E+00  dev =  0.0E+00
--------------------------------------------------------------------------------------
 Iteration =   35
 dt    =   0.0162      mu   =   0.7987 gradn =    0.000E+00 D2H  =    4.298E-02
 E     =  -1635.637    DE   = -0.23750E-04
 R     =  -1635.637    DR   = -0.23750E-04
 R-E   =      0.000  D(R-E) =  0.00000E+00
 dmun  =  0.0E+00      dmup=  0.0E+00
 RQ20t =      -0.0000   dQ =  7.3E-08  L =       0.0000   dL =  0.0E+00  dev =  0.0E+00
 RQ22t =       0.0000   dQ =  2.0E-07  L =       0.0000   dL =  0.0E+00  dev =  0.0E+00
 Jz    =       0.0000   dJZ=  0.0E+00 Om =       0.0000   dO =  0.0E+00  dev =  0.0E+00
--------------------------------------------------------------------------------------
 Iteration =   36
 dt    =   0.0162      mu   =   0.7985 gradn =    0.000E+00 D2H  =    3.626E-02
 E     =  -1635.669    DE   = -0.19308E-04
 R     =  -1635.669    DR   = -0.19308E-04
 R-E   =      0.000  D(R-E) =  0.00000E+00
 dmun  =  0.0E+00      dmup=  0.0E+00
 RQ20t =      -0.0000   dQ =  2.2E-08  L =       0.0000   dL =  0.0E+00  dev =  0.0E+00
 RQ22t =       0.0000   dQ =  1.9E-07  L =       0.0000   dL =  0.0E+00  dev =  0.0E+00
 Jz    =       0.0000   dJZ=  0.0E+00 Om =       0.0000   dO =  0.0E+00  dev =  0.0E+00
--------------------------------------------------------------------------------------
 Iteration =   37
 dt    =   0.0162      mu   =   0.7983 gradn =    0.000E+00 D2H  =    2.977E-02
 E     =  -1635.694    DE   = -0.14986E-04
 R     =  -1635.694    DR   = -0.14986E-04
 R-E   =      0.000  D(R-E) =  0.00000E+00
 dmun  =  0.0E+00      dmup=  0.0E+00
 RQ20t =      -0.0000   dQ = -1.0E-08  L =       0.0000   dL =  0.0E+00  dev =  0.0E+00
 RQ22t =       0.0000   dQ =  1.6E-07  L =       0.0000   dL =  0.0E+00  dev =  0.0E+00
 Jz    =       0.0000   dJZ=  0.0E+00 Om =       0.0000   dO =  0.0E+00  dev =  0.0E+00
--------------------------------------------------------------------------------------
 Iteration =   38
 dt    =   0.0162      mu   =   0.7982 gradn =    0.000E+00 D2H  =    2.377E-02
 E     =  -1635.711    DE   = -0.10940E-04
 R     =  -1635.711    DR   = -0.10940E-04
 R-E   =      0.000  D(R-E) =  0.00000E+00
 dmun  =  0.0E+00      dmup=  0.0E+00
 RQ20t =      -0.0000   dQ = -2.7E-08  L =       0.0000   dL =  0.0E+00  dev =  0.0E+00
 RQ22t =       0.0000   dQ =  1.4E-07  L =       0.0000   dL =  0.0E+00  dev =  0.0E+00
 Jz    =       0.0000   dJZ=  0.0E+00 Om =       0.0000   dO =  0.0E+00  dev =  0.0E+00
--------------------------------------------------------------------------------------
 Iteration =   39
 dt    =   0.0162      mu   =   0.7981 gradn =    0.000E+00 D2H  =    1.860E-02
 E     =  -1635.724    DE   = -0.74683E-05
 R     =  -1635.724    DR   = -0.74683E-05
 R-E   =      0.000  D(R-E) =  0.00000E+00
 dmun  =  0.0E+00      dmup=  0.0E+00
 RQ20t =      -0.0000   dQ = -3.2E-08  L =       0.0000   dL =  0.0E+00  dev =  0.0E+00
 RQ22t =       0.0000   dQ =  1.1E-07  L =       0.0000   dL =  0.0E+00  dev =  0.0E+00
 Jz    =       0.0000   dJZ=  0.0E+00 Om =       0.0000   dO =  0.0E+00  dev =  0.0E+00
--------------------------------------------------------------------------------------
--------------------------------------------------------------------------------------
                              Iteration =    40

--------------------- Hartree-Fock basis-------------------------------------------------------------------
__________________________________________________________________________________________________________
   Neutron wavefunctions
  i     P   Rz   occ          E       d2h    Delta |   JxT    JyT    Jz      J   |   SxT    SyT    Sz
----------------------------------------------------------------------------------------------------------
  1  1.00  1.0  2.0000     -49.980  8.4E-03   0.00 |  -0.50   0.50   0.50   0.50 |  -0.50   0.50   0.50
 36 -1.00  1.0  2.0000     -45.135  9.9E-03   0.00 |  -1.00  -0.50  -1.00   1.50 |  -0.33  -0.17  -0.33
 35 -1.00  1.0  2.0000     -45.135  9.9E-03   0.00 |  -0.00   1.50   0.00   1.50 |   0.00   0.50  -0.00
 37 -1.00  1.0  2.0000     -44.573  6.4E-03   0.00 |   0.50  -0.50   0.50   0.50 |  -0.17   0.17  -0.17
  3  1.00  1.0  2.0000     -39.232  1.3E-02   0.00 |  -1.07   0.25   1.15   2.50 |  -0.21   0.05   0.23
  2  1.00  1.0  2.0000     -39.232  1.3E-02   0.00 |  -0.13   0.59   1.66   2.50 |  -0.03   0.12   0.33
  4  1.00  1.0  2.0000     -39.232  1.3E-02   0.00 |  -0.30   0.66  -1.30   2.50 |  -0.06   0.13  -0.26
  6  1.00  1.0  2.0000     -37.880  7.5E-03   0.00 |   0.25   0.21  -1.46   1.50 |  -0.05  -0.04   0.29
  7  1.00  1.0  2.0000     -37.880  7.5E-03   0.00 |   0.75  -1.21   0.46   1.50 |  -0.15   0.24  -0.09
  5  1.00  1.0  2.0000     -35.688  2.2E-02   0.00 |  -0.50   0.50   0.50   0.50 |  -0.50   0.50   0.50
 40 -1.00  1.0  2.0000     -32.558  1.5E-02   0.00 |  -0.75  -1.40  -1.16   3.50 |  -0.11  -0.20  -0.17
 38 -1.00  1.0  2.0000     -32.558  1.5E-02   0.00 |   0.02   2.70   0.28   3.50 |   0.00   0.39   0.04
 41 -1.00  1.0  2.0000     -32.558  1.5E-02   0.00 |  -0.82  -1.31  -2.32   3.50 |  -0.12  -0.19  -0.33
 39 -1.00  1.0  2.0000     -32.558  1.5E-02   0.00 |  -0.45   2.01   1.19   3.50 |  -0.06   0.29   0.17
 45 -1.00  1.0  2.0000     -30.030  6.4E-03   0.00 |  -0.23  -0.80  -1.39   2.50 |   0.03   0.11   0.20
 46 -1.00  1.0  2.0000     -30.030  6.3E-03   0.00 |  -0.17   0.33   2.33   2.50 |   0.02  -0.05  -0.33
 44 -1.00  1.0  2.0000     -30.030  6.2E-03   0.00 |   1.89  -1.04   0.55   2.50 |  -0.27   0.15  -0.08
 43 -1.00  1.0  2.0000     -27.699  2.0E-02   0.00 |  -0.00   1.50   0.00   1.50 |   0.00   0.50  -0.00
 42 -1.00  1.0  2.0000     -27.699  2.0E-02   0.00 |  -1.00  -0.50  -1.00   1.50 |  -0.33  -0.17  -0.33
 47 -1.00  1.0  2.0000     -26.596  1.2E-02   0.00 |   0.50  -0.50   0.50   0.50 |  -0.17   0.17  -0.17
  9  1.00  1.0  2.0000     -25.324  1.6E-02   0.00 |   2.16  -1.09  -0.39   4.50 |   0.24  -0.12  -0.04
 10  1.00  1.0  2.0000     -25.324  1.7E-02   0.00 |  -1.51   1.49  -1.49   4.50 |  -0.17   0.17  -0.17
 12  1.00  1.0  2.0000     -25.324  1.7E-02   0.00 |  -3.13  -1.02  -0.39   4.50 |  -0.35  -0.11  -0.04
 11  1.00  1.0  2.0000     -25.324  1.7E-02   0.00 |   0.79  -0.30   3.95   4.50 |   0.09  -0.03   0.44
  8  1.00  1.0  2.0000     -25.324  1.7E-02   0.00 |  -0.81   3.42   0.82   4.50 |  -0.09   0.38   0.09
 19  1.00  1.0  2.0000     -21.271  3.7E-03   0.00 |   1.31   1.86   0.01   3.50 |  -0.15  -0.21  -0.00
 16  1.00  1.0  2.0000     -21.271  3.8E-03   0.00 |  -1.05  -2.38  -0.01   3.50 |   0.12   0.26   0.00
 17  1.00  1.0  2.0000     -21.271  3.7E-03   0.00 |   0.48  -2.24   0.43   3.50 |  -0.05   0.25  -0.05
 18  1.00  1.0  2.0000     -21.271  3.8E-03   0.00 |   1.27   0.77  -2.43   3.50 |  -0.14  -0.09   0.27
 14  1.00  1.0  2.0000     -19.648  1.9E-02   0.00 |  -0.43  -1.11  -1.12   2.50 |  -0.09  -0.22  -0.22
 15  1.00  1.0  2.0000     -19.648  1.9E-02   0.00 |  -0.57   1.50   0.77   2.50 |  -0.11   0.30   0.15
 13  1.00  1.0  2.0000     -19.648  1.9E-02   0.00 |  -0.50   1.12   1.86   2.50 |  -0.10   0.22   0.37
 50 -1.00  1.0  2.0000     -17.683  1.9E-02   0.00 |  -1.15   2.98  -1.06   5.50 |  -0.10   0.27  -0.10
 53 -1.00  1.0  2.0000     -17.683  1.9E-02   0.00 |   2.81   0.03   1.33   5.50 |   0.26   0.00   0.12
 51 -1.00  1.0  2.0000     -17.683  1.9E-02   0.00 |  -0.70  -1.89   0.55   5.50 |  -0.06  -0.17   0.05
 48 -1.00  1.0  2.0000     -17.683  1.8E-02   0.00 |  -1.07   4.23   0.94   5.50 |  -0.10   0.38   0.09
 52 -1.00  1.0  2.0000     -17.683  1.8E-02   0.00 |  -2.34  -1.38  -0.23   5.50 |  -0.21  -0.13  -0.02
 49 -1.00  1.0  2.0000     -17.683  1.8E-02   0.00 |  -0.55  -0.97  -4.52   5.50 |  -0.05  -0.09  -0.41
 21  1.00  1.0  2.0000     -17.663  8.0E-03   0.00 |  -0.50  -1.00  -1.00   1.50 |   0.10   0.20   0.20
 22  1.00  1.0  2.0000     -17.663  8.0E-03   0.00 |   1.50   0.00   0.00   1.50 |  -0.30   0.00   0.00
 20  1.00  1.0  2.0000     -17.352  1.7E-02   0.00 |  -0.50   0.50   0.50   0.50 |  -0.50   0.50   0.50
 59 -1.00  1.0  2.0000     -11.866  2.7E-03   0.00 |   2.27  -1.36   0.17   4.50 |  -0.21   0.12  -0.02
 61 -1.00  1.0  2.0000     -11.866  2.7E-03   0.00 |   0.45   1.82  -0.65   4.50 |  -0.04  -0.17   0.06
 58 -1.00  1.0  2.0000     -11.866  2.7E-03   0.00 |  -0.49  -2.49  -2.16   4.50 |   0.04   0.23   0.20
 62 -1.00  1.0  2.0000     -11.866  2.7E-03   0.00 |   0.13  -1.17   1.48   4.50 |  -0.01   0.11  -0.13
 60 -1.00  1.0  2.0000     -11.866  2.7E-03   0.00 |   0.14   0.70   3.65   4.50 |  -0.01  -0.06  -0.33
 55 -1.00  1.0  2.0000     -11.574  1.7E-02   0.00 |  -0.59   0.24  -1.83   3.50 |  -0.08   0.03  -0.26
 56 -1.00  1.0  2.0000     -11.574  1.7E-02   0.00 |  -2.19  -1.10  -0.02   3.50 |  -0.31  -0.16  -0.00
 57 -1.00  1.0  2.0000     -11.574  1.6E-02   0.00 |  -0.95   1.80   1.36   3.50 |  -0.14   0.26   0.19
 54 -1.00  1.0  2.0000     -11.574  1.6E-02   0.00 |   1.73   1.06  -1.52   3.50 |   0.25   0.15  -0.22
 29  1.00  1.0  2.0000      -9.748  2.1E-02   0.00 |  -1.63  -0.64  -3.89   6.50 |  -0.13  -0.05  -0.30
 25  1.00  1.0  2.0000      -9.748  2.1E-02   0.00 |  -1.23  -3.09   0.83   6.50 |  -0.09  -0.24   0.06
 28  1.00  1.0  2.0000      -9.748  2.2E-02   0.00 |   0.14   2.63   0.52   6.50 |   0.01   0.20   0.04
 24  1.00  1.0  2.0000      -9.748  2.3E-02   0.00 |   0.65  -1.50   2.47   6.50 |   0.05  -0.12   0.19
 23  1.00  1.0  2.0000      -9.748  2.2E-02   0.00 |   1.54  -0.17   3.26   6.50 |   0.12  -0.01   0.25
 27  1.00  1.0  2.0000      -9.748  2.2E-02   0.00 |  -0.36   5.16   1.24   6.50 |  -0.03   0.40   0.10
 26  1.00  1.0  2.0000      -9.748  2.2E-02   0.00 |  -2.61   1.13  -0.94   6.50 |  -0.20   0.09  -0.07
 64 -1.00  1.0  2.0000      -8.804  1.5E-02   0.00 |  -1.00  -0.50  -1.00   1.50 |  -0.33  -0.17  -0.33
 63 -1.00  1.0  2.0000      -8.804  1.5E-02   0.00 |  -0.00   1.50  -0.00   1.50 |  -0.00   0.50  -0.00
 66 -1.00  1.0  2.0000      -8.804  5.1E-03   0.00 |   1.84  -0.47   1.10   2.50 |  -0.26   0.07  -0.16
 65 -1.00  1.0  2.0000      -8.804  5.0E-03   0.00 |  -0.76  -2.03  -0.66   2.50 |   0.11   0.29   0.09
 67 -1.00  1.0  2.0000      -8.804  5.0E-03   0.00 |   0.42   0.99   1.06   2.50 |  -0.06  -0.14  -0.15
 68 -1.00  1.0  2.0000      -7.777  9.6E-03   0.00 |   0.50  -0.50   0.50   0.50 |  -0.17   0.17  -0.17
 30  1.00  1.0  0.0000      -3.598  1.1E-02   0.00 |  -1.61  -1.27  -1.07   4.50 |  -0.18  -0.14  -0.12
 33  1.00  1.0  0.0000      -3.597  1.1E-02   0.00 |  -1.17  -1.76  -2.34   4.50 |  -0.13  -0.20  -0.26
 32  1.00  1.0  0.0000      -3.597  1.1E-02   0.00 |  -0.56   0.24   3.83   4.50 |  -0.06   0.02   0.43
 34 -1.00  1.0  0.0000      -3.595  1.0E-02   0.00 |  -0.47   3.95   0.84   4.50 |  -0.05   0.44   0.09
 31  1.00  1.0  0.0000      -3.595  1.1E-02   0.00 |   1.32   1.34   1.25   4.50 |   0.15   0.15   0.14
 69 -1.00  1.0  0.0000      -1.601  2.1E-02   0.00 |  -4.25  -1.98  -1.53   7.50 |  -0.28  -0.13  -0.10
 70  1.00  1.0  0.0000      -1.601  1.9E-02   0.00 |   3.08   1.94  -1.67   7.50 |   0.21   0.13  -0.11
__________________________________________________________________________________________________________
   Proton  wavefunctions
  i     P   Rz   occ          E       d2h    Delta |   JxT    JyT    Jz      J   |   SxT    SyT    Sz
----------------------------------------------------------------------------------------------------------
 71  1.00  1.0  2.0000     -40.347  1.1E-02   0.00 |  -0.50   0.50   0.50   0.50 |  -0.50   0.50   0.50
 98 -1.00  1.0  2.0000     -35.834  1.4E-02   0.00 |  -1.00  -0.50  -1.00   1.50 |  -0.33  -0.17  -0.33
 97 -1.00  1.0  2.0000     -35.834  1.4E-02   0.00 |  -0.00   1.50   0.00   1.50 |   0.00   0.50  -0.00
 99 -1.00  1.0  2.0000     -35.280  9.8E-03   0.00 |   0.50  -0.50   0.50   0.50 |  -0.17   0.17  -0.17
 74  1.00  1.0  2.0000     -30.184  8.7E-03   0.00 |  -0.78   0.01  -1.35   2.50 |  -0.16   0.00  -0.27
 72  1.00  1.0  2.0000     -30.184  8.7E-03   0.00 |   0.42   0.06   2.00   2.50 |   0.08   0.01   0.40
 73  1.00  1.0  2.0000     -30.183  8.7E-03   0.00 |  -1.14   1.43   0.85   2.50 |  -0.23   0.29   0.17
 75  1.00  1.0  2.0000     -28.835  7.5E-03   0.00 |  -0.25  -0.31  -1.45   1.50 |   0.05   0.06   0.29
 76  1.00  1.0  2.0000     -28.835  7.5E-03   0.00 |   1.25  -0.69   0.45   1.50 |  -0.25   0.14  -0.09
 77  1.00  1.0  2.0000     -26.127  2.1E-02   0.00 |  -0.50   0.50   0.50   0.50 |  -0.50   0.50   0.50
101 -1.00  1.0  2.0000     -23.735  8.2E-03   0.00 |   0.59  -0.72   2.24   3.50 |   0.08  -0.10   0.32
100 -1.00  1.0  2.0000     -23.735  8.3E-03   0.00 |  -0.31   0.19  -2.99   3.50 |  -0.04   0.03  -0.43
102 -1.00  1.0  2.0000     -23.735  8.3E-03   0.00 |  -2.47  -0.93  -1.06   3.50 |  -0.35  -0.13  -0.15
103 -1.00  1.0  2.0000     -23.735  8.3E-03   0.00 |   0.19   3.46  -0.19   3.50 |   0.03   0.49  -0.03
105 -1.00  1.0  2.0000     -21.226  1.0E-02   0.00 |   0.01   0.95  -1.20   2.50 |  -0.00  -0.14   0.17
104 -1.00  1.0  2.0000     -21.226  1.0E-02   0.00 |   0.55  -0.48   2.27   2.50 |  -0.08   0.07  -0.32
106 -1.00  1.0  2.0000     -21.226  1.0E-02   0.00 |   0.94  -1.97   0.43   2.50 |  -0.13   0.28  -0.06
108 -1.00  1.0  2.0000     -18.433  2.4E-02   0.00 |   0.37   0.50  -1.37   1.50 |   0.12   0.17  -0.46
107 -1.00  1.0  2.0000     -18.433  2.4E-02   0.00 |  -1.37   0.50   0.37   1.50 |  -0.46   0.17   0.12
109 -1.00  1.0  2.0000     -17.421  2.0E-02   0.00 |   0.50  -0.50   0.50   0.50 |  -0.17   0.17  -0.17
 78  1.00  1.0  2.0000     -16.703  1.4E-02   0.00 |   1.81   1.37   1.21   4.50 |   0.20   0.15   0.13
 81  1.00  1.0  2.0000     -16.703  1.4E-02   0.00 |  -2.39  -2.27  -0.68   4.50 |  -0.27  -0.25  -0.08
 82  1.00  1.0  2.0000     -16.703  1.4E-02   0.00 |  -2.24  -1.09  -2.08   4.50 |  -0.25  -0.12  -0.23
 79  1.00  1.0  2.0000     -16.703  1.3E-02   0.00 |  -0.04   0.33   4.10   4.50 |  -0.00   0.04   0.46
 80  1.00  1.0  2.0000     -16.703  1.3E-02   0.00 |   0.35   4.16  -0.05   4.50 |   0.04   0.46  -0.01
 86  1.00  1.0  2.0000     -12.731  1.5E-02   0.00 |   0.66   2.07   0.70   3.50 |  -0.07  -0.23  -0.08
 83  1.00  1.0  2.0000     -12.731  1.5E-02   0.00 |  -0.99  -2.57  -0.86   3.50 |   0.11   0.29   0.10
 84  1.00  1.0  2.0000     -12.731  1.5E-02   0.00 |   2.98  -0.43   0.88   3.50 |  -0.33   0.05  -0.10
 85  1.00  1.0  2.0000     -12.731  1.5E-02   0.00 |  -0.65  -1.07  -2.72   3.50 |   0.07   0.12   0.30
 87  1.00  1.0  2.0000     -10.535  2.2E-02   0.00 |  -0.46  -1.29  -0.89   2.50 |  -0.09  -0.26  -0.18
 89  1.00  1.0  2.0000     -10.535  2.3E-02   0.00 |  -0.33   2.32   0.22   2.50 |  -0.07   0.46   0.04
 88  1.00  1.0  2.0000     -10.535  2.3E-02   0.00 |  -0.71   0.47   2.18   2.50 |  -0.14   0.09   0.44
111 -1.00  1.0  2.0000      -9.225  2.5E-02   0.00 |   0.27   1.75   2.85   5.50 |   0.02   0.16   0.26
114 -1.00  1.0  2.0000      -9.225  2.6E-02   0.00 |  -2.08  -0.89  -1.24   5.50 |  -0.19  -0.08  -0.11
115 -1.00  1.0  2.0000      -9.225  2.6E-02   0.00 |   3.22   0.85  -0.02   5.50 |   0.29   0.08  -0.00
112 -1.00  1.0  2.0000      -9.225  2.6E-02   0.00 |  -1.43  -0.87  -2.74   5.50 |  -0.13  -0.08  -0.25
113 -1.00  1.0  2.0000      -9.225  2.6E-02   0.00 |  -1.37   3.29   1.55   5.50 |  -0.12   0.30   0.14
110 -1.00  1.0  2.0000      -9.225  2.6E-02   0.00 |  -1.61  -1.13  -3.40   5.50 |  -0.15  -0.10  -0.31
 90  1.00  1.0  2.0000      -8.769  2.3E-02   0.00 |  -0.50  -1.00  -1.00   1.50 |   0.10   0.20   0.20
 91  1.00  1.0  2.0000      -8.769  2.3E-02   0.00 |   1.50   0.00   0.00   1.50 |  -0.30   0.00   0.00
 92  1.00  1.0  2.0000      -7.962  3.4E-02   0.00 |  -0.50   0.50   0.50   0.50 |  -0.50   0.50   0.50
116 -1.00  1.0  0.0000      -3.622  2.6E-02   0.00 |  -0.00  -1.51  -2.67   4.50 |   0.00   0.14   0.24
117 -1.00  1.0  0.0000      -3.622  2.6E-02   0.00 |  -0.57   0.93   2.51   4.50 |   0.05  -0.08  -0.23
118 -1.00  1.0  0.0000      -3.622  2.5E-02   0.00 |  -1.00   1.54  -0.39   4.50 |   0.09  -0.14   0.04
120 -1.00  1.0  0.0000      -3.621  2.6E-02   0.00 |   2.19  -0.98   2.27   4.50 |  -0.20   0.09  -0.21
119 -1.00  1.0  0.0000      -3.621  2.6E-02   0.00 |   1.88  -2.49   0.78   4.50 |  -0.17   0.23  -0.07
 96 -1.00  1.0  0.0000      -1.378  3.6E-02   0.00 |  -0.06   2.44   3.62   6.50 |  -0.00   0.19   0.28
 95  1.00  1.0  0.0000      -1.378  3.7E-02   0.00 |  -1.39  -3.75  -1.93   6.50 |  -0.11  -0.29  -0.15
 94  1.00  1.0  0.0000      -1.378  3.5E-02   0.00 |  -0.22   2.42   2.10   6.50 |  -0.02   0.19   0.16
 93  1.00  1.0  0.0000      -1.378  3.5E-02   0.00 |  -3.63   2.24   1.22   6.50 |  -0.28   0.17   0.09
----------------------------------------------------------------------------------------------------------
------------------------ Electric Multipole Moments -------------------------
Quantisation Axis             : Z
  With secondary axis ordering: X,Y
  Calculated wrt to COM = (   0.000   0.000   0.000)
______________________________________________________________________________
                   Neutrons        Protons          Charge         Total
______________________________________________________________________________
 Particles          126.0000         82.0000         82.0001        208.0000

Re  Q_{ 2 0}         -0.0000         -0.0000         -0.0000         -0.0000
Re  Q_{ 2 2}          0.0000          0.0000          0.0000          0.0000

Re  Q_{ 4 0}         16.2394         -1.0507          1.0673         15.1886
Re  Q_{ 4 2}          0.0000          0.0000          0.0000          0.0000
Re  Q_{ 4 4}          9.7049         -0.6279          0.6379          9.0770

Re  Q_{ 6 0}        231.4125         -9.6865          8.2234        221.7259
Re  Q_{ 6 2}         -0.0020          0.0000          0.0000         -0.0019
Re  Q_{ 6 4}       -432.9316         18.1200        -15.3863       -414.8116
Re  Q_{ 6 6}          0.0029          0.0005          0.0005          0.0034

Re  Q_{ 8 0}      29619.5643       -808.2514       1237.0662      28811.3129
Re  Q_{ 8 2}         -0.0433          0.0178          0.0180         -0.0255
Re  Q_{ 8 4}      11138.4396       -303.9338        465.2069      10834.5058
Re  Q_{ 8 6}         -0.0080          0.0276          0.0263          0.0197
Re  Q_{ 8 8}      16970.8559       -463.0718        708.8107      16507.7842

Re  Q_{10 0}     322881.4705      98291.4055     -43112.7382     421172.8760
Re  Q_{10 2}         -4.9657         -0.6128         -0.5818         -5.5785
Re  Q_{10 4}    -325352.9581     -99045.0443      43443.3289    -424398.0024
Re  Q_{10 6}          0.1776         -1.3832         -1.1765         -1.2057
Re  Q_{10 8}    -387248.2999    -117886.1719      51708.8792    -505134.4718
Re  Q_{1010}          6.3048         -2.4515         -2.1678          3.8533

 RMS radius           5.5855          5.4422          5.4935          5.5295
 Fourth mom.          5.9492          5.7638          5.8342          5.8782
______________________________________________________________________________
                   Neutrons        Protons          Charge         Total
______________________________________________________________________________

Beta_{ 2 0}      -0.00000000     -0.00000000     -0.00000000     -0.00000000
Beta_{ 2 2}       0.00000000      0.00000000      0.00000000      0.00000000

Beta_{ 4 0}       0.00012797     -0.00000828      0.00000841      0.00011969
Beta_{ 4 2}       0.00000000      0.00000000      0.00000000      0.00000000
Beta_{ 4 4}       0.00007648     -0.00000495      0.00000503      0.00007153

Beta_{ 6 0}       0.00003607     -0.00000151      0.00000128      0.00003456
Beta_{ 6 2}      -0.00000000      0.00000000      0.00000000     -0.00000000
Beta_{ 6 4}      -0.00006749      0.00000282     -0.00000240     -0.00006466
Beta_{ 6 6}       0.00000000      0.00000000      0.00000000      0.00000000

Beta_{ 8 0}       0.00009134     -0.00000249      0.00000381      0.00008885
Beta_{ 8 2}      -0.00000000      0.00000000      0.00000000     -0.00000000
Beta_{ 8 4}       0.00003435     -0.00000094      0.00000143      0.00003341
Beta_{ 8 6}      -0.00000000      0.00000000      0.00000000      0.00000000
Beta_{ 8 8}       0.00005233     -0.00000143      0.00000219      0.00005091

Beta_{10 0}       0.00001970      0.00000600     -0.00000263      0.00002569
Beta_{10 2}      -0.00000000     -0.00000000     -0.00000000     -0.00000000
Beta_{10 4}      -0.00001985     -0.00000604      0.00000265     -0.00002589
Beta_{10 6}       0.00000000     -0.00000000     -0.00000000     -0.00000000
Beta_{10 8}      -0.00002362     -0.00000719      0.00000315     -0.00003081
Beta_{1010}       0.00000000     -0.00000000     -0.00000000      0.00000000


______________________________________________________________________________
                   Neutrons        Protons          Charge         Total
______________________________________________________________________________
Q_{ 2}                0.0000          0.0000          0.0000          0.0000
Q_{ 4}               21.2624          1.3757          1.3975         19.8867
Q_{ 6}              654.5314         27.3953         23.2615        627.1361
Q_{ 8}            41248.8566       1125.5633       1722.7864      40123.2932
Q_{10}           784782.7918     238904.4601     104790.1247    1023687.2518
______________________________________________________________________________
                   Neutrons        Protons          Charge         Total
______________________________________________________________________________
Beta_{   2}       0.00000000      0.00000000      0.00000000      0.00000000
Beta_{   4}       0.00016756      0.00001084      0.00001101      0.00015672
Beta_{   6}       0.00010203      0.00000427      0.00000363      0.00009776
Beta_{   8}       0.00012720      0.00000347      0.00000531      0.00012373
Beta_{  10}       0.00004787      0.00001457      0.00000639      0.00006245
______________________________________________________________________________
 Cart. Moments X              Y              Z
 Cart. N        0.0000049      0.0000006     -0.0000055
 Cart. P        0.0000052      0.0000032     -0.0000084
 Cart. T        0.0000101      0.0000038     -0.0000139
 (Q, gamma)    Q              Gamma
 (Q,g) N        0.0000060    155.2814680
 (Q,g) P        0.0000085    172.3581713
 (Q,g) T        0.0000143    165.2673269
 (iq1, iq2)    iq1            iq2
 iq    N       -0.0000069      0.0000029
 iq    P       -0.0000090      0.0000013
 iq    T       -0.0000160      0.0000042
               X^2            Y^2            Z^2
 X^2_i N     1310.3133350   1310.3133335   1310.3133315
 X^2_i P      809.5551034    809.5551027    809.5550988
 X^2_i T     2119.8684383   2119.8684362   2119.8684304
----------------------------------------------------------------------------
----------------------- Box Size Check -------------------------
 Xmax = (nx+0.5)dx = 12.250 fm,  max(rho(X=Xmax)) =    1.105E-05
 Ymax = (ny+0.5)dx = 12.250 fm,  max(rho(Y=Ymax)) =    1.105E-05
 Zmax = (nz+0.5)dx = 12.250 fm,  max(rho(Z=Zmax)) =    1.105E-05
---------------------Rotational properties--------------------
                Rigid rotor          (hbar^2/MeV)
              n              p              t 
 I_R X      63.1917315     39.0419507    102.2336823
 I_R Y      63.1917316     39.0419508    102.2336823
 I_R Z      63.1917316     39.0419509    102.2336825

                Belyaev                 (hbar^2/MeV) 
              n              p              t 
 I_B X       0.0000004      0.0000000      0.0000004
 I_B Y       0.0000003      0.0000000      0.0000003
 I_B Z       0.0000004      0.0000000      0.0000004

                Belyaev (collective)    (hbar^2/MeV) 
              n              p              t 
 I_B X       0.0000000      0.0000000      0.0000000
 I_B Y       0.0000000      0.0000000      0.0000000
 I_B Z       0.0000000      0.0000000      0.0000000

                 <J^2> - <J>^2          (hbar^2)
              n              p              t 
 J2_X        0.0000015      0.0000001      0.0000015
 J2_Y        0.0000012      0.0000001      0.0000013
 J2_Z        0.0000015      0.0000001      0.0000016
 J2_t        0.0000042      0.0000002      0.0000044

                 <J^2> - <J>^2 (coll.)  (hbar^2)
              n              p              t 
 J2_X        0.0000000      0.0000000      0.0000000
 J2_Y        0.0000000      0.0000000      0.0000000
 J2_Z        0.0000000      0.0000000      0.0000000
 J2_t        0.0000000      0.0000000      0.0000000
------------------------- Angular Momentum (hbar) --------------------------

               Spwfs(*)    Desired     Omega       E (MeV)      Densit. 
  __________________________________________________________________________
   J_x   |     0.00000     0.00000     0.00000     0.00000     0.00000
   J_y   |     0.00000     0.00000     0.00000     0.00000     0.00000
   J_z   |     0.00000     0.00000     0.00000     0.00000     0.00000
  __________________________________________________________________________
   Size  |     0.00000     0.00000     0.00000                 0.00000
  --------------------------------------------------------------------------
--------------------------------------------------------------------------------
 Skyrme Energy                Isospin  1 2 3 4                   Energy [MeV]
--------------------------------------------------------------------------------
E_D_I_I_D_I_I                          0 0                     -17365.285242
E_D_I_I_D_I_I                          1 1                        417.196051
E_D_I_I_D_I_I_D_I_I                    0 0 0                     9928.998426
E_D_I_I_D_I_I_D_I_I                    0 1 1                     -276.981368
E_D_I_I_D_Nm_Nm                        0 0                        761.841851
E_D_I_I_D_Nm_Nm                        1 1                        -26.017462
E_D_I_I_Lap_D_I_I                      0 0                        271.216071
E_D_I_I_Lap_D_I_I                      1 1                         -0.094445
E_C_I_NmSk_C_I_NmSk                    0 0                         -0.000000
E_C_I_NmSk_C_I_NmSk                    1 1                         -0.000000
E_D_I_I_D_I_I_D_Nm_Nm                  0 0 0                        0.000000
E_D_I_I_D_I_I_D_Nm_Nm                  0 1 1                       -0.000000
E_D_I_I_D_I_I_D_Nm_Nm                  0 0 0                        0.000000
E_D_I_I_D_I_I_D_Nm_Nm                  0 1 1                        0.000000
E_D_I_I_Derm_D_I_I_Derm_D_I_I          0 0 0                        0.000000
E_D_I_I_Derm_D_I_I_Derm_D_I_I          0 1 1                       -0.000000
E_D_I_I_Derm_D_I_I_Derm_D_I_I          0 0 0                       -0.000000
E_D_I_I_Derm_D_I_I_Derm_D_I_I          0 1 1                       -0.000000
E_D_I_I_Derm_D_I_I_D_I_I_Derm_D_I_I    0 0 0 0                      0.000000
E_D_I_I_Derm_D_I_I_D_I_I_Derm_D_I_I    0 0 1 1                     -0.000000
E_D_I_I_Derm_C_I_NxmSxm                0 0                        -93.089843
E_D_I_I_Derm_C_I_NxmSxm                1 1                         -0.816210
E_DP_I_I_DP_I_I                        n n                         -0.000000
E_DP_I_I_DP_I_I                        p p                         -0.000000
E_D_I_I_DP_I_I_DP_I_I                  0 n n                        0.000000
E_D_I_I_DP_I_I_DP_I_I                  0 p p                        0.000000
--------------------------------------------------------------------------------
                 Total Skyrme:                                  -6383.032171
--------------------------------------------------------------------------------
                    time-even:                                  -6383.032171
                    time-odd :                                      0.000000
                    bilinear :                                 -16035.049229
                    trilinear:                                      0.000000
                 quadrilinear:                                      0.000000
            density-dependent:                                   9652.017059
--------------------------------------------------------------------------------
--------------------------------------------------------------------------------
                                     neutron        proton         total
                Kinetic Energy:    2572.184400    1358.145043    3930.329442
                    COM 1-body:     -12.366271      -6.529543     -18.895815
                    COM 2-body:       8.736842       4.169999      12.906841
                            ph:       8.736842       4.169999      12.906841
                            pp:       0.000000       0.000000       0.000000

                Coulomb Direct:       0.000000     822.990453     822.990453
                  Dir. (point):       0.000000     826.423213     826.423213
                      Exchange:       0.000000       0.000000       0.000000
                  Exc. (point):       0.000000       0.000000       0.000000

               Pairing (delta):       0.000000       0.000000       0.000000
               Pairing (densi):                                     0.000000
--------------------------------------------------------------------------------
                  Total energy:                                 -1635.701249
                    from spwfs:                                 -1631.992915
                   E_fu - E_sp:                                -0.370833E+01
                      Routhian:                                 -1635.701249
                         dE   :                                 0.224447E-01
                         dR   :                                 0.224447E-01
--------------------------------------------------------------------------------
 Iteration =   41
 dt    =   0.0162      mu   =   0.7981 gradn =    0.000E+00 D2H  =    1.138E-02
 E     =  -1635.706    DE   = -0.30347E-05
 R     =  -1635.706    DR   = -0.30347E-05
 R-E   =      0.000  D(R-E) =  0.00000E+00
 dmun  =  0.0E+00      dmup=  0.0E+00
 RQ20t =      -0.0000   dQ = -2.0E-08  L =       0.0000   dL =  0.0E+00  dev =  0.0E+00
 RQ22t =       0.0000   dQ =  6.1E-08  L =       0.0000   dL =  0.0E+00  dev =  0.0E+00
 Jz    =       0.0000   dJZ=  0.0E+00 Om =       0.0000   dO =  0.0E+00  dev =  0.0E+00
--------------------------------------------------------------------------------------
 Iteration =   42
 dt    =   0.0162      mu   =   0.7981 gradn =    0.000E+00 D2H  =    9.150E-03
 E     =  -1635.710    DE   = -0.20885E-05
 R     =  -1635.710    DR   = -0.20885E-05
 R-E   =      0.000  D(R-E) =  0.00000E+00
 dmun  =  0.0E+00      dmup=  0.0E+00
 RQ20t =      -0.0000   dQ = -8.7E-09  L =       0.0000   dL =  0.0E+00  dev =  0.0E+00
 RQ22t =       0.0000   dQ =  3.8E-08  L =       0.0000   dL =  0.0E+00  dev =  0.0E+00
 Jz    =       0.0000   dJZ=  0.0E+00 Om =       0.0000   dO =  0.0E+00  dev =  0.0E+00
--------------------------------------------------------------------------------------
 Iteration =   43
 dt    =   0.0162      mu   =   0.7981 gradn =    0.000E+00 D2H  =    7.538E-03
 E     =  -1635.713    DE   = -0.17671E-05
 R     =  -1635.713    DR   = -0.17671E-05
 R-E   =      0.000  D(R-E) =  0.00000E+00
 dmun  =  0.0E+00      dmup=  0.0E+00
 RQ20t =      -0.0000   dQ =  3.2E-09  L =       0.0000   dL =  0.0E+00  dev =  0.0E+00
 RQ22t =       0.0000   dQ =  1.8E-08  L =       0.0000   dL =  0.0E+00  dev =  0.0E+00
 Jz    =       0.0000   dJZ=  0.0E+00 Om =       0.0000   dO =  0.0E+00  dev =  0.0E+00
--------------------------------------------------------------------------------------
 Iteration =   44
 dt    =   0.0162      mu   =   0.7982 gradn =    0.000E+00 D2H  =    6.289E-03
 E     =  -1635.715    DE   = -0.18071E-05
 R     =  -1635.715    DR   = -0.18071E-05
 R-E   =      0.000  D(R-E) =  0.00000E+00
 dmun  =  0.0E+00      dmup=  0.0E+00
 RQ20t =      -0.0000   dQ =  1.4E-08  L =       0.0000   dL =  0.0E+00  dev =  0.0E+00
 RQ22t =       0.0000   dQ = -1.2E-09  L =       0.0000   dL =  0.0E+00  dev =  0.0E+00
 Jz    =       0.0000   dJZ=  0.0E+00 Om =       0.0000   dO =  0.0E+00  dev =  0.0E+00
--------------------------------------------------------------------------------------
 Iteration =   45
 dt    =   0.0162      mu   =   0.7982 gradn =    0.000E+00 D2H  =    5.222E-03
 E     =  -1635.719    DE   = -0.19554E-05
 R     =  -1635.719    DR   = -0.19554E-05
 R-E   =      0.000  D(R-E) =  0.00000E+00
 dmun  =  0.0E+00      dmup=  0.0E+00
 RQ20t =      -0.0000   dQ =  2.3E-08  L =       0.0000   dL =  0.0E+00  dev =  0.0E+00
 RQ22t =       0.0000   dQ = -1.7E-08  L =       0.0000   dL =  0.0E+00  dev =  0.0E+00
 Jz    =       0.0000   dJZ=  0.0E+00 Om =       0.0000   dO =  0.0E+00  dev =  0.0E+00
--------------------------------------------------------------------------------------
 Iteration =   46
 dt    =   0.0162      mu   =   0.7983 gradn =    0.000E+00 D2H  =    4.249E-03
 E     =  -1635.722    DE   = -0.20301E-05
 R     =  -1635.722    DR   = -0.20301E-05
 R-E   =      0.000  D(R-E) =  0.00000E+00
 dmun  =  0.0E+00      dmup=  0.0E+00
 RQ20t =      -0.0000   dQ =  3.0E-08  L =       0.0000   dL =  0.0E+00  dev =  0.0E+00
 RQ22t =       0.0000   dQ = -3.1E-08  L =       0.0000   dL =  0.0E+00  dev =  0.0E+00
 Jz    =       0.0000   dJZ=  0.0E+00 Om =       0.0000   dO =  0.0E+00  dev =  0.0E+00
--------------------------------------------------------------------------------------
 Iteration =   47
 dt    =   0.0162      mu   =   0.7983 gradn =    0.000E+00 D2H  =    3.367E-03
 E     =  -1635.725    DE   = -0.19510E-05
 R     =  -1635.725    DR   = -0.19510E-05
 R-E   =      0.000  D(R-E) =  0.00000E+00
 dmun  =  0.0E+00      dmup=  0.0E+00
 RQ20t =      -0.0000   dQ =  3.5E-08  L =       0.0000   dL =  0.0E+00  dev =  0.0E+00
 RQ22t =       0.0000   dQ = -4.2E-08  L =       0.0000   dL =  0.0E+00  dev =  0.0E+00
 Jz    =       0.0000   dJZ=  0.0E+00 Om =       0.0000   dO =  0.0E+00  dev =  0.0E+00
--------------------------------------------------------------------------------------
 Iteration =   48
 dt    =   0.0162      mu   =   0.7984 gradn =    0.000E+00 D2H  =    2.611E-03
 E     =  -1635.728    DE   = -0.17289E-05
 R     =  -1635.728    DR   = -0.17289E-05
 R-E   =      0.000  D(R-E) =  0.00000E+00
 dmun  =  0.0E+00      dmup=  0.0E+00
 RQ20t =      -0.0000   dQ =  3.8E-08  L =       0.0000   dL =  0.0E+00  dev =  0.0E+00
 RQ22t =       0.0000   dQ = -5.1E-08  L =       0.0000   dL =  0.0E+00  dev =  0.0E+00
 Jz    =       0.0000   dJZ=  0.0E+00 Om =       0.0000   dO =  0.0E+00  dev =  0.0E+00
--------------------------------------------------------------------------------------
 Iteration =   49
 dt    =   0.0162      mu   =   0.7984 gradn =    0.000E+00 D2H  =    2.014E-03
 E     =  -1635.730    DE   = -0.14264E-05
 R     =  -1635.730    DR   = -0.14264E-05
 R-E   =      0.000  D(R-E) =  0.00000E+00
 dmun  =  0.0E+00      dmup=  0.0E+00
 RQ20t =      -0.0000   dQ =  3.9E-08  L =       0.0000   dL =  0.0E+00  dev =  0.0E+00
 RQ22t =       0.0000   dQ = -5.7E-08  L =       0.0000   dL =  0.0E+00  dev =  0.0E+00
 Jz    =       0.0000   dJZ=  0.0E+00 Om =       0.0000   dO =  0.0E+00  dev =  0.0E+00
--------------------------------------------------------------------------------------
--------------------------------------------------------------------------------------
                              Iteration =    50

--------------------- Hartree-Fock basis-------------------------------------------------------------------
__________________________________________________________________________________________________________
   Neutron wavefunctions
  i     P   Rz   occ          E       d2h    Delta |   JxT    JyT    Jz      J   |   SxT    SyT    Sz
----------------------------------------------------------------------------------------------------------
  1  1.00  1.0  2.0000     -49.952  6.9E-04   0.00 |  -0.50   0.50   0.50   0.50 |  -0.50   0.50   0.50
 36 -1.00  1.0  2.0000     -45.112  5.5E-04   0.00 |  -1.00  -0.50  -1.00   1.50 |  -0.33  -0.17  -0.33
 35 -1.00  1.0  2.0000     -45.112  5.5E-04   0.00 |  -0.00   1.50   0.00   1.50 |   0.00   0.50  -0.00
 37 -1.00  1.0  2.0000     -44.553  3.9E-04   0.00 |   0.50  -0.50   0.50   0.50 |  -0.17   0.17  -0.17
  4  1.00  1.0  2.0000     -39.213  1.4E-03   0.00 |  -0.30   0.66  -1.30   2.50 |  -0.06   0.13  -0.26
  2  1.00  1.0  2.0000     -39.213  1.4E-03   0.00 |  -0.13   0.59   1.66   2.50 |  -0.03   0.12   0.33
  3  1.00  1.0  2.0000     -39.213  1.4E-03   0.00 |  -1.07   0.25   1.15   2.50 |  -0.21   0.05   0.23
  6  1.00  1.0  2.0000     -37.864  7.4E-04   0.00 |   0.25   0.21  -1.46   1.50 |  -0.05  -0.04   0.29
  7  1.00  1.0  2.0000     -37.864  7.4E-04   0.00 |   0.75  -1.21   0.46   1.50 |  -0.15   0.24  -0.09
  5  1.00  1.0  2.0000     -35.665  2.2E-03   0.00 |  -0.50   0.50   0.50   0.50 |  -0.50   0.50   0.50
 39 -1.00  1.0  2.0000     -32.543  1.9E-03   0.00 |  -0.45   2.01   1.19   3.50 |  -0.06   0.29   0.17
 40 -1.00  1.0  2.0000     -32.543  1.9E-03   0.00 |  -0.75  -1.40  -1.16   3.50 |  -0.11  -0.20  -0.17
 41 -1.00  1.0  2.0000     -32.543  1.9E-03   0.00 |  -0.82  -1.31  -2.32   3.50 |  -0.12  -0.19  -0.33
 38 -1.00  1.0  2.0000     -32.543  1.9E-03   0.00 |   0.02   2.70   0.28   3.50 |   0.00   0.39   0.04
 45 -1.00  1.0  2.0000     -30.018  8.0E-04   0.00 |  -0.23  -0.80  -1.39   2.50 |   0.03   0.11   0.20
 46 -1.00  1.0  2.0000     -30.018  8.0E-04   0.00 |  -0.17   0.33   2.33   2.50 |   0.02  -0.05  -0.33
 44 -1.00  1.0  2.0000     -30.018  8.0E-04   0.00 |   1.89  -1.04   0.55   2.50 |  -0.27   0.15  -0.08
 42 -1.00  1.0  2.0000     -27.682  1.8E-03   0.00 |  -1.00  -0.50  -1.00   1.50 |  -0.33  -0.17  -0.33
 43 -1.00  1.0  2.0000     -27.682  1.8E-03   0.00 |  -0.00   1.50   0.00   1.50 |   0.00   0.50  -0.00
 47 -1.00  1.0  2.0000     -26.581  1.1E-03   0.00 |   0.50  -0.50   0.50   0.50 |  -0.17   0.17  -0.17
  9  1.00  1.0  2.0000     -25.315  2.0E-03   0.00 |   2.16  -1.09  -0.39   4.50 |   0.24  -0.12  -0.04
 10  1.00  1.0  2.0000     -25.315  2.1E-03   0.00 |  -1.51   1.49  -1.49   4.50 |  -0.17   0.17  -0.17
 12  1.00  1.0  2.0000     -25.314  2.0E-03   0.00 |  -3.13  -1.02  -0.39   4.50 |  -0.35  -0.11  -0.04
 11  1.00  1.0  2.0000     -25.314  2.0E-03   0.00 |   0.79  -0.30   3.95   4.50 |   0.09  -0.03   0.44
  8  1.00  1.0  2.0000     -25.314  2.1E-03   0.00 |  -0.81   3.42   0.82   4.50 |  -0.09   0.38   0.09
 19  1.00  1.0  2.0000     -21.262  7.2E-04   0.00 |   1.31   1.86   0.01   3.50 |  -0.15  -0.21  -0.00
 16  1.00  1.0  2.0000     -21.262  7.2E-04   0.00 |  -1.05  -2.38  -0.01   3.50 |   0.12   0.26   0.00
 17  1.00  1.0  2.0000     -21.262  7.2E-04   0.00 |   0.48  -2.24   0.43   3.50 |  -0.05   0.25  -0.05
 18  1.00  1.0  2.0000     -21.262  7.3E-04   0.00 |   1.27   0.77  -2.43   3.50 |  -0.14  -0.09   0.27
 14  1.00  1.0  2.0000     -19.644  2.3E-03   0.00 |  -0.43  -1.11  -1.12   2.50 |  -0.09  -0.22  -0.22
 15  1.00  1.0  2.0000     -19.644  2.4E-03   0.00 |  -0.57   1.50   0.77   2.50 |  -0.11   0.30   0.15
 13  1.00  1.0  2.0000     -19.644  2.4E-03   0.00 |  -0.50   1.12   1.86   2.50 |  -0.10   0.22   0.37
 50 -1.00  1.0  2.0000     -17.681  2.5E-03   0.00 |  -1.15   2.98  -1.06   5.50 |  -0.10   0.27  -0.10
 53 -1.00  1.0  2.0000     -17.681  2.5E-03   0.00 |   2.81   0.03   1.33   5.50 |   0.26   0.00   0.12
 51 -1.00  1.0  2.0000     -17.681  2.4E-03   0.00 |  -0.70  -1.89   0.55   5.50 |  -0.06  -0.17   0.05
 48 -1.00  1.0  2.0000     -17.681  2.4E-03   0.00 |  -1.07   4.23   0.94   5.50 |  -0.10   0.38   0.09
 52 -1.00  1.0  2.0000     -17.681  2.4E-03   0.00 |  -2.34  -1.38  -0.23   5.50 |  -0.21  -0.13  -0.02
 49 -1.00  1.0  2.0000     -17.681  2.4E-03   0.00 |  -0.55  -0.97  -4.52   5.50 |  -0.05  -0.09  -0.41
 21  1.00  1.0  2.0000     -17.657  1.1E-03   0.00 |  -0.50  -1.00  -1.00   1.50 |   0.10   0.20   0.20
 22  1.00  1.0  2.0000     -17.657  1.1E-03   0.00 |   1.50   0.00   0.00   1.50 |  -0.30   0.00   0.00
 20  1.00  1.0  2.0000     -17.352  2.1E-03   0.00 |  -0.50   0.50   0.50   0.50 |  -0.50   0.50   0.50
 59 -1.00  1.0  2.0000     -11.861  5.2E-04   0.00 |   2.27  -1.36   0.17   4.50 |  -0.21   0.12  -0.02
 58 -1.00  1.0  2.0000     -11.861  5.2E-04   0.00 |  -0.49  -2.49  -2.16   4.50 |   0.04   0.23   0.20
 62 -1.00  1.0  2.0000     -11.861  5.1E-04   0.00 |   0.13  -1.17   1.48   4.50 |  -0.01   0.11  -0.13
 61 -1.00  1.0  2.0000     -11.861  5.3E-04   0.00 |   0.45   1.82  -0.65   4.50 |  -0.04  -0.17   0.06
 60 -1.00  1.0  2.0000     -11.861  5.0E-04   0.00 |   0.14   0.70   3.65   4.50 |  -0.01  -0.06  -0.33
 55 -1.00  1.0  2.0000     -11.580  2.1E-03   0.00 |  -0.59   0.24  -1.83   3.50 |  -0.08   0.03  -0.26
 56 -1.00  1.0  2.0000     -11.579  2.0E-03   0.00 |  -2.19  -1.10  -0.02   3.50 |  -0.31  -0.16  -0.00
 57 -1.00  1.0  2.0000     -11.579  2.0E-03   0.00 |  -0.95   1.80   1.36   3.50 |  -0.14   0.26   0.19
 54 -1.00  1.0  2.0000     -11.579  2.0E-03   0.00 |   1.73   1.06  -1.52   3.50 |   0.25   0.15  -0.22
 29  1.00  1.0  2.0000      -9.753  3.0E-03   0.00 |  -1.63  -0.64  -3.89   6.50 |  -0.13  -0.05  -0.30
 28  1.00  1.0  2.0000      -9.753  3.1E-03   0.00 |   0.14   2.63   0.52   6.50 |   0.01   0.20   0.04
 24  1.00  1.0  2.0000      -9.753  3.1E-03   0.00 |   0.65  -1.50   2.47   6.50 |   0.05  -0.12   0.19
 25  1.00  1.0  2.0000      -9.753  3.0E-03   0.00 |  -1.23  -3.09   0.83   6.50 |  -0.09  -0.24   0.06
 23  1.00  1.0  2.0000      -9.753  3.1E-03   0.00 |   1.54  -0.17   3.26   6.50 |   0.12  -0.01   0.25
 27  1.00  1.0  2.0000      -9.753  3.2E-03   0.00 |  -0.36   5.16   1.24   6.50 |  -0.03   0.40   0.10
 26  1.00  1.0  2.0000      -9.753  3.2E-03   0.00 |  -2.61   1.13  -0.94   6.50 |  -0.20   0.09  -0.07
 66 -1.00  1.0  2.0000      -8.807  7.2E-04   0.00 |   1.84  -0.47   1.10   2.50 |  -0.26   0.07  -0.16
 65 -1.00  1.0  2.0000      -8.807  7.1E-04   0.00 |  -0.76  -2.03  -0.66   2.50 |   0.11   0.29   0.09
 67 -1.00  1.0  2.0000      -8.807  7.1E-04   0.00 |   0.42   0.99   1.06   2.50 |  -0.06  -0.14  -0.15
 64 -1.00  1.0  2.0000      -8.803  1.7E-03   0.00 |  -1.00  -0.50  -1.00   1.50 |  -0.33  -0.17  -0.33
 63 -1.00  1.0  2.0000      -8.803  1.7E-03   0.00 |  -0.00   1.50  -0.00   1.50 |   0.00   0.50  -0.00
 68 -1.00  1.0  2.0000      -7.779  1.1E-03   0.00 |   0.50  -0.50   0.50   0.50 |  -0.17   0.17  -0.17
 30  1.00  1.0  0.0000      -3.606  1.5E-03   0.00 |  -1.61  -1.27  -1.07   4.50 |  -0.18  -0.14  -0.12
 33  1.00  1.0  0.0000      -3.605  1.5E-03   0.00 |  -1.17  -1.76  -2.34   4.50 |  -0.13  -0.20  -0.26
 32  1.00  1.0  0.0000      -3.604  1.5E-03   0.00 |  -0.56   0.24   3.83   4.50 |  -0.06   0.02   0.43
 34 -1.00  1.0  0.0000      -3.603  1.4E-03   0.00 |  -0.47   3.95   0.84   4.50 |  -0.05   0.44   0.09
 31  1.00  1.0  0.0000      -3.603  1.4E-03   0.00 |   1.32   1.34   1.25   4.50 |   0.15   0.15   0.14
 69 -1.00  1.0  0.0000      -1.614  2.9E-03   0.00 |  -4.25  -1.98  -1.53   7.50 |  -0.28  -0.13  -0.10
 70  1.00  1.0  0.0000      -1.614  2.9E-03   0.00 |   3.08   1.94  -1.67   7.50 |   0.21   0.13  -0.11
__________________________________________________________________________________________________________
   Proton  wavefunctions
  i     P   Rz   occ          E       d2h    Delta |   JxT    JyT    Jz      J   |   SxT    SyT    Sz
----------------------------------------------------------------------------------------------------------
 71  1.00  1.0  2.0000     -40.389  2.2E-03   0.00 |  -0.50   0.50   0.50   0.50 |  -0.50   0.50   0.50
 98 -1.00  1.0  2.0000     -35.879  3.0E-04   0.00 |  -1.00  -0.50  -1.00   1.50 |  -0.33  -0.17  -0.33
 97 -1.00  1.0  2.0000     -35.879  3.0E-04   0.00 |  -0.00   1.50   0.00   1.50 |   0.00   0.50  -0.00
 99 -1.00  1.0  2.0000     -35.328  2.8E-04   0.00 |   0.50  -0.50   0.50   0.50 |  -0.17   0.17  -0.17
 74  1.00  1.0  2.0000     -30.226  6.0E-04   0.00 |  -0.78   0.01  -1.35   2.50 |  -0.16   0.00  -0.27
 72  1.00  1.0  2.0000     -30.226  6.0E-04   0.00 |   0.42   0.06   2.00   2.50 |   0.08   0.01   0.40
 73  1.00  1.0  2.0000     -30.226  6.1E-04   0.00 |  -1.14   1.43   0.85   2.50 |  -0.23   0.29   0.17
 75  1.00  1.0  2.0000     -28.883  5.2E-04   0.00 |  -0.25  -0.31  -1.45   1.50 |   0.05   0.06   0.29
 76  1.00  1.0  2.0000     -28.883  5.2E-04   0.00 |   1.25  -0.69   0.45   1.50 |  -0.25   0.14  -0.09
 77  1.00  1.0  2.0000     -26.158  2.3E-03   0.00 |  -0.50   0.50   0.50   0.50 |  -0.50   0.50   0.50
101 -1.00  1.0  2.0000     -23.772  8.5E-04   0.00 |   0.59  -0.72   2.24   3.50 |   0.08  -0.10   0.32
100 -1.00  1.0  2.0000     -23.771  8.2E-04   0.00 |  -0.31   0.19  -2.99   3.50 |  -0.04   0.03  -0.43
102 -1.00  1.0  2.0000     -23.771  8.1E-04   0.00 |  -2.47  -0.93  -1.06   3.50 |  -0.35  -0.13  -0.15
103 -1.00  1.0  2.0000     -23.771  8.1E-04   0.00 |   0.19   3.46  -0.19   3.50 |   0.03   0.49  -0.03
105 -1.00  1.0  2.0000     -21.271  9.4E-04   0.00 |   0.01   0.95  -1.20   2.50 |  -0.00  -0.14   0.17
104 -1.00  1.0  2.0000     -21.271  9.1E-04   0.00 |   0.55  -0.48   2.27   2.50 |  -0.08   0.07  -0.32
106 -1.00  1.0  2.0000     -21.271  9.1E-04   0.00 |   0.94  -1.97   0.43   2.50 |  -0.13   0.28  -0.06
108 -1.00  1.0  2.0000     -18.451  1.0E-03   0.00 |   0.37   0.50  -1.37   1.50 |   0.12   0.17  -0.46
107 -1.00  1.0  2.0000     -18.451  1.0E-03   0.00 |  -1.37   0.50   0.37   1.50 |  -0.46   0.17   0.12
109 -1.00  1.0  2.0000     -17.441  9.6E-04   0.00 |   0.50  -0.50   0.50   0.50 |  -0.17   0.17  -0.17
 78  1.00  1.0  2.0000     -16.730  1.7E-03   0.00 |   1.81   1.37   1.21   4.50 |   0.20   0.15   0.13
 81  1.00  1.0  2.0000     -16.730  1.8E-03   0.00 |  -2.39  -2.27  -0.68   4.50 |  -0.27  -0.25  -0.08
 82  1.00  1.0  2.0000     -16.730  1.8E-03   0.00 |  -2.24  -1.09  -2.08   4.50 |  -0.25  -0.12  -0.23
 79  1.00  1.0  2.0000     -16.730  1.8E-03   0.00 |  -0.04   0.33   4.10   4.50 |  -0.00   0.04   0.46
 80  1.00  1.0  2.0000     -16.730  1.8E-03   0.00 |   0.35   4.16  -0.05   4.50 |   0.04   0.46  -0.01
 86  1.00  1.0  2.0000     -12.768  1.7E-03   0.00 |   0.66   2.07   0.70   3.50 |  -0.07  -0.23  -0.08
 83  1.00  1.0  2.0000     -12.768  1.8E-03   0.00 |  -0.99  -2.57  -0.86   3.50 |   0.11   0.29   0.10
 84  1.00  1.0  2.0000     -12.768  1.8E-03   0.00 |   2.98  -0.43   0.88   3.50 |  -0.33   0.05  -0.10
 85  1.00  1.0  2.0000     -12.768  1.8E-03   0.00 |  -0.65  -1.07  -2.72   3.50 |   0.07   0.12   0.30
 87  1.00  1.0  2.0000     -10.537  1.6E-03   0.00 |  -0.46  -1.29  -0.89   2.50 |  -0.09  -0.26  -0.18
 89  1.00  1.0  2.0000     -10.537  1.4E-03   0.00 |  -0.33   2.32   0.22   2.50 |  -0.07   0.46   0.04
 88  1.00  1.0  2.0000     -10.537  1.4E-03   0.00 |  -0.71   0.47   2.18   2.50 |  -0.14   0.09   0.44
111 -1.00  1.0  2.0000      -9.240  2.9E-03   0.00 |   0.27   1.75   2.85   5.50 |   0.02   0.16   0.26
114 -1.00  1.0  2.0000      -9.240  2.9E-03   0.00 |  -2.08  -0.89  -1.24   5.50 |  -0.19  -0.08  -0.11
115 -1.00  1.0  2.0000      -9.240  2.9E-03   0.00 |   3.22   0.85  -0.02   5.50 |   0.29   0.08  -0.00
112 -1.00  1.0  2.0000      -9.240  3.0E-03   0.00 |  -1.43  -0.87  -2.74   5.50 |  -0.13  -0.08  -0.25
113 -1.00  1.0  2.0000      -9.240  2.9E-03   0.00 |  -1.37   3.29   1.55   5.50 |  -0.12   0.30   0.14
110 -1.00  1.0  2.0000      -9.240  2.8E-03   0.00 |  -1.61  -1.13  -3.40   5.50 |  -0.15  -0.10  -0.31
 90  1.00  1.0  2.0000      -8.773  1.8E-03   0.00 |  -0.50  -1.00  -1.00   1.50 |   0.10   0.20   0.20
 91  1.00  1.0  2.0000      -8.773  1.8E-03   0.00 |   1.50   0.00   0.00   1.50 |  -0.30   0.00   0.00
 92  1.00  1.0  2.0000      -7.956  2.6E-03   0.00 |  -0.50   0.50   0.50   0.50 |  -0.50   0.50   0.50
116 -1.00  1.0  0.0000      -3.645  3.1E-03   0.00 |  -0.00  -1.51  -2.67   4.50 |   0.00   0.14   0.24
117 -1.00  1.0  0.0000      -3.645  3.1E-03   0.00 |  -0.57   0.93   2.51   4.50 |   0.05  -0.08  -0.23
118 -1.00  1.0  0.0000      -3.645  3.0E-03   0.00 |  -1.00   1.54  -0.39   4.50 |   0.09  -0.14   0.04
120 -1.00  1.0  0.0000      -3.645  3.0E-03   0.00 |   2.19  -0.98   2.27   4.50 |  -0.20   0.09  -0.21
119 -1.00  1.0  0.0000      -3.645  2.9E-03   0.00 |   1.88  -2.49   0.78   4.50 |  -0.17   0.23  -0.07
 95  1.00  1.0  0.0000      -1.379  4.3E-03   0.00 |  -1.39  -3.75  -1.93   6.50 |  -0.11  -0.29  -0.15
 96 -1.00  1.0  0.0000      -1.379  4.2E-03   0.00 |  -0.06   2.44   3.62   6.50 |  -0.00   0.19   0.28
 94  1.00  1.0  0.0000      -1.379  4.3E-03   0.00 |  -0.22   2.42   2.10   6.50 |  -0.02   0.19   0.16
 93  1.00  1.0  0.0000      -1.379  4.3E-03   0.00 |  -3.63   2.24   1.22   6.50 |  -0.28   0.17   0.09
----------------------------------------------------------------------------------------------------------
------------------------ Electric Multipole Moments -------------------------
Quantisation Axis             : Z
  With secondary axis ordering: X,Y
  Calculated wrt to COM = (   0.000   0.000   0.000)
______________________________________________________________________________
                   Neutrons        Protons          Charge         Total
______________________________________________________________________________
 Particles          126.0000         82.0000         82.0001        208.0000

Re  Q_{ 2 0}         -0.0000         -0.0000         -0.0000         -0.0000
Re  Q_{ 2 2}          0.0000          0.0000          0.0000          0.0000

Re  Q_{ 4 0}         15.2029         -1.0102          0.9883         14.1927
Re  Q_{ 4 2}          0.0000          0.0000          0.0000          0.0000
Re  Q_{ 4 4}          9.0855         -0.6037          0.5906          8.4818

Re  Q_{ 6 0}        247.8922        -11.0296          6.3115        236.8626
Re  Q_{ 6 2}          0.0002         -0.0001         -0.0001          0.0001
Re  Q_{ 6 4}       -463.7647         20.6344        -11.8078       -443.1303
Re  Q_{ 6 6}          0.0002          0.0001          0.0001          0.0003

Re  Q_{ 8 0}      51025.2851      -3248.3558       1637.2595      47776.9293
Re  Q_{ 8 2}          0.0015         -0.0030         -0.0029         -0.0015
Re  Q_{ 8 4}      19188.0826      -1221.5505        615.6885      17966.5321
Re  Q_{ 8 6}          0.0121         -0.0021         -0.0019          0.0101
Re  Q_{ 8 8}      29235.3838      -1861.1796        938.0799      27374.2042

Re  Q_{10 0}    1003098.3766     -33313.3775      56504.2381     969784.9991
Re  Q_{10 2}          1.7759          0.1185          0.0986          1.8944
Re  Q_{10 4}   -1010789.4525      33569.0438     -56937.0031    -977220.4087
Re  Q_{10 6}         -1.0096          0.3511          0.3062         -0.6585
Re  Q_{10 8}   -1203077.5834      39954.6849     -67769.0020   -1163122.8985
Re  Q_{1010}         -7.2779          0.5259          0.4248         -6.7520

 RMS radius           5.5844          5.4437          5.4949          5.5294
 Fourth mom.          5.9474          5.7655          5.8359          5.8777
______________________________________________________________________________
                   Neutrons        Protons          Charge         Total
______________________________________________________________________________

Beta_{ 2 0}      -0.00000000     -0.00000000     -0.00000000     -0.00000000
Beta_{ 2 2}       0.00000000      0.00000000      0.00000000      0.00000000

Beta_{ 4 0}       0.00011981     -0.00000796      0.00000779      0.00011184
Beta_{ 4 2}       0.00000000      0.00000000      0.00000000      0.00000000
Beta_{ 4 4}       0.00007160     -0.00000476      0.00000465      0.00006684

Beta_{ 6 0}       0.00003864     -0.00000172      0.00000098      0.00003692
Beta_{ 6 2}       0.00000000     -0.00000000     -0.00000000      0.00000000
Beta_{ 6 4}      -0.00007230      0.00000322     -0.00000184     -0.00006908
Beta_{ 6 6}       0.00000000      0.00000000      0.00000000      0.00000000

Beta_{ 8 0}       0.00015735     -0.00001002      0.00000505      0.00014733
Beta_{ 8 2}       0.00000000     -0.00000000     -0.00000000     -0.00000000
Beta_{ 8 4}       0.00005917     -0.00000377      0.00000190      0.00005540
Beta_{ 8 6}       0.00000000     -0.00000000     -0.00000000      0.00000000
Beta_{ 8 8}       0.00009015     -0.00000574      0.00000289      0.00008441

Beta_{10 0}       0.00006119     -0.00000203      0.00000345      0.00005916
Beta_{10 2}       0.00000000      0.00000000      0.00000000      0.00000000
Beta_{10 4}      -0.00006166      0.00000205     -0.00000347     -0.00005961
Beta_{10 6}      -0.00000000      0.00000000      0.00000000     -0.00000000
Beta_{10 8}      -0.00007339      0.00000244     -0.00000413     -0.00007095
Beta_{1010}      -0.00000000      0.00000000      0.00000000     -0.00000000


______________________________________________________________________________
                   Neutrons        Protons          Charge         Total
______________________________________________________________________________
Q_{ 2}                0.0000          0.0000          0.0000          0.0000
Q_{ 4}               19.9053          1.3227          1.2940         18.5826
Q_{ 6}              701.1462         31.1963         17.8517        669.9499
Q_{ 8}            71058.8494       4523.7336       2280.0770      66535.1158
Q_{10}          2438111.6322      80970.9591     137337.7182    2357140.6732
______________________________________________________________________________
                   Neutrons        Protons          Charge         Total
______________________________________________________________________________
Beta_{   2}       0.00000000      0.00000000      0.00000000      0.00000000
Beta_{   4}       0.00015686      0.00001042      0.00001020      0.00014644
Beta_{   6}       0.00010930      0.00000486      0.00000278      0.00010444
Beta_{   8}       0.00021912      0.00001395      0.00000703      0.00020517
Beta_{  10}       0.00014873      0.00000494      0.00000838      0.00014379
______________________________________________________________________________
 Cart. Moments X              Y              Z
 Cart. N        0.0000054      0.0000016     -0.0000070
 Cart. P        0.0000038      0.0000024     -0.0000062
 Cart. T        0.0000092      0.0000040     -0.0000133
 (Q, gamma)    Q              Gamma
 (Q,g) N        0.0000074    162.6878389
 (Q,g) P        0.0000063    172.6098958
 (Q,g) T        0.0000136    167.2443933
 (iq1, iq2)    iq1            iq2
 iq    N       -0.0000083      0.0000025
 iq    P       -0.0000067      0.0000009
 iq    T       -0.0000150      0.0000035
               X^2            Y^2            Z^2
 X^2_i N     1309.8058431   1309.8058418   1309.8058389
 X^2_i P      809.9943415    809.9943411    809.9943382
 X^2_i T     2119.8001846   2119.8001829   2119.8001771
----------------------------------------------------------------------------
----------------------- Box Size Check -------------------------
 Xmax = (nx+0.5)dx = 12.250 fm,  max(rho(X=Xmax)) =    1.083E-05
 Ymax = (ny+0.5)dx = 12.250 fm,  max(rho(Y=Ymax)) =    1.083E-05
 Zmax = (nz+0.5)dx = 12.250 fm,  max(rho(Z=Zmax)) =    1.083E-05
---------------------Rotational properties--------------------
                Rigid rotor          (hbar^2/MeV)
              n              p              t 
 I_R X      63.1672570     39.0631337    102.2303907
 I_R Y      63.1672570     39.0631337    102.2303907
 I_R Z      63.1672571     39.0631337    102.2303908

                Belyaev                 (hbar^2/MeV) 
              n              p              t 
 I_B X       0.0000003      0.0000000      0.0000003
 I_B Y       0.0000003      0.0000000      0.0000003
 I_B Z       0.0000003      0.0000000      0.0000004

                Belyaev (collective)    (hbar^2/MeV) 
              n              p              t 
 I_B X       0.0000000      0.0000000      0.0000000
 I_B Y       0.0000000      0.0000000      0.0000000
 I_B Z       0.0000000      0.0000000      0.0000000

                 <J^2> - <J>^2          (hbar^2)
              n              p              t 
 J2_X        0.0000012      0.0000001      0.0000012
 J2_Y        0.0000009      0.0000001      0.0000010
 J2_Z        0.0000012      0.0000001      0.0000013
 J2_t        0.0000033      0.0000002      0.0000035

                 <J^2> - <J>^2 (coll.)  (hbar^2)
              n              p              t 
 J2_X        0.0000000      0.0000000      0.0000000
 J2_Y        0.0000000      0.0000000      0.0000000
 J2_Z        0.0000000      0.0000000      0.0000000
 J2_t        0.0000000      0.0000000      0.0000000
------------------------- Angular Momentum (hbar) --------------------------

               Spwfs(*)    Desired     Omega       E (MeV)      Densit. 
  __________________________________________________________________________
   J_x   |     0.00000     0.00000     0.00000     0.00000     0.00000
   J_y   |     0.00000     0.00000     0.00000     0.00000     0.00000
   J_z   |     0.00000     0.00000     0.00000     0.00000     0.00000
  __________________________________________________________________________
   Size  |     0.00000     0.00000     0.00000                 0.00000
  --------------------------------------------------------------------------
--------------------------------------------------------------------------------
 Skyrme Energy                Isospin  1 2 3 4                   Energy [MeV]
--------------------------------------------------------------------------------
E_D_I_I_D_I_I                          0 0                     -17367.783230
E_D_I_I_D_I_I                          1 1                        418.634180
E_D_I_I_D_I_I_D_I_I                    0 0 0                     9930.168192
E_D_I_I_D_I_I_D_I_I                    0 1 1                     -278.005040
E_D_I_I_D_Nm_Nm                        0 0                        761.870537
E_D_I_I_D_Nm_Nm                        1 1                        -26.109269
E_D_I_I_Lap_D_I_I                      0 0                        271.631511
E_D_I_I_Lap_D_I_I                      1 1                         -0.095912
E_C_I_NmSk_C_I_NmSk                    0 0                         -0.000000
E_C_I_NmSk_C_I_NmSk                    1 1                         -0.000000
E_D_I_I_D_I_I_D_Nm_Nm                  0 0 0                        0.000000
E_D_I_I_D_I_I_D_Nm_Nm                  0 1 1                       -0.000000
E_D_I_I_D_I_I_D_Nm_Nm                  0 0 0                        0.000000
E_D_I_I_D_I_I_D_Nm_Nm                  0 1 1                        0.000000
E_D_I_I_Derm_D_I_I_Derm_D_I_I          0 0 0                        0.000000
E_D_I_I_Derm_D_I_I_Derm_D_I_I          0 1 1                       -0.000000
E_D_I_I_Derm_D_I_I_Derm_D_I_I          0 0 0                       -0.000000
E_D_I_I_Derm_D_I_I_Derm_D_I_I          0 1 1                       -0.000000
E_D_I_I_Derm_D_I_I_D_I_I_Derm_D_I_I    0 0 0 0                      0.000000
E_D_I_I_Derm_D_I_I_D_I_I_Derm_D_I_I    0 0 1 1                     -0.000000
E_D_I_I_Derm_C_I_NxmSxm                0 0                        -93.177788
E_D_I_I_Derm_C_I_NxmSxm                1 1                         -0.823108
E_DP_I_I_DP_I_I                        n n                         -0.000000
E_DP_I_I_DP_I_I                        p p                         -0.000000
E_D_I_I_DP_I_I_DP_I_I                  0 n n                        0.000000
E_D_I_I_DP_I_I_DP_I_I                  0 p p                        0.000000
--------------------------------------------------------------------------------
                 Total Skyrme:                                  -6383.689928
--------------------------------------------------------------------------------
                    time-even:                                  -6383.689928
                    time-odd :                                      0.000000
                    bilinear :                                 -16035.853080
                    trilinear:                                      0.000000
                 quadrilinear:                                      0.000000
            density-dependent:                                   9652.163152
--------------------------------------------------------------------------------
--------------------------------------------------------------------------------
                                     neutron        proton         total
                Kinetic Energy:    2574.078692    1357.088578    3931.167270
                    COM 1-body:     -12.375378      -6.524464     -18.899843
                    COM 2-body:       8.737175       4.166929      12.904104
                            ph:       8.737175       4.166929      12.904104
                            pp:       0.000000       0.000000       0.000000

                Coulomb Direct:       0.000000     822.783491     822.783491
                  Dir. (point):       0.000000     826.212975     826.212975
                      Exchange:       0.000000       0.000000       0.000000
                  Exc. (point):       0.000000       0.000000       0.000000

               Pairing (delta):       0.000000       0.000000       0.000000
               Pairing (densi):                                     0.000000
--------------------------------------------------------------------------------
                  Total energy:                                 -1635.734905
                    from spwfs:                                 -1632.315740
                   E_fu - E_sp:                                -0.341916E+01
                      Routhian:                                 -1635.734905
                         dE   :                                -0.455858E-02
                         dR   :                                -0.455858E-02
--------------------------------------------------------------------------------
 Iteration =   51
 dt    =   0.0162      mu   =   0.7985 gradn =    0.000E+00 D2H  =    1.281E-03
 E     =  -1635.736    DE   = -0.83579E-06
 R     =  -1635.736    DR   = -0.83579E-06
 R-E   =      0.000  D(R-E) =  0.00000E+00
 dmun  =  0.0E+00      dmup=  0.0E+00
 RQ20t =      -0.0000   dQ =  3.8E-08  L =       0.0000   dL =  0.0E+00  dev =  0.0E+00
 RQ22t =       0.0000   dQ = -6.3E-08  L =       0.0000   dL =  0.0E+00  dev =  0.0E+00
 Jz    =       0.0000   dJZ=  0.0E+00 Om =       0.0000   dO =  0.0E+00  dev =  0.0E+00
--------------------------------------------------------------------------------------
 Iteration =   52
 dt    =   0.0162      mu   =   0.7985 gradn =    0.000E+00 D2H  =    1.069E-03
 E     =  -1635.737    DE   = -0.60765E-06
 R     =  -1635.737    DR   = -0.60765E-06
 R-E   =      0.000  D(R-E) =  0.00000E+00
 dmun  =  0.0E+00      dmup=  0.0E+00
 RQ20t =      -0.0000   dQ =  3.7E-08  L =       0.0000   dL =  0.0E+00  dev =  0.0E+00
 RQ22t =       0.0000   dQ = -6.3E-08  L =       0.0000   dL =  0.0E+00  dev =  0.0E+00
 Jz    =       0.0000   dJZ=  0.0E+00 Om =       0.0000   dO =  0.0E+00  dev =  0.0E+00
--------------------------------------------------------------------------------------
 Iteration =   53
 dt    =   0.0162      mu   =   0.7985 gradn =    0.000E+00 D2H  =    9.021E-04
 E     =  -1635.738    DE   = -0.42127E-06
 R     =  -1635.738    DR   = -0.42127E-06
 R-E   =      0.000  D(R-E) =  0.00000E+00
 dmun  =  0.0E+00      dmup=  0.0E+00
 RQ20t =      -0.0000   dQ =  3.6E-08  L =       0.0000   dL =  0.0E+00  dev =  0.0E+00
 RQ22t =       0.0000   dQ = -6.2E-08  L =       0.0000   dL =  0.0E+00  dev =  0.0E+00
 Jz    =       0.0000   dJZ=  0.0E+00 Om =       0.0000   dO =  0.0E+00  dev =  0.0E+00
--------------------------------------------------------------------------------------
 Iteration =   54
 dt    =   0.0162      mu   =   0.7985 gradn =    0.000E+00 D2H  =    7.526E-04
 E     =  -1635.738    DE   = -0.26363E-06
 R     =  -1635.738    DR   = -0.26363E-06
 R-E   =      0.000  D(R-E) =  0.00000E+00
 dmun  =  0.0E+00      dmup=  0.0E+00
 RQ20t =      -0.0000   dQ =  3.6E-08  L =       0.0000   dL =  0.0E+00  dev =  0.0E+00
 RQ22t =       0.0000   dQ = -6.0E-08  L =       0.0000   dL =  0.0E+00  dev =  0.0E+00
 Jz    =       0.0000   dJZ=  0.0E+00 Om =       0.0000   dO =  0.0E+00  dev =  0.0E+00
--------------------------------------------------------------------------------------
 Iteration =   55
 dt    =   0.0162      mu   =   0.7985 gradn =    0.000E+00 D2H  =    6.121E-04
 E     =  -1635.739    DE   = -0.12764E-06
 R     =  -1635.739    DR   = -0.12764E-06
 R-E   =      0.000  D(R-E) =  0.00000E+00
 dmun  =  0.0E+00      dmup=  0.0E+00
 RQ20t =      -0.0000   dQ =  3.7E-08  L =       0.0000   dL =  0.0E+00  dev =  0.0E+00
 RQ22t =       0.0000   dQ = -5.8E-08  L =       0.0000   dL =  0.0E+00  dev =  0.0E+00
 Jz    =       0.0000   dJZ=  0.0E+00 Om =       0.0000   dO =  0.0E+00  dev =  0.0E+00
--------------------------------------------------------------------------------------
 Iteration =   56
 dt    =   0.0162      mu   =   0.7985 gradn =    0.000E+00 D2H  =    4.844E-04
 E     =  -1635.739    DE   = -0.15708E-07
 R     =  -1635.739    DR   = -0.15708E-07
 R-E   =      0.000  D(R-E) =  0.00000E+00
 dmun  =  0.0E+00      dmup=  0.0E+00
 RQ20t =      -0.0000   dQ =  3.8E-08  L =       0.0000   dL =  0.0E+00  dev =  0.0E+00
 RQ22t =       0.0000   dQ = -5.4E-08  L =       0.0000   dL =  0.0E+00  dev =  0.0E+00
 Jz    =       0.0000   dJZ=  0.0E+00 Om =       0.0000   dO =  0.0E+00  dev =  0.0E+00
--------------------------------------------------------------------------------------
 Iteration =   57
 dt    =   0.0162      mu   =   0.7985 gradn =    0.000E+00 D2H  =    3.765E-04
 E     =  -1635.739    DE   =  0.64510E-07
 R     =  -1635.739    DR   =  0.64510E-07
 R-E   =      0.000  D(R-E) =  0.00000E+00
 dmun  =  0.0E+00      dmup=  0.0E+00
 RQ20t =      -0.0000   dQ =  3.9E-08  L =       0.0000   dL =  0.0E+00  dev =  0.0E+00
 RQ22t =       0.0000   dQ = -5.0E-08  L =       0.0000   dL =  0.0E+00  dev =  0.0E+00
 Jz    =       0.0000   dJZ=  0.0E+00 Om =       0.0000   dO =  0.0E+00  dev =  0.0E+00
--------------------------------------------------------------------------------------
 Iteration =   58
 dt    =   0.0162      mu   =   0.7985 gradn =    0.000E+00 D2H  =    2.930E-04
 E     =  -1635.738    DE   =  0.10693E-06
 R     =  -1635.738    DR   =  0.10693E-06
 R-E   =      0.000  D(R-E) =  0.00000E+00
 dmun  =  0.0E+00      dmup=  0.0E+00
 RQ20t =      -0.0000   dQ =  4.1E-08  L =       0.0000   dL =  0.0E+00  dev =  0.0E+00
 RQ22t =       0.0000   dQ = -4.6E-08  L =       0.0000   dL =  0.0E+00  dev =  0.0E+00
 Jz    =       0.0000   dJZ=  0.0E+00 Om =       0.0000   dO =  0.0E+00  dev =  0.0E+00
--------------------------------------------------------------------------------------
 Iteration =   59
 dt    =   0.0162      mu   =   0.7985 gradn =    0.000E+00 D2H  =    2.326E-04
 E     =  -1635.738    DE   =  0.11222E-06
 R     =  -1635.738    DR   =  0.11222E-06
 R-E   =      0.000  D(R-E) =  0.00000E+00
 dmun  =  0.0E+00      dmup=  0.0E+00
 RQ20t =      -0.0000   dQ =  4.2E-08  L =       0.0000   dL =  0.0E+00  dev =  0.0E+00
 RQ22t =       0.0000   dQ = -4.1E-08  L =       0.0000   dL =  0.0E+00  dev =  0.0E+00
 Jz    =       0.0000   dJZ=  0.0E+00 Om =       0.0000   dO =  0.0E+00  dev =  0.0E+00
--------------------------------------------------------------------------------------
--------------------------------------------------------------------------------------
                              Iteration =    60

--------------------- Hartree-Fock basis-------------------------------------------------------------------
__________________________________________________________________________________________________________
   Neutron wavefunctions
  i     P   Rz   occ          E       d2h    Delta |   JxT    JyT    Jz      J   |   SxT    SyT    Sz
----------------------------------------------------------------------------------------------------------
  1  1.00  1.0  2.0000     -49.951  2.1E-04   0.00 |  -0.50   0.50   0.50   0.50 |  -0.50   0.50   0.50
 36 -1.00  1.0  2.0000     -45.112  8.7E-05   0.00 |  -1.00  -0.50  -1.00   1.50 |  -0.33  -0.17  -0.33
 35 -1.00  1.0  2.0000     -45.112  8.7E-05   0.00 |  -0.00   1.50   0.00   1.50 |   0.00   0.50  -0.00
 37 -1.00  1.0  2.0000     -44.553  5.5E-05   0.00 |   0.50  -0.50   0.50   0.50 |  -0.17   0.17  -0.17
  4  1.00  1.0  2.0000     -39.215  1.2E-04   0.00 |  -0.30   0.66  -1.30   2.50 |  -0.06   0.13  -0.26
  2  1.00  1.0  2.0000     -39.215  1.2E-04   0.00 |  -0.13   0.59   1.66   2.50 |  -0.03   0.12   0.33
  3  1.00  1.0  2.0000     -39.215  1.2E-04   0.00 |  -1.07   0.25   1.15   2.50 |  -0.21   0.05   0.23
  6  1.00  1.0  2.0000     -37.867  6.3E-05   0.00 |   0.25   0.21  -1.46   1.50 |  -0.05  -0.04   0.29
  7  1.00  1.0  2.0000     -37.867  6.3E-05   0.00 |   0.75  -1.21   0.46   1.50 |  -0.15   0.24  -0.09
  5  1.00  1.0  2.0000     -35.670  2.6E-04   0.00 |  -0.50   0.50   0.50   0.50 |  -0.50   0.50   0.50
 40 -1.00  1.0  2.0000     -32.547  2.3E-04   0.00 |  -0.75  -1.40  -1.16   3.50 |  -0.11  -0.20  -0.17
 39 -1.00  1.0  2.0000     -32.547  2.2E-04   0.00 |  -0.45   2.01   1.19   3.50 |  -0.06   0.29   0.17
 41 -1.00  1.0  2.0000     -32.547  2.3E-04   0.00 |  -0.82  -1.31  -2.32   3.50 |  -0.12  -0.19  -0.33
 38 -1.00  1.0  2.0000     -32.547  2.4E-04   0.00 |   0.02   2.70   0.28   3.50 |   0.00   0.39   0.04
 45 -1.00  1.0  2.0000     -30.024  8.5E-05   0.00 |  -0.23  -0.80  -1.39   2.50 |   0.03   0.11   0.20
 46 -1.00  1.0  2.0000     -30.024  9.0E-05   0.00 |  -0.17   0.33   2.33   2.50 |   0.02  -0.05  -0.33
 44 -1.00  1.0  2.0000     -30.024  9.3E-05   0.00 |   1.89  -1.04   0.55   2.50 |  -0.27   0.15  -0.08
 42 -1.00  1.0  2.0000     -27.688  2.1E-04   0.00 |  -1.00  -0.50  -1.00   1.50 |  -0.33  -0.17  -0.33
 43 -1.00  1.0  2.0000     -27.688  2.1E-04   0.00 |  -0.00   1.50   0.00   1.50 |   0.00   0.50  -0.00
 47 -1.00  1.0  2.0000     -26.588  1.4E-04   0.00 |   0.50  -0.50   0.50   0.50 |  -0.17   0.17  -0.17
  9  1.00  1.0  2.0000     -25.320  2.4E-04   0.00 |   2.16  -1.09  -0.39   4.50 |   0.24  -0.12  -0.04
 10  1.00  1.0  2.0000     -25.320  2.5E-04   0.00 |  -1.51   1.49  -1.49   4.50 |  -0.17   0.17  -0.17
 12  1.00  1.0  2.0000     -25.320  2.4E-04   0.00 |  -3.13  -1.02  -0.39   4.50 |  -0.35  -0.11  -0.04
 11  1.00  1.0  2.0000     -25.320  2.3E-04   0.00 |   0.79  -0.30   3.95   4.50 |   0.09  -0.03   0.44
  8  1.00  1.0  2.0000     -25.320  2.3E-04   0.00 |  -0.81   3.42   0.82   4.50 |  -0.09   0.38   0.09
 19  1.00  1.0  2.0000     -21.270  7.9E-05   0.00 |   1.31   1.86   0.01   3.50 |  -0.15  -0.21  -0.00
 16  1.00  1.0  2.0000     -21.270  7.9E-05   0.00 |  -1.05  -2.38  -0.01   3.50 |   0.12   0.26   0.00
 17  1.00  1.0  2.0000     -21.270  7.8E-05   0.00 |   0.48  -2.24   0.43   3.50 |  -0.05   0.25  -0.05
 18  1.00  1.0  2.0000     -21.270  7.8E-05   0.00 |   1.27   0.77  -2.43   3.50 |  -0.14  -0.09   0.27
 14  1.00  1.0  2.0000     -19.649  2.2E-04   0.00 |  -0.43  -1.11  -1.12   2.50 |  -0.09  -0.22  -0.22
 15  1.00  1.0  2.0000     -19.649  2.3E-04   0.00 |  -0.57   1.50   0.77   2.50 |  -0.11   0.30   0.15
 13  1.00  1.0  2.0000     -19.649  2.3E-04   0.00 |  -0.50   1.12   1.86   2.50 |  -0.10   0.22   0.37
 50 -1.00  1.0  2.0000     -17.687  2.9E-04   0.00 |  -1.15   2.98  -1.06   5.50 |  -0.10   0.27  -0.10
 53 -1.00  1.0  2.0000     -17.687  2.9E-04   0.00 |   2.81   0.03   1.33   5.50 |   0.26   0.00   0.12
 51 -1.00  1.0  2.0000     -17.687  2.9E-04   0.00 |  -0.70  -1.89   0.55   5.50 |  -0.06  -0.17   0.05
 52 -1.00  1.0  2.0000     -17.687  2.9E-04   0.00 |  -2.34  -1.38  -0.23   5.50 |  -0.21  -0.13  -0.02
 48 -1.00  1.0  2.0000     -17.687  2.9E-04   0.00 |  -1.07   4.23   0.94   5.50 |  -0.10   0.38   0.09
 49 -1.00  1.0  2.0000     -17.687  2.9E-04   0.00 |  -0.55  -0.97  -4.52   5.50 |  -0.05  -0.09  -0.41
 21  1.00  1.0  2.0000     -17.665  1.0E-04   0.00 |  -0.50  -1.00  -1.00   1.50 |   0.10   0.20   0.20
 22  1.00  1.0  2.0000     -17.665  1.0E-04   0.00 |   1.50   0.00   0.00   1.50 |  -0.30   0.00   0.00
 20  1.00  1.0  2.0000     -17.356  2.5E-04   0.00 |  -0.50   0.50   0.50   0.50 |  -0.50   0.50   0.50
 59 -1.00  1.0  2.0000     -11.873  6.8E-05   0.00 |   2.27  -1.36   0.17   4.50 |  -0.21   0.12  -0.02
 58 -1.00  1.0  2.0000     -11.873  6.8E-05   0.00 |  -0.49  -2.49  -2.16   4.50 |   0.04   0.23   0.20
 61 -1.00  1.0  2.0000     -11.873  6.9E-05   0.00 |   0.45   1.82  -0.65   4.50 |  -0.04  -0.17   0.06
 62 -1.00  1.0  2.0000     -11.873  6.6E-05   0.00 |   0.13  -1.17   1.48   4.50 |  -0.01   0.11  -0.13
 60 -1.00  1.0  2.0000     -11.873  6.4E-05   0.00 |   0.14   0.70   3.65   4.50 |  -0.01  -0.06  -0.33
 55 -1.00  1.0  2.0000     -11.584  2.1E-04   0.00 |  -0.59   0.24  -1.83   3.50 |  -0.08   0.03  -0.26
 56 -1.00  1.0  2.0000     -11.583  2.1E-04   0.00 |  -2.19  -1.10  -0.02   3.50 |  -0.31  -0.16  -0.00
 57 -1.00  1.0  2.0000     -11.583  2.1E-04   0.00 |  -0.95   1.80   1.36   3.50 |  -0.14   0.26   0.19
 54 -1.00  1.0  2.0000     -11.583  2.1E-04   0.00 |   1.73   1.06  -1.52   3.50 |   0.25   0.15  -0.22
 29  1.00  1.0  2.0000      -9.759  2.9E-04   0.00 |  -1.63  -0.64  -3.89   6.50 |  -0.13  -0.05  -0.30
 28  1.00  1.0  2.0000      -9.759  2.9E-04   0.00 |   0.14   2.63   0.52   6.50 |   0.01   0.20   0.04
 24  1.00  1.0  2.0000      -9.759  2.9E-04   0.00 |   0.65  -1.50   2.47   6.50 |   0.05  -0.12   0.19
 25  1.00  1.0  2.0000      -9.759  3.0E-04   0.00 |  -1.23  -3.09   0.83   6.50 |  -0.09  -0.24   0.06
 27  1.00  1.0  2.0000      -9.759  3.1E-04   0.00 |  -0.36   5.16   1.24   6.50 |  -0.03   0.40   0.10
 23  1.00  1.0  2.0000      -9.759  3.0E-04   0.00 |   1.54  -0.17   3.26   6.50 |   0.12  -0.01   0.25
 26  1.00  1.0  2.0000      -9.759  3.2E-04   0.00 |  -2.61   1.13  -0.94   6.50 |  -0.20   0.09  -0.07
 66 -1.00  1.0  2.0000      -8.813  6.0E-05   0.00 |   1.84  -0.47   1.10   2.50 |  -0.26   0.07  -0.16
 65 -1.00  1.0  2.0000      -8.813  6.0E-05   0.00 |  -0.76  -2.03  -0.66   2.50 |   0.11   0.29   0.09
 67 -1.00  1.0  2.0000      -8.813  6.0E-05   0.00 |   0.42   0.99   1.06   2.50 |  -0.06  -0.14  -0.15
 64 -1.00  1.0  2.0000      -8.808  1.6E-04   0.00 |  -1.00  -0.50  -1.00   1.50 |  -0.33  -0.17  -0.33
 63 -1.00  1.0  2.0000      -8.808  1.6E-04   0.00 |  -0.00   1.50   0.00   1.50 |   0.00   0.50  -0.00
 68 -1.00  1.0  2.0000      -7.784  9.5E-05   0.00 |   0.50  -0.50   0.50   0.50 |  -0.17   0.17  -0.17
 30  1.00  1.0  0.0000      -3.610  1.8E-04   0.00 |  -1.61  -1.27  -1.08   4.50 |  -0.18  -0.14  -0.12
 33  1.00  1.0  0.0000      -3.608  1.8E-04   0.00 |  -1.17  -1.76  -2.34   4.50 |  -0.13  -0.20  -0.26
 32  1.00  1.0  0.0000      -3.608  1.8E-04   0.00 |  -0.56   0.24   3.83   4.50 |  -0.06   0.02   0.43
 34 -1.00  1.0  0.0000      -3.606  1.8E-04   0.00 |  -0.47   3.95   0.84   4.50 |  -0.05   0.44   0.09
 31  1.00  1.0  0.0000      -3.606  1.8E-04   0.00 |   1.31   1.34   1.25   4.50 |   0.15   0.15   0.14
 69 -1.00  1.0  0.0000      -1.620  2.9E-04   0.00 |  -4.25  -1.98  -1.53   7.50 |  -0.28  -0.13  -0.10
 70  1.00  1.0  0.0000      -1.620  3.1E-04   0.00 |   3.08   1.94  -1.67   7.50 |   0.21   0.13  -0.11
__________________________________________________________________________________________________________
   Proton  wavefunctions
  i     P   Rz   occ          E       d2h    Delta |   JxT    JyT    Jz      J   |   SxT    SyT    Sz
----------------------------------------------------------------------------------------------------------
 71  1.00  1.0  2.0000     -40.383  1.9E-04   0.00 |  -0.50   0.50   0.50   0.50 |  -0.50   0.50   0.50
 98 -1.00  1.0  2.0000     -35.873  1.4E-04   0.00 |  -1.00  -0.50  -1.00   1.50 |  -0.33  -0.17  -0.33
 97 -1.00  1.0  2.0000     -35.873  1.4E-04   0.00 |  -0.00   1.50   0.00   1.50 |   0.00   0.50  -0.00
 99 -1.00  1.0  2.0000     -35.321  9.9E-05   0.00 |   0.50  -0.50   0.50   0.50 |  -0.17   0.17  -0.17
 74  1.00  1.0  2.0000     -30.220  8.3E-05   0.00 |  -0.78   0.01  -1.35   2.50 |  -0.16   0.00  -0.27
 72  1.00  1.0  2.0000     -30.220  8.3E-05   0.00 |   0.42   0.06   2.00   2.50 |   0.08   0.01   0.40
 73  1.00  1.0  2.0000     -30.220  8.2E-05   0.00 |  -1.14   1.43   0.85   2.50 |  -0.23   0.29   0.17
 75  1.00  1.0  2.0000     -28.878  8.8E-05   0.00 |  -0.25  -0.31  -1.45   1.50 |   0.05   0.06   0.29
 76  1.00  1.0  2.0000     -28.878  8.8E-05   0.00 |   1.25  -0.69   0.45   1.50 |  -0.25   0.14  -0.09
 77  1.00  1.0  2.0000     -26.156  2.0E-04   0.00 |  -0.50   0.50   0.50   0.50 |  -0.50   0.50   0.50
101 -1.00  1.0  2.0000     -23.766  1.2E-04   0.00 |   0.59  -0.72   2.24   3.50 |   0.08  -0.10   0.32
100 -1.00  1.0  2.0000     -23.766  1.3E-04   0.00 |  -0.31   0.19  -2.99   3.50 |  -0.04   0.03  -0.43
102 -1.00  1.0  2.0000     -23.766  1.3E-04   0.00 |  -2.47  -0.93  -1.06   3.50 |  -0.35  -0.13  -0.15
103 -1.00  1.0  2.0000     -23.766  1.3E-04   0.00 |   0.19   3.46  -0.19   3.50 |   0.03   0.49  -0.03
105 -1.00  1.0  2.0000     -21.268  1.3E-04   0.00 |   0.01   0.95  -1.20   2.50 |  -0.00  -0.14   0.17
104 -1.00  1.0  2.0000     -21.268  1.4E-04   0.00 |   0.55  -0.48   2.27   2.50 |  -0.08   0.07  -0.32
106 -1.00  1.0  2.0000     -21.268  1.4E-04   0.00 |   0.94  -1.97   0.43   2.50 |  -0.13   0.28  -0.06
108 -1.00  1.0  2.0000     -18.451  2.1E-04   0.00 |   0.37   0.50  -1.37   1.50 |   0.12   0.17  -0.46
107 -1.00  1.0  2.0000     -18.451  2.1E-04   0.00 |  -1.37   0.50   0.37   1.50 |  -0.46   0.17   0.12
109 -1.00  1.0  2.0000     -17.442  1.8E-04   0.00 |   0.50  -0.50   0.50   0.50 |  -0.17   0.17  -0.17
 78  1.00  1.0  2.0000     -16.726  2.5E-04   0.00 |   1.81   1.37   1.21   4.50 |   0.20   0.15   0.13
 81  1.00  1.0  2.0000     -16.726  2.4E-04   0.00 |  -2.39  -2.27  -0.68   4.50 |  -0.27  -0.25  -0.08
 82  1.00  1.0  2.0000     -16.726  2.4E-04   0.00 |  -2.24  -1.09  -2.08   4.50 |  -0.25  -0.12  -0.23
 79  1.00  1.0  2.0000     -16.726  2.5E-04   0.00 |  -0.04   0.33   4.10   4.50 |  -0.00   0.04   0.46
 80  1.00  1.0  2.0000     -16.726  2.6E-04   0.00 |   0.35   4.16  -0.05   4.50 |   0.04   0.46  -0.01
 86  1.00  1.0  2.0000     -12.768  2.1E-04   0.00 |   0.66   2.07   0.70   3.50 |  -0.07  -0.23  -0.08
 83  1.00  1.0  2.0000     -12.768  2.1E-04   0.00 |  -0.99  -2.57  -0.86   3.50 |   0.11   0.29   0.10
 84  1.00  1.0  2.0000     -12.768  2.2E-04   0.00 |   2.98  -0.43   0.88   3.50 |  -0.33   0.05  -0.10
 85  1.00  1.0  2.0000     -12.768  2.2E-04   0.00 |  -0.65  -1.07  -2.72   3.50 |   0.07   0.12   0.30
 87  1.00  1.0  2.0000     -10.543  2.1E-04   0.00 |  -0.46  -1.29  -0.89   2.50 |  -0.09  -0.26  -0.18
 89  1.00  1.0  2.0000     -10.543  2.0E-04   0.00 |  -0.33   2.32   0.22   2.50 |  -0.07   0.46   0.04
 88  1.00  1.0  2.0000     -10.543  2.0E-04   0.00 |  -0.71   0.47   2.18   2.50 |  -0.14   0.09   0.44
111 -1.00  1.0  2.0000      -9.239  4.2E-04   0.00 |   0.27   1.75   2.85   5.50 |   0.02   0.16   0.26
114 -1.00  1.0  2.0000      -9.239  3.9E-04   0.00 |  -2.08  -0.89  -1.24   5.50 |  -0.19  -0.08  -0.11
115 -1.00  1.0  2.0000      -9.239  4.1E-04   0.00 |   3.22   0.85  -0.02   5.50 |   0.29   0.08  -0.00
112 -1.00  1.0  2.0000      -9.239  3.9E-04   0.00 |  -1.43  -0.87  -2.74   5.50 |  -0.13  -0.08  -0.25
113 -1.00  1.0  2.0000      -9.239  3.9E-04   0.00 |  -1.37   3.29   1.55   5.50 |  -0.12   0.30   0.14
110 -1.00  1.0  2.0000      -9.238  3.7E-04   0.00 |  -1.61  -1.13  -3.40   5.50 |  -0.15  -0.10  -0.31
 90  1.00  1.0  2.0000      -8.779  2.5E-04   0.00 |  -0.50  -1.00  -1.00   1.50 |   0.10   0.20   0.20
 91  1.00  1.0  2.0000      -8.779  2.5E-04   0.00 |   1.50   0.00   0.00   1.50 |  -0.30   0.00   0.00
 92  1.00  1.0  2.0000      -7.967  3.1E-04   0.00 |  -0.50   0.50   0.50   0.50 |  -0.50   0.50   0.50
116 -1.00  1.0  0.0000      -3.650  3.6E-04   0.00 |  -0.00  -1.51  -2.67   4.50 |   0.00   0.14   0.24
117 -1.00  1.0  0.0000      -3.649  3.6E-04   0.00 |  -0.57   0.93   2.51   4.50 |   0.05  -0.08  -0.23
118 -1.00  1.0  0.0000      -3.649  3.7E-04   0.00 |  -1.00   1.54  -0.39   4.50 |   0.09  -0.14   0.04
120 -1.00  1.0  0.0000      -3.649  3.3E-04   0.00 |   2.19  -0.98   2.27   4.50 |  -0.20   0.09  -0.21
119 -1.00  1.0  0.0000      -3.649  3.1E-04   0.00 |   1.88  -2.49   0.78   4.50 |  -0.17   0.23  -0.07
 95  1.00  1.0  0.0000      -1.381  5.4E-04   0.00 |  -1.39  -3.75  -1.93   6.50 |  -0.11  -0.29  -0.15
 96 -1.00  1.0  0.0000      -1.381  5.8E-04   0.00 |  -0.06   2.44   3.62   6.50 |  -0.00   0.19   0.28
 94  1.00  1.0  0.0000      -1.381  6.1E-04   0.00 |  -0.22   2.42   2.10   6.50 |  -0.02   0.19   0.16
 93  1.00  1.0  0.0000      -1.381  6.1E-04   0.00 |  -3.63   2.24   1.22   6.50 |  -0.28   0.17   0.09
----------------------------------------------------------------------------------------------------------
------------------------ Electric Multipole Moments -------------------------
Quantisation Axis             : Z
  With secondary axis ordering: X,Y
  Calculated wrt to COM = (   0.000   0.000   0.000)
______________________________________________________________________________
                   Neutrons        Protons          Charge         Total
______________________________________________________________________________
 Particles          126.0000         82.0000         82.0001        208.0000

Re  Q_{ 2 0}         -0.0000         -0.0000         -0.0000         -0.0000
Re  Q_{ 2 2}          0.0000          0.0000          0.0000          0.0000

Re  Q_{ 4 0}         14.9196         -1.1233          0.8920         13.7963
Re  Q_{ 4 2}          0.0000          0.0000          0.0000          0.0000
Re  Q_{ 4 4}          8.9162         -0.6712          0.5331          8.2449

Re  Q_{ 6 0}        244.0456        -10.3737          6.6040        233.6719
Re  Q_{ 6 2}          0.0002         -0.0000         -0.0000          0.0002
Re  Q_{ 6 4}       -456.5680         19.4071        -12.3554       -437.1609
Re  Q_{ 6 6}         -0.0004         -0.0000         -0.0000         -0.0004

Re  Q_{ 8 0}      43446.3911      -2057.7202       1607.7713      41388.6709
Re  Q_{ 8 2}         -0.0046          0.0000         -0.0001         -0.0045
Re  Q_{ 8 4}      16338.0477       -773.8054        604.6054      15564.2423
Re  Q_{ 8 6}         -0.0107         -0.0021         -0.0022         -0.0128
Re  Q_{ 8 8}      24893.0557      -1178.9882        921.1914      23714.0675

Re  Q_{10 0}     663646.5659      -4865.1583     -12585.8916     658781.4075
Re  Q_{10 2}         -1.1896          0.1088          0.1244         -1.0807
Re  Q_{10 4}    -668730.2139       4902.3227      12682.2378    -663827.8912
Re  Q_{10 6}         -0.0125         -0.0362         -0.0377         -0.0487
Re  Q_{10 8}    -795951.3594       5835.0421      15094.9677    -790116.3173
Re  Q_{1010}          5.0553          0.2435          0.2418          5.2988

 RMS radius           5.5854          5.4446          5.4958          5.5303
 Fourth mom.          5.9486          5.7663          5.8367          5.8787
______________________________________________________________________________
                   Neutrons        Protons          Charge         Total
______________________________________________________________________________

Beta_{ 2 0}      -0.00000000     -0.00000000     -0.00000000     -0.00000000
Beta_{ 2 2}       0.00000000      0.00000000      0.00000000      0.00000000

Beta_{ 4 0}       0.00011757     -0.00000885      0.00000703      0.00010872
Beta_{ 4 2}       0.00000000      0.00000000      0.00000000      0.00000000
Beta_{ 4 4}       0.00007026     -0.00000529      0.00000420      0.00006497

Beta_{ 6 0}       0.00003804     -0.00000162      0.00000103      0.00003643
Beta_{ 6 2}       0.00000000     -0.00000000     -0.00000000      0.00000000
Beta_{ 6 4}      -0.00007117      0.00000303     -0.00000193     -0.00006815
Beta_{ 6 6}      -0.00000000     -0.00000000     -0.00000000     -0.00000000

Beta_{ 8 0}       0.00013398     -0.00000635      0.00000496      0.00012763
Beta_{ 8 2}      -0.00000000      0.00000000     -0.00000000     -0.00000000
Beta_{ 8 4}       0.00005038     -0.00000239      0.00000186      0.00004800
Beta_{ 8 6}      -0.00000000     -0.00000000     -0.00000000     -0.00000000
Beta_{ 8 8}       0.00007676     -0.00000364      0.00000284      0.00007313

Beta_{10 0}       0.00004048     -0.00000030     -0.00000077      0.00004019
Beta_{10 2}      -0.00000000      0.00000000      0.00000000     -0.00000000
Beta_{10 4}      -0.00004079      0.00000030      0.00000077     -0.00004049
Beta_{10 6}      -0.00000000     -0.00000000     -0.00000000     -0.00000000
Beta_{10 8}      -0.00004855      0.00000036      0.00000092     -0.00004820
Beta_{1010}       0.00000000      0.00000000      0.00000000      0.00000000


______________________________________________________________________________
                   Neutrons        Protons          Charge         Total
______________________________________________________________________________
Q_{ 2}                0.0000          0.0000          0.0000          0.0000
Q_{ 4}               19.5343          1.4707          1.1680         18.0637
Q_{ 6}              690.2658         29.3408         18.6795        660.9250
Q_{ 8}            60504.3879       2865.6218       2239.0201      57638.7660
Q_{10}          1613041.8765      11825.0046      30590.8332    1601216.8719
______________________________________________________________________________
                   Neutrons        Protons          Charge         Total
______________________________________________________________________________
Beta_{   2}       0.00000000      0.00000000      0.00000000      0.00000000
Beta_{   4}       0.00015394      0.00001159      0.00000920      0.00014235
Beta_{   6}       0.00010760      0.00000457      0.00000291      0.00010303
Beta_{   8}       0.00018658      0.00000884      0.00000690      0.00017774
Beta_{  10}       0.00009840      0.00000072      0.00000187      0.00009768
______________________________________________________________________________
 Cart. Moments X              Y              Z
 Cart. N        0.0000034      0.0000029     -0.0000062
 Cart. P        0.0000032      0.0000026     -0.0000058
 Cart. T        0.0000066      0.0000055     -0.0000120
 (Q, gamma)    Q              Gamma
 (Q,g) N        0.0000062    177.2272316
 (Q,g) P        0.0000058    176.8832446
 (Q,g) T        0.0000121    177.0615812
 (iq1, iq2)    iq1            iq2
 iq    N       -0.0000064      0.0000003
 iq    P       -0.0000060      0.0000004
 iq    T       -0.0000124      0.0000007
               X^2            Y^2            Z^2
 X^2_i N     1310.2777800   1310.2777798   1310.2777768
 X^2_i P      810.2466640    810.2466638    810.2466610
 X^2_i T     2120.5244440   2120.5244436   2120.5244378
----------------------------------------------------------------------------
----------------------- Box Size Check -------------------------
 Xmax = (nx+0.5)dx = 12.250 fm,  max(rho(X=Xmax)) =    1.083E-05
 Ymax = (ny+0.5)dx = 12.250 fm,  max(rho(Y=Ymax)) =    1.083E-05
 Zmax = (nz+0.5)dx = 12.250 fm,  max(rho(Z=Zmax)) =    1.083E-05
---------------------Rotational properties--------------------
                Rigid rotor          (hbar^2/MeV)
              n              p              t 
 I_R X      63.1900169     39.0753023    102.2653192
 I_R Y      63.1900169     39.0753023    102.2653192
 I_R Z      63.1900170     39.0753024    102.2653193

                Belyaev                 (hbar^2/MeV) 
              n              p              t 
 I_B X       0.0000003      0.0000000      0.0000004
 I_B Y       0.0000003      0.0000000      0.0000003
 I_B Z       0.0000003      0.0000000      0.0000004

                Belyaev (collective)    (hbar^2/MeV) 
              n              p              t 
 I_B X       0.0000000      0.0000000      0.0000000
 I_B Y       0.0000000      0.0000000      0.0000000
 I_B Z       0.0000000      0.0000000      0.0000000

                 <J^2> - <J>^2          (hbar^2)
              n              p              t 
 J2_X        0.0000012      0.0000001      0.0000013
 J2_Y        0.0000010      0.0000001      0.0000011
 J2_Z        0.0000013      0.0000001      0.0000013
 J2_t        0.0000035      0.0000003      0.0000037

                 <J^2> - <J>^2 (coll.)  (hbar^2)
              n              p              t 
 J2_X        0.0000000      0.0000000      0.0000000
 J2_Y        0.0000000      0.0000000      0.0000000
 J2_Z        0.0000000      0.0000000      0.0000000
 J2_t        0.0000000      0.0000000      0.0000000
------------------------- Angular Momentum (hbar) --------------------------

               Spwfs(*)    Desired     Omega       E (MeV)      Densit. 
  __________________________________________________________________________
   J_x   |     0.00000     0.00000     0.00000     0.00000     0.00000
   J_y   |     0.00000     0.00000     0.00000     0.00000     0.00000
   J_z   |     0.00000     0.00000     0.00000     0.00000     0.00000
  __________________________________________________________________________
   Size  |     0.00000     0.00000     0.00000                 0.00000
  --------------------------------------------------------------------------
--------------------------------------------------------------------------------
 Skyrme Energy                Isospin  1 2 3 4                   Energy [MeV]
--------------------------------------------------------------------------------
E_D_I_I_D_I_I                          0 0                     -17358.324111
E_D_I_I_D_I_I                          1 1                        418.319274
E_D_I_I_D_I_I_D_I_I                    0 0 0                     9923.227628
E_D_I_I_D_I_I_D_I_I                    0 1 1                     -277.792924
E_D_I_I_D_Nm_Nm                        0 0                        761.203672
E_D_I_I_D_Nm_Nm                        1 1                        -26.092611
E_D_I_I_Lap_D_I_I                      0 0                        271.327522
E_D_I_I_Lap_D_I_I                      1 1                         -0.095423
E_C_I_NmSk_C_I_NmSk                    0 0                         -0.000000
E_C_I_NmSk_C_I_NmSk                    1 1                         -0.000000
E_D_I_I_D_I_I_D_Nm_Nm                  0 0 0                        0.000000
E_D_I_I_D_I_I_D_Nm_Nm                  0 1 1                       -0.000000
E_D_I_I_D_I_I_D_Nm_Nm                  0 0 0                        0.000000
E_D_I_I_D_I_I_D_Nm_Nm                  0 1 1                        0.000000
E_D_I_I_Derm_D_I_I_Derm_D_I_I          0 0 0                        0.000000
E_D_I_I_Derm_D_I_I_Derm_D_I_I          0 1 1                       -0.000000
E_D_I_I_Derm_D_I_I_Derm_D_I_I          0 0 0                       -0.000000
E_D_I_I_Derm_D_I_I_Derm_D_I_I          0 1 1                       -0.000000
E_D_I_I_Derm_D_I_I_D_I_I_Derm_D_I_I    0 0 0 0                      0.000000
E_D_I_I_Derm_D_I_I_D_I_I_Derm_D_I_I    0 0 1 1                     -0.000000
E_D_I_I_Derm_C_I_NxmSxm                0 0                        -93.035907
E_D_I_I_Derm_C_I_NxmSxm                1 1                         -0.823067
E_DP_I_I_DP_I_I                        n n                         -0.000000
E_DP_I_I_DP_I_I                        p p                         -0.000000
E_D_I_I_DP_I_I_DP_I_I                  0 n n                        0.000000
E_D_I_I_DP_I_I_DP_I_I                  0 p p                        0.000000
--------------------------------------------------------------------------------
                 Total Skyrme:                                  -6382.085947
--------------------------------------------------------------------------------
                    time-even:                                  -6382.085947
                    time-odd :                                      0.000000
                    bilinear :                                 -16027.520651
                    trilinear:                                      0.000000
                 quadrilinear:                                      0.000000
            density-dependent:                                   9645.434704
--------------------------------------------------------------------------------
--------------------------------------------------------------------------------
                                     neutron        proton         total
                Kinetic Energy:    2572.930790    1356.755937    3929.686727
                    COM 1-body:     -12.369860      -6.522865     -18.892725
                    COM 2-body:       8.734934       4.166215      12.901149
                            ph:       8.734934       4.166215      12.901149
                            pp:       0.000000       0.000000       0.000000

                Coulomb Direct:       0.000000     822.649827     822.649827
                  Dir. (point):       0.000000     826.077475     826.077475
                      Exchange:       0.000000       0.000000       0.000000
                  Exc. (point):       0.000000       0.000000       0.000000

               Pairing (delta):       0.000000       0.000000       0.000000
               Pairing (densi):                                     0.000000
--------------------------------------------------------------------------------
                  Total energy:                                 -1635.740968
                    from spwfs:                                 -1632.320532
                   E_fu - E_sp:                                -0.342044E+01
                      Routhian:                                 -1635.740968
                         dE   :                                -0.281106E-02
                         dR   :                                -0.281106E-02
--------------------------------------------------------------------------------
 Iteration =   61
 dt    =   0.0162      mu   =   0.7985 gradn =    0.000E+00 D2H  =    1.584E-04
 E     =  -1635.741    DE   =  0.46478E-07
 R     =  -1635.741    DR   =  0.46478E-07
 R-E   =      0.000  D(R-E) =  0.00000E+00
 dmun  =  0.0E+00      dmup=  0.0E+00
 RQ20t =      -0.0000   dQ =  4.3E-08  L =       0.0000   dL =  0.0E+00  dev =  0.0E+00
 RQ22t =       0.0000   dQ = -3.1E-08  L =       0.0000   dL =  0.0E+00  dev =  0.0E+00
 Jz    =       0.0000   dJZ=  0.0E+00 Om =       0.0000   dO =  0.0E+00  dev =  0.0E+00
--------------------------------------------------------------------------------------
 Iteration =   62
 dt    =   0.0162      mu   =   0.7985 gradn =    0.000E+00 D2H  =    1.328E-04
 E     =  -1635.741    DE   =  0.71069E-09
 R     =  -1635.741    DR   =  0.71069E-09
 R-E   =      0.000  D(R-E) =  0.00000E+00
 dmun  =  0.0E+00      dmup=  0.0E+00
 RQ20t =      -0.0000   dQ =  4.2E-08  L =       0.0000   dL =  0.0E+00  dev =  0.0E+00
 RQ22t =       0.0000   dQ = -2.6E-08  L =       0.0000   dL =  0.0E+00  dev =  0.0E+00
 Jz    =       0.0000   dJZ=  0.0E+00 Om =       0.0000   dO =  0.0E+00  dev =  0.0E+00
--------------------------------------------------------------------------------------
 Iteration =   63
 dt    =   0.0162      mu   =   0.7985 gradn =    0.000E+00 D2H  =    1.102E-04
 E     =  -1635.741    DE   = -0.39032E-07
 R     =  -1635.741    DR   = -0.39032E-07
 R-E   =      0.000  D(R-E) =  0.00000E+00
 dmun  =  0.0E+00      dmup=  0.0E+00
 RQ20t =      -0.0000   dQ =  4.1E-08  L =       0.0000   dL =  0.0E+00  dev =  0.0E+00
 RQ22t =       0.0000   dQ = -2.1E-08  L =       0.0000   dL =  0.0E+00  dev =  0.0E+00
 Jz    =       0.0000   dJZ=  0.0E+00 Om =       0.0000   dO =  0.0E+00  dev =  0.0E+00
--------------------------------------------------------------------------------------
 Iteration =   64
 dt    =   0.0162      mu   =   0.7985 gradn =    0.000E+00 D2H  =    8.968E-05
 E     =  -1635.741    DE   = -0.66764E-07
 R     =  -1635.741    DR   = -0.66764E-07
 R-E   =      0.000  D(R-E) =  0.00000E+00
 dmun  =  0.0E+00      dmup=  0.0E+00
 RQ20t =      -0.0000   dQ =  4.0E-08  L =       0.0000   dL =  0.0E+00  dev =  0.0E+00
 RQ22t =       0.0000   dQ = -1.7E-08  L =       0.0000   dL =  0.0E+00  dev =  0.0E+00
 Jz    =       0.0000   dJZ=  0.0E+00 Om =       0.0000   dO =  0.0E+00  dev =  0.0E+00
--------------------------------------------------------------------------------------
 Iteration =   65
 dt    =   0.0162      mu   =   0.7985 gradn =    0.000E+00 D2H  =    7.152E-05
 E     =  -1635.741    DE   = -0.80098E-07
 R     =  -1635.741    DR   = -0.80098E-07
 R-E   =      0.000  D(R-E) =  0.00000E+00
 dmun  =  0.0E+00      dmup=  0.0E+00
 RQ20t =      -0.0000   dQ =  3.8E-08  L =       0.0000   dL =  0.0E+00  dev =  0.0E+00
 RQ22t =       0.0000   dQ = -1.3E-08  L =       0.0000   dL =  0.0E+00  dev =  0.0E+00
 Jz    =       0.0000   dJZ=  0.0E+00 Om =       0.0000   dO =  0.0E+00  dev =  0.0E+00
--------------------------------------------------------------------------------------
 Iteration =   66
 dt    =   0.0162      mu   =   0.7985 gradn =    0.000E+00 D2H  =    5.618E-05
 E     =  -1635.741    DE   = -0.80921E-07
 R     =  -1635.741    DR   = -0.80921E-07
 R-E   =      0.000  D(R-E) =  0.00000E+00
 dmun  =  0.0E+00      dmup=  0.0E+00
 RQ20t =      -0.0000   dQ =  3.5E-08  L =       0.0000   dL =  0.0E+00  dev =  0.0E+00
 RQ22t =       0.0000   dQ = -9.4E-09  L =       0.0000   dL =  0.0E+00  dev =  0.0E+00
 Jz    =       0.0000   dJZ=  0.0E+00 Om =       0.0000   dO =  0.0E+00  dev =  0.0E+00
--------------------------------------------------------------------------------------
 Iteration =   67
 dt    =   0.0162      mu   =   0.7985 gradn =    0.000E+00 D2H  =    4.383E-05
 E     =  -1635.741    DE   = -0.72468E-07
 R     =  -1635.741    DR   = -0.72468E-07
 R-E   =      0.000  D(R-E) =  0.00000E+00
 dmun  =  0.0E+00      dmup=  0.0E+00
 RQ20t =      -0.0000   dQ =  3.3E-08  L =       0.0000   dL =  0.0E+00  dev =  0.0E+00
 RQ22t =       0.0000   dQ = -6.2E-09  L =       0.0000   dL =  0.0E+00  dev =  0.0E+00
 Jz    =       0.0000   dJZ=  0.0E+00 Om =       0.0000   dO =  0.0E+00  dev =  0.0E+00
--------------------------------------------------------------------------------------
 Iteration =   68
 dt    =   0.0162      mu   =   0.7985 gradn =    0.000E+00 D2H  =    3.432E-05
 E     =  -1635.742    DE   = -0.58399E-07
 R     =  -1635.742    DR   = -0.58399E-07
 R-E   =      0.000  D(R-E) =  0.00000E+00
 dmun  =  0.0E+00      dmup=  0.0E+00
 RQ20t =      -0.0000   dQ =  3.1E-08  L =       0.0000   dL =  0.0E+00  dev =  0.0E+00
 RQ22t =       0.0000   dQ = -3.5E-09  L =       0.0000   dL =  0.0E+00  dev =  0.0E+00
 Jz    =       0.0000   dJZ=  0.0E+00 Om =       0.0000   dO =  0.0E+00  dev =  0.0E+00
--------------------------------------------------------------------------------------
 Iteration =   69
 dt    =   0.0162      mu   =   0.7985 gradn =    0.000E+00 D2H  =    2.721E-05
 E     =  -1635.742    DE   = -0.42336E-07
 R     =  -1635.742    DR   = -0.42336E-07
 R-E   =      0.000  D(R-E) =  0.00000E+00
 dmun  =  0.0E+00      dmup=  0.0E+00
 RQ20t =      -0.0000   dQ =  2.9E-08  L =       0.0000   dL =  0.0E+00  dev =  0.0E+00
 RQ22t =       0.0000   dQ = -1.3E-09  L =       0.0000   dL =  0.0E+00  dev =  0.0E+00
 Jz    =       0.0000   dJZ=  0.0E+00 Om =       0.0000   dO =  0.0E+00  dev =  0.0E+00
--------------------------------------------------------------------------------------
--------------------------------------------------------------------------------------
                              Iteration =    70

--------------------- Hartree-Fock basis-------------------------------------------------------------------
__________________________________________________________________________________________________________
   Neutron wavefunctions
  i     P   Rz   occ          E       d2h    Delta |   JxT    JyT    Jz      J   |   SxT    SyT    Sz
----------------------------------------------------------------------------------------------------------
  1  1.00  1.0  2.0000     -49.950  1.4E-05   0.00 |  -0.50   0.50   0.50   0.50 |  -0.50   0.50   0.50
 36 -1.00  1.0  2.0000     -45.112  1.2E-05   0.00 |  -1.00  -0.50  -1.00   1.50 |  -0.33  -0.17  -0.33
 35 -1.00  1.0  2.0000     -45.112  1.2E-05   0.00 |  -0.00   1.50   0.00   1.50 |   0.00   0.50  -0.00
 37 -1.00  1.0  2.0000     -44.553  6.3E-06   0.00 |   0.50  -0.50   0.50   0.50 |  -0.17   0.17  -0.17
  4  1.00  1.0  2.0000     -39.214  1.5E-05   0.00 |  -0.30   0.66  -1.30   2.50 |  -0.06   0.13  -0.26
  2  1.00  1.0  2.0000     -39.214  1.5E-05   0.00 |  -0.13   0.59   1.66   2.50 |  -0.03   0.12   0.33
  3  1.00  1.0  2.0000     -39.214  1.5E-05   0.00 |  -1.07   0.25   1.15   2.50 |  -0.21   0.05   0.23
  6  1.00  1.0  2.0000     -37.867  7.3E-06   0.00 |   0.25   0.21  -1.46   1.50 |  -0.05  -0.04   0.29
  7  1.00  1.0  2.0000     -37.867  7.3E-06   0.00 |   0.75  -1.21   0.46   1.50 |  -0.15   0.24  -0.09
  5  1.00  1.0  2.0000     -35.669  1.7E-05   0.00 |  -0.50   0.50   0.50   0.50 |  -0.50   0.50   0.50
 39 -1.00  1.0  2.0000     -32.546  2.2E-05   0.00 |  -0.45   2.01   1.19   3.50 |  -0.06   0.29   0.17
 40 -1.00  1.0  2.0000     -32.546  2.3E-05   0.00 |  -0.75  -1.40  -1.16   3.50 |  -0.11  -0.20  -0.17
 41 -1.00  1.0  2.0000     -32.546  2.3E-05   0.00 |  -0.82  -1.31  -2.32   3.50 |  -0.12  -0.19  -0.33
 38 -1.00  1.0  2.0000     -32.546  2.4E-05   0.00 |   0.02   2.70   0.28   3.50 |   0.00   0.39   0.04
 45 -1.00  1.0  2.0000     -30.024  9.7E-06   0.00 |  -0.23  -0.80  -1.39   2.50 |   0.03   0.11   0.20
 46 -1.00  1.0  2.0000     -30.024  1.0E-05   0.00 |  -0.17   0.33   2.33   2.50 |   0.02  -0.05  -0.33
 44 -1.00  1.0  2.0000     -30.024  1.1E-05   0.00 |   1.89  -1.04   0.55   2.50 |  -0.27   0.15  -0.08
 42 -1.00  1.0  2.0000     -27.687  2.4E-05   0.00 |  -1.00  -0.50  -1.00   1.50 |  -0.33  -0.17  -0.33
 43 -1.00  1.0  2.0000     -27.687  2.4E-05   0.00 |  -0.00   1.50   0.00   1.50 |   0.00   0.50  -0.00
 47 -1.00  1.0  2.0000     -26.587  1.4E-05   0.00 |   0.50  -0.50   0.50   0.50 |  -0.17   0.17  -0.17
  9  1.00  1.0  2.0000     -25.319  2.8E-05   0.00 |   2.16  -1.10  -0.39   4.50 |   0.24  -0.12  -0.04
 10  1.00  1.0  2.0000     -25.319  2.8E-05   0.00 |  -1.51   1.49  -1.49   4.50 |  -0.17   0.17  -0.17
 12  1.00  1.0  2.0000     -25.319  2.7E-05   0.00 |  -3.13  -1.02  -0.39   4.50 |  -0.35  -0.11  -0.04
  8  1.00  1.0  2.0000     -25.319  2.5E-05   0.00 |  -0.81   3.42   0.82   4.50 |  -0.09   0.38   0.09
 11  1.00  1.0  2.0000     -25.319  2.4E-05   0.00 |   0.79  -0.30   3.95   4.50 |   0.09  -0.03   0.44
 19  1.00  1.0  2.0000     -21.271  1.0E-05   0.00 |   1.31   1.86   0.01   3.50 |  -0.15  -0.21  -0.00
 16  1.00  1.0  2.0000     -21.271  1.0E-05   0.00 |  -1.05  -2.38  -0.01   3.50 |   0.12   0.26   0.00
 17  1.00  1.0  2.0000     -21.271  1.0E-05   0.00 |   0.48  -2.24   0.43   3.50 |  -0.05   0.25  -0.05
 18  1.00  1.0  2.0000     -21.271  9.6E-06   0.00 |   1.27   0.77  -2.43   3.50 |  -0.14  -0.09   0.27
 14  1.00  1.0  2.0000     -19.649  2.3E-05   0.00 |  -0.43  -1.11  -1.12   2.50 |  -0.09  -0.22  -0.22
 15  1.00  1.0  2.0000     -19.649  2.4E-05   0.00 |  -0.57   1.50   0.77   2.50 |  -0.11   0.30   0.15
 13  1.00  1.0  2.0000     -19.649  2.4E-05   0.00 |  -0.50   1.12   1.86   2.50 |  -0.10   0.22   0.37
 50 -1.00  1.0  2.0000     -17.685  3.1E-05   0.00 |  -1.15   2.98  -1.06   5.50 |  -0.10   0.27  -0.10
 53 -1.00  1.0  2.0000     -17.685  3.3E-05   0.00 |   2.81   0.03   1.33   5.50 |   0.26   0.00   0.12
 51 -1.00  1.0  2.0000     -17.685  3.2E-05   0.00 |  -0.70  -1.89   0.55   5.50 |  -0.06  -0.17   0.05
 48 -1.00  1.0  2.0000     -17.685  3.3E-05   0.00 |  -1.07   4.23   0.94   5.50 |  -0.10   0.38   0.09
 52 -1.00  1.0  2.0000     -17.685  3.4E-05   0.00 |  -2.34  -1.38  -0.23   5.50 |  -0.21  -0.13  -0.02
 49 -1.00  1.0  2.0000     -17.685  3.4E-05   0.00 |  -0.55  -0.97  -4.52   5.50 |  -0.05  -0.09  -0.41
 21  1.00  1.0  2.0000     -17.665  1.2E-05   0.00 |  -0.50  -1.00  -1.00   1.50 |   0.10   0.20   0.20
 22  1.00  1.0  2.0000     -17.665  1.2E-05   0.00 |   1.50   0.00   0.00   1.50 |  -0.30   0.00   0.00
 20  1.00  1.0  2.0000     -17.356  3.2E-05   0.00 |  -0.50   0.50   0.50   0.50 |  -0.50   0.50   0.50
 59 -1.00  1.0  2.0000     -11.873  1.2E-05   0.00 |   2.27  -1.36   0.17   4.50 |  -0.21   0.12  -0.02
 58 -1.00  1.0  2.0000     -11.873  1.2E-05   0.00 |  -0.49  -2.49  -2.16   4.50 |   0.04   0.23   0.20
 62 -1.00  1.0  2.0000     -11.873  1.2E-05   0.00 |   0.13  -1.17   1.48   4.50 |  -0.01   0.11  -0.13
 61 -1.00  1.0  2.0000     -11.873  1.2E-05   0.00 |   0.45   1.82  -0.65   4.50 |  -0.04  -0.17   0.06
 60 -1.00  1.0  2.0000     -11.873  1.2E-05   0.00 |   0.14   0.70   3.65   4.50 |  -0.01  -0.06  -0.33
 55 -1.00  1.0  2.0000     -11.584  2.2E-05   0.00 |  -0.59   0.24  -1.83   3.50 |  -0.08   0.03  -0.26
 56 -1.00  1.0  2.0000     -11.584  2.2E-05   0.00 |  -2.19  -1.10  -0.02   3.50 |  -0.31  -0.16  -0.00
 57 -1.00  1.0  2.0000     -11.584  2.2E-05   0.00 |  -0.95   1.80   1.36   3.50 |  -0.14   0.26   0.19
 54 -1.00  1.0  2.0000     -11.584  2.2E-05   0.00 |   1.73   1.06  -1.52   3.50 |   0.25   0.15  -0.22
 29  1.00  1.0  2.0000      -9.758  3.2E-05   0.00 |  -1.63  -0.64  -3.89   6.50 |  -0.13  -0.05  -0.30
 28  1.00  1.0  2.0000      -9.758  3.0E-05   0.00 |   0.14   2.63   0.52   6.50 |   0.01   0.20   0.04
 24  1.00  1.0  2.0000      -9.758  3.1E-05   0.00 |   0.65  -1.50   2.47   6.50 |   0.05  -0.12   0.19
 25  1.00  1.0  2.0000      -9.758  3.3E-05   0.00 |  -1.23  -3.09   0.83   6.50 |  -0.09  -0.24   0.06
 27  1.00  1.0  2.0000      -9.758  3.2E-05   0.00 |  -0.36   5.16   1.24   6.50 |  -0.03   0.40   0.10
 23  1.00  1.0  2.0000      -9.758  3.1E-05   0.00 |   1.54  -0.17   3.26   6.50 |   0.12  -0.01   0.25
 26  1.00  1.0  2.0000      -9.758  3.5E-05   0.00 |  -2.61   1.13  -0.94   6.50 |  -0.20   0.09  -0.07
 66 -1.00  1.0  2.0000      -8.814  9.7E-06   0.00 |   1.84  -0.47   1.10   2.50 |  -0.26   0.07  -0.16
 65 -1.00  1.0  2.0000      -8.814  8.8E-06   0.00 |  -0.76  -2.03  -0.66   2.50 |   0.11   0.29   0.09
 67 -1.00  1.0  2.0000      -8.814  8.8E-06   0.00 |   0.42   0.99   1.06   2.50 |  -0.06  -0.14  -0.15
 64 -1.00  1.0  2.0000      -8.809  2.0E-05   0.00 |  -1.00  -0.50  -1.00   1.50 |  -0.33  -0.17  -0.33
 63 -1.00  1.0  2.0000      -8.809  2.0E-05   0.00 |   0.00   1.50   0.00   1.50 |  -0.00   0.50  -0.00
 68 -1.00  1.0  2.0000      -7.785  1.2E-05   0.00 |   0.50  -0.50   0.50   0.50 |  -0.17   0.17  -0.17
 30  1.00  1.0  0.0000      -3.611  2.5E-05   0.00 |  -1.61  -1.27  -1.08   4.50 |  -0.18  -0.14  -0.12
 33  1.00  1.0  0.0000      -3.610  2.5E-05   0.00 |  -1.17  -1.76  -2.34   4.50 |  -0.13  -0.20  -0.26
 32  1.00  1.0  0.0000      -3.610  2.7E-05   0.00 |  -0.56   0.24   3.83   4.50 |  -0.06   0.02   0.43
 34 -1.00  1.0  0.0000      -3.608  2.5E-05   0.00 |  -0.47   3.95   0.84   4.50 |  -0.05   0.44   0.09
 31  1.00  1.0  0.0000      -3.608  2.3E-05   0.00 |   1.31   1.34   1.25   4.50 |   0.15   0.15   0.14
 69 -1.00  1.0  0.0000      -1.619  3.7E-05   0.00 |  -4.25  -1.98  -1.53   7.50 |  -0.28  -0.13  -0.10
 70  1.00  1.0  0.0000      -1.619  3.9E-05   0.00 |   3.08   1.94  -1.67   7.50 |   0.21   0.13  -0.11
__________________________________________________________________________________________________________
   Proton  wavefunctions
  i     P   Rz   occ          E       d2h    Delta |   JxT    JyT    Jz      J   |   SxT    SyT    Sz
----------------------------------------------------------------------------------------------------------
 71  1.00  1.0  2.0000     -40.382  2.9E-05   0.00 |  -0.50   0.50   0.50   0.50 |  -0.50   0.50   0.50
 98 -1.00  1.0  2.0000     -35.871  1.2E-05   0.00 |  -1.00  -0.50  -1.00   1.50 |  -0.33  -0.17  -0.33
 97 -1.00  1.0  2.0000     -35.871  1.2E-05   0.00 |  -0.00   1.50   0.00   1.50 |   0.00   0.50  -0.00
 99 -1.00  1.0  2.0000     -35.320  7.3E-06   0.00 |   0.50  -0.50   0.50   0.50 |  -0.17   0.17  -0.17
 74  1.00  1.0  2.0000     -30.219  1.6E-05   0.00 |  -0.78   0.01  -1.35   2.50 |  -0.16   0.00  -0.27
 72  1.00  1.0  2.0000     -30.219  1.6E-05   0.00 |   0.42   0.06   2.00   2.50 |   0.08   0.01   0.40
 73  1.00  1.0  2.0000     -30.219  1.6E-05   0.00 |  -1.14   1.43   0.85   2.50 |  -0.23   0.29   0.17
 75  1.00  1.0  2.0000     -28.877  1.2E-05   0.00 |  -0.25  -0.31  -1.45   1.50 |   0.05   0.06   0.29
 76  1.00  1.0  2.0000     -28.877  1.2E-05   0.00 |   1.25  -0.69   0.45   1.50 |  -0.25   0.14  -0.09
 77  1.00  1.0  2.0000     -26.157  2.9E-05   0.00 |  -0.50   0.50   0.50   0.50 |  -0.50   0.50   0.50
101 -1.00  1.0  2.0000     -23.766  1.6E-05   0.00 |   0.59  -0.72   2.24   3.50 |   0.08  -0.10   0.32
100 -1.00  1.0  2.0000     -23.766  1.7E-05   0.00 |  -0.31   0.19  -2.99   3.50 |  -0.04   0.03  -0.43
102 -1.00  1.0  2.0000     -23.766  1.7E-05   0.00 |  -2.47  -0.93  -1.06   3.50 |  -0.35  -0.13  -0.15
103 -1.00  1.0  2.0000     -23.766  1.7E-05   0.00 |   0.19   3.46  -0.19   3.50 |   0.03   0.49  -0.03
105 -1.00  1.0  2.0000     -21.269  1.4E-05   0.00 |   0.01   0.95  -1.20   2.50 |  -0.00  -0.14   0.17
104 -1.00  1.0  2.0000     -21.268  1.6E-05   0.00 |   0.55  -0.48   2.27   2.50 |  -0.08   0.07  -0.32
106 -1.00  1.0  2.0000     -21.268  1.6E-05   0.00 |   0.94  -1.97   0.43   2.50 |  -0.13   0.28  -0.06
108 -1.00  1.0  2.0000     -18.453  1.6E-05   0.00 |   0.37   0.50  -1.37   1.50 |   0.12   0.17  -0.46
107 -1.00  1.0  2.0000     -18.453  1.6E-05   0.00 |  -1.37   0.50   0.37   1.50 |  -0.46   0.17   0.12
109 -1.00  1.0  2.0000     -17.444  1.5E-05   0.00 |   0.50  -0.50   0.50   0.50 |  -0.17   0.17  -0.17
 78  1.00  1.0  2.0000     -16.727  2.7E-05   0.00 |   1.81   1.37   1.21   4.50 |   0.20   0.15   0.13
 81  1.00  1.0  2.0000     -16.727  2.7E-05   0.00 |  -2.39  -2.27  -0.68   4.50 |  -0.27  -0.25  -0.08
 82  1.00  1.0  2.0000     -16.727  2.7E-05   0.00 |  -2.24  -1.09  -2.08   4.50 |  -0.25  -0.12  -0.23
 79  1.00  1.0  2.0000     -16.727  2.5E-05   0.00 |  -0.04   0.33   4.10   4.50 |  -0.00   0.04   0.46
 80  1.00  1.0  2.0000     -16.727  2.5E-05   0.00 |   0.35   4.16  -0.05   4.50 |   0.04   0.46  -0.01
 86  1.00  1.0  2.0000     -12.769  2.2E-05   0.00 |   0.66   2.07   0.70   3.50 |  -0.07  -0.23  -0.08
 83  1.00  1.0  2.0000     -12.769  2.1E-05   0.00 |  -0.99  -2.57  -0.86   3.50 |   0.11   0.29   0.10
 84  1.00  1.0  2.0000     -12.769  2.1E-05   0.00 |   2.98  -0.43   0.88   3.50 |  -0.33   0.05  -0.10
 85  1.00  1.0  2.0000     -12.769  2.1E-05   0.00 |  -0.65  -1.07  -2.72   3.50 |   0.07   0.12   0.30
 87  1.00  1.0  2.0000     -10.544  2.7E-05   0.00 |  -0.46  -1.29  -0.89   2.50 |  -0.09  -0.26  -0.18
 89  1.00  1.0  2.0000     -10.544  2.7E-05   0.00 |  -0.33   2.32   0.22   2.50 |  -0.07   0.46   0.04
 88  1.00  1.0  2.0000     -10.544  2.7E-05   0.00 |  -0.71   0.47   2.18   2.50 |  -0.14   0.09   0.44
111 -1.00  1.0  2.0000      -9.240  5.3E-05   0.00 |   0.27   1.75   2.85   5.50 |   0.02   0.16   0.26
114 -1.00  1.0  2.0000      -9.240  5.2E-05   0.00 |  -2.08  -0.89  -1.24   5.50 |  -0.19  -0.08  -0.11
115 -1.00  1.0  2.0000      -9.240  5.2E-05   0.00 |   3.22   0.85  -0.02   5.50 |   0.29   0.08  -0.00
112 -1.00  1.0  2.0000      -9.240  5.3E-05   0.00 |  -1.43  -0.87  -2.74   5.50 |  -0.13  -0.08  -0.25
113 -1.00  1.0  2.0000      -9.240  5.3E-05   0.00 |  -1.37   3.29   1.55   5.50 |  -0.12   0.30   0.14
110 -1.00  1.0  2.0000      -9.240  5.3E-05   0.00 |  -1.61  -1.13  -3.40   5.50 |  -0.15  -0.10  -0.31
 90  1.00  1.0  2.0000      -8.781  2.9E-05   0.00 |  -0.50  -1.00  -1.00   1.50 |   0.10   0.20   0.20
 91  1.00  1.0  2.0000      -8.781  2.9E-05   0.00 |   1.50   0.00   0.00   1.50 |  -0.30   0.00   0.00
 92  1.00  1.0  2.0000      -7.968  4.2E-05   0.00 |  -0.50   0.50   0.50   0.50 |  -0.50   0.50   0.50
116 -1.00  1.0  0.0000      -3.651  4.4E-05   0.00 |  -0.00  -1.51  -2.67   4.50 |   0.00   0.14   0.24
117 -1.00  1.0  0.0000      -3.651  4.4E-05   0.00 |  -0.57   0.93   2.51   4.50 |   0.05  -0.08  -0.23
118 -1.00  1.0  0.0000      -3.651  4.5E-05   0.00 |  -1.00   1.54  -0.39   4.50 |   0.09  -0.14   0.04
120 -1.00  1.0  0.0000      -3.651  4.3E-05   0.00 |   2.19  -0.98   2.27   4.50 |  -0.20   0.09  -0.21
119 -1.00  1.0  0.0000      -3.651  4.0E-05   0.00 |   1.88  -2.49   0.78   4.50 |  -0.17   0.23  -0.07
 95  1.00  1.0  0.0000      -1.383  5.9E-05   0.00 |  -1.39  -3.75  -1.93   6.50 |  -0.11  -0.29  -0.15
 96 -1.00  1.0  0.0000      -1.383  6.2E-05   0.00 |  -0.06   2.44   3.62   6.50 |  -0.00   0.19   0.28
 94  1.00  1.0  0.0000      -1.383  6.1E-05   0.00 |  -0.22   2.42   2.10   6.50 |  -0.02   0.19   0.16
 93  1.00  1.0  0.0000      -1.383  6.0E-05   0.00 |  -3.63   2.24   1.22   6.50 |  -0.28   0.17   0.09
----------------------------------------------------------------------------------------------------------
------------------------ Electric Multipole Moments -------------------------
Quantisation Axis             : Z
  With secondary axis ordering: X,Y
  Calculated wrt to COM = (   0.000   0.000   0.000)
______________________________________________________________________________
                   Neutrons        Protons          Charge         Total
______________________________________________________________________________
 Particles          126.0000         82.0000         82.0001        208.0000

Re  Q_{ 2 0}         -0.0000         -0.0000         -0.0000         -0.0000
Re  Q_{ 2 2}          0.0000          0.0000          0.0000          0.0000

Re  Q_{ 4 0}         15.0609         -1.1418          0.8796         13.9191
Re  Q_{ 4 2}          0.0000          0.0000          0.0000          0.0000
Re  Q_{ 4 4}          9.0007         -0.6823          0.5257          8.3183

Re  Q_{ 6 0}        245.5847        -10.6553          6.6116        234.9293
Re  Q_{ 6 2}         -0.0000          0.0000          0.0000         -0.0000
Re  Q_{ 6 4}       -459.4471         19.9339        -12.3696       -439.5132
Re  Q_{ 6 6}          0.0000          0.0000          0.0000          0.0000

Re  Q_{ 8 0}      44895.8377      -2607.5086       1461.1903      42288.3291
Re  Q_{ 8 2}          0.0046          0.0003          0.0003          0.0048
Re  Q_{ 8 4}      16883.1183       -980.5553        549.4818      15902.5630
Re  Q_{ 8 6}         -0.0024          0.0010          0.0010         -0.0013
Re  Q_{ 8 8}      25723.5111      -1493.9947        837.2057      24229.5164

Re  Q_{10 0}     802716.3800     -20307.3513        555.1599     782409.0287
Re  Q_{10 2}          0.3295         -0.0534         -0.0619          0.2761
Re  Q_{10 4}    -808868.5859      20463.1135       -559.2922    -788405.4724
Re  Q_{10 6}         -0.2999          0.0323          0.0310         -0.2676
Re  Q_{10 8}    -962744.4692      24355.8262       -665.8239    -938388.6429
Re  Q_{1010}         -2.0992         -0.1160         -0.1425         -2.2152

 RMS radius           5.5857          5.4446          5.4958          5.5305
 Fourth mom.          5.9488          5.7664          5.8367          5.8789
______________________________________________________________________________
                   Neutrons        Protons          Charge         Total
______________________________________________________________________________

Beta_{ 2 0}      -0.00000000     -0.00000000     -0.00000000     -0.00000000
Beta_{ 2 2}       0.00000000      0.00000000      0.00000000      0.00000000

Beta_{ 4 0}       0.00011869     -0.00000900      0.00000693      0.00010969
Beta_{ 4 2}       0.00000000      0.00000000      0.00000000      0.00000000
Beta_{ 4 4}       0.00007093     -0.00000538      0.00000414      0.00006555

Beta_{ 6 0}       0.00003828     -0.00000166      0.00000103      0.00003662
Beta_{ 6 2}      -0.00000000      0.00000000      0.00000000     -0.00000000
Beta_{ 6 4}      -0.00007162      0.00000311     -0.00000193     -0.00006851
Beta_{ 6 6}       0.00000000      0.00000000      0.00000000      0.00000000

Beta_{ 8 0}       0.00013845     -0.00000804      0.00000451      0.00013040
Beta_{ 8 2}       0.00000000      0.00000000      0.00000000      0.00000000
Beta_{ 8 4}       0.00005206     -0.00000302      0.00000169      0.00004904
Beta_{ 8 6}      -0.00000000      0.00000000      0.00000000     -0.00000000
Beta_{ 8 8}       0.00007932     -0.00000461      0.00000258      0.00007472

Beta_{10 0}       0.00004897     -0.00000124      0.00000003      0.00004773
Beta_{10 2}       0.00000000     -0.00000000     -0.00000000      0.00000000
Beta_{10 4}      -0.00004934      0.00000125     -0.00000003     -0.00004809
Beta_{10 6}      -0.00000000      0.00000000      0.00000000     -0.00000000
Beta_{10 8}      -0.00005873      0.00000149     -0.00000004     -0.00005724
Beta_{1010}      -0.00000000     -0.00000000     -0.00000000     -0.00000000


______________________________________________________________________________
                   Neutrons        Protons          Charge         Total
______________________________________________________________________________
Q_{ 2}                0.0000          0.0000          0.0000          0.0000
Q_{ 4}               19.7194          1.4950          1.1517         18.2244
Q_{ 6}              694.6187         30.1373         18.7010        664.4814
Q_{ 8}            62522.9051       3631.2696       2034.8868      58891.6355
Q_{10}          1951062.3237      49358.6780       1349.2447    1901703.6458
______________________________________________________________________________
                   Neutrons        Protons          Charge         Total
______________________________________________________________________________
Beta_{   2}       0.00000000      0.00000000      0.00000000      0.00000000
Beta_{   4}       0.00015540      0.00001178      0.00000908      0.00014362
Beta_{   6}       0.00010828      0.00000470      0.00000292      0.00010358
Beta_{   8}       0.00019280      0.00001120      0.00000627      0.00018160
Beta_{  10}       0.00011902      0.00000301      0.00000008      0.00011601
______________________________________________________________________________
 Cart. Moments X              Y              Z
 Cart. N        0.0000028      0.0000027     -0.0000055
 Cart. P        0.0000027      0.0000027     -0.0000054
 Cart. T        0.0000055      0.0000054     -0.0000109
 (Q, gamma)    Q              Gamma
 (Q,g) N        0.0000055    179.8932993
 (Q,g) P        0.0000054    179.6433871
 (Q,g) T        0.0000109    179.7695441
 (iq1, iq2)    iq1            iq2
 iq    N       -0.0000055      0.0000000
 iq    P       -0.0000054      0.0000000
 iq    T       -0.0000109      0.0000001
               X^2            Y^2            Z^2
 X^2_i N     1310.3898871   1310.3898870   1310.3898843
 X^2_i P      810.2629773    810.2629772    810.2629746
 X^2_i T     2120.6528643   2120.6528643   2120.6528589
----------------------------------------------------------------------------
----------------------- Box Size Check -------------------------
 Xmax = (nx+0.5)dx = 12.250 fm,  max(rho(X=Xmax)) =    1.088E-05
 Ymax = (ny+0.5)dx = 12.250 fm,  max(rho(Y=Ymax)) =    1.088E-05
 Zmax = (nz+0.5)dx = 12.250 fm,  max(rho(Z=Zmax)) =    1.088E-05
---------------------Rotational properties--------------------
                Rigid rotor          (hbar^2/MeV)
              n              p              t 
 I_R X      63.1954234     39.0760890    102.2715125
 I_R Y      63.1954234     39.0760890    102.2715125
 I_R Z      63.1954235     39.0760891    102.2715126

                Belyaev                 (hbar^2/MeV) 
              n              p              t 
 I_B X       0.0000003      0.0000000      0.0000003
 I_B Y       0.0000003      0.0000000      0.0000003
 I_B Z       0.0000003      0.0000000      0.0000004

                Belyaev (collective)    (hbar^2/MeV) 
              n              p              t 
 I_B X       0.0000000      0.0000000      0.0000000
 I_B Y       0.0000000      0.0000000      0.0000000
 I_B Z       0.0000000      0.0000000      0.0000000

                 <J^2> - <J>^2          (hbar^2)
              n              p              t 
 J2_X        0.0000012      0.0000001      0.0000013
 J2_Y        0.0000010      0.0000001      0.0000011
 J2_Z        0.0000012      0.0000001      0.0000013
 J2_t        0.0000034      0.0000003      0.0000037

                 <J^2> - <J>^2 (coll.)  (hbar^2)
              n              p              t 
 J2_X        0.0000000      0.0000000      0.0000000
 J2_Y        0.0000000      0.0000000      0.0000000
 J2_Z        0.0000000      0.0000000      0.0000000
 J2_t        0.0000000      0.0000000      0.0000000
------------------------- Angular Momentum (hbar) --------------------------

               Spwfs(*)    Desired     Omega       E (MeV)      Densit. 
  __________________________________________________________________________
   J_x   |     0.00000     0.00000     0.00000     0.00000     0.00000
   J_y   |     0.00000     0.00000     0.00000     0.00000     0.00000
   J_z   |     0.00000     0.00000     0.00000     0.00000     0.00000
  __________________________________________________________________________
   Size  |     0.00000     0.00000     0.00000                 0.00000
  --------------------------------------------------------------------------
--------------------------------------------------------------------------------
 Skyrme Energy                Isospin  1 2 3 4                   Energy [MeV]
--------------------------------------------------------------------------------
E_D_I_I_D_I_I                          0 0                     -17356.944240
E_D_I_I_D_I_I                          1 1                        418.195867
E_D_I_I_D_I_I_D_I_I                    0 0 0                     9922.219721
E_D_I_I_D_I_I_D_I_I                    0 1 1                     -277.678790
E_D_I_I_D_Nm_Nm                        0 0                        761.098906
E_D_I_I_D_Nm_Nm                        1 1                        -26.077703
E_D_I_I_Lap_D_I_I                      0 0                        271.294553
E_D_I_I_Lap_D_I_I                      1 1                         -0.095453
E_C_I_NmSk_C_I_NmSk                    0 0                         -0.000000
E_C_I_NmSk_C_I_NmSk                    1 1                         -0.000000
E_D_I_I_D_I_I_D_Nm_Nm                  0 0 0                        0.000000
E_D_I_I_D_I_I_D_Nm_Nm                  0 1 1                       -0.000000
E_D_I_I_D_I_I_D_Nm_Nm                  0 0 0                        0.000000
E_D_I_I_D_I_I_D_Nm_Nm                  0 1 1                        0.000000
E_D_I_I_Derm_D_I_I_Derm_D_I_I          0 0 0                        0.000000
E_D_I_I_Derm_D_I_I_Derm_D_I_I          0 1 1                       -0.000000
E_D_I_I_Derm_D_I_I_Derm_D_I_I          0 0 0                       -0.000000
E_D_I_I_Derm_D_I_I_Derm_D_I_I          0 1 1                       -0.000000
E_D_I_I_Derm_D_I_I_D_I_I_Derm_D_I_I    0 0 0 0                      0.000000
E_D_I_I_Derm_D_I_I_D_I_I_Derm_D_I_I    0 0 1 1                     -0.000000
E_D_I_I_Derm_C_I_NxmSxm                0 0                        -93.031843
E_D_I_I_Derm_C_I_NxmSxm                1 1                         -0.821870
E_DP_I_I_DP_I_I                        n n                         -0.000000
E_DP_I_I_DP_I_I                        p p                         -0.000000
E_D_I_I_DP_I_I_DP_I_I                  0 n n                        0.000000
E_D_I_I_DP_I_I_DP_I_I                  0 p p                        0.000000
--------------------------------------------------------------------------------
                 Total Skyrme:                                  -6381.840854
--------------------------------------------------------------------------------
                    time-even:                                  -6381.840854
                    time-odd :                                      0.000000
                    bilinear :                                 -16026.381784
                    trilinear:                                      0.000000
                 quadrilinear:                                      0.000000
            density-dependent:                                   9644.540930
--------------------------------------------------------------------------------
--------------------------------------------------------------------------------
                                     neutron        proton         total
                Kinetic Energy:    2572.731766    1356.713682    3929.445448
                    COM 1-body:     -12.368903      -6.522662     -18.891565
                    COM 2-body:       8.734306       4.166134      12.900440
                            ph:       8.734306       4.166134      12.900440
                            pp:       0.000000       0.000000       0.000000

                Coulomb Direct:       0.000000     822.644166     822.644166
                  Dir. (point):       0.000000     826.071895     826.071895
                      Exchange:       0.000000       0.000000       0.000000
                  Exc. (point):       0.000000       0.000000       0.000000

               Pairing (delta):       0.000000       0.000000       0.000000
               Pairing (densi):                                     0.000000
--------------------------------------------------------------------------------
                  Total energy:                                 -1635.742364
                    from spwfs:                                 -1632.317636
                   E_fu - E_sp:                                -0.342473E+01
                      Routhian:                                 -1635.742364
                         dE   :                                -0.753116E-03
                         dR   :                                -0.753116E-03
--------------------------------------------------------------------------------
 Iteration =   71
 dt    =   0.0162      mu   =   0.7985 gradn =    0.000E+00 D2H  =    1.795E-05
 E     =  -1635.742    DE   = -0.14368E-07
 R     =  -1635.742    DR   = -0.14368E-07
 R-E   =      0.000  D(R-E) =  0.00000E+00
 dmun  =  0.0E+00      dmup=  0.0E+00
 RQ20t =      -0.0000   dQ =  2.5E-08  L =       0.0000   dL =  0.0E+00  dev =  0.0E+00
 RQ22t =       0.0000   dQ =  1.8E-09  L =       0.0000   dL =  0.0E+00  dev =  0.0E+00
 Jz    =       0.0000   dJZ=  0.0E+00 Om =       0.0000   dO =  0.0E+00  dev =  0.0E+00
--------------------------------------------------------------------------------------
 Iteration =   72
 dt    =   0.0162      mu   =   0.7985 gradn =    0.000E+00 D2H  =    1.479E-05
 E     =  -1635.742    DE   = -0.51273E-08
 R     =  -1635.742    DR   = -0.51273E-08
 R-E   =      0.000  D(R-E) =  0.00000E+00
 dmun  =  0.0E+00      dmup=  0.0E+00
 RQ20t =      -0.0000   dQ =  2.4E-08  L =       0.0000   dL =  0.0E+00  dev =  0.0E+00
 RQ22t =       0.0000   dQ =  2.8E-09  L =       0.0000   dL =  0.0E+00  dev =  0.0E+00
 Jz    =       0.0000   dJZ=  0.0E+00 Om =       0.0000   dO =  0.0E+00  dev =  0.0E+00
--------------------------------------------------------------------------------------
 Iteration =   73
 dt    =   0.0162      mu   =   0.7985 gradn =    0.000E+00 D2H  =    1.216E-05
 E     =  -1635.742    DE   =  0.69851E-09
 R     =  -1635.742    DR   =  0.69851E-09
 R-E   =      0.000  D(R-E) =  0.00000E+00
 dmun  =  0.0E+00      dmup=  0.0E+00
 RQ20t =      -0.0000   dQ =  2.3E-08  L =       0.0000   dL =  0.0E+00  dev =  0.0E+00
 RQ22t =       0.0000   dQ =  3.4E-09  L =       0.0000   dL =  0.0E+00  dev =  0.0E+00
 Jz    =       0.0000   dJZ=  0.0E+00 Om =       0.0000   dO =  0.0E+00  dev =  0.0E+00
--------------------------------------------------------------------------------------
 Iteration =   74
 dt    =   0.0162      mu   =   0.7985 gradn =    0.000E+00 D2H  =    9.897E-06
 E     =  -1635.742    DE   =  0.35371E-08
 R     =  -1635.742    DR   =  0.35371E-08
 R-E   =      0.000  D(R-E) =  0.00000E+00
 dmun  =  0.0E+00      dmup=  0.0E+00
 RQ20t =      -0.0000   dQ =  2.3E-08  L =       0.0000   dL =  0.0E+00  dev =  0.0E+00
 RQ22t =       0.0000   dQ =  3.7E-09  L =       0.0000   dL =  0.0E+00  dev =  0.0E+00
 Jz    =       0.0000   dJZ=  0.0E+00 Om =       0.0000   dO =  0.0E+00  dev =  0.0E+00
--------------------------------------------------------------------------------------
 Iteration =   75
 dt    =   0.0162      mu   =   0.7985 gradn =    0.000E+00 D2H  =    7.937E-06
 E     =  -1635.742    DE   =  0.41166E-08
 R     =  -1635.742    DR   =  0.41166E-08
 R-E   =      0.000  D(R-E) =  0.00000E+00
 dmun  =  0.0E+00      dmup=  0.0E+00
 RQ20t =      -0.0000   dQ =  2.3E-08  L =       0.0000   dL =  0.0E+00  dev =  0.0E+00
 RQ22t =       0.0000   dQ =  3.7E-09  L =       0.0000   dL =  0.0E+00  dev =  0.0E+00
 Jz    =       0.0000   dJZ=  0.0E+00 Om =       0.0000   dO =  0.0E+00  dev =  0.0E+00
--------------------------------------------------------------------------------------
 Iteration =   76
 dt    =   0.0162      mu   =   0.7985 gradn =    0.000E+00 D2H  =    6.281E-06
 E     =  -1635.742    DE   =  0.32187E-08
 R     =  -1635.742    DR   =  0.32187E-08
 R-E   =      0.000  D(R-E) =  0.00000E+00
 dmun  =  0.0E+00      dmup=  0.0E+00
 RQ20t =      -0.0000   dQ =  2.2E-08  L =       0.0000   dL =  0.0E+00  dev =  0.0E+00
 RQ22t =       0.0000   dQ =  3.6E-09  L =       0.0000   dL =  0.0E+00  dev =  0.0E+00
 Jz    =       0.0000   dJZ=  0.0E+00 Om =       0.0000   dO =  0.0E+00  dev =  0.0E+00
--------------------------------------------------------------------------------------
 Iteration =   77
 dt    =   0.0162      mu   =   0.7985 gradn =    0.000E+00 D2H  =    4.933E-06
 E     =  -1635.742    DE   =  0.15303E-08
 R     =  -1635.742    DR   =  0.15303E-08
 R-E   =      0.000  D(R-E) =  0.00000E+00
 dmun  =  0.0E+00      dmup=  0.0E+00
 RQ20t =      -0.0000   dQ =  2.2E-08  L =       0.0000   dL =  0.0E+00  dev =  0.0E+00
 RQ22t =       0.0000   dQ =  3.4E-09  L =       0.0000   dL =  0.0E+00  dev =  0.0E+00
 Jz    =       0.0000   dJZ=  0.0E+00 Om =       0.0000   dO =  0.0E+00  dev =  0.0E+00
--------------------------------------------------------------------------------------
 Iteration =   78
 dt    =   0.0162      mu   =   0.7985 gradn =    0.000E+00 D2H  =    3.881E-06
 E     =  -1635.742    DE   = -0.28805E-09
 R     =  -1635.742    DR   = -0.28805E-09
 R-E   =      0.000  D(R-E) =  0.00000E+00
 dmun  =  0.0E+00      dmup=  0.0E+00
 RQ20t =      -0.0000   dQ =  2.2E-08  L =       0.0000   dL =  0.0E+00  dev =  0.0E+00
 RQ22t =       0.0000   dQ =  3.1E-09  L =       0.0000   dL =  0.0E+00  dev =  0.0E+00
 Jz    =       0.0000   dJZ=  0.0E+00 Om =       0.0000   dO =  0.0E+00  dev =  0.0E+00
--------------------------------------------------------------------------------------
 Iteration =   79
 dt    =   0.0162      mu   =   0.7985 gradn =    0.000E+00 D2H  =    3.086E-06
 E     =  -1635.742    DE   = -0.22051E-08
 R     =  -1635.742    DR   = -0.22051E-08
 R-E   =      0.000  D(R-E) =  0.00000E+00
 dmun  =  0.0E+00      dmup=  0.0E+00
 RQ20t =      -0.0000   dQ =  2.2E-08  L =       0.0000   dL =  0.0E+00  dev =  0.0E+00
 RQ22t =       0.0000   dQ =  2.7E-09  L =       0.0000   dL =  0.0E+00  dev =  0.0E+00
 Jz    =       0.0000   dJZ=  0.0E+00 Om =       0.0000   dO =  0.0E+00  dev =  0.0E+00
--------------------------------------------------------------------------------------
--------------------------------------------------------------------------------------
                              Iteration =    80

--------------------- Hartree-Fock basis-------------------------------------------------------------------
__________________________________________________________________________________________________________
   Neutron wavefunctions
  i     P   Rz   occ          E       d2h    Delta |   JxT    JyT    Jz      J   |   SxT    SyT    Sz
----------------------------------------------------------------------------------------------------------
  1  1.00  1.0  2.0000     -49.950  3.2E-06   0.00 |  -0.50   0.50   0.50   0.50 |  -0.50   0.50   0.50
 36 -1.00  1.0  2.0000     -45.111  1.1E-06   0.00 |  -1.00  -0.50  -1.00   1.50 |  -0.33  -0.17  -0.33
 35 -1.00  1.0  2.0000     -45.111  1.1E-06   0.00 |  -0.00   1.50   0.00   1.50 |   0.00   0.50  -0.00
 37 -1.00  1.0  2.0000     -44.553  6.6E-07   0.00 |   0.50  -0.50   0.50   0.50 |  -0.17   0.17  -0.17
  4  1.00  1.0  2.0000     -39.214  1.8E-06   0.00 |  -0.30   0.66  -1.30   2.50 |  -0.06   0.13  -0.26
  2  1.00  1.0  2.0000     -39.214  1.9E-06   0.00 |  -0.13   0.59   1.66   2.50 |  -0.03   0.12   0.33
  3  1.00  1.0  2.0000     -39.214  1.9E-06   0.00 |  -1.07   0.25   1.15   2.50 |  -0.21   0.05   0.23
  6  1.00  1.0  2.0000     -37.867  9.1E-07   0.00 |   0.25   0.21  -1.46   1.50 |  -0.05  -0.04   0.29
  7  1.00  1.0  2.0000     -37.867  9.1E-07   0.00 |   0.75  -1.21   0.46   1.50 |  -0.15   0.24  -0.09
  5  1.00  1.0  2.0000     -35.668  3.6E-06   0.00 |  -0.50   0.50   0.50   0.50 |  -0.50   0.50   0.50
 39 -1.00  1.0  2.0000     -32.546  2.5E-06   0.00 |  -0.45   2.01   1.19   3.50 |  -0.06   0.29   0.17
 40 -1.00  1.0  2.0000     -32.546  2.4E-06   0.00 |  -0.75  -1.40  -1.16   3.50 |  -0.11  -0.20  -0.17
 41 -1.00  1.0  2.0000     -32.546  2.4E-06   0.00 |  -0.82  -1.31  -2.32   3.50 |  -0.12  -0.19  -0.33
 38 -1.00  1.0  2.0000     -32.546  2.4E-06   0.00 |   0.02   2.70   0.28   3.50 |   0.00   0.39   0.04
 45 -1.00  1.0  2.0000     -30.024  1.0E-06   0.00 |  -0.23  -0.80  -1.39   2.50 |   0.03   0.11   0.20
 46 -1.00  1.0  2.0000     -30.024  1.0E-06   0.00 |  -0.17   0.33   2.33   2.50 |   0.02  -0.05  -0.33
 44 -1.00  1.0  2.0000     -30.023  1.0E-06   0.00 |   1.89  -1.04   0.55   2.50 |  -0.27   0.15  -0.08
 42 -1.00  1.0  2.0000     -27.687  2.4E-06   0.00 |  -1.00  -0.50  -1.00   1.50 |  -0.33  -0.17  -0.33
 43 -1.00  1.0  2.0000     -27.687  2.4E-06   0.00 |  -0.00   1.50   0.00   1.50 |   0.00   0.50  -0.00
 47 -1.00  1.0  2.0000     -26.587  1.5E-06   0.00 |   0.50  -0.50   0.50   0.50 |  -0.17   0.17  -0.17
  9  1.00  1.0  2.0000     -25.319  3.0E-06   0.00 |   2.16  -1.10  -0.39   4.50 |   0.24  -0.12  -0.04
 10  1.00  1.0  2.0000     -25.319  2.9E-06   0.00 |  -1.51   1.49  -1.49   4.50 |  -0.17   0.17  -0.17
 12  1.00  1.0  2.0000     -25.319  2.9E-06   0.00 |  -3.13  -1.02  -0.39   4.50 |  -0.35  -0.11  -0.04
 11  1.00  1.0  2.0000     -25.319  2.9E-06   0.00 |   0.79  -0.30   3.95   4.50 |   0.09  -0.03   0.44
  8  1.00  1.0  2.0000     -25.319  2.9E-06   0.00 |  -0.81   3.42   0.82   4.50 |  -0.09   0.38   0.09
 19  1.00  1.0  2.0000     -21.270  1.1E-06   0.00 |   1.31   1.86   0.01   3.50 |  -0.15  -0.21  -0.00
 16  1.00  1.0  2.0000     -21.270  1.1E-06   0.00 |  -1.05  -2.38  -0.01   3.50 |   0.12   0.26   0.00
 17  1.00  1.0  2.0000     -21.270  1.1E-06   0.00 |   0.48  -2.24   0.43   3.50 |  -0.05   0.25  -0.05
 18  1.00  1.0  2.0000     -21.270  1.0E-06   0.00 |   1.27   0.77  -2.43   3.50 |  -0.14  -0.09   0.27
 14  1.00  1.0  2.0000     -19.649  2.7E-06   0.00 |  -0.43  -1.11  -1.12   2.50 |  -0.09  -0.22  -0.22
 15  1.00  1.0  2.0000     -19.649  2.7E-06   0.00 |  -0.57   1.50   0.77   2.50 |  -0.11   0.30   0.15
 13  1.00  1.0  2.0000     -19.649  2.7E-06   0.00 |  -0.50   1.12   1.86   2.50 |  -0.10   0.22   0.37
 50 -1.00  1.0  2.0000     -17.686  2.9E-06   0.00 |  -1.15   2.98  -1.06   5.50 |  -0.10   0.27  -0.10
 53 -1.00  1.0  2.0000     -17.686  3.4E-06   0.00 |   2.81   0.03   1.33   5.50 |   0.26   0.00   0.12
 51 -1.00  1.0  2.0000     -17.686  3.1E-06   0.00 |  -0.70  -1.89   0.55   5.50 |  -0.06  -0.17   0.05
 48 -1.00  1.0  2.0000     -17.686  3.1E-06   0.00 |  -1.07   4.23   0.94   5.50 |  -0.10   0.38   0.09
 52 -1.00  1.0  2.0000     -17.686  3.4E-06   0.00 |  -2.34  -1.38  -0.23   5.50 |  -0.21  -0.13  -0.02
 49 -1.00  1.0  2.0000     -17.686  3.4E-06   0.00 |  -0.55  -0.97  -4.52   5.50 |  -0.05  -0.09  -0.41
 21  1.00  1.0  2.0000     -17.665  1.2E-06   0.00 |  -0.50  -1.00  -1.00   1.50 |   0.10   0.20   0.20
 22  1.00  1.0  2.0000     -17.665  1.2E-06   0.00 |   1.50   0.00   0.00   1.50 |  -0.30   0.00   0.00
 20  1.00  1.0  2.0000     -17.356  2.7E-06   0.00 |  -0.50   0.50   0.50   0.50 |  -0.50   0.50   0.50
 59 -1.00  1.0  2.0000     -11.873  1.0E-06   0.00 |   2.27  -1.36   0.17   4.50 |  -0.21   0.12  -0.02
 58 -1.00  1.0  2.0000     -11.873  1.0E-06   0.00 |  -0.49  -2.49  -2.16   4.50 |   0.04   0.23   0.20
 62 -1.00  1.0  2.0000     -11.873  1.0E-06   0.00 |   0.13  -1.17   1.48   4.50 |  -0.01   0.11  -0.13
 61 -1.00  1.0  2.0000     -11.873  1.0E-06   0.00 |   0.45   1.82  -0.65   4.50 |  -0.04  -0.17   0.06
 60 -1.00  1.0  2.0000     -11.873  1.0E-06   0.00 |   0.14   0.70   3.65   4.50 |  -0.01  -0.06  -0.33
 55 -1.00  1.0  2.0000     -11.584  2.5E-06   0.00 |  -0.59   0.24  -1.83   3.50 |  -0.08   0.03  -0.26
 56 -1.00  1.0  2.0000     -11.584  2.6E-06   0.00 |  -2.19  -1.10  -0.02   3.50 |  -0.31  -0.16  -0.00
 57 -1.00  1.0  2.0000     -11.584  2.6E-06   0.00 |  -0.95   1.80   1.36   3.50 |  -0.14   0.26   0.19
 54 -1.00  1.0  2.0000     -11.584  2.6E-06   0.00 |   1.73   1.06  -1.52   3.50 |   0.25   0.15  -0.22
 29  1.00  1.0  2.0000      -9.758  3.4E-06   0.00 |  -1.63  -0.64  -3.89   6.50 |  -0.13  -0.05  -0.30
 28  1.00  1.0  2.0000      -9.758  3.2E-06   0.00 |   0.14   2.63   0.52   6.50 |   0.01   0.20   0.04
 24  1.00  1.0  2.0000      -9.758  3.3E-06   0.00 |   0.65  -1.50   2.47   6.50 |   0.05  -0.12   0.19
 25  1.00  1.0  2.0000      -9.758  3.5E-06   0.00 |  -1.23  -3.09   0.83   6.50 |  -0.09  -0.24   0.06
 27  1.00  1.0  2.0000      -9.758  3.2E-06   0.00 |  -0.36   5.16   1.24   6.50 |  -0.03   0.40   0.10
 23  1.00  1.0  2.0000      -9.758  3.3E-06   0.00 |   1.54  -0.17   3.26   6.50 |   0.12  -0.01   0.25
 26  1.00  1.0  2.0000      -9.758  3.6E-06   0.00 |  -2.61   1.13  -0.94   6.50 |  -0.20   0.09  -0.07
 66 -1.00  1.0  2.0000      -8.814  2.9E-06   0.00 |   1.84  -0.47   1.10   2.50 |  -0.26   0.07  -0.16
 65 -1.00  1.0  2.0000      -8.814  2.0E-06   0.00 |  -0.76  -2.03  -0.66   2.50 |   0.11   0.29   0.09
 67 -1.00  1.0  2.0000      -8.814  2.0E-06   0.00 |   0.42   0.99   1.06   2.50 |  -0.06  -0.14  -0.15
 64 -1.00  1.0  2.0000      -8.809  4.0E-06   0.00 |  -1.00  -0.50  -1.00   1.50 |  -0.33  -0.17  -0.33
 63 -1.00  1.0  2.0000      -8.809  4.0E-06   0.00 |   0.00   1.50   0.00   1.50 |  -0.00   0.50  -0.00
 68 -1.00  1.0  2.0000      -7.785  1.3E-06   0.00 |   0.50  -0.50   0.50   0.50 |  -0.17   0.17  -0.17
 30  1.00  1.0  0.0000      -3.611  8.9E-06   0.00 |  -1.61  -1.27  -1.08   4.50 |  -0.18  -0.14  -0.12
 33  1.00  1.0  0.0000      -3.610  8.5E-06   0.00 |  -1.17  -1.76  -2.34   4.50 |  -0.13  -0.20  -0.26
 32  1.00  1.0  0.0000      -3.609  9.1E-06   0.00 |  -0.56   0.24   3.83   4.50 |  -0.06   0.02   0.43
 34 -1.00  1.0  0.0000      -3.608  7.2E-06   0.00 |  -0.47   3.94   0.84   4.50 |  -0.05   0.44   0.09
 31  1.00  1.0  0.0000      -3.608  6.5E-06   0.00 |   1.31   1.34   1.25   4.50 |   0.15   0.15   0.14
 69 -1.00  1.0  0.0000      -1.619  4.3E-06   0.00 |  -4.25  -1.98  -1.53   7.50 |  -0.28  -0.13  -0.10
 70  1.00  1.0  0.0000      -1.619  4.3E-06   0.00 |   3.08   1.94  -1.67   7.50 |   0.21   0.13  -0.11
__________________________________________________________________________________________________________
   Proton  wavefunctions
  i     P   Rz   occ          E       d2h    Delta |   JxT    JyT    Jz      J   |   SxT    SyT    Sz
----------------------------------------------------------------------------------------------------------
 71  1.00  1.0  2.0000     -40.382  3.1E-06   0.00 |  -0.50   0.50   0.50   0.50 |  -0.50   0.50   0.50
 98 -1.00  1.0  2.0000     -35.872  1.3E-06   0.00 |  -1.00  -0.50  -1.00   1.50 |  -0.33  -0.17  -0.33
 97 -1.00  1.0  2.0000     -35.872  1.3E-06   0.00 |  -0.00   1.50   0.00   1.50 |   0.00   0.50  -0.00
 99 -1.00  1.0  2.0000     -35.321  8.9E-07   0.00 |   0.50  -0.50   0.50   0.50 |  -0.17   0.17  -0.17
 74  1.00  1.0  2.0000     -30.219  1.9E-06   0.00 |  -0.78   0.01  -1.35   2.50 |  -0.16   0.00  -0.27
 72  1.00  1.0  2.0000     -30.219  1.9E-06   0.00 |   0.42   0.06   2.00   2.50 |   0.08   0.01   0.40
 73  1.00  1.0  2.0000     -30.219  2.0E-06   0.00 |  -1.14   1.43   0.85   2.50 |  -0.23   0.29   0.17
 75  1.00  1.0  2.0000     -28.878  1.4E-06   0.00 |  -0.25  -0.31  -1.45   1.50 |   0.05   0.06   0.29
 76  1.00  1.0  2.0000     -28.878  1.4E-06   0.00 |   1.25  -0.69   0.45   1.50 |  -0.25   0.14  -0.09
 77  1.00  1.0  2.0000     -26.157  2.8E-06   0.00 |  -0.50   0.50   0.50   0.50 |  -0.50   0.50   0.50
101 -1.00  1.0  2.0000     -23.766  2.2E-06   0.00 |   0.59  -0.72   2.24   3.50 |   0.08  -0.10   0.32
100 -1.00  1.0  2.0000     -23.766  2.1E-06   0.00 |  -0.31   0.19  -2.99   3.50 |  -0.04   0.03  -0.43
102 -1.00  1.0  2.0000     -23.766  2.1E-06   0.00 |  -2.47  -0.93  -1.06   3.50 |  -0.35  -0.13  -0.15
103 -1.00  1.0  2.0000     -23.766  2.1E-06   0.00 |   0.19   3.46  -0.19   3.50 |   0.03   0.49  -0.03
105 -1.00  1.0  2.0000     -21.269  1.7E-06   0.00 |   0.01   0.95  -1.20   2.50 |  -0.00  -0.14   0.17
104 -1.00  1.0  2.0000     -21.269  1.7E-06   0.00 |   0.55  -0.48   2.27   2.50 |  -0.08   0.07  -0.32
106 -1.00  1.0  2.0000     -21.269  1.7E-06   0.00 |   0.94  -1.97   0.43   2.50 |  -0.13   0.28  -0.06
108 -1.00  1.0  2.0000     -18.452  2.0E-06   0.00 |   0.37   0.50  -1.37   1.50 |   0.12   0.17  -0.46
107 -1.00  1.0  2.0000     -18.452  2.0E-06   0.00 |  -1.37   0.50   0.37   1.50 |  -0.46   0.17   0.12
109 -1.00  1.0  2.0000     -17.443  1.8E-06   0.00 |   0.50  -0.50   0.50   0.50 |  -0.17   0.17  -0.17
 78  1.00  1.0  2.0000     -16.727  3.5E-06   0.00 |   1.81   1.37   1.21   4.50 |   0.20   0.15   0.13
 81  1.00  1.0  2.0000     -16.727  3.5E-06   0.00 |  -2.39  -2.27  -0.68   4.50 |  -0.27  -0.25  -0.08
 82  1.00  1.0  2.0000     -16.727  3.5E-06   0.00 |  -2.24  -1.09  -2.08   4.50 |  -0.25  -0.12  -0.23
 79  1.00  1.0  2.0000     -16.727  3.4E-06   0.00 |  -0.04   0.33   4.10   4.50 |  -0.00   0.04   0.46
 80  1.00  1.0  2.0000     -16.727  3.2E-06   0.00 |   0.35   4.16  -0.05   4.50 |   0.04   0.46  -0.01
 86  1.00  1.0  2.0000     -12.769  2.7E-06   0.00 |   0.66   2.07   0.70   3.50 |  -0.07  -0.23  -0.08
 83  1.00  1.0  2.0000     -12.769  2.7E-06   0.00 |  -0.99  -2.57  -0.86   3.50 |   0.11   0.29   0.10
 84  1.00  1.0  2.0000     -12.769  2.6E-06   0.00 |   2.98  -0.43   0.88   3.50 |  -0.33   0.05  -0.10
 85  1.00  1.0  2.0000     -12.769  2.5E-06   0.00 |  -0.65  -1.07  -2.72   3.50 |   0.07   0.12   0.30
 87  1.00  1.0  2.0000     -10.543  2.6E-06   0.00 |  -0.46  -1.29  -0.89   2.50 |  -0.09  -0.26  -0.18
 89  1.00  1.0  2.0000     -10.543  2.6E-06   0.00 |  -0.33   2.32   0.22   2.50 |  -0.07   0.46   0.04
 88  1.00  1.0  2.0000     -10.543  2.6E-06   0.00 |  -0.71   0.47   2.18   2.50 |  -0.14   0.09   0.44
111 -1.00  1.0  2.0000      -9.240  5.4E-06   0.00 |   0.27   1.75   2.85   5.50 |   0.02   0.16   0.26
114 -1.00  1.0  2.0000      -9.240  5.7E-06   0.00 |  -2.08  -0.89  -1.24   5.50 |  -0.19  -0.08  -0.11
115 -1.00  1.0  2.0000      -9.240  5.4E-06   0.00 |   3.22   0.85  -0.02   5.50 |   0.29   0.08  -0.00
112 -1.00  1.0  2.0000      -9.240  5.8E-06   0.00 |  -1.43  -0.87  -2.74   5.50 |  -0.13  -0.08  -0.25
113 -1.00  1.0  2.0000      -9.240  5.7E-06   0.00 |  -1.37   3.29   1.55   5.50 |  -0.12   0.30   0.14
110 -1.00  1.0  2.0000      -9.240  5.8E-06   0.00 |  -1.61  -1.13  -3.40   5.50 |  -0.15  -0.10  -0.31
 90  1.00  1.0  2.0000      -8.780  2.6E-06   0.00 |  -0.50  -1.00  -1.00   1.50 |   0.10   0.20   0.20
 91  1.00  1.0  2.0000      -8.780  2.6E-06   0.00 |   1.50   0.00   0.00   1.50 |  -0.30   0.00   0.00
 92  1.00  1.0  2.0000      -7.968  4.5E-06   0.00 |  -0.50   0.50   0.50   0.50 |  -0.50   0.50   0.50
116 -1.00  1.0  0.0000      -3.651  4.9E-06   0.00 |  -0.00  -1.51  -2.67   4.50 |   0.00   0.14   0.24
117 -1.00  1.0  0.0000      -3.651  5.1E-06   0.00 |  -0.57   0.93   2.51   4.50 |   0.05  -0.08  -0.23
118 -1.00  1.0  0.0000      -3.651  4.8E-06   0.00 |  -1.00   1.54  -0.39   4.50 |   0.09  -0.14   0.04
120 -1.00  1.0  0.0000      -3.651  5.2E-06   0.00 |   2.19  -0.98   2.27   4.50 |  -0.20   0.09  -0.21
119 -1.00  1.0  0.0000      -3.651  4.8E-06   0.00 |   1.88  -2.49   0.78   4.50 |  -0.17   0.23  -0.07
 95  1.00  1.0  0.0000      -1.383  6.8E-06   0.00 |  -1.39  -3.75  -1.93   6.50 |  -0.11  -0.29  -0.15
 96 -1.00  1.0  0.0000      -1.383  5.9E-06   0.00 |  -0.06   2.44   3.62   6.50 |  -0.00   0.19   0.28
 94  1.00  1.0  0.0000      -1.382  5.9E-06   0.00 |  -0.22   2.42   2.10   6.50 |  -0.02   0.19   0.16
 93  1.00  1.0  0.0000      -1.382  5.8E-06   0.00 |  -3.63   2.24   1.22   6.50 |  -0.28   0.17   0.09
----------------------------------------------------------------------------------------------------------
------------------------ Electric Multipole Moments -------------------------
Quantisation Axis             : Z
  With secondary axis ordering: X,Y
  Calculated wrt to COM = (   0.000   0.000   0.000)
______________________________________________________________________________
                   Neutrons        Protons          Charge         Total
______________________________________________________________________________
 Particles          126.0000         82.0000         82.0001        208.0000

Re  Q_{ 2 0}         -0.0000         -0.0000         -0.0000         -0.0000
Re  Q_{ 2 2}          0.0000          0.0000          0.0000          0.0000

Re  Q_{ 4 0}         15.0791         -1.1894          0.8306         13.8897
Re  Q_{ 4 2}          0.0000          0.0000          0.0000          0.0000
Re  Q_{ 4 4}          9.0115         -0.7108          0.4964          8.3008

Re  Q_{ 6 0}        244.8247        -10.6858          6.4745        234.1388
Re  Q_{ 6 2}         -0.0000          0.0000          0.0000         -0.0000
Re  Q_{ 6 4}       -458.0254         19.9910        -12.1130       -438.0344
Re  Q_{ 6 6}          0.0000          0.0000          0.0000          0.0000

Re  Q_{ 8 0}      43984.9270      -2538.6722       1410.6701      41446.2548
Re  Q_{ 8 2}          0.0012          0.0002          0.0003          0.0014
Re  Q_{ 8 4}      16540.5602       -954.6681        530.4848      15585.8921
Re  Q_{ 8 6}          0.0039         -0.0000         -0.0000          0.0039
Re  Q_{ 8 8}      25201.5920      -1454.5534        808.2606      23747.0386

Re  Q_{10 0}     783659.2753     -18491.7444      -1921.2068     765167.5309
Re  Q_{10 2}         -0.2160          0.0323          0.0335         -0.1837
Re  Q_{10 4}    -789663.9665      18633.3393       1935.8378    -771030.6272
Re  Q_{10 6}          0.0037         -0.0488         -0.0532         -0.0452
Re  Q_{10 8}    -939888.5671      22178.2251       2304.2213    -917710.3419
Re  Q_{1010}          0.5711          0.0146          0.0269          0.5857

 RMS radius           5.5856          5.4446          5.4958          5.5304
 Fourth mom.          5.9488          5.7664          5.8367          5.8789
______________________________________________________________________________
                   Neutrons        Protons          Charge         Total
______________________________________________________________________________

Beta_{ 2 0}      -0.00000000     -0.00000000     -0.00000000     -0.00000000
Beta_{ 2 2}       0.00000000      0.00000000      0.00000000      0.00000000

Beta_{ 4 0}       0.00011883     -0.00000937      0.00000655      0.00010946
Beta_{ 4 2}       0.00000000      0.00000000      0.00000000      0.00000000
Beta_{ 4 4}       0.00007101     -0.00000560      0.00000391      0.00006541

Beta_{ 6 0}       0.00003817     -0.00000167      0.00000101      0.00003650
Beta_{ 6 2}      -0.00000000      0.00000000      0.00000000     -0.00000000
Beta_{ 6 4}      -0.00007140      0.00000312     -0.00000189     -0.00006828
Beta_{ 6 6}       0.00000000      0.00000000      0.00000000      0.00000000

Beta_{ 8 0}       0.00013564     -0.00000783      0.00000435      0.00012781
Beta_{ 8 2}       0.00000000      0.00000000      0.00000000      0.00000000
Beta_{ 8 4}       0.00005101     -0.00000294      0.00000164      0.00004806
Beta_{ 8 6}       0.00000000     -0.00000000     -0.00000000      0.00000000
Beta_{ 8 8}       0.00007771     -0.00000449      0.00000249      0.00007323

Beta_{10 0}       0.00004780     -0.00000113     -0.00000012      0.00004668
Beta_{10 2}      -0.00000000      0.00000000      0.00000000     -0.00000000
Beta_{10 4}      -0.00004817      0.00000114      0.00000012     -0.00004703
Beta_{10 6}       0.00000000     -0.00000000     -0.00000000     -0.00000000
Beta_{10 8}      -0.00005733      0.00000135      0.00000014     -0.00005598
Beta_{1010}       0.00000000      0.00000000      0.00000000      0.00000000


______________________________________________________________________________
                   Neutrons        Protons          Charge         Total
______________________________________________________________________________
Q_{ 2}                0.0000          0.0000          0.0000          0.0000
Q_{ 4}               19.7432          1.5573          1.0876         18.1860
Q_{ 6}              692.4692         30.2236         18.3130        662.2456
Q_{ 8}            61254.3431       3535.4052       1964.5327      57718.9378
Q_{10}          1904741.7822      44945.4627       4669.5656    1859796.3195
______________________________________________________________________________
                   Neutrons        Protons          Charge         Total
______________________________________________________________________________
Beta_{   2}       0.00000000      0.00000000      0.00000000      0.00000000
Beta_{   4}       0.00015558      0.00001227      0.00000857      0.00014331
Beta_{   6}       0.00010795      0.00000471      0.00000285      0.00010324
Beta_{   8}       0.00018889      0.00001090      0.00000606      0.00017799
Beta_{  10}       0.00011619      0.00000274      0.00000028      0.00011345
______________________________________________________________________________
 Cart. Moments X              Y              Z
 Cart. N        0.0000026      0.0000025     -0.0000051
 Cart. P        0.0000026      0.0000024     -0.0000051
 Cart. T        0.0000052      0.0000049     -0.0000102
 (Q, gamma)    Q              Gamma
 (Q,g) N        0.0000051    179.1815267
 (Q,g) P        0.0000051    178.7916646
 (Q,g) T        0.0000102    178.9870290
 (iq1, iq2)    iq1            iq2
 iq    N       -0.0000051      0.0000001
 iq    P       -0.0000051      0.0000001
 iq    T       -0.0000103      0.0000002
               X^2            Y^2            Z^2
 X^2_i N     1310.3547514   1310.3547513   1310.3547488
 X^2_i P      810.2592426    810.2592426    810.2592401
 X^2_i T     2120.6139940   2120.6139939   2120.6139889
----------------------------------------------------------------------------
----------------------- Box Size Check -------------------------
 Xmax = (nx+0.5)dx = 12.250 fm,  max(rho(X=Xmax)) =    1.088E-05
 Ymax = (ny+0.5)dx = 12.250 fm,  max(rho(Y=Ymax)) =    1.088E-05
 Zmax = (nz+0.5)dx = 12.250 fm,  max(rho(Z=Zmax)) =    1.088E-05
---------------------Rotational properties--------------------
                Rigid rotor          (hbar^2/MeV)
              n              p              t 
 I_R X      63.1937290     39.0759089    102.2696379
 I_R Y      63.1937290     39.0759089    102.2696379
 I_R Z      63.1937290     39.0759090    102.2696380

                Belyaev                 (hbar^2/MeV) 
              n              p              t 
 I_B X       0.0000003      0.0000000      0.0000004
 I_B Y       0.0000003      0.0000000      0.0000003
 I_B Z       0.0000003      0.0000000      0.0000004

                Belyaev (collective)    (hbar^2/MeV) 
              n              p              t 
 I_B X       0.0000000      0.0000000      0.0000000
 I_B Y       0.0000000      0.0000000      0.0000000
 I_B Z       0.0000000      0.0000000      0.0000000

                 <J^2> - <J>^2          (hbar^2)
              n              p              t 
 J2_X        0.0000012      0.0000001      0.0000013
 J2_Y        0.0000010      0.0000001      0.0000011
 J2_Z        0.0000013      0.0000001      0.0000014
 J2_t        0.0000035      0.0000003      0.0000038

                 <J^2> - <J>^2 (coll.)  (hbar^2)
              n              p              t 
 J2_X        0.0000000      0.0000000      0.0000000
 J2_Y        0.0000000      0.0000000      0.0000000
 J2_Z        0.0000000      0.0000000      0.0000000
 J2_t        0.0000000      0.0000000      0.0000000
------------------------- Angular Momentum (hbar) --------------------------

               Spwfs(*)    Desired     Omega       E (MeV)      Densit. 
  __________________________________________________________________________
   J_x   |     0.00000     0.00000     0.00000     0.00000     0.00000
   J_y   |     0.00000     0.00000     0.00000     0.00000     0.00000
   J_z   |     0.00000     0.00000     0.00000     0.00000     0.00000
  __________________________________________________________________________
   Size  |     0.00000     0.00000     0.00000                 0.00000
  --------------------------------------------------------------------------
--------------------------------------------------------------------------------
 Skyrme Energy                Isospin  1 2 3 4                   Energy [MeV]
--------------------------------------------------------------------------------
E_D_I_I_D_I_I                          0 0                     -17357.428891
E_D_I_I_D_I_I                          1 1                        418.240632
E_D_I_I_D_I_I_D_I_I                    0 0 0                     9922.578695
E_D_I_I_D_I_I_D_I_I                    0 1 1                     -277.717302
E_D_I_I_D_Nm_Nm                        0 0                        761.136938
E_D_I_I_D_Nm_Nm                        1 1                        -26.082320
E_D_I_I_Lap_D_I_I                      0 0                        271.307588
E_D_I_I_Lap_D_I_I                      1 1                         -0.095464
E_C_I_NmSk_C_I_NmSk                    0 0                         -0.000000
E_C_I_NmSk_C_I_NmSk                    1 1                         -0.000000
E_D_I_I_D_I_I_D_Nm_Nm                  0 0 0                        0.000000
E_D_I_I_D_I_I_D_Nm_Nm                  0 1 1                       -0.000000
E_D_I_I_D_I_I_D_Nm_Nm                  0 0 0                        0.000000
E_D_I_I_D_I_I_D_Nm_Nm                  0 1 1                        0.000000
E_D_I_I_Derm_D_I_I_Derm_D_I_I          0 0 0                        0.000000
E_D_I_I_Derm_D_I_I_Derm_D_I_I          0 1 1                       -0.000000
E_D_I_I_Derm_D_I_I_Derm_D_I_I          0 0 0                       -0.000000
E_D_I_I_Derm_D_I_I_Derm_D_I_I          0 1 1                       -0.000000
E_D_I_I_Derm_D_I_I_D_I_I_Derm_D_I_I    0 0 0 0                      0.000000
E_D_I_I_Derm_D_I_I_D_I_I_Derm_D_I_I    0 0 1 1                     -0.000000
E_D_I_I_Derm_C_I_NxmSxm                0 0                        -93.040429
E_D_I_I_Derm_C_I_NxmSxm                1 1                         -0.822192
E_DP_I_I_DP_I_I                        n n                         -0.000000
E_DP_I_I_DP_I_I                        p p                         -0.000000
E_D_I_I_DP_I_I_DP_I_I                  0 n n                        0.000000
E_D_I_I_DP_I_I_DP_I_I                  0 p p                        0.000000
--------------------------------------------------------------------------------
                 Total Skyrme:                                  -6381.922745
--------------------------------------------------------------------------------
                    time-even:                                  -6381.922745
                    time-odd :                                      0.000000
                    bilinear :                                 -16026.784138
                    trilinear:                                      0.000000
                 quadrilinear:                                      0.000000
            density-dependent:                                   9644.861393
--------------------------------------------------------------------------------
--------------------------------------------------------------------------------
                                     neutron        proton         total
                Kinetic Energy:    2572.806856    1356.719395    3929.526250
                    COM 1-body:     -12.369264      -6.522689     -18.891953
                    COM 2-body:       8.734482       4.166085      12.900567
                            ph:       8.734482       4.166085      12.900567
                            pp:       0.000000       0.000000       0.000000

                Coulomb Direct:       0.000000     822.645624     822.645624
                  Dir. (point):       0.000000     826.073337     826.073337
                      Exchange:       0.000000       0.000000       0.000000
                  Exc. (point):       0.000000       0.000000       0.000000

               Pairing (delta):       0.000000       0.000000       0.000000
               Pairing (densi):                                     0.000000
--------------------------------------------------------------------------------
                  Total energy:                                 -1635.742257
                    from spwfs:                                 -1632.314830
                   E_fu - E_sp:                                -0.342743E+01
                      Routhian:                                 -1635.742257
                         dE   :                                 0.121175E-03
                         dR   :                                 0.121175E-03
--------------------------------------------------------------------------------
 Iteration =   81
 dt    =   0.0162      mu   =   0.7985 gradn =    0.000E+00 D2H  =    2.044E-06
 E     =  -1635.742    DE   = -0.45380E-08
 R     =  -1635.742    DR   = -0.45380E-08
 R-E   =      0.000  D(R-E) =  0.00000E+00
 dmun  =  0.0E+00      dmup=  0.0E+00
 RQ20t =      -0.0000   dQ =  2.1E-08  L =       0.0000   dL =  0.0E+00  dev =  0.0E+00
 RQ22t =       0.0000   dQ =  1.8E-09  L =       0.0000   dL =  0.0E+00  dev =  0.0E+00
 Jz    =       0.0000   dJZ=  0.0E+00 Om =       0.0000   dO =  0.0E+00  dev =  0.0E+00
--------------------------------------------------------------------------------------
 Iteration =   82
 dt    =   0.0162      mu   =   0.7985 gradn =    0.000E+00 D2H  =    1.692E-06
 E     =  -1635.742    DE   = -0.51186E-08
 R     =  -1635.742    DR   = -0.51186E-08
 R-E   =      0.000  D(R-E) =  0.00000E+00
 dmun  =  0.0E+00      dmup=  0.0E+00
 RQ20t =      -0.0000   dQ =  2.1E-08  L =       0.0000   dL =  0.0E+00  dev =  0.0E+00
 RQ22t =       0.0000   dQ =  1.4E-09  L =       0.0000   dL =  0.0E+00  dev =  0.0E+00
 Jz    =       0.0000   dJZ=  0.0E+00 Om =       0.0000   dO =  0.0E+00  dev =  0.0E+00
--------------------------------------------------------------------------------------
 Iteration =   83
 dt    =   0.0162      mu   =   0.7985 gradn =    0.000E+00 D2H  =    1.402E-06
 E     =  -1635.742    DE   = -0.53882E-08
 R     =  -1635.742    DR   = -0.53882E-08
 R-E   =      0.000  D(R-E) =  0.00000E+00
 dmun  =  0.0E+00      dmup=  0.0E+00
 RQ20t =      -0.0000   dQ =  2.0E-08  L =       0.0000   dL =  0.0E+00  dev =  0.0E+00
 RQ22t =       0.0000   dQ =  9.1E-10  L =       0.0000   dL =  0.0E+00  dev =  0.0E+00
 Jz    =       0.0000   dJZ=  0.0E+00 Om =       0.0000   dO =  0.0E+00  dev =  0.0E+00
--------------------------------------------------------------------------------------
 Iteration =   84
 dt    =   0.0162      mu   =   0.7985 gradn =    0.000E+00 D2H  =    1.156E-06
 E     =  -1635.742    DE   = -0.54154E-08
 R     =  -1635.742    DR   = -0.54154E-08
 R-E   =      0.000  D(R-E) =  0.00000E+00
 dmun  =  0.0E+00      dmup=  0.0E+00
 RQ20t =      -0.0000   dQ =  1.9E-08  L =       0.0000   dL =  0.0E+00  dev =  0.0E+00
 RQ22t =       0.0000   dQ =  4.7E-10  L =       0.0000   dL =  0.0E+00  dev =  0.0E+00
 Jz    =       0.0000   dJZ=  0.0E+00 Om =       0.0000   dO =  0.0E+00  dev =  0.0E+00
--------------------------------------------------------------------------------------
 Iteration =   85
 dt    =   0.0162      mu   =   0.7985 gradn =    0.000E+00 D2H  =    9.448E-07
 E     =  -1635.742    DE   = -0.52517E-08
 R     =  -1635.742    DR   = -0.52517E-08
 R-E   =      0.000  D(R-E) =  0.00000E+00
 dmun  =  0.0E+00      dmup=  0.0E+00
 RQ20t =      -0.0000   dQ =  1.8E-08  L =       0.0000   dL =  0.0E+00  dev =  0.0E+00
 RQ22t =       0.0000   dQ =  4.8E-11  L =       0.0000   dL =  0.0E+00  dev =  0.0E+00
 Jz    =       0.0000   dJZ=  0.0E+00 Om =       0.0000   dO =  0.0E+00  dev =  0.0E+00
--------------------------------------------------------------------------------------
 Iteration =   86
 dt    =   0.0162      mu   =   0.7985 gradn =    0.000E+00 D2H  =    7.667E-07
 E     =  -1635.742    DE   = -0.49585E-08
 R     =  -1635.742    DR   = -0.49585E-08
 R-E   =      0.000  D(R-E) =  0.00000E+00
 dmun  =  0.0E+00      dmup=  0.0E+00
 RQ20t =      -0.0000   dQ =  1.7E-08  L =       0.0000   dL =  0.0E+00  dev =  0.0E+00
 RQ22t =       0.0000   dQ = -3.5E-10  L =       0.0000   dL =  0.0E+00  dev =  0.0E+00
 Jz    =       0.0000   dJZ=  0.0E+00 Om =       0.0000   dO =  0.0E+00  dev =  0.0E+00
--------------------------------------------------------------------------------------
 Iteration =   87
 dt    =   0.0162      mu   =   0.7985 gradn =    0.000E+00 D2H  =    6.204E-07
 E     =  -1635.742    DE   = -0.45431E-08
 R     =  -1635.742    DR   = -0.45431E-08
 R-E   =      0.000  D(R-E) =  0.00000E+00
 dmun  =  0.0E+00      dmup=  0.0E+00
 RQ20t =      -0.0000   dQ =  1.6E-08  L =       0.0000   dL =  0.0E+00  dev =  0.0E+00
 RQ22t =       0.0000   dQ = -7.1E-10  L =       0.0000   dL =  0.0E+00  dev =  0.0E+00
 Jz    =       0.0000   dJZ=  0.0E+00 Om =       0.0000   dO =  0.0E+00  dev =  0.0E+00
--------------------------------------------------------------------------------------
 Iteration =   88
 dt    =   0.0162      mu   =   0.7985 gradn =    0.000E+00 D2H  =    5.043E-07
 E     =  -1635.742    DE   = -0.39834E-08
 R     =  -1635.742    DR   = -0.39834E-08
 R-E   =      0.000  D(R-E) =  0.00000E+00
 dmun  =  0.0E+00      dmup=  0.0E+00
 RQ20t =      -0.0000   dQ =  1.5E-08  L =       0.0000   dL =  0.0E+00  dev =  0.0E+00
 RQ22t =       0.0000   dQ = -1.0E-09  L =       0.0000   dL =  0.0E+00  dev =  0.0E+00
 Jz    =       0.0000   dJZ=  0.0E+00 Om =       0.0000   dO =  0.0E+00  dev =  0.0E+00
--------------------------------------------------------------------------------------
 Iteration =   89
 dt    =   0.0162      mu   =   0.7985 gradn =    0.000E+00 D2H  =    4.152E-07
 E     =  -1635.742    DE   = -0.32720E-08
 R     =  -1635.742    DR   = -0.32720E-08
 R-E   =      0.000  D(R-E) =  0.00000E+00
 dmun  =  0.0E+00      dmup=  0.0E+00
 RQ20t =      -0.0000   dQ =  1.4E-08  L =       0.0000   dL =  0.0E+00  dev =  0.0E+00
 RQ22t =       0.0000   dQ = -1.3E-09  L =       0.0000   dL =  0.0E+00  dev =  0.0E+00
 Jz    =       0.0000   dJZ=  0.0E+00 Om =       0.0000   dO =  0.0E+00  dev =  0.0E+00
--------------------------------------------------------------------------------------
--------------------------------------------------------------------------------------
                              Iteration =    90

--------------------- Hartree-Fock basis-------------------------------------------------------------------
__________________________________________________________________________________________________________
   Neutron wavefunctions
  i     P   Rz   occ          E       d2h    Delta |   JxT    JyT    Jz      J   |   SxT    SyT    Sz
----------------------------------------------------------------------------------------------------------
  1  1.00  1.0  2.0000     -49.951  9.2E-08   0.00 |  -0.50   0.50   0.50   0.50 |  -0.50   0.50   0.50
 36 -1.00  1.0  2.0000     -45.112  3.3E-07   0.00 |  -1.00  -0.50  -1.00   1.50 |  -0.33  -0.17  -0.33
 35 -1.00  1.0  2.0000     -45.112  3.3E-07   0.00 |  -0.00   1.50   0.00   1.50 |   0.00   0.50  -0.00
 37 -1.00  1.0  2.0000     -44.553  1.9E-07   0.00 |   0.50  -0.50   0.50   0.50 |  -0.17   0.17  -0.17
  4  1.00  1.0  2.0000     -39.214  1.7E-07   0.00 |  -0.30   0.66  -1.30   2.50 |  -0.06   0.13  -0.26
  2  1.00  1.0  2.0000     -39.214  1.7E-07   0.00 |  -0.13   0.59   1.66   2.50 |  -0.03   0.12   0.33
  3  1.00  1.0  2.0000     -39.214  1.7E-07   0.00 |  -1.07   0.25   1.15   2.50 |  -0.21   0.05   0.23
  6  1.00  1.0  2.0000     -37.867  1.1E-07   0.00 |   0.25   0.21  -1.46   1.50 |  -0.05  -0.04   0.29
  7  1.00  1.0  2.0000     -37.867  1.1E-07   0.00 |   0.75  -1.21   0.46   1.50 |  -0.15   0.24  -0.09
  5  1.00  1.0  2.0000     -35.669  2.3E-07   0.00 |  -0.50   0.50   0.50   0.50 |  -0.50   0.50   0.50
 39 -1.00  1.0  2.0000     -32.546  2.2E-07   0.00 |  -0.45   2.01   1.19   3.50 |  -0.06   0.29   0.17
 40 -1.00  1.0  2.0000     -32.546  2.2E-07   0.00 |  -0.75  -1.40  -1.16   3.50 |  -0.11  -0.20  -0.17
 41 -1.00  1.0  2.0000     -32.546  2.2E-07   0.00 |  -0.82  -1.31  -2.32   3.50 |  -0.12  -0.19  -0.33
 38 -1.00  1.0  2.0000     -32.546  2.2E-07   0.00 |   0.02   2.70   0.28   3.50 |   0.00   0.39   0.04
 45 -1.00  1.0  2.0000     -30.023  1.2E-07   0.00 |  -0.23  -0.80  -1.39   2.50 |   0.03   0.11   0.20
 46 -1.00  1.0  2.0000     -30.023  1.2E-07   0.00 |  -0.17   0.33   2.33   2.50 |   0.02  -0.05  -0.33
 44 -1.00  1.0  2.0000     -30.023  1.2E-07   0.00 |   1.89  -1.04   0.55   2.50 |  -0.27   0.15  -0.08
 42 -1.00  1.0  2.0000     -27.687  4.8E-07   0.00 |  -1.00  -0.50  -1.00   1.50 |  -0.33  -0.17  -0.33
 43 -1.00  1.0  2.0000     -27.687  4.8E-07   0.00 |  -0.00   1.50   0.00   1.50 |   0.00   0.50  -0.00
 47 -1.00  1.0  2.0000     -26.587  2.8E-07   0.00 |   0.50  -0.50   0.50   0.50 |  -0.17   0.17  -0.17
  9  1.00  1.0  2.0000     -25.319  3.0E-07   0.00 |   2.16  -1.10  -0.39   4.50 |   0.24  -0.12  -0.04
 10  1.00  1.0  2.0000     -25.319  2.7E-07   0.00 |  -1.51   1.49  -1.49   4.50 |  -0.17   0.17  -0.17
 12  1.00  1.0  2.0000     -25.319  2.9E-07   0.00 |  -3.13  -1.02  -0.39   4.50 |  -0.35  -0.11  -0.04
 11  1.00  1.0  2.0000     -25.319  3.1E-07   0.00 |   0.79  -0.30   3.95   4.50 |   0.09  -0.03   0.44
  8  1.00  1.0  2.0000     -25.319  2.9E-07   0.00 |  -0.81   3.42   0.82   4.50 |  -0.09   0.38   0.09
 19  1.00  1.0  2.0000     -21.270  1.3E-07   0.00 |   1.31   1.86   0.01   3.50 |  -0.15  -0.21  -0.00
 16  1.00  1.0  2.0000     -21.270  1.3E-07   0.00 |  -1.05  -2.38  -0.01   3.50 |   0.12   0.26   0.00
 17  1.00  1.0  2.0000     -21.270  1.3E-07   0.00 |   0.48  -2.24   0.43   3.50 |  -0.05   0.25  -0.05
 18  1.00  1.0  2.0000     -21.270  1.3E-07   0.00 |   1.27   0.77  -2.43   3.50 |  -0.14  -0.09   0.27
 14  1.00  1.0  2.0000     -19.649  3.3E-07   0.00 |  -0.43  -1.11  -1.12   2.50 |  -0.09  -0.22  -0.22
 15  1.00  1.0  2.0000     -19.649  3.6E-07   0.00 |  -0.57   1.50   0.77   2.50 |  -0.11   0.30   0.15
 13  1.00  1.0  2.0000     -19.649  3.6E-07   0.00 |  -0.50   1.12   1.86   2.50 |  -0.10   0.22   0.37
 50 -1.00  1.0  2.0000     -17.686  2.9E-07   0.00 |  -1.15   2.98  -1.06   5.50 |  -0.10   0.27  -0.10
 53 -1.00  1.0  2.0000     -17.685  3.6E-07   0.00 |   2.81   0.03   1.33   5.50 |   0.26   0.00   0.12
 51 -1.00  1.0  2.0000     -17.685  3.3E-07   0.00 |  -0.70  -1.89   0.55   5.50 |  -0.06  -0.17   0.05
 48 -1.00  1.0  2.0000     -17.685  3.2E-07   0.00 |  -1.07   4.23   0.94   5.50 |  -0.10   0.38   0.09
 52 -1.00  1.0  2.0000     -17.685  3.5E-07   0.00 |  -2.34  -1.38  -0.23   5.50 |  -0.21  -0.13  -0.02
 49 -1.00  1.0  2.0000     -17.685  3.4E-07   0.00 |  -0.55  -0.97  -4.52   5.50 |  -0.05  -0.09  -0.41
 21  1.00  1.0  2.0000     -17.665  1.7E-07   0.00 |  -0.50  -1.00  -1.00   1.50 |   0.10   0.20   0.20
 22  1.00  1.0  2.0000     -17.665  1.7E-07   0.00 |   1.50   0.00   0.00   1.50 |  -0.30   0.00   0.00
 20  1.00  1.0  2.0000     -17.356  3.8E-07   0.00 |  -0.50   0.50   0.50   0.50 |  -0.50   0.50   0.50
 59 -1.00  1.0  2.0000     -11.873  1.3E-07   0.00 |   2.27  -1.36   0.17   4.50 |  -0.21   0.12  -0.02
 58 -1.00  1.0  2.0000     -11.873  1.4E-07   0.00 |  -0.49  -2.49  -2.16   4.50 |   0.04   0.23   0.20
 62 -1.00  1.0  2.0000     -11.873  1.4E-07   0.00 |   0.13  -1.17   1.48   4.50 |  -0.01   0.11  -0.13
 61 -1.00  1.0  2.0000     -11.873  1.4E-07   0.00 |   0.45   1.82  -0.65   4.50 |  -0.04  -0.17   0.06
 60 -1.00  1.0  2.0000     -11.872  1.5E-07   0.00 |   0.14   0.70   3.65   4.50 |  -0.01  -0.06  -0.33
 55 -1.00  1.0  2.0000     -11.584  3.1E-07   0.00 |  -0.59   0.24  -1.83   3.50 |  -0.08   0.03  -0.26
 56 -1.00  1.0  2.0000     -11.584  3.0E-07   0.00 |  -2.19  -1.10  -0.02   3.50 |  -0.31  -0.16  -0.00
 57 -1.00  1.0  2.0000     -11.584  2.8E-07   0.00 |  -0.95   1.80   1.36   3.50 |  -0.14   0.26   0.19
 54 -1.00  1.0  2.0000     -11.584  2.7E-07   0.00 |   1.73   1.06  -1.52   3.50 |   0.25   0.15  -0.22
 29  1.00  1.0  2.0000      -9.758  4.0E-07   0.00 |  -1.63  -0.64  -3.89   6.50 |  -0.13  -0.05  -0.30
 28  1.00  1.0  2.0000      -9.758  4.1E-07   0.00 |   0.14   2.63   0.52   6.50 |   0.01   0.20   0.04
 24  1.00  1.0  2.0000      -9.758  4.2E-07   0.00 |   0.65  -1.50   2.47   6.50 |   0.05  -0.12   0.19
 25  1.00  1.0  2.0000      -9.758  3.9E-07   0.00 |  -1.23  -3.09   0.83   6.50 |  -0.09  -0.24   0.06
 27  1.00  1.0  2.0000      -9.758  3.9E-07   0.00 |  -0.36   5.16   1.24   6.50 |  -0.03   0.40   0.10
 23  1.00  1.0  2.0000      -9.758  4.1E-07   0.00 |   1.54  -0.17   3.26   6.50 |   0.12  -0.01   0.25
 26  1.00  1.0  2.0000      -9.758  4.1E-07   0.00 |  -2.61   1.13  -0.94   6.50 |  -0.20   0.09  -0.07
 66 -1.00  1.0  2.0000      -8.814  2.1E-06   0.00 |   1.84  -0.47   1.10   2.50 |  -0.26   0.07  -0.16
 65 -1.00  1.0  2.0000      -8.814  1.2E-06   0.00 |  -0.76  -2.03  -0.66   2.50 |   0.11   0.29   0.09
 67 -1.00  1.0  2.0000      -8.814  1.2E-06   0.00 |   0.42   0.99   1.06   2.50 |  -0.06  -0.14  -0.15
 64 -1.00  1.0  2.0000      -8.808  2.3E-06   0.00 |  -1.00  -0.50  -1.00   1.50 |  -0.33  -0.17  -0.33
 63 -1.00  1.0  2.0000      -8.808  2.3E-06   0.00 |   0.00   1.50   0.00   1.50 |  -0.00   0.50  -0.00
 68 -1.00  1.0  2.0000      -7.785  1.8E-07   0.00 |   0.50  -0.50   0.50   0.50 |  -0.17   0.17  -0.17
 30  1.00  1.0  0.0000      -3.611  6.7E-06   0.00 |  -1.61  -1.27  -1.08   4.50 |  -0.18  -0.14  -0.12
 33  1.00  1.0  0.0000      -3.609  6.6E-06   0.00 |  -1.17  -1.76  -2.35   4.50 |  -0.13  -0.20  -0.26
 32  1.00  1.0  0.0000      -3.609  6.9E-06   0.00 |  -0.56   0.24   3.83   4.50 |  -0.06   0.02   0.43
 34 -1.00  1.0  0.0000      -3.608  5.0E-06   0.00 |  -0.47   3.94   0.84   4.50 |  -0.05   0.44   0.09
 31  1.00  1.0  0.0000      -3.608  4.4E-06   0.00 |   1.31   1.34   1.25   4.50 |   0.15   0.15   0.14
 69 -1.00  1.0  0.0000      -1.619  4.8E-07   0.00 |  -4.25  -1.98  -1.53   7.50 |  -0.28  -0.13  -0.10
 70  1.00  1.0  0.0000      -1.619  5.0E-07   0.00 |   3.08   1.94  -1.67   7.50 |   0.21   0.13  -0.11
__________________________________________________________________________________________________________
   Proton  wavefunctions
  i     P   Rz   occ          E       d2h    Delta |   JxT    JyT    Jz      J   |   SxT    SyT    Sz
----------------------------------------------------------------------------------------------------------
 71  1.00  1.0  2.0000     -40.382  2.6E-07   0.00 |  -0.50   0.50   0.50   0.50 |  -0.50   0.50   0.50
 98 -1.00  1.0  2.0000     -35.872  2.2E-07   0.00 |  -1.00  -0.50  -1.00   1.50 |  -0.33  -0.17  -0.33
 97 -1.00  1.0  2.0000     -35.872  2.1E-07   0.00 |  -0.00   1.50   0.00   1.50 |   0.00   0.50  -0.00
 99 -1.00  1.0  2.0000     -35.321  1.3E-07   0.00 |   0.50  -0.50   0.50   0.50 |  -0.17   0.17  -0.17
 74  1.00  1.0  2.0000     -30.219  1.7E-07   0.00 |  -0.78   0.01  -1.35   2.50 |  -0.16   0.00  -0.27
 72  1.00  1.0  2.0000     -30.219  1.6E-07   0.00 |   0.42   0.06   2.00   2.50 |   0.08   0.01   0.40
 73  1.00  1.0  2.0000     -30.219  1.5E-07   0.00 |  -1.14   1.43   0.85   2.50 |  -0.23   0.29   0.17
 75  1.00  1.0  2.0000     -28.878  1.3E-07   0.00 |  -0.25  -0.31  -1.45   1.50 |   0.05   0.06   0.29
 76  1.00  1.0  2.0000     -28.878  1.3E-07   0.00 |   1.25  -0.69   0.45   1.50 |  -0.25   0.14  -0.09
 77  1.00  1.0  2.0000     -26.157  2.7E-07   0.00 |  -0.50   0.50   0.50   0.50 |  -0.50   0.50   0.50
101 -1.00  1.0  2.0000     -23.766  2.5E-07   0.00 |   0.59  -0.72   2.24   3.50 |   0.08  -0.10   0.32
100 -1.00  1.0  2.0000     -23.766  2.4E-07   0.00 |  -0.31   0.19  -2.99   3.50 |  -0.04   0.03  -0.43
102 -1.00  1.0  2.0000     -23.766  2.3E-07   0.00 |  -2.47  -0.93  -1.06   3.50 |  -0.35  -0.13  -0.15
103 -1.00  1.0  2.0000     -23.766  2.3E-07   0.00 |   0.19   3.46  -0.19   3.50 |   0.03   0.49  -0.03
105 -1.00  1.0  2.0000     -21.269  2.1E-07   0.00 |   0.01   0.95  -1.20   2.50 |  -0.00  -0.14   0.17
104 -1.00  1.0  2.0000     -21.268  1.8E-07   0.00 |   0.55  -0.48   2.27   2.50 |  -0.08   0.07  -0.32
106 -1.00  1.0  2.0000     -21.268  1.8E-07   0.00 |   0.94  -1.97   0.43   2.50 |  -0.13   0.28  -0.06
108 -1.00  1.0  2.0000     -18.452  2.6E-07   0.00 |   0.37   0.50  -1.37   1.50 |   0.12   0.17  -0.46
107 -1.00  1.0  2.0000     -18.452  2.6E-07   0.00 |  -1.37   0.50   0.37   1.50 |  -0.46   0.17   0.12
109 -1.00  1.0  2.0000     -17.443  2.1E-07   0.00 |   0.50  -0.50   0.50   0.50 |  -0.17   0.17  -0.17
 78  1.00  1.0  2.0000     -16.727  3.8E-07   0.00 |   1.81   1.37   1.21   4.50 |   0.20   0.15   0.13
 81  1.00  1.0  2.0000     -16.727  3.9E-07   0.00 |  -2.39  -2.27  -0.68   4.50 |  -0.27  -0.25  -0.08
 82  1.00  1.0  2.0000     -16.727  3.9E-07   0.00 |  -2.24  -1.09  -2.08   4.50 |  -0.25  -0.12  -0.23
 79  1.00  1.0  2.0000     -16.727  3.9E-07   0.00 |  -0.04   0.33   4.10   4.50 |  -0.00   0.04   0.46
 80  1.00  1.0  2.0000     -16.727  4.0E-07   0.00 |   0.35   4.16  -0.05   4.50 |   0.04   0.46  -0.01
 86  1.00  1.0  2.0000     -12.769  3.3E-07   0.00 |   0.66   2.07   0.70   3.50 |  -0.07  -0.23  -0.08
 83  1.00  1.0  2.0000     -12.769  3.3E-07   0.00 |  -0.99  -2.57  -0.86   3.50 |   0.11   0.29   0.10
 84  1.00  1.0  2.0000     -12.769  3.3E-07   0.00 |   2.98  -0.43   0.88   3.50 |  -0.33   0.05  -0.10
 85  1.00  1.0  2.0000     -12.769  3.2E-07   0.00 |  -0.65  -1.07  -2.72   3.50 |   0.07   0.12   0.30
 87  1.00  1.0  2.0000     -10.543  2.6E-07   0.00 |  -0.46  -1.29  -0.89   2.50 |  -0.09  -0.26  -0.18
 89  1.00  1.0  2.0000     -10.543  2.5E-07   0.00 |  -0.33   2.32   0.22   2.50 |  -0.07   0.46   0.04
 88  1.00  1.0  2.0000     -10.543  2.4E-07   0.00 |  -0.71   0.47   2.18   2.50 |  -0.14   0.09   0.44
111 -1.00  1.0  2.0000      -9.240  4.9E-07   0.00 |   0.27   1.75   2.85   5.50 |   0.02   0.16   0.26
114 -1.00  1.0  2.0000      -9.240  5.5E-07   0.00 |  -2.08  -0.89  -1.24   5.50 |  -0.19  -0.08  -0.11
115 -1.00  1.0  2.0000      -9.240  5.5E-07   0.00 |   3.22   0.85  -0.02   5.50 |   0.29   0.08  -0.00
112 -1.00  1.0  2.0000      -9.240  5.1E-07   0.00 |  -1.43  -0.87  -2.74   5.50 |  -0.13  -0.08  -0.25
113 -1.00  1.0  2.0000      -9.240  5.1E-07   0.00 |  -1.37   3.29   1.55   5.50 |  -0.12   0.30   0.14
110 -1.00  1.0  2.0000      -9.240  5.6E-07   0.00 |  -1.61  -1.13  -3.40   5.50 |  -0.15  -0.10  -0.31
 90  1.00  1.0  2.0000      -8.780  2.9E-07   0.00 |  -0.50  -1.00  -1.00   1.50 |   0.10   0.20   0.20
 91  1.00  1.0  2.0000      -8.780  2.9E-07   0.00 |   1.50   0.00   0.00   1.50 |  -0.30   0.00   0.00
 92  1.00  1.0  2.0000      -7.967  3.9E-07   0.00 |  -0.50   0.50   0.50   0.50 |  -0.50   0.50   0.50
116 -1.00  1.0  0.0000      -3.651  5.3E-07   0.00 |  -0.00  -1.51  -2.67   4.50 |   0.00   0.14   0.24
117 -1.00  1.0  0.0000      -3.651  5.3E-07   0.00 |  -0.57   0.93   2.51   4.50 |   0.05  -0.08  -0.23
118 -1.00  1.0  0.0000      -3.651  5.1E-07   0.00 |  -1.00   1.54  -0.39   4.50 |   0.09  -0.14   0.04
120 -1.00  1.0  0.0000      -3.651  5.2E-07   0.00 |   2.19  -0.98   2.27   4.50 |  -0.20   0.09  -0.21
119 -1.00  1.0  0.0000      -3.650  5.0E-07   0.00 |   1.88  -2.49   0.78   4.50 |  -0.17   0.23  -0.07
 95  1.00  1.0  0.0000      -1.382  7.6E-07   0.00 |  -1.39  -3.75  -1.93   6.50 |  -0.11  -0.29  -0.15
 96 -1.00  1.0  0.0000      -1.382  7.3E-07   0.00 |  -0.06   2.44   3.62   6.50 |  -0.00   0.19   0.28
 94  1.00  1.0  0.0000      -1.382  7.6E-07   0.00 |  -0.21   2.42   2.10   6.50 |  -0.02   0.19   0.16
 93  1.00  1.0  0.0000      -1.382  7.4E-07   0.00 |  -3.63   2.24   1.22   6.50 |  -0.28   0.17   0.09
----------------------------------------------------------------------------------------------------------
------------------------ Electric Multipole Moments -------------------------
Quantisation Axis             : Z
  With secondary axis ordering: X,Y
  Calculated wrt to COM = (   0.000   0.000   0.000)
______________________________________________________________________________
                   Neutrons        Protons          Charge         Total
______________________________________________________________________________
 Particles          126.0000         82.0000         82.0001        208.0000

Re  Q_{ 2 0}         -0.0000         -0.0000         -0.0000         -0.0000
Re  Q_{ 2 2}          0.0000          0.0000          0.0000          0.0000

Re  Q_{ 4 0}         15.0347         -1.1793          0.8414         13.8555
Re  Q_{ 4 2}          0.0000          0.0000          0.0000          0.0000
Re  Q_{ 4 4}          8.9850         -0.7047          0.5028          8.2803

Re  Q_{ 6 0}        245.1421        -10.6044          6.5815        234.5377
Re  Q_{ 6 2}         -0.0000         -0.0000         -0.0000         -0.0000
Re  Q_{ 6 4}       -458.6192         19.8387        -12.3131       -438.7805
Re  Q_{ 6 6}          0.0000          0.0000          0.0000          0.0000

Re  Q_{ 8 0}      44195.9103      -2538.8057       1422.3817      41657.1047
Re  Q_{ 8 2}          0.0002         -0.0001         -0.0002          0.0000
Re  Q_{ 8 4}      16619.9059       -954.7192        534.8882      15665.1867
Re  Q_{ 8 6}         -0.0004          0.0000         -0.0000         -0.0004
Re  Q_{ 8 8}      25322.4779      -1454.6309        814.9699      23867.8469

Re  Q_{10 0}     798713.6845     -19652.0228      -2444.9186     779061.6617
Re  Q_{10 2}          0.2534         -0.0178         -0.0132          0.2356
Re  Q_{10 4}    -804834.1231      19802.6515       2463.6898    -785031.4716
Re  Q_{10 6}          0.0483          0.0259          0.0282          0.0741
Re  Q_{10 8}    -957944.2421      23569.7881       2932.2949    -934374.4540
Re  Q_{1010}         -0.0914          0.0114          0.0096         -0.0800

 RMS radius           5.5856          5.4446          5.4958          5.5304
 Fourth mom.          5.9487          5.7663          5.8367          5.8789
______________________________________________________________________________
                   Neutrons        Protons          Charge         Total
______________________________________________________________________________

Beta_{ 2 0}      -0.00000000     -0.00000000     -0.00000000     -0.00000000
Beta_{ 2 2}       0.00000000      0.00000000      0.00000000      0.00000000

Beta_{ 4 0}       0.00011848     -0.00000929      0.00000663      0.00010919
Beta_{ 4 2}       0.00000000      0.00000000      0.00000000      0.00000000
Beta_{ 4 4}       0.00007081     -0.00000555      0.00000396      0.00006525

Beta_{ 6 0}       0.00003821     -0.00000165      0.00000103      0.00003656
Beta_{ 6 2}      -0.00000000     -0.00000000     -0.00000000     -0.00000000
Beta_{ 6 4}      -0.00007149      0.00000309     -0.00000192     -0.00006840
Beta_{ 6 6}       0.00000000      0.00000000      0.00000000      0.00000000

Beta_{ 8 0}       0.00013629     -0.00000783      0.00000439      0.00012846
Beta_{ 8 2}       0.00000000     -0.00000000     -0.00000000      0.00000000
Beta_{ 8 4}       0.00005125     -0.00000294      0.00000165      0.00004831
Beta_{ 8 6}      -0.00000000      0.00000000     -0.00000000     -0.00000000
Beta_{ 8 8}       0.00007809     -0.00000449      0.00000251      0.00007360

Beta_{10 0}       0.00004872     -0.00000120     -0.00000015      0.00004752
Beta_{10 2}       0.00000000     -0.00000000     -0.00000000      0.00000000
Beta_{10 4}      -0.00004910      0.00000121      0.00000015     -0.00004789
Beta_{10 6}       0.00000000      0.00000000      0.00000000      0.00000000
Beta_{10 8}      -0.00005844      0.00000144      0.00000018     -0.00005700
Beta_{1010}      -0.00000000      0.00000000      0.00000000     -0.00000000


______________________________________________________________________________
                   Neutrons        Protons          Charge         Total
______________________________________________________________________________
Q_{ 2}                0.0000          0.0000          0.0000          0.0000
Q_{ 4}               19.6851          1.5440          1.1016         18.1411
Q_{ 6}              693.3670         29.9934         18.6156        663.3736
Q_{ 8}            61548.1665       3535.5925       1980.8413      58012.5741
Q_{10}          1941333.0016      47765.6973       5942.5473    1893567.3044
______________________________________________________________________________
                   Neutrons        Protons          Charge         Total
______________________________________________________________________________
Beta_{   2}       0.00000000      0.00000000      0.00000000      0.00000000
Beta_{   4}       0.00015513      0.00001217      0.00000868      0.00014296
Beta_{   6}       0.00010809      0.00000468      0.00000290      0.00010341
Beta_{   8}       0.00018980      0.00001090      0.00000611      0.00017889
Beta_{  10}       0.00011842      0.00000291      0.00000036      0.00011551
______________________________________________________________________________
 Cart. Moments X              Y              Z
 Cart. N        0.0000025      0.0000023     -0.0000048
 Cart. P        0.0000025      0.0000024     -0.0000048
 Cart. T        0.0000050      0.0000047     -0.0000096
 (Q, gamma)    Q              Gamma
 (Q,g) N        0.0000048    178.5378056
 (Q,g) P        0.0000048    179.3330032
 (Q,g) T        0.0000096    178.9376398
 (iq1, iq2)    iq1            iq2
 iq    N       -0.0000049      0.0000001
 iq    P       -0.0000049      0.0000001
 iq    T       -0.0000097      0.0000002
               X^2            Y^2            Z^2
 X^2_i N     1310.3458821   1310.3458820   1310.3458797
 X^2_i P      810.2490102    810.2490102    810.2490078
 X^2_i T     2120.5948923   2120.5948922   2120.5948875
----------------------------------------------------------------------------
----------------------- Box Size Check -------------------------
 Xmax = (nx+0.5)dx = 12.250 fm,  max(rho(X=Xmax)) =    1.088E-05
 Ymax = (ny+0.5)dx = 12.250 fm,  max(rho(Y=Ymax)) =    1.088E-05
 Zmax = (nz+0.5)dx = 12.250 fm,  max(rho(Z=Zmax)) =    1.088E-05
---------------------Rotational properties--------------------
                Rigid rotor          (hbar^2/MeV)
              n              p              t 
 I_R X      63.1933012     39.0754155    102.2687167
 I_R Y      63.1933012     39.0754155    102.2687167
 I_R Z      63.1933013     39.0754155    102.2687168

                Belyaev                 (hbar^2/MeV) 
              n              p              t 
 I_B X       0.0000003      0.0000000      0.0000004
 I_B Y       0.0000003      0.0000000      0.0000003
 I_B Z       0.0000003      0.0000000      0.0000004

                Belyaev (collective)    (hbar^2/MeV) 
              n              p              t 
 I_B X       0.0000000      0.0000000      0.0000000
 I_B Y       0.0000000      0.0000000      0.0000000
 I_B Z       0.0000000      0.0000000      0.0000000

                 <J^2> - <J>^2          (hbar^2)
              n              p              t 
 J2_X        0.0000012      0.0000001      0.0000013
 J2_Y        0.0000010      0.0000001      0.0000011
 J2_Z        0.0000013      0.0000001      0.0000014
 J2_t        0.0000035      0.0000003      0.0000038

                 <J^2> - <J>^2 (coll.)  (hbar^2)
              n              p              t 
 J2_X        0.0000000      0.0000000      0.0000000
 J2_Y        0.0000000      0.0000000      0.0000000
 J2_Z        0.0000000      0.0000000      0.0000000
 J2_t        0.0000000      0.0000000      0.0000000
------------------------- Angular Momentum (hbar) --------------------------

               Spwfs(*)    Desired     Omega       E (MeV)      Densit. 
  __________________________________________________________________________
   J_x   |     0.00000     0.00000     0.00000     0.00000     0.00000
   J_y   |     0.00000     0.00000     0.00000     0.00000     0.00000
   J_z   |     0.00000     0.00000     0.00000     0.00000     0.00000
  __________________________________________________________________________
   Size  |     0.00000     0.00000     0.00000                 0.00000
  --------------------------------------------------------------------------
--------------------------------------------------------------------------------
 Skyrme Energy                Isospin  1 2 3 4                   Energy [MeV]
--------------------------------------------------------------------------------
E_D_I_I_D_I_I                          0 0                     -17357.647167
E_D_I_I_D_I_I                          1 1                        418.238592
E_D_I_I_D_I_I_D_I_I                    0 0 0                     9922.741001
E_D_I_I_D_I_I_D_I_I                    0 1 1                     -277.715764
E_D_I_I_D_Nm_Nm                        0 0                        761.152068
E_D_I_I_D_Nm_Nm                        1 1                        -26.082157
E_D_I_I_Lap_D_I_I                      0 0                        271.312255
E_D_I_I_Lap_D_I_I                      1 1                         -0.095466
E_C_I_NmSk_C_I_NmSk                    0 0                         -0.000000
E_C_I_NmSk_C_I_NmSk                    1 1                         -0.000000
E_D_I_I_D_I_I_D_Nm_Nm                  0 0 0                        0.000000
E_D_I_I_D_I_I_D_Nm_Nm                  0 1 1                       -0.000000
E_D_I_I_D_I_I_D_Nm_Nm                  0 0 0                        0.000000
E_D_I_I_D_I_I_D_Nm_Nm                  0 1 1                        0.000000
E_D_I_I_Derm_D_I_I_Derm_D_I_I          0 0 0                        0.000000
E_D_I_I_Derm_D_I_I_Derm_D_I_I          0 1 1                       -0.000000
E_D_I_I_Derm_D_I_I_Derm_D_I_I          0 0 0                       -0.000000
E_D_I_I_Derm_D_I_I_Derm_D_I_I          0 1 1                       -0.000000
E_D_I_I_Derm_D_I_I_D_I_I_Derm_D_I_I    0 0 0 0                      0.000000
E_D_I_I_Derm_D_I_I_D_I_I_Derm_D_I_I    0 0 1 1                     -0.000000
E_D_I_I_Derm_C_I_NxmSxm                0 0                        -93.040190
E_D_I_I_Derm_C_I_NxmSxm                1 1                         -0.822213
E_DP_I_I_DP_I_I                        n n                         -0.000000
E_DP_I_I_DP_I_I                        p p                         -0.000000
E_D_I_I_DP_I_I_DP_I_I                  0 n n                        0.000000
E_D_I_I_DP_I_I_DP_I_I                  0 p p                        0.000000
--------------------------------------------------------------------------------
                 Total Skyrme:                                  -6381.959042
--------------------------------------------------------------------------------
                    time-even:                                  -6381.959042
                    time-odd :                                      0.000000
                    bilinear :                                 -16026.984278
                    trilinear:                                      0.000000
                 quadrilinear:                                      0.000000
            density-dependent:                                   9645.025237
--------------------------------------------------------------------------------
--------------------------------------------------------------------------------
                                     neutron        proton         total
                Kinetic Energy:    2572.822821    1356.734569    3929.557390
                    COM 1-body:     -12.369340      -6.522762     -18.892103
                    COM 2-body:       8.734549       4.166170      12.900719
                            ph:       8.734549       4.166170      12.900719
                            pp:       0.000000       0.000000       0.000000

                Coulomb Direct:       0.000000     822.650857     822.650857
                  Dir. (point):       0.000000     826.078634     826.078634
                      Exchange:       0.000000       0.000000       0.000000
                  Exc. (point):       0.000000       0.000000       0.000000

               Pairing (delta):       0.000000       0.000000       0.000000
               Pairing (densi):                                     0.000000
--------------------------------------------------------------------------------
                  Total energy:                                 -1635.742179
                    from spwfs:                                 -1632.314548
                   E_fu - E_sp:                                -0.342763E+01
                      Routhian:                                 -1635.742179
                         dE   :                                 0.148253E-03
                         dR   :                                 0.148253E-03
--------------------------------------------------------------------------------
 Iteration =   91
 dt    =   0.0162      mu   =   0.7985 gradn =    0.000E+00 D2H  =    2.978E-07
 E     =  -1635.742    DE   = -0.15660E-08
 R     =  -1635.742    DR   = -0.15660E-08
 R-E   =      0.000  D(R-E) =  0.00000E+00
 dmun  =  0.0E+00      dmup=  0.0E+00
 RQ20t =      -0.0000   dQ =  1.2E-08  L =       0.0000   dL =  0.0E+00  dev =  0.0E+00
 RQ22t =       0.0000   dQ = -1.7E-09  L =       0.0000   dL =  0.0E+00  dev =  0.0E+00
 Jz    =       0.0000   dJZ=  0.0E+00 Om =       0.0000   dO =  0.0E+00  dev =  0.0E+00
--------------------------------------------------------------------------------------
 Iteration =   92
 dt    =   0.0162      mu   =   0.7985 gradn =    0.000E+00 D2H  =    2.586E-07
 E     =  -1635.742    DE   = -0.64377E-09
 R     =  -1635.742    DR   = -0.64377E-09
 R-E   =      0.000  D(R-E) =  0.00000E+00
 dmun  =  0.0E+00      dmup=  0.0E+00
 RQ20t =      -0.0000   dQ =  1.2E-08  L =       0.0000   dL =  0.0E+00  dev =  0.0E+00
 RQ22t =       0.0000   dQ = -1.8E-09  L =       0.0000   dL =  0.0E+00  dev =  0.0E+00
 Jz    =       0.0000   dJZ=  0.0E+00 Om =       0.0000   dO =  0.0E+00  dev =  0.0E+00
--------------------------------------------------------------------------------------
 Iteration =   93
 dt    =   0.0162      mu   =   0.7985 gradn =    0.000E+00 D2H  =    2.264E-07
 E     =  -1635.742    DE   =  0.23697E-09
 R     =  -1635.742    DR   =  0.23697E-09
 R-E   =      0.000  D(R-E) =  0.00000E+00
 dmun  =  0.0E+00      dmup=  0.0E+00
 RQ20t =      -0.0000   dQ =  1.1E-08  L =       0.0000   dL =  0.0E+00  dev =  0.0E+00
 RQ22t =       0.0000   dQ = -1.9E-09  L =       0.0000   dL =  0.0E+00  dev =  0.0E+00
 Jz    =       0.0000   dJZ=  0.0E+00 Om =       0.0000   dO =  0.0E+00  dev =  0.0E+00
--------------------------------------------------------------------------------------
 Iteration =   94
 dt    =   0.0162      mu   =   0.7985 gradn =    0.000E+00 D2H  =    1.989E-07
 E     =  -1635.742    DE   =  0.96132E-09
 R     =  -1635.742    DR   =  0.96132E-09
 R-E   =      0.000  D(R-E) =  0.00000E+00
 dmun  =  0.0E+00      dmup=  0.0E+00
 RQ20t =      -0.0000   dQ =  1.1E-08  L =       0.0000   dL =  0.0E+00  dev =  0.0E+00
 RQ22t =       0.0000   dQ = -1.9E-09  L =       0.0000   dL =  0.0E+00  dev =  0.0E+00
 Jz    =       0.0000   dJZ=  0.0E+00 Om =       0.0000   dO =  0.0E+00  dev =  0.0E+00
--------------------------------------------------------------------------------------
 Iteration =   95
 dt    =   0.0162      mu   =   0.7985 gradn =    0.000E+00 D2H  =    1.754E-07
 E     =  -1635.742    DE   =  0.14967E-08
 R     =  -1635.742    DR   =  0.14967E-08
 R-E   =      0.000  D(R-E) =  0.00000E+00
 dmun  =  0.0E+00      dmup=  0.0E+00
 RQ20t =      -0.0000   dQ =  1.0E-08  L =       0.0000   dL =  0.0E+00  dev =  0.0E+00
 RQ22t =       0.0000   dQ = -1.9E-09  L =       0.0000   dL =  0.0E+00  dev =  0.0E+00
 Jz    =       0.0000   dJZ=  0.0E+00 Om =       0.0000   dO =  0.0E+00  dev =  0.0E+00
--------------------------------------------------------------------------------------
 Iteration =   96
 dt    =   0.0162      mu   =   0.7985 gradn =    0.000E+00 D2H  =    1.560E-07
 E     =  -1635.742    DE   =  0.17898E-08
 R     =  -1635.742    DR   =  0.17898E-08
 R-E   =      0.000  D(R-E) =  0.00000E+00
 dmun  =  0.0E+00      dmup=  0.0E+00
 RQ20t =      -0.0000   dQ =  1.0E-08  L =       0.0000   dL =  0.0E+00  dev =  0.0E+00
 RQ22t =       0.0000   dQ = -1.9E-09  L =       0.0000   dL =  0.0E+00  dev =  0.0E+00
 Jz    =       0.0000   dJZ=  0.0E+00 Om =       0.0000   dO =  0.0E+00  dev =  0.0E+00
--------------------------------------------------------------------------------------
 Iteration =   97
 dt    =   0.0162      mu   =   0.7985 gradn =    0.000E+00 D2H  =    1.409E-07
 E     =  -1635.742    DE   =  0.18339E-08
 R     =  -1635.742    DR   =  0.18339E-08
 R-E   =      0.000  D(R-E) =  0.00000E+00
 dmun  =  0.0E+00      dmup=  0.0E+00
 RQ20t =      -0.0000   dQ =  9.9E-09  L =       0.0000   dL =  0.0E+00  dev =  0.0E+00
 RQ22t =       0.0000   dQ = -1.8E-09  L =       0.0000   dL =  0.0E+00  dev =  0.0E+00
 Jz    =       0.0000   dJZ=  0.0E+00 Om =       0.0000   dO =  0.0E+00  dev =  0.0E+00
--------------------------------------------------------------------------------------
 Iteration =   98
 dt    =   0.0162      mu   =   0.7985 gradn =    0.000E+00 D2H  =    1.298E-07
 E     =  -1635.742    DE   =  0.16710E-08
 R     =  -1635.742    DR   =  0.16710E-08
 R-E   =      0.000  D(R-E) =  0.00000E+00
 dmun  =  0.0E+00      dmup=  0.0E+00
 RQ20t =      -0.0000   dQ =  9.8E-09  L =       0.0000   dL =  0.0E+00  dev =  0.0E+00
 RQ22t =       0.0000   dQ = -1.8E-09  L =       0.0000   dL =  0.0E+00  dev =  0.0E+00
 Jz    =       0.0000   dJZ=  0.0E+00 Om =       0.0000   dO =  0.0E+00  dev =  0.0E+00
--------------------------------------------------------------------------------------
 Iteration =   99
 dt    =   0.0162      mu   =   0.7985 gradn =    0.000E+00 D2H  =    1.219E-07
 E     =  -1635.742    DE   =  0.13366E-08
 R     =  -1635.742    DR   =  0.13366E-08
 R-E   =      0.000  D(R-E) =  0.00000E+00
 dmun  =  0.0E+00      dmup=  0.0E+00
 RQ20t =      -0.0000   dQ =  9.6E-09  L =       0.0000   dL =  0.0E+00  dev =  0.0E+00
 RQ22t =       0.0000   dQ = -1.7E-09  L =       0.0000   dL =  0.0E+00  dev =  0.0E+00
 Jz    =       0.0000   dJZ=  0.0E+00 Om =       0.0000   dO =  0.0E+00  dev =  0.0E+00
--------------------------------------------------------------------------------------
--------------------------------------------------------------------------------------
                              Iteration =   100

--------------------- Hartree-Fock basis-------------------------------------------------------------------
__________________________________________________________________________________________________________
   Neutron wavefunctions
  i     P   Rz   occ          E       d2h    Delta |   JxT    JyT    Jz      J   |   SxT    SyT    Sz
----------------------------------------------------------------------------------------------------------
  1  1.00  1.0  2.0000     -49.951  2.5E-08   0.00 |  -0.50   0.50   0.50   0.50 |  -0.50   0.50   0.50
 36 -1.00  1.0  2.0000     -45.112  2.7E-08   0.00 |  -1.00  -0.50  -1.00   1.50 |  -0.33  -0.17  -0.33
 35 -1.00  1.0  2.0000     -45.112  2.7E-08   0.00 |  -0.00   1.50   0.00   1.50 |   0.00   0.50  -0.00
 37 -1.00  1.0  2.0000     -44.553  2.0E-08   0.00 |   0.50  -0.50   0.50   0.50 |  -0.17   0.17  -0.17
  4  1.00  1.0  2.0000     -39.214  2.9E-08   0.00 |  -0.30   0.66  -1.30   2.50 |  -0.06   0.13  -0.26
  2  1.00  1.0  2.0000     -39.214  2.9E-08   0.00 |  -0.13   0.59   1.66   2.50 |  -0.03   0.12   0.33
  3  1.00  1.0  2.0000     -39.214  2.9E-08   0.00 |  -1.07   0.25   1.15   2.50 |  -0.21   0.05   0.23
  6  1.00  1.0  2.0000     -37.867  1.5E-08   0.00 |   0.25   0.21  -1.46   1.50 |  -0.05  -0.04   0.29
  7  1.00  1.0  2.0000     -37.867  1.5E-08   0.00 |   0.75  -1.21   0.46   1.50 |  -0.15   0.24  -0.09
  5  1.00  1.0  2.0000     -35.669  4.7E-08   0.00 |  -0.50   0.50   0.50   0.50 |  -0.50   0.50   0.50
 39 -1.00  1.0  2.0000     -32.546  2.7E-08   0.00 |  -0.45   2.01   1.19   3.50 |  -0.06   0.29   0.17
 40 -1.00  1.0  2.0000     -32.546  2.9E-08   0.00 |  -0.75  -1.40  -1.16   3.50 |  -0.11  -0.20  -0.17
 41 -1.00  1.0  2.0000     -32.546  2.8E-08   0.00 |  -0.82  -1.31  -2.32   3.50 |  -0.12  -0.19  -0.33
 38 -1.00  1.0  2.0000     -32.546  2.8E-08   0.00 |   0.02   2.70   0.28   3.50 |   0.00   0.39   0.04
 45 -1.00  1.0  2.0000     -30.023  1.6E-08   0.00 |  -0.23  -0.79  -1.39   2.50 |   0.03   0.11   0.20
 46 -1.00  1.0  2.0000     -30.023  1.6E-08   0.00 |  -0.17   0.33   2.33   2.50 |   0.02  -0.05  -0.33
 44 -1.00  1.0  2.0000     -30.023  1.4E-08   0.00 |   1.89  -1.04   0.55   2.50 |  -0.27   0.15  -0.08
 42 -1.00  1.0  2.0000     -27.687  5.1E-08   0.00 |  -1.00  -0.50  -1.00   1.50 |  -0.33  -0.17  -0.33
 43 -1.00  1.0  2.0000     -27.687  5.1E-08   0.00 |  -0.00   1.50   0.00   1.50 |   0.00   0.50  -0.00
 47 -1.00  1.0  2.0000     -26.587  3.4E-08   0.00 |   0.50  -0.50   0.50   0.50 |  -0.17   0.17  -0.17
  9  1.00  1.0  2.0000     -25.319  3.6E-08   0.00 |   2.16  -1.10  -0.39   4.50 |   0.24  -0.12  -0.04
 10  1.00  1.0  2.0000     -25.319  3.3E-08   0.00 |  -1.51   1.49  -1.49   4.50 |  -0.17   0.17  -0.17
 12  1.00  1.0  2.0000     -25.319  3.5E-08   0.00 |  -3.13  -1.02  -0.39   4.50 |  -0.35  -0.11  -0.04
 11  1.00  1.0  2.0000     -25.319  3.6E-08   0.00 |   0.79  -0.30   3.95   4.50 |   0.09  -0.03   0.44
  8  1.00  1.0  2.0000     -25.319  3.3E-08   0.00 |  -0.81   3.42   0.82   4.50 |  -0.09   0.38   0.09
 19  1.00  1.0  2.0000     -21.270  2.2E-08   0.00 |   1.31   1.86   0.01   3.50 |  -0.15  -0.21  -0.00
 16  1.00  1.0  2.0000     -21.270  2.0E-08   0.00 |  -1.05  -2.38  -0.01   3.50 |   0.12   0.26   0.00
 17  1.00  1.0  2.0000     -21.270  1.7E-08   0.00 |   0.48  -2.24   0.43   3.50 |  -0.05   0.25  -0.05
 18  1.00  1.0  2.0000     -21.270  1.8E-08   0.00 |   1.27   0.77  -2.43   3.50 |  -0.14  -0.09   0.27
 14  1.00  1.0  2.0000     -19.649  5.9E-08   0.00 |  -0.43  -1.11  -1.12   2.50 |  -0.09  -0.22  -0.22
 15  1.00  1.0  2.0000     -19.649  6.4E-08   0.00 |  -0.57   1.50   0.77   2.50 |  -0.11   0.30   0.15
 13  1.00  1.0  2.0000     -19.649  5.9E-08   0.00 |  -0.50   1.12   1.86   2.50 |  -0.10   0.22   0.37
 50 -1.00  1.0  2.0000     -17.686  4.1E-08   0.00 |  -1.15   2.98  -1.06   5.50 |  -0.10   0.27  -0.10
 53 -1.00  1.0  2.0000     -17.686  4.6E-08   0.00 |   2.81   0.03   1.33   5.50 |   0.26   0.00   0.12
 51 -1.00  1.0  2.0000     -17.686  4.6E-08   0.00 |  -0.70  -1.89   0.55   5.50 |  -0.06  -0.17   0.05
 48 -1.00  1.0  2.0000     -17.685  4.5E-08   0.00 |  -1.07   4.23   0.94   5.50 |  -0.10   0.38   0.09
 52 -1.00  1.0  2.0000     -17.685  4.6E-08   0.00 |  -2.34  -1.38  -0.23   5.50 |  -0.21  -0.13  -0.02
 49 -1.00  1.0  2.0000     -17.685  4.4E-08   0.00 |  -0.55  -0.97  -4.52   5.50 |  -0.05  -0.09  -0.41
 21  1.00  1.0  2.0000     -17.665  2.6E-08   0.00 |  -0.50  -1.00  -1.00   1.50 |   0.10   0.20   0.20
 22  1.00  1.0  2.0000     -17.665  2.6E-08   0.00 |   1.50   0.00   0.00   1.50 |  -0.30   0.00   0.00
 20  1.00  1.0  2.0000     -17.356  5.4E-08   0.00 |  -0.50   0.50   0.50   0.50 |  -0.50   0.50   0.50
 59 -1.00  1.0  2.0000     -11.873  2.3E-08   0.00 |   2.27  -1.36   0.17   4.50 |  -0.21   0.12  -0.02
 58 -1.00  1.0  2.0000     -11.873  3.2E-08   0.00 |  -0.49  -2.49  -2.16   4.50 |   0.04   0.23   0.20
 62 -1.00  1.0  2.0000     -11.873  3.2E-08   0.00 |   0.13  -1.17   1.48   4.50 |  -0.01   0.11  -0.13
 61 -1.00  1.0  2.0000     -11.873  3.2E-08   0.00 |   0.45   1.82  -0.65   4.50 |  -0.04  -0.17   0.06
 60 -1.00  1.0  2.0000     -11.872  3.5E-08   0.00 |   0.14   0.70   3.65   4.50 |  -0.01  -0.06  -0.33
 55 -1.00  1.0  2.0000     -11.584  7.8E-08   0.00 |  -0.59   0.24  -1.83   3.50 |  -0.08   0.03  -0.26
 56 -1.00  1.0  2.0000     -11.584  6.9E-08   0.00 |  -2.19  -1.10  -0.02   3.50 |  -0.31  -0.16  -0.00
 57 -1.00  1.0  2.0000     -11.584  4.7E-08   0.00 |  -0.95   1.80   1.36   3.50 |  -0.14   0.26   0.19
 54 -1.00  1.0  2.0000     -11.584  4.4E-08   0.00 |   1.73   1.06  -1.52   3.50 |   0.25   0.15  -0.22
 29  1.00  1.0  2.0000      -9.758  4.9E-08   0.00 |  -1.63  -0.64  -3.89   6.50 |  -0.13  -0.05  -0.30
 28  1.00  1.0  2.0000      -9.758  5.2E-08   0.00 |   0.14   2.63   0.52   6.50 |   0.01   0.20   0.04
 24  1.00  1.0  2.0000      -9.758  5.5E-08   0.00 |   0.65  -1.50   2.47   6.50 |   0.05  -0.12   0.19
 25  1.00  1.0  2.0000      -9.758  5.1E-08   0.00 |  -1.23  -3.09   0.83   6.50 |  -0.09  -0.24   0.06
 27  1.00  1.0  2.0000      -9.758  5.4E-08   0.00 |  -0.36   5.16   1.24   6.50 |  -0.03   0.40   0.10
 23  1.00  1.0  2.0000      -9.758  5.6E-08   0.00 |   1.54  -0.17   3.26   6.50 |   0.12  -0.01   0.25
 26  1.00  1.0  2.0000      -9.758  5.5E-08   0.00 |  -2.61   1.13  -0.94   6.50 |  -0.20   0.09  -0.07
 66 -1.00  1.0  2.0000      -8.814  2.0E-06   0.00 |   1.84  -0.47   1.10   2.50 |  -0.26   0.07  -0.16
 65 -1.00  1.0  2.0000      -8.814  1.1E-06   0.00 |  -0.76  -2.03  -0.66   2.50 |   0.11   0.29   0.09
 67 -1.00  1.0  2.0000      -8.814  1.1E-06   0.00 |   0.42   0.99   1.06   2.50 |  -0.06  -0.14  -0.15
 64 -1.00  1.0  2.0000      -8.808  2.1E-06   0.00 |  -1.00  -0.50  -1.00   1.50 |  -0.33  -0.17  -0.33
 63 -1.00  1.0  2.0000      -8.808  2.1E-06   0.00 |   0.00   1.50   0.00   1.50 |  -0.00   0.50  -0.00
 68 -1.00  1.0  2.0000      -7.785  2.9E-08   0.00 |   0.50  -0.50   0.50   0.50 |  -0.17   0.17  -0.17
 30  1.00  1.0  0.0000      -3.611  6.3E-06   0.00 |  -1.60  -1.27  -1.08   4.50 |  -0.18  -0.14  -0.12
 33  1.00  1.0  0.0000      -3.609  6.4E-06   0.00 |  -1.17  -1.76  -2.35   4.50 |  -0.13  -0.20  -0.26
 32  1.00  1.0  0.0000      -3.609  6.5E-06   0.00 |  -0.56   0.24   3.83   4.50 |  -0.06   0.02   0.43
 34 -1.00  1.0  0.0000      -3.608  4.6E-06   0.00 |  -0.47   3.94   0.84   4.50 |  -0.05   0.44   0.09
 31  1.00  1.0  0.0000      -3.608  4.1E-06   0.00 |   1.31   1.34   1.25   4.50 |   0.15   0.15   0.14
 69 -1.00  1.0  0.0000      -1.619  7.5E-08   0.00 |  -4.25  -1.98  -1.53   7.50 |  -0.28  -0.13  -0.10
 70  1.00  1.0  0.0000      -1.619  1.0E-07   0.00 |   3.08   1.94  -1.67   7.50 |   0.21   0.13  -0.11
__________________________________________________________________________________________________________
   Proton  wavefunctions
  i     P   Rz   occ          E       d2h    Delta |   JxT    JyT    Jz      J   |   SxT    SyT    Sz
----------------------------------------------------------------------------------------------------------
 71  1.00  1.0  2.0000     -40.382  3.8E-08   0.00 |  -0.50   0.50   0.50   0.50 |  -0.50   0.50   0.50
 98 -1.00  1.0  2.0000     -35.872  9.4E-09   0.00 |  -1.00  -0.50  -1.00   1.50 |  -0.33  -0.17  -0.33
 97 -1.00  1.0  2.0000     -35.872  9.4E-09   0.00 |  -0.00   1.50   0.00   1.50 |   0.00   0.50  -0.00
 99 -1.00  1.0  2.0000     -35.321  7.6E-09   0.00 |   0.50  -0.50   0.50   0.50 |  -0.17   0.17  -0.17
 74  1.00  1.0  2.0000     -30.219  3.0E-08   0.00 |  -0.78   0.01  -1.35   2.50 |  -0.16   0.00  -0.27
 72  1.00  1.0  2.0000     -30.219  3.0E-08   0.00 |   0.42   0.06   2.00   2.50 |   0.08   0.01   0.40
 73  1.00  1.0  2.0000     -30.219  2.3E-08   0.00 |  -1.14   1.43   0.85   2.50 |  -0.23   0.29   0.17
 75  1.00  1.0  2.0000     -28.878  1.9E-08   0.00 |  -0.25  -0.31  -1.45   1.50 |   0.05   0.06   0.29
 76  1.00  1.0  2.0000     -28.878  1.9E-08   0.00 |   1.25  -0.69   0.45   1.50 |  -0.25   0.14  -0.09
 77  1.00  1.0  2.0000     -26.157  4.5E-08   0.00 |  -0.50   0.50   0.50   0.50 |  -0.50   0.50   0.50
101 -1.00  1.0  2.0000     -23.766  2.9E-08   0.00 |   0.59  -0.72   2.24   3.50 |   0.08  -0.10   0.32
100 -1.00  1.0  2.0000     -23.766  2.5E-08   0.00 |  -0.31   0.19  -2.99   3.50 |  -0.04   0.03  -0.43
102 -1.00  1.0  2.0000     -23.766  3.5E-08   0.00 |  -2.47  -0.93  -1.06   3.50 |  -0.35  -0.13  -0.15
103 -1.00  1.0  2.0000     -23.766  2.9E-08   0.00 |   0.19   3.46  -0.19   3.50 |   0.03   0.49  -0.03
105 -1.00  1.0  2.0000     -21.269  2.4E-08   0.00 |   0.01   0.95  -1.20   2.50 |  -0.00  -0.14   0.17
104 -1.00  1.0  2.0000     -21.268  2.3E-08   0.00 |   0.55  -0.48   2.27   2.50 |  -0.08   0.07  -0.32
106 -1.00  1.0  2.0000     -21.268  2.2E-08   0.00 |   0.94  -1.97   0.43   2.50 |  -0.13   0.28  -0.06
108 -1.00  1.0  2.0000     -18.452  1.7E-08   0.00 |   0.37   0.50  -1.37   1.50 |   0.12   0.17  -0.46
107 -1.00  1.0  2.0000     -18.452  1.7E-08   0.00 |  -1.37   0.50   0.37   1.50 |  -0.46   0.17   0.12
109 -1.00  1.0  2.0000     -17.443  1.9E-08   0.00 |   0.50  -0.50   0.50   0.50 |  -0.17   0.17  -0.17
 78  1.00  1.0  2.0000     -16.727  4.2E-08   0.00 |   1.81   1.37   1.21   4.50 |   0.20   0.15   0.13
 81  1.00  1.0  2.0000     -16.727  5.6E-08   0.00 |  -2.39  -2.27  -0.68   4.50 |  -0.27  -0.25  -0.08
 82  1.00  1.0  2.0000     -16.727  5.6E-08   0.00 |  -2.24  -1.09  -2.08   4.50 |  -0.25  -0.12  -0.23
 79  1.00  1.0  2.0000     -16.727  3.9E-08   0.00 |  -0.04   0.33   4.10   4.50 |  -0.00   0.04   0.46
 80  1.00  1.0  2.0000     -16.727  4.2E-08   0.00 |   0.35   4.16  -0.05   4.50 |   0.04   0.46  -0.01
 86  1.00  1.0  2.0000     -12.769  4.8E-08   0.00 |   0.66   2.07   0.70   3.50 |  -0.07  -0.23  -0.08
 83  1.00  1.0  2.0000     -12.769  4.1E-08   0.00 |  -0.99  -2.57  -0.86   3.50 |   0.11   0.29   0.10
 84  1.00  1.0  2.0000     -12.769  4.8E-08   0.00 |   2.98  -0.43   0.88   3.50 |  -0.33   0.05  -0.10
 85  1.00  1.0  2.0000     -12.769  4.4E-08   0.00 |  -0.65  -1.07  -2.72   3.50 |   0.07   0.12   0.30
 87  1.00  1.0  2.0000     -10.543  4.1E-08   0.00 |  -0.46  -1.29  -0.89   2.50 |  -0.09  -0.26  -0.18
 89  1.00  1.0  2.0000     -10.543  4.3E-08   0.00 |  -0.33   2.32   0.22   2.50 |  -0.07   0.46   0.04
 88  1.00  1.0  2.0000     -10.543  3.7E-08   0.00 |  -0.71   0.47   2.18   2.50 |  -0.14   0.09   0.44
111 -1.00  1.0  2.0000      -9.240  7.3E-08   0.00 |   0.27   1.75   2.85   5.50 |   0.02   0.16   0.26
114 -1.00  1.0  2.0000      -9.240  9.0E-08   0.00 |  -2.08  -0.89  -1.24   5.50 |  -0.19  -0.08  -0.11
115 -1.00  1.0  2.0000      -9.240  8.5E-08   0.00 |   3.22   0.85  -0.02   5.50 |   0.29   0.08  -0.00
112 -1.00  1.0  2.0000      -9.240  8.6E-08   0.00 |  -1.43  -0.87  -2.74   5.50 |  -0.13  -0.08  -0.25
113 -1.00  1.0  2.0000      -9.240  8.5E-08   0.00 |  -1.37   3.29   1.55   5.50 |  -0.12   0.30   0.14
110 -1.00  1.0  2.0000      -9.240  7.1E-08   0.00 |  -1.61  -1.13  -3.40   5.50 |  -0.15  -0.10  -0.31
 90  1.00  1.0  2.0000      -8.780  3.7E-08   0.00 |  -0.50  -1.00  -1.00   1.50 |   0.10   0.20   0.20
 91  1.00  1.0  2.0000      -8.780  3.7E-08   0.00 |   1.50   0.00   0.00   1.50 |  -0.30   0.00   0.00
 92  1.00  1.0  2.0000      -7.967  3.8E-08   0.00 |  -0.50   0.50   0.50   0.50 |  -0.50   0.50   0.50
116 -1.00  1.0  0.0000      -3.651  8.1E-08   0.00 |  -0.00  -1.51  -2.67   4.50 |   0.00   0.14   0.24
117 -1.00  1.0  0.0000      -3.651  7.7E-08   0.00 |  -0.57   0.93   2.51   4.50 |   0.05  -0.08  -0.23
118 -1.00  1.0  0.0000      -3.651  7.9E-08   0.00 |  -1.00   1.54  -0.39   4.50 |   0.09  -0.14   0.04
120 -1.00  1.0  0.0000      -3.651  7.4E-08   0.00 |   2.19  -0.98   2.27   4.50 |  -0.20   0.09  -0.21
119 -1.00  1.0  0.0000      -3.650  8.4E-08   0.00 |   1.88  -2.49   0.78   4.50 |  -0.17   0.23  -0.07
 95  1.00  1.0  0.0000      -1.382  8.3E-08   0.00 |  -1.39  -3.75  -1.93   6.50 |  -0.11  -0.29  -0.15
 96 -1.00  1.0  0.0000      -1.382  1.1E-07   0.00 |  -0.06   2.44   3.62   6.50 |  -0.00   0.19   0.28
 94  1.00  1.0  0.0000      -1.382  1.1E-07   0.00 |  -0.21   2.42   2.10   6.50 |  -0.02   0.19   0.16
 93  1.00  1.0  0.0000      -1.382  8.6E-08   0.00 |  -3.63   2.24   1.22   6.50 |  -0.28   0.17   0.09
----------------------------------------------------------------------------------------------------------
------------------------ Electric Multipole Moments -------------------------
Quantisation Axis             : Z
  With secondary axis ordering: X,Y
  Calculated wrt to COM = (   0.000   0.000   0.000)
______________________________________________________________________________
                   Neutrons        Protons          Charge         Total
______________________________________________________________________________
 Particles          126.0000         82.0000         82.0001        208.0000

Re  Q_{ 2 0}         -0.0000         -0.0000         -0.0000         -0.0000
Re  Q_{ 2 2}          0.0000          0.0000          0.0000          0.0000

Re  Q_{ 4 0}         15.0274         -1.1986          0.8217         13.8288
Re  Q_{ 4 2}          0.0000          0.0000          0.0000          0.0000
Re  Q_{ 4 4}          8.9806         -0.7162          0.4911          8.2644

Re  Q_{ 6 0}        245.0229        -10.6269          6.5523        234.3960
Re  Q_{ 6 2}          0.0000         -0.0000         -0.0000          0.0000
Re  Q_{ 6 4}       -458.3962         19.8807        -12.2585       -438.5154
Re  Q_{ 6 6}          0.0000          0.0000          0.0000          0.0000

Re  Q_{ 8 0}      44112.5138      -2537.9501       1427.3653      41574.5637
Re  Q_{ 8 2}         -0.0008          0.0001          0.0001         -0.0007
Re  Q_{ 8 4}      16588.5426       -954.3971        536.7625      15634.1455
Re  Q_{ 8 6}         -0.0003          0.0002          0.0002         -0.0001
Re  Q_{ 8 8}      25274.6942      -1454.1404        817.8255      23820.5538

Re  Q_{10 0}     798698.5962     -19058.2393      -1658.9128     779640.3569
Re  Q_{10 2}         -0.1558          0.0023         -0.0013         -0.1535
Re  Q_{10 4}    -804819.0235      19204.2653       1671.6080    -785614.7582
Re  Q_{10 6}         -0.0019         -0.0066         -0.0068         -0.0085
Re  Q_{10 8}    -957926.2211      22857.6620       1989.6283    -935068.5591
Re  Q_{1010}          0.0283         -0.0084         -0.0075          0.0199

 RMS radius           5.5856          5.4446          5.4958          5.5304
 Fourth mom.          5.9487          5.7663          5.8367          5.8789
______________________________________________________________________________
                   Neutrons        Protons          Charge         Total
______________________________________________________________________________

Beta_{ 2 0}      -0.00000000     -0.00000000     -0.00000000     -0.00000000
Beta_{ 2 2}       0.00000000      0.00000000      0.00000000      0.00000000

Beta_{ 4 0}       0.00011842     -0.00000945      0.00000648      0.00010898
Beta_{ 4 2}       0.00000000      0.00000000      0.00000000      0.00000000
Beta_{ 4 4}       0.00007077     -0.00000564      0.00000387      0.00006513

Beta_{ 6 0}       0.00003820     -0.00000166      0.00000102      0.00003654
Beta_{ 6 2}       0.00000000     -0.00000000     -0.00000000      0.00000000
Beta_{ 6 4}      -0.00007146      0.00000310     -0.00000191     -0.00006836
Beta_{ 6 6}       0.00000000      0.00000000      0.00000000      0.00000000

Beta_{ 8 0}       0.00013603     -0.00000783      0.00000440      0.00012820
Beta_{ 8 2}      -0.00000000      0.00000000      0.00000000     -0.00000000
Beta_{ 8 4}       0.00005115     -0.00000294      0.00000166      0.00004821
Beta_{ 8 6}      -0.00000000      0.00000000      0.00000000     -0.00000000
Beta_{ 8 8}       0.00007794     -0.00000448      0.00000252      0.00007346

Beta_{10 0}       0.00004872     -0.00000116     -0.00000010      0.00004756
Beta_{10 2}      -0.00000000      0.00000000     -0.00000000     -0.00000000
Beta_{10 4}      -0.00004909      0.00000117      0.00000010     -0.00004792
Beta_{10 6}      -0.00000000     -0.00000000     -0.00000000     -0.00000000
Beta_{10 8}      -0.00005843      0.00000139      0.00000012     -0.00005704
Beta_{1010}       0.00000000     -0.00000000     -0.00000000      0.00000000


______________________________________________________________________________
                   Neutrons        Protons          Charge         Total
______________________________________________________________________________
Q_{ 2}                0.0000          0.0000          0.0000          0.0000
Q_{ 4}               19.6755          1.5692          1.0759         18.1062
Q_{ 6}              693.0298         30.0569         18.5331        662.9729
Q_{ 8}            61432.0250       3534.4005       1987.7819      57897.6245
Q_{10}          1941296.4891      46322.4516       4032.0938    1894974.0375
______________________________________________________________________________
                   Neutrons        Protons          Charge         Total
______________________________________________________________________________
Beta_{   2}       0.00000000      0.00000000      0.00000000      0.00000000
Beta_{   4}       0.00015505      0.00001237      0.00000848      0.00014268
Beta_{   6}       0.00010803      0.00000469      0.00000289      0.00010335
Beta_{   8}       0.00018944      0.00001090      0.00000613      0.00017854
Beta_{  10}       0.00011842      0.00000283      0.00000025      0.00011559
______________________________________________________________________________
 Cart. Moments X              Y              Z
 Cart. N        0.0000024      0.0000023     -0.0000046
 Cart. P        0.0000024      0.0000023     -0.0000047
 Cart. T        0.0000047      0.0000046     -0.0000093
 (Q, gamma)    Q              Gamma
 (Q,g) N        0.0000046    179.2838692
 (Q,g) P        0.0000047    179.5047778
 (Q,g) T        0.0000093    179.3953629
 (iq1, iq2)    iq1            iq2
 iq    N       -0.0000046      0.0000001
 iq    P       -0.0000047      0.0000000
 iq    T       -0.0000094      0.0000001
               X^2            Y^2            Z^2
 X^2_i N     1310.3450646   1310.3450646   1310.3450623
 X^2_i P      810.2507772    810.2507772    810.2507748
 X^2_i T     2120.5958418   2120.5958417   2120.5958371
----------------------------------------------------------------------------
----------------------- Box Size Check -------------------------
 Xmax = (nx+0.5)dx = 12.250 fm,  max(rho(X=Xmax)) =    1.088E-05
 Ymax = (ny+0.5)dx = 12.250 fm,  max(rho(Y=Ymax)) =    1.088E-05
 Zmax = (nz+0.5)dx = 12.250 fm,  max(rho(Z=Zmax)) =    1.088E-05
---------------------Rotational properties--------------------
                Rigid rotor          (hbar^2/MeV)
              n              p              t 
 I_R X      63.1932618     39.0755007    102.2687625
 I_R Y      63.1932618     39.0755007    102.2687625
 I_R Z      63.1932619     39.0755007    102.2687626

                Belyaev                 (hbar^2/MeV) 
              n              p              t 
 I_B X       0.0000003      0.0000000      0.0000004
 I_B Y       0.0000003      0.0000000      0.0000003
 I_B Z       0.0000003      0.0000000      0.0000004

                Belyaev (collective)    (hbar^2/MeV) 
              n              p              t 
 I_B X       0.0000000      0.0000000      0.0000000
 I_B Y       0.0000000      0.0000000      0.0000000
 I_B Z       0.0000000      0.0000000      0.0000000

                 <J^2> - <J>^2          (hbar^2)
              n              p              t 
 J2_X        0.0000012      0.0000001      0.0000013
 J2_Y        0.0000010      0.0000001      0.0000011
 J2_Z        0.0000013      0.0000001      0.0000014
 J2_t        0.0000035      0.0000003      0.0000038

                 <J^2> - <J>^2 (coll.)  (hbar^2)
              n              p              t 
 J2_X        0.0000000      0.0000000      0.0000000
 J2_Y        0.0000000      0.0000000      0.0000000
 J2_Z        0.0000000      0.0000000      0.0000000
 J2_t        0.0000000      0.0000000      0.0000000
------------------------- Angular Momentum (hbar) --------------------------

               Spwfs(*)    Desired     Omega       E (MeV)      Densit. 
  __________________________________________________________________________
   J_x   |     0.00000     0.00000     0.00000     0.00000     0.00000
   J_y   |     0.00000     0.00000     0.00000     0.00000     0.00000
   J_z   |     0.00000     0.00000     0.00000     0.00000     0.00000
  __________________________________________________________________________
   Size  |     0.00000     0.00000     0.00000                 0.00000
  --------------------------------------------------------------------------
--------------------------------------------------------------------------------
 Skyrme Energy                Isospin  1 2 3 4                   Energy [MeV]
--------------------------------------------------------------------------------
E_D_I_I_D_I_I                          0 0                     -17357.633434
E_D_I_I_D_I_I                          1 1                        418.241302
E_D_I_I_D_I_I_D_I_I                    0 0 0                     9922.730711
E_D_I_I_D_I_I_D_I_I                    0 1 1                     -277.718130
E_D_I_I_D_Nm_Nm                        0 0                        761.151362
E_D_I_I_D_Nm_Nm                        1 1                        -26.082456
E_D_I_I_Lap_D_I_I                      0 0                        271.311923
E_D_I_I_Lap_D_I_I                      1 1                         -0.095464
E_C_I_NmSk_C_I_NmSk                    0 0                         -0.000000
E_C_I_NmSk_C_I_NmSk                    1 1                         -0.000000
E_D_I_I_D_I_I_D_Nm_Nm                  0 0 0                        0.000000
E_D_I_I_D_I_I_D_Nm_Nm                  0 1 1                       -0.000000
E_D_I_I_D_I_I_D_Nm_Nm                  0 0 0                        0.000000
E_D_I_I_D_I_I_D_Nm_Nm                  0 1 1                        0.000000
E_D_I_I_Derm_D_I_I_Derm_D_I_I          0 0 0                        0.000000
E_D_I_I_Derm_D_I_I_Derm_D_I_I          0 1 1                       -0.000000
E_D_I_I_Derm_D_I_I_Derm_D_I_I          0 0 0                       -0.000000
E_D_I_I_Derm_D_I_I_Derm_D_I_I          0 1 1                       -0.000000
E_D_I_I_Derm_D_I_I_D_I_I_Derm_D_I_I    0 0 0 0                      0.000000
E_D_I_I_Derm_D_I_I_D_I_I_Derm_D_I_I    0 0 1 1                     -0.000000
E_D_I_I_Derm_C_I_NxmSxm                0 0                        -93.040388
E_D_I_I_Derm_C_I_NxmSxm                1 1                         -0.822205
E_DP_I_I_DP_I_I                        n n                         -0.000000
E_DP_I_I_DP_I_I                        p p                         -0.000000
E_D_I_I_DP_I_I_DP_I_I                  0 n n                        0.000000
E_D_I_I_DP_I_I_DP_I_I                  0 p p                        0.000000
--------------------------------------------------------------------------------
                 Total Skyrme:                                  -6381.956780
--------------------------------------------------------------------------------
                    time-even:                                  -6381.956780
                    time-odd :                                      0.000000
                    bilinear :                                 -16026.969361
                    trilinear:                                      0.000000
                 quadrilinear:                                      0.000000
            density-dependent:                                   9645.012580
--------------------------------------------------------------------------------
--------------------------------------------------------------------------------
                                     neutron        proton         total
                Kinetic Energy:    2572.823405    1356.732664    3929.556069
                    COM 1-body:     -12.369343      -6.522753     -18.892096
                    COM 2-body:       8.734559       4.166155      12.900714
                            ph:       8.734559       4.166155      12.900714
                            pp:       0.000000       0.000000       0.000000

                Coulomb Direct:       0.000000     822.649922     822.649922
                  Dir. (point):       0.000000     826.077687     826.077687
                      Exchange:       0.000000       0.000000       0.000000
                  Exc. (point):       0.000000       0.000000       0.000000

               Pairing (delta):       0.000000       0.000000       0.000000
               Pairing (densi):                                     0.000000
--------------------------------------------------------------------------------
                  Total energy:                                 -1635.742171
                    from spwfs:                                 -1632.314293
                   E_fu - E_sp:                                -0.342788E+01
                      Routhian:                                 -1635.742171
                         dE   :                                -0.401223E-05
                         dR   :                                -0.401223E-05
--------------------------------------------------------------------------------
 Iteration =  101
 dt    =   0.0162      mu   =   0.7985 gradn =    0.000E+00 D2H  =    1.110E-07
 E     =  -1635.742    DE   =  0.45321E-09
 R     =  -1635.742    DR   =  0.45321E-09
 R-E   =      0.000  D(R-E) =  0.00000E+00
 dmun  =  0.0E+00      dmup=  0.0E+00
 RQ20t =      -0.0000   dQ =  9.2E-09  L =       0.0000   dL =  0.0E+00  dev =  0.0E+00
 RQ22t =       0.0000   dQ = -1.5E-09  L =       0.0000   dL =  0.0E+00  dev =  0.0E+00
 Jz    =       0.0000   dJZ=  0.0E+00 Om =       0.0000   dO =  0.0E+00  dev =  0.0E+00
--------------------------------------------------------------------------------------
 Iteration =  102
 dt    =   0.0162      mu   =   0.7985 gradn =    0.000E+00 D2H  =    1.066E-07
 E     =  -1635.742    DE   =  0.57412E-10
 R     =  -1635.742    DR   =  0.57412E-10
 R-E   =      0.000  D(R-E) =  0.00000E+00
 dmun  =  0.0E+00      dmup=  0.0E+00
 RQ20t =      -0.0000   dQ =  9.0E-09  L =       0.0000   dL =  0.0E+00  dev =  0.0E+00
 RQ22t =       0.0000   dQ = -1.4E-09  L =       0.0000   dL =  0.0E+00  dev =  0.0E+00
 Jz    =       0.0000   dJZ=  0.0E+00 Om =       0.0000   dO =  0.0E+00  dev =  0.0E+00
--------------------------------------------------------------------------------------
 Iteration =  103
 dt    =   0.0162      mu   =   0.7985 gradn =    0.000E+00 D2H  =    1.024E-07
 E     =  -1635.742    DE   = -0.35684E-09
 R     =  -1635.742    DR   = -0.35684E-09
 R-E   =      0.000  D(R-E) =  0.00000E+00
 dmun  =  0.0E+00      dmup=  0.0E+00
 RQ20t =      -0.0000   dQ =  8.7E-09  L =       0.0000   dL =  0.0E+00  dev =  0.0E+00
 RQ22t =       0.0000   dQ = -1.3E-09  L =       0.0000   dL =  0.0E+00  dev =  0.0E+00
 Jz    =       0.0000   dJZ=  0.0E+00 Om =       0.0000   dO =  0.0E+00  dev =  0.0E+00
--------------------------------------------------------------------------------------
 Iteration =  104
 dt    =   0.0162      mu   =   0.7985 gradn =    0.000E+00 D2H  =    9.870E-08
 E     =  -1635.742    DE   = -0.35955E-09
 R     =  -1635.742    DR   = -0.35955E-09
 R-E   =      0.000  D(R-E) =  0.00000E+00
 dmun  =  0.0E+00      dmup=  0.0E+00
 RQ20t =      -0.0000   dQ =  8.3E-09  L =       0.0000   dL =  0.0E+00  dev =  0.0E+00
 RQ22t =       0.0000   dQ = -1.2E-09  L =       0.0000   dL =  0.0E+00  dev =  0.0E+00
 Jz    =       0.0000   dJZ=  0.0E+00 Om =       0.0000   dO =  0.0E+00  dev =  0.0E+00
--------------------------------------------------------------------------------------
 Iteration =  105
 dt    =   0.0162      mu   =   0.7985 gradn =    0.000E+00 D2H  =    9.553E-08
 E     =  -1635.742    DE   = -0.50815E-09
 R     =  -1635.742    DR   = -0.50815E-09
 R-E   =      0.000  D(R-E) =  0.00000E+00
 dmun  =  0.0E+00      dmup=  0.0E+00
 RQ20t =      -0.0000   dQ =  8.0E-09  L =       0.0000   dL =  0.0E+00  dev =  0.0E+00
 RQ22t =       0.0000   dQ = -1.2E-09  L =       0.0000   dL =  0.0E+00  dev =  0.0E+00
 Jz    =       0.0000   dJZ=  0.0E+00 Om =       0.0000   dO =  0.0E+00  dev =  0.0E+00
--------------------------------------------------------------------------------------
 Iteration =  106
 dt    =   0.0162      mu   =   0.7985 gradn =    0.000E+00 D2H  =    9.304E-08
 E     =  -1635.742    DE   = -0.45968E-09
 R     =  -1635.742    DR   = -0.45968E-09
 R-E   =      0.000  D(R-E) =  0.00000E+00
 dmun  =  0.0E+00      dmup=  0.0E+00
 RQ20t =      -0.0000   dQ =  7.6E-09  L =       0.0000   dL =  0.0E+00  dev =  0.0E+00
 RQ22t =       0.0000   dQ = -1.1E-09  L =       0.0000   dL =  0.0E+00  dev =  0.0E+00
 Jz    =       0.0000   dJZ=  0.0E+00 Om =       0.0000   dO =  0.0E+00  dev =  0.0E+00
--------------------------------------------------------------------------------------
 Iteration =  107
 dt    =   0.0162      mu   =   0.7985 gradn =    0.000E+00 D2H  =    9.122E-08
 E     =  -1635.742    DE   = -0.32145E-09
 R     =  -1635.742    DR   = -0.32145E-09
 R-E   =      0.000  D(R-E) =  0.00000E+00
 dmun  =  0.0E+00      dmup=  0.0E+00
 RQ20t =      -0.0000   dQ =  7.2E-09  L =       0.0000   dL =  0.0E+00  dev =  0.0E+00
 RQ22t =       0.0000   dQ = -9.6E-10  L =       0.0000   dL =  0.0E+00  dev =  0.0E+00
 Jz    =       0.0000   dJZ=  0.0E+00 Om =       0.0000   dO =  0.0E+00  dev =  0.0E+00
--------------------------------------------------------------------------------------
 Iteration =  108
 dt    =   0.0162      mu   =   0.7985 gradn =    0.000E+00 D2H  =    8.994E-08
 E     =  -1635.742    DE   = -0.14567E-09
 R     =  -1635.742    DR   = -0.14567E-09
 R-E   =      0.000  D(R-E) =  0.00000E+00
 dmun  =  0.0E+00      dmup=  0.0E+00
 RQ20t =      -0.0000   dQ =  6.8E-09  L =       0.0000   dL =  0.0E+00  dev =  0.0E+00
 RQ22t =       0.0000   dQ = -8.7E-10  L =       0.0000   dL =  0.0E+00  dev =  0.0E+00
 Jz    =       0.0000   dJZ=  0.0E+00 Om =       0.0000   dO =  0.0E+00  dev =  0.0E+00
--------------------------------------------------------------------------------------
 Iteration =  109
 dt    =   0.0162      mu   =   0.7985 gradn =    0.000E+00 D2H  =    8.902E-08
 E     =  -1635.742    DE   =  0.36821E-11
 R     =  -1635.742    DR   =  0.36821E-11
 R-E   =      0.000  D(R-E) =  0.00000E+00
 dmun  =  0.0E+00      dmup=  0.0E+00
 RQ20t =      -0.0000   dQ =  6.5E-09  L =       0.0000   dL =  0.0E+00  dev =  0.0E+00
 RQ22t =       0.0000   dQ = -7.8E-10  L =       0.0000   dL =  0.0E+00  dev =  0.0E+00
 Jz    =       0.0000   dJZ=  0.0E+00 Om =       0.0000   dO =  0.0E+00  dev =  0.0E+00
--------------------------------------------------------------------------------------
--------------------------------------------------------------------------------------
                              Iteration =   110

--------------------- Hartree-Fock basis-------------------------------------------------------------------
__________________________________________________________________________________________________________
   Neutron wavefunctions
  i     P   Rz   occ          E       d2h    Delta |   JxT    JyT    Jz      J   |   SxT    SyT    Sz
----------------------------------------------------------------------------------------------------------
  1  1.00  1.0  2.0000     -49.951  7.4E-10   0.00 |  -0.50   0.50   0.50   0.50 |  -0.50   0.50   0.50
 36 -1.00  1.0  2.0000     -45.112  3.0E-09   0.00 |  -1.00  -0.50  -1.00   1.50 |  -0.33  -0.17  -0.33
 35 -1.00  1.0  2.0000     -45.112  2.9E-09   0.00 |  -0.00   1.50   0.00   1.50 |   0.00   0.50  -0.00
 37 -1.00  1.0  2.0000     -44.553  1.7E-09   0.00 |   0.50  -0.50   0.50   0.50 |  -0.17   0.17  -0.17
  4  1.00  1.0  2.0000     -39.214  2.5E-09   0.00 |  -0.30   0.66  -1.30   2.50 |  -0.06   0.13  -0.26
  2  1.00  1.0  2.0000     -39.214  2.9E-09   0.00 |  -0.13   0.59   1.66   2.50 |  -0.03   0.12   0.33
  3  1.00  1.0  2.0000     -39.214  2.9E-09   0.00 |  -1.07   0.25   1.15   2.50 |  -0.21   0.05   0.23
  6  1.00  1.0  2.0000     -37.867  1.7E-09   0.00 |   0.25   0.21  -1.46   1.50 |  -0.05  -0.04   0.29
  7  1.00  1.0  2.0000     -37.867  1.7E-09   0.00 |   0.75  -1.21   0.46   1.50 |  -0.15   0.24  -0.09
  5  1.00  1.0  2.0000     -35.669  2.4E-09   0.00 |  -0.50   0.50   0.50   0.50 |  -0.50   0.50   0.50
 39 -1.00  1.0  2.0000     -32.546  4.3E-09   0.00 |  -0.45   2.01   1.19   3.50 |  -0.06   0.29   0.17
 40 -1.00  1.0  2.0000     -32.546  4.9E-09   0.00 |  -0.75  -1.40  -1.16   3.50 |  -0.11  -0.20  -0.17
 41 -1.00  1.0  2.0000     -32.546  4.4E-09   0.00 |  -0.82  -1.31  -2.32   3.50 |  -0.12  -0.19  -0.33
 38 -1.00  1.0  2.0000     -32.546  4.4E-09   0.00 |   0.02   2.70   0.28   3.50 |   0.00   0.39   0.04
 45 -1.00  1.0  2.0000     -30.024  3.1E-09   0.00 |  -0.23  -0.79  -1.39   2.50 |   0.03   0.11   0.20
 46 -1.00  1.0  2.0000     -30.023  3.2E-09   0.00 |  -0.17   0.33   2.33   2.50 |   0.02  -0.05  -0.33
 44 -1.00  1.0  2.0000     -30.023  1.5E-09   0.00 |   1.89  -1.04   0.55   2.50 |  -0.27   0.15  -0.08
 42 -1.00  1.0  2.0000     -27.687  4.4E-09   0.00 |  -1.00  -0.50  -1.00   1.50 |  -0.33  -0.17  -0.33
 43 -1.00  1.0  2.0000     -27.687  4.4E-09   0.00 |  -0.00   1.50   0.00   1.50 |   0.00   0.50  -0.00
 47 -1.00  1.0  2.0000     -26.587  2.5E-09   0.00 |   0.50  -0.50   0.50   0.50 |  -0.17   0.17  -0.17
  9  1.00  1.0  2.0000     -25.319  6.1E-09   0.00 |   2.16  -1.10  -0.39   4.50 |   0.24  -0.12  -0.04
 10  1.00  1.0  2.0000     -25.319  6.3E-09   0.00 |  -1.51   1.49  -1.49   4.50 |  -0.17   0.17  -0.17
 12  1.00  1.0  2.0000     -25.319  7.3E-09   0.00 |  -3.13  -1.02  -0.39   4.50 |  -0.35  -0.11  -0.04
 11  1.00  1.0  2.0000     -25.319  6.8E-09   0.00 |   0.79  -0.30   3.95   4.50 |   0.09  -0.03   0.44
  8  1.00  1.0  2.0000     -25.319  6.2E-09   0.00 |  -0.81   3.42   0.82   4.50 |  -0.09   0.38   0.09
 19  1.00  1.0  2.0000     -21.270  9.3E-09   0.00 |   1.31   1.86   0.01   3.50 |  -0.15  -0.21  -0.00
 16  1.00  1.0  2.0000     -21.270  7.6E-09   0.00 |  -1.05  -2.38  -0.01   3.50 |   0.12   0.26   0.00
 17  1.00  1.0  2.0000     -21.270  4.8E-09   0.00 |   0.48  -2.24   0.43   3.50 |  -0.05   0.25  -0.05
 18  1.00  1.0  2.0000     -21.270  5.4E-09   0.00 |   1.27   0.77  -2.43   3.50 |  -0.14  -0.09   0.27
 14  1.00  1.0  2.0000     -19.649  9.9E-09   0.00 |  -0.43  -1.11  -1.12   2.50 |  -0.09  -0.22  -0.22
 15  1.00  1.0  2.0000     -19.649  1.1E-08   0.00 |  -0.57   1.50   0.77   2.50 |  -0.11   0.30   0.15
 13  1.00  1.0  2.0000     -19.649  6.1E-09   0.00 |  -0.50   1.12   1.86   2.50 |  -0.10   0.22   0.37
 50 -1.00  1.0  2.0000     -17.686  7.8E-09   0.00 |  -1.15   2.98  -1.06   5.50 |  -0.10   0.27  -0.10
 53 -1.00  1.0  2.0000     -17.686  8.8E-09   0.00 |   2.81   0.03   1.33   5.50 |   0.26   0.00   0.12
 51 -1.00  1.0  2.0000     -17.686  9.3E-09   0.00 |  -0.70  -1.89   0.55   5.50 |  -0.06  -0.17   0.05
 48 -1.00  1.0  2.0000     -17.685  9.3E-09   0.00 |  -1.07   4.23   0.94   5.50 |  -0.10   0.38   0.09
 52 -1.00  1.0  2.0000     -17.685  9.2E-09   0.00 |  -2.34  -1.38  -0.23   5.50 |  -0.21  -0.13  -0.02
 49 -1.00  1.0  2.0000     -17.685  7.4E-09   0.00 |  -0.55  -0.97  -4.52   5.50 |  -0.05  -0.09  -0.41
 21  1.00  1.0  2.0000     -17.665  3.4E-09   0.00 |  -0.50  -1.00  -1.00   1.50 |   0.10   0.20   0.20
 22  1.00  1.0  2.0000     -17.665  3.4E-09   0.00 |   1.50   0.00   0.00   1.50 |  -0.30   0.00   0.00
 20  1.00  1.0  2.0000     -17.356  3.7E-09   0.00 |  -0.50   0.50   0.50   0.50 |  -0.50   0.50   0.50
 59 -1.00  1.0  2.0000     -11.873  1.1E-08   0.00 |   2.27  -1.36   0.17   4.50 |  -0.21   0.12  -0.02
 58 -1.00  1.0  2.0000     -11.873  1.9E-08   0.00 |  -0.49  -2.49  -2.16   4.50 |   0.04   0.23   0.20
 62 -1.00  1.0  2.0000     -11.873  2.0E-08   0.00 |   0.13  -1.17   1.48   4.50 |  -0.01   0.11  -0.13
 61 -1.00  1.0  2.0000     -11.873  1.9E-08   0.00 |   0.45   1.82  -0.65   4.50 |  -0.04  -0.17   0.06
 60 -1.00  1.0  2.0000     -11.872  2.2E-08   0.00 |   0.14   0.70   3.65   4.50 |  -0.01  -0.06  -0.33
 55 -1.00  1.0  2.0000     -11.584  4.5E-08   0.00 |  -0.59   0.24  -1.83   3.50 |  -0.08   0.03  -0.26
 56 -1.00  1.0  2.0000     -11.584  3.7E-08   0.00 |  -2.19  -1.10  -0.02   3.50 |  -0.31  -0.16  -0.00
 57 -1.00  1.0  2.0000     -11.584  1.5E-08   0.00 |  -0.95   1.80   1.36   3.50 |  -0.14   0.26   0.19
 54 -1.00  1.0  2.0000     -11.584  1.2E-08   0.00 |   1.73   1.06  -1.52   3.50 |   0.25   0.15  -0.22
 29  1.00  1.0  2.0000      -9.758  9.4E-09   0.00 |  -1.63  -0.64  -3.89   6.50 |  -0.13  -0.05  -0.30
 28  1.00  1.0  2.0000      -9.758  1.2E-08   0.00 |   0.14   2.63   0.52   6.50 |   0.01   0.20   0.04
 24  1.00  1.0  2.0000      -9.758  1.4E-08   0.00 |   0.65  -1.50   2.47   6.50 |   0.05  -0.12   0.19
 25  1.00  1.0  2.0000      -9.758  1.3E-08   0.00 |  -1.23  -3.09   0.83   6.50 |  -0.09  -0.24   0.06
 27  1.00  1.0  2.0000      -9.758  1.7E-08   0.00 |  -0.36   5.16   1.24   6.50 |  -0.03   0.40   0.10
 23  1.00  1.0  2.0000      -9.758  1.6E-08   0.00 |   1.54  -0.17   3.26   6.50 |   0.12  -0.01   0.25
 26  1.00  1.0  2.0000      -9.758  1.8E-08   0.00 |  -2.61   1.13  -0.94   6.50 |  -0.20   0.09  -0.07
 66 -1.00  1.0  2.0000      -8.814  2.0E-06   0.00 |   1.84  -0.47   1.10   2.50 |  -0.26   0.07  -0.16
 65 -1.00  1.0  2.0000      -8.814  1.1E-06   0.00 |  -0.76  -2.03  -0.66   2.50 |   0.11   0.29   0.09
 67 -1.00  1.0  2.0000      -8.814  1.1E-06   0.00 |   0.42   0.99   1.06   2.50 |  -0.06  -0.14  -0.15
 64 -1.00  1.0  2.0000      -8.808  2.0E-06   0.00 |  -1.00  -0.50  -1.00   1.50 |  -0.33  -0.17  -0.33
 63 -1.00  1.0  2.0000      -8.808  2.0E-06   0.00 |   0.00   1.50   0.00   1.50 |  -0.00   0.50  -0.00
 68 -1.00  1.0  2.0000      -7.785  2.9E-09   0.00 |   0.50  -0.50   0.50   0.50 |  -0.17   0.17  -0.17
 30  1.00  1.0  0.0000      -3.611  6.2E-06   0.00 |  -1.60  -1.27  -1.08   4.50 |  -0.18  -0.14  -0.12
 33  1.00  1.0  0.0000      -3.609  6.3E-06   0.00 |  -1.17  -1.76  -2.35   4.50 |  -0.13  -0.20  -0.26
 32  1.00  1.0  0.0000      -3.609  6.4E-06   0.00 |  -0.56   0.24   3.83   4.50 |  -0.06   0.02   0.43
 34 -1.00  1.0  0.0000      -3.608  4.5E-06   0.00 |  -0.47   3.94   0.85   4.50 |  -0.05   0.44   0.09
 31  1.00  1.0  0.0000      -3.608  4.0E-06   0.00 |   1.31   1.34   1.25   4.50 |   0.15   0.15   0.14
 69 -1.00  1.0  0.0000      -1.619  3.3E-08   0.00 |  -4.25  -1.98  -1.53   7.50 |  -0.28  -0.13  -0.10
 70  1.00  1.0  0.0000      -1.619  5.5E-08   0.00 |   3.08   1.94  -1.67   7.50 |   0.21   0.13  -0.11
__________________________________________________________________________________________________________
   Proton  wavefunctions
  i     P   Rz   occ          E       d2h    Delta |   JxT    JyT    Jz      J   |   SxT    SyT    Sz
----------------------------------------------------------------------------------------------------------
 71  1.00  1.0  2.0000     -40.382  1.0E-09   0.00 |  -0.50   0.50   0.50   0.50 |  -0.50   0.50   0.50
 98 -1.00  1.0  2.0000     -35.872  3.7E-09   0.00 |  -1.00  -0.50  -1.00   1.50 |  -0.33  -0.17  -0.33
 97 -1.00  1.0  2.0000     -35.872  3.6E-09   0.00 |  -0.00   1.50   0.00   1.50 |   0.00   0.50  -0.00
 99 -1.00  1.0  2.0000     -35.321  2.4E-09   0.00 |   0.50  -0.50   0.50   0.50 |  -0.17   0.17  -0.17
 74  1.00  1.0  2.0000     -30.219  1.2E-08   0.00 |  -0.78   0.01  -1.35   2.50 |  -0.16   0.00  -0.27
 72  1.00  1.0  2.0000     -30.219  1.3E-08   0.00 |   0.42   0.06   2.00   2.50 |   0.08   0.01   0.40
 73  1.00  1.0  2.0000     -30.219  5.9E-09   0.00 |  -1.14   1.43   0.85   2.50 |  -0.23   0.29   0.17
 75  1.00  1.0  2.0000     -28.878  5.1E-09   0.00 |  -0.25  -0.31  -1.45   1.50 |   0.05   0.06   0.29
 76  1.00  1.0  2.0000     -28.878  5.2E-09   0.00 |   1.25  -0.69   0.45   1.50 |  -0.25   0.14  -0.09
 77  1.00  1.0  2.0000     -26.157  2.7E-09   0.00 |  -0.50   0.50   0.50   0.50 |  -0.50   0.50   0.50
101 -1.00  1.0  2.0000     -23.766  9.0E-09   0.00 |   0.59  -0.72   2.24   3.50 |   0.08  -0.10   0.32
100 -1.00  1.0  2.0000     -23.766  5.0E-09   0.00 |  -0.31   0.19  -2.99   3.50 |  -0.04   0.03  -0.43
102 -1.00  1.0  2.0000     -23.766  1.5E-08   0.00 |  -2.47  -0.93  -1.06   3.50 |  -0.35  -0.13  -0.15
103 -1.00  1.0  2.0000     -23.766  8.3E-09   0.00 |   0.19   3.46  -0.19   3.50 |   0.03   0.49  -0.03
105 -1.00  1.0  2.0000     -21.269  6.5E-09   0.00 |   0.01   0.95  -1.20   2.50 |  -0.00  -0.14   0.17
104 -1.00  1.0  2.0000     -21.268  4.9E-09   0.00 |   0.55  -0.48   2.27   2.50 |  -0.08   0.07  -0.32
106 -1.00  1.0  2.0000     -21.268  4.5E-09   0.00 |   0.94  -1.97   0.43   2.50 |  -0.13   0.28  -0.06
108 -1.00  1.0  2.0000     -18.452  4.8E-09   0.00 |   0.37   0.50  -1.37   1.50 |   0.12   0.17  -0.46
107 -1.00  1.0  2.0000     -18.452  4.8E-09   0.00 |  -1.37   0.50   0.37   1.50 |  -0.46   0.17   0.12
109 -1.00  1.0  2.0000     -17.443  4.0E-09   0.00 |   0.50  -0.50   0.50   0.50 |  -0.17   0.17  -0.17
 78  1.00  1.0  2.0000     -16.727  1.3E-08   0.00 |   1.81   1.37   1.21   4.50 |   0.20   0.15   0.13
 81  1.00  1.0  2.0000     -16.727  2.6E-08   0.00 |  -2.39  -2.27  -0.68   4.50 |  -0.27  -0.25  -0.08
 82  1.00  1.0  2.0000     -16.727  2.5E-08   0.00 |  -2.24  -1.09  -2.08   4.50 |  -0.25  -0.12  -0.23
 79  1.00  1.0  2.0000     -16.727  1.0E-08   0.00 |  -0.04   0.33   4.10   4.50 |  -0.00   0.04   0.46
 80  1.00  1.0  2.0000     -16.727  1.1E-08   0.00 |   0.35   4.16  -0.05   4.50 |   0.04   0.46  -0.01
 86  1.00  1.0  2.0000     -12.769  2.2E-08   0.00 |   0.66   2.07   0.70   3.50 |  -0.07  -0.23  -0.08
 83  1.00  1.0  2.0000     -12.769  1.7E-08   0.00 |  -0.99  -2.57  -0.86   3.50 |   0.11   0.29   0.10
 84  1.00  1.0  2.0000     -12.769  2.3E-08   0.00 |   2.98  -0.43   0.88   3.50 |  -0.33   0.05  -0.10
 85  1.00  1.0  2.0000     -12.769  1.9E-08   0.00 |  -0.65  -1.07  -2.72   3.50 |   0.07   0.12   0.30
 87  1.00  1.0  2.0000     -10.543  1.4E-08   0.00 |  -0.46  -1.29  -0.89   2.50 |  -0.09  -0.26  -0.18
 89  1.00  1.0  2.0000     -10.543  1.4E-08   0.00 |  -0.33   2.32   0.22   2.50 |  -0.07   0.46   0.04
 88  1.00  1.0  2.0000     -10.543  8.0E-09   0.00 |  -0.71   0.47   2.18   2.50 |  -0.14   0.09   0.43
111 -1.00  1.0  2.0000      -9.240  2.0E-08   0.00 |   0.27   1.75   2.85   5.50 |   0.02   0.16   0.26
114 -1.00  1.0  2.0000      -9.240  3.9E-08   0.00 |  -2.08  -0.89  -1.24   5.50 |  -0.19  -0.08  -0.11
115 -1.00  1.0  2.0000      -9.240  3.0E-08   0.00 |   3.22   0.85  -0.02   5.50 |   0.29   0.08  -0.00
112 -1.00  1.0  2.0000      -9.240  3.7E-08   0.00 |  -1.43  -0.87  -2.74   5.50 |  -0.13  -0.08  -0.25
113 -1.00  1.0  2.0000      -9.240  3.4E-08   0.00 |  -1.37   3.29   1.55   5.50 |  -0.12   0.30   0.14
110 -1.00  1.0  2.0000      -9.240  1.6E-08   0.00 |  -1.61  -1.13  -3.40   5.50 |  -0.15  -0.10  -0.31
 90  1.00  1.0  2.0000      -8.780  6.5E-09   0.00 |  -0.50  -1.00  -1.00   1.50 |   0.10   0.20   0.20
 91  1.00  1.0  2.0000      -8.780  6.5E-09   0.00 |   1.50   0.00   0.00   1.50 |  -0.30   0.00   0.00
 92  1.00  1.0  2.0000      -7.967  5.1E-09   0.00 |  -0.50   0.50   0.50   0.50 |  -0.50   0.50   0.50
116 -1.00  1.0  0.0000      -3.651  3.1E-08   0.00 |  -0.00  -1.51  -2.67   4.50 |   0.00   0.14   0.24
117 -1.00  1.0  0.0000      -3.651  2.9E-08   0.00 |  -0.57   0.93   2.51   4.50 |   0.05  -0.08  -0.23
118 -1.00  1.0  0.0000      -3.651  2.9E-08   0.00 |  -1.00   1.54  -0.39   4.50 |   0.09  -0.14   0.04
120 -1.00  1.0  0.0000      -3.651  2.8E-08   0.00 |   2.19  -0.98   2.27   4.50 |  -0.20   0.09  -0.21
119 -1.00  1.0  0.0000      -3.650  3.5E-08   0.00 |   1.88  -2.49   0.78   4.50 |  -0.17   0.23  -0.07
 95  1.00  1.0  0.0000      -1.382  1.7E-08   0.00 |  -1.39  -3.75  -1.93   6.50 |  -0.11  -0.29  -0.15
 96 -1.00  1.0  0.0000      -1.382  3.9E-08   0.00 |  -0.06   2.44   3.62   6.50 |  -0.00   0.19   0.28
 94  1.00  1.0  0.0000      -1.382  4.0E-08   0.00 |  -0.21   2.42   2.10   6.50 |  -0.02   0.19   0.16
 93  1.00  1.0  0.0000      -1.382  1.5E-08   0.00 |  -3.63   2.24   1.22   6.50 |  -0.28   0.17   0.09
----------------------------------------------------------------------------------------------------------
------------------------ Electric Multipole Moments -------------------------
Quantisation Axis             : Z
  With secondary axis ordering: X,Y
  Calculated wrt to COM = (   0.000   0.000   0.000)
______________________________________________________________________________
                   Neutrons        Protons          Charge         Total
______________________________________________________________________________
 Particles          126.0000         82.0000         82.0001        208.0000

Re  Q_{ 2 0}         -0.0000         -0.0000         -0.0000         -0.0000
Re  Q_{ 2 2}          0.0000          0.0000          0.0000          0.0000

Re  Q_{ 4 0}         15.0166         -1.1981          0.8222         13.8185
Re  Q_{ 4 2}          0.0000          0.0000          0.0000          0.0000
Re  Q_{ 4 4}          8.9742         -0.7160          0.4914          8.2582

Re  Q_{ 6 0}        244.9971        -10.6429          6.5374        234.3543
Re  Q_{ 6 2}         -0.0000          0.0000          0.0000         -0.0000
Re  Q_{ 6 4}       -458.3479         19.9107        -12.2306       -438.4373
Re  Q_{ 6 6}          0.0000         -0.0000         -0.0000          0.0000

Re  Q_{ 8 0}      44146.4585      -2540.2232       1423.7089      41606.2353
Re  Q_{ 8 2}          0.0002         -0.0001         -0.0000          0.0001
Re  Q_{ 8 4}      16601.3077       -955.2520        535.3875      15646.0557
Re  Q_{ 8 6}         -0.0000         -0.0001         -0.0001         -0.0001
Re  Q_{ 8 8}      25294.1442      -1455.4428        815.7305      23838.7014

Re  Q_{10 0}     797956.0952     -19301.0811      -1999.6796     778655.0141
Re  Q_{10 2}          0.0502          0.0040          0.0053          0.0542
Re  Q_{10 4}    -804070.7601      19448.9727       2014.9925    -784621.7874
Re  Q_{10 6}         -0.0164         -0.0015         -0.0016         -0.0179
Re  Q_{10 8}    -957035.6378      23148.8971       2398.3106    -933886.7408
Re  Q_{1010}         -0.0367          0.0029          0.0016         -0.0338

 RMS radius           5.5856          5.4446          5.4958          5.5304
 Fourth mom.          5.9487          5.7663          5.8367          5.8789
______________________________________________________________________________
                   Neutrons        Protons          Charge         Total
______________________________________________________________________________

Beta_{ 2 0}      -0.00000000     -0.00000000     -0.00000000     -0.00000000
Beta_{ 2 2}       0.00000000      0.00000000      0.00000000      0.00000000

Beta_{ 4 0}       0.00011834     -0.00000944      0.00000648      0.00010890
Beta_{ 4 2}       0.00000000      0.00000000      0.00000000      0.00000000
Beta_{ 4 4}       0.00007072     -0.00000564      0.00000387      0.00006508

Beta_{ 6 0}       0.00003819     -0.00000166      0.00000102      0.00003653
Beta_{ 6 2}      -0.00000000      0.00000000      0.00000000     -0.00000000
Beta_{ 6 4}      -0.00007145      0.00000310     -0.00000191     -0.00006835
Beta_{ 6 6}       0.00000000     -0.00000000     -0.00000000      0.00000000

Beta_{ 8 0}       0.00013613     -0.00000783      0.00000439      0.00012830
Beta_{ 8 2}       0.00000000     -0.00000000     -0.00000000      0.00000000
Beta_{ 8 4}       0.00005119     -0.00000295      0.00000165      0.00004825
Beta_{ 8 6}      -0.00000000     -0.00000000     -0.00000000     -0.00000000
Beta_{ 8 8}       0.00007800     -0.00000449      0.00000252      0.00007351

Beta_{10 0}       0.00004868     -0.00000118     -0.00000012      0.00004750
Beta_{10 2}       0.00000000      0.00000000      0.00000000      0.00000000
Beta_{10 4}      -0.00004905      0.00000119      0.00000012     -0.00004786
Beta_{10 6}      -0.00000000     -0.00000000     -0.00000000     -0.00000000
Beta_{10 8}      -0.00005838      0.00000141      0.00000015     -0.00005697
Beta_{1010}      -0.00000000      0.00000000      0.00000000     -0.00000000


______________________________________________________________________________
                   Neutrons        Protons          Charge         Total
______________________________________________________________________________
Q_{ 2}                0.0000          0.0000          0.0000          0.0000
Q_{ 4}               19.6614          1.5687          1.0765         18.0927
Q_{ 6}              692.9568         30.1021         18.4909        662.8547
Q_{ 8}            61479.2981       3537.5662       1982.6899      57941.7319
Q_{10}          1939491.6676      46912.6814       4860.3391    1892578.9861
______________________________________________________________________________
                   Neutrons        Protons          Charge         Total
______________________________________________________________________________
Beta_{   2}       0.00000000      0.00000000      0.00000000      0.00000000
Beta_{   4}       0.00015494      0.00001236      0.00000848      0.00014258
Beta_{   6}       0.00010802      0.00000469      0.00000288      0.00010333
Beta_{   8}       0.00018958      0.00001091      0.00000611      0.00017868
Beta_{  10}       0.00011831      0.00000286      0.00000030      0.00011545
______________________________________________________________________________
 Cart. Moments X              Y              Z
 Cart. N        0.0000023      0.0000022     -0.0000045
 Cart. P        0.0000023      0.0000023     -0.0000046
 Cart. T        0.0000046      0.0000045     -0.0000090
 (Q, gamma)    Q              Gamma
 (Q,g) N        0.0000045    179.6381421
 (Q,g) P        0.0000046    179.7457567
 (Q,g) T        0.0000090    179.6926277
 (iq1, iq2)    iq1            iq2
 iq    N       -0.0000045      0.0000000
 iq    P       -0.0000046      0.0000000
 iq    T       -0.0000091      0.0000001
               X^2            Y^2            Z^2
 X^2_i N     1310.3466643   1310.3466643   1310.3466621
 X^2_i P      810.2508663    810.2508663    810.2508640
 X^2_i T     2120.5975306   2120.5975306   2120.5975261
----------------------------------------------------------------------------
----------------------- Box Size Check -------------------------
 Xmax = (nx+0.5)dx = 12.250 fm,  max(rho(X=Xmax)) =    1.088E-05
 Ymax = (ny+0.5)dx = 12.250 fm,  max(rho(Y=Ymax)) =    1.088E-05
 Zmax = (nz+0.5)dx = 12.250 fm,  max(rho(Z=Zmax)) =    1.088E-05
---------------------Rotational properties--------------------
                Rigid rotor          (hbar^2/MeV)
              n              p              t 
 I_R X      63.1933390     39.0755050    102.2688439
 I_R Y      63.1933390     39.0755050    102.2688439
 I_R Z      63.1933390     39.0755050    102.2688440

                Belyaev                 (hbar^2/MeV) 
              n              p              t 
 I_B X       0.0000003      0.0000000      0.0000004
 I_B Y       0.0000003      0.0000000      0.0000003
 I_B Z       0.0000003      0.0000000      0.0000004

                Belyaev (collective)    (hbar^2/MeV) 
              n              p              t 
 I_B X       0.0000000      0.0000000      0.0000000
 I_B Y       0.0000000      0.0000000      0.0000000
 I_B Z       0.0000000      0.0000000      0.0000000

                 <J^2> - <J>^2          (hbar^2)
              n              p              t 
 J2_X        0.0000012      0.0000001      0.0000013
 J2_Y        0.0000010      0.0000001      0.0000011
 J2_Z        0.0000013      0.0000001      0.0000014
 J2_t        0.0000035      0.0000003      0.0000038

                 <J^2> - <J>^2 (coll.)  (hbar^2)
              n              p              t 
 J2_X        0.0000000      0.0000000      0.0000000
 J2_Y        0.0000000      0.0000000      0.0000000
 J2_Z        0.0000000      0.0000000      0.0000000
 J2_t        0.0000000      0.0000000      0.0000000
------------------------- Angular Momentum (hbar) --------------------------

               Spwfs(*)    Desired     Omega       E (MeV)      Densit. 
  __________________________________________________________________________
   J_x   |     0.00000     0.00000     0.00000     0.00000     0.00000
   J_y   |     0.00000     0.00000     0.00000     0.00000     0.00000
   J_z   |     0.00000     0.00000     0.00000     0.00000     0.00000
  __________________________________________________________________________
   Size  |     0.00000     0.00000     0.00000                 0.00000
  --------------------------------------------------------------------------
--------------------------------------------------------------------------------
 Skyrme Energy                Isospin  1 2 3 4                   Energy [MeV]
--------------------------------------------------------------------------------
E_D_I_I_D_I_I                          0 0                     -17357.613799
E_D_I_I_D_I_I                          1 1                        418.239367
E_D_I_I_D_I_I_D_I_I                    0 0 0                     9922.716033
E_D_I_I_D_I_I_D_I_I                    0 1 1                     -277.716422
E_D_I_I_D_Nm_Nm                        0 0                        761.149804
E_D_I_I_D_Nm_Nm                        1 1                        -26.082244
E_D_I_I_Lap_D_I_I                      0 0                        271.311500
E_D_I_I_Lap_D_I_I                      1 1                         -0.095464
E_C_I_NmSk_C_I_NmSk                    0 0                         -0.000000
E_C_I_NmSk_C_I_NmSk                    1 1                         -0.000000
E_D_I_I_D_I_I_D_Nm_Nm                  0 0 0                        0.000000
E_D_I_I_D_I_I_D_Nm_Nm                  0 1 1                       -0.000000
E_D_I_I_D_I_I_D_Nm_Nm                  0 0 0                        0.000000
E_D_I_I_D_I_I_D_Nm_Nm                  0 1 1                        0.000000
E_D_I_I_Derm_D_I_I_Derm_D_I_I          0 0 0                        0.000000
E_D_I_I_Derm_D_I_I_Derm_D_I_I          0 1 1                       -0.000000
E_D_I_I_Derm_D_I_I_Derm_D_I_I          0 0 0                       -0.000000
E_D_I_I_Derm_D_I_I_Derm_D_I_I          0 1 1                       -0.000000
E_D_I_I_Derm_D_I_I_D_I_I_Derm_D_I_I    0 0 0 0                      0.000000
E_D_I_I_Derm_D_I_I_D_I_I_Derm_D_I_I    0 0 1 1                     -0.000000
E_D_I_I_Derm_C_I_NxmSxm                0 0                        -93.040254
E_D_I_I_Derm_C_I_NxmSxm                1 1                         -0.822196
E_DP_I_I_DP_I_I                        n n                         -0.000000
E_DP_I_I_DP_I_I                        p p                         -0.000000
E_D_I_I_DP_I_I_DP_I_I                  0 n n                        0.000000
E_D_I_I_DP_I_I_DP_I_I                  0 p p                        0.000000
--------------------------------------------------------------------------------
                 Total Skyrme:                                  -6381.953676
--------------------------------------------------------------------------------
                    time-even:                                  -6381.953676
                    time-odd :                                      0.000000
                    bilinear :                                 -16026.953287
                    trilinear:                                      0.000000
                 quadrilinear:                                      0.000000
            density-dependent:                                   9644.999611
--------------------------------------------------------------------------------
--------------------------------------------------------------------------------
                                     neutron        proton         total
                Kinetic Energy:    2572.820550    1356.732435    3929.552984
                    COM 1-body:     -12.369330      -6.522752     -18.892082
                    COM 2-body:       8.734545       4.166154      12.900699
                            ph:       8.734545       4.166154      12.900699
                            pp:       0.000000       0.000000       0.000000

                Coulomb Direct:       0.000000     822.649886     822.649886
                  Dir. (point):       0.000000     826.077652     826.077652
                      Exchange:       0.000000       0.000000       0.000000
                  Exc. (point):       0.000000       0.000000       0.000000

               Pairing (delta):       0.000000       0.000000       0.000000
               Pairing (densi):                                     0.000000
--------------------------------------------------------------------------------
                  Total energy:                                 -1635.742188
                    from spwfs:                                 -1632.314413
                   E_fu - E_sp:                                -0.342777E+01
                      Routhian:                                 -1635.742188
                         dE   :                                -0.146866E-04
                         dR   :                                -0.146866E-04
--------------------------------------------------------------------------------
 Iteration =  111
 dt    =   0.0162      mu   =   0.7985 gradn =    0.000E+00 D2H  =    8.767E-08
 E     =  -1635.742    DE   =  0.27724E-09
 R     =  -1635.742    DR   =  0.27724E-09
 R-E   =      0.000  D(R-E) =  0.00000E+00
 dmun  =  0.0E+00      dmup=  0.0E+00
 RQ20t =      -0.0000   dQ =  5.8E-09  L =       0.0000   dL =  0.0E+00  dev =  0.0E+00
 RQ22t =       0.0000   dQ = -6.2E-10  L =       0.0000   dL =  0.0E+00  dev =  0.0E+00
 Jz    =       0.0000   dJZ=  0.0E+00 Om =       0.0000   dO =  0.0E+00  dev =  0.0E+00
--------------------------------------------------------------------------------------
 Iteration =  112
 dt    =   0.0162      mu   =   0.7985 gradn =    0.000E+00 D2H  =    8.709E-08
 E     =  -1635.742    DE   =  0.33093E-09
 R     =  -1635.742    DR   =  0.33093E-09
 R-E   =      0.000  D(R-E) =  0.00000E+00
 dmun  =  0.0E+00      dmup=  0.0E+00
 RQ20t =      -0.0000   dQ =  5.5E-09  L =       0.0000   dL =  0.0E+00  dev =  0.0E+00
 RQ22t =       0.0000   dQ = -5.5E-10  L =       0.0000   dL =  0.0E+00  dev =  0.0E+00
 Jz    =       0.0000   dJZ=  0.0E+00 Om =       0.0000   dO =  0.0E+00  dev =  0.0E+00
--------------------------------------------------------------------------------------
 Iteration =  113
 dt    =   0.0162      mu   =   0.7985 gradn =    0.000E+00 D2H  =    8.656E-08
 E     =  -1635.742    DE   =  0.33200E-09
 R     =  -1635.742    DR   =  0.33200E-09
 R-E   =      0.000  D(R-E) =  0.00000E+00
 dmun  =  0.0E+00      dmup=  0.0E+00
 RQ20t =      -0.0000   dQ =  5.3E-09  L =       0.0000   dL =  0.0E+00  dev =  0.0E+00
 RQ22t =       0.0000   dQ = -5.0E-10  L =       0.0000   dL =  0.0E+00  dev =  0.0E+00
 Jz    =       0.0000   dJZ=  0.0E+00 Om =       0.0000   dO =  0.0E+00  dev =  0.0E+00
--------------------------------------------------------------------------------------
 Iteration =  114
 dt    =   0.0162      mu   =   0.7985 gradn =    0.000E+00 D2H  =    8.611E-08
 E     =  -1635.742    DE   =  0.29023E-09
 R     =  -1635.742    DR   =  0.29023E-09
 R-E   =      0.000  D(R-E) =  0.00000E+00
 dmun  =  0.0E+00      dmup=  0.0E+00
 RQ20t =      -0.0000   dQ =  5.0E-09  L =       0.0000   dL =  0.0E+00  dev =  0.0E+00
 RQ22t =       0.0000   dQ = -4.4E-10  L =       0.0000   dL =  0.0E+00  dev =  0.0E+00
 Jz    =       0.0000   dJZ=  0.0E+00 Om =       0.0000   dO =  0.0E+00  dev =  0.0E+00
--------------------------------------------------------------------------------------
 Iteration =  115
 dt    =   0.0162      mu   =   0.7985 gradn =    0.000E+00 D2H  =    8.576E-08
 E     =  -1635.742    DE   =  0.21967E-09
 R     =  -1635.742    DR   =  0.21967E-09
 R-E   =      0.000  D(R-E) =  0.00000E+00
 dmun  =  0.0E+00      dmup=  0.0E+00
 RQ20t =      -0.0000   dQ =  4.8E-09  L =       0.0000   dL =  0.0E+00  dev =  0.0E+00
 RQ22t =       0.0000   dQ = -4.0E-10  L =       0.0000   dL =  0.0E+00  dev =  0.0E+00
 Jz    =       0.0000   dJZ=  0.0E+00 Om =       0.0000   dO =  0.0E+00  dev =  0.0E+00
--------------------------------------------------------------------------------------
 Iteration =  116
 dt    =   0.0162      mu   =   0.7985 gradn =    0.000E+00 D2H  =    8.550E-08
 E     =  -1635.742    DE   =  0.13669E-09
 R     =  -1635.742    DR   =  0.13669E-09
 R-E   =      0.000  D(R-E) =  0.00000E+00
 dmun  =  0.0E+00      dmup=  0.0E+00
 RQ20t =      -0.0000   dQ =  4.7E-09  L =       0.0000   dL =  0.0E+00  dev =  0.0E+00
 RQ22t =       0.0000   dQ = -3.7E-10  L =       0.0000   dL =  0.0E+00  dev =  0.0E+00
 Jz    =       0.0000   dJZ=  0.0E+00 Om =       0.0000   dO =  0.0E+00  dev =  0.0E+00
--------------------------------------------------------------------------------------
 Iteration =  117
 dt    =   0.0162      mu   =   0.7985 gradn =    0.000E+00 D2H  =    8.532E-08
 E     =  -1635.742    DE   =  0.57677E-10
 R     =  -1635.742    DR   =  0.57677E-10
 R-E   =      0.000  D(R-E) =  0.00000E+00
 dmun  =  0.0E+00      dmup=  0.0E+00
 RQ20t =      -0.0000   dQ =  4.5E-09  L =       0.0000   dL =  0.0E+00  dev =  0.0E+00
 RQ22t =       0.0000   dQ = -3.4E-10  L =       0.0000   dL =  0.0E+00  dev =  0.0E+00
 Jz    =       0.0000   dJZ=  0.0E+00 Om =       0.0000   dO =  0.0E+00  dev =  0.0E+00
--------------------------------------------------------------------------------------
 Iteration =  118
 dt    =   0.0162      mu   =   0.7985 gradn =    0.000E+00 D2H  =    8.517E-08
 E     =  -1635.742    DE   = -0.42844E-10
 R     =  -1635.742    DR   = -0.42844E-10
 R-E   =      0.000  D(R-E) =  0.00000E+00
 dmun  =  0.0E+00      dmup=  0.0E+00
 RQ20t =      -0.0000   dQ =  4.3E-09  L =       0.0000   dL =  0.0E+00  dev =  0.0E+00
 RQ22t =       0.0000   dQ = -3.1E-10  L =       0.0000   dL =  0.0E+00  dev =  0.0E+00
 Jz    =       0.0000   dJZ=  0.0E+00 Om =       0.0000   dO =  0.0E+00  dev =  0.0E+00
--------------------------------------------------------------------------------------
 Iteration =  119
 dt    =   0.0162      mu   =   0.7985 gradn =    0.000E+00 D2H  =    8.505E-08
 E     =  -1635.742    DE   = -0.55242E-10
 R     =  -1635.742    DR   = -0.55242E-10
 R-E   =      0.000  D(R-E) =  0.00000E+00
 dmun  =  0.0E+00      dmup=  0.0E+00
 RQ20t =      -0.0000   dQ =  4.1E-09  L =       0.0000   dL =  0.0E+00  dev =  0.0E+00
 RQ22t =       0.0000   dQ = -2.9E-10  L =       0.0000   dL =  0.0E+00  dev =  0.0E+00
 Jz    =       0.0000   dJZ=  0.0E+00 Om =       0.0000   dO =  0.0E+00  dev =  0.0E+00
--------------------------------------------------------------------------------------
--------------------------------------------------------------------------------------
                              Iteration =   120

--------------------- Hartree-Fock basis-------------------------------------------------------------------
__________________________________________________________________________________________________________
   Neutron wavefunctions
  i     P   Rz   occ          E       d2h    Delta |   JxT    JyT    Jz      J   |   SxT    SyT    Sz
----------------------------------------------------------------------------------------------------------
  1  1.00  1.0  2.0000     -49.951  2.4E-10   0.00 |  -0.50   0.50   0.50   0.50 |  -0.50   0.50   0.50
 36 -1.00  1.0  2.0000     -45.112  4.4E-10   0.00 |  -1.00  -0.50  -1.00   1.50 |  -0.33  -0.17  -0.33
 35 -1.00  1.0  2.0000     -45.112  4.6E-10   0.00 |  -0.00   1.50   0.00   1.50 |   0.00   0.50  -0.00
 37 -1.00  1.0  2.0000     -44.553  3.1E-10   0.00 |   0.50  -0.50   0.50   0.50 |  -0.17   0.17  -0.17
  4  1.00  1.0  2.0000     -39.214  5.5E-10   0.00 |  -0.30   0.66  -1.30   2.50 |  -0.06   0.13  -0.26
  2  1.00  1.0  2.0000     -39.214  7.3E-10   0.00 |  -0.13   0.59   1.66   2.50 |  -0.03   0.12   0.33
  3  1.00  1.0  2.0000     -39.214  7.7E-10   0.00 |  -1.07   0.25   1.15   2.50 |  -0.21   0.05   0.23
  6  1.00  1.0  2.0000     -37.867  6.7E-10   0.00 |   0.25   0.21  -1.46   1.50 |  -0.05  -0.04   0.29
  7  1.00  1.0  2.0000     -37.867  6.5E-10   0.00 |   0.75  -1.21   0.46   1.50 |  -0.15   0.24  -0.09
  5  1.00  1.0  2.0000     -35.669  5.7E-10   0.00 |  -0.50   0.50   0.50   0.50 |  -0.50   0.50   0.50
 39 -1.00  1.0  2.0000     -32.546  1.2E-09   0.00 |  -0.45   2.01   1.19   3.50 |  -0.06   0.29   0.17
 40 -1.00  1.0  2.0000     -32.546  1.7E-09   0.00 |  -0.75  -1.40  -1.16   3.50 |  -0.11  -0.20  -0.17
 41 -1.00  1.0  2.0000     -32.546  1.2E-09   0.00 |  -0.82  -1.31  -2.32   3.50 |  -0.12  -0.19  -0.33
 38 -1.00  1.0  2.0000     -32.546  1.2E-09   0.00 |   0.02   2.70   0.28   3.50 |   0.00   0.39   0.04
 45 -1.00  1.0  2.0000     -30.024  2.1E-09   0.00 |  -0.23  -0.79  -1.39   2.50 |   0.03   0.11   0.20
 46 -1.00  1.0  2.0000     -30.023  2.2E-09   0.00 |  -0.17   0.33   2.33   2.50 |   0.02  -0.05  -0.33
 44 -1.00  1.0  2.0000     -30.023  3.9E-10   0.00 |   1.89  -1.04   0.55   2.50 |  -0.27   0.15  -0.08
 42 -1.00  1.0  2.0000     -27.687  6.7E-10   0.00 |  -1.00  -0.50  -1.00   1.50 |  -0.33  -0.17  -0.33
 43 -1.00  1.0  2.0000     -27.687  6.5E-10   0.00 |  -0.00   1.50   0.00   1.50 |   0.00   0.50  -0.00
 47 -1.00  1.0  2.0000     -26.587  3.7E-10   0.00 |   0.50  -0.50   0.50   0.50 |  -0.17   0.17  -0.17
  9  1.00  1.0  2.0000     -25.319  2.2E-09   0.00 |   2.16  -1.10  -0.39   4.50 |   0.24  -0.12  -0.04
 10  1.00  1.0  2.0000     -25.319  2.5E-09   0.00 |  -1.51   1.49  -1.49   4.50 |  -0.17   0.17  -0.17
 12  1.00  1.0  2.0000     -25.319  3.5E-09   0.00 |  -3.13  -1.02  -0.39   4.50 |  -0.35  -0.11  -0.04
 11  1.00  1.0  2.0000     -25.319  2.9E-09   0.00 |   0.79  -0.30   3.95   4.50 |   0.09  -0.03   0.44
  8  1.00  1.0  2.0000     -25.319  2.5E-09   0.00 |  -0.81   3.42   0.82   4.50 |  -0.09   0.38   0.09
 19  1.00  1.0  2.0000     -21.270  8.2E-09   0.00 |   1.31   1.86   0.01   3.50 |  -0.15  -0.21  -0.00
 16  1.00  1.0  2.0000     -21.270  6.4E-09   0.00 |  -1.05  -2.38  -0.01   3.50 |   0.12   0.26   0.00
 17  1.00  1.0  2.0000     -21.270  3.5E-09   0.00 |   0.48  -2.24   0.43   3.50 |  -0.05   0.25  -0.05
 18  1.00  1.0  2.0000     -21.270  4.2E-09   0.00 |   1.27   0.77  -2.43   3.50 |  -0.14  -0.09   0.27
 14  1.00  1.0  2.0000     -19.649  6.2E-09   0.00 |  -0.43  -1.11  -1.12   2.50 |  -0.09  -0.22  -0.22
 15  1.00  1.0  2.0000     -19.649  6.7E-09   0.00 |  -0.57   1.50   0.77   2.50 |  -0.11   0.30   0.15
 13  1.00  1.0  2.0000     -19.649  1.8E-09   0.00 |  -0.50   1.12   1.86   2.50 |  -0.10   0.22   0.37
 50 -1.00  1.0  2.0000     -17.686  3.7E-09   0.00 |  -1.15   2.98  -1.06   5.50 |  -0.10   0.27  -0.10
 53 -1.00  1.0  2.0000     -17.686  4.7E-09   0.00 |   2.81   0.03   1.33   5.50 |   0.26   0.00   0.12
 51 -1.00  1.0  2.0000     -17.686  5.2E-09   0.00 |  -0.70  -1.89   0.55   5.50 |  -0.06  -0.17   0.05
 48 -1.00  1.0  2.0000     -17.685  5.2E-09   0.00 |  -1.07   4.23   0.94   5.50 |  -0.10   0.38   0.09
 52 -1.00  1.0  2.0000     -17.685  5.1E-09   0.00 |  -2.34  -1.38  -0.23   5.50 |  -0.21  -0.13  -0.02
 49 -1.00  1.0  2.0000     -17.685  3.4E-09   0.00 |  -0.55  -0.97  -4.52   5.50 |  -0.05  -0.09  -0.41
 21  1.00  1.0  2.0000     -17.665  1.1E-09   0.00 |  -0.50  -1.00  -1.00   1.50 |   0.10   0.20   0.20
 22  1.00  1.0  2.0000     -17.665  1.1E-09   0.00 |   1.50   0.00   0.00   1.50 |  -0.30   0.00   0.00
 20  1.00  1.0  2.0000     -17.356  4.8E-10   0.00 |  -0.50   0.50   0.50   0.50 |  -0.50   0.50   0.50
 59 -1.00  1.0  2.0000     -11.873  9.8E-09   0.00 |   2.27  -1.36   0.17   4.50 |  -0.21   0.12  -0.02
 58 -1.00  1.0  2.0000     -11.873  1.8E-08   0.00 |  -0.49  -2.49  -2.16   4.50 |   0.04   0.23   0.20
 62 -1.00  1.0  2.0000     -11.873  1.8E-08   0.00 |   0.13  -1.17   1.48   4.50 |  -0.01   0.11  -0.13
 61 -1.00  1.0  2.0000     -11.873  1.7E-08   0.00 |   0.45   1.82  -0.65   4.50 |  -0.04  -0.17   0.06
 60 -1.00  1.0  2.0000     -11.872  2.0E-08   0.00 |   0.14   0.70   3.65   4.50 |  -0.01  -0.06  -0.33
 55 -1.00  1.0  2.0000     -11.584  4.0E-08   0.00 |  -0.59   0.24  -1.83   3.50 |  -0.08   0.03  -0.26
 56 -1.00  1.0  2.0000     -11.584  3.3E-08   0.00 |  -2.19  -1.10  -0.02   3.50 |  -0.31  -0.16  -0.00
 57 -1.00  1.0  2.0000     -11.584  1.1E-08   0.00 |  -0.95   1.80   1.36   3.50 |  -0.14   0.26   0.19
 54 -1.00  1.0  2.0000     -11.584  8.6E-09   0.00 |   1.73   1.06  -1.52   3.50 |   0.25   0.15  -0.22
 29  1.00  1.0  2.0000      -9.758  4.8E-09   0.00 |  -1.63  -0.64  -3.89   6.50 |  -0.13  -0.05  -0.30
 28  1.00  1.0  2.0000      -9.758  7.8E-09   0.00 |   0.14   2.63   0.52   6.50 |   0.01   0.20   0.04
 24  1.00  1.0  2.0000      -9.758  9.7E-09   0.00 |   0.65  -1.50   2.47   6.50 |   0.05  -0.12   0.19
 25  1.00  1.0  2.0000      -9.758  8.9E-09   0.00 |  -1.23  -3.09   0.83   6.50 |  -0.09  -0.24   0.06
 27  1.00  1.0  2.0000      -9.758  1.3E-08   0.00 |  -0.36   5.16   1.24   6.50 |  -0.03   0.40   0.10
 23  1.00  1.0  2.0000      -9.758  1.1E-08   0.00 |   1.54  -0.17   3.26   6.50 |   0.12  -0.01   0.25
 26  1.00  1.0  2.0000      -9.758  1.4E-08   0.00 |  -2.61   1.13  -0.94   6.50 |  -0.20   0.09  -0.07
 66 -1.00  1.0  2.0000      -8.814  2.0E-06   0.00 |   1.84  -0.47   1.10   2.50 |  -0.26   0.07  -0.16
 65 -1.00  1.0  2.0000      -8.814  1.1E-06   0.00 |  -0.76  -2.03  -0.66   2.50 |   0.11   0.29   0.09
 67 -1.00  1.0  2.0000      -8.814  1.1E-06   0.00 |   0.42   0.99   1.06   2.50 |  -0.06  -0.14  -0.15
 64 -1.00  1.0  2.0000      -8.808  2.0E-06   0.00 |  -1.00  -0.50  -1.00   1.50 |  -0.33  -0.17  -0.33
 63 -1.00  1.0  2.0000      -8.808  2.0E-06   0.00 |   0.00   1.50   0.00   1.50 |  -0.00   0.50  -0.00
 68 -1.00  1.0  2.0000      -7.785  3.1E-10   0.00 |   0.50  -0.50   0.50   0.50 |  -0.17   0.17  -0.17
 30  1.00  1.0  0.0000      -3.611  6.2E-06   0.00 |  -1.60  -1.27  -1.08   4.50 |  -0.18  -0.14  -0.12
 33  1.00  1.0  0.0000      -3.609  6.3E-06   0.00 |  -1.17  -1.76  -2.35   4.50 |  -0.13  -0.20  -0.26
 32  1.00  1.0  0.0000      -3.609  6.4E-06   0.00 |  -0.56   0.24   3.83   4.50 |  -0.06   0.02   0.43
 34 -1.00  1.0  0.0000      -3.608  4.4E-06   0.00 |  -0.47   3.94   0.85   4.50 |  -0.05   0.44   0.09
 31  1.00  1.0  0.0000      -3.608  4.0E-06   0.00 |   1.30   1.35   1.25   4.50 |   0.15   0.15   0.14
 69 -1.00  1.0  0.0000      -1.619  2.8E-08   0.00 |  -4.25  -1.98  -1.53   7.50 |  -0.28  -0.13  -0.10
 70  1.00  1.0  0.0000      -1.619  5.0E-08   0.00 |   3.08   1.94  -1.67   7.50 |   0.21   0.13  -0.11
__________________________________________________________________________________________________________
   Proton  wavefunctions
  i     P   Rz   occ          E       d2h    Delta |   JxT    JyT    Jz      J   |   SxT    SyT    Sz
----------------------------------------------------------------------------------------------------------
 71  1.00  1.0  2.0000     -40.382  3.3E-10   0.00 |  -0.50   0.50   0.50   0.50 |  -0.50   0.50   0.50
 98 -1.00  1.0  2.0000     -35.872  3.6E-10   0.00 |  -1.00  -0.50  -1.00   1.50 |  -0.33  -0.17  -0.33
 97 -1.00  1.0  2.0000     -35.872  3.3E-10   0.00 |  -0.00   1.50   0.00   1.50 |   0.00   0.50  -0.00
 99 -1.00  1.0  2.0000     -35.321  3.0E-10   0.00 |   0.50  -0.50   0.50   0.50 |  -0.17   0.17  -0.17
 74  1.00  1.0  2.0000     -30.219  9.7E-09   0.00 |  -0.78   0.01  -1.35   2.50 |  -0.16   0.00  -0.27
 72  1.00  1.0  2.0000     -30.219  1.0E-08   0.00 |   0.42   0.06   2.00   2.50 |   0.08   0.01   0.40
 73  1.00  1.0  2.0000     -30.219  3.0E-09   0.00 |  -1.14   1.43   0.85   2.50 |  -0.23   0.29   0.17
 75  1.00  1.0  2.0000     -28.878  2.4E-09   0.00 |  -0.25  -0.31  -1.45   1.50 |   0.05   0.06   0.29
 76  1.00  1.0  2.0000     -28.878  2.4E-09   0.00 |   1.25  -0.69   0.45   1.50 |  -0.25   0.14  -0.09
 77  1.00  1.0  2.0000     -26.157  6.1E-10   0.00 |  -0.50   0.50   0.50   0.50 |  -0.50   0.50   0.50
101 -1.00  1.0  2.0000     -23.766  6.8E-09   0.00 |   0.59  -0.72   2.24   3.50 |   0.08  -0.10   0.32
100 -1.00  1.0  2.0000     -23.766  2.7E-09   0.00 |  -0.31   0.19  -2.99   3.50 |  -0.04   0.03  -0.43
102 -1.00  1.0  2.0000     -23.766  1.2E-08   0.00 |  -2.47  -0.93  -1.06   3.50 |  -0.35  -0.13  -0.15
103 -1.00  1.0  2.0000     -23.766  6.0E-09   0.00 |   0.19   3.46  -0.19   3.50 |   0.03   0.49  -0.03
105 -1.00  1.0  2.0000     -21.269  4.6E-09   0.00 |   0.01   0.95  -1.20   2.50 |  -0.00  -0.14   0.17
104 -1.00  1.0  2.0000     -21.268  2.8E-09   0.00 |   0.55  -0.48   2.27   2.50 |  -0.08   0.07  -0.32
106 -1.00  1.0  2.0000     -21.268  2.4E-09   0.00 |   0.94  -1.97   0.43   2.50 |  -0.13   0.28  -0.06
108 -1.00  1.0  2.0000     -18.452  5.2E-10   0.00 |   0.37   0.50  -1.37   1.50 |   0.12   0.17  -0.46
107 -1.00  1.0  2.0000     -18.452  5.3E-10   0.00 |  -1.37   0.50   0.37   1.50 |  -0.46   0.17   0.12
109 -1.00  1.0  2.0000     -17.443  4.6E-10   0.00 |   0.50  -0.50   0.50   0.50 |  -0.17   0.17  -0.17
 78  1.00  1.0  2.0000     -16.727  9.2E-09   0.00 |   1.81   1.37   1.21   4.50 |   0.20   0.15   0.13
 81  1.00  1.0  2.0000     -16.727  2.1E-08   0.00 |  -2.39  -2.27  -0.68   4.50 |  -0.27  -0.25  -0.08
 82  1.00  1.0  2.0000     -16.727  2.1E-08   0.00 |  -2.24  -1.09  -2.08   4.50 |  -0.25  -0.12  -0.23
 79  1.00  1.0  2.0000     -16.727  6.1E-09   0.00 |  -0.04   0.33   4.10   4.50 |  -0.00   0.04   0.46
 80  1.00  1.0  2.0000     -16.727  7.0E-09   0.00 |   0.35   4.16  -0.05   4.50 |   0.04   0.46  -0.01
 86  1.00  1.0  2.0000     -12.769  1.9E-08   0.00 |   0.66   2.07   0.70   3.50 |  -0.07  -0.23  -0.08
 83  1.00  1.0  2.0000     -12.769  1.3E-08   0.00 |  -0.99  -2.57  -0.86   3.50 |   0.11   0.29   0.10
 84  1.00  1.0  2.0000     -12.769  2.0E-08   0.00 |   2.98  -0.43   0.88   3.50 |  -0.33   0.05  -0.10
 85  1.00  1.0  2.0000     -12.769  1.5E-08   0.00 |  -0.65  -1.07  -2.72   3.50 |   0.07   0.12   0.30
 87  1.00  1.0  2.0000     -10.543  1.1E-08   0.00 |  -0.46  -1.29  -0.89   2.50 |  -0.09  -0.26  -0.18
 89  1.00  1.0  2.0000     -10.543  1.0E-08   0.00 |  -0.33   2.32   0.22   2.50 |  -0.07   0.46   0.04
 88  1.00  1.0  2.0000     -10.543  4.0E-09   0.00 |  -0.71   0.47   2.18   2.50 |  -0.14   0.09   0.43
111 -1.00  1.0  2.0000      -9.240  1.3E-08   0.00 |   0.27   1.75   2.85   5.50 |   0.02   0.16   0.26
114 -1.00  1.0  2.0000      -9.240  3.3E-08   0.00 |  -2.08  -0.89  -1.24   5.50 |  -0.19  -0.08  -0.11
115 -1.00  1.0  2.0000      -9.240  2.4E-08   0.00 |   3.22   0.85  -0.02   5.50 |   0.29   0.08  -0.00
112 -1.00  1.0  2.0000      -9.240  3.1E-08   0.00 |  -1.43  -0.87  -2.74   5.50 |  -0.13  -0.08  -0.25
113 -1.00  1.0  2.0000      -9.240  2.8E-08   0.00 |  -1.37   3.29   1.55   5.50 |  -0.12   0.30   0.14
110 -1.00  1.0  2.0000      -9.240  1.0E-08   0.00 |  -1.61  -1.13  -3.40   5.50 |  -0.15  -0.10  -0.31
 90  1.00  1.0  2.0000      -8.780  2.0E-09   0.00 |  -0.50  -1.00  -1.00   1.50 |   0.10   0.20   0.20
 91  1.00  1.0  2.0000      -8.780  2.0E-09   0.00 |   1.50   0.00   0.00   1.50 |  -0.30   0.00   0.00
 92  1.00  1.0  2.0000      -7.967  8.5E-10   0.00 |  -0.50   0.50   0.50   0.50 |  -0.50   0.50   0.50
116 -1.00  1.0  0.0000      -3.651  2.5E-08   0.00 |  -0.00  -1.51  -2.67   4.50 |   0.00   0.14   0.24
117 -1.00  1.0  0.0000      -3.651  2.4E-08   0.00 |  -0.57   0.93   2.51   4.50 |   0.05  -0.08  -0.23
118 -1.00  1.0  0.0000      -3.651  2.4E-08   0.00 |  -1.00   1.54  -0.39   4.50 |   0.09  -0.14   0.04
120 -1.00  1.0  0.0000      -3.651  2.2E-08   0.00 |   2.19  -0.98   2.27   4.50 |  -0.20   0.09  -0.21
119 -1.00  1.0  0.0000      -3.651  2.9E-08   0.00 |   1.88  -2.49   0.78   4.50 |  -0.17   0.23  -0.07
 95  1.00  1.0  0.0000      -1.382  9.3E-09   0.00 |  -1.39  -3.75  -1.93   6.50 |  -0.11  -0.29  -0.15
 96 -1.00  1.0  0.0000      -1.382  3.1E-08   0.00 |  -0.06   2.44   3.62   6.50 |  -0.00   0.19   0.28
 94  1.00  1.0  0.0000      -1.382  3.2E-08   0.00 |  -0.21   2.42   2.10   6.50 |  -0.02   0.19   0.16
 93  1.00  1.0  0.0000      -1.382  7.8E-09   0.00 |  -3.63   2.24   1.22   6.50 |  -0.28   0.17   0.09
----------------------------------------------------------------------------------------------------------
------------------------ Electric Multipole Moments -------------------------
Quantisation Axis             : Z
  With secondary axis ordering: X,Y
  Calculated wrt to COM = (   0.000   0.000   0.000)
______________________________________________________________________________
                   Neutrons        Protons          Charge         Total
______________________________________________________________________________
 Particles          126.0000         82.0000         82.0001        208.0000

Re  Q_{ 2 0}         -0.0000         -0.0000         -0.0000         -0.0000
Re  Q_{ 2 2}          0.0000          0.0000          0.0000          0.0000

Re  Q_{ 4 0}         15.0144         -1.2022          0.8181         13.8122
Re  Q_{ 4 2}          0.0000          0.0000          0.0000          0.0000
Re  Q_{ 4 4}          8.9729         -0.7184          0.4889          8.2544

Re  Q_{ 6 0}        245.0177        -10.6226          6.5575        234.3952
Re  Q_{ 6 2}         -0.0000         -0.0000         -0.0000         -0.0000
Re  Q_{ 6 4}       -458.3865         19.8727        -12.2683       -438.5138
Re  Q_{ 6 6}          0.0000          0.0000          0.0000          0.0000

Re  Q_{ 8 0}      44142.1848      -2535.6530       1428.0571      41606.5318
Re  Q_{ 8 2}          0.0001          0.0000          0.0000          0.0001
Re  Q_{ 8 4}      16599.7008       -953.5334        537.0226      15646.1674
Re  Q_{ 8 6}          0.0001          0.0000          0.0000          0.0001
Re  Q_{ 8 8}      25291.6951      -1452.8244        818.2218      23838.8707

Re  Q_{10 0}     798686.2945     -19215.4805      -1893.7581     779470.8140
Re  Q_{10 2}         -0.0106         -0.0035         -0.0038         -0.0141
Re  Q_{10 4}    -804806.5491      19362.7209       1908.2640    -785443.8282
Re  Q_{10 6}          0.0020          0.0016          0.0015          0.0035
Re  Q_{10 8}    -957911.4243      23046.2375       2271.2791    -934865.1868
Re  Q_{1010}          0.0192         -0.0001          0.0006          0.0191

 RMS radius           5.5856          5.4446          5.4958          5.5304
 Fourth mom.          5.9487          5.7664          5.8367          5.8789
______________________________________________________________________________
                   Neutrons        Protons          Charge         Total
______________________________________________________________________________

Beta_{ 2 0}      -0.00000000     -0.00000000     -0.00000000     -0.00000000
Beta_{ 2 2}       0.00000000      0.00000000      0.00000000      0.00000000

Beta_{ 4 0}       0.00011832     -0.00000947      0.00000645      0.00010885
Beta_{ 4 2}       0.00000000      0.00000000      0.00000000      0.00000000
Beta_{ 4 4}       0.00007071     -0.00000566      0.00000385      0.00006505

Beta_{ 6 0}       0.00003820     -0.00000166      0.00000102      0.00003654
Beta_{ 6 2}      -0.00000000     -0.00000000     -0.00000000     -0.00000000
Beta_{ 6 4}      -0.00007146      0.00000310     -0.00000191     -0.00006836
Beta_{ 6 6}       0.00000000      0.00000000      0.00000000      0.00000000

Beta_{ 8 0}       0.00013612     -0.00000782      0.00000440      0.00012830
Beta_{ 8 2}       0.00000000      0.00000000      0.00000000      0.00000000
Beta_{ 8 4}       0.00005119     -0.00000294      0.00000166      0.00004825
Beta_{ 8 6}       0.00000000      0.00000000      0.00000000      0.00000000
Beta_{ 8 8}       0.00007799     -0.00000448      0.00000252      0.00007351

Beta_{10 0}       0.00004872     -0.00000117     -0.00000012      0.00004755
Beta_{10 2}      -0.00000000     -0.00000000     -0.00000000     -0.00000000
Beta_{10 4}      -0.00004909      0.00000118      0.00000012     -0.00004791
Beta_{10 6}       0.00000000      0.00000000      0.00000000      0.00000000
Beta_{10 8}      -0.00005843      0.00000141      0.00000014     -0.00005703
Beta_{1010}       0.00000000     -0.00000000      0.00000000      0.00000000


______________________________________________________________________________
                   Neutrons        Protons          Charge         Total
______________________________________________________________________________
Q_{ 2}                0.0000          0.0000          0.0000          0.0000
Q_{ 4}               19.6585          1.5740          1.0712         18.0845
Q_{ 6}              693.0151         30.0447         18.5479        662.9704
Q_{ 8}            61473.3462       3531.2017       1988.7452      57942.1445
Q_{10}          1941266.4818      46704.6330       4602.8991    1894561.8488
______________________________________________________________________________
                   Neutrons        Protons          Charge         Total
______________________________________________________________________________
Beta_{   2}       0.00000000      0.00000000      0.00000000      0.00000000
Beta_{   4}       0.00015492      0.00001240      0.00000844      0.00014251
Beta_{   6}       0.00010803      0.00000468      0.00000289      0.00010335
Beta_{   8}       0.00018957      0.00001089      0.00000613      0.00017868
Beta_{  10}       0.00011842      0.00000285      0.00000028      0.00011557
______________________________________________________________________________
 Cart. Moments X              Y              Z
 Cart. N        0.0000022      0.0000022     -0.0000044
 Cart. P        0.0000023      0.0000022     -0.0000045
 Cart. T        0.0000045      0.0000044     -0.0000089
 (Q, gamma)    Q              Gamma
 (Q,g) N        0.0000044    179.7736639
 (Q,g) P        0.0000045    179.8362423
 (Q,g) T        0.0000089    179.8054613
 (iq1, iq2)    iq1            iq2
 iq    N       -0.0000044      0.0000000
 iq    P       -0.0000045      0.0000000
 iq    T       -0.0000089      0.0000000
               X^2            Y^2            Z^2
 X^2_i N     1310.3466519   1310.3466519   1310.3466497
 X^2_i P      810.2511140    810.2511140    810.2511117
 X^2_i T     2120.5977659   2120.5977659   2120.5977615
----------------------------------------------------------------------------
----------------------- Box Size Check -------------------------
 Xmax = (nx+0.5)dx = 12.250 fm,  max(rho(X=Xmax)) =    1.088E-05
 Ymax = (ny+0.5)dx = 12.250 fm,  max(rho(Y=Ymax)) =    1.088E-05
 Zmax = (nz+0.5)dx = 12.250 fm,  max(rho(Z=Zmax)) =    1.088E-05
---------------------Rotational properties--------------------
                Rigid rotor          (hbar^2/MeV)
              n              p              t 
 I_R X      63.1933384     39.0755169    102.2688553
 I_R Y      63.1933384     39.0755169    102.2688553
 I_R Z      63.1933384     39.0755170    102.2688554

                Belyaev                 (hbar^2/MeV) 
              n              p              t 
 I_B X       0.0000003      0.0000000      0.0000004
 I_B Y       0.0000003      0.0000000      0.0000003
 I_B Z       0.0000003      0.0000000      0.0000004

                Belyaev (collective)    (hbar^2/MeV) 
              n              p              t 
 I_B X       0.0000000      0.0000000      0.0000000
 I_B Y       0.0000000      0.0000000      0.0000000
 I_B Z       0.0000000      0.0000000      0.0000000

                 <J^2> - <J>^2          (hbar^2)
              n              p              t 
 J2_X        0.0000012      0.0000001      0.0000013
 J2_Y        0.0000010      0.0000001      0.0000011
 J2_Z        0.0000013      0.0000001      0.0000014
 J2_t        0.0000035      0.0000003      0.0000038

                 <J^2> - <J>^2 (coll.)  (hbar^2)
              n              p              t 
 J2_X        0.0000000      0.0000000      0.0000000
 J2_Y        0.0000000      0.0000000      0.0000000
 J2_Z        0.0000000      0.0000000      0.0000000
 J2_t        0.0000000      0.0000000      0.0000000
------------------------- Angular Momentum (hbar) --------------------------

               Spwfs(*)    Desired     Omega       E (MeV)      Densit. 
  __________________________________________________________________________
   J_x   |     0.00000     0.00000     0.00000     0.00000     0.00000
   J_y   |     0.00000     0.00000     0.00000     0.00000     0.00000
   J_z   |     0.00000     0.00000     0.00000     0.00000     0.00000
  __________________________________________________________________________
   Size  |     0.00000     0.00000     0.00000                 0.00000
  --------------------------------------------------------------------------
--------------------------------------------------------------------------------
 Skyrme Energy                Isospin  1 2 3 4                   Energy [MeV]
--------------------------------------------------------------------------------
E_D_I_I_D_I_I                          0 0                     -17357.611230
E_D_I_I_D_I_I                          1 1                        418.239781
E_D_I_I_D_I_I_D_I_I                    0 0 0                     9922.714261
E_D_I_I_D_I_I_D_I_I                    0 1 1                     -277.716770
E_D_I_I_D_Nm_Nm                        0 0                        761.149666
E_D_I_I_D_Nm_Nm                        1 1                        -26.082285
E_D_I_I_Lap_D_I_I                      0 0                        271.311407
E_D_I_I_Lap_D_I_I                      1 1                         -0.095464
E_C_I_NmSk_C_I_NmSk                    0 0                         -0.000000
E_C_I_NmSk_C_I_NmSk                    1 1                         -0.000000
E_D_I_I_D_I_I_D_Nm_Nm                  0 0 0                        0.000000
E_D_I_I_D_I_I_D_Nm_Nm                  0 1 1                       -0.000000
E_D_I_I_D_I_I_D_Nm_Nm                  0 0 0                        0.000000
E_D_I_I_D_I_I_D_Nm_Nm                  0 1 1                        0.000000
E_D_I_I_Derm_D_I_I_Derm_D_I_I          0 0 0                        0.000000
E_D_I_I_Derm_D_I_I_Derm_D_I_I          0 1 1                       -0.000000
E_D_I_I_Derm_D_I_I_Derm_D_I_I          0 0 0                       -0.000000
E_D_I_I_Derm_D_I_I_Derm_D_I_I          0 1 1                       -0.000000
E_D_I_I_Derm_D_I_I_D_I_I_Derm_D_I_I    0 0 0 0                      0.000000
E_D_I_I_Derm_D_I_I_D_I_I_Derm_D_I_I    0 0 1 1                     -0.000000
E_D_I_I_Derm_C_I_NxmSxm                0 0                        -93.040223
E_D_I_I_Derm_C_I_NxmSxm                1 1                         -0.822200
E_DP_I_I_DP_I_I                        n n                         -0.000000
E_DP_I_I_DP_I_I                        p p                         -0.000000
E_D_I_I_DP_I_I_DP_I_I                  0 n n                        0.000000
E_D_I_I_DP_I_I_DP_I_I                  0 p p                        0.000000
--------------------------------------------------------------------------------
                 Total Skyrme:                                  -6381.953057
--------------------------------------------------------------------------------
                    time-even:                                  -6381.953057
                    time-odd :                                      0.000000
                    bilinear :                                 -16026.950547
                    trilinear:                                      0.000000
                 quadrilinear:                                      0.000000
            density-dependent:                                   9644.997490
--------------------------------------------------------------------------------
--------------------------------------------------------------------------------
                                     neutron        proton         total
                Kinetic Energy:    2572.820602    1356.731883    3929.552485
                    COM 1-body:     -12.369330      -6.522749     -18.892079
                    COM 2-body:       8.734546       4.166153      12.900699
                            ph:       8.734546       4.166153      12.900699
                            pp:       0.000000       0.000000       0.000000

                Coulomb Direct:       0.000000     822.649767     822.649767
                  Dir. (point):       0.000000     826.077531     826.077531
                      Exchange:       0.000000       0.000000       0.000000
                  Exc. (point):       0.000000       0.000000       0.000000

               Pairing (delta):       0.000000       0.000000       0.000000
               Pairing (densi):                                     0.000000
--------------------------------------------------------------------------------
                  Total energy:                                 -1635.742186
                    from spwfs:                                 -1632.314461
                   E_fu - E_sp:                                -0.342772E+01
                      Routhian:                                 -1635.742186
                         dE   :                                -0.245114E-06
                         dR   :                                -0.245114E-06
--------------------------------------------------------------------------------
 Iteration =  121
 dt    =   0.0162      mu   =   0.7985 gradn =    0.000E+00 D2H  =    8.483E-08
 E     =  -1635.742    DE   = -0.10772E-09
 R     =  -1635.742    DR   = -0.10772E-09
 R-E   =      0.000  D(R-E) =  0.00000E+00
 dmun  =  0.0E+00      dmup=  0.0E+00
 RQ20t =      -0.0000   dQ =  3.6E-09  L =       0.0000   dL =  0.0E+00  dev =  0.0E+00
 RQ22t =       0.0000   dQ = -2.5E-10  L =       0.0000   dL =  0.0E+00  dev =  0.0E+00
 Jz    =       0.0000   dJZ=  0.0E+00 Om =       0.0000   dO =  0.0E+00  dev =  0.0E+00
--------------------------------------------------------------------------------------
 Iteration =  122
 dt    =   0.0162      mu   =   0.7985 gradn =    0.000E+00 D2H  =    8.473E-08
 E     =  -1635.742    DE   = -0.10544E-09
 R     =  -1635.742    DR   = -0.10544E-09
 R-E   =      0.000  D(R-E) =  0.00000E+00
 dmun  =  0.0E+00      dmup=  0.0E+00
 RQ20t =      -0.0000   dQ =  3.5E-09  L =       0.0000   dL =  0.0E+00  dev =  0.0E+00
 RQ22t =       0.0000   dQ = -2.4E-10  L =       0.0000   dL =  0.0E+00  dev =  0.0E+00
 Jz    =       0.0000   dJZ=  0.0E+00 Om =       0.0000   dO =  0.0E+00  dev =  0.0E+00
--------------------------------------------------------------------------------------
 Iteration =  123
 dt    =   0.0162      mu   =   0.7985 gradn =    0.000E+00 D2H  =    8.465E-08
 E     =  -1635.742    DE   = -0.89877E-10
 R     =  -1635.742    DR   = -0.89877E-10
 R-E   =      0.000  D(R-E) =  0.00000E+00
 dmun  =  0.0E+00      dmup=  0.0E+00
 RQ20t =      -0.0000   dQ =  3.3E-09  L =       0.0000   dL =  0.0E+00  dev =  0.0E+00
 RQ22t =       0.0000   dQ = -2.3E-10  L =       0.0000   dL =  0.0E+00  dev =  0.0E+00
 Jz    =       0.0000   dJZ=  0.0E+00 Om =       0.0000   dO =  0.0E+00  dev =  0.0E+00
--------------------------------------------------------------------------------------
 Iteration =  124
 dt    =   0.0162      mu   =   0.7985 gradn =    0.000E+00 D2H  =    8.457E-08
 E     =  -1635.742    DE   = -0.69416E-10
 R     =  -1635.742    DR   = -0.69416E-10
 R-E   =      0.000  D(R-E) =  0.00000E+00
 dmun  =  0.0E+00      dmup=  0.0E+00
 RQ20t =      -0.0000   dQ =  3.2E-09  L =       0.0000   dL =  0.0E+00  dev =  0.0E+00
 RQ22t =       0.0000   dQ = -2.2E-10  L =       0.0000   dL =  0.0E+00  dev =  0.0E+00
 Jz    =       0.0000   dJZ=  0.0E+00 Om =       0.0000   dO =  0.0E+00  dev =  0.0E+00
--------------------------------------------------------------------------------------
 Iteration =  125
 dt    =   0.0162      mu   =   0.7985 gradn =    0.000E+00 D2H  =    8.452E-08
 E     =  -1635.742    DE   = -0.48705E-10
 R     =  -1635.742    DR   = -0.48705E-10
 R-E   =      0.000  D(R-E) =  0.00000E+00
 dmun  =  0.0E+00      dmup=  0.0E+00
 RQ20t =      -0.0000   dQ =  3.0E-09  L =       0.0000   dL =  0.0E+00  dev =  0.0E+00
 RQ22t =       0.0000   dQ = -2.1E-10  L =       0.0000   dL =  0.0E+00  dev =  0.0E+00
 Jz    =       0.0000   dJZ=  0.0E+00 Om =       0.0000   dO =  0.0E+00  dev =  0.0E+00
--------------------------------------------------------------------------------------
 Iteration =  126
 dt    =   0.0162      mu   =   0.7985 gradn =    0.000E+00 D2H  =    8.447E-08
 E     =  -1635.742    DE   = -0.31002E-10
 R     =  -1635.742    DR   = -0.31002E-10
 R-E   =      0.000  D(R-E) =  0.00000E+00
 dmun  =  0.0E+00      dmup=  0.0E+00
 RQ20t =      -0.0000   dQ =  2.8E-09  L =       0.0000   dL =  0.0E+00  dev =  0.0E+00
 RQ22t =       0.0000   dQ = -2.0E-10  L =       0.0000   dL =  0.0E+00  dev =  0.0E+00
 Jz    =       0.0000   dJZ=  0.0E+00 Om =       0.0000   dO =  0.0E+00  dev =  0.0E+00
--------------------------------------------------------------------------------------
 Iteration =  127
 dt    =   0.0162      mu   =   0.7985 gradn =    0.000E+00 D2H  =    8.443E-08
 E     =  -1635.742    DE   = -0.17908E-10
 R     =  -1635.742    DR   = -0.17908E-10
 R-E   =      0.000  D(R-E) =  0.00000E+00
 dmun  =  0.0E+00      dmup=  0.0E+00
 RQ20t =      -0.0000   dQ =  2.6E-09  L =       0.0000   dL =  0.0E+00  dev =  0.0E+00
 RQ22t =       0.0000   dQ = -1.9E-10  L =       0.0000   dL =  0.0E+00  dev =  0.0E+00
 Jz    =       0.0000   dJZ=  0.0E+00 Om =       0.0000   dO =  0.0E+00  dev =  0.0E+00
--------------------------------------------------------------------------------------
 Iteration =  128
 dt    =   0.0162      mu   =   0.7985 gradn =    0.000E+00 D2H  =    8.439E-08
 E     =  -1635.742    DE   = -0.23864E-10
 R     =  -1635.742    DR   = -0.23864E-10
 R-E   =      0.000  D(R-E) =  0.00000E+00
 dmun  =  0.0E+00      dmup=  0.0E+00
 RQ20t =      -0.0000   dQ =  2.4E-09  L =       0.0000   dL =  0.0E+00  dev =  0.0E+00
 RQ22t =       0.0000   dQ = -1.8E-10  L =       0.0000   dL =  0.0E+00  dev =  0.0E+00
 Jz    =       0.0000   dJZ=  0.0E+00 Om =       0.0000   dO =  0.0E+00  dev =  0.0E+00
--------------------------------------------------------------------------------------
 Iteration =  129
 dt    =   0.0162      mu   =   0.7985 gradn =    0.000E+00 D2H  =    8.436E-08
 E     =  -1635.742    DE   = -0.47291E-10
 R     =  -1635.742    DR   = -0.47291E-10
 R-E   =      0.000  D(R-E) =  0.00000E+00
 dmun  =  0.0E+00      dmup=  0.0E+00
 RQ20t =      -0.0000   dQ =  2.2E-09  L =       0.0000   dL =  0.0E+00  dev =  0.0E+00
 RQ22t =       0.0000   dQ = -1.6E-10  L =       0.0000   dL =  0.0E+00  dev =  0.0E+00
 Jz    =       0.0000   dJZ=  0.0E+00 Om =       0.0000   dO =  0.0E+00  dev =  0.0E+00
--------------------------------------------------------------------------------------
--------------------------------------------------------------------------------------
                              Iteration =   130

--------------------- Hartree-Fock basis-------------------------------------------------------------------
__________________________________________________________________________________________________________
   Neutron wavefunctions
  i     P   Rz   occ          E       d2h    Delta |   JxT    JyT    Jz      J   |   SxT    SyT    Sz
----------------------------------------------------------------------------------------------------------
  1  1.00  1.0  2.0000     -49.951  2.4E-11   0.00 |  -0.50   0.50   0.50   0.50 |  -0.50   0.50   0.50
 36 -1.00  1.0  2.0000     -45.112  6.0E-11   0.00 |  -1.00  -0.50  -1.00   1.50 |  -0.33  -0.17  -0.33
 35 -1.00  1.0  2.0000     -45.112  5.2E-11   0.00 |  -0.00   1.50   0.00   1.50 |   0.00   0.50  -0.00
 37 -1.00  1.0  2.0000     -44.553  2.3E-11   0.00 |   0.50  -0.50   0.50   0.50 |  -0.17   0.17  -0.17
  4  1.00  1.0  2.0000     -39.214  2.5E-10   0.00 |  -0.30   0.66  -1.30   2.50 |  -0.06   0.13  -0.26
  2  1.00  1.0  2.0000     -39.214  3.6E-10   0.00 |  -0.13   0.59   1.66   2.50 |  -0.03   0.12   0.33
  3  1.00  1.0  2.0000     -39.214  3.6E-10   0.00 |  -1.07   0.25   1.15   2.50 |  -0.21   0.05   0.23
  6  1.00  1.0  2.0000     -37.867  3.6E-10   0.00 |   0.25   0.21  -1.46   1.50 |  -0.05  -0.04   0.29
  7  1.00  1.0  2.0000     -37.867  3.9E-10   0.00 |   0.75  -1.21   0.46   1.50 |  -0.15   0.24  -0.09
  5  1.00  1.0  2.0000     -35.669  3.3E-11   0.00 |  -0.50   0.50   0.50   0.50 |  -0.50   0.50   0.50
 39 -1.00  1.0  2.0000     -32.546  7.9E-10   0.00 |  -0.45   2.01   1.19   3.50 |  -0.06   0.29   0.17
 40 -1.00  1.0  2.0000     -32.546  1.3E-09   0.00 |  -0.75  -1.40  -1.16   3.50 |  -0.11  -0.20  -0.17
 41 -1.00  1.0  2.0000     -32.546  8.7E-10   0.00 |  -0.82  -1.31  -2.32   3.50 |  -0.12  -0.19  -0.33
 38 -1.00  1.0  2.0000     -32.546  8.6E-10   0.00 |   0.02   2.70   0.28   3.50 |   0.00   0.39   0.04
 45 -1.00  1.0  2.0000     -30.024  1.9E-09   0.00 |  -0.23  -0.79  -1.39   2.50 |   0.03   0.11   0.20
 46 -1.00  1.0  2.0000     -30.023  2.0E-09   0.00 |  -0.17   0.33   2.33   2.50 |   0.02  -0.05  -0.33
 44 -1.00  1.0  2.0000     -30.023  1.3E-10   0.00 |   1.89  -1.04   0.55   2.50 |  -0.27   0.15  -0.08
 42 -1.00  1.0  2.0000     -27.687  1.1E-10   0.00 |  -1.00  -0.50  -1.00   1.50 |  -0.33  -0.17  -0.33
 43 -1.00  1.0  2.0000     -27.687  1.1E-10   0.00 |  -0.00   1.50   0.00   1.50 |   0.00   0.50  -0.00
 47 -1.00  1.0  2.0000     -26.587  1.9E-11   0.00 |   0.50  -0.50   0.50   0.50 |  -0.17   0.17  -0.17
  9  1.00  1.0  2.0000     -25.319  1.8E-09   0.00 |   2.16  -1.10  -0.39   4.50 |   0.24  -0.12  -0.04
 10  1.00  1.0  2.0000     -25.319  2.0E-09   0.00 |  -1.51   1.49  -1.49   4.50 |  -0.17   0.17  -0.17
 12  1.00  1.0  2.0000     -25.319  3.1E-09   0.00 |  -3.13  -1.02  -0.39   4.50 |  -0.35  -0.11  -0.04
 11  1.00  1.0  2.0000     -25.319  2.4E-09   0.00 |   0.79  -0.30   3.95   4.50 |   0.09  -0.03   0.44
  8  1.00  1.0  2.0000     -25.319  1.9E-09   0.00 |  -0.81   3.42   0.82   4.50 |  -0.09   0.38   0.09
 19  1.00  1.0  2.0000     -21.270  8.0E-09   0.00 |   1.31   1.86   0.01   3.50 |  -0.15  -0.21  -0.00
 16  1.00  1.0  2.0000     -21.270  6.2E-09   0.00 |  -1.05  -2.38  -0.01   3.50 |   0.12   0.26   0.00
 17  1.00  1.0  2.0000     -21.270  3.3E-09   0.00 |   0.48  -2.24   0.43   3.50 |  -0.05   0.25  -0.05
 18  1.00  1.0  2.0000     -21.270  4.0E-09   0.00 |   1.27   0.77  -2.43   3.50 |  -0.14  -0.09   0.27
 14  1.00  1.0  2.0000     -19.649  5.6E-09   0.00 |  -0.43  -1.11  -1.12   2.50 |  -0.09  -0.22  -0.22
 15  1.00  1.0  2.0000     -19.649  5.9E-09   0.00 |  -0.57   1.50   0.77   2.50 |  -0.11   0.30   0.15
 13  1.00  1.0  2.0000     -19.649  9.7E-10   0.00 |  -0.50   1.12   1.86   2.50 |  -0.10   0.22   0.37
 50 -1.00  1.0  2.0000     -17.686  3.3E-09   0.00 |  -1.15   2.98  -1.06   5.50 |  -0.10   0.27  -0.10
 53 -1.00  1.0  2.0000     -17.686  4.2E-09   0.00 |   2.81   0.03   1.33   5.50 |   0.26   0.00   0.12
 51 -1.00  1.0  2.0000     -17.686  4.7E-09   0.00 |  -0.70  -1.89   0.55   5.50 |  -0.06  -0.17   0.05
 48 -1.00  1.0  2.0000     -17.685  4.8E-09   0.00 |  -1.07   4.23   0.94   5.50 |  -0.10   0.38   0.09
 52 -1.00  1.0  2.0000     -17.685  4.7E-09   0.00 |  -2.34  -1.38  -0.23   5.50 |  -0.21  -0.13  -0.02
 49 -1.00  1.0  2.0000     -17.685  3.0E-09   0.00 |  -0.55  -0.97  -4.52   5.50 |  -0.05  -0.09  -0.41
 21  1.00  1.0  2.0000     -17.665  4.9E-10   0.00 |  -0.50  -1.00  -1.00   1.50 |   0.10   0.20   0.20
 22  1.00  1.0  2.0000     -17.665  4.9E-10   0.00 |   1.50   0.00   0.00   1.50 |  -0.30   0.00   0.00
 20  1.00  1.0  2.0000     -17.356  4.2E-11   0.00 |  -0.50   0.50   0.50   0.50 |  -0.50   0.50   0.50
 59 -1.00  1.0  2.0000     -11.873  9.4E-09   0.00 |   2.27  -1.36   0.17   4.50 |  -0.21   0.12  -0.02
 58 -1.00  1.0  2.0000     -11.873  1.7E-08   0.00 |  -0.49  -2.49  -2.16   4.50 |   0.04   0.23   0.20
 62 -1.00  1.0  2.0000     -11.873  1.8E-08   0.00 |   0.13  -1.17   1.48   4.50 |  -0.01   0.11  -0.13
 61 -1.00  1.0  2.0000     -11.873  1.6E-08   0.00 |   0.45   1.82  -0.65   4.50 |  -0.04  -0.17   0.06
 60 -1.00  1.0  2.0000     -11.872  1.9E-08   0.00 |   0.14   0.70   3.65   4.50 |  -0.01  -0.06  -0.33
 55 -1.00  1.0  2.0000     -11.584  3.9E-08   0.00 |  -0.59   0.24  -1.83   3.50 |  -0.08   0.03  -0.26
 56 -1.00  1.0  2.0000     -11.584  3.2E-08   0.00 |  -2.19  -1.10  -0.02   3.50 |  -0.31  -0.16  -0.00
 57 -1.00  1.0  2.0000     -11.584  1.0E-08   0.00 |  -0.95   1.80   1.36   3.50 |  -0.14   0.26   0.19
 54 -1.00  1.0  2.0000     -11.584  7.7E-09   0.00 |   1.73   1.06  -1.52   3.50 |   0.25   0.15  -0.22
 29  1.00  1.0  2.0000      -9.758  4.3E-09   0.00 |  -1.63  -0.64  -3.89   6.50 |  -0.13  -0.05  -0.30
 28  1.00  1.0  2.0000      -9.758  7.3E-09   0.00 |   0.14   2.63   0.52   6.50 |   0.01   0.20   0.04
 24  1.00  1.0  2.0000      -9.758  9.2E-09   0.00 |   0.65  -1.50   2.47   6.50 |   0.05  -0.12   0.19
 25  1.00  1.0  2.0000      -9.758  8.5E-09   0.00 |  -1.23  -3.09   0.83   6.50 |  -0.09  -0.24   0.06
 27  1.00  1.0  2.0000      -9.758  1.3E-08   0.00 |  -0.36   5.16   1.24   6.50 |  -0.03   0.40   0.10
 23  1.00  1.0  2.0000      -9.758  1.1E-08   0.00 |   1.54  -0.17   3.26   6.50 |   0.12  -0.01   0.25
 26  1.00  1.0  2.0000      -9.758  1.4E-08   0.00 |  -2.61   1.13  -0.94   6.50 |  -0.20   0.09  -0.07
 66 -1.00  1.0  2.0000      -8.814  2.0E-06   0.00 |   1.84  -0.47   1.10   2.50 |  -0.26   0.07  -0.16
 65 -1.00  1.0  2.0000      -8.814  1.1E-06   0.00 |  -0.76  -2.03  -0.66   2.50 |   0.11   0.29   0.09
 67 -1.00  1.0  2.0000      -8.814  1.1E-06   0.00 |   0.42   0.99   1.06   2.50 |  -0.06  -0.14  -0.15
 64 -1.00  1.0  2.0000      -8.808  2.0E-06   0.00 |  -1.00  -0.50  -1.00   1.50 |  -0.33  -0.17  -0.33
 63 -1.00  1.0  2.0000      -8.808  2.0E-06   0.00 |   0.00   1.50   0.00   1.50 |  -0.00   0.50  -0.00
 68 -1.00  1.0  2.0000      -7.785  3.3E-11   0.00 |   0.50  -0.50   0.50   0.50 |  -0.17   0.17  -0.17
 30  1.00  1.0  0.0000      -3.611  6.1E-06   0.00 |  -1.60  -1.28  -1.08   4.50 |  -0.18  -0.14  -0.12
 33  1.00  1.0  0.0000      -3.609  6.2E-06   0.00 |  -1.17  -1.76  -2.35   4.50 |  -0.13  -0.20  -0.26
 32  1.00  1.0  0.0000      -3.609  6.3E-06   0.00 |  -0.56   0.24   3.83   4.50 |  -0.06   0.02   0.43
 34 -1.00  1.0  0.0000      -3.608  4.4E-06   0.00 |  -0.47   3.94   0.85   4.50 |  -0.05   0.44   0.09
 31  1.00  1.0  0.0000      -3.608  3.9E-06   0.00 |   1.30   1.35   1.25   4.50 |   0.15   0.15   0.14
 69 -1.00  1.0  0.0000      -1.619  2.7E-08   0.00 |  -4.25  -1.98  -1.53   7.50 |  -0.28  -0.13  -0.10
 70  1.00  1.0  0.0000      -1.619  4.9E-08   0.00 |   3.08   1.94  -1.67   7.50 |   0.21   0.13  -0.11
__________________________________________________________________________________________________________
   Proton  wavefunctions
  i     P   Rz   occ          E       d2h    Delta |   JxT    JyT    Jz      J   |   SxT    SyT    Sz
----------------------------------------------------------------------------------------------------------
 71  1.00  1.0  2.0000     -40.382 -2.1E-11   0.00 |  -0.50   0.50   0.50   0.50 |  -0.50   0.50   0.50
 98 -1.00  1.0  2.0000     -35.872  4.3E-11   0.00 |  -1.00  -0.50  -1.00   1.50 |  -0.33  -0.17  -0.33
 97 -1.00  1.0  2.0000     -35.872  2.0E-11   0.00 |  -0.00   1.50   0.00   1.50 |   0.00   0.50  -0.00
 99 -1.00  1.0  2.0000     -35.321  1.8E-11   0.00 |   0.50  -0.50   0.50   0.50 |  -0.17   0.17  -0.17
 74  1.00  1.0  2.0000     -30.219  9.1E-09   0.00 |  -0.78   0.01  -1.35   2.50 |  -0.16   0.00  -0.27
 72  1.00  1.0  2.0000     -30.219  9.5E-09   0.00 |   0.42   0.06   2.00   2.50 |   0.08   0.01   0.40
 73  1.00  1.0  2.0000     -30.219  2.1E-09   0.00 |  -1.14   1.43   0.85   2.50 |  -0.23   0.29   0.17
 75  1.00  1.0  2.0000     -28.878  1.5E-09   0.00 |  -0.25  -0.31  -1.45   1.50 |   0.05   0.06   0.29
 76  1.00  1.0  2.0000     -28.878  1.5E-09   0.00 |   1.25  -0.69   0.45   1.50 |  -0.25   0.14  -0.09
 77  1.00  1.0  2.0000     -26.157  5.5E-11   0.00 |  -0.50   0.50   0.50   0.50 |  -0.50   0.50   0.50
101 -1.00  1.0  2.0000     -23.766  6.4E-09   0.00 |   0.59  -0.72   2.24   3.50 |   0.08  -0.10   0.32
100 -1.00  1.0  2.0000     -23.766  2.3E-09   0.00 |  -0.31   0.19  -2.99   3.50 |  -0.04   0.03  -0.43
102 -1.00  1.0  2.0000     -23.766  1.2E-08   0.00 |  -2.47  -0.93  -1.06   3.50 |  -0.35  -0.13  -0.15
103 -1.00  1.0  2.0000     -23.766  5.6E-09   0.00 |   0.19   3.46  -0.19   3.50 |   0.03   0.49  -0.03
105 -1.00  1.0  2.0000     -21.269  4.2E-09   0.00 |   0.01   0.95  -1.20   2.50 |  -0.00  -0.14   0.17
104 -1.00  1.0  2.0000     -21.268  2.4E-09   0.00 |   0.55  -0.48   2.27   2.50 |  -0.08   0.07  -0.32
106 -1.00  1.0  2.0000     -21.268  2.1E-09   0.00 |   0.94  -1.97   0.43   2.50 |  -0.13   0.28  -0.06
108 -1.00  1.0  2.0000     -18.452  6.7E-11   0.00 |   0.37   0.50  -1.37   1.50 |   0.12   0.17  -0.46
107 -1.00  1.0  2.0000     -18.452  7.5E-11   0.00 |  -1.37   0.50   0.37   1.50 |  -0.46   0.17   0.12
109 -1.00  1.0  2.0000     -17.443  3.6E-11   0.00 |   0.50  -0.50   0.50   0.50 |  -0.17   0.17  -0.17
 78  1.00  1.0  2.0000     -16.727  8.7E-09   0.00 |   1.81   1.37   1.21   4.50 |   0.20   0.15   0.13
 81  1.00  1.0  2.0000     -16.727  2.1E-08   0.00 |  -2.39  -2.27  -0.68   4.50 |  -0.27  -0.25  -0.08
 82  1.00  1.0  2.0000     -16.727  2.0E-08   0.00 |  -2.24  -1.09  -2.08   4.50 |  -0.25  -0.12  -0.23
 79  1.00  1.0  2.0000     -16.727  5.5E-09   0.00 |  -0.04   0.33   4.10   4.50 |  -0.00   0.04   0.46
 80  1.00  1.0  2.0000     -16.727  6.4E-09   0.00 |   0.35   4.16  -0.05   4.50 |   0.04   0.46  -0.01
 86  1.00  1.0  2.0000     -12.769  1.9E-08   0.00 |   0.66   2.07   0.70   3.50 |  -0.07  -0.23  -0.08
 83  1.00  1.0  2.0000     -12.769  1.3E-08   0.00 |  -0.99  -2.57  -0.86   3.50 |   0.11   0.29   0.10
 84  1.00  1.0  2.0000     -12.769  2.0E-08   0.00 |   2.98  -0.43   0.88   3.50 |  -0.33   0.05  -0.10
 85  1.00  1.0  2.0000     -12.769  1.5E-08   0.00 |  -0.65  -1.07  -2.72   3.50 |   0.07   0.12   0.30
 87  1.00  1.0  2.0000     -10.543  1.0E-08   0.00 |  -0.46  -1.29  -0.89   2.50 |  -0.09  -0.26  -0.18
 89  1.00  1.0  2.0000     -10.543  9.4E-09   0.00 |  -0.33   2.32   0.22   2.50 |  -0.07   0.46   0.04
 88  1.00  1.0  2.0000     -10.543  3.0E-09   0.00 |  -0.71   0.47   2.18   2.50 |  -0.14   0.09   0.43
111 -1.00  1.0  2.0000      -9.240  1.3E-08   0.00 |   0.27   1.75   2.85   5.50 |   0.02   0.16   0.26
114 -1.00  1.0  2.0000      -9.240  3.2E-08   0.00 |  -2.08  -0.89  -1.24   5.50 |  -0.19  -0.08  -0.11
115 -1.00  1.0  2.0000      -9.240  2.4E-08   0.00 |   3.22   0.85  -0.02   5.50 |   0.29   0.08  -0.00
112 -1.00  1.0  2.0000      -9.240  3.0E-08   0.00 |  -1.43  -0.87  -2.74   5.50 |  -0.13  -0.08  -0.25
113 -1.00  1.0  2.0000      -9.240  2.7E-08   0.00 |  -1.37   3.29   1.55   5.50 |  -0.12   0.30   0.14
110 -1.00  1.0  2.0000      -9.240  9.5E-09   0.00 |  -1.61  -1.13  -3.40   5.50 |  -0.15  -0.10  -0.31
 90  1.00  1.0  2.0000      -8.780  9.9E-10   0.00 |  -0.50  -1.00  -1.00   1.50 |   0.10   0.20   0.20
 91  1.00  1.0  2.0000      -8.780  9.9E-10   0.00 |   1.50   0.00   0.00   1.50 |  -0.30   0.00   0.00
 92  1.00  1.0  2.0000      -7.967  5.5E-11   0.00 |  -0.50   0.50   0.50   0.50 |  -0.50   0.50   0.50
116 -1.00  1.0  0.0000      -3.651  2.5E-08   0.00 |  -0.00  -1.51  -2.67   4.50 |   0.00   0.14   0.24
117 -1.00  1.0  0.0000      -3.651  2.3E-08   0.00 |  -0.57   0.93   2.51   4.50 |   0.05  -0.08  -0.23
118 -1.00  1.0  0.0000      -3.651  2.3E-08   0.00 |  -1.00   1.54  -0.39   4.50 |   0.09  -0.14   0.04
120 -1.00  1.0  0.0000      -3.651  2.2E-08   0.00 |   2.19  -0.98   2.27   4.50 |  -0.20   0.09  -0.21
119 -1.00  1.0  0.0000      -3.650  2.9E-08   0.00 |   1.88  -2.49   0.78   4.50 |  -0.17   0.23  -0.07
 95  1.00  1.0  0.0000      -1.382  8.2E-09   0.00 |  -1.39  -3.75  -1.93   6.50 |  -0.11  -0.29  -0.15
 96 -1.00  1.0  0.0000      -1.382  3.0E-08   0.00 |  -0.06   2.44   3.62   6.50 |  -0.00   0.19   0.28
 94  1.00  1.0  0.0000      -1.382  3.1E-08   0.00 |  -0.21   2.42   2.10   6.50 |  -0.02   0.19   0.16
 93  1.00  1.0  0.0000      -1.382  6.8E-09   0.00 |  -3.63   2.24   1.22   6.50 |  -0.28   0.17   0.09
----------------------------------------------------------------------------------------------------------
------------------------ Electric Multipole Moments -------------------------
Quantisation Axis             : Z
  With secondary axis ordering: X,Y
  Calculated wrt to COM = (   0.000   0.000   0.000)
______________________________________________________________________________
                   Neutrons        Protons          Charge         Total
______________________________________________________________________________
 Particles          126.0000         82.0000         82.0001        208.0000

Re  Q_{ 2 0}         -0.0000         -0.0000         -0.0000         -0.0000
Re  Q_{ 2 2}          0.0000          0.0000          0.0000          0.0000

Re  Q_{ 4 0}         15.0124         -1.2028          0.8175         13.8095
Re  Q_{ 4 2}          0.0000          0.0000          0.0000          0.0000
Re  Q_{ 4 4}          8.9716         -0.7188          0.4886          8.2528

Re  Q_{ 6 0}        245.0249        -10.6313          6.5491        234.3936
Re  Q_{ 6 2}         -0.0000          0.0000          0.0000         -0.0000
Re  Q_{ 6 4}       -458.3999         19.8891        -12.2525       -438.5108
Re  Q_{ 6 6}          0.0000          0.0000          0.0000          0.0000

Re  Q_{ 8 0}      44143.2676      -2536.6895       1427.1047      41606.5780
Re  Q_{ 8 2}         -0.0000         -0.0000         -0.0000         -0.0000
Re  Q_{ 8 4}      16600.1079       -953.9232        536.6645      15646.1848
Re  Q_{ 8 6}          0.0000         -0.0000         -0.0000          0.0000
Re  Q_{ 8 8}      25292.3155      -1453.4182        817.6762      23838.8972

Re  Q_{10 0}     798456.8386     -19224.0243      -1907.8079     779232.8143
Re  Q_{10 2}          0.0022          0.0011          0.0012          0.0033
Re  Q_{10 4}    -804575.3471      19371.3272       1922.4184    -785204.0200
Re  Q_{10 6}          0.0017         -0.0007         -0.0007          0.0009
Re  Q_{10 8}    -957636.2183      23056.4838       2288.1291    -934579.7345
Re  Q_{1010}         -0.0029         -0.0002         -0.0003         -0.0030

 RMS radius           5.5856          5.4446          5.4958          5.5304
 Fourth mom.          5.9487          5.7664          5.8367          5.8789
______________________________________________________________________________
                   Neutrons        Protons          Charge         Total
______________________________________________________________________________

Beta_{ 2 0}      -0.00000000     -0.00000000     -0.00000000     -0.00000000
Beta_{ 2 2}       0.00000000      0.00000000      0.00000000      0.00000000

Beta_{ 4 0}       0.00011830     -0.00000948      0.00000644      0.00010882
Beta_{ 4 2}       0.00000000      0.00000000      0.00000000      0.00000000
Beta_{ 4 4}       0.00007070     -0.00000566      0.00000385      0.00006504

Beta_{ 6 0}       0.00003820     -0.00000166      0.00000102      0.00003654
Beta_{ 6 2}      -0.00000000      0.00000000      0.00000000     -0.00000000
Beta_{ 6 4}      -0.00007146      0.00000310     -0.00000191     -0.00006836
Beta_{ 6 6}       0.00000000      0.00000000      0.00000000      0.00000000

Beta_{ 8 0}       0.00013612     -0.00000782      0.00000440      0.00012830
Beta_{ 8 2}      -0.00000000     -0.00000000     -0.00000000     -0.00000000
Beta_{ 8 4}       0.00005119     -0.00000294      0.00000165      0.00004825
Beta_{ 8 6}       0.00000000     -0.00000000     -0.00000000      0.00000000
Beta_{ 8 8}       0.00007799     -0.00000448      0.00000252      0.00007351

Beta_{10 0}       0.00004871     -0.00000117     -0.00000012      0.00004753
Beta_{10 2}       0.00000000      0.00000000      0.00000000      0.00000000
Beta_{10 4}      -0.00004908      0.00000118      0.00000012     -0.00004790
Beta_{10 6}       0.00000000     -0.00000000     -0.00000000      0.00000000
Beta_{10 8}      -0.00005842      0.00000141      0.00000014     -0.00005701
Beta_{1010}      -0.00000000     -0.00000000     -0.00000000     -0.00000000


______________________________________________________________________________
                   Neutrons        Protons          Charge         Total
______________________________________________________________________________
Q_{ 2}                0.0000          0.0000          0.0000          0.0000
Q_{ 4}               19.6558          1.5749          1.0704         18.0810
Q_{ 6}              693.0355         30.0695         18.5240        662.9659
Q_{ 8}            61474.8541       3532.6452       1987.4190      57942.2089
Q_{10}          1940708.7764      46725.3960       4637.0449    1893983.3803
______________________________________________________________________________
                   Neutrons        Protons          Charge         Total
______________________________________________________________________________
Beta_{   2}       0.00000000      0.00000000      0.00000000      0.00000000
Beta_{   4}       0.00015490      0.00001241      0.00000843      0.00014249
Beta_{   6}       0.00010804      0.00000469      0.00000289      0.00010335
Beta_{   8}       0.00018957      0.00001089      0.00000613      0.00017868
Beta_{  10}       0.00011838      0.00000285      0.00000028      0.00011553
______________________________________________________________________________
 Cart. Moments X              Y              Z
 Cart. N        0.0000022      0.0000022     -0.0000043
 Cart. P        0.0000022      0.0000022     -0.0000045
 Cart. T        0.0000044      0.0000044     -0.0000088
 (Q, gamma)    Q              Gamma
 (Q,g) N        0.0000043    179.8338308
 (Q,g) P        0.0000045    179.8911294
 (Q,g) T        0.0000088    179.8629821
 (iq1, iq2)    iq1            iq2
 iq    N       -0.0000043      0.0000000
 iq    P       -0.0000045      0.0000000
 iq    T       -0.0000088      0.0000000
               X^2            Y^2            Z^2
 X^2_i N     1310.3466532   1310.3466532   1310.3466510
 X^2_i P      810.2510156    810.2510156    810.2510134
 X^2_i T     2120.5976688   2120.5976688   2120.5976644
----------------------------------------------------------------------------
----------------------- Box Size Check -------------------------
 Xmax = (nx+0.5)dx = 12.250 fm,  max(rho(X=Xmax)) =    1.088E-05
 Ymax = (ny+0.5)dx = 12.250 fm,  max(rho(Y=Ymax)) =    1.088E-05
 Zmax = (nz+0.5)dx = 12.250 fm,  max(rho(Z=Zmax)) =    1.088E-05
---------------------Rotational properties--------------------
                Rigid rotor          (hbar^2/MeV)
              n              p              t 
 I_R X      63.1933384     39.0755122    102.2688506
 I_R Y      63.1933384     39.0755122    102.2688506
 I_R Z      63.1933385     39.0755122    102.2688507

                Belyaev                 (hbar^2/MeV) 
              n              p              t 
 I_B X       0.0000003      0.0000000      0.0000004
 I_B Y       0.0000003      0.0000000      0.0000003
 I_B Z       0.0000003      0.0000000      0.0000004

                Belyaev (collective)    (hbar^2/MeV) 
              n              p              t 
 I_B X       0.0000000      0.0000000      0.0000000
 I_B Y       0.0000000      0.0000000      0.0000000
 I_B Z       0.0000000      0.0000000      0.0000000

                 <J^2> - <J>^2          (hbar^2)
              n              p              t 
 J2_X        0.0000012      0.0000001      0.0000013
 J2_Y        0.0000010      0.0000001      0.0000011
 J2_Z        0.0000013      0.0000001      0.0000014
 J2_t        0.0000035      0.0000003      0.0000038

                 <J^2> - <J>^2 (coll.)  (hbar^2)
              n              p              t 
 J2_X        0.0000000      0.0000000      0.0000000
 J2_Y        0.0000000      0.0000000      0.0000000
 J2_Z        0.0000000      0.0000000      0.0000000
 J2_t        0.0000000      0.0000000      0.0000000
------------------------- Angular Momentum (hbar) --------------------------

               Spwfs(*)    Desired     Omega       E (MeV)      Densit. 
  __________________________________________________________________________
   J_x   |     0.00000     0.00000     0.00000     0.00000     0.00000
   J_y   |     0.00000     0.00000     0.00000     0.00000     0.00000
   J_z   |     0.00000     0.00000     0.00000     0.00000     0.00000
  __________________________________________________________________________
   Size  |     0.00000     0.00000     0.00000                 0.00000
  --------------------------------------------------------------------------
--------------------------------------------------------------------------------
 Skyrme Energy                Isospin  1 2 3 4                   Energy [MeV]
--------------------------------------------------------------------------------
E_D_I_I_D_I_I                          0 0                     -17357.612326
E_D_I_I_D_I_I                          1 1                        418.239647
E_D_I_I_D_I_I_D_I_I                    0 0 0                     9922.715093
E_D_I_I_D_I_I_D_I_I                    0 1 1                     -277.716669
E_D_I_I_D_Nm_Nm                        0 0                        761.149741
E_D_I_I_D_Nm_Nm                        1 1                        -26.082275
E_D_I_I_Lap_D_I_I                      0 0                        271.311424
E_D_I_I_Lap_D_I_I                      1 1                         -0.095464
E_C_I_NmSk_C_I_NmSk                    0 0                         -0.000000
E_C_I_NmSk_C_I_NmSk                    1 1                         -0.000000
E_D_I_I_D_I_I_D_Nm_Nm                  0 0 0                        0.000000
E_D_I_I_D_I_I_D_Nm_Nm                  0 1 1                       -0.000000
E_D_I_I_D_I_I_D_Nm_Nm                  0 0 0                        0.000000
E_D_I_I_D_I_I_D_Nm_Nm                  0 1 1                        0.000000
E_D_I_I_Derm_D_I_I_Derm_D_I_I          0 0 0                        0.000000
E_D_I_I_Derm_D_I_I_Derm_D_I_I          0 1 1                       -0.000000
E_D_I_I_Derm_D_I_I_Derm_D_I_I          0 0 0                       -0.000000
E_D_I_I_Derm_D_I_I_Derm_D_I_I          0 1 1                       -0.000000
E_D_I_I_Derm_D_I_I_D_I_I_Derm_D_I_I    0 0 0 0                      0.000000
E_D_I_I_Derm_D_I_I_D_I_I_Derm_D_I_I    0 0 1 1                     -0.000000
E_D_I_I_Derm_C_I_NxmSxm                0 0                        -93.040229
E_D_I_I_Derm_C_I_NxmSxm                1 1                         -0.822199
E_DP_I_I_DP_I_I                        n n                         -0.000000
E_DP_I_I_DP_I_I                        p p                         -0.000000
E_D_I_I_DP_I_I_DP_I_I                  0 n n                        0.000000
E_D_I_I_DP_I_I_DP_I_I                  0 p p                        0.000000
--------------------------------------------------------------------------------
                 Total Skyrme:                                  -6381.953257
--------------------------------------------------------------------------------
                    time-even:                                  -6381.953257
                    time-odd :                                      0.000000
                    bilinear :                                 -16026.951681
                    trilinear:                                      0.000000
                 quadrilinear:                                      0.000000
            density-dependent:                                   9644.998424
--------------------------------------------------------------------------------
--------------------------------------------------------------------------------
                                     neutron        proton         total
                Kinetic Energy:    2572.820570    1356.732066    3929.552636
                    COM 1-body:     -12.369330      -6.522750     -18.892080
                    COM 2-body:       8.734546       4.166154      12.900700
                            ph:       8.734546       4.166154      12.900700
                            pp:       0.000000       0.000000       0.000000

                Coulomb Direct:       0.000000     822.649815     822.649815
                  Dir. (point):       0.000000     826.077580     826.077580
                      Exchange:       0.000000       0.000000       0.000000
                  Exc. (point):       0.000000       0.000000       0.000000

               Pairing (delta):       0.000000       0.000000       0.000000
               Pairing (densi):                                     0.000000
--------------------------------------------------------------------------------
                  Total energy:                                 -1635.742186
                    from spwfs:                                 -1632.314446
                   E_fu - E_sp:                                -0.342774E+01
                      Routhian:                                 -1635.742186
                         dE   :                                 0.111881E-05
                         dR   :                                 0.111881E-05
--------------------------------------------------------------------------------
 Iteration =  131
 dt    =   0.0162      mu   =   0.7985 gradn =    0.000E+00 D2H  =    8.430E-08
 E     =  -1635.742    DE   =  0.79897E-10
 R     =  -1635.742    DR   =  0.79897E-10
 R-E   =      0.000  D(R-E) =  0.00000E+00
 dmun  =  0.0E+00      dmup=  0.0E+00
 RQ20t =      -0.0000   dQ =  1.8E-09  L =       0.0000   dL =  0.0E+00  dev =  0.0E+00
 RQ22t =       0.0000   dQ = -1.4E-10  L =       0.0000   dL =  0.0E+00  dev =  0.0E+00
 Jz    =       0.0000   dJZ=  0.0E+00 Om =       0.0000   dO =  0.0E+00  dev =  0.0E+00
--------------------------------------------------------------------------------------
 Iteration =  132
 dt    =   0.0162      mu   =   0.7985 gradn =    0.000E+00 D2H  =    8.427E-08
 E     =  -1635.742    DE   = -0.54152E-10
 R     =  -1635.742    DR   = -0.54152E-10
 R-E   =      0.000  D(R-E) =  0.00000E+00
 dmun  =  0.0E+00      dmup=  0.0E+00
 RQ20t =      -0.0000   dQ =  1.6E-09  L =       0.0000   dL =  0.0E+00  dev =  0.0E+00
 RQ22t =       0.0000   dQ = -1.3E-10  L =       0.0000   dL =  0.0E+00  dev =  0.0E+00
 Jz    =       0.0000   dJZ=  0.0E+00 Om =       0.0000   dO =  0.0E+00  dev =  0.0E+00
--------------------------------------------------------------------------------------
 Iteration =  133
 dt    =   0.0162      mu   =   0.7985 gradn =    0.000E+00 D2H  =    8.424E-08
 E     =  -1635.742    DE   =  0.29036E-10
 R     =  -1635.742    DR   =  0.29036E-10
 R-E   =      0.000  D(R-E) =  0.00000E+00
 dmun  =  0.0E+00      dmup=  0.0E+00
 RQ20t =      -0.0000   dQ =  1.5E-09  L =       0.0000   dL =  0.0E+00  dev =  0.0E+00
 RQ22t =       0.0000   dQ = -1.2E-10  L =       0.0000   dL =  0.0E+00  dev =  0.0E+00
 Jz    =       0.0000   dJZ=  0.0E+00 Om =       0.0000   dO =  0.0E+00  dev =  0.0E+00
--------------------------------------------------------------------------------------
 Iteration =  134
 dt    =   0.0162      mu   =   0.7985 gradn =    0.000E+00 D2H  =    8.421E-08
 E     =  -1635.742    DE   =  0.15744E-10
 R     =  -1635.742    DR   =  0.15744E-10
 R-E   =      0.000  D(R-E) =  0.00000E+00
 dmun  =  0.0E+00      dmup=  0.0E+00
 RQ20t =      -0.0000   dQ =  1.4E-09  L =       0.0000   dL =  0.0E+00  dev =  0.0E+00
 RQ22t =       0.0000   dQ = -1.1E-10  L =       0.0000   dL =  0.0E+00  dev =  0.0E+00
 Jz    =       0.0000   dJZ=  0.0E+00 Om =       0.0000   dO =  0.0E+00  dev =  0.0E+00
--------------------------------------------------------------------------------------
 Iteration =  135
 dt    =   0.0162      mu   =   0.7985 gradn =    0.000E+00 D2H  =    8.419E-08
 E     =  -1635.742    DE   =  0.17367E-10
 R     =  -1635.742    DR   =  0.17367E-10
 R-E   =      0.000  D(R-E) =  0.00000E+00
 dmun  =  0.0E+00      dmup=  0.0E+00
 RQ20t =      -0.0000   dQ =  1.3E-09  L =       0.0000   dL =  0.0E+00  dev =  0.0E+00
 RQ22t =       0.0000   dQ = -1.0E-10  L =       0.0000   dL =  0.0E+00  dev =  0.0E+00
 Jz    =       0.0000   dJZ=  0.0E+00 Om =       0.0000   dO =  0.0E+00  dev =  0.0E+00
--------------------------------------------------------------------------------------
 Iteration =  136
 dt    =   0.0162      mu   =   0.7985 gradn =    0.000E+00 D2H  =    8.416E-08
 E     =  -1635.742    DE   =  0.30900E-10
 R     =  -1635.742    DR   =  0.30900E-10
 R-E   =      0.000  D(R-E) =  0.00000E+00
 dmun  =  0.0E+00      dmup=  0.0E+00
 RQ20t =      -0.0000   dQ =  1.2E-09  L =       0.0000   dL =  0.0E+00  dev =  0.0E+00
 RQ22t =       0.0000   dQ = -9.8E-11  L =       0.0000   dL =  0.0E+00  dev =  0.0E+00
 Jz    =       0.0000   dJZ=  0.0E+00 Om =       0.0000   dO =  0.0E+00  dev =  0.0E+00
--------------------------------------------------------------------------------------
 Iteration =  137
 dt    =   0.0162      mu   =   0.7985 gradn =    0.000E+00 D2H  =    8.414E-08
 E     =  -1635.742    DE   =  0.25084E-10
 R     =  -1635.742    DR   =  0.25084E-10
 R-E   =      0.000  D(R-E) =  0.00000E+00
 dmun  =  0.0E+00      dmup=  0.0E+00
 RQ20t =      -0.0000   dQ =  1.2E-09  L =       0.0000   dL =  0.0E+00  dev =  0.0E+00
 RQ22t =       0.0000   dQ = -9.4E-11  L =       0.0000   dL =  0.0E+00  dev =  0.0E+00
 Jz    =       0.0000   dJZ=  0.0E+00 Om =       0.0000   dO =  0.0E+00  dev =  0.0E+00
--------------------------------------------------------------------------------------
 Iteration =  138
 dt    =   0.0162      mu   =   0.7985 gradn =    0.000E+00 D2H  =    8.412E-08
 E     =  -1635.742    DE   =  0.38325E-10
 R     =  -1635.742    DR   =  0.38325E-10
 R-E   =      0.000  D(R-E) =  0.00000E+00
 dmun  =  0.0E+00      dmup=  0.0E+00
 RQ20t =      -0.0000   dQ =  1.1E-09  L =       0.0000   dL =  0.0E+00  dev =  0.0E+00
 RQ22t =       0.0000   dQ = -9.0E-11  L =       0.0000   dL =  0.0E+00  dev =  0.0E+00
 Jz    =       0.0000   dJZ=  0.0E+00 Om =       0.0000   dO =  0.0E+00  dev =  0.0E+00
--------------------------------------------------------------------------------------
 Iteration =  139
 dt    =   0.0162      mu   =   0.7985 gradn =    0.000E+00 D2H  =    8.410E-08
 E     =  -1635.742    DE   =  0.48312E-10
 R     =  -1635.742    DR   =  0.48312E-10
 R-E   =      0.000  D(R-E) =  0.00000E+00
 dmun  =  0.0E+00      dmup=  0.0E+00
 RQ20t =      -0.0000   dQ =  1.1E-09  L =       0.0000   dL =  0.0E+00  dev =  0.0E+00
 RQ22t =       0.0000   dQ = -8.6E-11  L =       0.0000   dL =  0.0E+00  dev =  0.0E+00
 Jz    =       0.0000   dJZ=  0.0E+00 Om =       0.0000   dO =  0.0E+00  dev =  0.0E+00
--------------------------------------------------------------------------------------
--------------------------------------------------------------------------------------
                              Iteration =   140

--------------------- Hartree-Fock basis-------------------------------------------------------------------
__________________________________________________________________________________________________________
   Neutron wavefunctions
  i     P   Rz   occ          E       d2h    Delta |   JxT    JyT    Jz      J   |   SxT    SyT    Sz
----------------------------------------------------------------------------------------------------------
  1  1.00  1.0  2.0000     -49.951  6.6E-11   0.00 |  -0.50   0.50   0.50   0.50 |  -0.50   0.50   0.50
 36 -1.00  1.0  2.0000     -45.112  4.7E-11   0.00 |  -1.00  -0.50  -1.00   1.50 |  -0.33  -0.17  -0.33
 35 -1.00  1.0  2.0000     -45.112  3.7E-11   0.00 |  -0.00   1.50   0.00   1.50 |   0.00   0.50  -0.00
 37 -1.00  1.0  2.0000     -44.553  3.4E-11   0.00 |   0.50  -0.50   0.50   0.50 |  -0.17   0.17  -0.17
  4  1.00  1.0  2.0000     -39.214  1.7E-10   0.00 |  -0.30   0.66  -1.30   2.50 |  -0.06   0.13  -0.26
  2  1.00  1.0  2.0000     -39.214  2.6E-10   0.00 |  -0.13   0.59   1.66   2.50 |  -0.03   0.12   0.33
  3  1.00  1.0  2.0000     -39.214  2.5E-10   0.00 |  -1.07   0.25   1.15   2.50 |  -0.21   0.05   0.23
  6  1.00  1.0  2.0000     -37.867  2.5E-10   0.00 |   0.25   0.21  -1.46   1.50 |  -0.05  -0.04   0.29
  7  1.00  1.0  2.0000     -37.867  2.8E-10   0.00 |   0.75  -1.21   0.46   1.50 |  -0.15   0.24  -0.09
  5  1.00  1.0  2.0000     -35.669  1.5E-11   0.00 |  -0.50   0.50   0.50   0.50 |  -0.50   0.50   0.50
 39 -1.00  1.0  2.0000     -32.546  7.3E-10   0.00 |  -0.45   2.01   1.19   3.50 |  -0.06   0.29   0.17
 40 -1.00  1.0  2.0000     -32.546  1.3E-09   0.00 |  -0.75  -1.40  -1.16   3.50 |  -0.11  -0.20  -0.17
 41 -1.00  1.0  2.0000     -32.546  8.2E-10   0.00 |  -0.82  -1.31  -2.32   3.50 |  -0.12  -0.19  -0.33
 38 -1.00  1.0  2.0000     -32.546  7.5E-10   0.00 |   0.02   2.70   0.28   3.50 |   0.00   0.39   0.04
 45 -1.00  1.0  2.0000     -30.024  1.9E-09   0.00 |  -0.23  -0.79  -1.39   2.50 |   0.03   0.11   0.20
 46 -1.00  1.0  2.0000     -30.023  1.9E-09   0.00 |  -0.17   0.33   2.33   2.50 |   0.02  -0.05  -0.33
 44 -1.00  1.0  2.0000     -30.023  8.2E-11   0.00 |   1.89  -1.04   0.55   2.50 |  -0.27   0.15  -0.08
 42 -1.00  1.0  2.0000     -27.687  5.4E-11   0.00 |  -1.00  -0.50  -1.00   1.50 |  -0.33  -0.17  -0.33
 43 -1.00  1.0  2.0000     -27.687  6.5E-11   0.00 |  -0.00   1.50   0.00   1.50 |   0.00   0.50  -0.00
 47 -1.00  1.0  2.0000     -26.587 -3.4E-12   0.00 |   0.50  -0.50   0.50   0.50 |  -0.17   0.17  -0.17
  9  1.00  1.0  2.0000     -25.319  1.7E-09   0.00 |   2.16  -1.10  -0.39   4.50 |   0.24  -0.12  -0.04
 10  1.00  1.0  2.0000     -25.319  2.0E-09   0.00 |  -1.51   1.49  -1.49   4.50 |  -0.17   0.17  -0.17
 12  1.00  1.0  2.0000     -25.319  3.0E-09   0.00 |  -3.13  -1.02  -0.39   4.50 |  -0.35  -0.11  -0.04
 11  1.00  1.0  2.0000     -25.319  2.4E-09   0.00 |   0.79  -0.30   3.95   4.50 |   0.09  -0.03   0.44
  8  1.00  1.0  2.0000     -25.319  1.9E-09   0.00 |  -0.81   3.42   0.82   4.50 |  -0.09   0.38   0.09
 19  1.00  1.0  2.0000     -21.270  8.0E-09   0.00 |   1.31   1.86   0.01   3.50 |  -0.15  -0.21  -0.00
 16  1.00  1.0  2.0000     -21.270  6.2E-09   0.00 |  -1.05  -2.38  -0.01   3.50 |   0.12   0.26   0.00
 17  1.00  1.0  2.0000     -21.270  3.2E-09   0.00 |   0.48  -2.24   0.43   3.50 |  -0.05   0.25  -0.05
 18  1.00  1.0  2.0000     -21.270  4.0E-09   0.00 |   1.27   0.77  -2.43   3.50 |  -0.14  -0.09   0.27
 14  1.00  1.0  2.0000     -19.649  5.5E-09   0.00 |  -0.43  -1.11  -1.12   2.50 |  -0.09  -0.22  -0.22
 15  1.00  1.0  2.0000     -19.649  5.6E-09   0.00 |  -0.57   1.50   0.77   2.50 |  -0.11   0.30   0.15
 13  1.00  1.0  2.0000     -19.649  6.5E-10   0.00 |  -0.50   1.12   1.86   2.50 |  -0.10   0.22   0.37
 50 -1.00  1.0  2.0000     -17.686  3.2E-09   0.00 |  -1.15   2.98  -1.06   5.50 |  -0.10   0.27  -0.10
 53 -1.00  1.0  2.0000     -17.686  4.2E-09   0.00 |   2.81   0.03   1.33   5.50 |   0.26   0.00   0.12
 51 -1.00  1.0  2.0000     -17.686  4.7E-09   0.00 |  -0.70  -1.89   0.55   5.50 |  -0.06  -0.17   0.05
 48 -1.00  1.0  2.0000     -17.685  4.8E-09   0.00 |  -1.07   4.23   0.94   5.50 |  -0.10   0.38   0.09
 52 -1.00  1.0  2.0000     -17.685  4.6E-09   0.00 |  -2.34  -1.38  -0.23   5.50 |  -0.21  -0.13  -0.02
 49 -1.00  1.0  2.0000     -17.685  2.9E-09   0.00 |  -0.55  -0.97  -4.52   5.50 |  -0.05  -0.09  -0.41
 21  1.00  1.0  2.0000     -17.665  2.7E-10   0.00 |  -0.50  -1.00  -1.00   1.50 |   0.10   0.20   0.20
 22  1.00  1.0  2.0000     -17.665  2.8E-10   0.00 |   1.50   0.00   0.00   1.50 |  -0.30   0.00   0.00
 20  1.00  1.0  2.0000     -17.356  2.3E-12   0.00 |  -0.50   0.50   0.50   0.50 |  -0.50   0.50   0.50
 59 -1.00  1.0  2.0000     -11.873  9.3E-09   0.00 |   2.27  -1.36   0.17   4.50 |  -0.21   0.12  -0.02
 58 -1.00  1.0  2.0000     -11.873  1.6E-08   0.00 |  -0.49  -2.49  -2.16   4.50 |   0.04   0.23   0.20
 62 -1.00  1.0  2.0000     -11.873  1.7E-08   0.00 |   0.13  -1.17   1.48   4.50 |  -0.01   0.11  -0.13
 61 -1.00  1.0  2.0000     -11.873  1.6E-08   0.00 |   0.45   1.82  -0.65   4.50 |  -0.04  -0.17   0.06
 60 -1.00  1.0  2.0000     -11.872  1.8E-08   0.00 |   0.14   0.70   3.65   4.50 |  -0.01  -0.06  -0.33
 55 -1.00  1.0  2.0000     -11.584  3.8E-08   0.00 |  -0.59   0.24  -1.83   3.50 |  -0.08   0.03  -0.26
 56 -1.00  1.0  2.0000     -11.584  3.1E-08   0.00 |  -2.19  -1.10  -0.02   3.50 |  -0.31  -0.16  -0.00
 57 -1.00  1.0  2.0000     -11.584  9.6E-09   0.00 |  -0.95   1.80   1.36   3.50 |  -0.14   0.26   0.19
 54 -1.00  1.0  2.0000     -11.584  7.2E-09   0.00 |   1.73   1.06  -1.52   3.50 |   0.25   0.15  -0.22
 29  1.00  1.0  2.0000      -9.758  4.2E-09   0.00 |  -1.63  -0.64  -3.89   6.50 |  -0.13  -0.05  -0.30
 28  1.00  1.0  2.0000      -9.758  7.3E-09   0.00 |   0.14   2.63   0.52   6.50 |   0.01   0.20   0.04
 24  1.00  1.0  2.0000      -9.758  9.2E-09   0.00 |   0.65  -1.50   2.47   6.50 |   0.05  -0.12   0.19
 25  1.00  1.0  2.0000      -9.758  8.4E-09   0.00 |  -1.23  -3.09   0.83   6.50 |  -0.09  -0.24   0.06
 27  1.00  1.0  2.0000      -9.758  1.3E-08   0.00 |  -0.36   5.16   1.24   6.50 |  -0.03   0.40   0.10
 23  1.00  1.0  2.0000      -9.758  1.1E-08   0.00 |   1.54  -0.17   3.26   6.50 |   0.12  -0.01   0.25
 26  1.00  1.0  2.0000      -9.758  1.4E-08   0.00 |  -2.61   1.13  -0.94   6.50 |  -0.20   0.09  -0.07
 66 -1.00  1.0  2.0000      -8.814  2.0E-06   0.00 |   1.84  -0.47   1.10   2.50 |  -0.26   0.07  -0.16
 65 -1.00  1.0  2.0000      -8.814  1.1E-06   0.00 |  -0.76  -2.03  -0.66   2.50 |   0.11   0.29   0.09
 67 -1.00  1.0  2.0000      -8.814  1.0E-06   0.00 |   0.42   0.99   1.06   2.50 |  -0.06  -0.14  -0.15
 64 -1.00  1.0  2.0000      -8.808  2.0E-06   0.00 |  -1.00  -0.50  -1.00   1.50 |  -0.33  -0.17  -0.33
 63 -1.00  1.0  2.0000      -8.808  2.0E-06   0.00 |   0.00   1.50   0.00   1.50 |  -0.00   0.50  -0.00
 68 -1.00  1.0  2.0000      -7.785  5.2E-12   0.00 |   0.50  -0.50   0.50   0.50 |  -0.17   0.17  -0.17
 30  1.00  1.0  0.0000      -3.611  6.1E-06   0.00 |  -1.60  -1.28  -1.08   4.50 |  -0.18  -0.14  -0.12
 33  1.00  1.0  0.0000      -3.609  6.2E-06   0.00 |  -1.16  -1.76  -2.35   4.50 |  -0.13  -0.20  -0.26
 32  1.00  1.0  0.0000      -3.609  6.3E-06   0.00 |  -0.56   0.24   3.83   4.50 |  -0.06   0.02   0.43
 34 -1.00  1.0  0.0000      -3.608  4.4E-06   0.00 |  -0.47   3.94   0.85   4.50 |  -0.05   0.44   0.09
 31  1.00  1.0  0.0000      -3.608  3.9E-06   0.00 |   1.30   1.35   1.25   4.50 |   0.15   0.15   0.14
 69 -1.00  1.0  0.0000      -1.619  2.7E-08   0.00 |  -4.25  -1.98  -1.53   7.50 |  -0.28  -0.13  -0.10
 70  1.00  1.0  0.0000      -1.619  4.9E-08   0.00 |   3.08   1.94  -1.67   7.50 |   0.21   0.13  -0.11
__________________________________________________________________________________________________________
   Proton  wavefunctions
  i     P   Rz   occ          E       d2h    Delta |   JxT    JyT    Jz      J   |   SxT    SyT    Sz
----------------------------------------------------------------------------------------------------------
 71  1.00  1.0  2.0000     -40.382 -3.7E-11   0.00 |  -0.50   0.50   0.50   0.50 |  -0.50   0.50   0.50
 98 -1.00  1.0  2.0000     -35.872  2.2E-11   0.00 |  -1.00  -0.50  -1.00   1.50 |  -0.33  -0.17  -0.33
 97 -1.00  1.0  2.0000     -35.872 -6.8E-12   0.00 |  -0.00   1.50   0.00   1.50 |   0.00   0.50  -0.00
 99 -1.00  1.0  2.0000     -35.321  1.2E-11   0.00 |   0.50  -0.50   0.50   0.50 |  -0.17   0.17  -0.17
 74  1.00  1.0  2.0000     -30.219  8.9E-09   0.00 |  -0.78   0.01  -1.35   2.50 |  -0.16   0.00  -0.27
 72  1.00  1.0  2.0000     -30.219  9.1E-09   0.00 |   0.42   0.06   2.00   2.50 |   0.08   0.01   0.40
 73  1.00  1.0  2.0000     -30.219  1.6E-09   0.00 |  -1.14   1.43   0.85   2.50 |  -0.23   0.29   0.17
 75  1.00  1.0  2.0000     -28.878  1.0E-09   0.00 |  -0.25  -0.31  -1.45   1.50 |   0.05   0.06   0.29
 76  1.00  1.0  2.0000     -28.878  1.0E-09   0.00 |   1.25  -0.69   0.45   1.50 |  -0.25   0.14  -0.09
 77  1.00  1.0  2.0000     -26.157  4.3E-11   0.00 |  -0.50   0.50   0.50   0.50 |  -0.50   0.50   0.50
101 -1.00  1.0  2.0000     -23.766  6.4E-09   0.00 |   0.59  -0.72   2.24   3.50 |   0.08  -0.10   0.32
100 -1.00  1.0  2.0000     -23.766  2.2E-09   0.00 |  -0.31   0.19  -2.99   3.50 |  -0.04   0.03  -0.43
102 -1.00  1.0  2.0000     -23.766  1.2E-08   0.00 |  -2.47  -0.93  -1.06   3.50 |  -0.35  -0.13  -0.15
103 -1.00  1.0  2.0000     -23.766  5.5E-09   0.00 |   0.19   3.46  -0.19   3.50 |   0.03   0.49  -0.03
105 -1.00  1.0  2.0000     -21.269  4.2E-09   0.00 |   0.01   0.95  -1.20   2.50 |  -0.00  -0.14   0.17
104 -1.00  1.0  2.0000     -21.268  2.4E-09   0.00 |   0.55  -0.48   2.27   2.50 |  -0.08   0.07  -0.32
106 -1.00  1.0  2.0000     -21.268  2.0E-09   0.00 |   0.94  -1.97   0.43   2.50 |  -0.13   0.28  -0.06
108 -1.00  1.0  2.0000     -18.452  1.9E-11   0.00 |   0.37   0.50  -1.37   1.50 |   0.12   0.17  -0.46
107 -1.00  1.0  2.0000     -18.452  2.0E-11   0.00 |  -1.37   0.50   0.37   1.50 |  -0.46   0.17   0.12
109 -1.00  1.0  2.0000     -17.443  1.2E-11   0.00 |   0.50  -0.50   0.50   0.50 |  -0.17   0.17  -0.17
 78  1.00  1.0  2.0000     -16.727  8.7E-09   0.00 |   1.81   1.37   1.21   4.50 |   0.20   0.15   0.13
 81  1.00  1.0  2.0000     -16.727  2.1E-08   0.00 |  -2.39  -2.27  -0.68   4.50 |  -0.27  -0.25  -0.08
 82  1.00  1.0  2.0000     -16.727  2.0E-08   0.00 |  -2.24  -1.09  -2.08   4.50 |  -0.25  -0.12  -0.23
 79  1.00  1.0  2.0000     -16.727  5.5E-09   0.00 |  -0.04   0.33   4.10   4.50 |  -0.00   0.04   0.46
 80  1.00  1.0  2.0000     -16.727  6.3E-09   0.00 |   0.35   4.16  -0.05   4.50 |   0.04   0.46  -0.01
 86  1.00  1.0  2.0000     -12.769  1.9E-08   0.00 |   0.66   2.07   0.70   3.50 |  -0.07  -0.23  -0.08
 83  1.00  1.0  2.0000     -12.769  1.3E-08   0.00 |  -0.99  -2.57  -0.86   3.50 |   0.11   0.29   0.10
 84  1.00  1.0  2.0000     -12.769  2.0E-08   0.00 |   2.98  -0.43   0.88   3.50 |  -0.33   0.05  -0.10
 85  1.00  1.0  2.0000     -12.769  1.5E-08   0.00 |  -0.65  -1.07  -2.72   3.50 |   0.07   0.12   0.30
 87  1.00  1.0  2.0000     -10.543  1.0E-08   0.00 |  -0.46  -1.29  -0.89   2.50 |  -0.09  -0.26  -0.18
 89  1.00  1.0  2.0000     -10.543  9.0E-09   0.00 |  -0.33   2.32   0.22   2.50 |  -0.07   0.46   0.04
 88  1.00  1.0  2.0000     -10.543  2.6E-09   0.00 |  -0.71   0.47   2.18   2.50 |  -0.14   0.09   0.43
111 -1.00  1.0  2.0000      -9.240  1.3E-08   0.00 |   0.27   1.75   2.85   5.50 |   0.02   0.16   0.26
114 -1.00  1.0  2.0000      -9.240  3.2E-08   0.00 |  -2.08  -0.89  -1.24   5.50 |  -0.19  -0.08  -0.11
115 -1.00  1.0  2.0000      -9.240  2.3E-08   0.00 |   3.22   0.85  -0.02   5.50 |   0.29   0.08  -0.00
112 -1.00  1.0  2.0000      -9.240  3.0E-08   0.00 |  -1.43  -0.87  -2.74   5.50 |  -0.13  -0.08  -0.25
113 -1.00  1.0  2.0000      -9.240  2.7E-08   0.00 |  -1.37   3.29   1.55   5.50 |  -0.12   0.30   0.14
110 -1.00  1.0  2.0000      -9.240  9.4E-09   0.00 |  -1.61  -1.13  -3.40   5.50 |  -0.15  -0.10  -0.31
 90  1.00  1.0  2.0000      -8.780  5.9E-10   0.00 |  -0.50  -1.00  -1.00   1.50 |   0.10   0.20   0.20
 91  1.00  1.0  2.0000      -8.780  5.9E-10   0.00 |   1.50   0.00   0.00   1.50 |  -0.30   0.00   0.00
 92  1.00  1.0  2.0000      -7.967  6.6E-12   0.00 |  -0.50   0.50   0.50   0.50 |  -0.50   0.50   0.50
116 -1.00  1.0  0.0000      -3.651  2.5E-08   0.00 |  -0.00  -1.51  -2.67   4.50 |   0.00   0.14   0.24
117 -1.00  1.0  0.0000      -3.651  2.3E-08   0.00 |  -0.57   0.93   2.51   4.50 |   0.05  -0.08  -0.23
118 -1.00  1.0  0.0000      -3.651  2.3E-08   0.00 |  -1.00   1.54  -0.39   4.50 |   0.09  -0.14   0.04
120 -1.00  1.0  0.0000      -3.651  2.2E-08   0.00 |   2.19  -0.98   2.27   4.50 |  -0.20   0.09  -0.21
119 -1.00  1.0  0.0000      -3.650  2.9E-08   0.00 |   1.88  -2.49   0.78   4.50 |  -0.17   0.23  -0.07
 95  1.00  1.0  0.0000      -1.382  8.2E-09   0.00 |  -1.39  -3.75  -1.93   6.50 |  -0.11  -0.29  -0.15
 96 -1.00  1.0  0.0000      -1.382  3.0E-08   0.00 |  -0.06   2.44   3.62   6.50 |  -0.00   0.19   0.28
 94  1.00  1.0  0.0000      -1.382  3.1E-08   0.00 |  -0.21   2.42   2.10   6.50 |  -0.02   0.19   0.16
 93  1.00  1.0  0.0000      -1.382  6.7E-09   0.00 |  -3.63   2.24   1.22   6.50 |  -0.28   0.17   0.09
----------------------------------------------------------------------------------------------------------
------------------------ Electric Multipole Moments -------------------------
Quantisation Axis             : Z
  With secondary axis ordering: X,Y
  Calculated wrt to COM = (   0.000   0.000   0.000)
______________________________________________________________________________
                   Neutrons        Protons          Charge         Total
______________________________________________________________________________
 Particles          126.0000         82.0000         82.0001        208.0000

Re  Q_{ 2 0}         -0.0000         -0.0000         -0.0000         -0.0000
Re  Q_{ 2 2}          0.0000          0.0000          0.0000          0.0000

Re  Q_{ 4 0}         15.0118         -1.2036          0.8167         13.8082
Re  Q_{ 4 2}          0.0000          0.0000          0.0000          0.0000
Re  Q_{ 4 4}          8.9713         -0.7192          0.4881          8.2521

Re  Q_{ 6 0}        245.0189        -10.6268          6.5535        234.3921
Re  Q_{ 6 2}          0.0000         -0.0000         -0.0000         -0.0000
Re  Q_{ 6 4}       -458.3886         19.8806        -12.2608       -438.5080
Re  Q_{ 6 6}          0.0000          0.0000          0.0000          0.0000

Re  Q_{ 8 0}      44142.9792      -2536.2642       1427.5170      41606.7150
Re  Q_{ 8 2}         -0.0000          0.0000          0.0000         -0.0000
Re  Q_{ 8 4}      16599.9995       -953.7632        536.8195      15646.2363
Re  Q_{ 8 6}         -0.0000          0.0000          0.0000         -0.0000
Re  Q_{ 8 8}      25292.1503      -1453.1746        817.9124      23838.9758

Re  Q_{10 0}     798482.8751     -19221.2933      -1902.1331     779261.5818
Re  Q_{10 2}         -0.0011         -0.0002         -0.0002         -0.0013
Re  Q_{10 4}    -804601.5858      19368.5757       1916.7005    -785233.0100
Re  Q_{10 6}          0.0003          0.0001          0.0001          0.0004
Re  Q_{10 8}    -957667.4527      23053.2078       2281.3223    -934614.2449
Re  Q_{1010}         -0.0006          0.0000          0.0000         -0.0006

 RMS radius           5.5856          5.4446          5.4958          5.5304
 Fourth mom.          5.9487          5.7664          5.8367          5.8789
______________________________________________________________________________
                   Neutrons        Protons          Charge         Total
______________________________________________________________________________

Beta_{ 2 0}      -0.00000000     -0.00000000     -0.00000000     -0.00000000
Beta_{ 2 2}       0.00000000      0.00000000      0.00000000      0.00000000

Beta_{ 4 0}       0.00011830     -0.00000948      0.00000644      0.00010881
Beta_{ 4 2}       0.00000000      0.00000000      0.00000000      0.00000000
Beta_{ 4 4}       0.00007070     -0.00000567      0.00000385      0.00006503

Beta_{ 6 0}       0.00003820     -0.00000166      0.00000102      0.00003654
Beta_{ 6 2}       0.00000000     -0.00000000     -0.00000000     -0.00000000
Beta_{ 6 4}      -0.00007146      0.00000310     -0.00000191     -0.00006836
Beta_{ 6 6}       0.00000000      0.00000000      0.00000000      0.00000000

Beta_{ 8 0}       0.00013612     -0.00000782      0.00000440      0.00012830
Beta_{ 8 2}      -0.00000000      0.00000000      0.00000000     -0.00000000
Beta_{ 8 4}       0.00005119     -0.00000294      0.00000166      0.00004825
Beta_{ 8 6}      -0.00000000      0.00000000      0.00000000     -0.00000000
Beta_{ 8 8}       0.00007799     -0.00000448      0.00000252      0.00007351

Beta_{10 0}       0.00004871     -0.00000117     -0.00000012      0.00004754
Beta_{10 2}      -0.00000000     -0.00000000     -0.00000000     -0.00000000
Beta_{10 4}      -0.00004908      0.00000118      0.00000012     -0.00004790
Beta_{10 6}       0.00000000      0.00000000      0.00000000      0.00000000
Beta_{10 8}      -0.00005842      0.00000141      0.00000014     -0.00005701
Beta_{1010}      -0.00000000      0.00000000      0.00000000     -0.00000000


______________________________________________________________________________
                   Neutrons        Protons          Charge         Total
______________________________________________________________________________
Q_{ 2}                0.0000          0.0000          0.0000          0.0000
Q_{ 4}               19.6551          1.5758          1.0694         18.0793
Q_{ 6}              693.0184         30.0567         18.5365        662.9617
Q_{ 8}            61474.4526       3532.0528       1987.9931      57942.3997
Q_{10}          1940772.0694      46718.7579       4623.2516    1894053.3114
______________________________________________________________________________
                   Neutrons        Protons          Charge         Total
______________________________________________________________________________
Beta_{   2}       0.00000000      0.00000000      0.00000000      0.00000000
Beta_{   4}       0.00015489      0.00001242      0.00000843      0.00014247
Beta_{   6}       0.00010803      0.00000469      0.00000289      0.00010335
Beta_{   8}       0.00018957      0.00001089      0.00000613      0.00017868
Beta_{  10}       0.00011839      0.00000285      0.00000028      0.00011554
______________________________________________________________________________
 Cart. Moments X              Y              Z
 Cart. N        0.0000022      0.0000021     -0.0000043
 Cart. P        0.0000022      0.0000022     -0.0000045
 Cart. T        0.0000044      0.0000044     -0.0000088
 (Q, gamma)    Q              Gamma
 (Q,g) N        0.0000043    179.8707672
 (Q,g) P        0.0000045    179.9147944
 (Q,g) T        0.0000088    179.8931859
 (iq1, iq2)    iq1            iq2
 iq    N       -0.0000043      0.0000000
 iq    P       -0.0000045      0.0000000
 iq    T       -0.0000088      0.0000000
               X^2            Y^2            Z^2
 X^2_i N     1310.3466096   1310.3466096   1310.3466075
 X^2_i P      810.2510403    810.2510403    810.2510380
 X^2_i T     2120.5976499   2120.5976499   2120.5976455
----------------------------------------------------------------------------
----------------------- Box Size Check -------------------------
 Xmax = (nx+0.5)dx = 12.250 fm,  max(rho(X=Xmax)) =    1.088E-05
 Ymax = (ny+0.5)dx = 12.250 fm,  max(rho(Y=Ymax)) =    1.088E-05
 Zmax = (nz+0.5)dx = 12.250 fm,  max(rho(Z=Zmax)) =    1.088E-05
---------------------Rotational properties--------------------
                Rigid rotor          (hbar^2/MeV)
              n              p              t 
 I_R X      63.1933363     39.0755134    102.2688497
 I_R Y      63.1933363     39.0755134    102.2688497
 I_R Z      63.1933364     39.0755134    102.2688498

                Belyaev                 (hbar^2/MeV) 
              n              p              t 
 I_B X       0.0000003      0.0000000      0.0000004
 I_B Y       0.0000003      0.0000000      0.0000003
 I_B Z       0.0000003      0.0000000      0.0000004

                Belyaev (collective)    (hbar^2/MeV) 
              n              p              t 
 I_B X       0.0000000      0.0000000      0.0000000
 I_B Y       0.0000000      0.0000000      0.0000000
 I_B Z       0.0000000      0.0000000      0.0000000

                 <J^2> - <J>^2          (hbar^2)
              n              p              t 
 J2_X        0.0000012      0.0000001      0.0000013
 J2_Y        0.0000010      0.0000001      0.0000011
 J2_Z        0.0000013      0.0000001      0.0000014
 J2_t        0.0000035      0.0000003      0.0000038

                 <J^2> - <J>^2 (coll.)  (hbar^2)
              n              p              t 
 J2_X        0.0000000      0.0000000      0.0000000
 J2_Y        0.0000000      0.0000000      0.0000000
 J2_Z        0.0000000      0.0000000      0.0000000
 J2_t        0.0000000      0.0000000      0.0000000
------------------------- Angular Momentum (hbar) --------------------------

               Spwfs(*)    Desired     Omega       E (MeV)      Densit. 
  __________________________________________________________________________
   J_x   |     0.00000     0.00000     0.00000     0.00000     0.00000
   J_y   |     0.00000     0.00000     0.00000     0.00000     0.00000
   J_z   |     0.00000     0.00000     0.00000     0.00000     0.00000
  __________________________________________________________________________
   Size  |     0.00000     0.00000     0.00000                 0.00000
  --------------------------------------------------------------------------
--------------------------------------------------------------------------------
 Skyrme Energy                Isospin  1 2 3 4                   Energy [MeV]
--------------------------------------------------------------------------------
E_D_I_I_D_I_I                          0 0                     -17357.612574
E_D_I_I_D_I_I                          1 1                        418.239728
E_D_I_I_D_I_I_D_I_I                    0 0 0                     9922.715286
E_D_I_I_D_I_I_D_I_I                    0 1 1                     -277.716735
E_D_I_I_D_Nm_Nm                        0 0                        761.149765
E_D_I_I_D_Nm_Nm                        1 1                        -26.082282
E_D_I_I_Lap_D_I_I                      0 0                        271.311430
E_D_I_I_Lap_D_I_I                      1 1                         -0.095464
E_C_I_NmSk_C_I_NmSk                    0 0                         -0.000000
E_C_I_NmSk_C_I_NmSk                    1 1                         -0.000000
E_D_I_I_D_I_I_D_Nm_Nm                  0 0 0                        0.000000
E_D_I_I_D_I_I_D_Nm_Nm                  0 1 1                       -0.000000
E_D_I_I_D_I_I_D_Nm_Nm                  0 0 0                        0.000000
E_D_I_I_D_I_I_D_Nm_Nm                  0 1 1                        0.000000
E_D_I_I_Derm_D_I_I_Derm_D_I_I          0 0 0                        0.000000
E_D_I_I_Derm_D_I_I_Derm_D_I_I          0 1 1                       -0.000000
E_D_I_I_Derm_D_I_I_Derm_D_I_I          0 0 0                       -0.000000
E_D_I_I_Derm_D_I_I_Derm_D_I_I          0 1 1                       -0.000000
E_D_I_I_Derm_D_I_I_D_I_I_Derm_D_I_I    0 0 0 0                      0.000000
E_D_I_I_Derm_D_I_I_D_I_I_Derm_D_I_I    0 0 1 1                     -0.000000
E_D_I_I_Derm_C_I_NxmSxm                0 0                        -93.040235
E_D_I_I_Derm_C_I_NxmSxm                1 1                         -0.822199
E_DP_I_I_DP_I_I                        n n                         -0.000000
E_DP_I_I_DP_I_I                        p p                         -0.000000
E_D_I_I_DP_I_I_DP_I_I                  0 n n                        0.000000
E_D_I_I_DP_I_I_DP_I_I                  0 p p                        0.000000
--------------------------------------------------------------------------------
                 Total Skyrme:                                  -6381.953281
--------------------------------------------------------------------------------
                    time-even:                                  -6381.953281
                    time-odd :                                      0.000000
                    bilinear :                                 -16026.951831
                    trilinear:                                      0.000000
                 quadrilinear:                                      0.000000
            density-dependent:                                   9644.998551
--------------------------------------------------------------------------------
--------------------------------------------------------------------------------
                                     neutron        proton         total
                Kinetic Energy:    2572.820650    1356.732023    3929.552673
                    COM 1-body:     -12.369330      -6.522750     -18.892080
                    COM 2-body:       8.734546       4.166154      12.900700
                            ph:       8.734546       4.166154      12.900700
                            pp:       0.000000       0.000000       0.000000

                Coulomb Direct:       0.000000     822.649803     822.649803
                  Dir. (point):       0.000000     826.077567     826.077567
                      Exchange:       0.000000       0.000000       0.000000
                  Exc. (point):       0.000000       0.000000       0.000000

               Pairing (delta):       0.000000       0.000000       0.000000
               Pairing (densi):                                     0.000000
--------------------------------------------------------------------------------
                  Total energy:                                 -1635.742185
                    from spwfs:                                 -1632.314431
                   E_fu - E_sp:                                -0.342775E+01
                      Routhian:                                 -1635.742185
                         dE   :                                -0.249356E-07
                         dR   :                                -0.249356E-07
--------------------------------------------------------------------------------
 Iteration =  141
 dt    =   0.0162      mu   =   0.7985 gradn =    0.000E+00 D2H  =    8.406E-08
 E     =  -1635.742    DE   = -0.79526E-10
 R     =  -1635.742    DR   = -0.79526E-10
 R-E   =      0.000  D(R-E) =  0.00000E+00
 dmun  =  0.0E+00      dmup=  0.0E+00
 RQ20t =      -0.0000   dQ =  1.0E-09  L =       0.0000   dL =  0.0E+00  dev =  0.0E+00
 RQ22t =       0.0000   dQ = -8.2E-11  L =       0.0000   dL =  0.0E+00  dev =  0.0E+00
 Jz    =       0.0000   dJZ=  0.0E+00 Om =       0.0000   dO =  0.0E+00  dev =  0.0E+00
--------------------------------------------------------------------------------------
 Iteration =  142
 dt    =   0.0162      mu   =   0.7985 gradn =    0.000E+00 D2H  =    8.404E-08
 E     =  -1635.742    DE   = -0.67406E-10
 R     =  -1635.742    DR   = -0.67406E-10
 R-E   =      0.000  D(R-E) =  0.00000E+00
 dmun  =  0.0E+00      dmup=  0.0E+00
 RQ20t =      -0.0000   dQ =  1.0E-09  L =       0.0000   dL =  0.0E+00  dev =  0.0E+00
 RQ22t =       0.0000   dQ = -7.9E-11  L =       0.0000   dL =  0.0E+00  dev =  0.0E+00
 Jz    =       0.0000   dJZ=  0.0E+00 Om =       0.0000   dO =  0.0E+00  dev =  0.0E+00
--------------------------------------------------------------------------------------
 Iteration =  143
 dt    =   0.0162      mu   =   0.7985 gradn =    0.000E+00 D2H  =    8.402E-08
 E     =  -1635.742    DE   =  0.47647E-10
 R     =  -1635.742    DR   =  0.47647E-10
 R-E   =      0.000  D(R-E) =  0.00000E+00
 dmun  =  0.0E+00      dmup=  0.0E+00
 RQ20t =      -0.0000   dQ =  9.9E-10  L =       0.0000   dL =  0.0E+00  dev =  0.0E+00
 RQ22t =       0.0000   dQ = -7.8E-11  L =       0.0000   dL =  0.0E+00  dev =  0.0E+00
 Jz    =       0.0000   dJZ=  0.0E+00 Om =       0.0000   dO =  0.0E+00  dev =  0.0E+00
--------------------------------------------------------------------------------------
 Iteration =  144
 dt    =   0.0162      mu   =   0.7985 gradn =    0.000E+00 D2H  =    8.400E-08
 E     =  -1635.742    DE   = -0.44209E-10
 R     =  -1635.742    DR   = -0.44209E-10
 R-E   =      0.000  D(R-E) =  0.00000E+00
 dmun  =  0.0E+00      dmup=  0.0E+00
 RQ20t =      -0.0000   dQ =  9.7E-10  L =       0.0000   dL =  0.0E+00  dev =  0.0E+00
 RQ22t =       0.0000   dQ = -7.6E-11  L =       0.0000   dL =  0.0E+00  dev =  0.0E+00
 Jz    =       0.0000   dJZ=  0.0E+00 Om =       0.0000   dO =  0.0E+00  dev =  0.0E+00
--------------------------------------------------------------------------------------
 Iteration =  145
 dt    =   0.0162      mu   =   0.7985 gradn =    0.000E+00 D2H  =    8.398E-08
 E     =  -1635.742    DE   =  0.15180E-10
 R     =  -1635.742    DR   =  0.15180E-10
 R-E   =      0.000  D(R-E) =  0.00000E+00
 dmun  =  0.0E+00      dmup=  0.0E+00
 RQ20t =      -0.0000   dQ =  9.5E-10  L =       0.0000   dL =  0.0E+00  dev =  0.0E+00
 RQ22t =       0.0000   dQ = -7.4E-11  L =       0.0000   dL =  0.0E+00  dev =  0.0E+00
 Jz    =       0.0000   dJZ=  0.0E+00 Om =       0.0000   dO =  0.0E+00  dev =  0.0E+00
--------------------------------------------------------------------------------------
 Iteration =  146
 dt    =   0.0162      mu   =   0.7985 gradn =    0.000E+00 D2H  =    8.396E-08
 E     =  -1635.742    DE   = -0.36869E-10
 R     =  -1635.742    DR   = -0.36869E-10
 R-E   =      0.000  D(R-E) =  0.00000E+00
 dmun  =  0.0E+00      dmup=  0.0E+00
 RQ20t =      -0.0000   dQ =  9.4E-10  L =       0.0000   dL =  0.0E+00  dev =  0.0E+00
 RQ22t =       0.0000   dQ = -7.3E-11  L =       0.0000   dL =  0.0E+00  dev =  0.0E+00
 Jz    =       0.0000   dJZ=  0.0E+00 Om =       0.0000   dO =  0.0E+00  dev =  0.0E+00
--------------------------------------------------------------------------------------
 Iteration =  147
 dt    =   0.0162      mu   =   0.7985 gradn =    0.000E+00 D2H  =    8.394E-08
 E     =  -1635.742    DE   = -0.58270E-11
 R     =  -1635.742    DR   = -0.58270E-11
 R-E   =      0.000  D(R-E) =  0.00000E+00
 dmun  =  0.0E+00      dmup=  0.0E+00
 RQ20t =      -0.0000   dQ =  9.3E-10  L =       0.0000   dL =  0.0E+00  dev =  0.0E+00
 RQ22t =       0.0000   dQ = -7.1E-11  L =       0.0000   dL =  0.0E+00  dev =  0.0E+00
 Jz    =       0.0000   dJZ=  0.0E+00 Om =       0.0000   dO =  0.0E+00  dev =  0.0E+00
--------------------------------------------------------------------------------------
 Iteration =  148
 dt    =   0.0162      mu   =   0.7985 gradn =    0.000E+00 D2H  =    8.393E-08
 E     =  -1635.742    DE   = -0.24773E-10
 R     =  -1635.742    DR   = -0.24773E-10
 R-E   =      0.000  D(R-E) =  0.00000E+00
 dmun  =  0.0E+00      dmup=  0.0E+00
 RQ20t =      -0.0000   dQ =  9.1E-10  L =       0.0000   dL =  0.0E+00  dev =  0.0E+00
 RQ22t =       0.0000   dQ = -7.0E-11  L =       0.0000   dL =  0.0E+00  dev =  0.0E+00
 Jz    =       0.0000   dJZ=  0.0E+00 Om =       0.0000   dO =  0.0E+00  dev =  0.0E+00
--------------------------------------------------------------------------------------
 Iteration =  149
 dt    =   0.0162      mu   =   0.7985 gradn =    0.000E+00 D2H  =    8.391E-08
 E     =  -1635.742    DE   =  0.15568E-12
 R     =  -1635.742    DR   =  0.15568E-12
 R-E   =      0.000  D(R-E) =  0.00000E+00
 dmun  =  0.0E+00      dmup=  0.0E+00
 RQ20t =      -0.0000   dQ =  9.0E-10  L =       0.0000   dL =  0.0E+00  dev =  0.0E+00
 RQ22t =       0.0000   dQ = -6.9E-11  L =       0.0000   dL =  0.0E+00  dev =  0.0E+00
 Jz    =       0.0000   dJZ=  0.0E+00 Om =       0.0000   dO =  0.0E+00  dev =  0.0E+00
--------------------------------------------------------------------------------------
--------------------------------------------------------------------------------------
                              Iteration =   150

--------------------- Hartree-Fock basis-------------------------------------------------------------------
__________________________________________________________________________________________________________
   Neutron wavefunctions
  i     P   Rz   occ          E       d2h    Delta |   JxT    JyT    Jz      J   |   SxT    SyT    Sz
----------------------------------------------------------------------------------------------------------
  1  1.00  1.0  2.0000     -49.951  1.2E-10   0.00 |  -0.50   0.50   0.50   0.50 |  -0.50   0.50   0.50
 36 -1.00  1.0  2.0000     -45.112  2.3E-11   0.00 |  -1.00  -0.50  -1.00   1.50 |  -0.33  -0.17  -0.33
 35 -1.00  1.0  2.0000     -45.112  1.6E-11   0.00 |  -0.00   1.50   0.00   1.50 |   0.00   0.50  -0.00
 37 -1.00  1.0  2.0000     -44.553  1.4E-12   0.00 |   0.50  -0.50   0.50   0.50 |  -0.17   0.17  -0.17
  4  1.00  1.0  2.0000     -39.214  1.5E-10   0.00 |  -0.30   0.66  -1.30   2.50 |  -0.06   0.13  -0.26
  2  1.00  1.0  2.0000     -39.214  1.9E-10   0.00 |  -0.13   0.59   1.66   2.50 |  -0.03   0.12   0.33
  3  1.00  1.0  2.0000     -39.214  2.3E-10   0.00 |  -1.07   0.25   1.15   2.50 |  -0.21   0.05   0.23
  6  1.00  1.0  2.0000     -37.867  2.1E-10   0.00 |   0.25   0.21  -1.46   1.50 |  -0.05  -0.04   0.29
  7  1.00  1.0  2.0000     -37.867  1.6E-10   0.00 |   0.75  -1.21   0.46   1.50 |  -0.15   0.24  -0.09
  5  1.00  1.0  2.0000     -35.669  1.6E-11   0.00 |  -0.50   0.50   0.50   0.50 |  -0.50   0.50   0.50
 39 -1.00  1.0  2.0000     -32.546  7.2E-10   0.00 |  -0.45   2.01   1.19   3.50 |  -0.06   0.29   0.17
 40 -1.00  1.0  2.0000     -32.546  1.3E-09   0.00 |  -0.75  -1.40  -1.16   3.50 |  -0.11  -0.20  -0.17
 41 -1.00  1.0  2.0000     -32.546  8.1E-10   0.00 |  -0.82  -1.31  -2.32   3.50 |  -0.12  -0.19  -0.33
 38 -1.00  1.0  2.0000     -32.546  7.7E-10   0.00 |   0.02   2.70   0.28   3.50 |   0.00   0.39   0.04
 45 -1.00  1.0  2.0000     -30.024  1.9E-09   0.00 |  -0.23  -0.79  -1.39   2.50 |   0.03   0.11   0.20
 46 -1.00  1.0  2.0000     -30.023  1.9E-09   0.00 |  -0.17   0.33   2.33   2.50 |   0.02  -0.05  -0.33
 44 -1.00  1.0  2.0000     -30.023  5.2E-11   0.00 |   1.89  -1.04   0.55   2.50 |  -0.27   0.15  -0.08
 42 -1.00  1.0  2.0000     -27.687  3.0E-11   0.00 |  -1.00  -0.50  -1.00   1.50 |  -0.33  -0.17  -0.33
 43 -1.00  1.0  2.0000     -27.687  1.5E-11   0.00 |  -0.00   1.50   0.00   1.50 |   0.00   0.50  -0.00
 47 -1.00  1.0  2.0000     -26.587 -6.7E-12   0.00 |   0.50  -0.50   0.50   0.50 |  -0.17   0.17  -0.17
  9  1.00  1.0  2.0000     -25.319  1.7E-09   0.00 |   2.16  -1.10  -0.39   4.50 |   0.24  -0.12  -0.04
 10  1.00  1.0  2.0000     -25.319  2.0E-09   0.00 |  -1.51   1.49  -1.49   4.50 |  -0.17   0.17  -0.17
 12  1.00  1.0  2.0000     -25.319  3.0E-09   0.00 |  -3.13  -1.02  -0.39   4.50 |  -0.35  -0.11  -0.04
 11  1.00  1.0  2.0000     -25.319  2.4E-09   0.00 |   0.79  -0.30   3.95   4.50 |   0.09  -0.03   0.44
  8  1.00  1.0  2.0000     -25.319  1.9E-09   0.00 |  -0.81   3.42   0.82   4.50 |  -0.09   0.38   0.09
 19  1.00  1.0  2.0000     -21.270  8.0E-09   0.00 |   1.31   1.86   0.01   3.50 |  -0.15  -0.21  -0.00
 16  1.00  1.0  2.0000     -21.270  6.1E-09   0.00 |  -1.05  -2.38  -0.01   3.50 |   0.12   0.26   0.00
 17  1.00  1.0  2.0000     -21.270  3.2E-09   0.00 |   0.48  -2.24   0.43   3.50 |  -0.05   0.25  -0.05
 18  1.00  1.0  2.0000     -21.270  4.0E-09   0.00 |   1.27   0.77  -2.43   3.50 |  -0.14  -0.09   0.27
 14  1.00  1.0  2.0000     -19.649  5.5E-09   0.00 |  -0.43  -1.11  -1.12   2.50 |  -0.09  -0.22  -0.22
 15  1.00  1.0  2.0000     -19.649  5.5E-09   0.00 |  -0.57   1.50   0.77   2.50 |  -0.11   0.30   0.15
 13  1.00  1.0  2.0000     -19.649  4.9E-10   0.00 |  -0.50   1.12   1.86   2.50 |  -0.10   0.22   0.37
 50 -1.00  1.0  2.0000     -17.686  3.2E-09   0.00 |  -1.15   2.98  -1.06   5.50 |  -0.10   0.27  -0.10
 53 -1.00  1.0  2.0000     -17.686  4.2E-09   0.00 |   2.81   0.03   1.33   5.50 |   0.26   0.00   0.12
 51 -1.00  1.0  2.0000     -17.686  4.7E-09   0.00 |  -0.70  -1.89   0.55   5.50 |  -0.06  -0.17   0.05
 48 -1.00  1.0  2.0000     -17.685  4.8E-09   0.00 |  -1.07   4.23   0.94   5.50 |  -0.10   0.38   0.09
 52 -1.00  1.0  2.0000     -17.685  4.6E-09   0.00 |  -2.34  -1.38  -0.23   5.50 |  -0.21  -0.13  -0.02
 49 -1.00  1.0  2.0000     -17.685  2.9E-09   0.00 |  -0.55  -0.97  -4.52   5.50 |  -0.05  -0.09  -0.41
 21  1.00  1.0  2.0000     -17.665  1.6E-10   0.00 |  -0.50  -1.00  -1.00   1.50 |   0.10   0.20   0.20
 22  1.00  1.0  2.0000     -17.665  1.6E-10   0.00 |   1.50   0.00   0.00   1.50 |  -0.30   0.00   0.00
 20  1.00  1.0  2.0000     -17.356 -7.9E-12   0.00 |  -0.50   0.50   0.50   0.50 |  -0.50   0.50   0.50
 59 -1.00  1.0  2.0000     -11.873  9.1E-09   0.00 |   2.27  -1.36   0.17   4.50 |  -0.21   0.12  -0.02
 58 -1.00  1.0  2.0000     -11.873  1.6E-08   0.00 |  -0.49  -2.49  -2.16   4.50 |   0.04   0.23   0.20
 62 -1.00  1.0  2.0000     -11.873  1.7E-08   0.00 |   0.13  -1.17   1.48   4.50 |  -0.01   0.11  -0.13
 61 -1.00  1.0  2.0000     -11.873  1.5E-08   0.00 |   0.45   1.82  -0.65   4.50 |  -0.04  -0.17   0.06
 60 -1.00  1.0  2.0000     -11.872  1.7E-08   0.00 |   0.14   0.70   3.65   4.50 |  -0.01  -0.06  -0.33
 55 -1.00  1.0  2.0000     -11.584  3.7E-08   0.00 |  -0.59   0.24  -1.83   3.50 |  -0.08   0.03  -0.26
 56 -1.00  1.0  2.0000     -11.584  3.1E-08   0.00 |  -2.19  -1.10  -0.02   3.50 |  -0.31  -0.16  -0.00
 57 -1.00  1.0  2.0000     -11.584  9.1E-09   0.00 |  -0.95   1.80   1.36   3.50 |  -0.14   0.26   0.19
 54 -1.00  1.0  2.0000     -11.584  6.7E-09   0.00 |   1.73   1.06  -1.52   3.50 |   0.25   0.15  -0.22
 29  1.00  1.0  2.0000      -9.758  4.2E-09   0.00 |  -1.63  -0.64  -3.89   6.50 |  -0.13  -0.05  -0.30
 28  1.00  1.0  2.0000      -9.758  7.3E-09   0.00 |   0.14   2.63   0.52   6.50 |   0.01   0.20   0.04
 24  1.00  1.0  2.0000      -9.758  9.2E-09   0.00 |   0.65  -1.50   2.47   6.50 |   0.05  -0.12   0.19
 25  1.00  1.0  2.0000      -9.758  8.4E-09   0.00 |  -1.23  -3.09   0.83   6.50 |  -0.09  -0.24   0.06
 27  1.00  1.0  2.0000      -9.758  1.3E-08   0.00 |  -0.36   5.16   1.24   6.50 |  -0.03   0.40   0.10
 23  1.00  1.0  2.0000      -9.758  1.1E-08   0.00 |   1.54  -0.17   3.26   6.50 |   0.12  -0.01   0.25
 26  1.00  1.0  2.0000      -9.758  1.4E-08   0.00 |  -2.61   1.13  -0.94   6.50 |  -0.20   0.09  -0.07
 66 -1.00  1.0  2.0000      -8.814  2.0E-06   0.00 |   1.84  -0.47   1.10   2.50 |  -0.26   0.07  -0.16
 65 -1.00  1.0  2.0000      -8.814  1.1E-06   0.00 |  -0.76  -2.03  -0.66   2.50 |   0.11   0.29   0.09
 67 -1.00  1.0  2.0000      -8.814  1.0E-06   0.00 |   0.42   0.99   1.06   2.50 |  -0.06  -0.14  -0.15
 64 -1.00  1.0  2.0000      -8.808  2.0E-06   0.00 |  -1.00  -0.50  -1.00   1.50 |  -0.33  -0.17  -0.33
 63 -1.00  1.0  2.0000      -8.808  2.0E-06   0.00 |   0.00   1.50   0.00   1.50 |  -0.00   0.50  -0.00
 68 -1.00  1.0  2.0000      -7.785  5.3E-13   0.00 |   0.50  -0.50   0.50   0.50 |  -0.17   0.17  -0.17
 30  1.00  1.0  0.0000      -3.611  6.1E-06   0.00 |  -1.60  -1.28  -1.08   4.50 |  -0.18  -0.14  -0.12
 33  1.00  1.0  0.0000      -3.609  6.2E-06   0.00 |  -1.16  -1.76  -2.35   4.50 |  -0.13  -0.20  -0.26
 32  1.00  1.0  0.0000      -3.609  6.3E-06   0.00 |  -0.56   0.24   3.83   4.50 |  -0.06   0.02   0.43
 34 -1.00  1.0  0.0000      -3.608  4.4E-06   0.00 |  -0.47   3.94   0.85   4.50 |  -0.05   0.44   0.09
 31  1.00  1.0  0.0000      -3.608  3.9E-06   0.00 |   1.30   1.35   1.25   4.50 |   0.15   0.15   0.14
 69 -1.00  1.0  0.0000      -1.619  2.7E-08   0.00 |  -4.25  -1.98  -1.53   7.50 |  -0.28  -0.13  -0.10
 70  1.00  1.0  0.0000      -1.619  4.9E-08   0.00 |   3.08   1.94  -1.67   7.50 |   0.21   0.13  -0.11
__________________________________________________________________________________________________________
   Proton  wavefunctions
  i     P   Rz   occ          E       d2h    Delta |   JxT    JyT    Jz      J   |   SxT    SyT    Sz
----------------------------------------------------------------------------------------------------------
 71  1.00  1.0  2.0000     -40.382 -3.7E-11   0.00 |  -0.50   0.50   0.50   0.50 |  -0.50   0.50   0.50
 98 -1.00  1.0  2.0000     -35.872 -9.1E-12   0.00 |  -1.00  -0.50  -1.00   1.50 |  -0.33  -0.17  -0.33
 97 -1.00  1.0  2.0000     -35.872  4.3E-12   0.00 |  -0.00   1.50   0.00   1.50 |   0.00   0.50  -0.00
 99 -1.00  1.0  2.0000     -35.321  9.1E-12   0.00 |   0.50  -0.50   0.50   0.50 |  -0.17   0.17  -0.17
 74  1.00  1.0  2.0000     -30.219  8.9E-09   0.00 |  -0.78   0.01  -1.35   2.50 |  -0.16   0.00  -0.27
 72  1.00  1.0  2.0000     -30.219  8.9E-09   0.00 |   0.42   0.06   2.00   2.50 |   0.08   0.01   0.40
 73  1.00  1.0  2.0000     -30.219  1.3E-09   0.00 |  -1.14   1.43   0.85   2.50 |  -0.23   0.29   0.17
 75  1.00  1.0  2.0000     -28.878  7.4E-10   0.00 |  -0.25  -0.31  -1.45   1.50 |   0.05   0.06   0.29
 76  1.00  1.0  2.0000     -28.878  7.3E-10   0.00 |   1.25  -0.69   0.45   1.50 |  -0.25   0.14  -0.09
 77  1.00  1.0  2.0000     -26.157  2.2E-11   0.00 |  -0.50   0.50   0.50   0.50 |  -0.50   0.50   0.50
101 -1.00  1.0  2.0000     -23.766  6.3E-09   0.00 |   0.59  -0.72   2.24   3.50 |   0.08  -0.10   0.32
100 -1.00  1.0  2.0000     -23.766  2.2E-09   0.00 |  -0.31   0.19  -2.99   3.50 |  -0.04   0.03  -0.43
102 -1.00  1.0  2.0000     -23.766  1.2E-08   0.00 |  -2.47  -0.93  -1.06   3.50 |  -0.35  -0.13  -0.15
103 -1.00  1.0  2.0000     -23.766  5.5E-09   0.00 |   0.19   3.46  -0.19   3.50 |   0.03   0.49  -0.03
105 -1.00  1.0  2.0000     -21.269  4.2E-09   0.00 |   0.01   0.95  -1.20   2.50 |  -0.00  -0.14   0.17
104 -1.00  1.0  2.0000     -21.268  2.4E-09   0.00 |   0.55  -0.48   2.27   2.50 |  -0.08   0.07  -0.32
106 -1.00  1.0  2.0000     -21.268  2.0E-09   0.00 |   0.94  -1.97   0.43   2.50 |  -0.13   0.28  -0.06
108 -1.00  1.0  2.0000     -18.452  8.0E-12   0.00 |   0.37   0.50  -1.37   1.50 |   0.12   0.17  -0.46
107 -1.00  1.0  2.0000     -18.452  8.5E-12   0.00 |  -1.37   0.50   0.37   1.50 |  -0.46   0.17   0.12
109 -1.00  1.0  2.0000     -17.443  1.1E-11   0.00 |   0.50  -0.50   0.50   0.50 |  -0.17   0.17  -0.17
 78  1.00  1.0  2.0000     -16.727  8.7E-09   0.00 |   1.81   1.37   1.21   4.50 |   0.20   0.15   0.13
 81  1.00  1.0  2.0000     -16.727  2.1E-08   0.00 |  -2.39  -2.27  -0.68   4.50 |  -0.27  -0.25  -0.08
 82  1.00  1.0  2.0000     -16.727  2.0E-08   0.00 |  -2.24  -1.09  -2.08   4.50 |  -0.25  -0.12  -0.23
 79  1.00  1.0  2.0000     -16.727  5.5E-09   0.00 |  -0.04   0.33   4.10   4.50 |  -0.00   0.04   0.46
 80  1.00  1.0  2.0000     -16.727  6.3E-09   0.00 |   0.35   4.16  -0.05   4.50 |   0.04   0.46  -0.01
 86  1.00  1.0  2.0000     -12.769  1.9E-08   0.00 |   0.66   2.07   0.70   3.50 |  -0.07  -0.23  -0.08
 83  1.00  1.0  2.0000     -12.769  1.3E-08   0.00 |  -0.99  -2.57  -0.86   3.50 |   0.11   0.29   0.10
 84  1.00  1.0  2.0000     -12.769  2.0E-08   0.00 |   2.98  -0.43   0.88   3.50 |  -0.33   0.05  -0.10
 85  1.00  1.0  2.0000     -12.769  1.5E-08   0.00 |  -0.65  -1.07  -2.72   3.50 |   0.07   0.12   0.30
 87  1.00  1.0  2.0000     -10.543  1.0E-08   0.00 |  -0.46  -1.29  -0.89   2.50 |  -0.09  -0.26  -0.18
 89  1.00  1.0  2.0000     -10.543  8.8E-09   0.00 |  -0.33   2.32   0.22   2.50 |  -0.07   0.46   0.04
 88  1.00  1.0  2.0000     -10.543  2.3E-09   0.00 |  -0.71   0.47   2.18   2.50 |  -0.14   0.09   0.43
111 -1.00  1.0  2.0000      -9.240  1.3E-08   0.00 |   0.27   1.75   2.85   5.50 |   0.02   0.16   0.26
114 -1.00  1.0  2.0000      -9.240  3.2E-08   0.00 |  -2.08  -0.89  -1.24   5.50 |  -0.19  -0.08  -0.11
115 -1.00  1.0  2.0000      -9.240  2.3E-08   0.00 |   3.22   0.85  -0.02   5.50 |   0.29   0.08  -0.00
112 -1.00  1.0  2.0000      -9.240  3.0E-08   0.00 |  -1.43  -0.87  -2.74   5.50 |  -0.13  -0.08  -0.25
113 -1.00  1.0  2.0000      -9.240  2.7E-08   0.00 |  -1.37   3.29   1.55   5.50 |  -0.12   0.30   0.14
110 -1.00  1.0  2.0000      -9.240  9.4E-09   0.00 |  -1.61  -1.13  -3.40   5.50 |  -0.15  -0.10  -0.31
 90  1.00  1.0  2.0000      -8.780  3.6E-10   0.00 |  -0.50  -1.00  -1.00   1.50 |   0.10   0.20   0.20
 91  1.00  1.0  2.0000      -8.780  3.6E-10   0.00 |   1.50   0.00   0.00   1.50 |  -0.30   0.00   0.00
 92  1.00  1.0  2.0000      -7.967  1.1E-12   0.00 |  -0.50   0.50   0.50   0.50 |  -0.50   0.50   0.50
116 -1.00  1.0  0.0000      -3.651  2.5E-08   0.00 |  -0.00  -1.51  -2.67   4.50 |   0.00   0.14   0.24
117 -1.00  1.0  0.0000      -3.651  2.3E-08   0.00 |  -0.57   0.93   2.51   4.50 |   0.05  -0.08  -0.23
118 -1.00  1.0  0.0000      -3.651  2.3E-08   0.00 |  -1.00   1.54  -0.39   4.50 |   0.09  -0.14   0.04
120 -1.00  1.0  0.0000      -3.651  2.2E-08   0.00 |   2.19  -0.98   2.27   4.50 |  -0.20   0.09  -0.21
119 -1.00  1.0  0.0000      -3.650  2.9E-08   0.00 |   1.88  -2.49   0.78   4.50 |  -0.17   0.23  -0.07
 95  1.00  1.0  0.0000      -1.382  8.1E-09   0.00 |  -1.39  -3.75  -1.93   6.50 |  -0.11  -0.29  -0.15
 96 -1.00  1.0  0.0000      -1.382  3.0E-08   0.00 |  -0.06   2.44   3.62   6.50 |  -0.00   0.19   0.28
 94  1.00  1.0  0.0000      -1.382  3.1E-08   0.00 |  -0.21   2.42   2.10   6.50 |  -0.02   0.19   0.16
 93  1.00  1.0  0.0000      -1.382  6.6E-09   0.00 |  -3.63   2.24   1.22   6.50 |  -0.28   0.17   0.09
----------------------------------------------------------------------------------------------------------
------------------------ Electric Multipole Moments -------------------------
Quantisation Axis             : Z
  With secondary axis ordering: X,Y
  Calculated wrt to COM = (   0.000   0.000   0.000)
______________________________________________________________________________
                   Neutrons        Protons          Charge         Total
______________________________________________________________________________
 Particles          126.0000         82.0000         82.0001        208.0000

Re  Q_{ 2 0}         -0.0000         -0.0000         -0.0000         -0.0000
Re  Q_{ 2 2}          0.0000          0.0000          0.0000          0.0000

Re  Q_{ 4 0}         15.0111         -1.2038          0.8166         13.8074
Re  Q_{ 4 2}          0.0000          0.0000          0.0000          0.0000
Re  Q_{ 4 4}          8.9709         -0.7194          0.4880          8.2515

Re  Q_{ 6 0}        245.0220        -10.6267          6.5536        234.3953
Re  Q_{ 6 2}         -0.0000         -0.0000         -0.0000         -0.0000
Re  Q_{ 6 4}       -458.3944         19.8804        -12.2610       -438.5140
Re  Q_{ 6 6}          0.0000          0.0000          0.0000          0.0000

Re  Q_{ 8 0}      44143.2110      -2536.0872       1427.6879      41607.1239
Re  Q_{ 8 2}          0.0000         -0.0000         -0.0000         -0.0000
Re  Q_{ 8 4}      16600.0866       -953.6966        536.8838      15646.3900
Re  Q_{ 8 6}          0.0000          0.0000          0.0000          0.0000
Re  Q_{ 8 8}      25292.2831      -1453.0731        818.0103      23839.2100

Re  Q_{10 0}     798486.8052     -19221.1778      -1902.6268     779265.6274
Re  Q_{10 2}          0.0002         -0.0000         -0.0000          0.0002
Re  Q_{10 4}    -804605.5438      19368.4593       1917.1981    -785237.0846
Re  Q_{10 6}         -0.0010         -0.0000         -0.0000         -0.0010
Re  Q_{10 8}    -957672.1652      23053.0696       2281.9149    -934619.0956
Re  Q_{1010}          0.0000          0.0001          0.0001          0.0001

 RMS radius           5.5856          5.4446          5.4958          5.5304
 Fourth mom.          5.9487          5.7664          5.8367          5.8789
______________________________________________________________________________
                   Neutrons        Protons          Charge         Total
______________________________________________________________________________

Beta_{ 2 0}      -0.00000000     -0.00000000     -0.00000000     -0.00000000
Beta_{ 2 2}       0.00000000      0.00000000      0.00000000      0.00000000

Beta_{ 4 0}       0.00011829     -0.00000949      0.00000643      0.00010881
Beta_{ 4 2}       0.00000000      0.00000000      0.00000000      0.00000000
Beta_{ 4 4}       0.00007069     -0.00000567      0.00000385      0.00006503

Beta_{ 6 0}       0.00003820     -0.00000166      0.00000102      0.00003654
Beta_{ 6 2}      -0.00000000     -0.00000000     -0.00000000     -0.00000000
Beta_{ 6 4}      -0.00007146      0.00000310     -0.00000191     -0.00006836
Beta_{ 6 6}       0.00000000      0.00000000      0.00000000      0.00000000

Beta_{ 8 0}       0.00013612     -0.00000782      0.00000440      0.00012830
Beta_{ 8 2}       0.00000000     -0.00000000     -0.00000000     -0.00000000
Beta_{ 8 4}       0.00005119     -0.00000294      0.00000166      0.00004825
Beta_{ 8 6}       0.00000000      0.00000000      0.00000000      0.00000000
Beta_{ 8 8}       0.00007799     -0.00000448      0.00000252      0.00007351

Beta_{10 0}       0.00004871     -0.00000117     -0.00000012      0.00004754
Beta_{10 2}       0.00000000     -0.00000000     -0.00000000      0.00000000
Beta_{10 4}      -0.00004908      0.00000118      0.00000012     -0.00004790
Beta_{10 6}      -0.00000000     -0.00000000     -0.00000000     -0.00000000
Beta_{10 8}      -0.00005842      0.00000141      0.00000014     -0.00005701
Beta_{1010}       0.00000000      0.00000000      0.00000000      0.00000000


______________________________________________________________________________
                   Neutrons        Protons          Charge         Total
______________________________________________________________________________
Q_{ 2}                0.0000          0.0000          0.0000          0.0000
Q_{ 4}               19.6542          1.5761          1.0691         18.0781
Q_{ 6}              693.0272         30.0564         18.5368        662.9708
Q_{ 8}            61474.7753       3531.8063       1988.2310      57942.9691
Q_{10}          1940781.6189      46718.4775       4624.4521    1894063.1415
______________________________________________________________________________
                   Neutrons        Protons          Charge         Total
______________________________________________________________________________
Beta_{   2}       0.00000000      0.00000000      0.00000000      0.00000000
Beta_{   4}       0.00015488      0.00001242      0.00000843      0.00014246
Beta_{   6}       0.00010803      0.00000469      0.00000289      0.00010335
Beta_{   8}       0.00018957      0.00001089      0.00000613      0.00017868
Beta_{  10}       0.00011839      0.00000285      0.00000028      0.00011554
______________________________________________________________________________
 Cart. Moments X              Y              Z
 Cart. N        0.0000021      0.0000021     -0.0000043
 Cart. P        0.0000022      0.0000022     -0.0000045
 Cart. T        0.0000044      0.0000044     -0.0000087
 (Q, gamma)    Q              Gamma
 (Q,g) N        0.0000043    179.8983748
 (Q,g) P        0.0000045    179.9301438
 (Q,g) T        0.0000087    179.9145610
 (iq1, iq2)    iq1            iq2
 iq    N       -0.0000043      0.0000000
 iq    P       -0.0000045      0.0000000
 iq    T       -0.0000087      0.0000000
               X^2            Y^2            Z^2
 X^2_i N     1310.3466246   1310.3466246   1310.3466225
 X^2_i P      810.2510196    810.2510196    810.2510173
 X^2_i T     2120.5976442   2120.5976442   2120.5976398
----------------------------------------------------------------------------
----------------------- Box Size Check -------------------------
 Xmax = (nx+0.5)dx = 12.250 fm,  max(rho(X=Xmax)) =    1.088E-05
 Ymax = (ny+0.5)dx = 12.250 fm,  max(rho(Y=Ymax)) =    1.088E-05
 Zmax = (nz+0.5)dx = 12.250 fm,  max(rho(Z=Zmax)) =    1.088E-05
---------------------Rotational properties--------------------
                Rigid rotor          (hbar^2/MeV)
              n              p              t 
 I_R X      63.1933370     39.0755124    102.2688494
 I_R Y      63.1933370     39.0755124    102.2688494
 I_R Z      63.1933371     39.0755124    102.2688495

                Belyaev                 (hbar^2/MeV) 
              n              p              t 
 I_B X       0.0000003      0.0000000      0.0000004
 I_B Y       0.0000003      0.0000000      0.0000003
 I_B Z       0.0000003      0.0000000      0.0000004

                Belyaev (collective)    (hbar^2/MeV) 
              n              p              t 
 I_B X       0.0000000      0.0000000      0.0000000
 I_B Y       0.0000000      0.0000000      0.0000000
 I_B Z       0.0000000      0.0000000      0.0000000

                 <J^2> - <J>^2          (hbar^2)
              n              p              t 
 J2_X        0.0000012      0.0000001      0.0000013
 J2_Y        0.0000010      0.0000001      0.0000011
 J2_Z        0.0000013      0.0000001      0.0000014
 J2_t        0.0000035      0.0000003      0.0000038

                 <J^2> - <J>^2 (coll.)  (hbar^2)
              n              p              t 
 J2_X        0.0000000      0.0000000      0.0000000
 J2_Y        0.0000000      0.0000000      0.0000000
 J2_Z        0.0000000      0.0000000      0.0000000
 J2_t        0.0000000      0.0000000      0.0000000
------------------------- Angular Momentum (hbar) --------------------------

               Spwfs(*)    Desired     Omega       E (MeV)      Densit. 
  __________________________________________________________________________
   J_x   |     0.00000     0.00000     0.00000     0.00000     0.00000
   J_y   |     0.00000     0.00000     0.00000     0.00000     0.00000
   J_z   |     0.00000     0.00000     0.00000     0.00000     0.00000
  __________________________________________________________________________
   Size  |     0.00000     0.00000     0.00000                 0.00000
  --------------------------------------------------------------------------
--------------------------------------------------------------------------------
 Skyrme Energy                Isospin  1 2 3 4                   Energy [MeV]
--------------------------------------------------------------------------------
E_D_I_I_D_I_I                          0 0                     -17357.612631
E_D_I_I_D_I_I                          1 1                        418.239684
E_D_I_I_D_I_I_D_I_I                    0 0 0                     9922.715335
E_D_I_I_D_I_I_D_I_I                    0 1 1                     -277.716698
E_D_I_I_D_Nm_Nm                        0 0                        761.149768
E_D_I_I_D_Nm_Nm                        1 1                        -26.082278
E_D_I_I_Lap_D_I_I                      0 0                        271.311428
E_D_I_I_Lap_D_I_I                      1 1                         -0.095464
E_C_I_NmSk_C_I_NmSk                    0 0                         -0.000000
E_C_I_NmSk_C_I_NmSk                    1 1                         -0.000000
E_D_I_I_D_I_I_D_Nm_Nm                  0 0 0                        0.000000
E_D_I_I_D_I_I_D_Nm_Nm                  0 1 1                       -0.000000
E_D_I_I_D_I_I_D_Nm_Nm                  0 0 0                        0.000000
E_D_I_I_D_I_I_D_Nm_Nm                  0 1 1                        0.000000
E_D_I_I_Derm_D_I_I_Derm_D_I_I          0 0 0                        0.000000
E_D_I_I_Derm_D_I_I_Derm_D_I_I          0 1 1                       -0.000000
E_D_I_I_Derm_D_I_I_Derm_D_I_I          0 0 0                       -0.000000
E_D_I_I_Derm_D_I_I_Derm_D_I_I          0 1 1                       -0.000000
E_D_I_I_Derm_D_I_I_D_I_I_Derm_D_I_I    0 0 0 0                      0.000000
E_D_I_I_Derm_D_I_I_D_I_I_Derm_D_I_I    0 0 1 1                     -0.000000
E_D_I_I_Derm_C_I_NxmSxm                0 0                        -93.040235
E_D_I_I_Derm_C_I_NxmSxm                1 1                         -0.822199
E_DP_I_I_DP_I_I                        n n                         -0.000000
E_DP_I_I_DP_I_I                        p p                         -0.000000
E_D_I_I_DP_I_I_DP_I_I                  0 n n                        0.000000
E_D_I_I_DP_I_I_DP_I_I                  0 p p                        0.000000
--------------------------------------------------------------------------------
                 Total Skyrme:                                  -6381.953290
--------------------------------------------------------------------------------
                    time-even:                                  -6381.953290
                    time-odd :                                      0.000000
                    bilinear :                                 -16026.951926
                    trilinear:                                      0.000000
                 quadrilinear:                                      0.000000
            density-dependent:                                   9644.998637
--------------------------------------------------------------------------------
--------------------------------------------------------------------------------
                                     neutron        proton         total
                Kinetic Energy:    2572.820622    1356.732049    3929.552671
                    COM 1-body:     -12.369330      -6.522750     -18.892080
                    COM 2-body:       8.734546       4.166154      12.900700
                            ph:       8.734546       4.166154      12.900700
                            pp:       0.000000       0.000000       0.000000

                Coulomb Direct:       0.000000     822.649814     822.649814
                  Dir. (point):       0.000000     826.077578     826.077578
                      Exchange:       0.000000       0.000000       0.000000
                  Exc. (point):       0.000000       0.000000       0.000000

               Pairing (delta):       0.000000       0.000000       0.000000
               Pairing (densi):                                     0.000000
--------------------------------------------------------------------------------
                  Total energy:                                 -1635.742186
                    from spwfs:                                 -1632.314432
                   E_fu - E_sp:                                -0.342775E+01
                      Routhian:                                 -1635.742186
                         dE   :                                -0.692544E-07
                         dR   :                                -0.692544E-07
--------------------------------------------------------------------------------
 Iteration =  151
 dt    =   0.0162      mu   =   0.7985 gradn =    0.000E+00 D2H  =    8.387E-08
 E     =  -1635.742    DE   =  0.80986E-11
 R     =  -1635.742    DR   =  0.80986E-11
 R-E   =      0.000  D(R-E) =  0.00000E+00
 dmun  =  0.0E+00      dmup=  0.0E+00
 RQ20t =      -0.0000   dQ =  8.7E-10  L =       0.0000   dL =  0.0E+00  dev =  0.0E+00
 RQ22t =       0.0000   dQ = -6.5E-11  L =       0.0000   dL =  0.0E+00  dev =  0.0E+00
 Jz    =       0.0000   dJZ=  0.0E+00 Om =       0.0000   dO =  0.0E+00  dev =  0.0E+00
--------------------------------------------------------------------------------------
 Iteration =  152
 dt    =   0.0162      mu   =   0.7985 gradn =    0.000E+00 D2H  =    8.385E-08
 E     =  -1635.742    DE   = -0.47378E-10
 R     =  -1635.742    DR   = -0.47378E-10
 R-E   =      0.000  D(R-E) =  0.00000E+00
 dmun  =  0.0E+00      dmup=  0.0E+00
 RQ20t =      -0.0000   dQ =  8.4E-10  L =       0.0000   dL =  0.0E+00  dev =  0.0E+00
 RQ22t =       0.0000   dQ = -6.3E-11  L =       0.0000   dL =  0.0E+00  dev =  0.0E+00
 Jz    =       0.0000   dJZ=  0.0E+00 Om =       0.0000   dO =  0.0E+00  dev =  0.0E+00
--------------------------------------------------------------------------------------
 Iteration =  153
 dt    =   0.0162      mu   =   0.7985 gradn =    0.000E+00 D2H  =    8.384E-08
 E     =  -1635.742    DE   =  0.19429E-10
 R     =  -1635.742    DR   =  0.19429E-10
 R-E   =      0.000  D(R-E) =  0.00000E+00
 dmun  =  0.0E+00      dmup=  0.0E+00
 RQ20t =      -0.0000   dQ =  8.2E-10  L =       0.0000   dL =  0.0E+00  dev =  0.0E+00
 RQ22t =       0.0000   dQ = -6.1E-11  L =       0.0000   dL =  0.0E+00  dev =  0.0E+00
 Jz    =       0.0000   dJZ=  0.0E+00 Om =       0.0000   dO =  0.0E+00  dev =  0.0E+00
--------------------------------------------------------------------------------------
 Iteration =  154
 dt    =   0.0162      mu   =   0.7985 gradn =    0.000E+00 D2H  =    8.382E-08
 E     =  -1635.742    DE   =  0.60101E-10
 R     =  -1635.742    DR   =  0.60101E-10
 R-E   =      0.000  D(R-E) =  0.00000E+00
 dmun  =  0.0E+00      dmup=  0.0E+00
 RQ20t =      -0.0000   dQ =  8.0E-10  L =       0.0000   dL =  0.0E+00  dev =  0.0E+00
 RQ22t =       0.0000   dQ = -5.9E-11  L =       0.0000   dL =  0.0E+00  dev =  0.0E+00
 Jz    =       0.0000   dJZ=  0.0E+00 Om =       0.0000   dO =  0.0E+00  dev =  0.0E+00
--------------------------------------------------------------------------------------
 Iteration =  155
 dt    =   0.0162      mu   =   0.7985 gradn =    0.000E+00 D2H  =    8.380E-08
 E     =  -1635.742    DE   =  0.55686E-10
 R     =  -1635.742    DR   =  0.55686E-10
 R-E   =      0.000  D(R-E) =  0.00000E+00
 dmun  =  0.0E+00      dmup=  0.0E+00
 RQ20t =      -0.0000   dQ =  7.7E-10  L =       0.0000   dL =  0.0E+00  dev =  0.0E+00
 RQ22t =       0.0000   dQ = -5.7E-11  L =       0.0000   dL =  0.0E+00  dev =  0.0E+00
 Jz    =       0.0000   dJZ=  0.0E+00 Om =       0.0000   dO =  0.0E+00  dev =  0.0E+00
--------------------------------------------------------------------------------------
 Iteration =  156
 dt    =   0.0162      mu   =   0.7985 gradn =    0.000E+00 D2H  =    8.379E-08
 E     =  -1635.742    DE   =  0.49953E-10
 R     =  -1635.742    DR   =  0.49953E-10
 R-E   =      0.000  D(R-E) =  0.00000E+00
 dmun  =  0.0E+00      dmup=  0.0E+00
 RQ20t =      -0.0000   dQ =  7.4E-10  L =       0.0000   dL =  0.0E+00  dev =  0.0E+00
 RQ22t =       0.0000   dQ = -5.5E-11  L =       0.0000   dL =  0.0E+00  dev =  0.0E+00
 Jz    =       0.0000   dJZ=  0.0E+00 Om =       0.0000   dO =  0.0E+00  dev =  0.0E+00
--------------------------------------------------------------------------------------
 Iteration =  157
 dt    =   0.0162      mu   =   0.7985 gradn =    0.000E+00 D2H  =    8.377E-08
 E     =  -1635.742    DE   =  0.14509E-10
 R     =  -1635.742    DR   =  0.14509E-10
 R-E   =      0.000  D(R-E) =  0.00000E+00
 dmun  =  0.0E+00      dmup=  0.0E+00
 RQ20t =      -0.0000   dQ =  7.1E-10  L =       0.0000   dL =  0.0E+00  dev =  0.0E+00
 RQ22t =       0.0000   dQ = -5.2E-11  L =       0.0000   dL =  0.0E+00  dev =  0.0E+00
 Jz    =       0.0000   dJZ=  0.0E+00 Om =       0.0000   dO =  0.0E+00  dev =  0.0E+00
--------------------------------------------------------------------------------------
 Iteration =  158
 dt    =   0.0162      mu   =   0.7985 gradn =    0.000E+00 D2H  =    8.375E-08
 E     =  -1635.742    DE   =  0.95316E-11
 R     =  -1635.742    DR   =  0.95316E-11
 R-E   =      0.000  D(R-E) =  0.00000E+00
 dmun  =  0.0E+00      dmup=  0.0E+00
 RQ20t =      -0.0000   dQ =  6.8E-10  L =       0.0000   dL =  0.0E+00  dev =  0.0E+00
 RQ22t =       0.0000   dQ = -5.1E-11  L =       0.0000   dL =  0.0E+00  dev =  0.0E+00
 Jz    =       0.0000   dJZ=  0.0E+00 Om =       0.0000   dO =  0.0E+00  dev =  0.0E+00
--------------------------------------------------------------------------------------
 Iteration =  159
 dt    =   0.0162      mu   =   0.7985 gradn =    0.000E+00 D2H  =    8.374E-08
 E     =  -1635.742    DE   = -0.73561E-12
 R     =  -1635.742    DR   = -0.73561E-12
 R-E   =      0.000  D(R-E) =  0.00000E+00
 dmun  =  0.0E+00      dmup=  0.0E+00
 RQ20t =      -0.0000   dQ =  6.5E-10  L =       0.0000   dL =  0.0E+00  dev =  0.0E+00
 RQ22t =       0.0000   dQ = -4.8E-11  L =       0.0000   dL =  0.0E+00  dev =  0.0E+00
 Jz    =       0.0000   dJZ=  0.0E+00 Om =       0.0000   dO =  0.0E+00  dev =  0.0E+00
--------------------------------------------------------------------------------------
--------------------------------------------------------------------------------------
                              Iteration =   160

--------------------- Hartree-Fock basis-------------------------------------------------------------------
__________________________________________________________________________________________________________
   Neutron wavefunctions
  i     P   Rz   occ          E       d2h    Delta |   JxT    JyT    Jz      J   |   SxT    SyT    Sz
----------------------------------------------------------------------------------------------------------
  1  1.00  1.0  2.0000     -49.951  5.1E-11   0.00 |  -0.50   0.50   0.50   0.50 |  -0.50   0.50   0.50
 36 -1.00  1.0  2.0000     -45.112  2.7E-11   0.00 |  -1.00  -0.50  -1.00   1.50 |  -0.33  -0.17  -0.33
 35 -1.00  1.0  2.0000     -45.112  2.1E-11   0.00 |  -0.00   1.50   0.00   1.50 |   0.00   0.50  -0.00
 37 -1.00  1.0  2.0000     -44.553  3.4E-11   0.00 |   0.50  -0.50   0.50   0.50 |  -0.17   0.17  -0.17
  4  1.00  1.0  2.0000     -39.214  1.2E-10   0.00 |  -0.30   0.66  -1.30   2.50 |  -0.06   0.13  -0.26
  2  1.00  1.0  2.0000     -39.214  1.5E-10   0.00 |  -0.13   0.59   1.66   2.50 |  -0.03   0.12   0.33
  3  1.00  1.0  2.0000     -39.214  1.4E-10   0.00 |  -1.07   0.25   1.15   2.50 |  -0.21   0.05   0.23
  6  1.00  1.0  2.0000     -37.867  1.6E-10   0.00 |   0.25   0.21  -1.46   1.50 |  -0.05  -0.04   0.29
  7  1.00  1.0  2.0000     -37.867  1.1E-10   0.00 |   0.75  -1.21   0.46   1.50 |  -0.15   0.24  -0.09
  5  1.00  1.0  2.0000     -35.669  7.0E-12   0.00 |  -0.50   0.50   0.50   0.50 |  -0.50   0.50   0.50
 39 -1.00  1.0  2.0000     -32.546  7.2E-10   0.00 |  -0.45   2.01   1.19   3.50 |  -0.06   0.29   0.17
 40 -1.00  1.0  2.0000     -32.546  1.3E-09   0.00 |  -0.75  -1.40  -1.16   3.50 |  -0.11  -0.20  -0.17
 41 -1.00  1.0  2.0000     -32.546  8.1E-10   0.00 |  -0.82  -1.31  -2.32   3.50 |  -0.12  -0.19  -0.33
 38 -1.00  1.0  2.0000     -32.546  7.6E-10   0.00 |   0.02   2.70   0.28   3.50 |   0.00   0.39   0.04
 45 -1.00  1.0  2.0000     -30.024  1.9E-09   0.00 |  -0.23  -0.79  -1.39   2.50 |   0.03   0.11   0.20
 46 -1.00  1.0  2.0000     -30.023  1.9E-09   0.00 |  -0.17   0.33   2.33   2.50 |   0.02  -0.05  -0.33
 44 -1.00  1.0  2.0000     -30.023  5.1E-11   0.00 |   1.89  -1.04   0.55   2.50 |  -0.27   0.15  -0.08
 42 -1.00  1.0  2.0000     -27.687  1.2E-11   0.00 |  -1.00  -0.50  -1.00   1.50 |  -0.33  -0.17  -0.33
 43 -1.00  1.0  2.0000     -27.687  9.3E-12   0.00 |  -0.00   1.50   0.00   1.50 |  -0.00   0.50  -0.00
 47 -1.00  1.0  2.0000     -26.587 -5.5E-12   0.00 |   0.50  -0.50   0.50   0.50 |  -0.17   0.17  -0.17
  9  1.00  1.0  2.0000     -25.319  1.7E-09   0.00 |   2.16  -1.10  -0.39   4.50 |   0.24  -0.12  -0.04
 10  1.00  1.0  2.0000     -25.319  2.0E-09   0.00 |  -1.51   1.49  -1.49   4.50 |  -0.17   0.17  -0.17
 12  1.00  1.0  2.0000     -25.319  3.0E-09   0.00 |  -3.13  -1.02  -0.39   4.50 |  -0.35  -0.11  -0.04
 11  1.00  1.0  2.0000     -25.319  2.4E-09   0.00 |   0.79  -0.30   3.95   4.50 |   0.09  -0.03   0.44
  8  1.00  1.0  2.0000     -25.319  1.9E-09   0.00 |  -0.81   3.42   0.82   4.50 |  -0.09   0.38   0.09
 19  1.00  1.0  2.0000     -21.270  8.0E-09   0.00 |   1.31   1.86   0.01   3.50 |  -0.15  -0.21  -0.00
 16  1.00  1.0  2.0000     -21.270  6.1E-09   0.00 |  -1.05  -2.38  -0.01   3.50 |   0.12   0.26   0.00
 17  1.00  1.0  2.0000     -21.270  3.2E-09   0.00 |   0.48  -2.24   0.43   3.50 |  -0.05   0.25  -0.05
 18  1.00  1.0  2.0000     -21.270  4.0E-09   0.00 |   1.27   0.77  -2.43   3.50 |  -0.14  -0.09   0.27
 14  1.00  1.0  2.0000     -19.649  5.5E-09   0.00 |  -0.43  -1.11  -1.12   2.50 |  -0.09  -0.22  -0.22
 15  1.00  1.0  2.0000     -19.649  5.4E-09   0.00 |  -0.57   1.50   0.77   2.50 |  -0.11   0.30   0.15
 13  1.00  1.0  2.0000     -19.649  3.8E-10   0.00 |  -0.50   1.12   1.86   2.50 |  -0.10   0.22   0.37
 50 -1.00  1.0  2.0000     -17.686  3.2E-09   0.00 |  -1.15   2.98  -1.06   5.50 |  -0.10   0.27  -0.10
 53 -1.00  1.0  2.0000     -17.686  4.2E-09   0.00 |   2.81   0.03   1.33   5.50 |   0.26   0.00   0.12
 51 -1.00  1.0  2.0000     -17.686  4.7E-09   0.00 |  -0.70  -1.89   0.55   5.50 |  -0.06  -0.17   0.05
 48 -1.00  1.0  2.0000     -17.685  4.8E-09   0.00 |  -1.07   4.23   0.94   5.50 |  -0.10   0.38   0.09
 52 -1.00  1.0  2.0000     -17.685  4.6E-09   0.00 |  -2.34  -1.38  -0.23   5.50 |  -0.21  -0.13  -0.02
 49 -1.00  1.0  2.0000     -17.685  2.9E-09   0.00 |  -0.55  -0.97  -4.52   5.50 |  -0.05  -0.09  -0.41
 21  1.00  1.0  2.0000     -17.665  9.6E-11   0.00 |  -0.50  -1.00  -1.00   1.50 |   0.10   0.20   0.20
 22  1.00  1.0  2.0000     -17.665  9.1E-11   0.00 |   1.50   0.00   0.00   1.50 |  -0.30   0.00   0.00
 20  1.00  1.0  2.0000     -17.356 -4.1E-12   0.00 |  -0.50   0.50   0.50   0.50 |  -0.50   0.50   0.50
 59 -1.00  1.0  2.0000     -11.873  9.0E-09   0.00 |   2.27  -1.36   0.17   4.50 |  -0.21   0.12  -0.02
 58 -1.00  1.0  2.0000     -11.873  1.5E-08   0.00 |  -0.49  -2.49  -2.16   4.50 |   0.04   0.23   0.20
 62 -1.00  1.0  2.0000     -11.873  1.7E-08   0.00 |   0.13  -1.17   1.48   4.50 |  -0.01   0.11  -0.13
 61 -1.00  1.0  2.0000     -11.873  1.5E-08   0.00 |   0.45   1.82  -0.65   4.50 |  -0.04  -0.17   0.06
 60 -1.00  1.0  2.0000     -11.872  1.7E-08   0.00 |   0.14   0.70   3.65   4.50 |  -0.01  -0.06  -0.33
 55 -1.00  1.0  2.0000     -11.584  3.6E-08   0.00 |  -0.59   0.24  -1.83   3.50 |  -0.08   0.03  -0.26
 56 -1.00  1.0  2.0000     -11.584  3.0E-08   0.00 |  -2.19  -1.10  -0.02   3.50 |  -0.31  -0.16  -0.00
 57 -1.00  1.0  2.0000     -11.584  8.7E-09   0.00 |  -0.95   1.80   1.36   3.50 |  -0.14   0.26   0.19
 54 -1.00  1.0  2.0000     -11.584  6.3E-09   0.00 |   1.73   1.06  -1.52   3.50 |   0.25   0.15  -0.22
 29  1.00  1.0  2.0000      -9.758  4.2E-09   0.00 |  -1.63  -0.64  -3.89   6.50 |  -0.13  -0.05  -0.30
 28  1.00  1.0  2.0000      -9.758  7.3E-09   0.00 |   0.14   2.63   0.52   6.50 |   0.01   0.20   0.04
 24  1.00  1.0  2.0000      -9.758  9.2E-09   0.00 |   0.65  -1.50   2.47   6.50 |   0.05  -0.12   0.19
 25  1.00  1.0  2.0000      -9.758  8.4E-09   0.00 |  -1.23  -3.09   0.83   6.50 |  -0.09  -0.24   0.06
 27  1.00  1.0  2.0000      -9.758  1.3E-08   0.00 |  -0.36   5.16   1.24   6.50 |  -0.03   0.40   0.10
 23  1.00  1.0  2.0000      -9.758  1.1E-08   0.00 |   1.54  -0.17   3.26   6.50 |   0.12  -0.01   0.25
 26  1.00  1.0  2.0000      -9.758  1.4E-08   0.00 |  -2.61   1.13  -0.94   6.50 |  -0.20   0.09  -0.07
 66 -1.00  1.0  2.0000      -8.814  2.0E-06   0.00 |   1.84  -0.47   1.10   2.50 |  -0.26   0.07  -0.16
 65 -1.00  1.0  2.0000      -8.814  1.1E-06   0.00 |  -0.76  -2.03  -0.66   2.50 |   0.11   0.29   0.09
 67 -1.00  1.0  2.0000      -8.814  1.0E-06   0.00 |   0.42   0.99   1.06   2.50 |  -0.06  -0.14  -0.15
 64 -1.00  1.0  2.0000      -8.808  2.0E-06   0.00 |  -1.00  -0.50  -1.00   1.50 |  -0.33  -0.17  -0.33
 63 -1.00  1.0  2.0000      -8.808  2.0E-06   0.00 |   0.00   1.50   0.00   1.50 |  -0.00   0.50  -0.00
 68 -1.00  1.0  2.0000      -7.785 -1.2E-13   0.00 |   0.50  -0.50   0.50   0.50 |  -0.17   0.17  -0.17
 30  1.00  1.0  0.0000      -3.611  6.1E-06   0.00 |  -1.60  -1.28  -1.08   4.50 |  -0.18  -0.14  -0.12
 33  1.00  1.0  0.0000      -3.609  6.2E-06   0.00 |  -1.16  -1.76  -2.35   4.50 |  -0.13  -0.20  -0.26
 32  1.00  1.0  0.0000      -3.609  6.3E-06   0.00 |  -0.56   0.25   3.83   4.50 |  -0.06   0.02   0.43
 34 -1.00  1.0  0.0000      -3.608  4.4E-06   0.00 |  -0.47   3.94   0.85   4.50 |  -0.05   0.44   0.09
 31  1.00  1.0  0.0000      -3.608  3.9E-06   0.00 |   1.30   1.35   1.25   4.50 |   0.15   0.15   0.14
 69 -1.00  1.0  0.0000      -1.619  2.7E-08   0.00 |  -4.25  -1.98  -1.53   7.50 |  -0.28  -0.13  -0.10
 70  1.00  1.0  0.0000      -1.619  4.9E-08   0.00 |   3.08   1.94  -1.67   7.50 |   0.21   0.13  -0.11
__________________________________________________________________________________________________________
   Proton  wavefunctions
  i     P   Rz   occ          E       d2h    Delta |   JxT    JyT    Jz      J   |   SxT    SyT    Sz
----------------------------------------------------------------------------------------------------------
 71  1.00  1.0  2.0000     -40.382  4.8E-12   0.00 |  -0.50   0.50   0.50   0.50 |  -0.50   0.50   0.50
 98 -1.00  1.0  2.0000     -35.872  1.1E-11   0.00 |  -1.00  -0.50  -1.00   1.50 |  -0.33  -0.17  -0.33
 97 -1.00  1.0  2.0000     -35.872  2.7E-12   0.00 |  -0.00   1.50   0.00   1.50 |   0.00   0.50  -0.00
 99 -1.00  1.0  2.0000     -35.321  1.6E-11   0.00 |   0.50  -0.50   0.50   0.50 |  -0.17   0.17  -0.17
 74  1.00  1.0  2.0000     -30.219  8.8E-09   0.00 |  -0.78   0.01  -1.35   2.50 |  -0.16   0.00  -0.27
 72  1.00  1.0  2.0000     -30.219  8.8E-09   0.00 |   0.42   0.06   2.00   2.50 |   0.08   0.01   0.40
 73  1.00  1.0  2.0000     -30.219  1.1E-09   0.00 |  -1.14   1.43   0.85   2.50 |  -0.23   0.29   0.17
 75  1.00  1.0  2.0000     -28.878  5.4E-10   0.00 |  -0.25  -0.31  -1.45   1.50 |   0.05   0.06   0.29
 76  1.00  1.0  2.0000     -28.878  5.1E-10   0.00 |   1.25  -0.69   0.45   1.50 |  -0.25   0.14  -0.09
 77  1.00  1.0  2.0000     -26.157  2.5E-12   0.00 |  -0.50   0.50   0.50   0.50 |  -0.50   0.50   0.50
101 -1.00  1.0  2.0000     -23.766  6.3E-09   0.00 |   0.59  -0.72   2.24   3.50 |   0.08  -0.10   0.32
100 -1.00  1.0  2.0000     -23.766  2.2E-09   0.00 |  -0.31   0.19  -2.99   3.50 |  -0.04   0.03  -0.43
102 -1.00  1.0  2.0000     -23.766  1.2E-08   0.00 |  -2.47  -0.93  -1.06   3.50 |  -0.35  -0.13  -0.15
103 -1.00  1.0  2.0000     -23.766  5.5E-09   0.00 |   0.19   3.46  -0.19   3.50 |   0.03   0.49  -0.03
105 -1.00  1.0  2.0000     -21.269  4.2E-09   0.00 |   0.01   0.95  -1.20   2.50 |  -0.00  -0.14   0.17
104 -1.00  1.0  2.0000     -21.268  2.3E-09   0.00 |   0.55  -0.48   2.27   2.50 |  -0.08   0.07  -0.32
106 -1.00  1.0  2.0000     -21.268  2.0E-09   0.00 |   0.94  -1.97   0.43   2.50 |  -0.13   0.28  -0.06
108 -1.00  1.0  2.0000     -18.452  2.6E-12   0.00 |   0.37   0.50  -1.37   1.50 |   0.12   0.17  -0.46
107 -1.00  1.0  2.0000     -18.452  5.0E-12   0.00 |  -1.37   0.50   0.37   1.50 |  -0.46   0.17   0.12
109 -1.00  1.0  2.0000     -17.443  1.8E-12   0.00 |   0.50  -0.50   0.50   0.50 |  -0.17   0.17  -0.17
 78  1.00  1.0  2.0000     -16.727  8.7E-09   0.00 |   1.81   1.37   1.21   4.50 |   0.20   0.15   0.13
 81  1.00  1.0  2.0000     -16.727  2.1E-08   0.00 |  -2.39  -2.27  -0.68   4.50 |  -0.27  -0.25  -0.08
 82  1.00  1.0  2.0000     -16.727  2.0E-08   0.00 |  -2.24  -1.09  -2.08   4.50 |  -0.25  -0.12  -0.23
 79  1.00  1.0  2.0000     -16.727  5.5E-09   0.00 |  -0.04   0.33   4.10   4.50 |  -0.00   0.04   0.46
 80  1.00  1.0  2.0000     -16.727  6.3E-09   0.00 |   0.35   4.16  -0.05   4.50 |   0.04   0.46  -0.01
 86  1.00  1.0  2.0000     -12.769  1.9E-08   0.00 |   0.66   2.07   0.70   3.50 |  -0.07  -0.23  -0.08
 83  1.00  1.0  2.0000     -12.769  1.3E-08   0.00 |  -0.99  -2.57  -0.86   3.50 |   0.11   0.29   0.10
 84  1.00  1.0  2.0000     -12.769  2.0E-08   0.00 |   2.98  -0.43   0.88   3.50 |  -0.33   0.05  -0.10
 85  1.00  1.0  2.0000     -12.769  1.5E-08   0.00 |  -0.65  -1.07  -2.72   3.50 |   0.07   0.12   0.30
 87  1.00  1.0  2.0000     -10.543  1.0E-08   0.00 |  -0.46  -1.29  -0.89   2.50 |  -0.09  -0.26  -0.18
 89  1.00  1.0  2.0000     -10.543  8.6E-09   0.00 |  -0.33   2.32   0.22   2.50 |  -0.07   0.46   0.04
 88  1.00  1.0  2.0000     -10.543  2.2E-09   0.00 |  -0.71   0.47   2.18   2.50 |  -0.14   0.09   0.43
111 -1.00  1.0  2.0000      -9.240  1.3E-08   0.00 |   0.27   1.75   2.85   5.50 |   0.02   0.16   0.26
114 -1.00  1.0  2.0000      -9.240  3.2E-08   0.00 |  -2.08  -0.89  -1.24   5.50 |  -0.19  -0.08  -0.11
115 -1.00  1.0  2.0000      -9.240  2.3E-08   0.00 |   3.22   0.85  -0.02   5.50 |   0.29   0.08  -0.00
112 -1.00  1.0  2.0000      -9.240  3.0E-08   0.00 |  -1.43  -0.87  -2.74   5.50 |  -0.13  -0.08  -0.25
113 -1.00  1.0  2.0000      -9.240  2.7E-08   0.00 |  -1.37   3.29   1.55   5.50 |  -0.12   0.30   0.14
110 -1.00  1.0  2.0000      -9.240  9.4E-09   0.00 |  -1.61  -1.13  -3.40   5.50 |  -0.15  -0.10  -0.31
 90  1.00  1.0  2.0000      -8.780  2.3E-10   0.00 |  -0.50  -1.00  -1.00   1.50 |   0.10   0.20   0.20
 91  1.00  1.0  2.0000      -8.780  2.3E-10   0.00 |   1.50   0.00   0.00   1.50 |  -0.30   0.00   0.00
 92  1.00  1.0  2.0000      -7.967  9.5E-13   0.00 |  -0.50   0.50   0.50   0.50 |  -0.50   0.50   0.50
116 -1.00  1.0  0.0000      -3.651  2.5E-08   0.00 |  -0.00  -1.51  -2.67   4.50 |   0.00   0.14   0.24
117 -1.00  1.0  0.0000      -3.651  2.3E-08   0.00 |  -0.57   0.93   2.51   4.50 |   0.05  -0.08  -0.23
118 -1.00  1.0  0.0000      -3.651  2.3E-08   0.00 |  -1.00   1.54  -0.39   4.50 |   0.09  -0.14   0.04
120 -1.00  1.0  0.0000      -3.651  2.2E-08   0.00 |   2.19  -0.98   2.27   4.50 |  -0.20   0.09  -0.21
119 -1.00  1.0  0.0000      -3.650  2.9E-08   0.00 |   1.88  -2.49   0.78   4.50 |  -0.17   0.23  -0.07
 95  1.00  1.0  0.0000      -1.382  8.1E-09   0.00 |  -1.39  -3.75  -1.93   6.50 |  -0.11  -0.29  -0.15
 96 -1.00  1.0  0.0000      -1.382  3.0E-08   0.00 |  -0.06   2.44   3.62   6.50 |  -0.00   0.19   0.28
 94  1.00  1.0  0.0000      -1.382  3.1E-08   0.00 |  -0.21   2.42   2.10   6.50 |  -0.02   0.19   0.16
 93  1.00  1.0  0.0000      -1.382  6.6E-09   0.00 |  -3.63   2.24   1.22   6.50 |  -0.28   0.17   0.09
----------------------------------------------------------------------------------------------------------
------------------------ Electric Multipole Moments -------------------------
Quantisation Axis             : Z
  With secondary axis ordering: X,Y
  Calculated wrt to COM = (   0.000   0.000   0.000)
______________________________________________________________________________
                   Neutrons        Protons          Charge         Total
______________________________________________________________________________
 Particles          126.0000         82.0000         82.0001        208.0000

Re  Q_{ 2 0}         -0.0000         -0.0000         -0.0000         -0.0000
Re  Q_{ 2 2}          0.0000          0.0000          0.0000          0.0000

Re  Q_{ 4 0}         15.0108         -1.2041          0.8163         13.8067
Re  Q_{ 4 2}          0.0000          0.0000          0.0000          0.0000
Re  Q_{ 4 4}          8.9707         -0.7195          0.4878          8.2512

Re  Q_{ 6 0}        245.0218        -10.6266          6.5537        234.3952
Re  Q_{ 6 2}         -0.0000         -0.0000         -0.0000         -0.0000
Re  Q_{ 6 4}       -458.3940         19.8802        -12.2612       -438.5139
Re  Q_{ 6 6}          0.0000          0.0000          0.0000          0.0000

Re  Q_{ 8 0}      44143.4131      -2536.0428       1427.7321      41607.3703
Re  Q_{ 8 2}          0.0000         -0.0000         -0.0000         -0.0000
Re  Q_{ 8 4}      16600.1626       -953.6799        536.9004      15646.4827
Re  Q_{ 8 6}          0.0000          0.0000          0.0000          0.0000
Re  Q_{ 8 8}      25292.3989      -1453.0477        818.0356      23839.3512

Re  Q_{10 0}     798485.4745     -19220.5194      -1902.2068     779264.9551
Re  Q_{10 2}         -0.0000          0.0000          0.0000         -0.0000
Re  Q_{10 4}    -804604.2038      19367.7959       1916.7748    -785236.4079
Re  Q_{10 6}          0.0002         -0.0000         -0.0000          0.0002
Re  Q_{10 8}    -957670.5691      23052.2798       2281.4110    -934618.2893
Re  Q_{1010}          0.0001         -0.0000         -0.0000          0.0001

 RMS radius           5.5856          5.4446          5.4958          5.5304
 Fourth mom.          5.9487          5.7664          5.8367          5.8789
______________________________________________________________________________
                   Neutrons        Protons          Charge         Total
______________________________________________________________________________

Beta_{ 2 0}      -0.00000000     -0.00000000     -0.00000000     -0.00000000
Beta_{ 2 2}       0.00000000      0.00000000      0.00000000      0.00000000

Beta_{ 4 0}       0.00011829     -0.00000949      0.00000643      0.00010880
Beta_{ 4 2}       0.00000000      0.00000000      0.00000000      0.00000000
Beta_{ 4 4}       0.00007069     -0.00000567      0.00000384      0.00006502

Beta_{ 6 0}       0.00003820     -0.00000166      0.00000102      0.00003654
Beta_{ 6 2}      -0.00000000     -0.00000000     -0.00000000     -0.00000000
Beta_{ 6 4}      -0.00007146      0.00000310     -0.00000191     -0.00006836
Beta_{ 6 6}       0.00000000      0.00000000      0.00000000      0.00000000

Beta_{ 8 0}       0.00013613     -0.00000782      0.00000440      0.00012830
Beta_{ 8 2}       0.00000000     -0.00000000     -0.00000000     -0.00000000
Beta_{ 8 4}       0.00005119     -0.00000294      0.00000166      0.00004825
Beta_{ 8 6}       0.00000000      0.00000000      0.00000000      0.00000000
Beta_{ 8 8}       0.00007799     -0.00000448      0.00000252      0.00007351

Beta_{10 0}       0.00004871     -0.00000117     -0.00000012      0.00004754
Beta_{10 2}      -0.00000000      0.00000000      0.00000000     -0.00000000
Beta_{10 4}      -0.00004908      0.00000118      0.00000012     -0.00004790
Beta_{10 6}       0.00000000     -0.00000000     -0.00000000      0.00000000
Beta_{10 8}      -0.00005842      0.00000141      0.00000014     -0.00005701
Beta_{1010}       0.00000000     -0.00000000     -0.00000000      0.00000000


______________________________________________________________________________
                   Neutrons        Protons          Charge         Total
______________________________________________________________________________
Q_{ 2}                0.0000          0.0000          0.0000          0.0000
Q_{ 4}               19.6538          1.5765          1.0688         18.0773
Q_{ 6}              693.0266         30.0560         18.5372        662.9706
Q_{ 8}            61475.0567       3531.7445       1988.2927      57943.3122
Q_{10}          1940778.3852      46716.8772       4623.4310    1894061.5080
______________________________________________________________________________
                   Neutrons        Protons          Charge         Total
______________________________________________________________________________
Beta_{   2}       0.00000000      0.00000000      0.00000000      0.00000000
Beta_{   4}       0.00015488      0.00001242      0.00000842      0.00014246
Beta_{   6}       0.00010803      0.00000469      0.00000289      0.00010335
Beta_{   8}       0.00018957      0.00001089      0.00000613      0.00017868
Beta_{  10}       0.00011839      0.00000285      0.00000028      0.00011554
______________________________________________________________________________
 Cart. Moments X              Y              Z
 Cart. N        0.0000021      0.0000021     -0.0000043
 Cart. P        0.0000022      0.0000022     -0.0000044
 Cart. T        0.0000044      0.0000043     -0.0000087
 (Q, gamma)    Q              Gamma
 (Q,g) N        0.0000043    179.9167586
 (Q,g) P        0.0000044    179.9442569
 (Q,g) T        0.0000087    179.9307753
 (iq1, iq2)    iq1            iq2
 iq    N       -0.0000043      0.0000000
 iq    P       -0.0000044      0.0000000
 iq    T       -0.0000087      0.0000000
               X^2            Y^2            Z^2
 X^2_i N     1310.3466194   1310.3466194   1310.3466172
 X^2_i P      810.2510246    810.2510246    810.2510223
 X^2_i T     2120.5976439   2120.5976439   2120.5976396
----------------------------------------------------------------------------
----------------------- Box Size Check -------------------------
 Xmax = (nx+0.5)dx = 12.250 fm,  max(rho(X=Xmax)) =    1.088E-05
 Ymax = (ny+0.5)dx = 12.250 fm,  max(rho(Y=Ymax)) =    1.088E-05
 Zmax = (nz+0.5)dx = 12.250 fm,  max(rho(Z=Zmax)) =    1.088E-05
---------------------Rotational properties--------------------
                Rigid rotor          (hbar^2/MeV)
              n              p              t 
 I_R X      63.1933368     39.0755126    102.2688494
 I_R Y      63.1933368     39.0755126    102.2688494
 I_R Z      63.1933368     39.0755127    102.2688495

                Belyaev                 (hbar^2/MeV) 
              n              p              t 
 I_B X       0.0000003      0.0000000      0.0000004
 I_B Y       0.0000003      0.0000000      0.0000003
 I_B Z       0.0000003      0.0000000      0.0000004

                Belyaev (collective)    (hbar^2/MeV) 
              n              p              t 
 I_B X       0.0000000      0.0000000      0.0000000
 I_B Y       0.0000000      0.0000000      0.0000000
 I_B Z       0.0000000      0.0000000      0.0000000

                 <J^2> - <J>^2          (hbar^2)
              n              p              t 
 J2_X        0.0000012      0.0000001      0.0000013
 J2_Y        0.0000010      0.0000001      0.0000011
 J2_Z        0.0000013      0.0000001      0.0000014
 J2_t        0.0000035      0.0000003      0.0000038

                 <J^2> - <J>^2 (coll.)  (hbar^2)
              n              p              t 
 J2_X        0.0000000      0.0000000      0.0000000
 J2_Y        0.0000000      0.0000000      0.0000000
 J2_Z        0.0000000      0.0000000      0.0000000
 J2_t        0.0000000      0.0000000      0.0000000
------------------------- Angular Momentum (hbar) --------------------------

               Spwfs(*)    Desired     Omega       E (MeV)      Densit. 
  __________________________________________________________________________
   J_x   |     0.00000     0.00000     0.00000     0.00000     0.00000
   J_y   |     0.00000     0.00000     0.00000     0.00000     0.00000
   J_z   |     0.00000     0.00000     0.00000     0.00000     0.00000
  __________________________________________________________________________
   Size  |     0.00000     0.00000     0.00000                 0.00000
  --------------------------------------------------------------------------
--------------------------------------------------------------------------------
 Skyrme Energy                Isospin  1 2 3 4                   Energy [MeV]
--------------------------------------------------------------------------------
E_D_I_I_D_I_I                          0 0                     -17357.612637
E_D_I_I_D_I_I                          1 1                        418.239697
E_D_I_I_D_I_I_D_I_I                    0 0 0                     9922.715344
E_D_I_I_D_I_I_D_I_I                    0 1 1                     -277.716709
E_D_I_I_D_Nm_Nm                        0 0                        761.149770
E_D_I_I_D_Nm_Nm                        1 1                        -26.082279
E_D_I_I_Lap_D_I_I                      0 0                        271.311427
E_D_I_I_Lap_D_I_I                      1 1                         -0.095464
E_C_I_NmSk_C_I_NmSk                    0 0                         -0.000000
E_C_I_NmSk_C_I_NmSk                    1 1                         -0.000000
E_D_I_I_D_I_I_D_Nm_Nm                  0 0 0                        0.000000
E_D_I_I_D_I_I_D_Nm_Nm                  0 1 1                       -0.000000
E_D_I_I_D_I_I_D_Nm_Nm                  0 0 0                        0.000000
E_D_I_I_D_I_I_D_Nm_Nm                  0 1 1                        0.000000
E_D_I_I_Derm_D_I_I_Derm_D_I_I          0 0 0                        0.000000
E_D_I_I_Derm_D_I_I_Derm_D_I_I          0 1 1                       -0.000000
E_D_I_I_Derm_D_I_I_Derm_D_I_I          0 0 0                       -0.000000
E_D_I_I_Derm_D_I_I_Derm_D_I_I          0 1 1                       -0.000000
E_D_I_I_Derm_D_I_I_D_I_I_Derm_D_I_I    0 0 0 0                      0.000000
E_D_I_I_Derm_D_I_I_D_I_I_Derm_D_I_I    0 0 1 1                     -0.000000
E_D_I_I_Derm_C_I_NxmSxm                0 0                        -93.040235
E_D_I_I_Derm_C_I_NxmSxm                1 1                         -0.822199
E_DP_I_I_DP_I_I                        n n                         -0.000000
E_DP_I_I_DP_I_I                        p p                         -0.000000
E_D_I_I_DP_I_I_DP_I_I                  0 n n                        0.000000
E_D_I_I_DP_I_I_DP_I_I                  0 p p                        0.000000
--------------------------------------------------------------------------------
                 Total Skyrme:                                  -6381.953286
--------------------------------------------------------------------------------
                    time-even:                                  -6381.953286
                    time-odd :                                      0.000000
                    bilinear :                                 -16026.951920
                    trilinear:                                      0.000000
                 quadrilinear:                                      0.000000
            density-dependent:                                   9644.998635
--------------------------------------------------------------------------------
--------------------------------------------------------------------------------
                                     neutron        proton         total
                Kinetic Energy:    2572.820628    1356.732041    3929.552669
                    COM 1-body:     -12.369330      -6.522750     -18.892080
                    COM 2-body:       8.734546       4.166154      12.900700
                            ph:       8.734546       4.166154      12.900700
                            pp:       0.000000       0.000000       0.000000

                Coulomb Direct:       0.000000     822.649811     822.649811
                  Dir. (point):       0.000000     826.077576     826.077576
                      Exchange:       0.000000       0.000000       0.000000
                  Exc. (point):       0.000000       0.000000       0.000000

               Pairing (delta):       0.000000       0.000000       0.000000
               Pairing (densi):                                     0.000000
--------------------------------------------------------------------------------
                  Total energy:                                 -1635.742185
                    from spwfs:                                 -1632.314425
                   E_fu - E_sp:                                -0.342776E+01
                      Routhian:                                 -1635.742185
                         dE   :                                 0.461530E-07
                         dR   :                                 0.461530E-07
--------------------------------------------------------------------------------
 Iteration =  161
 dt    =   0.0162      mu   =   0.7985 gradn =    0.000E+00 D2H  =    8.371E-08
 E     =  -1635.742    DE   =  0.32655E-10
 R     =  -1635.742    DR   =  0.32655E-10
 R-E   =      0.000  D(R-E) =  0.00000E+00
 dmun  =  0.0E+00      dmup=  0.0E+00
 RQ20t =      -0.0000   dQ =  6.0E-10  L =       0.0000   dL =  0.0E+00  dev =  0.0E+00
 RQ22t =       0.0000   dQ = -4.4E-11  L =       0.0000   dL =  0.0E+00  dev =  0.0E+00
 Jz    =       0.0000   dJZ=  0.0E+00 Om =       0.0000   dO =  0.0E+00  dev =  0.0E+00
--------------------------------------------------------------------------------------
 Iteration =  162
 dt    =   0.0162      mu   =   0.7985 gradn =    0.000E+00 D2H  =    8.369E-08
 E     =  -1635.742    DE   = -0.10797E-10
 R     =  -1635.742    DR   = -0.10797E-10
 R-E   =      0.000  D(R-E) =  0.00000E+00
 dmun  =  0.0E+00      dmup=  0.0E+00
 RQ20t =      -0.0000   dQ =  5.8E-10  L =       0.0000   dL =  0.0E+00  dev =  0.0E+00
 RQ22t =       0.0000   dQ = -4.2E-11  L =       0.0000   dL =  0.0E+00  dev =  0.0E+00
 Jz    =       0.0000   dJZ=  0.0E+00 Om =       0.0000   dO =  0.0E+00  dev =  0.0E+00
--------------------------------------------------------------------------------------
 Iteration =  163
 dt    =   0.0162      mu   =   0.7985 gradn =    0.000E+00 D2H  =    8.367E-08
 E     =  -1635.742    DE   = -0.29180E-11
 R     =  -1635.742    DR   = -0.29180E-11
 R-E   =      0.000  D(R-E) =  0.00000E+00
 dmun  =  0.0E+00      dmup=  0.0E+00
 RQ20t =      -0.0000   dQ =  5.6E-10  L =       0.0000   dL =  0.0E+00  dev =  0.0E+00
 RQ22t =       0.0000   dQ = -4.0E-11  L =       0.0000   dL =  0.0E+00  dev =  0.0E+00
 Jz    =       0.0000   dJZ=  0.0E+00 Om =       0.0000   dO =  0.0E+00  dev =  0.0E+00
--------------------------------------------------------------------------------------
 Iteration =  164
 dt    =   0.0162      mu   =   0.7985 gradn =    0.000E+00 D2H  =    8.366E-08
 E     =  -1635.742    DE   =  0.29471E-10
 R     =  -1635.742    DR   =  0.29471E-10
 R-E   =      0.000  D(R-E) =  0.00000E+00
 dmun  =  0.0E+00      dmup=  0.0E+00
 RQ20t =      -0.0000   dQ =  5.4E-10  L =       0.0000   dL =  0.0E+00  dev =  0.0E+00
 RQ22t =       0.0000   dQ = -3.9E-11  L =       0.0000   dL =  0.0E+00  dev =  0.0E+00
 Jz    =       0.0000   dJZ=  0.0E+00 Om =       0.0000   dO =  0.0E+00  dev =  0.0E+00
--------------------------------------------------------------------------------------
 Iteration =  165
 dt    =   0.0162      mu   =   0.7985 gradn =    0.000E+00 D2H  =    8.364E-08
 E     =  -1635.742    DE   = -0.31633E-11
 R     =  -1635.742    DR   = -0.31633E-11
 R-E   =      0.000  D(R-E) =  0.00000E+00
 dmun  =  0.0E+00      dmup=  0.0E+00
 RQ20t =      -0.0000   dQ =  5.2E-10  L =       0.0000   dL =  0.0E+00  dev =  0.0E+00
 RQ22t =       0.0000   dQ = -3.7E-11  L =       0.0000   dL =  0.0E+00  dev =  0.0E+00
 Jz    =       0.0000   dJZ=  0.0E+00 Om =       0.0000   dO =  0.0E+00  dev =  0.0E+00
--------------------------------------------------------------------------------------
 Iteration =  166
 dt    =   0.0162      mu   =   0.7985 gradn =    0.000E+00 D2H  =    8.363E-08
 E     =  -1635.742    DE   = -0.19739E-10
 R     =  -1635.742    DR   = -0.19739E-10
 R-E   =      0.000  D(R-E) =  0.00000E+00
 dmun  =  0.0E+00      dmup=  0.0E+00
 RQ20t =      -0.0000   dQ =  5.1E-10  L =       0.0000   dL =  0.0E+00  dev =  0.0E+00
 RQ22t =       0.0000   dQ = -3.7E-11  L =       0.0000   dL =  0.0E+00  dev =  0.0E+00
 Jz    =       0.0000   dJZ=  0.0E+00 Om =       0.0000   dO =  0.0E+00  dev =  0.0E+00
--------------------------------------------------------------------------------------
 Iteration =  167
 dt    =   0.0162      mu   =   0.7985 gradn =    0.000E+00 D2H  =    8.361E-08
 E     =  -1635.742    DE   = -0.34790E-10
 R     =  -1635.742    DR   = -0.34790E-10
 R-E   =      0.000  D(R-E) =  0.00000E+00
 dmun  =  0.0E+00      dmup=  0.0E+00
 RQ20t =      -0.0000   dQ =  5.0E-10  L =       0.0000   dL =  0.0E+00  dev =  0.0E+00
 RQ22t =       0.0000   dQ = -3.5E-11  L =       0.0000   dL =  0.0E+00  dev =  0.0E+00
 Jz    =       0.0000   dJZ=  0.0E+00 Om =       0.0000   dO =  0.0E+00  dev =  0.0E+00
--------------------------------------------------------------------------------------
 Iteration =  168
 dt    =   0.0162      mu   =   0.7985 gradn =    0.000E+00 D2H  =    8.359E-08
 E     =  -1635.742    DE   = -0.39567E-10
 R     =  -1635.742    DR   = -0.39567E-10
 R-E   =      0.000  D(R-E) =  0.00000E+00
 dmun  =  0.0E+00      dmup=  0.0E+00
 RQ20t =      -0.0000   dQ =  4.9E-10  L =       0.0000   dL =  0.0E+00  dev =  0.0E+00
 RQ22t =       0.0000   dQ = -3.6E-11  L =       0.0000   dL =  0.0E+00  dev =  0.0E+00
 Jz    =       0.0000   dJZ=  0.0E+00 Om =       0.0000   dO =  0.0E+00  dev =  0.0E+00
--------------------------------------------------------------------------------------
 Iteration =  169
 dt    =   0.0162      mu   =   0.7985 gradn =    0.000E+00 D2H  =    8.358E-08
 E     =  -1635.742    DE   = -0.27790E-10
 R     =  -1635.742    DR   = -0.27790E-10
 R-E   =      0.000  D(R-E) =  0.00000E+00
 dmun  =  0.0E+00      dmup=  0.0E+00
 RQ20t =      -0.0000   dQ =  4.8E-10  L =       0.0000   dL =  0.0E+00  dev =  0.0E+00
 RQ22t =       0.0000   dQ = -3.4E-11  L =       0.0000   dL =  0.0E+00  dev =  0.0E+00
 Jz    =       0.0000   dJZ=  0.0E+00 Om =       0.0000   dO =  0.0E+00  dev =  0.0E+00
--------------------------------------------------------------------------------------
--------------------------------------------------------------------------------------
                              Iteration =   170

--------------------- Hartree-Fock basis-------------------------------------------------------------------
__________________________________________________________________________________________________________
   Neutron wavefunctions
  i     P   Rz   occ          E       d2h    Delta |   JxT    JyT    Jz      J   |   SxT    SyT    Sz
----------------------------------------------------------------------------------------------------------
  1  1.00  1.0  2.0000     -49.951  7.7E-11   0.00 |  -0.50   0.50   0.50   0.50 |  -0.50   0.50   0.50
 36 -1.00  1.0  2.0000     -45.112  2.2E-11   0.00 |  -1.00  -0.50  -1.00   1.50 |  -0.33  -0.17  -0.33
 35 -1.00  1.0  2.0000     -45.112  4.1E-11   0.00 |  -0.00   1.50   0.00   1.50 |   0.00   0.50  -0.00
 37 -1.00  1.0  2.0000     -44.553  1.1E-11   0.00 |   0.50  -0.50   0.50   0.50 |  -0.17   0.17  -0.17
  4  1.00  1.0  2.0000     -39.214  9.8E-11   0.00 |  -0.30   0.66  -1.30   2.50 |  -0.06   0.13  -0.26
  2  1.00  1.0  2.0000     -39.214  1.4E-10   0.00 |  -0.13   0.59   1.66   2.50 |  -0.03   0.12   0.33
  3  1.00  1.0  2.0000     -39.214  1.3E-10   0.00 |  -1.07   0.25   1.15   2.50 |  -0.21   0.05   0.23
  6  1.00  1.0  2.0000     -37.867  1.1E-10   0.00 |   0.25   0.21  -1.46   1.50 |  -0.05  -0.04   0.29
  7  1.00  1.0  2.0000     -37.867  7.8E-11   0.00 |   0.75  -1.21   0.46   1.50 |  -0.15   0.24  -0.09
  5  1.00  1.0  2.0000     -35.669 -1.7E-11   0.00 |  -0.50   0.50   0.50   0.50 |  -0.50   0.50   0.50
 39 -1.00  1.0  2.0000     -32.546  7.2E-10   0.00 |  -0.45   2.01   1.19   3.50 |  -0.06   0.29   0.17
 40 -1.00  1.0  2.0000     -32.546  1.3E-09   0.00 |  -0.75  -1.40  -1.16   3.50 |  -0.11  -0.20  -0.17
 41 -1.00  1.0  2.0000     -32.546  8.1E-10   0.00 |  -0.82  -1.31  -2.32   3.50 |  -0.12  -0.19  -0.33
 38 -1.00  1.0  2.0000     -32.546  7.6E-10   0.00 |   0.02   2.70   0.28   3.50 |   0.00   0.39   0.04
 45 -1.00  1.0  2.0000     -30.024  1.9E-09   0.00 |  -0.23  -0.79  -1.39   2.50 |   0.03   0.11   0.20
 46 -1.00  1.0  2.0000     -30.023  1.9E-09   0.00 |  -0.17   0.33   2.33   2.50 |   0.02  -0.05  -0.33
 44 -1.00  1.0  2.0000     -30.023  2.9E-11   0.00 |   1.89  -1.04   0.55   2.50 |  -0.27   0.15  -0.08
 42 -1.00  1.0  2.0000     -27.687  1.1E-11   0.00 |  -1.00  -0.50  -1.00   1.50 |  -0.33  -0.17  -0.33
 43 -1.00  1.0  2.0000     -27.687 -1.4E-11   0.00 |  -0.00   1.50   0.00   1.50 |  -0.00   0.50   0.00
 47 -1.00  1.0  2.0000     -26.587  1.6E-11   0.00 |   0.50  -0.50   0.50   0.50 |  -0.17   0.17  -0.17
  9  1.00  1.0  2.0000     -25.319  1.7E-09   0.00 |   2.16  -1.10  -0.39   4.50 |   0.24  -0.12  -0.04
 10  1.00  1.0  2.0000     -25.319  2.0E-09   0.00 |  -1.51   1.49  -1.49   4.50 |  -0.17   0.17  -0.17
 12  1.00  1.0  2.0000     -25.319  3.0E-09   0.00 |  -3.13  -1.02  -0.39   4.50 |  -0.35  -0.11  -0.04
 11  1.00  1.0  2.0000     -25.319  2.4E-09   0.00 |   0.79  -0.30   3.95   4.50 |   0.09  -0.03   0.44
  8  1.00  1.0  2.0000     -25.319  1.9E-09   0.00 |  -0.81   3.42   0.82   4.50 |  -0.09   0.38   0.09
 19  1.00  1.0  2.0000     -21.270  8.0E-09   0.00 |   1.31   1.86   0.01   3.50 |  -0.15  -0.21  -0.00
 16  1.00  1.0  2.0000     -21.270  6.1E-09   0.00 |  -1.05  -2.38  -0.01   3.50 |   0.12   0.26   0.00
 17  1.00  1.0  2.0000     -21.270  3.1E-09   0.00 |   0.48  -2.24   0.43   3.50 |  -0.05   0.25  -0.05
 18  1.00  1.0  2.0000     -21.270  3.9E-09   0.00 |   1.27   0.77  -2.43   3.50 |  -0.14  -0.09   0.27
 14  1.00  1.0  2.0000     -19.649  5.4E-09   0.00 |  -0.43  -1.11  -1.12   2.50 |  -0.09  -0.22  -0.22
 15  1.00  1.0  2.0000     -19.649  5.3E-09   0.00 |  -0.57   1.50   0.77   2.50 |  -0.11   0.30   0.15
 13  1.00  1.0  2.0000     -19.649  3.2E-10   0.00 |  -0.50   1.12   1.86   2.50 |  -0.10   0.22   0.37
 50 -1.00  1.0  2.0000     -17.686  3.2E-09   0.00 |  -1.15   2.98  -1.06   5.50 |  -0.10   0.27  -0.10
 53 -1.00  1.0  2.0000     -17.686  4.2E-09   0.00 |   2.81   0.03   1.33   5.50 |   0.26   0.00   0.12
 51 -1.00  1.0  2.0000     -17.686  4.7E-09   0.00 |  -0.70  -1.89   0.55   5.50 |  -0.06  -0.17   0.05
 48 -1.00  1.0  2.0000     -17.685  4.8E-09   0.00 |  -1.07   4.23   0.94   5.50 |  -0.10   0.38   0.09
 52 -1.00  1.0  2.0000     -17.685  4.7E-09   0.00 |  -2.34  -1.38  -0.23   5.50 |  -0.21  -0.13  -0.02
 49 -1.00  1.0  2.0000     -17.685  2.9E-09   0.00 |  -0.55  -0.97  -4.52   5.50 |  -0.05  -0.09  -0.41
 21  1.00  1.0  2.0000     -17.665  5.0E-11   0.00 |  -0.50  -1.00  -1.00   1.50 |   0.10   0.20   0.20
 22  1.00  1.0  2.0000     -17.665  5.4E-11   0.00 |   1.50   0.00   0.00   1.50 |  -0.30   0.00   0.00
 20  1.00  1.0  2.0000     -17.356 -4.3E-12   0.00 |  -0.50   0.50   0.50   0.50 |  -0.50   0.50   0.50
 59 -1.00  1.0  2.0000     -11.873  8.9E-09   0.00 |   2.27  -1.36   0.17   4.50 |  -0.21   0.12  -0.02
 58 -1.00  1.0  2.0000     -11.873  1.5E-08   0.00 |  -0.49  -2.49  -2.16   4.50 |   0.04   0.23   0.20
 62 -1.00  1.0  2.0000     -11.873  1.7E-08   0.00 |   0.13  -1.17   1.48   4.50 |  -0.01   0.11  -0.13
 61 -1.00  1.0  2.0000     -11.873  1.4E-08   0.00 |   0.45   1.82  -0.65   4.50 |  -0.04  -0.17   0.06
 60 -1.00  1.0  2.0000     -11.872  1.6E-08   0.00 |   0.14   0.70   3.65   4.50 |  -0.01  -0.06  -0.33
 55 -1.00  1.0  2.0000     -11.584  3.5E-08   0.00 |  -0.59   0.24  -1.83   3.50 |  -0.08   0.03  -0.26
 56 -1.00  1.0  2.0000     -11.584  3.0E-08   0.00 |  -2.19  -1.10  -0.02   3.50 |  -0.31  -0.16  -0.00
 57 -1.00  1.0  2.0000     -11.584  8.2E-09   0.00 |  -0.95   1.80   1.36   3.50 |  -0.14   0.26   0.19
 54 -1.00  1.0  2.0000     -11.584  5.9E-09   0.00 |   1.73   1.06  -1.52   3.50 |   0.25   0.15  -0.22
 29  1.00  1.0  2.0000      -9.758  4.2E-09   0.00 |  -1.63  -0.64  -3.89   6.50 |  -0.13  -0.05  -0.30
 28  1.00  1.0  2.0000      -9.758  7.3E-09   0.00 |   0.14   2.63   0.52   6.50 |   0.01   0.20   0.04
 24  1.00  1.0  2.0000      -9.758  9.2E-09   0.00 |   0.65  -1.50   2.47   6.50 |   0.05  -0.12   0.19
 25  1.00  1.0  2.0000      -9.758  8.4E-09   0.00 |  -1.23  -3.09   0.83   6.50 |  -0.09  -0.24   0.06
 27  1.00  1.0  2.0000      -9.758  1.3E-08   0.00 |  -0.36   5.16   1.24   6.50 |  -0.03   0.40   0.10
 23  1.00  1.0  2.0000      -9.758  1.1E-08   0.00 |   1.54  -0.17   3.26   6.50 |   0.12  -0.01   0.25
 26  1.00  1.0  2.0000      -9.758  1.4E-08   0.00 |  -2.61   1.13  -0.94   6.50 |  -0.20   0.09  -0.07
 66 -1.00  1.0  2.0000      -8.814  2.0E-06   0.00 |   1.84  -0.47   1.10   2.50 |  -0.26   0.07  -0.16
 65 -1.00  1.0  2.0000      -8.814  1.1E-06   0.00 |  -0.76  -2.03  -0.66   2.50 |   0.11   0.29   0.09
 67 -1.00  1.0  2.0000      -8.814  1.0E-06   0.00 |   0.42   0.99   1.06   2.50 |  -0.06  -0.14  -0.15
 64 -1.00  1.0  2.0000      -8.808  2.0E-06   0.00 |  -1.00  -0.50  -1.00   1.50 |  -0.33  -0.17  -0.33
 63 -1.00  1.0  2.0000      -8.808  2.0E-06   0.00 |   0.00   1.50   0.00   1.50 |  -0.00   0.50  -0.00
 68 -1.00  1.0  2.0000      -7.785  1.6E-12   0.00 |   0.50  -0.50   0.50   0.50 |  -0.17   0.17  -0.17
 30  1.00  1.0  0.0000      -3.611  6.1E-06   0.00 |  -1.60  -1.28  -1.08   4.50 |  -0.18  -0.14  -0.12
 33  1.00  1.0  0.0000      -3.609  6.2E-06   0.00 |  -1.16  -1.76  -2.35   4.50 |  -0.13  -0.20  -0.26
 32  1.00  1.0  0.0000      -3.609  6.3E-06   0.00 |  -0.56   0.25   3.83   4.50 |  -0.06   0.02   0.43
 34 -1.00  1.0  0.0000      -3.608  4.4E-06   0.00 |  -0.48   3.94   0.85   4.50 |  -0.05   0.44   0.09
 31  1.00  1.0  0.0000      -3.608  3.9E-06   0.00 |   1.30   1.35   1.25   4.50 |   0.15   0.15   0.14
 69 -1.00  1.0  0.0000      -1.619  2.7E-08   0.00 |  -4.25  -1.98  -1.53   7.50 |  -0.28  -0.13  -0.10
 70  1.00  1.0  0.0000      -1.619  4.9E-08   0.00 |   3.08   1.94  -1.67   7.50 |   0.21   0.13  -0.11
__________________________________________________________________________________________________________
   Proton  wavefunctions
  i     P   Rz   occ          E       d2h    Delta |   JxT    JyT    Jz      J   |   SxT    SyT    Sz
----------------------------------------------------------------------------------------------------------
 71  1.00  1.0  2.0000     -40.382 -5.7E-12   0.00 |  -0.50   0.50   0.50   0.50 |  -0.50   0.50   0.50
 98 -1.00  1.0  2.0000     -35.872  6.1E-12   0.00 |  -1.00  -0.50  -1.00   1.50 |  -0.33  -0.17  -0.33
 97 -1.00  1.0  2.0000     -35.872 -7.0E-12   0.00 |  -0.00   1.50   0.00   1.50 |   0.00   0.50  -0.00
 99 -1.00  1.0  2.0000     -35.321  6.8E-13   0.00 |   0.50  -0.50   0.50   0.50 |  -0.17   0.17  -0.17
 74  1.00  1.0  2.0000     -30.219  8.7E-09   0.00 |  -0.78   0.01  -1.35   2.50 |  -0.16   0.00  -0.27
 72  1.00  1.0  2.0000     -30.219  8.7E-09   0.00 |   0.42   0.06   2.00   2.50 |   0.08   0.01   0.40
 73  1.00  1.0  2.0000     -30.219  9.3E-10   0.00 |  -1.14   1.43   0.85   2.50 |  -0.23   0.29   0.17
 75  1.00  1.0  2.0000     -28.878  3.6E-10   0.00 |  -0.25  -0.31  -1.45   1.50 |   0.05   0.06   0.29
 76  1.00  1.0  2.0000     -28.878  3.7E-10   0.00 |   1.25  -0.69   0.45   1.50 |  -0.25   0.14  -0.09
 77  1.00  1.0  2.0000     -26.157  2.7E-11   0.00 |  -0.50   0.50   0.50   0.50 |  -0.50   0.50   0.50
101 -1.00  1.0  2.0000     -23.766  6.3E-09   0.00 |   0.59  -0.72   2.24   3.50 |   0.08  -0.10   0.32
100 -1.00  1.0  2.0000     -23.766  2.2E-09   0.00 |  -0.31   0.19  -2.99   3.50 |  -0.04   0.03  -0.43
102 -1.00  1.0  2.0000     -23.766  1.2E-08   0.00 |  -2.47  -0.93  -1.06   3.50 |  -0.35  -0.13  -0.15
103 -1.00  1.0  2.0000     -23.766  5.5E-09   0.00 |   0.19   3.46  -0.19   3.50 |   0.03   0.49  -0.03
105 -1.00  1.0  2.0000     -21.269  4.2E-09   0.00 |   0.01   0.95  -1.20   2.50 |  -0.00  -0.14   0.17
104 -1.00  1.0  2.0000     -21.268  2.4E-09   0.00 |   0.55  -0.48   2.27   2.50 |  -0.08   0.07  -0.32
106 -1.00  1.0  2.0000     -21.268  2.0E-09   0.00 |   0.94  -1.97   0.43   2.50 |  -0.13   0.28  -0.06
108 -1.00  1.0  2.0000     -18.452  8.1E-12   0.00 |   0.37   0.50  -1.37   1.50 |   0.12   0.17  -0.46
107 -1.00  1.0  2.0000     -18.452  9.0E-12   0.00 |  -1.37   0.50   0.37   1.50 |  -0.46   0.17   0.12
109 -1.00  1.0  2.0000     -17.443  3.0E-12   0.00 |   0.50  -0.50   0.50   0.50 |  -0.17   0.17  -0.17
 78  1.00  1.0  2.0000     -16.727  8.7E-09   0.00 |   1.81   1.37   1.21   4.50 |   0.20   0.15   0.13
 81  1.00  1.0  2.0000     -16.727  2.1E-08   0.00 |  -2.39  -2.27  -0.68   4.50 |  -0.27  -0.25  -0.08
 82  1.00  1.0  2.0000     -16.727  2.0E-08   0.00 |  -2.24  -1.09  -2.08   4.50 |  -0.25  -0.12  -0.23
 79  1.00  1.0  2.0000     -16.727  5.5E-09   0.00 |  -0.04   0.33   4.10   4.50 |  -0.00   0.04   0.46
 80  1.00  1.0  2.0000     -16.727  6.3E-09   0.00 |   0.35   4.16  -0.05   4.50 |   0.04   0.46  -0.01
 86  1.00  1.0  2.0000     -12.769  1.9E-08   0.00 |   0.66   2.07   0.70   3.50 |  -0.07  -0.23  -0.08
 83  1.00  1.0  2.0000     -12.769  1.3E-08   0.00 |  -0.99  -2.57  -0.86   3.50 |   0.11   0.29   0.10
 84  1.00  1.0  2.0000     -12.769  2.0E-08   0.00 |   2.98  -0.43   0.88   3.50 |  -0.33   0.05  -0.10
 85  1.00  1.0  2.0000     -12.769  1.5E-08   0.00 |  -0.65  -1.07  -2.72   3.50 |   0.07   0.12   0.30
 87  1.00  1.0  2.0000     -10.543  1.0E-08   0.00 |  -0.46  -1.29  -0.89   2.50 |  -0.09  -0.26  -0.18
 89  1.00  1.0  2.0000     -10.543  8.6E-09   0.00 |  -0.33   2.32   0.22   2.50 |  -0.07   0.46   0.04
 88  1.00  1.0  2.0000     -10.543  2.1E-09   0.00 |  -0.71   0.47   2.18   2.50 |  -0.14   0.09   0.43
111 -1.00  1.0  2.0000      -9.240  1.3E-08   0.00 |   0.27   1.75   2.85   5.50 |   0.02   0.16   0.26
114 -1.00  1.0  2.0000      -9.240  3.2E-08   0.00 |  -2.08  -0.89  -1.24   5.50 |  -0.19  -0.08  -0.11
115 -1.00  1.0  2.0000      -9.240  2.3E-08   0.00 |   3.22   0.85  -0.02   5.50 |   0.29   0.08  -0.00
112 -1.00  1.0  2.0000      -9.240  3.0E-08   0.00 |  -1.43  -0.87  -2.74   5.50 |  -0.13  -0.08  -0.25
113 -1.00  1.0  2.0000      -9.240  2.7E-08   0.00 |  -1.37   3.29   1.55   5.50 |  -0.12   0.30   0.14
110 -1.00  1.0  2.0000      -9.240  9.4E-09   0.00 |  -1.61  -1.13  -3.40   5.50 |  -0.15  -0.10  -0.31
 90  1.00  1.0  2.0000      -8.780  1.4E-10   0.00 |  -0.50  -1.00  -1.00   1.50 |   0.10   0.20   0.20
 91  1.00  1.0  2.0000      -8.780  1.4E-10   0.00 |   1.50   0.00   0.00   1.50 |  -0.30   0.00   0.00
 92  1.00  1.0  2.0000      -7.967  3.6E-13   0.00 |  -0.50   0.50   0.50   0.50 |  -0.50   0.50   0.50
116 -1.00  1.0  0.0000      -3.651  2.5E-08   0.00 |  -0.00  -1.51  -2.67   4.50 |   0.00   0.14   0.24
117 -1.00  1.0  0.0000      -3.651  2.3E-08   0.00 |  -0.57   0.93   2.51   4.50 |   0.05  -0.08  -0.23
118 -1.00  1.0  0.0000      -3.651  2.3E-08   0.00 |  -1.00   1.54  -0.39   4.50 |   0.09  -0.14   0.04
120 -1.00  1.0  0.0000      -3.651  2.2E-08   0.00 |   2.19  -0.98   2.27   4.50 |  -0.20   0.09  -0.21
119 -1.00  1.0  0.0000      -3.650  2.9E-08   0.00 |   1.88  -2.49   0.78   4.50 |  -0.17   0.23  -0.07
 95  1.00  1.0  0.0000      -1.382  8.1E-09   0.00 |  -1.39  -3.75  -1.93   6.50 |  -0.11  -0.29  -0.15
 96 -1.00  1.0  0.0000      -1.382  3.0E-08   0.00 |  -0.06   2.44   3.62   6.50 |  -0.00   0.19   0.28
 94  1.00  1.0  0.0000      -1.382  3.1E-08   0.00 |  -0.21   2.42   2.10   6.50 |  -0.02   0.19   0.16
 93  1.00  1.0  0.0000      -1.382  6.6E-09   0.00 |  -3.62   2.24   1.22   6.50 |  -0.28   0.17   0.09
----------------------------------------------------------------------------------------------------------
------------------------ Electric Multipole Moments -------------------------
Quantisation Axis             : Z
  With secondary axis ordering: X,Y
  Calculated wrt to COM = (   0.000   0.000   0.000)
______________________________________________________________________________
                   Neutrons        Protons          Charge         Total
______________________________________________________________________________
 Particles          126.0000         82.0000         82.0001        208.0000

Re  Q_{ 2 0}         -0.0000         -0.0000         -0.0000         -0.0000
Re  Q_{ 2 2}          0.0000          0.0000          0.0000          0.0000

Re  Q_{ 4 0}         15.0105         -1.2042          0.8161         13.8063
Re  Q_{ 4 2}          0.0000          0.0000          0.0000          0.0000
Re  Q_{ 4 4}          8.9705         -0.7196          0.4877          8.2509

Re  Q_{ 6 0}        245.0221        -10.6263          6.5541        234.3959
Re  Q_{ 6 2}         -0.0000         -0.0000         -0.0000         -0.0000
Re  Q_{ 6 4}       -458.3947         19.8796        -12.2618       -438.5151
Re  Q_{ 6 6}          0.0000          0.0000          0.0000          0.0000

Re  Q_{ 8 0}      44143.4751      -2535.9717       1427.8028      41607.5034
Re  Q_{ 8 2}         -0.0000         -0.0000         -0.0000         -0.0000
Re  Q_{ 8 4}      16600.1860       -953.6532        536.9270      15646.5327
Re  Q_{ 8 6}          0.0000          0.0000          0.0000          0.0000
Re  Q_{ 8 8}      25292.4344      -1453.0070        818.0761      23839.4275

Re  Q_{10 0}     798484.7584     -19220.0288      -1901.7329     779264.7296
Re  Q_{10 2}         -0.0000         -0.0000         -0.0000         -0.0000
Re  Q_{10 4}    -804603.4822      19367.3015       1916.2972    -785236.1807
Re  Q_{10 6}          0.0000          0.0000          0.0000          0.0000
Re  Q_{10 8}    -957669.7104      23051.6915       2280.8426    -934618.0189
Re  Q_{1010}         -0.0000          0.0000          0.0000         -0.0000

 RMS radius           5.5856          5.4446          5.4958          5.5304
 Fourth mom.          5.9487          5.7664          5.8367          5.8789
______________________________________________________________________________
                   Neutrons        Protons          Charge         Total
______________________________________________________________________________

Beta_{ 2 0}      -0.00000000     -0.00000000     -0.00000000     -0.00000000
Beta_{ 2 2}       0.00000000      0.00000000      0.00000000      0.00000000

Beta_{ 4 0}       0.00011829     -0.00000949      0.00000643      0.00010880
Beta_{ 4 2}       0.00000000      0.00000000      0.00000000      0.00000000
Beta_{ 4 4}       0.00007069     -0.00000567      0.00000384      0.00006502

Beta_{ 6 0}       0.00003820     -0.00000166      0.00000102      0.00003654
Beta_{ 6 2}      -0.00000000     -0.00000000     -0.00000000     -0.00000000
Beta_{ 6 4}      -0.00007146      0.00000310     -0.00000191     -0.00006836
Beta_{ 6 6}       0.00000000      0.00000000      0.00000000      0.00000000

Beta_{ 8 0}       0.00013613     -0.00000782      0.00000440      0.00012831
Beta_{ 8 2}      -0.00000000     -0.00000000     -0.00000000     -0.00000000
Beta_{ 8 4}       0.00005119     -0.00000294      0.00000166      0.00004825
Beta_{ 8 6}       0.00000000      0.00000000      0.00000000      0.00000000
Beta_{ 8 8}       0.00007799     -0.00000448      0.00000252      0.00007351

Beta_{10 0}       0.00004871     -0.00000117     -0.00000012      0.00004754
Beta_{10 2}      -0.00000000     -0.00000000     -0.00000000     -0.00000000
Beta_{10 4}      -0.00004908      0.00000118      0.00000012     -0.00004790
Beta_{10 6}       0.00000000      0.00000000      0.00000000      0.00000000
Beta_{10 8}      -0.00005842      0.00000141      0.00000014     -0.00005701
Beta_{1010}      -0.00000000      0.00000000      0.00000000     -0.00000000


______________________________________________________________________________
                   Neutrons        Protons          Charge         Total
______________________________________________________________________________
Q_{ 2}                0.0000          0.0000          0.0000          0.0000
Q_{ 4}               19.6534          1.5767          1.0685         18.0767
Q_{ 6}              693.0276         30.0552         18.5381        662.9724
Q_{ 8}            61475.1431       3531.6455       1988.3911      57943.4976
Q_{10}          1940776.6448      46715.6847       4622.2791    1894060.9601
______________________________________________________________________________
                   Neutrons        Protons          Charge         Total
______________________________________________________________________________
Beta_{   2}       0.00000000      0.00000000      0.00000000      0.00000000
Beta_{   4}       0.00015488      0.00001242      0.00000842      0.00014245
Beta_{   6}       0.00010803      0.00000469      0.00000289      0.00010335
Beta_{   8}       0.00018957      0.00001089      0.00000613      0.00017868
Beta_{  10}       0.00011839      0.00000285      0.00000028      0.00011554
______________________________________________________________________________
 Cart. Moments X              Y              Z
 Cart. N        0.0000021      0.0000021     -0.0000043
 Cart. P        0.0000022      0.0000022     -0.0000044
 Cart. T        0.0000044      0.0000043     -0.0000087
 (Q, gamma)    Q              Gamma
 (Q,g) N        0.0000043    179.9300326
 (Q,g) P        0.0000044    179.9531768
 (Q,g) T        0.0000087    179.9418338
 (iq1, iq2)    iq1            iq2
 iq    N       -0.0000043      0.0000000
 iq    P       -0.0000044      0.0000000
 iq    T       -0.0000087      0.0000000
               X^2            Y^2            Z^2
 X^2_i N     1310.3466167   1310.3466167   1310.3466146
 X^2_i P      810.2510256    810.2510256    810.2510233
 X^2_i T     2120.5976423   2120.5976423   2120.5976380
----------------------------------------------------------------------------
----------------------- Box Size Check -------------------------
 Xmax = (nx+0.5)dx = 12.250 fm,  max(rho(X=Xmax)) =    1.088E-05
 Ymax = (ny+0.5)dx = 12.250 fm,  max(rho(Y=Ymax)) =    1.088E-05
 Zmax = (nz+0.5)dx = 12.250 fm,  max(rho(Z=Zmax)) =    1.088E-05
---------------------Rotational properties--------------------
                Rigid rotor          (hbar^2/MeV)
              n              p              t 
 I_R X      63.1933367     39.0755127    102.2688493
 I_R Y      63.1933367     39.0755127    102.2688493
 I_R Z      63.1933367     39.0755127    102.2688494

                Belyaev                 (hbar^2/MeV) 
              n              p              t 
 I_B X       0.0000003      0.0000000      0.0000004
 I_B Y       0.0000003      0.0000000      0.0000003
 I_B Z       0.0000003      0.0000000      0.0000004

                Belyaev (collective)    (hbar^2/MeV) 
              n              p              t 
 I_B X       0.0000000      0.0000000      0.0000000
 I_B Y       0.0000000      0.0000000      0.0000000
 I_B Z       0.0000000      0.0000000      0.0000000

                 <J^2> - <J>^2          (hbar^2)
              n              p              t 
 J2_X        0.0000012      0.0000001      0.0000013
 J2_Y        0.0000010      0.0000001      0.0000011
 J2_Z        0.0000013      0.0000001      0.0000014
 J2_t        0.0000035      0.0000003      0.0000038

                 <J^2> - <J>^2 (coll.)  (hbar^2)
              n              p              t 
 J2_X        0.0000000      0.0000000      0.0000000
 J2_Y        0.0000000      0.0000000      0.0000000
 J2_Z        0.0000000      0.0000000      0.0000000
 J2_t        0.0000000      0.0000000      0.0000000
------------------------- Angular Momentum (hbar) --------------------------

               Spwfs(*)    Desired     Omega       E (MeV)      Densit. 
  __________________________________________________________________________
   J_x   |     0.00000     0.00000     0.00000     0.00000     0.00000
   J_y   |     0.00000     0.00000     0.00000     0.00000     0.00000
   J_z   |     0.00000     0.00000     0.00000     0.00000     0.00000
  __________________________________________________________________________
   Size  |     0.00000     0.00000     0.00000                 0.00000
  --------------------------------------------------------------------------
--------------------------------------------------------------------------------
 Skyrme Energy                Isospin  1 2 3 4                   Energy [MeV]
--------------------------------------------------------------------------------
E_D_I_I_D_I_I                          0 0                     -17357.612655
E_D_I_I_D_I_I                          1 1                        418.239701
E_D_I_I_D_I_I_D_I_I                    0 0 0                     9922.715359
E_D_I_I_D_I_I_D_I_I                    0 1 1                     -277.716713
E_D_I_I_D_Nm_Nm                        0 0                        761.149772
E_D_I_I_D_Nm_Nm                        1 1                        -26.082280
E_D_I_I_Lap_D_I_I                      0 0                        271.311427
E_D_I_I_Lap_D_I_I                      1 1                         -0.095464
E_C_I_NmSk_C_I_NmSk                    0 0                         -0.000000
E_C_I_NmSk_C_I_NmSk                    1 1                         -0.000000
E_D_I_I_D_I_I_D_Nm_Nm                  0 0 0                        0.000000
E_D_I_I_D_I_I_D_Nm_Nm                  0 1 1                       -0.000000
E_D_I_I_D_I_I_D_Nm_Nm                  0 0 0                        0.000000
E_D_I_I_D_I_I_D_Nm_Nm                  0 1 1                        0.000000
E_D_I_I_Derm_D_I_I_Derm_D_I_I          0 0 0                        0.000000
E_D_I_I_Derm_D_I_I_Derm_D_I_I          0 1 1                       -0.000000
E_D_I_I_Derm_D_I_I_Derm_D_I_I          0 0 0                       -0.000000
E_D_I_I_Derm_D_I_I_Derm_D_I_I          0 1 1                       -0.000000
E_D_I_I_Derm_D_I_I_D_I_I_Derm_D_I_I    0 0 0 0                      0.000000
E_D_I_I_Derm_D_I_I_D_I_I_Derm_D_I_I    0 0 1 1                     -0.000000
E_D_I_I_Derm_C_I_NxmSxm                0 0                        -93.040236
E_D_I_I_Derm_C_I_NxmSxm                1 1                         -0.822199
E_DP_I_I_DP_I_I                        n n                         -0.000000
E_DP_I_I_DP_I_I                        p p                         -0.000000
E_D_I_I_DP_I_I_DP_I_I                  0 n n                        0.000000
E_D_I_I_DP_I_I_DP_I_I                  0 p p                        0.000000
--------------------------------------------------------------------------------
                 Total Skyrme:                                  -6381.953287
--------------------------------------------------------------------------------
                    time-even:                                  -6381.953287
                    time-odd :                                      0.000000
                    bilinear :                                 -16026.951934
                    trilinear:                                      0.000000
                 quadrilinear:                                      0.000000
            density-dependent:                                   9644.998647
--------------------------------------------------------------------------------
--------------------------------------------------------------------------------
                                     neutron        proton         total
                Kinetic Energy:    2572.820633    1356.732038    3929.552671
                    COM 1-body:     -12.369330      -6.522750     -18.892080
                    COM 2-body:       8.734546       4.166154      12.900700
                            ph:       8.734546       4.166154      12.900700
                            pp:       0.000000       0.000000       0.000000

                Coulomb Direct:       0.000000     822.649811     822.649811
                  Dir. (point):       0.000000     826.077575     826.077575
                      Exchange:       0.000000       0.000000       0.000000
                  Exc. (point):       0.000000       0.000000       0.000000

               Pairing (delta):       0.000000       0.000000       0.000000
               Pairing (densi):                                     0.000000
--------------------------------------------------------------------------------
                  Total energy:                                 -1635.742186
                    from spwfs:                                 -1632.314424
                   E_fu - E_sp:                                -0.342776E+01
                      Routhian:                                 -1635.742186
                         dE   :                                -0.232121E-07
                         dR   :                                -0.232121E-07
--------------------------------------------------------------------------------
 Iteration =  171
 dt    =   0.0162      mu   =   0.7985 gradn =    0.000E+00 D2H  =    8.355E-08
 E     =  -1635.742    DE   = -0.24083E-10
 R     =  -1635.742    DR   = -0.24083E-10
 R-E   =      0.000  D(R-E) =  0.00000E+00
 dmun  =  0.0E+00      dmup=  0.0E+00
 RQ20t =      -0.0000   dQ =  4.7E-10  L =       0.0000   dL =  0.0E+00  dev =  0.0E+00
 RQ22t =       0.0000   dQ = -3.3E-11  L =       0.0000   dL =  0.0E+00  dev =  0.0E+00
 Jz    =       0.0000   dJZ=  0.0E+00 Om =       0.0000   dO =  0.0E+00  dev =  0.0E+00
--------------------------------------------------------------------------------------
 Iteration =  172
 dt    =   0.0162      mu   =   0.7985 gradn =    0.000E+00 D2H  =    8.354E-08
 E     =  -1635.742    DE   = -0.16040E-10
 R     =  -1635.742    DR   = -0.16040E-10
 R-E   =      0.000  D(R-E) =  0.00000E+00
 dmun  =  0.0E+00      dmup=  0.0E+00
 RQ20t =      -0.0000   dQ =  4.6E-10  L =       0.0000   dL =  0.0E+00  dev =  0.0E+00
 RQ22t =       0.0000   dQ = -3.3E-11  L =       0.0000   dL =  0.0E+00  dev =  0.0E+00
 Jz    =       0.0000   dJZ=  0.0E+00 Om =       0.0000   dO =  0.0E+00  dev =  0.0E+00
--------------------------------------------------------------------------------------
 Iteration =  173
 dt    =   0.0162      mu   =   0.7985 gradn =    0.000E+00 D2H  =    8.352E-08
 E     =  -1635.742    DE   = -0.74320E-11
 R     =  -1635.742    DR   = -0.74320E-11
 R-E   =      0.000  D(R-E) =  0.00000E+00
 dmun  =  0.0E+00      dmup=  0.0E+00
 RQ20t =      -0.0000   dQ =  4.5E-10  L =       0.0000   dL =  0.0E+00  dev =  0.0E+00
 RQ22t =       0.0000   dQ = -3.2E-11  L =       0.0000   dL =  0.0E+00  dev =  0.0E+00
 Jz    =       0.0000   dJZ=  0.0E+00 Om =       0.0000   dO =  0.0E+00  dev =  0.0E+00
--------------------------------------------------------------------------------------
 Iteration =  174
 dt    =   0.0162      mu   =   0.7985 gradn =    0.000E+00 D2H  =    8.350E-08
 E     =  -1635.742    DE   = -0.27708E-11
 R     =  -1635.742    DR   = -0.27708E-11
 R-E   =      0.000  D(R-E) =  0.00000E+00
 dmun  =  0.0E+00      dmup=  0.0E+00
 RQ20t =      -0.0000   dQ =  4.5E-10  L =       0.0000   dL =  0.0E+00  dev =  0.0E+00
 RQ22t =       0.0000   dQ = -3.2E-11  L =       0.0000   dL =  0.0E+00  dev =  0.0E+00
 Jz    =       0.0000   dJZ=  0.0E+00 Om =       0.0000   dO =  0.0E+00  dev =  0.0E+00
--------------------------------------------------------------------------------------
 Iteration =  175
 dt    =   0.0162      mu   =   0.7985 gradn =    0.000E+00 D2H  =    8.349E-08
 E     =  -1635.742    DE   =  0.17350E-11
 R     =  -1635.742    DR   =  0.17350E-11
 R-E   =      0.000  D(R-E) =  0.00000E+00
 dmun  =  0.0E+00      dmup=  0.0E+00
 RQ20t =      -0.0000   dQ =  4.4E-10  L =       0.0000   dL =  0.0E+00  dev =  0.0E+00
 RQ22t =       0.0000   dQ = -3.1E-11  L =       0.0000   dL =  0.0E+00  dev =  0.0E+00
 Jz    =       0.0000   dJZ=  0.0E+00 Om =       0.0000   dO =  0.0E+00  dev =  0.0E+00
--------------------------------------------------------------------------------------
 Iteration =  176
 dt    =   0.0162      mu   =   0.7985 gradn =    0.000E+00 D2H  =    8.348E-08
 E     =  -1635.742    DE   =  0.25781E-10
 R     =  -1635.742    DR   =  0.25781E-10
 R-E   =      0.000  D(R-E) =  0.00000E+00
 dmun  =  0.0E+00      dmup=  0.0E+00
 RQ20t =      -0.0000   dQ =  4.4E-10  L =       0.0000   dL =  0.0E+00  dev =  0.0E+00
 RQ22t =       0.0000   dQ = -3.1E-11  L =       0.0000   dL =  0.0E+00  dev =  0.0E+00
 Jz    =       0.0000   dJZ=  0.0E+00 Om =       0.0000   dO =  0.0E+00  dev =  0.0E+00
--------------------------------------------------------------------------------------
 Iteration =  177
 dt    =   0.0162      mu   =   0.7985 gradn =    0.000E+00 D2H  =    8.346E-08
 E     =  -1635.742    DE   = -0.24023E-10
 R     =  -1635.742    DR   = -0.24023E-10
 R-E   =      0.000  D(R-E) =  0.00000E+00
 dmun  =  0.0E+00      dmup=  0.0E+00
 RQ20t =      -0.0000   dQ =  4.3E-10  L =       0.0000   dL =  0.0E+00  dev =  0.0E+00
 RQ22t =       0.0000   dQ = -3.1E-11  L =       0.0000   dL =  0.0E+00  dev =  0.0E+00
 Jz    =       0.0000   dJZ=  0.0E+00 Om =       0.0000   dO =  0.0E+00  dev =  0.0E+00
--------------------------------------------------------------------------------------
 Iteration =  178
 dt    =   0.0162      mu   =   0.7985 gradn =    0.000E+00 D2H  =    8.345E-08
 E     =  -1635.742    DE   = -0.14648E-11
 R     =  -1635.742    DR   = -0.14648E-11
 R-E   =      0.000  D(R-E) =  0.00000E+00
 dmun  =  0.0E+00      dmup=  0.0E+00
 RQ20t =      -0.0000   dQ =  4.3E-10  L =       0.0000   dL =  0.0E+00  dev =  0.0E+00
 RQ22t =       0.0000   dQ = -3.0E-11  L =       0.0000   dL =  0.0E+00  dev =  0.0E+00
 Jz    =       0.0000   dJZ=  0.0E+00 Om =       0.0000   dO =  0.0E+00  dev =  0.0E+00
--------------------------------------------------------------------------------------
 Iteration =  179
 dt    =   0.0162      mu   =   0.7985 gradn =    0.000E+00 D2H  =    8.343E-08
 E     =  -1635.742    DE   = -0.11653E-11
 R     =  -1635.742    DR   = -0.11653E-11
 R-E   =      0.000  D(R-E) =  0.00000E+00
 dmun  =  0.0E+00      dmup=  0.0E+00
 RQ20t =      -0.0000   dQ =  4.2E-10  L =       0.0000   dL =  0.0E+00  dev =  0.0E+00
 RQ22t =       0.0000   dQ = -3.0E-11  L =       0.0000   dL =  0.0E+00  dev =  0.0E+00
 Jz    =       0.0000   dJZ=  0.0E+00 Om =       0.0000   dO =  0.0E+00  dev =  0.0E+00
--------------------------------------------------------------------------------------
--------------------------------------------------------------------------------------
                              Iteration =   180

--------------------- Hartree-Fock basis-------------------------------------------------------------------
__________________________________________________________________________________________________________
   Neutron wavefunctions
  i     P   Rz   occ          E       d2h    Delta |   JxT    JyT    Jz      J   |   SxT    SyT    Sz
----------------------------------------------------------------------------------------------------------
  1  1.00  1.0  2.0000     -49.951  6.0E-11   0.00 |  -0.50   0.50   0.50   0.50 |  -0.50   0.50   0.50
 36 -1.00  1.0  2.0000     -45.112  2.4E-11   0.00 |  -1.00  -0.50  -1.00   1.50 |  -0.33  -0.17  -0.33
 35 -1.00  1.0  2.0000     -45.112  5.0E-11   0.00 |  -0.00   1.50   0.00   1.50 |   0.00   0.50  -0.00
 37 -1.00  1.0  2.0000     -44.553  2.4E-11   0.00 |   0.50  -0.50   0.50   0.50 |  -0.17   0.17  -0.17
  4  1.00  1.0  2.0000     -39.214  1.1E-10   0.00 |  -0.30   0.66  -1.30   2.50 |  -0.06   0.13  -0.26
  2  1.00  1.0  2.0000     -39.214  6.5E-11   0.00 |  -0.13   0.59   1.66   2.50 |  -0.03   0.12   0.33
  3  1.00  1.0  2.0000     -39.214  1.1E-10   0.00 |  -1.07   0.25   1.15   2.50 |  -0.21   0.05   0.23
  6  1.00  1.0  2.0000     -37.867  7.1E-11   0.00 |   0.25   0.21  -1.46   1.50 |  -0.05  -0.04   0.29
  7  1.00  1.0  2.0000     -37.867  7.9E-11   0.00 |   0.75  -1.21   0.46   1.50 |  -0.15   0.24  -0.09
  5  1.00  1.0  2.0000     -35.669 -2.8E-11   0.00 |  -0.50   0.50   0.50   0.50 |  -0.50   0.50   0.50
 39 -1.00  1.0  2.0000     -32.546  7.2E-10   0.00 |  -0.45   2.01   1.19   3.50 |  -0.06   0.29   0.17
 40 -1.00  1.0  2.0000     -32.546  1.3E-09   0.00 |  -0.75  -1.40  -1.16   3.50 |  -0.11  -0.20  -0.17
 41 -1.00  1.0  2.0000     -32.546  8.0E-10   0.00 |  -0.82  -1.31  -2.32   3.50 |  -0.12  -0.19  -0.33
 38 -1.00  1.0  2.0000     -32.546  7.6E-10   0.00 |   0.02   2.70   0.28   3.50 |   0.00   0.39   0.04
 45 -1.00  1.0  2.0000     -30.024  1.9E-09   0.00 |  -0.23  -0.79  -1.39   2.50 |   0.03   0.11   0.20
 46 -1.00  1.0  2.0000     -30.023  1.9E-09   0.00 |  -0.17   0.33   2.33   2.50 |   0.02  -0.05  -0.33
 44 -1.00  1.0  2.0000     -30.023  3.3E-11   0.00 |   1.89  -1.04   0.55   2.50 |  -0.27   0.15  -0.08
 42 -1.00  1.0  2.0000     -27.687  1.1E-11   0.00 |  -1.00  -0.50  -1.00   1.50 |  -0.33  -0.17  -0.33
 43 -1.00  1.0  2.0000     -27.687 -3.5E-12   0.00 |  -0.00   1.50   0.00   1.50 |  -0.00   0.50   0.00
 47 -1.00  1.0  2.0000     -26.587  1.2E-11   0.00 |   0.50  -0.50   0.50   0.50 |  -0.17   0.17  -0.17
  9  1.00  1.0  2.0000     -25.319  1.7E-09   0.00 |   2.16  -1.10  -0.39   4.50 |   0.24  -0.12  -0.04
 10  1.00  1.0  2.0000     -25.319  2.0E-09   0.00 |  -1.51   1.49  -1.49   4.50 |  -0.17   0.17  -0.17
 12  1.00  1.0  2.0000     -25.319  3.0E-09   0.00 |  -3.13  -1.02  -0.39   4.50 |  -0.35  -0.11  -0.04
 11  1.00  1.0  2.0000     -25.319  2.4E-09   0.00 |   0.79  -0.30   3.95   4.50 |   0.09  -0.03   0.44
  8  1.00  1.0  2.0000     -25.319  1.9E-09   0.00 |  -0.81   3.42   0.82   4.50 |  -0.09   0.38   0.09
 19  1.00  1.0  2.0000     -21.270  7.9E-09   0.00 |   1.31   1.86   0.01   3.50 |  -0.15  -0.21  -0.00
 16  1.00  1.0  2.0000     -21.270  6.1E-09   0.00 |  -1.05  -2.38  -0.01   3.50 |   0.12   0.26   0.00
 17  1.00  1.0  2.0000     -21.270  3.1E-09   0.00 |   0.48  -2.24   0.43   3.50 |  -0.05   0.25  -0.05
 18  1.00  1.0  2.0000     -21.270  3.9E-09   0.00 |   1.27   0.77  -2.43   3.50 |  -0.14  -0.09   0.27
 14  1.00  1.0  2.0000     -19.649  5.4E-09   0.00 |  -0.43  -1.11  -1.12   2.50 |  -0.09  -0.22  -0.22
 15  1.00  1.0  2.0000     -19.649  5.3E-09   0.00 |  -0.57   1.50   0.77   2.50 |  -0.11   0.30   0.15
 13  1.00  1.0  2.0000     -19.649  2.8E-10   0.00 |  -0.50   1.12   1.86   2.50 |  -0.10   0.22   0.37
 50 -1.00  1.0  2.0000     -17.686  3.2E-09   0.00 |  -1.15   2.98  -1.06   5.50 |  -0.10   0.27  -0.10
 53 -1.00  1.0  2.0000     -17.686  4.2E-09   0.00 |   2.81   0.03   1.33   5.50 |   0.26   0.00   0.12
 51 -1.00  1.0  2.0000     -17.686  4.7E-09   0.00 |  -0.70  -1.89   0.55   5.50 |  -0.06  -0.17   0.05
 48 -1.00  1.0  2.0000     -17.685  4.8E-09   0.00 |  -1.07   4.23   0.94   5.50 |  -0.10   0.38   0.09
 52 -1.00  1.0  2.0000     -17.685  4.7E-09   0.00 |  -2.34  -1.38  -0.23   5.50 |  -0.21  -0.13  -0.02
 49 -1.00  1.0  2.0000     -17.685  2.9E-09   0.00 |  -0.55  -0.97  -4.52   5.50 |  -0.05  -0.09  -0.41
 21  1.00  1.0  2.0000     -17.665  3.2E-11   0.00 |  -0.50  -1.00  -1.00   1.50 |   0.10   0.20   0.20
 22  1.00  1.0  2.0000     -17.665  3.1E-11   0.00 |   1.50   0.00   0.00   1.50 |  -0.30   0.00   0.00
 20  1.00  1.0  2.0000     -17.356 -3.4E-13   0.00 |  -0.50   0.50   0.50   0.50 |  -0.50   0.50   0.50
 59 -1.00  1.0  2.0000     -11.873  8.8E-09   0.00 |   2.27  -1.36   0.17   4.50 |  -0.21   0.12  -0.02
 58 -1.00  1.0  2.0000     -11.873  1.5E-08   0.00 |  -0.49  -2.49  -2.16   4.50 |   0.04   0.23   0.20
 62 -1.00  1.0  2.0000     -11.873  1.6E-08   0.00 |   0.13  -1.17   1.48   4.50 |  -0.01   0.11  -0.13
 61 -1.00  1.0  2.0000     -11.873  1.4E-08   0.00 |   0.45   1.82  -0.65   4.50 |  -0.04  -0.17   0.06
 60 -1.00  1.0  2.0000     -11.872  1.6E-08   0.00 |   0.14   0.70   3.65   4.50 |  -0.01  -0.06  -0.33
 55 -1.00  1.0  2.0000     -11.584  3.5E-08   0.00 |  -0.59   0.24  -1.83   3.50 |  -0.08   0.03  -0.26
 56 -1.00  1.0  2.0000     -11.584  2.9E-08   0.00 |  -2.19  -1.10  -0.02   3.50 |  -0.31  -0.16  -0.00
 57 -1.00  1.0  2.0000     -11.584  7.8E-09   0.00 |  -0.95   1.80   1.36   3.50 |  -0.14   0.26   0.19
 54 -1.00  1.0  2.0000     -11.584  5.5E-09   0.00 |   1.73   1.06  -1.52   3.50 |   0.25   0.15  -0.22
 29  1.00  1.0  2.0000      -9.758  4.2E-09   0.00 |  -1.63  -0.64  -3.89   6.50 |  -0.13  -0.05  -0.30
 28  1.00  1.0  2.0000      -9.758  7.3E-09   0.00 |   0.14   2.63   0.52   6.50 |   0.01   0.20   0.04
 24  1.00  1.0  2.0000      -9.758  9.2E-09   0.00 |   0.65  -1.50   2.47   6.50 |   0.05  -0.12   0.19
 25  1.00  1.0  2.0000      -9.758  8.4E-09   0.00 |  -1.23  -3.09   0.83   6.50 |  -0.09  -0.24   0.06
 27  1.00  1.0  2.0000      -9.758  1.3E-08   0.00 |  -0.36   5.16   1.24   6.50 |  -0.03   0.40   0.10
 23  1.00  1.0  2.0000      -9.758  1.1E-08   0.00 |   1.54  -0.17   3.26   6.50 |   0.12  -0.01   0.25
 26  1.00  1.0  2.0000      -9.758  1.4E-08   0.00 |  -2.61   1.13  -0.94   6.50 |  -0.20   0.09  -0.07
 66 -1.00  1.0  2.0000      -8.814  2.0E-06   0.00 |   1.84  -0.47   1.10   2.50 |  -0.26   0.07  -0.16
 65 -1.00  1.0  2.0000      -8.814  1.1E-06   0.00 |  -0.76  -2.03  -0.66   2.50 |   0.11   0.29   0.09
 67 -1.00  1.0  2.0000      -8.814  1.0E-06   0.00 |   0.42   0.99   1.06   2.50 |  -0.06  -0.14  -0.15
 64 -1.00  1.0  2.0000      -8.808  2.0E-06   0.00 |  -1.00  -0.50  -1.00   1.50 |  -0.33  -0.17  -0.33
 63 -1.00  1.0  2.0000      -8.808  2.0E-06   0.00 |   0.00   1.50   0.00   1.50 |  -0.00   0.50  -0.00
 68 -1.00  1.0  2.0000      -7.785  5.2E-13   0.00 |   0.50  -0.50   0.50   0.50 |  -0.17   0.17  -0.17
 30  1.00  1.0  0.0000      -3.611  6.1E-06   0.00 |  -1.59  -1.28  -1.08   4.50 |  -0.18  -0.14  -0.12
 33  1.00  1.0  0.0000      -3.609  6.2E-06   0.00 |  -1.16  -1.76  -2.35   4.50 |  -0.13  -0.20  -0.26
 32  1.00  1.0  0.0000      -3.609  6.3E-06   0.00 |  -0.56   0.25   3.83   4.50 |  -0.06   0.02   0.43
 34 -1.00  1.0  0.0000      -3.608  4.3E-06   0.00 |  -0.48   3.94   0.85   4.50 |  -0.05   0.44   0.09
 31  1.00  1.0  0.0000      -3.608  3.9E-06   0.00 |   1.30   1.35   1.25   4.50 |   0.15   0.15   0.14
 69 -1.00  1.0  0.0000      -1.619  2.7E-08   0.00 |  -4.25  -1.98  -1.53   7.50 |  -0.28  -0.13  -0.10
 70  1.00  1.0  0.0000      -1.619  4.9E-08   0.00 |   3.08   1.94  -1.67   7.50 |   0.21   0.13  -0.11
__________________________________________________________________________________________________________
   Proton  wavefunctions
  i     P   Rz   occ          E       d2h    Delta |   JxT    JyT    Jz      J   |   SxT    SyT    Sz
----------------------------------------------------------------------------------------------------------
 71  1.00  1.0  2.0000     -40.382 -5.7E-12   0.00 |  -0.50   0.50   0.50   0.50 |  -0.50   0.50   0.50
 98 -1.00  1.0  2.0000     -35.872 -5.7E-12   0.00 |  -1.00  -0.50  -1.00   1.50 |  -0.33  -0.17  -0.33
 97 -1.00  1.0  2.0000     -35.872 -2.7E-12   0.00 |  -0.00   1.50   0.00   1.50 |   0.00   0.50  -0.00
 99 -1.00  1.0  2.0000     -35.321  1.3E-11   0.00 |   0.50  -0.50   0.50   0.50 |  -0.17   0.17  -0.17
 74  1.00  1.0  2.0000     -30.219  8.7E-09   0.00 |  -0.78   0.01  -1.35   2.50 |  -0.16   0.00  -0.27
 72  1.00  1.0  2.0000     -30.219  8.6E-09   0.00 |   0.42   0.06   2.00   2.50 |   0.08   0.01   0.40
 73  1.00  1.0  2.0000     -30.219  8.1E-10   0.00 |  -1.14   1.43   0.85   2.50 |  -0.23   0.29   0.17
 75  1.00  1.0  2.0000     -28.878  2.6E-10   0.00 |  -0.25  -0.31  -1.45   1.50 |   0.05   0.06   0.29
 76  1.00  1.0  2.0000     -28.878  2.5E-10   0.00 |   1.25  -0.69   0.45   1.50 |  -0.25   0.14  -0.09
 77  1.00  1.0  2.0000     -26.157  2.8E-11   0.00 |  -0.50   0.50   0.50   0.50 |  -0.50   0.50   0.50
101 -1.00  1.0  2.0000     -23.766  6.3E-09   0.00 |   0.59  -0.72   2.24   3.50 |   0.08  -0.10   0.32
100 -1.00  1.0  2.0000     -23.766  2.2E-09   0.00 |  -0.31   0.19  -2.99   3.50 |  -0.04   0.03  -0.43
102 -1.00  1.0  2.0000     -23.766  1.2E-08   0.00 |  -2.47  -0.93  -1.06   3.50 |  -0.35  -0.13  -0.15
103 -1.00  1.0  2.0000     -23.766  5.5E-09   0.00 |   0.19   3.46  -0.19   3.50 |   0.03   0.49  -0.03
105 -1.00  1.0  2.0000     -21.269  4.2E-09   0.00 |   0.01   0.95  -1.20   2.50 |  -0.00  -0.14   0.17
104 -1.00  1.0  2.0000     -21.268  2.3E-09   0.00 |   0.55  -0.48   2.27   2.50 |  -0.08   0.07  -0.32
106 -1.00  1.0  2.0000     -21.268  1.9E-09   0.00 |   0.94  -1.97   0.43   2.50 |  -0.13   0.28  -0.06
108 -1.00  1.0  2.0000     -18.452  4.4E-12   0.00 |   0.37   0.50  -1.37   1.50 |   0.12   0.17  -0.46
107 -1.00  1.0  2.0000     -18.452  5.5E-12   0.00 |  -1.37   0.50   0.37   1.50 |  -0.46   0.17   0.12
109 -1.00  1.0  2.0000     -17.443  3.9E-12   0.00 |   0.50  -0.50   0.50   0.50 |  -0.17   0.17  -0.17
 78  1.00  1.0  2.0000     -16.727  8.7E-09   0.00 |   1.81   1.37   1.21   4.50 |   0.20   0.15   0.13
 81  1.00  1.0  2.0000     -16.727  2.1E-08   0.00 |  -2.39  -2.27  -0.68   4.50 |  -0.27  -0.25  -0.08
 82  1.00  1.0  2.0000     -16.727  2.0E-08   0.00 |  -2.24  -1.09  -2.08   4.50 |  -0.25  -0.12  -0.23
 79  1.00  1.0  2.0000     -16.727  5.5E-09   0.00 |  -0.04   0.33   4.10   4.50 |  -0.00   0.04   0.46
 80  1.00  1.0  2.0000     -16.727  6.3E-09   0.00 |   0.35   4.16  -0.05   4.50 |   0.04   0.46  -0.01
 86  1.00  1.0  2.0000     -12.769  1.9E-08   0.00 |   0.66   2.07   0.70   3.50 |  -0.07  -0.23  -0.08
 83  1.00  1.0  2.0000     -12.769  1.3E-08   0.00 |  -0.99  -2.57  -0.86   3.50 |   0.11   0.29   0.10
 84  1.00  1.0  2.0000     -12.769  2.0E-08   0.00 |   2.98  -0.43   0.88   3.50 |  -0.33   0.05  -0.10
 85  1.00  1.0  2.0000     -12.769  1.5E-08   0.00 |  -0.65  -1.07  -2.72   3.50 |   0.07   0.12   0.30
 87  1.00  1.0  2.0000     -10.543  1.0E-08   0.00 |  -0.46  -1.29  -0.89   2.50 |  -0.09  -0.26  -0.18
 89  1.00  1.0  2.0000     -10.543  8.5E-09   0.00 |  -0.33   2.32   0.22   2.50 |  -0.07   0.46   0.04
 88  1.00  1.0  2.0000     -10.543  2.0E-09   0.00 |  -0.71   0.47   2.18   2.50 |  -0.14   0.09   0.43
111 -1.00  1.0  2.0000      -9.240  1.3E-08   0.00 |   0.27   1.75   2.85   5.50 |   0.02   0.16   0.26
114 -1.00  1.0  2.0000      -9.240  3.2E-08   0.00 |  -2.08  -0.89  -1.24   5.50 |  -0.19  -0.08  -0.11
115 -1.00  1.0  2.0000      -9.240  2.3E-08   0.00 |   3.22   0.85  -0.02   5.50 |   0.29   0.08  -0.00
112 -1.00  1.0  2.0000      -9.240  3.0E-08   0.00 |  -1.43  -0.87  -2.74   5.50 |  -0.13  -0.08  -0.25
113 -1.00  1.0  2.0000      -9.240  2.7E-08   0.00 |  -1.37   3.29   1.55   5.50 |  -0.12   0.30   0.14
110 -1.00  1.0  2.0000      -9.240  9.4E-09   0.00 |  -1.61  -1.13  -3.40   5.50 |  -0.15  -0.10  -0.31
 90  1.00  1.0  2.0000      -8.780  8.7E-11   0.00 |  -0.50  -1.00  -1.00   1.50 |   0.10   0.20   0.20
 91  1.00  1.0  2.0000      -8.780  8.6E-11   0.00 |   1.50   0.00   0.00   1.50 |  -0.30   0.00   0.00
 92  1.00  1.0  2.0000      -7.967 -1.7E-13   0.00 |  -0.50   0.50   0.50   0.50 |  -0.50   0.50   0.50
116 -1.00  1.0  0.0000      -3.651  2.5E-08   0.00 |  -0.00  -1.51  -2.67   4.50 |   0.00   0.14   0.24
117 -1.00  1.0  0.0000      -3.651  2.3E-08   0.00 |  -0.57   0.93   2.51   4.50 |   0.05  -0.08  -0.23
118 -1.00  1.0  0.0000      -3.651  2.3E-08   0.00 |  -1.00   1.54  -0.39   4.50 |   0.09  -0.14   0.04
120 -1.00  1.0  0.0000      -3.651  2.2E-08   0.00 |   2.19  -0.98   2.27   4.50 |  -0.20   0.09  -0.21
119 -1.00  1.0  0.0000      -3.650  2.9E-08   0.00 |   1.88  -2.49   0.78   4.50 |  -0.17   0.23  -0.07
 95  1.00  1.0  0.0000      -1.382  8.2E-09   0.00 |  -1.39  -3.75  -1.93   6.50 |  -0.11  -0.29  -0.15
 96 -1.00  1.0  0.0000      -1.382  3.0E-08   0.00 |  -0.06   2.44   3.62   6.50 |  -0.00   0.19   0.28
 94  1.00  1.0  0.0000      -1.382  3.1E-08   0.00 |  -0.21   2.42   2.10   6.50 |  -0.02   0.19   0.16
 93  1.00  1.0  0.0000      -1.382  6.6E-09   0.00 |  -3.62   2.24   1.22   6.50 |  -0.28   0.17   0.09
----------------------------------------------------------------------------------------------------------
------------------------ Electric Multipole Moments -------------------------
Quantisation Axis             : Z
  With secondary axis ordering: X,Y
  Calculated wrt to COM = (   0.000   0.000   0.000)
______________________________________________________________________________
                   Neutrons        Protons          Charge         Total
______________________________________________________________________________
 Particles          126.0000         82.0000         82.0001        208.0000

Re  Q_{ 2 0}         -0.0000         -0.0000         -0.0000         -0.0000
Re  Q_{ 2 2}          0.0000          0.0000          0.0000          0.0000

Re  Q_{ 4 0}         15.0103         -1.2044          0.8160         13.8059
Re  Q_{ 4 2}          0.0000          0.0000          0.0000          0.0000
Re  Q_{ 4 4}          8.9704         -0.7197          0.4877          8.2507

Re  Q_{ 6 0}        245.0223        -10.6262          6.5541        234.3961
Re  Q_{ 6 2}         -0.0000         -0.0000         -0.0000         -0.0000
Re  Q_{ 6 4}       -458.3950         19.8794        -12.2620       -438.5156
Re  Q_{ 6 6}          0.0000          0.0000          0.0000          0.0000

Re  Q_{ 8 0}      44143.5430      -2535.9300       1427.8427      41607.6129
Re  Q_{ 8 2}         -0.0000         -0.0000         -0.0000         -0.0000
Re  Q_{ 8 4}      16600.2115       -953.6376        536.9420      15646.5739
Re  Q_{ 8 6}          0.0000          0.0000          0.0000          0.0000
Re  Q_{ 8 8}      25292.4733      -1452.9831        818.0990      23839.4902

Re  Q_{10 0}     798485.4917     -19219.9976      -1901.6955     779265.4941
Re  Q_{10 2}         -0.0000         -0.0000         -0.0000         -0.0000
Re  Q_{10 4}    -804604.2214      19367.2701       1916.2596    -785236.9513
Re  Q_{10 6}         -0.0001         -0.0000         -0.0000         -0.0001
Re  Q_{10 8}    -957670.5902      23051.6540       2280.7978    -934618.9361
Re  Q_{1010}         -0.0000         -0.0000         -0.0000         -0.0000

 RMS radius           5.5856          5.4446          5.4958          5.5304
 Fourth mom.          5.9487          5.7664          5.8367          5.8789
______________________________________________________________________________
                   Neutrons        Protons          Charge         Total
______________________________________________________________________________

Beta_{ 2 0}      -0.00000000     -0.00000000     -0.00000000     -0.00000000
Beta_{ 2 2}       0.00000000      0.00000000      0.00000000      0.00000000

Beta_{ 4 0}       0.00011829     -0.00000949      0.00000643      0.00010880
Beta_{ 4 2}       0.00000000      0.00000000      0.00000000      0.00000000
Beta_{ 4 4}       0.00007069     -0.00000567      0.00000384      0.00006502

Beta_{ 6 0}       0.00003820     -0.00000166      0.00000102      0.00003654
Beta_{ 6 2}      -0.00000000     -0.00000000     -0.00000000     -0.00000000
Beta_{ 6 4}      -0.00007146      0.00000310     -0.00000191     -0.00006836
Beta_{ 6 6}       0.00000000      0.00000000      0.00000000      0.00000000

Beta_{ 8 0}       0.00013613     -0.00000782      0.00000440      0.00012831
Beta_{ 8 2}      -0.00000000     -0.00000000     -0.00000000     -0.00000000
Beta_{ 8 4}       0.00005119     -0.00000294      0.00000166      0.00004825
Beta_{ 8 6}       0.00000000      0.00000000      0.00000000      0.00000000
Beta_{ 8 8}       0.00007799     -0.00000448      0.00000252      0.00007351

Beta_{10 0}       0.00004871     -0.00000117     -0.00000012      0.00004754
Beta_{10 2}      -0.00000000     -0.00000000     -0.00000000     -0.00000000
Beta_{10 4}      -0.00004908      0.00000118      0.00000012     -0.00004790
Beta_{10 6}      -0.00000000     -0.00000000     -0.00000000     -0.00000000
Beta_{10 8}      -0.00005842      0.00000141      0.00000014     -0.00005701
Beta_{1010}      -0.00000000     -0.00000000     -0.00000000     -0.00000000


______________________________________________________________________________
                   Neutrons        Protons          Charge         Total
______________________________________________________________________________
Q_{ 2}                0.0000          0.0000          0.0000          0.0000
Q_{ 4}               19.6531          1.5768          1.0684         18.0763
Q_{ 6}              693.0280         30.0549         18.5383        662.9731
Q_{ 8}            61475.2376       3531.5875       1988.4467      57943.6501
Q_{10}          1940778.4276      46715.6089       4622.1883    1894062.8187
______________________________________________________________________________
                   Neutrons        Protons          Charge         Total
______________________________________________________________________________
Beta_{   2}       0.00000000      0.00000000      0.00000000      0.00000000
Beta_{   4}       0.00015487      0.00001243      0.00000842      0.00014245
Beta_{   6}       0.00010803      0.00000469      0.00000289      0.00010335
Beta_{   8}       0.00018957      0.00001089      0.00000613      0.00017868
Beta_{  10}       0.00011839      0.00000285      0.00000028      0.00011554
______________________________________________________________________________
 Cart. Moments X              Y              Z
 Cart. N        0.0000021      0.0000021     -0.0000043
 Cart. P        0.0000022      0.0000022     -0.0000044
 Cart. T        0.0000043      0.0000043     -0.0000087
 (Q, gamma)    Q              Gamma
 (Q,g) N        0.0000043    179.9415115
 (Q,g) P        0.0000044    179.9600192
 (Q,g) T        0.0000087    179.9509516
 (iq1, iq2)    iq1            iq2
 iq    N       -0.0000043      0.0000000
 iq    P       -0.0000044      0.0000000
 iq    T       -0.0000087      0.0000000
               X^2            Y^2            Z^2
 X^2_i N     1310.3466195   1310.3466195   1310.3466174
 X^2_i P      810.2510222    810.2510222    810.2510200
 X^2_i T     2120.5976417   2120.5976417   2120.5976374
----------------------------------------------------------------------------
----------------------- Box Size Check -------------------------
 Xmax = (nx+0.5)dx = 12.250 fm,  max(rho(X=Xmax)) =    1.088E-05
 Ymax = (ny+0.5)dx = 12.250 fm,  max(rho(Y=Ymax)) =    1.088E-05
 Zmax = (nz+0.5)dx = 12.250 fm,  max(rho(Z=Zmax)) =    1.088E-05
---------------------Rotational properties--------------------
                Rigid rotor          (hbar^2/MeV)
              n              p              t 
 I_R X      63.1933368     39.0755125    102.2688493
 I_R Y      63.1933368     39.0755125    102.2688493
 I_R Z      63.1933368     39.0755126    102.2688494

                Belyaev                 (hbar^2/MeV) 
              n              p              t 
 I_B X       0.0000003      0.0000000      0.0000004
 I_B Y       0.0000003      0.0000000      0.0000003
 I_B Z       0.0000003      0.0000000      0.0000004

                Belyaev (collective)    (hbar^2/MeV) 
              n              p              t 
 I_B X       0.0000000      0.0000000      0.0000000
 I_B Y       0.0000000      0.0000000      0.0000000
 I_B Z       0.0000000      0.0000000      0.0000000

                 <J^2> - <J>^2          (hbar^2)
              n              p              t 
 J2_X        0.0000012      0.0000001      0.0000013
 J2_Y        0.0000010      0.0000001      0.0000011
 J2_Z        0.0000013      0.0000001      0.0000014
 J2_t        0.0000035      0.0000003      0.0000038

                 <J^2> - <J>^2 (coll.)  (hbar^2)
              n              p              t 
 J2_X        0.0000000      0.0000000      0.0000000
 J2_Y        0.0000000      0.0000000      0.0000000
 J2_Z        0.0000000      0.0000000      0.0000000
 J2_t        0.0000000      0.0000000      0.0000000
------------------------- Angular Momentum (hbar) --------------------------

               Spwfs(*)    Desired     Omega       E (MeV)      Densit. 
  __________________________________________________________________________
   J_x   |     0.00000     0.00000     0.00000     0.00000     0.00000
   J_y   |     0.00000     0.00000     0.00000     0.00000     0.00000
   J_z   |     0.00000     0.00000     0.00000     0.00000     0.00000
  __________________________________________________________________________
   Size  |     0.00000     0.00000     0.00000                 0.00000
  --------------------------------------------------------------------------
--------------------------------------------------------------------------------
 Skyrme Energy                Isospin  1 2 3 4                   Energy [MeV]
--------------------------------------------------------------------------------
E_D_I_I_D_I_I                          0 0                     -17357.612660
E_D_I_I_D_I_I                          1 1                        418.239694
E_D_I_I_D_I_I_D_I_I                    0 0 0                     9922.715365
E_D_I_I_D_I_I_D_I_I                    0 1 1                     -277.716707
E_D_I_I_D_Nm_Nm                        0 0                        761.149773
E_D_I_I_D_Nm_Nm                        1 1                        -26.082279
E_D_I_I_Lap_D_I_I                      0 0                        271.311426
E_D_I_I_Lap_D_I_I                      1 1                         -0.095464
E_C_I_NmSk_C_I_NmSk                    0 0                         -0.000000
E_C_I_NmSk_C_I_NmSk                    1 1                         -0.000000
E_D_I_I_D_I_I_D_Nm_Nm                  0 0 0                        0.000000
E_D_I_I_D_I_I_D_Nm_Nm                  0 1 1                       -0.000000
E_D_I_I_D_I_I_D_Nm_Nm                  0 0 0                        0.000000
E_D_I_I_D_I_I_D_Nm_Nm                  0 1 1                        0.000000
E_D_I_I_Derm_D_I_I_Derm_D_I_I          0 0 0                        0.000000
E_D_I_I_Derm_D_I_I_Derm_D_I_I          0 1 1                       -0.000000
E_D_I_I_Derm_D_I_I_Derm_D_I_I          0 0 0                       -0.000000
E_D_I_I_Derm_D_I_I_Derm_D_I_I          0 1 1                       -0.000000
E_D_I_I_Derm_D_I_I_D_I_I_Derm_D_I_I    0 0 0 0                      0.000000
E_D_I_I_Derm_D_I_I_D_I_I_Derm_D_I_I    0 0 1 1                     -0.000000
E_D_I_I_Derm_C_I_NxmSxm                0 0                        -93.040236
E_D_I_I_Derm_C_I_NxmSxm                1 1                         -0.822199
E_DP_I_I_DP_I_I                        n n                         -0.000000
E_DP_I_I_DP_I_I                        p p                         -0.000000
E_D_I_I_DP_I_I_DP_I_I                  0 n n                        0.000000
E_D_I_I_DP_I_I_DP_I_I                  0 p p                        0.000000
--------------------------------------------------------------------------------
                 Total Skyrme:                                  -6381.953287
--------------------------------------------------------------------------------
                    time-even:                                  -6381.953287
                    time-odd :                                      0.000000
                    bilinear :                                 -16026.951945
                    trilinear:                                      0.000000
                 quadrilinear:                                      0.000000
            density-dependent:                                   9644.998658
--------------------------------------------------------------------------------
--------------------------------------------------------------------------------
                                     neutron        proton         total
                Kinetic Energy:    2572.820627    1356.732042    3929.552669
                    COM 1-body:     -12.369330      -6.522750     -18.892080
                    COM 2-body:       8.734546       4.166154      12.900700
                            ph:       8.734546       4.166154      12.900700
                            pp:       0.000000       0.000000       0.000000

                Coulomb Direct:       0.000000     822.649812     822.649812
                  Dir. (point):       0.000000     826.077577     826.077577
                      Exchange:       0.000000       0.000000       0.000000
                  Exc. (point):       0.000000       0.000000       0.000000

               Pairing (delta):       0.000000       0.000000       0.000000
               Pairing (densi):                                     0.000000
--------------------------------------------------------------------------------
                  Total energy:                                 -1635.742186
                    from spwfs:                                 -1632.314424
                   E_fu - E_sp:                                -0.342776E+01
                      Routhian:                                 -1635.742186
                         dE   :                                 0.219538E-07
                         dR   :                                 0.219538E-07
--------------------------------------------------------------------------------
 Iteration =  181
 dt    =   0.0162      mu   =   0.7985 gradn =    0.000E+00 D2H  =    8.340E-08
 E     =  -1635.742    DE   =  0.14818E-10
 R     =  -1635.742    DR   =  0.14818E-10
 R-E   =      0.000  D(R-E) =  0.00000E+00
 dmun  =  0.0E+00      dmup=  0.0E+00
 RQ20t =      -0.0000   dQ =  4.0E-10  L =       0.0000   dL =  0.0E+00  dev =  0.0E+00
 RQ22t =       0.0000   dQ = -2.9E-11  L =       0.0000   dL =  0.0E+00  dev =  0.0E+00
 Jz    =       0.0000   dJZ=  0.0E+00 Om =       0.0000   dO =  0.0E+00  dev =  0.0E+00
--------------------------------------------------------------------------------------
 Iteration =  182
 dt    =   0.0162      mu   =   0.7985 gradn =    0.000E+00 D2H  =    8.339E-08
 E     =  -1635.742    DE   =  0.18815E-10
 R     =  -1635.742    DR   =  0.18815E-10
 R-E   =      0.000  D(R-E) =  0.00000E+00
 dmun  =  0.0E+00      dmup=  0.0E+00
 RQ20t =      -0.0000   dQ =  4.0E-10  L =       0.0000   dL =  0.0E+00  dev =  0.0E+00
 RQ22t =       0.0000   dQ = -2.8E-11  L =       0.0000   dL =  0.0E+00  dev =  0.0E+00
 Jz    =       0.0000   dJZ=  0.0E+00 Om =       0.0000   dO =  0.0E+00  dev =  0.0E+00
--------------------------------------------------------------------------------------
 Iteration =  183
 dt    =   0.0162      mu   =   0.7985 gradn =    0.000E+00 D2H  =    8.337E-08
 E     =  -1635.742    DE   =  0.19107E-10
 R     =  -1635.742    DR   =  0.19107E-10
 R-E   =      0.000  D(R-E) =  0.00000E+00
 dmun  =  0.0E+00      dmup=  0.0E+00
 RQ20t =      -0.0000   dQ =  3.9E-10  L =       0.0000   dL =  0.0E+00  dev =  0.0E+00
 RQ22t =       0.0000   dQ = -2.7E-11  L =       0.0000   dL =  0.0E+00  dev =  0.0E+00
 Jz    =       0.0000   dJZ=  0.0E+00 Om =       0.0000   dO =  0.0E+00  dev =  0.0E+00
--------------------------------------------------------------------------------------
 Iteration =  184
 dt    =   0.0162      mu   =   0.7985 gradn =    0.000E+00 D2H  =    8.336E-08
 E     =  -1635.742    DE   =  0.18988E-10
 R     =  -1635.742    DR   =  0.18988E-10
 R-E   =      0.000  D(R-E) =  0.00000E+00
 dmun  =  0.0E+00      dmup=  0.0E+00
 RQ20t =      -0.0000   dQ =  3.8E-10  L =       0.0000   dL =  0.0E+00  dev =  0.0E+00
 RQ22t =       0.0000   dQ = -2.7E-11  L =       0.0000   dL =  0.0E+00  dev =  0.0E+00
 Jz    =       0.0000   dJZ=  0.0E+00 Om =       0.0000   dO =  0.0E+00  dev =  0.0E+00
--------------------------------------------------------------------------------------
 Iteration =  185
 dt    =   0.0162      mu   =   0.7985 gradn =    0.000E+00 D2H  =    8.334E-08
 E     =  -1635.742    DE   =  0.16004E-10
 R     =  -1635.742    DR   =  0.16004E-10
 R-E   =      0.000  D(R-E) =  0.00000E+00
 dmun  =  0.0E+00      dmup=  0.0E+00
 RQ20t =      -0.0000   dQ =  3.6E-10  L =       0.0000   dL =  0.0E+00  dev =  0.0E+00
 RQ22t =       0.0000   dQ = -2.5E-11  L =       0.0000   dL =  0.0E+00  dev =  0.0E+00
 Jz    =       0.0000   dJZ=  0.0E+00 Om =       0.0000   dO =  0.0E+00  dev =  0.0E+00
--------------------------------------------------------------------------------------
 Iteration =  186
 dt    =   0.0162      mu   =   0.7985 gradn =    0.000E+00 D2H  =    8.333E-08
 E     =  -1635.742    DE   =  0.16599E-10
 R     =  -1635.742    DR   =  0.16599E-10
 R-E   =      0.000  D(R-E) =  0.00000E+00
 dmun  =  0.0E+00      dmup=  0.0E+00
 RQ20t =      -0.0000   dQ =  3.5E-10  L =       0.0000   dL =  0.0E+00  dev =  0.0E+00
 RQ22t =       0.0000   dQ = -2.5E-11  L =       0.0000   dL =  0.0E+00  dev =  0.0E+00
 Jz    =       0.0000   dJZ=  0.0E+00 Om =       0.0000   dO =  0.0E+00  dev =  0.0E+00
--------------------------------------------------------------------------------------
 Iteration =  187
 dt    =   0.0162      mu   =   0.7985 gradn =    0.000E+00 D2H  =    8.332E-08
 E     =  -1635.742    DE   =  0.20636E-11
 R     =  -1635.742    DR   =  0.20636E-11
 R-E   =      0.000  D(R-E) =  0.00000E+00
 dmun  =  0.0E+00      dmup=  0.0E+00
 RQ20t =      -0.0000   dQ =  3.4E-10  L =       0.0000   dL =  0.0E+00  dev =  0.0E+00
 RQ22t =       0.0000   dQ = -2.4E-11  L =       0.0000   dL =  0.0E+00  dev =  0.0E+00
 Jz    =       0.0000   dJZ=  0.0E+00 Om =       0.0000   dO =  0.0E+00  dev =  0.0E+00
--------------------------------------------------------------------------------------
 Iteration =  188
 dt    =   0.0162      mu   =   0.7985 gradn =    0.000E+00 D2H  =    8.330E-08
 E     =  -1635.742    DE   =  0.13095E-10
 R     =  -1635.742    DR   =  0.13095E-10
 R-E   =      0.000  D(R-E) =  0.00000E+00
 dmun  =  0.0E+00      dmup=  0.0E+00
 RQ20t =      -0.0000   dQ =  3.2E-10  L =       0.0000   dL =  0.0E+00  dev =  0.0E+00
 RQ22t =       0.0000   dQ = -2.2E-11  L =       0.0000   dL =  0.0E+00  dev =  0.0E+00
 Jz    =       0.0000   dJZ=  0.0E+00 Om =       0.0000   dO =  0.0E+00  dev =  0.0E+00
--------------------------------------------------------------------------------------
 Iteration =  189
 dt    =   0.0162      mu   =   0.7985 gradn =    0.000E+00 D2H  =    8.329E-08
 E     =  -1635.742    DE   =  0.71501E-11
 R     =  -1635.742    DR   =  0.71501E-11
 R-E   =      0.000  D(R-E) =  0.00000E+00
 dmun  =  0.0E+00      dmup=  0.0E+00
 RQ20t =      -0.0000   dQ =  3.0E-10  L =       0.0000   dL =  0.0E+00  dev =  0.0E+00
 RQ22t =       0.0000   dQ = -2.1E-11  L =       0.0000   dL =  0.0E+00  dev =  0.0E+00
 Jz    =       0.0000   dJZ=  0.0E+00 Om =       0.0000   dO =  0.0E+00  dev =  0.0E+00
--------------------------------------------------------------------------------------
--------------------------------------------------------------------------------------
                              Iteration =   190

--------------------- Hartree-Fock basis-------------------------------------------------------------------
__________________________________________________________________________________________________________
   Neutron wavefunctions
  i     P   Rz   occ          E       d2h    Delta |   JxT    JyT    Jz      J   |   SxT    SyT    Sz
----------------------------------------------------------------------------------------------------------
  1  1.00  1.0  2.0000     -49.951  1.1E-10   0.00 |  -0.50   0.50   0.50   0.50 |  -0.50   0.50   0.50
 36 -1.00  1.0  2.0000     -45.112  3.6E-11   0.00 |  -1.00  -0.50  -1.00   1.50 |  -0.33  -0.17  -0.33
 35 -1.00  1.0  2.0000     -45.112  5.7E-11   0.00 |  -0.00   1.50   0.00   1.50 |   0.00   0.50  -0.00
 37 -1.00  1.0  2.0000     -44.553 -2.7E-12   0.00 |   0.50  -0.50   0.50   0.50 |  -0.17   0.17  -0.17
  4  1.00  1.0  2.0000     -39.214  9.3E-11   0.00 |  -0.30   0.66  -1.30   2.50 |  -0.06   0.13  -0.26
  2  1.00  1.0  2.0000     -39.214  9.5E-11   0.00 |  -0.13   0.59   1.66   2.50 |  -0.03   0.12   0.33
  3  1.00  1.0  2.0000     -39.214  8.3E-11   0.00 |  -1.07   0.25   1.15   2.50 |  -0.21   0.05   0.23
  6  1.00  1.0  2.0000     -37.867  4.8E-11   0.00 |   0.25   0.21  -1.46   1.50 |  -0.05  -0.04   0.29
  7  1.00  1.0  2.0000     -37.867  4.5E-11   0.00 |   0.75  -1.21   0.46   1.50 |  -0.15   0.24  -0.09
  5  1.00  1.0  2.0000     -35.669 -5.5E-11   0.00 |  -0.50   0.50   0.50   0.50 |  -0.50   0.50   0.50
 39 -1.00  1.0  2.0000     -32.546  7.3E-10   0.00 |  -0.45   2.01   1.19   3.50 |  -0.06   0.29   0.17
 40 -1.00  1.0  2.0000     -32.546  1.3E-09   0.00 |  -0.75  -1.40  -1.16   3.50 |  -0.11  -0.20  -0.17
 41 -1.00  1.0  2.0000     -32.546  8.0E-10   0.00 |  -0.82  -1.31  -2.32   3.50 |  -0.12  -0.19  -0.33
 38 -1.00  1.0  2.0000     -32.546  7.5E-10   0.00 |   0.02   2.70   0.28   3.50 |   0.00   0.39   0.04
 45 -1.00  1.0  2.0000     -30.024  1.9E-09   0.00 |  -0.23  -0.79  -1.39   2.50 |   0.03   0.11   0.20
 46 -1.00  1.0  2.0000     -30.023  1.9E-09   0.00 |  -0.17   0.33   2.33   2.50 |   0.02  -0.05  -0.33
 44 -1.00  1.0  2.0000     -30.023  2.0E-11   0.00 |   1.89  -1.04   0.55   2.50 |  -0.27   0.15  -0.08
 42 -1.00  1.0  2.0000     -27.687  4.3E-12   0.00 |  -1.00  -0.50  -1.00   1.50 |  -0.33  -0.17  -0.33
 43 -1.00  1.0  2.0000     -27.687 -6.3E-12   0.00 |  -0.00   1.50   0.00   1.50 |  -0.00   0.50   0.00
 47 -1.00  1.0  2.0000     -26.587  4.0E-12   0.00 |   0.50  -0.50   0.50   0.50 |  -0.17   0.17  -0.17
  9  1.00  1.0  2.0000     -25.319  1.7E-09   0.00 |   2.16  -1.10  -0.39   4.50 |   0.24  -0.12  -0.04
 10  1.00  1.0  2.0000     -25.319  2.0E-09   0.00 |  -1.51   1.49  -1.49   4.50 |  -0.17   0.17  -0.17
 12  1.00  1.0  2.0000     -25.319  3.0E-09   0.00 |  -3.13  -1.02  -0.39   4.50 |  -0.35  -0.11  -0.04
 11  1.00  1.0  2.0000     -25.319  2.4E-09   0.00 |   0.79  -0.30   3.95   4.50 |   0.09  -0.03   0.44
  8  1.00  1.0  2.0000     -25.319  1.9E-09   0.00 |  -0.81   3.42   0.82   4.50 |  -0.09   0.38   0.09
 19  1.00  1.0  2.0000     -21.270  7.9E-09   0.00 |   1.31   1.86   0.01   3.50 |  -0.15  -0.21  -0.00
 16  1.00  1.0  2.0000     -21.270  6.1E-09   0.00 |  -1.05  -2.38  -0.01   3.50 |   0.12   0.26   0.00
 17  1.00  1.0  2.0000     -21.270  3.1E-09   0.00 |   0.48  -2.24   0.43   3.50 |  -0.05   0.25  -0.05
 18  1.00  1.0  2.0000     -21.270  3.9E-09   0.00 |   1.27   0.77  -2.43   3.50 |  -0.14  -0.09   0.27
 14  1.00  1.0  2.0000     -19.649  5.4E-09   0.00 |  -0.43  -1.11  -1.12   2.50 |  -0.09  -0.22  -0.22
 15  1.00  1.0  2.0000     -19.649  5.3E-09   0.00 |  -0.57   1.50   0.77   2.50 |  -0.11   0.30   0.15
 13  1.00  1.0  2.0000     -19.649  2.6E-10   0.00 |  -0.50   1.12   1.86   2.50 |  -0.10   0.22   0.37
 50 -1.00  1.0  2.0000     -17.686  3.2E-09   0.00 |  -1.15   2.98  -1.06   5.50 |  -0.10   0.27  -0.10
 53 -1.00  1.0  2.0000     -17.686  4.2E-09   0.00 |   2.81   0.03   1.33   5.50 |   0.26   0.00   0.12
 51 -1.00  1.0  2.0000     -17.686  4.7E-09   0.00 |  -0.70  -1.89   0.55   5.50 |  -0.06  -0.17   0.05
 48 -1.00  1.0  2.0000     -17.685  4.8E-09   0.00 |  -1.07   4.23   0.94   5.50 |  -0.10   0.38   0.09
 52 -1.00  1.0  2.0000     -17.685  4.7E-09   0.00 |  -2.34  -1.38  -0.23   5.50 |  -0.21  -0.13  -0.02
 49 -1.00  1.0  2.0000     -17.685  2.9E-09   0.00 |  -0.55  -0.97  -4.52   5.50 |  -0.05  -0.09  -0.41
 21  1.00  1.0  2.0000     -17.665  2.0E-11   0.00 |  -0.50  -1.00  -1.00   1.50 |   0.10   0.20   0.20
 22  1.00  1.0  2.0000     -17.665  1.4E-11   0.00 |   1.50   0.00   0.00   1.50 |  -0.30   0.00   0.00
 20  1.00  1.0  2.0000     -17.356 -1.0E-12   0.00 |  -0.50   0.50   0.50   0.50 |  -0.50   0.50   0.50
 59 -1.00  1.0  2.0000     -11.873  8.7E-09   0.00 |   2.27  -1.36   0.17   4.50 |  -0.21   0.12  -0.02
 58 -1.00  1.0  2.0000     -11.873  1.4E-08   0.00 |  -0.49  -2.49  -2.16   4.50 |   0.04   0.23   0.20
 62 -1.00  1.0  2.0000     -11.873  1.6E-08   0.00 |   0.13  -1.17   1.48   4.50 |  -0.01   0.11  -0.13
 61 -1.00  1.0  2.0000     -11.873  1.3E-08   0.00 |   0.45   1.82  -0.65   4.50 |  -0.04  -0.17   0.06
 60 -1.00  1.0  2.0000     -11.872  1.5E-08   0.00 |   0.14   0.70   3.65   4.50 |  -0.01  -0.06  -0.33
 55 -1.00  1.0  2.0000     -11.584  3.4E-08   0.00 |  -0.59   0.24  -1.83   3.50 |  -0.08   0.03  -0.26
 56 -1.00  1.0  2.0000     -11.584  2.9E-08   0.00 |  -2.19  -1.10  -0.02   3.50 |  -0.31  -0.16  -0.00
 57 -1.00  1.0  2.0000     -11.584  7.4E-09   0.00 |  -0.95   1.80   1.36   3.50 |  -0.14   0.26   0.19
 54 -1.00  1.0  2.0000     -11.584  5.2E-09   0.00 |   1.73   1.06  -1.52   3.50 |   0.25   0.15  -0.22
 29  1.00  1.0  2.0000      -9.758  4.2E-09   0.00 |  -1.63  -0.64  -3.89   6.50 |  -0.13  -0.05  -0.30
 28  1.00  1.0  2.0000      -9.758  7.3E-09   0.00 |   0.14   2.63   0.52   6.50 |   0.01   0.20   0.04
 24  1.00  1.0  2.0000      -9.758  9.2E-09   0.00 |   0.65  -1.50   2.47   6.50 |   0.05  -0.12   0.19
 25  1.00  1.0  2.0000      -9.758  8.4E-09   0.00 |  -1.23  -3.09   0.83   6.50 |  -0.09  -0.24   0.06
 27  1.00  1.0  2.0000      -9.758  1.3E-08   0.00 |  -0.36   5.16   1.24   6.50 |  -0.03   0.40   0.10
 23  1.00  1.0  2.0000      -9.758  1.1E-08   0.00 |   1.54  -0.17   3.26   6.50 |   0.12  -0.01   0.25
 26  1.00  1.0  2.0000      -9.758  1.4E-08   0.00 |  -2.62   1.13  -0.94   6.50 |  -0.20   0.09  -0.07
 66 -1.00  1.0  2.0000      -8.814  2.0E-06   0.00 |   1.84  -0.47   1.10   2.50 |  -0.26   0.07  -0.16
 65 -1.00  1.0  2.0000      -8.814  1.1E-06   0.00 |  -0.76  -2.03  -0.66   2.50 |   0.11   0.29   0.09
 67 -1.00  1.0  2.0000      -8.814  1.0E-06   0.00 |   0.42   0.99   1.06   2.50 |  -0.06  -0.14  -0.15
 64 -1.00  1.0  2.0000      -8.808  2.0E-06   0.00 |  -1.00  -0.50  -1.00   1.50 |  -0.33  -0.17  -0.33
 63 -1.00  1.0  2.0000      -8.808  2.0E-06   0.00 |   0.00   1.50   0.00   1.50 |  -0.00   0.50  -0.00
 68 -1.00  1.0  2.0000      -7.785  5.8E-13   0.00 |   0.50  -0.50   0.50   0.50 |  -0.17   0.17  -0.17
 30  1.00  1.0  0.0000      -3.611  6.1E-06   0.00 |  -1.59  -1.28  -1.08   4.50 |  -0.18  -0.14  -0.12
 33  1.00  1.0  0.0000      -3.609  6.2E-06   0.00 |  -1.16  -1.76  -2.35   4.50 |  -0.13  -0.20  -0.26
 32  1.00  1.0  0.0000      -3.609  6.3E-06   0.00 |  -0.56   0.25   3.83   4.50 |  -0.06   0.02   0.43
 34 -1.00  1.0  0.0000      -3.608  4.3E-06   0.00 |  -0.48   3.94   0.85   4.50 |  -0.05   0.44   0.09
 31  1.00  1.0  0.0000      -3.608  3.9E-06   0.00 |   1.29   1.35   1.25   4.50 |   0.15   0.15   0.14
 69 -1.00  1.0  0.0000      -1.619  2.7E-08   0.00 |  -4.25  -1.98  -1.53   7.50 |  -0.28  -0.13  -0.10
 70  1.00  1.0  0.0000      -1.619  4.9E-08   0.00 |   3.08   1.94  -1.67   7.50 |   0.21   0.13  -0.11
__________________________________________________________________________________________________________
   Proton  wavefunctions
  i     P   Rz   occ          E       d2h    Delta |   JxT    JyT    Jz      J   |   SxT    SyT    Sz
----------------------------------------------------------------------------------------------------------
 71  1.00  1.0  2.0000     -40.382  4.5E-12   0.00 |  -0.50   0.50   0.50   0.50 |  -0.50   0.50   0.50
 98 -1.00  1.0  2.0000     -35.872  6.4E-12   0.00 |  -1.00  -0.50  -1.00   1.50 |  -0.33  -0.17  -0.33
 97 -1.00  1.0  2.0000     -35.872 -8.9E-12   0.00 |  -0.00   1.50   0.00   1.50 |   0.00   0.50  -0.00
 99 -1.00  1.0  2.0000     -35.321  1.8E-11   0.00 |   0.50  -0.50   0.50   0.50 |  -0.17   0.17  -0.17
 74  1.00  1.0  2.0000     -30.219  8.7E-09   0.00 |  -0.78   0.01  -1.35   2.50 |  -0.16   0.00  -0.27
 72  1.00  1.0  2.0000     -30.219  8.5E-09   0.00 |   0.42   0.06   2.00   2.50 |   0.08   0.01   0.40
 73  1.00  1.0  2.0000     -30.219  7.5E-10   0.00 |  -1.14   1.43   0.85   2.50 |  -0.23   0.29   0.17
 75  1.00  1.0  2.0000     -28.878  1.7E-10   0.00 |  -0.25  -0.31  -1.45   1.50 |   0.05   0.06   0.29
 76  1.00  1.0  2.0000     -28.878  1.8E-10   0.00 |   1.25  -0.69   0.45   1.50 |  -0.25   0.14  -0.09
 77  1.00  1.0  2.0000     -26.157  1.6E-11   0.00 |  -0.50   0.50   0.50   0.50 |  -0.50   0.50   0.50
101 -1.00  1.0  2.0000     -23.766  6.3E-09   0.00 |   0.59  -0.72   2.24   3.50 |   0.08  -0.10   0.32
100 -1.00  1.0  2.0000     -23.766  2.2E-09   0.00 |  -0.31   0.19  -2.99   3.50 |  -0.04   0.03  -0.43
102 -1.00  1.0  2.0000     -23.766  1.2E-08   0.00 |  -2.47  -0.93  -1.06   3.50 |  -0.35  -0.13  -0.15
103 -1.00  1.0  2.0000     -23.766  5.5E-09   0.00 |   0.19   3.46  -0.19   3.50 |   0.03   0.49  -0.03
105 -1.00  1.0  2.0000     -21.269  4.2E-09   0.00 |   0.01   0.95  -1.20   2.50 |  -0.00  -0.14   0.17
104 -1.00  1.0  2.0000     -21.268  2.3E-09   0.00 |   0.55  -0.48   2.27   2.50 |  -0.08   0.07  -0.32
106 -1.00  1.0  2.0000     -21.268  2.0E-09   0.00 |   0.94  -1.97   0.43   2.50 |  -0.13   0.28  -0.06
108 -1.00  1.0  2.0000     -18.452  1.0E-12   0.00 |   0.37   0.50  -1.37   1.50 |   0.12   0.17  -0.46
107 -1.00  1.0  2.0000     -18.452  1.3E-11   0.00 |  -1.37   0.50   0.37   1.50 |  -0.46   0.17   0.12
109 -1.00  1.0  2.0000     -17.443 -1.7E-13   0.00 |   0.50  -0.50   0.50   0.50 |  -0.17   0.17  -0.17
 78  1.00  1.0  2.0000     -16.727  8.7E-09   0.00 |   1.81   1.37   1.21   4.50 |   0.20   0.15   0.13
 81  1.00  1.0  2.0000     -16.727  2.1E-08   0.00 |  -2.39  -2.27  -0.68   4.50 |  -0.27  -0.25  -0.08
 82  1.00  1.0  2.0000     -16.727  2.0E-08   0.00 |  -2.24  -1.09  -2.08   4.50 |  -0.25  -0.12  -0.23
 79  1.00  1.0  2.0000     -16.727  5.5E-09   0.00 |  -0.04   0.33   4.10   4.50 |  -0.00   0.04   0.46
 80  1.00  1.0  2.0000     -16.727  6.3E-09   0.00 |   0.35   4.16  -0.05   4.50 |   0.04   0.46  -0.01
 86  1.00  1.0  2.0000     -12.769  1.9E-08   0.00 |   0.66   2.07   0.70   3.50 |  -0.07  -0.23  -0.08
 83  1.00  1.0  2.0000     -12.769  1.3E-08   0.00 |  -0.99  -2.57  -0.86   3.50 |   0.11   0.29   0.10
 84  1.00  1.0  2.0000     -12.769  2.0E-08   0.00 |   2.98  -0.43   0.88   3.50 |  -0.33   0.05  -0.10
 85  1.00  1.0  2.0000     -12.769  1.5E-08   0.00 |  -0.65  -1.07  -2.72   3.50 |   0.07   0.12   0.30
 87  1.00  1.0  2.0000     -10.543  1.0E-08   0.00 |  -0.46  -1.29  -0.89   2.50 |  -0.09  -0.26  -0.18
 89  1.00  1.0  2.0000     -10.543  8.5E-09   0.00 |  -0.33   2.32   0.22   2.50 |  -0.07   0.46   0.04
 88  1.00  1.0  2.0000     -10.543  2.0E-09   0.00 |  -0.71   0.47   2.18   2.50 |  -0.14   0.09   0.43
111 -1.00  1.0  2.0000      -9.240  1.3E-08   0.00 |   0.27   1.75   2.85   5.50 |   0.02   0.16   0.26
114 -1.00  1.0  2.0000      -9.240  3.2E-08   0.00 |  -2.08  -0.89  -1.24   5.50 |  -0.19  -0.08  -0.11
115 -1.00  1.0  2.0000      -9.240  2.3E-08   0.00 |   3.22   0.85  -0.02   5.50 |   0.29   0.08  -0.00
112 -1.00  1.0  2.0000      -9.240  3.0E-08   0.00 |  -1.43  -0.87  -2.74   5.50 |  -0.13  -0.08  -0.25
113 -1.00  1.0  2.0000      -9.240  2.7E-08   0.00 |  -1.37   3.29   1.55   5.50 |  -0.12   0.30   0.14
110 -1.00  1.0  2.0000      -9.240  9.4E-09   0.00 |  -1.61  -1.13  -3.40   5.50 |  -0.15  -0.10  -0.31
 90  1.00  1.0  2.0000      -8.780  5.4E-11   0.00 |  -0.50  -1.00  -1.00   1.50 |   0.10   0.20   0.20
 91  1.00  1.0  2.0000      -8.780  5.4E-11   0.00 |   1.50   0.00   0.00   1.50 |  -0.30   0.00   0.00
 92  1.00  1.0  2.0000      -7.967 -1.4E-12   0.00 |  -0.50   0.50   0.50   0.50 |  -0.50   0.50   0.50
116 -1.00  1.0  0.0000      -3.651  2.5E-08   0.00 |  -0.00  -1.51  -2.67   4.50 |   0.00   0.14   0.24
117 -1.00  1.0  0.0000      -3.651  2.3E-08   0.00 |  -0.57   0.93   2.51   4.50 |   0.05  -0.08  -0.23
118 -1.00  1.0  0.0000      -3.651  2.3E-08   0.00 |  -1.00   1.54  -0.39   4.50 |   0.09  -0.14   0.04
120 -1.00  1.0  0.0000      -3.651  2.2E-08   0.00 |   2.19  -0.98   2.27   4.50 |  -0.20   0.09  -0.21
119 -1.00  1.0  0.0000      -3.650  2.9E-08   0.00 |   1.88  -2.49   0.78   4.50 |  -0.17   0.23  -0.07
 95  1.00  1.0  0.0000      -1.382  8.2E-09   0.00 |  -1.39  -3.75  -1.93   6.50 |  -0.11  -0.29  -0.15
 96 -1.00  1.0  0.0000      -1.382  3.0E-08   0.00 |  -0.06   2.44   3.62   6.50 |  -0.00   0.19   0.28
 94  1.00  1.0  0.0000      -1.382  3.1E-08   0.00 |  -0.21   2.42   2.10   6.50 |  -0.02   0.19   0.16
 93  1.00  1.0  0.0000      -1.382  6.6E-09   0.00 |  -3.62   2.24   1.22   6.50 |  -0.28   0.17   0.09
----------------------------------------------------------------------------------------------------------
------------------------ Electric Multipole Moments -------------------------
Quantisation Axis             : Z
  With secondary axis ordering: X,Y
  Calculated wrt to COM = (   0.000   0.000   0.000)
______________________________________________________________________________
                   Neutrons        Protons          Charge         Total
______________________________________________________________________________
 Particles          126.0000         82.0000         82.0001        208.0000

Re  Q_{ 2 0}         -0.0000         -0.0000         -0.0000         -0.0000
Re  Q_{ 2 2}          0.0000          0.0000          0.0000          0.0000

Re  Q_{ 4 0}         15.0101         -1.2045          0.8158         13.8056
Re  Q_{ 4 2}          0.0000          0.0000          0.0000          0.0000
Re  Q_{ 4 4}          8.9703         -0.7198          0.4876          8.2505

Re  Q_{ 6 0}        245.0224        -10.6261          6.5542        234.3963
Re  Q_{ 6 2}         -0.0000         -0.0000         -0.0000         -0.0000
Re  Q_{ 6 4}       -458.3952         19.8793        -12.2621       -438.5159
Re  Q_{ 6 6}          0.0000          0.0000          0.0000          0.0000

Re  Q_{ 8 0}      44143.5867      -2535.8968       1427.8759      41607.6898
Re  Q_{ 8 2}         -0.0000         -0.0000         -0.0000         -0.0000
Re  Q_{ 8 4}      16600.2279       -953.6251        536.9545      15646.6028
Re  Q_{ 8 6}          0.0000          0.0000          0.0000          0.0000
Re  Q_{ 8 8}      25292.4983      -1452.9641        818.1180      23839.5342

Re  Q_{10 0}     798485.1150     -19219.7974      -1901.5135     779265.3176
Re  Q_{10 2}         -0.0000         -0.0000         -0.0000         -0.0000
Re  Q_{10 4}    -804603.8418      19367.0683       1916.0762    -785236.7735
Re  Q_{10 6}         -0.0000         -0.0000         -0.0000         -0.0000
Re  Q_{10 8}    -957670.1384      23051.4139       2280.5795    -934618.7245
Re  Q_{1010}         -0.0000          0.0000          0.0000         -0.0000

 RMS radius           5.5856          5.4446          5.4958          5.5304
 Fourth mom.          5.9487          5.7664          5.8367          5.8789
______________________________________________________________________________
                   Neutrons        Protons          Charge         Total
______________________________________________________________________________

Beta_{ 2 0}      -0.00000000     -0.00000000     -0.00000000     -0.00000000
Beta_{ 2 2}       0.00000000      0.00000000      0.00000000      0.00000000

Beta_{ 4 0}       0.00011829     -0.00000949      0.00000643      0.00010879
Beta_{ 4 2}       0.00000000      0.00000000      0.00000000      0.00000000
Beta_{ 4 4}       0.00007069     -0.00000567      0.00000384      0.00006502

Beta_{ 6 0}       0.00003820     -0.00000166      0.00000102      0.00003654
Beta_{ 6 2}      -0.00000000     -0.00000000     -0.00000000     -0.00000000
Beta_{ 6 4}      -0.00007146      0.00000310     -0.00000191     -0.00006836
Beta_{ 6 6}       0.00000000      0.00000000      0.00000000      0.00000000

Beta_{ 8 0}       0.00013613     -0.00000782      0.00000440      0.00012831
Beta_{ 8 2}      -0.00000000     -0.00000000     -0.00000000     -0.00000000
Beta_{ 8 4}       0.00005119     -0.00000294      0.00000166      0.00004825
Beta_{ 8 6}       0.00000000      0.00000000      0.00000000      0.00000000
Beta_{ 8 8}       0.00007799     -0.00000448      0.00000252      0.00007351

Beta_{10 0}       0.00004871     -0.00000117     -0.00000012      0.00004754
Beta_{10 2}      -0.00000000     -0.00000000     -0.00000000     -0.00000000
Beta_{10 4}      -0.00004908      0.00000118      0.00000012     -0.00004790
Beta_{10 6}      -0.00000000     -0.00000000     -0.00000000     -0.00000000
Beta_{10 8}      -0.00005842      0.00000141      0.00000014     -0.00005701
Beta_{1010}      -0.00000000      0.00000000      0.00000000     -0.00000000


______________________________________________________________________________
                   Neutrons        Protons          Charge         Total
______________________________________________________________________________
Q_{ 2}                0.0000          0.0000          0.0000          0.0000
Q_{ 4}               19.6529          1.5770          1.0682         18.0759
Q_{ 6}              693.0283         30.0547         18.5386        662.9737
Q_{ 8}            61475.2984       3531.5412       1988.4928      57943.7572
Q_{10}          1940777.5121      46715.1223       4621.7459    1894062.3899
______________________________________________________________________________
                   Neutrons        Protons          Charge         Total
______________________________________________________________________________
Beta_{   2}       0.00000000      0.00000000      0.00000000      0.00000000
Beta_{   4}       0.00015487      0.00001243      0.00000842      0.00014245
Beta_{   6}       0.00010803      0.00000469      0.00000289      0.00010335
Beta_{   8}       0.00018957      0.00001089      0.00000613      0.00017868
Beta_{  10}       0.00011839      0.00000285      0.00000028      0.00011554
______________________________________________________________________________
 Cart. Moments X              Y              Z
 Cart. N        0.0000021      0.0000021     -0.0000042
 Cart. P        0.0000022      0.0000022     -0.0000044
 Cart. T        0.0000043      0.0000043     -0.0000087
 (Q, gamma)    Q              Gamma
 (Q,g) N        0.0000042    179.9498082
 (Q,g) P        0.0000044    179.9663341
 (Q,g) T        0.0000087    179.9582389
 (iq1, iq2)    iq1            iq2
 iq    N       -0.0000042      0.0000000
 iq    P       -0.0000044      0.0000000
 iq    T       -0.0000087      0.0000000
               X^2            Y^2            Z^2
 X^2_i N     1310.3466183   1310.3466183   1310.3466161
 X^2_i P      810.2510237    810.2510237    810.2510215
 X^2_i T     2120.5976420   2120.5976420   2120.5976376
----------------------------------------------------------------------------
----------------------- Box Size Check -------------------------
 Xmax = (nx+0.5)dx = 12.250 fm,  max(rho(X=Xmax)) =    1.088E-05
 Ymax = (ny+0.5)dx = 12.250 fm,  max(rho(Y=Ymax)) =    1.088E-05
 Zmax = (nz+0.5)dx = 12.250 fm,  max(rho(Z=Zmax)) =    1.088E-05
---------------------Rotational properties--------------------
                Rigid rotor          (hbar^2/MeV)
              n              p              t 
 I_R X      63.1933367     39.0755126    102.2688493
 I_R Y      63.1933367     39.0755126    102.2688493
 I_R Z      63.1933368     39.0755126    102.2688494

                Belyaev                 (hbar^2/MeV) 
              n              p              t 
 I_B X       0.0000003      0.0000000      0.0000004
 I_B Y       0.0000003      0.0000000      0.0000003
 I_B Z       0.0000003      0.0000000      0.0000004

                Belyaev (collective)    (hbar^2/MeV) 
              n              p              t 
 I_B X       0.0000000      0.0000000      0.0000000
 I_B Y       0.0000000      0.0000000      0.0000000
 I_B Z       0.0000000      0.0000000      0.0000000

                 <J^2> - <J>^2          (hbar^2)
              n              p              t 
 J2_X        0.0000012      0.0000001      0.0000013
 J2_Y        0.0000010      0.0000001      0.0000011
 J2_Z        0.0000013      0.0000001      0.0000014
 J2_t        0.0000035      0.0000003      0.0000038

                 <J^2> - <J>^2 (coll.)  (hbar^2)
              n              p              t 
 J2_X        0.0000000      0.0000000      0.0000000
 J2_Y        0.0000000      0.0000000      0.0000000
 J2_Z        0.0000000      0.0000000      0.0000000
 J2_t        0.0000000      0.0000000      0.0000000
------------------------- Angular Momentum (hbar) --------------------------

               Spwfs(*)    Desired     Omega       E (MeV)      Densit. 
  __________________________________________________________________________
   J_x   |     0.00000     0.00000     0.00000     0.00000     0.00000
   J_y   |     0.00000     0.00000     0.00000     0.00000     0.00000
   J_z   |     0.00000     0.00000     0.00000     0.00000     0.00000
  __________________________________________________________________________
   Size  |     0.00000     0.00000     0.00000                 0.00000
  --------------------------------------------------------------------------
--------------------------------------------------------------------------------
 Skyrme Energy                Isospin  1 2 3 4                   Energy [MeV]
--------------------------------------------------------------------------------
E_D_I_I_D_I_I                          0 0                     -17357.612657
E_D_I_I_D_I_I                          1 1                        418.239697
E_D_I_I_D_I_I_D_I_I                    0 0 0                     9922.715364
E_D_I_I_D_I_I_D_I_I                    0 1 1                     -277.716709
E_D_I_I_D_Nm_Nm                        0 0                        761.149773
E_D_I_I_D_Nm_Nm                        1 1                        -26.082279
E_D_I_I_Lap_D_I_I                      0 0                        271.311426
E_D_I_I_Lap_D_I_I                      1 1                         -0.095464
E_C_I_NmSk_C_I_NmSk                    0 0                         -0.000000
E_C_I_NmSk_C_I_NmSk                    1 1                         -0.000000
E_D_I_I_D_I_I_D_Nm_Nm                  0 0 0                        0.000000
E_D_I_I_D_I_I_D_Nm_Nm                  0 1 1                       -0.000000
E_D_I_I_D_I_I_D_Nm_Nm                  0 0 0                        0.000000
E_D_I_I_D_I_I_D_Nm_Nm                  0 1 1                        0.000000
E_D_I_I_Derm_D_I_I_Derm_D_I_I          0 0 0                        0.000000
E_D_I_I_Derm_D_I_I_Derm_D_I_I          0 1 1                       -0.000000
E_D_I_I_Derm_D_I_I_Derm_D_I_I          0 0 0                       -0.000000
E_D_I_I_Derm_D_I_I_Derm_D_I_I          0 1 1                       -0.000000
E_D_I_I_Derm_D_I_I_D_I_I_Derm_D_I_I    0 0 0 0                      0.000000
E_D_I_I_Derm_D_I_I_D_I_I_Derm_D_I_I    0 0 1 1                     -0.000000
E_D_I_I_Derm_C_I_NxmSxm                0 0                        -93.040236
E_D_I_I_Derm_C_I_NxmSxm                1 1                         -0.822199
E_DP_I_I_DP_I_I                        n n                         -0.000000
E_DP_I_I_DP_I_I                        p p                         -0.000000
E_D_I_I_DP_I_I_DP_I_I                  0 n n                        0.000000
E_D_I_I_DP_I_I_DP_I_I                  0 p p                        0.000000
--------------------------------------------------------------------------------
                 Total Skyrme:                                  -6381.953285
--------------------------------------------------------------------------------
                    time-even:                                  -6381.953285
                    time-odd :                                      0.000000
                    bilinear :                                 -16026.951940
                    trilinear:                                      0.000000
                 quadrilinear:                                      0.000000
            density-dependent:                                   9644.998655
--------------------------------------------------------------------------------
--------------------------------------------------------------------------------
                                     neutron        proton         total
                Kinetic Energy:    2572.820629    1356.732039    3929.552668
                    COM 1-body:     -12.369330      -6.522750     -18.892080
                    COM 2-body:       8.734546       4.166154      12.900700
                            ph:       8.734546       4.166154      12.900700
                            pp:       0.000000       0.000000       0.000000

                Coulomb Direct:       0.000000     822.649812     822.649812
                  Dir. (point):       0.000000     826.077576     826.077576
                      Exchange:       0.000000       0.000000       0.000000
                  Exc. (point):       0.000000       0.000000       0.000000

               Pairing (delta):       0.000000       0.000000       0.000000
               Pairing (densi):                                     0.000000
--------------------------------------------------------------------------------
                  Total energy:                                 -1635.742185
                    from spwfs:                                 -1632.314422
                   E_fu - E_sp:                                -0.342776E+01
                      Routhian:                                 -1635.742185
                         dE   :                                 0.141820E-07
                         dR   :                                 0.141820E-07
--------------------------------------------------------------------------------
 Iteration =  191
 dt    =   0.0162      mu   =   0.7985 gradn =    0.000E+00 D2H  =    8.326E-08
 E     =  -1635.742    DE   =  0.14850E-11
 R     =  -1635.742    DR   =  0.14850E-11
 R-E   =      0.000  D(R-E) =  0.00000E+00
 dmun  =  0.0E+00      dmup=  0.0E+00
 RQ20t =      -0.0000   dQ =  2.7E-10  L =       0.0000   dL =  0.0E+00  dev =  0.0E+00
 RQ22t =       0.0000   dQ = -1.9E-11  L =       0.0000   dL =  0.0E+00  dev =  0.0E+00
 Jz    =       0.0000   dJZ=  0.0E+00 Om =       0.0000   dO =  0.0E+00  dev =  0.0E+00
--------------------------------------------------------------------------------------
 Iteration =  192
 dt    =   0.0162      mu   =   0.7985 gradn =    0.000E+00 D2H  =    8.325E-08
 E     =  -1635.742    DE   = -0.22777E-11
 R     =  -1635.742    DR   = -0.22777E-11
 R-E   =      0.000  D(R-E) =  0.00000E+00
 dmun  =  0.0E+00      dmup=  0.0E+00
 RQ20t =      -0.0000   dQ =  2.6E-10  L =       0.0000   dL =  0.0E+00  dev =  0.0E+00
 RQ22t =       0.0000   dQ = -1.8E-11  L =       0.0000   dL =  0.0E+00  dev =  0.0E+00
 Jz    =       0.0000   dJZ=  0.0E+00 Om =       0.0000   dO =  0.0E+00  dev =  0.0E+00
--------------------------------------------------------------------------------------
--------------------------------------------------------------------------------------
                              Iteration =   193

--------------------- Hartree-Fock basis-------------------------------------------------------------------
__________________________________________________________________________________________________________
   Neutron wavefunctions
  i     P   Rz   occ          E       d2h    Delta |   JxT    JyT    Jz      J   |   SxT    SyT    Sz
----------------------------------------------------------------------------------------------------------
  1  1.00  1.0  2.0000     -49.951  9.4E-11   0.00 |  -0.50   0.50   0.50   0.50 |  -0.50   0.50   0.50
 36 -1.00  1.0  2.0000     -45.112  3.9E-11   0.00 |  -1.00  -0.50  -1.00   1.50 |  -0.33  -0.17  -0.33
 35 -1.00  1.0  2.0000     -45.112  4.7E-11   0.00 |  -0.00   1.50   0.00   1.50 |   0.00   0.50  -0.00
 37 -1.00  1.0  2.0000     -44.553  2.3E-11   0.00 |   0.50  -0.50   0.50   0.50 |  -0.17   0.17  -0.17
  4  1.00  1.0  2.0000     -39.214  9.0E-11   0.00 |  -0.30   0.66  -1.30   2.50 |  -0.06   0.13  -0.26
  2  1.00  1.0  2.0000     -39.214  8.4E-11   0.00 |  -0.13   0.59   1.66   2.50 |  -0.03   0.12   0.33
  3  1.00  1.0  2.0000     -39.214  1.0E-10   0.00 |  -1.07   0.25   1.15   2.50 |  -0.21   0.05   0.23
  6  1.00  1.0  2.0000     -37.867  4.7E-11   0.00 |   0.25   0.21  -1.46   1.50 |  -0.05  -0.04   0.29
  7  1.00  1.0  2.0000     -37.867  3.7E-11   0.00 |   0.75  -1.21   0.46   1.50 |  -0.15   0.24  -0.09
  5  1.00  1.0  2.0000     -35.669 -5.3E-11   0.00 |  -0.50   0.50   0.50   0.50 |  -0.50   0.50   0.50
 39 -1.00  1.0  2.0000     -32.546  7.4E-10   0.00 |  -0.45   2.01   1.19   3.50 |  -0.06   0.29   0.17
 40 -1.00  1.0  2.0000     -32.546  1.3E-09   0.00 |  -0.75  -1.40  -1.16   3.50 |  -0.11  -0.20  -0.17
 41 -1.00  1.0  2.0000     -32.546  8.0E-10   0.00 |  -0.82  -1.31  -2.32   3.50 |  -0.12  -0.19  -0.33
 38 -1.00  1.0  2.0000     -32.546  7.6E-10   0.00 |   0.02   2.70   0.28   3.50 |   0.00   0.39   0.04
 45 -1.00  1.0  2.0000     -30.024  1.9E-09   0.00 |  -0.23  -0.79  -1.39   2.50 |   0.03   0.11   0.20
 46 -1.00  1.0  2.0000     -30.023  1.9E-09   0.00 |  -0.17   0.33   2.33   2.50 |   0.02  -0.05  -0.33
 44 -1.00  1.0  2.0000     -30.023  2.5E-11   0.00 |   1.89  -1.04   0.55   2.50 |  -0.27   0.15  -0.08
 42 -1.00  1.0  2.0000     -27.687  1.7E-11   0.00 |  -1.00  -0.50  -1.00   1.50 |  -0.33  -0.17  -0.33
 43 -1.00  1.0  2.0000     -27.687 -9.1E-12   0.00 |  -0.00   1.50   0.00   1.50 |  -0.00   0.50   0.00
 47 -1.00  1.0  2.0000     -26.587  3.0E-12   0.00 |   0.50  -0.50   0.50   0.50 |  -0.17   0.17  -0.17
  9  1.00  1.0  2.0000     -25.319  1.7E-09   0.00 |   2.16  -1.10  -0.39   4.50 |   0.24  -0.12  -0.04
 10  1.00  1.0  2.0000     -25.319  2.0E-09   0.00 |  -1.51   1.49  -1.49   4.50 |  -0.17   0.17  -0.17
 12  1.00  1.0  2.0000     -25.319  3.0E-09   0.00 |  -3.13  -1.02  -0.39   4.50 |  -0.35  -0.11  -0.04
 11  1.00  1.0  2.0000     -25.319  2.4E-09   0.00 |   0.79  -0.30   3.95   4.50 |   0.09  -0.03   0.44
  8  1.00  1.0  2.0000     -25.319  1.9E-09   0.00 |  -0.81   3.42   0.82   4.50 |  -0.09   0.38   0.09
 19  1.00  1.0  2.0000     -21.270  7.9E-09   0.00 |   1.31   1.86   0.01   3.50 |  -0.15  -0.21  -0.00
 16  1.00  1.0  2.0000     -21.270  6.1E-09   0.00 |  -1.05  -2.38  -0.01   3.50 |   0.12   0.26   0.00
 17  1.00  1.0  2.0000     -21.270  3.1E-09   0.00 |   0.48  -2.24   0.43   3.50 |  -0.05   0.25  -0.05
 18  1.00  1.0  2.0000     -21.270  3.9E-09   0.00 |   1.27   0.77  -2.43   3.50 |  -0.14  -0.09   0.27
 14  1.00  1.0  2.0000     -19.649  5.4E-09   0.00 |  -0.43  -1.11  -1.12   2.50 |  -0.09  -0.22  -0.22
 15  1.00  1.0  2.0000     -19.649  5.3E-09   0.00 |  -0.57   1.50   0.77   2.50 |  -0.11   0.30   0.15
 13  1.00  1.0  2.0000     -19.649  2.6E-10   0.00 |  -0.50   1.12   1.86   2.50 |  -0.10   0.22   0.37
 50 -1.00  1.0  2.0000     -17.686  3.2E-09   0.00 |  -1.15   2.98  -1.06   5.50 |  -0.10   0.27  -0.10
 53 -1.00  1.0  2.0000     -17.686  4.2E-09   0.00 |   2.81   0.03   1.33   5.50 |   0.26   0.00   0.12
 51 -1.00  1.0  2.0000     -17.686  4.7E-09   0.00 |  -0.70  -1.89   0.55   5.50 |  -0.06  -0.17   0.05
 48 -1.00  1.0  2.0000     -17.685  4.8E-09   0.00 |  -1.07   4.23   0.94   5.50 |  -0.10   0.38   0.09
 52 -1.00  1.0  2.0000     -17.685  4.7E-09   0.00 |  -2.34  -1.38  -0.23   5.50 |  -0.21  -0.13  -0.02
 49 -1.00  1.0  2.0000     -17.685  2.9E-09   0.00 |  -0.55  -0.97  -4.52   5.50 |  -0.05  -0.09  -0.41
 21  1.00  1.0  2.0000     -17.665  2.2E-11   0.00 |  -0.50  -1.00  -1.00   1.50 |   0.10   0.20   0.20
 22  1.00  1.0  2.0000     -17.665  1.6E-11   0.00 |   1.50   0.00   0.00   1.50 |  -0.30   0.00   0.00
 20  1.00  1.0  2.0000     -17.356 -1.5E-12   0.00 |  -0.50   0.50   0.50   0.50 |  -0.50   0.50   0.50
 59 -1.00  1.0  2.0000     -11.873  8.6E-09   0.00 |   2.27  -1.36   0.17   4.50 |  -0.21   0.12  -0.02
 58 -1.00  1.0  2.0000     -11.873  1.4E-08   0.00 |  -0.49  -2.49  -2.16   4.50 |   0.04   0.23   0.20
 62 -1.00  1.0  2.0000     -11.873  1.6E-08   0.00 |   0.13  -1.17   1.48   4.50 |  -0.01   0.11  -0.13
 61 -1.00  1.0  2.0000     -11.873  1.3E-08   0.00 |   0.45   1.82  -0.65   4.50 |  -0.04  -0.17   0.06
 60 -1.00  1.0  2.0000     -11.872  1.5E-08   0.00 |   0.14   0.70   3.65   4.50 |  -0.01  -0.06  -0.33
 55 -1.00  1.0  2.0000     -11.584  3.4E-08   0.00 |  -0.59   0.24  -1.83   3.50 |  -0.08   0.03  -0.26
 56 -1.00  1.0  2.0000     -11.584  2.9E-08   0.00 |  -2.19  -1.10  -0.02   3.50 |  -0.31  -0.16  -0.00
 57 -1.00  1.0  2.0000     -11.584  7.3E-09   0.00 |  -0.95   1.80   1.36   3.50 |  -0.14   0.26   0.19
 54 -1.00  1.0  2.0000     -11.584  5.0E-09   0.00 |   1.73   1.06  -1.52   3.50 |   0.25   0.15  -0.22
 29  1.00  1.0  2.0000      -9.758  4.2E-09   0.00 |  -1.63  -0.64  -3.89   6.50 |  -0.13  -0.05  -0.30
 28  1.00  1.0  2.0000      -9.758  7.3E-09   0.00 |   0.14   2.63   0.52   6.50 |   0.01   0.20   0.04
 24  1.00  1.0  2.0000      -9.758  9.2E-09   0.00 |   0.65  -1.50   2.47   6.50 |   0.05  -0.12   0.19
 25  1.00  1.0  2.0000      -9.758  8.4E-09   0.00 |  -1.23  -3.09   0.83   6.50 |  -0.09  -0.24   0.06
 27  1.00  1.0  2.0000      -9.758  1.3E-08   0.00 |  -0.36   5.16   1.24   6.50 |  -0.03   0.40   0.10
 23  1.00  1.0  2.0000      -9.758  1.1E-08   0.00 |   1.54  -0.17   3.26   6.50 |   0.12  -0.01   0.25
 26  1.00  1.0  2.0000      -9.758  1.4E-08   0.00 |  -2.62   1.13  -0.94   6.50 |  -0.20   0.09  -0.07
 66 -1.00  1.0  2.0000      -8.814  2.0E-06   0.00 |   1.84  -0.47   1.10   2.50 |  -0.26   0.07  -0.16
 65 -1.00  1.0  2.0000      -8.814  1.1E-06   0.00 |  -0.76  -2.03  -0.66   2.50 |   0.11   0.29   0.09
 67 -1.00  1.0  2.0000      -8.814  1.0E-06   0.00 |   0.42   0.99   1.06   2.50 |  -0.06  -0.14  -0.15
 64 -1.00  1.0  2.0000      -8.808  2.0E-06   0.00 |  -1.00  -0.50  -1.00   1.50 |  -0.33  -0.17  -0.33
 63 -1.00  1.0  2.0000      -8.808  2.0E-06   0.00 |   0.00   1.50   0.00   1.50 |  -0.00   0.50  -0.00
 68 -1.00  1.0  2.0000      -7.785 -5.4E-13   0.00 |   0.50  -0.50   0.50   0.50 |  -0.17   0.17  -0.17
 30  1.00  1.0  0.0000      -3.611  6.1E-06   0.00 |  -1.59  -1.28  -1.08   4.50 |  -0.18  -0.14  -0.12
 33  1.00  1.0  0.0000      -3.609  6.2E-06   0.00 |  -1.16  -1.76  -2.35   4.50 |  -0.13  -0.20  -0.26
 32  1.00  1.0  0.0000      -3.609  6.3E-06   0.00 |  -0.56   0.25   3.83   4.50 |  -0.06   0.02   0.43
 34 -1.00  1.0  0.0000      -3.608  4.3E-06   0.00 |  -0.48   3.93   0.85   4.50 |  -0.05   0.44   0.09
 31  1.00  1.0  0.0000      -3.608  3.9E-06   0.00 |   1.29   1.35   1.25   4.50 |   0.15   0.15   0.14
 69 -1.00  1.0  0.0000      -1.619  2.7E-08   0.00 |  -4.25  -1.98  -1.53   7.50 |  -0.28  -0.13  -0.10
 70  1.00  1.0  0.0000      -1.619  4.9E-08   0.00 |   3.08   1.94  -1.67   7.50 |   0.21   0.13  -0.11
__________________________________________________________________________________________________________
   Proton  wavefunctions
  i     P   Rz   occ          E       d2h    Delta |   JxT    JyT    Jz      J   |   SxT    SyT    Sz
----------------------------------------------------------------------------------------------------------
 71  1.00  1.0  2.0000     -40.382  1.2E-11   0.00 |  -0.50   0.50   0.50   0.50 |  -0.50   0.50   0.50
 98 -1.00  1.0  2.0000     -35.872 -3.4E-12   0.00 |  -1.00  -0.50  -1.00   1.50 |  -0.33  -0.17  -0.33
 97 -1.00  1.0  2.0000     -35.872 -1.1E-11   0.00 |  -0.00   1.50   0.00   1.50 |   0.00   0.50  -0.00
 99 -1.00  1.0  2.0000     -35.321  9.1E-12   0.00 |   0.50  -0.50   0.50   0.50 |  -0.17   0.17  -0.17
 74  1.00  1.0  2.0000     -30.219  8.7E-09   0.00 |  -0.78   0.01  -1.35   2.50 |  -0.16   0.00  -0.27
 72  1.00  1.0  2.0000     -30.219  8.5E-09   0.00 |   0.42   0.06   2.00   2.50 |   0.08   0.01   0.40
 73  1.00  1.0  2.0000     -30.219  7.2E-10   0.00 |  -1.14   1.43   0.85   2.50 |  -0.23   0.29   0.17
 75  1.00  1.0  2.0000     -28.878  1.6E-10   0.00 |  -0.25  -0.31  -1.45   1.50 |   0.05   0.06   0.29
 76  1.00  1.0  2.0000     -28.878  1.6E-10   0.00 |   1.25  -0.69   0.45   1.50 |  -0.25   0.14  -0.09
 77  1.00  1.0  2.0000     -26.157  2.7E-11   0.00 |  -0.50   0.50   0.50   0.50 |  -0.50   0.50   0.50
101 -1.00  1.0  2.0000     -23.766  6.3E-09   0.00 |   0.59  -0.72   2.24   3.50 |   0.08  -0.10   0.32
100 -1.00  1.0  2.0000     -23.766  2.2E-09   0.00 |  -0.31   0.19  -2.99   3.50 |  -0.04   0.03  -0.43
102 -1.00  1.0  2.0000     -23.766  1.2E-08   0.00 |  -2.47  -0.93  -1.06   3.50 |  -0.35  -0.13  -0.15
103 -1.00  1.0  2.0000     -23.766  5.5E-09   0.00 |   0.19   3.46  -0.19   3.50 |   0.03   0.49  -0.03
105 -1.00  1.0  2.0000     -21.269  4.2E-09   0.00 |   0.01   0.95  -1.20   2.50 |  -0.00  -0.14   0.17
104 -1.00  1.0  2.0000     -21.268  2.3E-09   0.00 |   0.55  -0.48   2.27   2.50 |  -0.08   0.07  -0.32
106 -1.00  1.0  2.0000     -21.268  1.9E-09   0.00 |   0.94  -1.97   0.43   2.50 |  -0.13   0.28  -0.06
108 -1.00  1.0  2.0000     -18.452  2.3E-13   0.00 |   0.37   0.50  -1.37   1.50 |   0.12   0.17  -0.46
107 -1.00  1.0  2.0000     -18.452  9.0E-12   0.00 |  -1.37   0.50   0.37   1.50 |  -0.46   0.17   0.12
109 -1.00  1.0  2.0000     -17.443  6.3E-12   0.00 |   0.50  -0.50   0.50   0.50 |  -0.17   0.17  -0.17
 78  1.00  1.0  2.0000     -16.727  8.7E-09   0.00 |   1.81   1.37   1.21   4.50 |   0.20   0.15   0.13
 81  1.00  1.0  2.0000     -16.727  2.1E-08   0.00 |  -2.39  -2.27  -0.68   4.50 |  -0.27  -0.25  -0.08
 82  1.00  1.0  2.0000     -16.727  2.0E-08   0.00 |  -2.24  -1.09  -2.08   4.50 |  -0.25  -0.12  -0.23
 79  1.00  1.0  2.0000     -16.727  5.5E-09   0.00 |  -0.04   0.33   4.10   4.50 |  -0.00   0.04   0.46
 80  1.00  1.0  2.0000     -16.727  6.3E-09   0.00 |   0.35   4.16  -0.05   4.50 |   0.04   0.46  -0.01
 86  1.00  1.0  2.0000     -12.769  1.9E-08   0.00 |   0.66   2.07   0.70   3.50 |  -0.07  -0.23  -0.08
 83  1.00  1.0  2.0000     -12.769  1.3E-08   0.00 |  -0.99  -2.57  -0.86   3.50 |   0.11   0.29   0.10
 84  1.00  1.0  2.0000     -12.769  2.0E-08   0.00 |   2.98  -0.43   0.88   3.50 |  -0.33   0.05  -0.10
 85  1.00  1.0  2.0000     -12.769  1.5E-08   0.00 |  -0.65  -1.07  -2.72   3.50 |   0.07   0.12   0.30
 87  1.00  1.0  2.0000     -10.543  1.0E-08   0.00 |  -0.46  -1.29  -0.89   2.50 |  -0.09  -0.26  -0.18
 89  1.00  1.0  2.0000     -10.543  8.5E-09   0.00 |  -0.33   2.32   0.22   2.50 |  -0.07   0.46   0.04
 88  1.00  1.0  2.0000     -10.543  2.0E-09   0.00 |  -0.71   0.47   2.18   2.50 |  -0.14   0.09   0.43
111 -1.00  1.0  2.0000      -9.240  1.3E-08   0.00 |   0.27   1.75   2.85   5.50 |   0.02   0.16   0.26
114 -1.00  1.0  2.0000      -9.240  3.2E-08   0.00 |  -2.08  -0.89  -1.24   5.50 |  -0.19  -0.08  -0.11
115 -1.00  1.0  2.0000      -9.240  2.3E-08   0.00 |   3.22   0.85  -0.02   5.50 |   0.29   0.08  -0.00
112 -1.00  1.0  2.0000      -9.240  3.0E-08   0.00 |  -1.43  -0.87  -2.74   5.50 |  -0.13  -0.08  -0.25
113 -1.00  1.0  2.0000      -9.240  2.7E-08   0.00 |  -1.37   3.29   1.55   5.50 |  -0.12   0.30   0.14
110 -1.00  1.0  2.0000      -9.240  9.4E-09   0.00 |  -1.61  -1.13  -3.40   5.50 |  -0.15  -0.10  -0.31
 90  1.00  1.0  2.0000      -8.780  4.7E-11   0.00 |  -0.50  -1.00  -1.00   1.50 |   0.10   0.20   0.20
 91  1.00  1.0  2.0000      -8.780  4.6E-11   0.00 |   1.50   0.00   0.00   1.50 |  -0.30   0.00   0.00
 92  1.00  1.0  2.0000      -7.967 -1.5E-12   0.00 |  -0.50   0.50   0.50   0.50 |  -0.50   0.50   0.50
116 -1.00  1.0  0.0000      -3.651  2.5E-08   0.00 |  -0.00  -1.51  -2.67   4.50 |   0.00   0.14   0.24
117 -1.00  1.0  0.0000      -3.651  2.3E-08   0.00 |  -0.57   0.93   2.51   4.50 |   0.05  -0.08  -0.23
118 -1.00  1.0  0.0000      -3.651  2.3E-08   0.00 |  -1.00   1.54  -0.39   4.50 |   0.09  -0.14   0.04
120 -1.00  1.0  0.0000      -3.651  2.2E-08   0.00 |   2.19  -0.98   2.27   4.50 |  -0.20   0.09  -0.21
119 -1.00  1.0  0.0000      -3.650  2.9E-08   0.00 |   1.88  -2.49   0.78   4.50 |  -0.17   0.23  -0.07
 95  1.00  1.0  0.0000      -1.382  8.2E-09   0.00 |  -1.39  -3.75  -1.93   6.50 |  -0.11  -0.29  -0.15
 96 -1.00  1.0  0.0000      -1.382  3.0E-08   0.00 |  -0.06   2.44   3.62   6.50 |  -0.00   0.19   0.28
 94  1.00  1.0  0.0000      -1.382  3.1E-08   0.00 |  -0.21   2.42   2.10   6.50 |  -0.02   0.19   0.16
 93  1.00  1.0  0.0000      -1.382  6.6E-09   0.00 |  -3.62   2.24   1.22   6.50 |  -0.28   0.17   0.09
----------------------------------------------------------------------------------------------------------
------------------------ Electric Multipole Moments -------------------------
Quantisation Axis             : Z
  With secondary axis ordering: X,Y
  Calculated wrt to COM = (   0.000   0.000   0.000)
______________________________________________________________________________
                   Neutrons        Protons          Charge         Total
______________________________________________________________________________
 Particles          126.0000         82.0000         82.0001        208.0000

Re  Q_{ 2 0}         -0.0000         -0.0000         -0.0000         -0.0000
Re  Q_{ 2 2}          0.0000          0.0000          0.0000          0.0000

Re  Q_{ 4 0}         15.0101         -1.2045          0.8158         13.8056
Re  Q_{ 4 2}          0.0000          0.0000          0.0000          0.0000
Re  Q_{ 4 4}          8.9703         -0.7198          0.4876          8.2505

Re  Q_{ 6 0}        245.0224        -10.6261          6.5542        234.3964
Re  Q_{ 6 2}         -0.0000         -0.0000         -0.0000         -0.0000
Re  Q_{ 6 4}       -458.3952         19.8792        -12.2622       -438.5160
Re  Q_{ 6 6}          0.0000          0.0000          0.0000          0.0000

Re  Q_{ 8 0}      44143.5964      -2535.8906       1427.8819      41607.7058
Re  Q_{ 8 2}         -0.0000         -0.0000         -0.0000         -0.0000
Re  Q_{ 8 4}      16600.2316       -953.6227        536.9568      15646.6088
Re  Q_{ 8 6}          0.0000          0.0000          0.0000          0.0000
Re  Q_{ 8 8}      25292.5039      -1452.9605        818.1215      23839.5434

Re  Q_{10 0}     798485.1532     -19219.7991      -1901.5202     779265.3541
Re  Q_{10 2}         -0.0000         -0.0000         -0.0000         -0.0000
Re  Q_{10 4}    -804603.8804      19367.0700       1916.0829    -785236.8103
Re  Q_{10 6}         -0.0000         -0.0000         -0.0000         -0.0000
Re  Q_{10 8}    -957670.1842      23051.4159       2280.5875    -934618.7683
Re  Q_{1010}         -0.0000          0.0000          0.0000         -0.0000

 RMS radius           5.5856          5.4446          5.4958          5.5304
 Fourth mom.          5.9487          5.7664          5.8367          5.8789
______________________________________________________________________________
                   Neutrons        Protons          Charge         Total
______________________________________________________________________________

Beta_{ 2 0}      -0.00000000     -0.00000000     -0.00000000     -0.00000000
Beta_{ 2 2}       0.00000000      0.00000000      0.00000000      0.00000000

Beta_{ 4 0}       0.00011829     -0.00000949      0.00000643      0.00010879
Beta_{ 4 2}       0.00000000      0.00000000      0.00000000      0.00000000
Beta_{ 4 4}       0.00007069     -0.00000567      0.00000384      0.00006502

Beta_{ 6 0}       0.00003820     -0.00000166      0.00000102      0.00003654
Beta_{ 6 2}      -0.00000000     -0.00000000     -0.00000000     -0.00000000
Beta_{ 6 4}      -0.00007146      0.00000310     -0.00000191     -0.00006836
Beta_{ 6 6}       0.00000000      0.00000000      0.00000000      0.00000000

Beta_{ 8 0}       0.00013613     -0.00000782      0.00000440      0.00012831
Beta_{ 8 2}      -0.00000000     -0.00000000     -0.00000000     -0.00000000
Beta_{ 8 4}       0.00005119     -0.00000294      0.00000166      0.00004825
Beta_{ 8 6}       0.00000000      0.00000000      0.00000000      0.00000000
Beta_{ 8 8}       0.00007799     -0.00000448      0.00000252      0.00007351

Beta_{10 0}       0.00004871     -0.00000117     -0.00000012      0.00004754
Beta_{10 2}      -0.00000000     -0.00000000     -0.00000000     -0.00000000
Beta_{10 4}      -0.00004908      0.00000118      0.00000012     -0.00004790
Beta_{10 6}      -0.00000000     -0.00000000     -0.00000000     -0.00000000
Beta_{10 8}      -0.00005842      0.00000141      0.00000014     -0.00005701
Beta_{1010}      -0.00000000      0.00000000      0.00000000     -0.00000000


______________________________________________________________________________
                   Neutrons        Protons          Charge         Total
______________________________________________________________________________
Q_{ 2}                0.0000          0.0000          0.0000          0.0000
Q_{ 4}               19.6528          1.5770          1.0682         18.0758
Q_{ 6}              693.0284         30.0546         18.5386        662.9738
Q_{ 8}            61475.3120       3531.5325       1988.5013      57943.7795
Q_{10}          1940777.6050      46715.1264       4621.7621    1894062.4786
______________________________________________________________________________
                   Neutrons        Protons          Charge         Total
______________________________________________________________________________
Beta_{   2}       0.00000000      0.00000000      0.00000000      0.00000000
Beta_{   4}       0.00015487      0.00001243      0.00000842      0.00014244
Beta_{   6}       0.00010803      0.00000469      0.00000289      0.00010335
Beta_{   8}       0.00018957      0.00001089      0.00000613      0.00017868
Beta_{  10}       0.00011839      0.00000285      0.00000028      0.00011554
______________________________________________________________________________
 Cart. Moments X              Y              Z
 Cart. N        0.0000021      0.0000021     -0.0000042
 Cart. P        0.0000022      0.0000022     -0.0000044
 Cart. T        0.0000043      0.0000043     -0.0000087
 (Q, gamma)    Q              Gamma
 (Q,g) N        0.0000042    179.9515865
 (Q,g) P        0.0000044    179.9677611
 (Q,g) T        0.0000087    179.9598382
 (iq1, iq2)    iq1            iq2
 iq    N       -0.0000042      0.0000000
 iq    P       -0.0000044      0.0000000
 iq    T       -0.0000087      0.0000000
               X^2            Y^2            Z^2
 X^2_i N     1310.3466180   1310.3466180   1310.3466159
 X^2_i P      810.2510239    810.2510239    810.2510217
 X^2_i T     2120.5976419   2120.5976419   2120.5976376
----------------------------------------------------------------------------
----------------------- Box Size Check -------------------------
 Xmax = (nx+0.5)dx = 12.250 fm,  max(rho(X=Xmax)) =    1.088E-05
 Ymax = (ny+0.5)dx = 12.250 fm,  max(rho(Y=Ymax)) =    1.088E-05
 Zmax = (nz+0.5)dx = 12.250 fm,  max(rho(Z=Zmax)) =    1.088E-05
---------------------Rotational properties--------------------
                Rigid rotor          (hbar^2/MeV)
              n              p              t 
 I_R X      63.1933367     39.0755126    102.2688493
 I_R Y      63.1933367     39.0755126    102.2688493
 I_R Z      63.1933368     39.0755126    102.2688494

                Belyaev                 (hbar^2/MeV) 
              n              p              t 
 I_B X       0.0000003      0.0000000      0.0000004
 I_B Y       0.0000003      0.0000000      0.0000003
 I_B Z       0.0000003      0.0000000      0.0000004

                Belyaev (collective)    (hbar^2/MeV) 
              n              p              t 
 I_B X       0.0000000      0.0000000      0.0000000
 I_B Y       0.0000000      0.0000000      0.0000000
 I_B Z       0.0000000      0.0000000      0.0000000

                 <J^2> - <J>^2          (hbar^2)
              n              p              t 
 J2_X        0.0000012      0.0000001      0.0000013
 J2_Y        0.0000010      0.0000001      0.0000011
 J2_Z        0.0000013      0.0000001      0.0000014
 J2_t        0.0000035      0.0000003      0.0000038

                 <J^2> - <J>^2 (coll.)  (hbar^2)
              n              p              t 
 J2_X        0.0000000      0.0000000      0.0000000
 J2_Y        0.0000000      0.0000000      0.0000000
 J2_Z        0.0000000      0.0000000      0.0000000
 J2_t        0.0000000      0.0000000      0.0000000
------------------------- Angular Momentum (hbar) --------------------------

               Spwfs(*)    Desired     Omega       E (MeV)      Densit. 
  __________________________________________________________________________
   J_x   |     0.00000     0.00000     0.00000     0.00000     0.00000
   J_y   |     0.00000     0.00000     0.00000     0.00000     0.00000
   J_z   |     0.00000     0.00000     0.00000     0.00000     0.00000
  __________________________________________________________________________
   Size  |     0.00000     0.00000     0.00000                 0.00000
  --------------------------------------------------------------------------
--------------------------------------------------------------------------------
 Skyrme Energy                Isospin  1 2 3 4                   Energy [MeV]
--------------------------------------------------------------------------------
E_D_I_I_D_I_I                          0 0                     -17357.612658
E_D_I_I_D_I_I                          1 1                        418.239698
E_D_I_I_D_I_I_D_I_I                    0 0 0                     9922.715364
E_D_I_I_D_I_I_D_I_I                    0 1 1                     -277.716710
E_D_I_I_D_Nm_Nm                        0 0                        761.149773
E_D_I_I_D_Nm_Nm                        1 1                        -26.082279
E_D_I_I_Lap_D_I_I                      0 0                        271.311426
E_D_I_I_Lap_D_I_I                      1 1                         -0.095464
E_C_I_NmSk_C_I_NmSk                    0 0                         -0.000000
E_C_I_NmSk_C_I_NmSk                    1 1                         -0.000000
E_D_I_I_D_I_I_D_Nm_Nm                  0 0 0                        0.000000
E_D_I_I_D_I_I_D_Nm_Nm                  0 1 1                       -0.000000
E_D_I_I_D_I_I_D_Nm_Nm                  0 0 0                        0.000000
E_D_I_I_D_I_I_D_Nm_Nm                  0 1 1                        0.000000
E_D_I_I_Derm_D_I_I_Derm_D_I_I          0 0 0                        0.000000
E_D_I_I_Derm_D_I_I_Derm_D_I_I          0 1 1                       -0.000000
E_D_I_I_Derm_D_I_I_Derm_D_I_I          0 0 0                       -0.000000
E_D_I_I_Derm_D_I_I_Derm_D_I_I          0 1 1                       -0.000000
E_D_I_I_Derm_D_I_I_D_I_I_Derm_D_I_I    0 0 0 0                      0.000000
E_D_I_I_Derm_D_I_I_D_I_I_Derm_D_I_I    0 0 1 1                     -0.000000
E_D_I_I_Derm_C_I_NxmSxm                0 0                        -93.040236
E_D_I_I_Derm_C_I_NxmSxm                1 1                         -0.822199
E_DP_I_I_DP_I_I                        n n                         -0.000000
E_DP_I_I_DP_I_I                        p p                         -0.000000
E_D_I_I_DP_I_I_DP_I_I                  0 n n                        0.000000
E_D_I_I_DP_I_I_DP_I_I                  0 p p                        0.000000
--------------------------------------------------------------------------------
                 Total Skyrme:                                  -6381.953285
--------------------------------------------------------------------------------
                    time-even:                                  -6381.953285
                    time-odd :                                      0.000000
                    bilinear :                                 -16026.951940
                    trilinear:                                      0.000000
                 quadrilinear:                                      0.000000
            density-dependent:                                   9644.998655
--------------------------------------------------------------------------------
--------------------------------------------------------------------------------
                                     neutron        proton         total
                Kinetic Energy:    2572.820629    1356.732039    3929.552668
                    COM 1-body:     -12.369330      -6.522750     -18.892080
                    COM 2-body:       8.734546       4.166154      12.900700
                            ph:       8.734546       4.166154      12.900700
                            pp:       0.000000       0.000000       0.000000

                Coulomb Direct:       0.000000     822.649812     822.649812
                  Dir. (point):       0.000000     826.077576     826.077576
                      Exchange:       0.000000       0.000000       0.000000
                  Exc. (point):       0.000000       0.000000       0.000000

               Pairing (delta):       0.000000       0.000000       0.000000
               Pairing (densi):                                     0.000000
--------------------------------------------------------------------------------
                  Total energy:                                 -1635.742185
                    from spwfs:                                 -1632.314422
                   E_fu - E_sp:                                -0.342776E+01
                      Routhian:                                 -1635.742185
                         dE   :                                 0.147020E-08
                         dR   :                                 0.147020E-08
--------------------------------------------------------------------------------
----------------------------------
| Convergence criteria satisfied.|
| Needed  193 iterations.        |
| dE    <  1.000E-11             | 
| dQ2   <  1.000E-05             | 
| d2H   <  1.000E-05             | 
| |spg| <  1.000E+00             | 
| dmu   <  1.000E-03             | 
| dJz   <  1.000E-03             | 
| Ending the iterative proces.   |
----------------------------------
id Timer name                                # of calls      time (s)  % total
__ ________________________________________  __________  ____________  _______
   TOTAL                                              -      185.6837  100.00%
 1 Tantalus                                           1      185.6837  100.00%
     (internal)                                       -        0.3335    0.18%
 2   HF-basis Derivatives                           194       36.8245   19.83%
 4   Spwf evolution                                 193       77.4539   41.71%
       (internal)                                     -       15.0672    8.11%
 5     Orthonormalization                           193       14.3917    7.75%
13     Sp. Hamiltonian                            23712       47.9950   25.85%
 5   Orthonormalization                               1        0.0815    0.04%
 6   Density calculations                           194        5.5715    3.00%
       (internal)                                     -        0.2343    0.13%
 7     Density: pp                                  194        0.0001    0.00%
 8     Density: ph                                  194        4.2745    2.30%
 9     Density: derivatives                         194        1.0626    0.57%
10   Field calculations                             194        4.8712    2.62%
       (internal)                                     -        3.4351    1.85%
14     Coulomb solver                               194        1.4361    0.77%
11   Energy calculations                            195       21.7313   11.70%
       (internal)                                     -        1.6757    0.90%
16     Moments of inertia                            21       16.2772    8.77%
17     Centre-of-mass correction                    195        3.7784    2.03%
18       COM one-body                               195        0.0000    0.00%
19       COM two-body                                21        3.7783    2.03%
12   Pairing solver                                 194        0.0025    0.00%
21   Multipole moments                              194        0.8754    0.47%
23   Spwf angular momentum                          214       37.8291   20.37%
24   Charge density folding                         194        0.1094    0.06%
__ ________________________________________  __________  ____________  _______
